episode,frame_id,E_obs_cm,E_prior_cm,E_obs_hat_cm,E_prior_hat_cm,e_obs_hat_norm,e_prior_hat_norm,p_obs_risk,p_prior_risk,delta_E_gt_cm,delta_E_hat_cm,selected_mode,policy_variant,policy_version,fusion_alpha,forced_streak_reset,motion_history_reset,restart_zero_velocity_prior,output_uncertain,output_quality_unverified,both_candidates_bad,local_candidate_oracle_cm,b6_oracle_source,b6_oracle_version,is_blackout,recovery_attempted,observer_source,observer_restart,observer_wall_ms,sam2_frame_wall_ms,sam2_propagated_frames_total,sam2_cached_frames_consumed,sam2_timing_scope,sam2_cache_receipt_sha256,perception_runtime_version,relocalization_attempted,relocalization_generated,relocalization_used,relocalization_raw_error_cm,relocalization_failure_reason,relocalization_cache_hit,relocalization_wall_ms,sam2_cache_hit,quality_wall_ms,transition_wall_ms,policy_wall_ms,error_b1_obs_cm,error_b2_cm,error_b3_cm,error_b4_cm,error_b5_ours_cm,error_b6_oracle_cm
cracker_box_reorient_occ60,1579908945563078571,0.44576605284124043,0.44576605284124043,0.36529159751518125,0.36529159751518125,0.013125097172476367,0.013125097172476367,0.0,0.0,0.0,0.0,MODE_4_TRUSTED_FUSION,no_observer_reseed,four_mode_relocalization_v2,0.5,0,0,0,False,0,0,0.44576605284124043,observation,b5_obs_prior_output_hindsight_v1,0,0,precomputed,0,0.0,2.249310724437237,0,1,cache_read_only_not_online_fps,32fdd06d26764df247b0164387e6061cbe61664ba5aa2aabd173919761ed38aa,cached_perception_v2,0,0,0,,,0,0.0,0,18.751944415271282,7.333802059292793,28.335057199001312,0.44576605284124043,0.44576605284124043,0.44576605284124043,0.4457660528412448,0.44576605284124043,0.44576605284124043
cracker_box_reorient_occ60,1579908945614400461,0.4631885606159375,0.4631885606159375,0.38256715229663035,0.38256715229663035,0.013745815898987821,0.013745815898987821,0.0,0.0,0.0,0.0,MODE_4_TRUSTED_FUSION,no_observer_reseed,four_mode_relocalization_v2,0.5,0,0,0,False,0,0,0.4631885606159375,policy_output,b5_obs_prior_output_hindsight_v1,0,0,precomputed,0,0.0,2.532294951379299,0,2,cache_read_only_not_online_fps,32fdd06d26764df247b0164387e6061cbe61664ba5aa2aabd173919761ed38aa,cached_perception_v2,0,0,0,,,0,0.0,0,12.80492264777422,1.1983318254351616,16.53554942458868,0.4631885606159375,0.4631885606159344,0.4631885606159375,0.4631885606159295,0.4631885606159344,0.4631885606159344
cracker_box_reorient_occ60,1579908945677830271,0.4820866239772969,0.49732353289835163,0.38416255511042835,0.420924834053606,0.013803139464880878,0.015124025263221298,0.0,0.0019588638589618022,0.015236908921054726,0.03676227894317763,MODE_4_TRUSTED_FUSION,no_observer_reseed,four_mode_relocalization_v2,0.4777221907485311,0,0,0,False,0,0,0.4820866239772969,observation,b5_obs_prior_output_hindsight_v1,0,0,precomputed,0,0.0,2.782207913696766,0,3,cache_read_only_not_online_fps,32fdd06d26764df247b0164387e6061cbe61664ba5aa2aabd173919761ed38aa,cached_perception_v2,0,0,0,,,0,0.0,0,13.11908382922411,1.4146454632282257,17.3159372061491,0.4820866239772969,0.48787367095444845,0.4820866239772969,0.48208662151169224,0.48752303192202484,0.4820866239772969
cracker_box_reorient_occ60,1579908945726924100,0.4895186218693664,0.5114011224313083,0.38435531494883163,0.3787787400491917,0.013810065415620515,0.013609696483114957,0.0,0.0,0.02188250056194191,-0.005576574899639919,MODE_4_TRUSTED_FUSION,no_observer_reseed,four_mode_relocalization_v2,0.5035604216570904,0,0,0,False,0,0,0.4895186218693664,observation,b5_obs_prior_output_hindsight_v1,0,0,precomputed,0,0.0,2.888157032430172,0,4,cache_read_only_not_online_fps,32fdd06d26764df247b0164387e6061cbe61664ba5aa2aabd173919761ed38aa,cached_perception_v2,0,0,0,,,0,0.0,0,15.530417673289776,1.1512218043208122,19.56979651004076,0.4895186218693664,0.501566265714747,0.4895186218693664,0.489518624891492,0.5014047362033429,0.4895186218693664
cracker_box_reorient_occ60,1579908945787589599,0.4575526003081273,0.5142911711656329,0.37588464250374803,0.38405292427286264,0.013505710210862979,0.013799200377844828,0.0,0.0,0.056738570857505666,0.008168281769114605,MODE_4_TRUSTED_FUSION,no_observer_reseed,four_mode_relocalization_v2,0.49476350280005543,0,0,0,False,0,0,0.4575526003081273,observation,b5_obs_prior_output_hindsight_v1,0,0,precomputed,0,0.0,2.3642871528863907,0,5,cache_read_only_not_online_fps,32fdd06d26764df247b0164387e6061cbe61664ba5aa2aabd173919761ed38aa,cached_perception_v2,0,0,0,,,0,0.0,0,12.643804773688316,0.9316261857748032,15.93971811234951,0.4575526003081273,0.4870751252416372,0.4575526003081273,0.45755258144059874,0.48670034237332715,0.4575526003081273
cracker_box_reorient_occ60,1579908945852409410,0.47287911320442694,0.4718082780561856,0.3636587320057691,0.383271000693905,0.01306642755448788,0.013771105499602131,0.0,0.0,-0.0010708351482413558,0.019612268688135925,MODE_4_TRUSTED_FUSION,no_observer_reseed,four_mode_relocalization_v2,0.48721377731757853,0,0,0,False,0,0,0.4718082780561856,prior,b5_obs_prior_output_hindsight_v1,0,0,precomputed,0,0.0,2.176152542233467,0,6,cache_read_only_not_online_fps,32fdd06d26764df247b0164387e6061cbe61664ba5aa2aabd173919761ed38aa,cached_perception_v2,0,0,0,,,0,0.0,0,13.53573426604271,0.9743897244334221,16.6862765327096,0.47287911320442694,0.47221061445747664,0.47287911320442694,0.47287909300293507,0.47193398805922515,0.4718082780561856
cracker_box_reorient_occ60,1579908945914006044,0.4751187073219209,0.457033763338091,0.37156648208389986,0.3551720037230702,0.01335055669651341,0.012761495456009492,0.0,0.0,-0.018084943983829926,-0.01639447836082969,MODE_4_TRUSTED_FUSION,no_observer_reseed,four_mode_relocalization_v2,0.5109773894559035,0,0,0,False,0,0,0.457033763338091,prior,b5_obs_prior_output_hindsight_v1,0,0,precomputed,0,0.0,2.630559727549553,0,7,cache_read_only_not_online_fps,32fdd06d26764df247b0164387e6061cbe61664ba5aa2aabd173919761ed38aa,cached_perception_v2,0,0,0,,,0,0.0,0,13.959462754428387,0.9193113073706627,17.509333789348602,0.4751187073219209,0.46597289083592897,0.4751187073219209,0.47511870001361406,0.46569693598537637,0.457033763338091
cracker_box_reorient_occ60,1579908945968735449,0.46946133015304387,0.46180467218434484,0.3564542808986644,0.35313198675169005,0.012807568271935741,0.012688196696429477,0.0,0.0,-0.007656657968699021,-0.003322294146974325,MODE_4_TRUSTED_FUSION,no_observer_reseed,four_mode_relocalization_v2,0.5022768343472759,0,0,0,False,0,0,0.46180467218434484,prior,b5_obs_prior_output_hindsight_v1,0,0,precomputed,0,0.0,2.5091124698519707,0,8,cache_read_only_not_online_fps,32fdd06d26764df247b0164387e6061cbe61664ba5aa2aabd173919761ed38aa,cached_perception_v2,0,0,0,,,0,0.0,0,13.239852152764797,1.9010966643691063,17.650061286985874,0.46946133015304387,0.464756858975285,0.46946133015304387,0.46946132983232197,0.46456121143838836,0.46180467218434484
cracker_box_reorient_occ60,1579908946026782164,0.46512164637673425,0.4641915302109174,0.3767315914043743,0.35406888921512325,0.01353614147918795,0.012721860038147,0.0,0.0,-0.0009301161658168411,-0.02266270218925104,MODE_4_TRUSTED_FUSION,no_observer_reseed,four_mode_relocalization_v2,0.5150923599373243,0,0,0,False,0,0,0.4641915302109174,policy_output,b5_obs_prior_output_hindsight_v1,0,0,precomputed,0,0.0,3.9819637313485146,0,9,cache_read_only_not_online_fps,32fdd06d26764df247b0164387e6061cbe61664ba5aa2aabd173919761ed38aa,cached_perception_v2,0,0,0,,,0,0.0,0,18.81853397935629,1.3104258105158806,24.110923521220684,0.46512164637673425,0.4641713767097595,0.46512164637673425,0.4651216500892369,0.4641106305484859,0.4641106305484859
cracker_box_reorient_occ60,1579908946086315851,0.44872337423895947,0.46400241143842186,0.3659608522757405,0.37491780073191755,0.013149143807617262,0.013470971135855494,0.0,0.0,0.015279037199462386,0.00895694845617706,MODE_4_TRUSTED_FUSION,no_observer_reseed,four_mode_relocalization_v2,0.49411407560143045,0,0,0,False,0,0,0.44872337423895947,observation,b5_obs_prior_output_hindsight_v1,0,0,precomputed,0,0.0,3.098122775554657,0,10,cache_read_only_not_online_fps,32fdd06d26764df247b0164387e6061cbe61664ba5aa2aabd173919761ed38aa,cached_perception_v2,0,0,0,,,0,0.0,0,15.548458322882652,1.1308267712593079,19.777407869696617,0.44872337423895947,0.45594520736969024,0.44872337423895947,0.4487233815822853,0.4558458124267897,0.44872337423895947
cracker_box_reorient_occ60,1579908946140737016,0.45822219820065224,0.4499250302298269,0.3708245117161189,0.3795941038271872,0.01332389735574985,0.013638992883278292,0.0,0.0,-0.008297167970825359,0.008769592111068314,MODE_4_TRUSTED_FUSION,no_observer_reseed,four_mode_relocalization_v2,0.494308553860109,0,0,0,False,0,0,0.4499250302298269,prior,b5_obs_prior_output_hindsight_v1,0,0,precomputed,0,0.0,2.8575975447893143,0,11,cache_read_only_not_online_fps,32fdd06d26764df247b0164387e6061cbe61664ba5aa2aabd173919761ed38aa,cached_perception_v2,0,0,0,,,0,0.0,0,13.712436892092228,1.3317205011844635,17.901754938066006,0.45822219820065224,0.4531749620760416,0.45822219820065224,0.4582222092577725,0.45316642439172705,0.4499250302298269
cracker_box_reorient_occ60,1579908946193199771,0.5028474498674402,0.4503626533276712,0.3661793420740246,0.37539624751421924,0.013156994247794864,0.01348816195150054,0.0,0.0,-0.05248479653976901,0.009216905440194656,MODE_4_TRUSTED_FUSION,no_observer_reseed,four_mode_relocalization_v2,0.4939487914488055,0,0,0,False,0,0,0.4503626533276712,prior,b5_obs_prior_output_hindsight_v1,0,0,precomputed,0,0.0,3.054174594581127,0,12,cache_read_only_not_online_fps,32fdd06d26764df247b0164387e6061cbe61664ba5aa2aabd173919761ed38aa,cached_perception_v2,0,0,0,,,0,0.0,0,15.447458252310753,1.3238079845905304,19.82544083148241,0.5028474498674402,0.4767314637983844,0.5028474498674402,0.5028474539727064,0.4771125456042187,0.4503626533276712
cracker_box_reorient_occ60,1579908946254676807,0.4693887331103207,0.5014464408994724,0.36456779780468584,0.3688769562099366,0.013099090711889033,0.013253920779662927,0.0,0.0,0.032057707789151735,0.004309158405250757,MODE_4_TRUSTED_FUSION,no_observer_reseed,four_mode_relocalization_v2,0.4971403620621884,0,0,0,False,0,0,0.4693887331103207,observation,b5_obs_prior_output_hindsight_v1,0,0,precomputed,0,0.0,2.543823793530464,0,13,cache_read_only_not_online_fps,32fdd06d26764df247b0164387e6061cbe61664ba5aa2aabd173919761ed38aa,cached_perception_v2,0,0,0,,,0,0.0,0,13.49848322570324,1.3775089755654335,17.419815994799137,0.4693887331103207,0.48423510633835665,0.4693887331103207,0.4693887526672209,0.48450371849330603,0.4693887331103207
cracker_box_reorient_occ60,1579908946313014841,0.4861424787293873,0.4921498524707434,0.37711711162131023,0.3523747163679518,0.013549993400074328,0.012660987618969135,0.0,0.0,0.00600737374135607,-0.024742395253358418,MODE_4_TRUSTED_FUSION,no_observer_reseed,four_mode_relocalization_v2,0.516506114095825,0,0,0,False,0,0,0.4861424787293873,observation,b5_obs_prior_output_hindsight_v1,0,0,precomputed,0,0.0,2.385762520134449,0,14,cache_read_only_not_online_fps,32fdd06d26764df247b0164387e6061cbe61664ba5aa2aabd173919761ed38aa,cached_perception_v2,0,0,0,,,0,0.0,0,14.714209362864494,1.2499336153268814,18.349905498325825,0.4861424787293873,0.48796423454330917,0.4861424787293873,0.48614246733420396,0.48815704691750506,0.4861424787293873
cracker_box_reorient_occ60,1579908946363794238,0.48128128812653753,0.49256053813819745,0.3679042637059888,0.3744757945277588,0.013218971485126461,0.013455089647149256,0.0,0.0,0.011279250011659914,0.006571530821770033,MODE_4_TRUSTED_FUSION,no_observer_reseed,four_mode_relocalization_v2,0.4956901215143307,0,0,0,False,0,0,0.48128128812653753,observation,b5_obs_prior_output_hindsight_v1,0,0,precomputed,0,0.0,2.69171129912138,0,15,cache_read_only_not_online_fps,32fdd06d26764df247b0164387e6061cbe61664ba5aa2aabd173919761ed38aa,cached_perception_v2,0,0,0,,,0,0.0,0,13.926893472671509,1.2059183791279793,17.824523150920868,0.48128128812653753,0.48670308534283435,0.48128128812653753,0.48128128255779634,0.48668500286532956,0.48128128812653753
cracker_box_reorient_occ60,1579908946427325782,0.47174813978111596,0.48547305032344373,0.37467646465605053,0.3779355128147576,0.013462299818287487,0.013579398935989018,0.0,0.0,0.013724910542327773,0.0032590481587070896,MODE_4_TRUSTED_FUSION,no_observer_reseed,four_mode_relocalization_v2,0.49789088944144,0,0,0,False,0,0,0.47174813978111596,observation,b5_obs_prior_output_hindsight_v1,0,0,precomputed,0,0.0,2.33465526252985,0,16,cache_read_only_not_online_fps,32fdd06d26764df247b0164387e6061cbe61664ba5aa2aabd173919761ed38aa,cached_perception_v2,0,0,0,,,0,0.0,0,13.584907166659832,1.195322722196579,17.11488515138626,0.47174813978111596,0.47820542436979374,0.47174813978111596,0.4717481299499779,0.47807639494924736,0.47174813978111596
cracker_box_reorient_occ60,1579908946483655067,0.4867312835407137,0.4698421581013878,0.38041288700798676,0.37798851162723573,0.013668412144176393,0.013581303207996732,0.0,0.0,-0.016889125439325914,-0.0024243753807510204,MODE_4_TRUSTED_FUSION,no_observer_reseed,four_mode_relocalization_v2,0.5015572784073884,0,0,0,False,0,0,0.4698421581013878,prior,b5_obs_prior_output_hindsight_v1,0,0,precomputed,0,0.0,1.9907616078853607,0,17,cache_read_only_not_online_fps,32fdd06d26764df247b0164387e6061cbe61664ba5aa2aabd173919761ed38aa,cached_perception_v2,0,0,0,,,0,0.0,0,13.366671279072762,1.2041330337524414,16.561565920710564,0.4867312835407137,0.4782963546929373,0.4867312835407137,0.48673126360926927,0.4781491982132639,0.4698421581013878
cracker_box_reorient_occ60,1579908946540267113,0.45021622970591224,0.4782317480753113,0.3853306073834439,0.3666473270245496,0.013845108126876239,0.01317380916495332,0.0,0.0,0.028015518369399084,-0.018683280358894272,MODE_4_TRUSTED_FUSION,no_observer_reseed,four_mode_relocalization_v2,0.512100916053528,0,0,0,False,0,0,0.45021622970591224,observation,b5_obs_prior_output_hindsight_v1,0,0,precomputed,0,0.0,1.7794547602534294,0,18,cache_read_only_not_online_fps,32fdd06d26764df247b0164387e6061cbe61664ba5aa2aabd173919761ed38aa,cached_perception_v2,0,0,0,,,0,0.0,0,13.473262079060078,1.9980035722255707,17.250720411539078,0.45021622970591224,0.4633377758402068,0.45021622970591224,0.45021623370673375,0.4636041241808853,0.45021622970591224
cracker_box_reorient_occ60,1579908946599257639,0.4767857552649951,0.4515320612061075,0.39630029968994773,0.39698927237974013,0.014239254278757123,0.01426400938827571,0.0,0.0,-0.02525369405888761,0.0006889726897923998,MODE_4_TRUSTED_FUSION,no_observer_reseed,four_mode_relocalization_v2,0.49957642842509387,0,0,0,False,0,0,0.4515320612061075,prior,b5_obs_prior_output_hindsight_v1,0,0,precomputed,0,0.0,2.5334544479846954,0,19,cache_read_only_not_online_fps,32fdd06d26764df247b0164387e6061cbe61664ba5aa2aabd173919761ed38aa,cached_perception_v2,0,0,0,,,0,0.0,0,14.655127190053463,1.9782241433858871,19.166805781424046,0.4767857552649951,0.46391540148894955,0.4767857552649951,0.4767857581693031,0.46424239139938506,0.4515320612061075
cracker_box_reorient_occ60,1579908946659075102,0.45592548886401496,0.46450410540006304,0.37193496944439225,0.413005572648769,0.013363796618937553,0.01483948251386773,0.0,0.0019588638589618022,0.008578616536048078,0.04107060320437678,MODE_4_TRUSTED_FUSION,no_observer_reseed,four_mode_relocalization_v2,0.47448842426449467,0,0,0,False,0,0,0.45592548886401496,observation,b5_obs_prior_output_hindsight_v1,0,0,precomputed,0,0.0,2.518709748983383,0,20,cache_read_only_not_online_fps,32fdd06d26764df247b0164387e6061cbe61664ba5aa2aabd173919761ed38aa,cached_perception_v2,0,0,0,,,0,0.0,0,13.063055463135242,3.3368663862347603,18.918631598353386,0.45592548886401496,0.45980422708321855,0.45592548886401496,0.45592548542973493,0.4597874656866843,0.45592548886401496
cracker_box_reorient_occ60,1579908946722850676,0.44971500957554633,0.4555057914150986,0.3889809118460596,0.39584739401646635,0.013976265265739704,0.01422298116704351,0.0,0.0,0.005790781839552284,0.006866482170406751,MODE_4_TRUSTED_FUSION,no_observer_reseed,four_mode_relocalization_v2,0.49573419441116207,0,0,0,False,0,0,0.44971500957554633,observation,b5_obs_prior_output_hindsight_v1,0,0,precomputed,0,0.0,3.89862060546875,0,21,cache_read_only_not_online_fps,32fdd06d26764df247b0164387e6061cbe61664ba5aa2aabd173919761ed38aa,cached_perception_v2,0,0,0,,,0,0.0,0,18.269948661327362,1.2638084590435028,23.432377725839615,0.44971500957554633,0.45270029103454834,0.44971500957554633,0.4497149593677129,0.4524898971354208,0.44971500957554633
cracker_box_reorient_occ60,1579908946780435864,0.48812890522405017,0.4459744684019679,0.3750431517591554,0.3715896085491835,0.013475475056625526,0.013351387641178353,0.0,0.0,-0.04215443682208225,-0.003453543209971932,MODE_4_TRUSTED_FUSION,no_observer_reseed,four_mode_relocalization_v2,0.5022524104035047,0,0,0,False,0,0,0.4459744684019679,prior,b5_obs_prior_output_hindsight_v1,0,0,precomputed,0,0.0,2.023843117058277,0,22,cache_read_only_not_online_fps,32fdd06d26764df247b0164387e6061cbe61664ba5aa2aabd173919761ed38aa,cached_perception_v2,0,0,0,,,0,0.0,0,13.68994452059269,2.078757621347904,17.79254525899887,0.48812890522405017,0.4672689698983451,0.48812890522405017,0.48812890237265777,0.467003766753059,0.4459744684019679
cracker_box_reorient_occ60,1579908946849212957,0.4797215057212782,0.48240782725151926,0.38172681227626537,0.36991119167496994,0.013715622090807624,0.013291081341444586,0.0,0.0,0.002686321530241065,-0.011815620601295429,MODE_4_TRUSTED_FUSION,no_observer_reseed,four_mode_relocalization_v2,0.5076561940578306,0,0,0,False,0,0,0.4797215057212782,observation,b5_obs_prior_output_hindsight_v1,0,0,precomputed,0,0.0,3.0859997496008873,0,23,cache_read_only_not_online_fps,32fdd06d26764df247b0164387e6061cbe61664ba5aa2aabd173919761ed38aa,cached_perception_v2,0,0,0,,,0,0.0,0,13.538440689444542,1.1947331950068474,17.819173634052277,0.4797215057212782,0.48091734383170504,0.4797215057212782,0.4797214932846591,0.4807399542533541,0.4797215057212782
cracker_box_reorient_occ60,1579908946910881610,0.4596417645681891,0.49462916163678045,0.3725200594757431,0.3582581465035407,0.013384819176172279,0.012872382002969087,0.0,0.0,0.03498739706859133,-0.014261912972202417,MODE_4_TRUSTED_FUSION,no_observer_reseed,four_mode_relocalization_v2,0.5094980866909954,0,0,0,False,0,0,0.4596417645681891,observation,b5_obs_prior_output_hindsight_v1,0,0,precomputed,0,0.0,3.25905904173851,0,24,cache_read_only_not_online_fps,32fdd06d26764df247b0164387e6061cbe61664ba5aa2aabd173919761ed38aa,cached_perception_v2,0,0,0,,,0,0.0,0,13.797247782349586,1.9756527617573738,19.03195958584547,0.4596417645681891,0.47713209963731296,0.4596417645681891,0.4596417513682298,0.47740360081966254,0.4596417645681891
cracker_box_reorient_occ60,1579908946967432925,0.46734973826399273,0.4746753190106684,0.37949798406343405,0.37408421697250416,0.013635539255414861,0.01344102008327689,0.0,0.0,0.007325580746675664,-0.0054137670909298885,MODE_4_TRUSTED_FUSION,no_observer_reseed,four_mode_relocalization_v2,0.5034991543779576,0,0,0,False,0,0,0.46734973826399273,observation,b5_obs_prior_output_hindsight_v1,0,0,precomputed,0,0.0,2.6388047263026237,0,25,cache_read_only_not_online_fps,32fdd06d26764df247b0164387e6061cbe61664ba5aa2aabd173919761ed38aa,cached_perception_v2,0,0,0,,,0,0.0,0,13.450904749333858,1.233752816915512,17.323462292551994,0.46734973826399273,0.47030089030095584,0.46734973826399273,0.46734972619442816,0.4706928887134482,0.46734973826399273
cracker_box_reorient_occ60,1579908947022238326,0.44690247324579313,0.46406793404847113,0.3844483449325781,0.37623139622319374,0.013813408026249755,0.013518169233445489,0.0,0.0,0.017165460802678,-0.008216948709384386,MODE_4_TRUSTED_FUSION,no_observer_reseed,four_mode_relocalization_v2,0.5052626885752277,0,0,0,False,0,0,0.44690247324579313,observation,b5_obs_prior_output_hindsight_v1,0,0,precomputed,0,0.0,2.546161413192749,0,26,cache_read_only_not_online_fps,32fdd06d26764df247b0164387e6061cbe61664ba5aa2aabd173919761ed38aa,cached_perception_v2,0,0,0,,,0,0.0,0,14.963331632316113,1.6873227432370186,19.19681578874588,0.44690247324579313,0.4533679274652443,0.44690247324579313,0.4469024710499799,0.45372718133598333,0.44690247324579313
cracker_box_reorient_occ60,1579908947077160225,0.46011916265630626,0.4409422523599149,0.39823616038611986,0.3970889333664615,0.014308810654875468,0.014267590253929124,0.0,0.0,-0.019176910296391347,-0.001147227019658359,MODE_4_TRUSTED_FUSION,no_observer_reseed,four_mode_relocalization_v2,0.5007035396239174,0,0,0,False,0,0,0.4409422523599149,prior,b5_obs_prior_output_hindsight_v1,0,0,precomputed,0,0.0,2.2991392761468887,0,27,cache_read_only_not_online_fps,32fdd06d26764df247b0164387e6061cbe61664ba5aa2aabd173919761ed38aa,cached_perception_v2,0,0,0,,,0,0.0,0,14.374042861163616,1.2470996007323265,17.92028173804283,0.46011916265630626,0.44960216950382814,0.46011916265630626,0.4601191621968219,0.44971983158605816,0.4409422523599149
cracker_box_reorient_occ60,1579908947132777829,0.4691561893921266,0.4475757461779719,0.3758743586513747,0.4107195266037112,0.013505340707259214,0.014757343815123386,0.0,0.0019588638589618022,-0.0215804432141547,0.0348451679523365,MODE_4_TRUSTED_FUSION,no_observer_reseed,four_mode_relocalization_v2,0.4783998065263557,0,0,0,False,0,0,0.4475757461779719,prior,b5_obs_prior_output_hindsight_v1,0,0,precomputed,0,0.0,2.0729685202240944,0,28,cache_read_only_not_online_fps,32fdd06d26764df247b0164387e6061cbe61664ba5aa2aabd173919761ed38aa,cached_perception_v2,0,0,0,,,0,0.0,0,15.917129814624786,1.333518885076046,19.323617219924927,0.4691561893921266,0.4560209167030703,0.4691561893921266,0.4691562013951543,0.45646528170883544,0.4475757461779719
cracker_box_reorient_occ60,1579908947189169914,0.4476894029193731,0.46464171965443946,0.35572501529112494,0.374426342217407,0.012781365419122784,0.013453312802614133,0.0,0.0,0.016952316735066364,0.01870132692628207,MODE_4_TRUSTED_FUSION,no_observer_reseed,four_mode_relocalization_v2,0.48753496428481136,0,0,0,False,0,0,0.4476894029193731,observation,b5_obs_prior_output_hindsight_v1,0,0,precomputed,0,0.0,2.443450503051281,0,29,cache_read_only_not_online_fps,32fdd06d26764df247b0164387e6061cbe61664ba5aa2aabd173919761ed38aa,cached_perception_v2,0,0,0,,,0,0.0,0,14.479747973382473,1.1526402086019516,18.075838685035706,0.4476894029193731,0.4554547911908903,0.4476894029193731,0.4476894176135077,0.45572925274142606,0.4476894029193731
cracker_box_reorient_occ60,1579908947243816393,0.4584119323549882,0.4568556779861439,0.38280998812714856,0.3644774689647043,0.013754541103438708,0.013095845154612875,0.0,0.0,-0.0015562543688443231,-0.018332519162444272,MODE_4_TRUSTED_FUSION,no_observer_reseed,four_mode_relocalization_v2,0.5119463175065624,0,0,0,False,0,0,0.4568556779861439,prior,b5_obs_prior_output_hindsight_v1,0,0,precomputed,0,0.0,3.029237501323223,0,30,cache_read_only_not_online_fps,32fdd06d26764df247b0164387e6061cbe61664ba5aa2aabd173919761ed38aa,cached_perception_v2,0,0,0,,,0,0.0,0,14.485282823443413,1.208852045238018,18.723372370004654,0.4584119323549882,0.4570813915683678,0.4584119323549882,0.45841194341783853,0.45707703576944636,0.4568556779861439
cracker_box_reorient_occ60,1579908947297526601,0.4742945151977145,0.45868459274102596,0.35228502831277364,0.3651366733984844,0.0126577650853893,0.01311953067683333,0.0,0.0,-0.015609922456688519,0.012851645085710739,MODE_4_TRUSTED_FUSION,no_observer_reseed,four_mode_relocalization_v2,0.4912860951502463,0,0,0,False,0,0,0.45868459274102596,prior,b5_obs_prior_output_hindsight_v1,0,0,precomputed,0,0.0,2.5540152564644814,0,31,cache_read_only_not_online_fps,32fdd06d26764df247b0164387e6061cbe61664ba5aa2aabd173919761ed38aa,cached_perception_v2,0,0,0,,,0,0.0,0,15.000216662883759,1.348688267171383,18.902920186519623,0.4742945151977145,0.46623271383995485,0.4742945151977145,0.4742945631022143,0.46622678560829195,0.45868459274102596
cracker_box_reorient_occ60,1579908947362642993,0.4712917645382912,0.47608415273460586,0.36606603477890026,0.35251744921749445,0.013152923063927036,0.012666116076707267,0.0,0.0,0.0047923881963146675,-0.013548585561405813,MODE_4_TRUSTED_FUSION,no_observer_reseed,four_mode_relocalization_v2,0.5091720068583825,0,0,0,False,0,0,0.4712917645382912,observation,b5_obs_prior_output_hindsight_v1,0,0,precomputed,0,0.0,2.6092519983649254,0,32,cache_read_only_not_online_fps,32fdd06d26764df247b0164387e6061cbe61664ba5aa2aabd173919761ed38aa,cached_perception_v2,0,0,0,,,0,0.0,0,15.396635979413986,1.341213472187519,19.34710144996643,0.4712917645382912,0.47323545356790975,0.4712917645382912,0.4712917940951804,0.47324473760157854,0.4712917645382912
cracker_box_reorient_occ60,1579908947441286897,0.47471946145436733,0.48019143406402504,0.3790849704669447,0.36357748164261977,0.013620699484600667,0.013063508191111094,0.0,0.0,0.005471972609657705,-0.015507488824324955,MODE_4_TRUSTED_FUSION,no_observer_reseed,four_mode_relocalization_v2,0.5101666790999284,0,0,0,False,0,0,0.47471946145436733,observation,b5_obs_prior_output_hindsight_v1,0,0,precomputed,0,0.0,2.6113614439964294,0,33,cache_read_only_not_online_fps,32fdd06d26764df247b0164387e6061cbe61664ba5aa2aabd173919761ed38aa,cached_perception_v2,0,0,0,,,0,0.0,0,14.54200129956007,1.204836182296276,18.358198925852776,0.47471946145436733,0.4773001558521862,0.47471946145436733,0.47471952320689537,0.4773756516969054,0.47471946145436733
cracker_box_reorient_occ60,1579908947498339267,0.46200044974408866,0.48141111855039387,0.38550245101576136,0.3875178661735606,0.013851282548592974,0.013923697353556828,0.0,0.0,0.01941066880630521,0.0020154151577992385,MODE_4_TRUSTED_FUSION,no_observer_reseed,four_mode_relocalization_v2,0.49872927898938174,0,0,0,False,0,0,0.46200044974408866,observation,b5_obs_prior_output_hindsight_v1,0,0,precomputed,0,0.0,2.229485660791397,0,34,cache_read_only_not_online_fps,32fdd06d26764df247b0164387e6061cbe61664ba5aa2aabd173919761ed38aa,cached_perception_v2,0,0,0,,,0,0.0,0,15.085483901202679,1.3078516349196434,18.62282119691372,0.46200044974408866,0.4718842271286849,0.46200044974408866,0.4620005143009022,0.4719278729167363,0.46200044974408866
cracker_box_reorient_occ60,1579908947569943217,0.4505044369190635,0.46660758132494007,0.3528567974654941,0.3773164193178339,0.012678309017252854,0.013557154618404805,0.0,0.0,0.016103144405876568,0.024459621852339797,MODE_4_TRUSTED_FUSION,no_observer_reseed,four_mode_relocalization_v2,0.4836973506217535,0,0,0,False,0,0,0.4505044369190635,observation,b5_obs_prior_output_hindsight_v1,0,0,precomputed,0,0.0,2.038167789578438,0,35,cache_read_only_not_online_fps,32fdd06d26764df247b0164387e6061cbe61664ba5aa2aabd173919761ed38aa,cached_perception_v2,0,0,0,,,0,0.0,0,15.819837339222431,1.2929029762744904,19.15090810507536,0.4505044369190635,0.4583675688975576,0.4505044369190635,0.4505045143327141,0.45811125856092694,0.4505044369190635
cracker_box_reorient_occ60,1579908947621315934,0.4876071102274909,0.4438104427791879,0.38604084986859166,0.34793329018417624,0.013870627470044812,0.012501405108331143,0.0,0.0,-0.04379666744830302,-0.038107559684415426,MODE_4_TRUSTED_FUSION,no_observer_reseed,four_mode_relocalization_v2,0.5252711317670314,0,0,0,False,0,0,0.4438104427791879,prior,b5_obs_prior_output_hindsight_v1,0,0,precomputed,0,0.0,2.436244860291481,0,36,cache_read_only_not_online_fps,32fdd06d26764df247b0164387e6061cbe61664ba5aa2aabd173919761ed38aa,cached_perception_v2,0,0,0,,,0,0.0,0,16.01577177643776,1.2880424037575722,19.740059040486813,0.4876071102274909,0.4662164602863594,0.4876071102274909,0.48760716676324917,0.46482474795976825,0.4438104427791879
cracker_box_reorient_occ60,1579908947671084114,0.4788372975867355,0.4731830597577694,0.3730881691125448,0.38382402240294733,0.01340523161992506,0.013790975827085826,0.0,0.0,-0.005654237828966069,0.010735853290402553,MODE_4_TRUSTED_FUSION,no_observer_reseed,four_mode_relocalization_v2,0.49309069068059,0,0,0,False,0,0,0.4731830597577694,prior,b5_obs_prior_output_hindsight_v1,0,0,precomputed,0,0.0,2.1103564649820328,0,37,cache_read_only_not_online_fps,32fdd06d26764df247b0164387e6061cbe61664ba5aa2aabd173919761ed38aa,cached_perception_v2,0,0,0,,,0,0.0,0,14.768335968255997,1.2659607455134392,18.14465317875147,0.4788372975867355,0.47671229852071584,0.4788372975867355,0.47883734664998356,0.4754686663068452,0.4731830597577694
cracker_box_reorient_occ60,1579908947725158295,0.4605708542089902,0.4869858237009977,0.3660671603148055,0.3929460711491974,0.013152963504956141,0.014118735285614359,0.0,0.0,0.0264149694920075,0.026878910834391867,MODE_4_TRUSTED_FUSION,no_observer_reseed,four_mode_relocalization_v2,0.4827481037877378,0,0,0,False,0,0,0.4605708542089902,observation,b5_obs_prior_output_hindsight_v1,0,0,precomputed,0,0.0,2.845335751771927,0,38,cache_read_only_not_online_fps,32fdd06d26764df247b0164387e6061cbe61664ba5aa2aabd173919761ed38aa,cached_perception_v2,0,0,0,,,0,0.0,0,15.79679362475872,1.1933613568544388,19.835490733385086,0.4605708542089902,0.4730930629787099,0.4605708542089902,0.4605709487030867,0.4721339220292909,0.4605708542089902
cracker_box_reorient_occ60,1579908947786573362,0.4882756716818759,0.46962427993586925,0.3592463939153396,0.35833620466930405,0.01290789019258675,0.01287518666920756,0.0,0.0,-0.018651391746006662,-0.000910189246035531,MODE_4_TRUSTED_FUSION,no_observer_reseed,four_mode_relocalization_v2,0.5006170083511882,0,0,0,False,0,0,0.46962427993586925,prior,b5_obs_prior_output_hindsight_v1,0,0,precomputed,0,0.0,2.9629720374941826,0,39,cache_read_only_not_online_fps,32fdd06d26764df247b0164387e6061cbe61664ba5aa2aabd173919761ed38aa,cached_perception_v2,0,0,0,,,0,0.0,0,14.909744262695312,1.265447586774826,19.13816388696432,0.4882756716818759,0.4794784860840694,0.4882756716818759,0.48827573345506387,0.4791376709426808,0.46962427993586925
cracker_box_reorient_occ60,1579908947835326432,0.47123424721498414,0.48623492765087095,0.37764059166386693,0.37165386045599264,0.01356880228172708,0.013353696242104637,0.0,0.0,0.015000680435886815,-0.005986731207874296,MODE_4_TRUSTED_FUSION,no_observer_reseed,four_mode_relocalization_v2,0.50389105315356,0,0,0,False,0,0,0.47123424721498414,observation,b5_obs_prior_output_hindsight_v1,0,0,precomputed,0,0.0,2.7982257306575775,0,40,cache_read_only_not_online_fps,32fdd06d26764df247b0164387e6061cbe61664ba5aa2aabd173919761ed38aa,cached_perception_v2,0,0,0,,,0,0.0,0,15.43396431952715,1.3630203902721405,19.595210440456867,0.47123424721498414,0.47832763235444076,0.47123424721498414,0.47123434347071347,0.4785039170990234,0.47123424721498414
cracker_box_reorient_occ60,1579908947894345964,0.479498438506375,0.4785211691179482,0.37927826456158376,0.36845083958802516,0.013627644631415595,0.013238610211044763,0.0,0.0,-0.000977269388426849,-0.010827424973558597,MODE_4_TRUSTED_FUSION,no_observer_reseed,four_mode_relocalization_v2,0.5070515921013258,0,0,0,False,0,0,0.4785211691179482,prior,b5_obs_prior_output_hindsight_v1,0,0,precomputed,0,0.0,4.238497465848923,0,41,cache_read_only_not_online_fps,32fdd06d26764df247b0164387e6061cbe61664ba5aa2aabd173919761ed38aa,cached_perception_v2,0,0,0,,,0,0.0,0,19.25687864422798,1.4096731320023537,24.905049242079258,0.479498438506375,0.4785162704668621,0.479498438506375,0.4794985425469785,0.4788322771436183,0.4785211691179482
cracker_box_reorient_occ60,1579908947954788065,0.4736898053726636,0.4796756357382023,0.3591688390276623,0.3799707231261127,0.012905103609364225,0.01365252499003643,0.0,0.0,0.005985830365538736,0.020801884098450407,MODE_4_TRUSTED_FUSION,no_observer_reseed,four_mode_relocalization_v2,0.4862990383221283,0,0,0,False,0,0,0.4736898053726636,observation,b5_obs_prior_output_hindsight_v1,0,0,precomputed,0,0.0,2.456280402839184,0,42,cache_read_only_not_online_fps,32fdd06d26764df247b0164387e6061cbe61664ba5aa2aabd173919761ed38aa,cached_perception_v2,0,0,0,,,0,0.0,0,15.242967754602432,1.341010443866253,19.04025860130787,0.4736898053726636,0.47596084382649134,0.4736898053726636,0.4736898984566746,0.47611230417803935,0.4736898053726636
cracker_box_reorient_occ60,1579908948009781348,0.4604178933333595,0.47348487774212894,0.37273392604662986,0.3652546027446439,0.013392503501636994,0.013123767933146803,0.0,0.0,0.013066984408769466,-0.007479323301985974,MODE_4_TRUSTED_FUSION,no_observer_reseed,four_mode_relocalization_v2,0.5049336652323175,0,0,0,False,0,0,0.4604178933333595,observation,b5_obs_prior_output_hindsight_v1,0,0,precomputed,0,0.0,2.69099697470665,0,43,cache_read_only_not_online_fps,32fdd06d26764df247b0164387e6061cbe61664ba5aa2aabd173919761ed38aa,cached_perception_v2,0,0,0,,,0,0.0,0,15.78808669000864,1.2751314789056778,19.754215143620968,0.4604178933333595,0.4664248838844217,0.4604178933333595,0.46041799416806795,0.4664978345212233,0.4604178933333595
cracker_box_reorient_occ60,1579908948062024859,0.49901406752752875,0.45859443500800307,0.3762966388251787,0.3718919752373375,0.013520513430510691,0.013362251817060682,0.0,0.0,-0.04041963251952568,-0.0044046635878411955,MODE_4_TRUSTED_FUSION,no_observer_reseed,four_mode_relocalization_v2,0.5028669154340544,0,0,0,False,0,0,0.45859443500800307,prior,b5_obs_prior_output_hindsight_v1,0,0,precomputed,0,0.0,2.253541722893715,0,44,cache_read_only_not_online_fps,32fdd06d26764df247b0164387e6061cbe61664ba5aa2aabd173919761ed38aa,cached_perception_v2,0,0,0,,,0,0.0,0,14.854523353278637,1.389731653034687,18.49779672920704,0.49901406752752875,0.47892878761048335,0.49901406752752875,0.4990141540419185,0.4787990407772308,0.45859443500800307
cracker_box_reorient_occ60,1579908948117484171,0.4739343745289288,0.4911247446172667,0.362040534748027,0.37292729713928696,0.013008284973611195,0.013399451415026563,0.0,0.0,0.017190370088337903,0.010886762391259963,MODE_4_TRUSTED_FUSION,no_observer_reseed,four_mode_relocalization_v2,0.4927899163835599,0,0,0,False,0,0,0.4739343745289288,observation,b5_obs_prior_output_hindsight_v1,0,0,precomputed,0,0.0,2.615751698613167,0,45,cache_read_only_not_online_fps,32fdd06d26764df247b0164387e6061cbe61664ba5aa2aabd173919761ed38aa,cached_perception_v2,0,0,0,,,0,0.0,0,15.07408358156681,1.5333034098148346,19.223138689994812,0.4739343745289288,0.48177361430348165,0.4739343745289288,0.47393451556839006,0.481488194785805,0.4739343745289288
cracker_box_reorient_occ60,1579908948192089614,0.4897775841127611,0.4847284970393608,0.35884488732068204,0.366912799657111,0.012893463873705843,0.013183347720240938,0.0,0.0,-0.005049087073400349,0.00806791233642895,MODE_4_TRUSTED_FUSION,no_observer_reseed,four_mode_relocalization_v2,0.49459079505494313,0,0,0,False,0,0,0.4847284970393608,prior,b5_obs_prior_output_hindsight_v1,0,0,precomputed,0,0.0,2.370532602071762,0,46,cache_read_only_not_online_fps,32fdd06d26764df247b0164387e6061cbe61664ba5aa2aabd173919761ed38aa,cached_perception_v2,0,0,0,,,0,0.0,0,16.540451906621456,1.277991570532322,20.18897607922554,0.4897775841127611,0.48728146162418434,0.4897775841127611,0.4897776812299985,0.4871160725874559,0.4847284970393608
cracker_box_reorient_occ60,1579908948251093542,0.4484041699542127,0.49355620315427123,0.3573467545436114,0.3738895822689076,0.01283963526551973,0.013434026767757953,0.0,0.0,0.04515203320005856,0.016542827725296194,MODE_4_TRUSTED_FUSION,no_observer_reseed,four_mode_relocalization_v2,0.4889895982697755,0,0,0,False,0,0,0.4484041699542127,observation,b5_obs_prior_output_hindsight_v1,0,0,precomputed,0,0.0,2.5492729619145393,0,47,cache_read_only_not_online_fps,32fdd06d26764df247b0164387e6061cbe61664ba5aa2aabd173919761ed38aa,cached_perception_v2,0,0,0,,,0,0.0,0,14.717832207679749,1.3585872948169708,18.62569246441126,0.4484041699542127,0.4707883543443766,0.4484041699542127,0.44840427047364306,0.47024334067663226,0.4484041699542127
cracker_box_reorient_occ60,1579908948306858197,0.4773157761874985,0.4528478944354215,0.40322643936925084,0.36206862585155325,0.01448811370213113,0.013009294300039649,0.0,0.0,-0.02446788175207698,-0.041157813517697595,MODE_4_TRUSTED_FUSION,no_observer_reseed,four_mode_relocalization_v2,0.5262053178101438,0,0,0,False,0,0,0.4528478944354215,prior,b5_obs_prior_output_hindsight_v1,0,0,precomputed,0,0.0,3.2484354451298714,0,48,cache_read_only_not_online_fps,32fdd06d26764df247b0164387e6061cbe61664ba5aa2aabd173919761ed38aa,cached_perception_v2,0,0,0,,,0,0.0,0,15.606392174959183,1.4121290296316147,20.26695664972067,0.4773157761874985,0.464091816300243,0.4773157761874985,0.4773158799623424,0.46304102868075253,0.4528478944354215
cracker_box_reorient_occ60,1579908948361466865,0.49509663312750873,0.4600309040889881,0.3813957840909369,0.3959554616011674,0.013703728093987497,0.014226864085676307,0.0,0.0,-0.03506572903852062,0.014559677510230518,MODE_4_TRUSTED_FUSION,no_observer_reseed,four_mode_relocalization_v2,0.4908699725567039,0,0,0,False,0,0,0.4600309040889881,prior,b5_obs_prior_output_hindsight_v1,0,0,precomputed,0,0.0,2.337888814508915,0,49,cache_read_only_not_online_fps,32fdd06d26764df247b0164387e6061cbe61664ba5aa2aabd173919761ed38aa,cached_perception_v2,0,0,0,,,0,0.0,0,16.087351366877556,1.3048602268099785,19.73010040819645,0.49509663312750873,0.4765824325817185,0.49509663312750873,0.4950966991237334,0.47611905380113917,0.4600309040889881
cracker_box_reorient_occ60,1579908948424457881,0.49704988665452055,0.48945259085622345,0.3733787595258326,0.39718160722628754,0.013415672668768605,0.014270920068860098,0.0,0.0,-0.007597295798297099,0.023802847700454932,MODE_4_TRUSTED_FUSION,no_observer_reseed,four_mode_relocalization_v2,0.4849455849916656,0,0,0,False,0,0,0.48945259085622345,prior,b5_obs_prior_output_hindsight_v1,0,0,precomputed,0,0.0,2.9025785624980927,0,50,cache_read_only_not_online_fps,32fdd06d26764df247b0164387e6061cbe61664ba5aa2aabd173919761ed38aa,cached_perception_v2,0,0,0,,,0,0.0,0,15.558578073978424,1.3812100514769554,19.842366687953472,0.49704988665452055,0.4920131613240892,0.49704988665452055,0.49704997541314777,0.4922975089955192,0.48945259085622345
cracker_box_reorient_occ60,1579908948483381550,0.5098859019230864,0.5099995688184157,0.3715864575205537,0.3603543205739283,0.013351274423252617,0.012947698513262261,0.0,0.0,0.00011366689532932295,-0.011232136946625393,MODE_4_TRUSTED_FUSION,no_observer_reseed,four_mode_relocalization_v2,0.5074687643454376,0,0,0,False,0,0,0.5098859019230864,policy_output,b5_obs_prior_output_hindsight_v1,0,0,precomputed,0,0.0,2.872936427593231,0,51,cache_read_only_not_online_fps,32fdd06d26764df247b0164387e6061cbe61664ba5aa2aabd173919761ed38aa,cached_perception_v2,0,0,0,,,0,0.0,0,14.628582634031773,1.294315792620182,18.795834854245186,0.5098859019230864,0.5090118935510739,0.5098859019230864,0.5098859667568942,0.5094595986163635,0.5094595986163635
cracker_box_reorient_occ60,1579908948541199774,0.48172588191074506,0.5263717619363829,0.3639028941859913,0.36370158767818406,0.013075200415301157,0.013067967378750645,0.0,0.0,0.04464588002563785,-0.0002013065078072529,MODE_4_TRUSTED_FUSION,no_observer_reseed,four_mode_relocalization_v2,0.5001346343639522,0,0,0,False,0,0,0.48172588191074506,observation,b5_obs_prior_output_hindsight_v1,0,0,precomputed,0,0.0,2.7724402025341988,0,52,cache_read_only_not_online_fps,32fdd06d26764df247b0164387e6061cbe61664ba5aa2aabd173919761ed38aa,cached_perception_v2,0,0,0,,,0,0.0,0,15.296611934900284,1.4001131057739258,19.46916524320841,0.48172588191074506,0.5037318349598622,0.48172588191074506,0.4817260467522401,0.5040020062230205,0.48172588191074506
cracker_box_reorient_occ60,1579908948608940307,0.509848317959009,0.4994525753787277,0.3846665656973514,0.4195624498535157,0.013821248799928057,0.015075074164608394,0.0,0.0019588638589618022,-0.010395742580281253,0.03489588415616429,MODE_4_TRUSTED_FUSION,no_observer_reseed,four_mode_relocalization_v2,0.47883119648921735,0,0,0,False,0,0,0.4994525753787277,prior,b5_obs_prior_output_hindsight_v1,0,0,precomputed,0,0.0,2.658308483660221,0,53,cache_read_only_not_online_fps,32fdd06d26764df247b0164387e6061cbe61664ba5aa2aabd173919761ed38aa,cached_perception_v2,0,0,0,,,0,0.0,0,14.40396811813116,1.3492368161678314,18.411513417959213,0.509848317959009,0.5005439675169105,0.509848317959009,0.5098483657491345,0.5008070127790856,0.4994525753787277
cracker_box_reorient_occ60,1579908948680796517,0.4935403752331279,0.5028691029731822,0.4062681059606715,0.3798916952889427,0.014597402198910779,0.013649685483052853,0.0016847386528725725,0.0,0.009328727740054332,-0.0263764106717288,MODE_4_TRUSTED_FUSION,no_observer_reseed,four_mode_relocalization_v2,0.5163592941689993,0,0,0,False,0,0,0.4935403752331279,observation,b5_obs_prior_output_hindsight_v1,0,0,precomputed,0,0.0,2.545521594583988,0,54,cache_read_only_not_online_fps,32fdd06d26764df247b0164387e6061cbe61664ba5aa2aabd173919761ed38aa,cached_perception_v2,0,0,0,,,0,0.0,0,14.830474741756916,1.2062238529324532,18.582220189273357,0.4935403752331279,0.4977269204097602,0.4935403752331279,0.49354044626482524,0.4981635740133397,0.4935403752331279
cracker_box_reorient_occ60,1579908948737225307,0.4997829306961389,0.4987417905312412,0.4549031937902384,0.37342818545782797,0.016344883548323585,0.013417448565517099,0.0019588638589618022,0.0,-0.0010411401648977026,-0.08147500833241045,MODE_4_TRUSTED_FUSION,no_observer_reseed,four_mode_relocalization_v2,0.5480207442076629,0,0,0,False,0,0,0.4987417905312412,policy_output,b5_obs_prior_output_hindsight_v1,0,0,precomputed,0,0.0,1.8754014745354652,0,55,cache_read_only_not_online_fps,32fdd06d26764df247b0164387e6061cbe61664ba5aa2aabd173919761ed38aa,cached_perception_v2,0,0,0,,,0,0.0,0,15.416767448186874,1.277351751923561,18.5695206746459,0.4997829306961389,0.4951162012189405,0.4997829306961389,0.49978305467698186,0.495246176352115,0.495246176352115
cracker_box_reorient_occ60,1579908948789212583,0.5267675439369907,0.49379248113976765,0.46038264699318576,0.42964519911035876,0.016541762853048717,0.015437352039768877,0.0019588638589618022,0.0019588638589618022,-0.03297506279722301,-0.030737447882827007,MODE_4_TRUSTED_FUSION,no_observer_reseed,four_mode_relocalization_v2,0.5168881908473655,0,0,0,False,0,0,0.49379248113976765,prior,b5_obs_prior_output_hindsight_v1,0,0,precomputed,0,0.0,1.871698535978794,0,56,cache_read_only_not_online_fps,32fdd06d26764df247b0164387e6061cbe61664ba5aa2aabd173919761ed38aa,cached_perception_v2,0,0,0,,,0,0.0,0,15.143458731472492,1.1716410517692566,18.186798319220543,0.5267675439369907,0.5094847607123287,0.5267675439369907,0.5267676296497827,0.5084788955660573,0.49379248113976765
cracker_box_reorient_occ60,1579908948841456148,0.5229928269181381,0.5234226873133206,0.44041734304806796,0.4691298798649145,0.015824400186783702,0.016856055002697594,0.0019588638589618022,0.0019588638589618022,0.0004298603951825575,0.028712536816846546,MODE_4_TRUSTED_FUSION,no_observer_reseed,four_mode_relocalization_v2,0.48455563304956784,0,0,0,False,0,0,0.5229928269181381,policy_output,b5_obs_prior_output_hindsight_v1,0,0,precomputed,0,0.0,2.5099627673625946,0,57,cache_read_only_not_online_fps,32fdd06d26764df247b0164387e6061cbe61664ba5aa2aabd173919761ed38aa,cached_perception_v2,0,0,0,,,0,0.0,0,15.602015890181065,1.3213139027357101,19.43329256027937,0.5229928269181381,0.5237623513241314,0.5229928269181381,0.5229928983231001,0.5228169734330412,0.5228169734330412
cracker_box_reorient_occ60,1579908948896188946,0.5508316529827438,0.5385467481292433,0.4343388864703153,0.46639022373606637,0.015605998411915704,0.016757617882449276,0.0019588638589618022,0.0019588638589618022,-0.012284904853500533,0.032051337265751045,MODE_4_TRUSTED_FUSION,no_observer_reseed,four_mode_relocalization_v2,0.48259458894562013,0,0,0,False,0,0,0.5385467481292433,prior,b5_obs_prior_output_hindsight_v1,0,0,precomputed,0,0.0,2.652726136147976,0,58,cache_read_only_not_online_fps,32fdd06d26764df247b0164387e6061cbe61664ba5aa2aabd173919761ed38aa,cached_perception_v2,0,0,0,,,0,0.0,0,18.912107683718204,1.2008165940642357,22.765650413930416,0.5508316529827438,0.5443746107450894,0.5508316529827438,0.5508317091864412,0.5441839214363287,0.5385467481292433
cracker_box_reorient_occ60,1579908948946104034,0.5216047946083575,0.5676325481304384,0.45085952384598266,0.44644336328485745,0.0161995926045603,0.016040917899507394,0.0019588638589618022,0.0019588638589618022,0.04602775352208088,-0.004416160561125204,MODE_4_TRUSTED_FUSION,no_observer_reseed,four_mode_relocalization_v2,0.5024071441522102,0,0,0,False,0,0,0.5216047946083575,observation,b5_obs_prior_output_hindsight_v1,0,0,precomputed,0,0.0,3.177178092300892,0,59,cache_read_only_not_online_fps,32fdd06d26764df247b0164387e6061cbe61664ba5aa2aabd173919761ed38aa,cached_perception_v2,0,0,0,,,0,0.0,0,13.997058384120464,1.2307791039347649,18.40501558035612,0.5216047946083575,0.5457504156263472,0.5216047946083575,0.5216048638977642,0.5461788400173282,0.5216047946083575
cracker_box_reorient_occ60,1579908949009880779,0.5372414976663074,0.5487855327714241,0.4193824601278378,0.4389341234149237,0.015068607049964532,0.015771107414802178,0.0019588638589618022,0.0019588638589618022,0.011544035105116701,0.019551663287085908,MODE_4_TRUSTED_FUSION,no_observer_reseed,four_mode_relocalization_v2,0.48886980864677365,0,0,0,False,0,0,0.5372414976663074,observation,b5_obs_prior_output_hindsight_v1,0,0,precomputed,0,0.0,2.3980308324098587,0,60,cache_read_only_not_online_fps,32fdd06d26764df247b0164387e6061cbe61664ba5aa2aabd173919761ed38aa,cached_perception_v2,0,0,0,,,0,0.0,0,14.589020982384682,1.2265611439943314,18.21361295878887,0.5372414976663074,0.5402221181443335,0.5372414976663074,0.537241613107769,0.5405980883933716,0.5372414976663074
cracker_box_reorient_occ60,1579908949065121286,0.47104408108488244,0.5369902166328152,0.3797492422231032,0.4166303575563041,0.013644567078073436,0.014969722723235664,0.0,0.0019588638589618022,0.06594613554793277,0.03688111533320093,MODE_4_TRUSTED_FUSION,no_observer_reseed,four_mode_relocalization_v2,0.47741178531214734,0,0,0,False,0,0,0.47104408108488244,observation,b5_obs_prior_output_hindsight_v1,0,0,precomputed,0,0.0,2.7616815641522408,0,61,cache_read_only_not_online_fps,32fdd06d26764df247b0164387e6061cbe61664ba5aa2aabd173919761ed38aa,cached_perception_v2,0,0,0,,,0,0.0,0,14.46548756211996,1.2446055188775063,18.471774645149708,0.47104408108488244,0.5012402489941403,0.47104408108488244,0.4710440984553685,0.49986022501127797,0.47104408108488244
cracker_box_reorient_occ60,1579908949118504938,0.46318116520048247,0.46549247406951755,0.4351285675592536,0.4071189194393748,0.015634372021103776,0.014627972323325342,0.0019588638589618022,0.0019588638589618022,0.002311308869035078,-0.028009648119878827,MODE_4_TRUSTED_FUSION,no_observer_reseed,four_mode_relocalization_v2,0.5162422323881608,0,0,0,False,0,0,0.46318116520048247,policy_output,b5_obs_prior_output_hindsight_v1,0,0,precomputed,0,0.0,3.0401116237044334,0,62,cache_read_only_not_online_fps,32fdd06d26764df247b0164387e6061cbe61664ba5aa2aabd173919761ed38aa,cached_perception_v2,0,0,0,,,0,0.0,0,16.317546367645264,1.3526277616620064,20.710285753011703,0.46318116520048247,0.4545890177139943,0.46318116520048247,0.4631814421607175,0.4530574515915901,0.4530574515915901
cracker_box_reorient_occ60,1579908949179066483,0.5363077158624172,0.4310926034171936,0.37124968829529564,0.37054510548403574,0.013339174148194887,0.013313858159744158,0.0,0.0,-0.10521511244522364,-0.0007045828112599017,MODE_4_TRUSTED_FUSION,no_observer_reseed,four_mode_relocalization_v2,0.5004624492166483,0,0,0,False,0,0,0.4310926034171936,prior,b5_obs_prior_output_hindsight_v1,0,0,precomputed,0,0.0,2.4581504985690117,0,63,cache_read_only_not_online_fps,32fdd06d26764df247b0164387e6061cbe61664ba5aa2aabd173919761ed38aa,cached_perception_v2,0,0,0,,,0,0.0,0,16.150559298694134,2.1012937650084496,20.710003562271595,0.5363077158624172,0.47504094163349564,0.5363077158624172,0.5363078230982545,0.47444455901655797,0.4310926034171936
cracker_box_reorient_occ60,1579908949235091400,0.4584433086814972,0.44644538714180987,0.41177971630927246,0.3564777776412917,0.014795436924851081,0.012808412520838038,0.0019588638589618022,0.0,-0.011997921539687317,-0.05530193866798078,MODE_4_TRUSTED_FUSION,no_observer_reseed,four_mode_relocalization_v2,0.5350786000084948,0,0,0,False,0,0,0.44644538714180987,prior,b5_obs_prior_output_hindsight_v1,0,0,precomputed,0,0.0,4.505680873990059,0,64,cache_read_only_not_online_fps,32fdd06d26764df247b0164387e6061cbe61664ba5aa2aabd173919761ed38aa,cached_perception_v2,0,0,0,,,0,0.0,0,19.04722210019827,1.458411104977131,25.01131407916546,0.4584433086814972,0.447405773730024,0.4584433086814972,0.45844352883418177,0.44698419787305,0.44644538714180987
cracker_box_reorient_occ60,1579908949291483191,0.46472912577084124,0.47497367475281393,0.39758358037076647,0.3776926567038344,0.014285363151093305,0.013570673002853738,0.0,0.0,0.01024454898197269,-0.01989092366693207,MODE_4_TRUSTED_FUSION,no_observer_reseed,four_mode_relocalization_v2,0.5125056695646409,0,0,0,False,0,0,0.46472912577084124,observation,b5_obs_prior_output_hindsight_v1,0,0,precomputed,0,0.0,2.5742286816239357,0,65,cache_read_only_not_online_fps,32fdd06d26764df247b0164387e6061cbe61664ba5aa2aabd173919761ed38aa,cached_perception_v2,0,0,0,,,0,0.0,0,15.44713694602251,1.3645440340042114,19.385909661650658,0.46472912577084124,0.4699043809617297,0.46472912577084124,0.4647296096437108,0.4691083050177159,0.46472912577084124
cracker_box_reorient_occ60,1579908949348432797,0.4325593731553638,0.5115385026646004,0.37805429308118893,0.4231282619723132,0.013583666766264033,0.015203195454220223,0.0,0.0019588638589618022,0.07897912950923663,0.04507396889112425,MODE_4_TRUSTED_FUSION,no_observer_reseed,four_mode_relocalization_v2,0.472555451516997,0,0,0,False,0,0,0.4325593731553638,observation,b5_obs_prior_output_hindsight_v1,0,0,precomputed,0,0.0,2.6293713599443436,0,66,cache_read_only_not_online_fps,32fdd06d26764df247b0164387e6061cbe61664ba5aa2aabd173919761ed38aa,cached_perception_v2,0,0,0,,,0,0.0,0,15.060584992170334,1.2739086523652077,18.963865004479885,0.4325593731553638,0.46886655411832784,0.4325593731553638,0.4325598800687504,0.4664626053072983,0.4325593731553638
cracker_box_reorient_occ60,1579908949400072033,0.4603861081960885,0.4641923748827236,0.39630674758695056,0.40466441436258666,0.01423948595469847,0.014539780813139176,0.0,0.0,0.0038062666866350847,0.008357666775636097,MODE_4_TRUSTED_FUSION,no_observer_reseed,four_mode_relocalization_v2,0.49490989016240877,0,0,0,False,0,0,0.4603861081960885,observation,b5_obs_prior_output_hindsight_v1,0,0,precomputed,0,0.0,2.503984607756138,0,67,cache_read_only_not_online_fps,32fdd06d26764df247b0164387e6061cbe61664ba5aa2aabd173919761ed38aa,cached_perception_v2,0,0,0,,,0,0.0,0,14.423566870391369,1.3007139787077904,18.228265456855297,0.4603861081960885,0.46339040609850063,0.4603861081960885,0.4603865991819409,0.46143878345190753,0.4603861081960885
cracker_box_reorient_occ60,1579908949464370824,0.47378444498705397,0.4571170540344238,0.4206825248273887,0.4115732513433419,0.015115318979908124,0.014788018542498506,0.0019588638589618022,0.0019588638589618022,-0.016667390952630146,-0.009109273484046831,MODE_4_TRUSTED_FUSION,no_observer_reseed,four_mode_relocalization_v2,0.5053442134032671,0,0,0,False,0,0,0.4571170540344238,prior,b5_obs_prior_output_hindsight_v1,0,0,precomputed,0,0.0,2.1095527336001396,0,68,cache_read_only_not_online_fps,32fdd06d26764df247b0164387e6061cbe61664ba5aa2aabd173919761ed38aa,cached_perception_v2,0,0,0,,,0,0.0,0,14.906065538525581,1.1324267834424973,18.14804505556822,0.47378444498705397,0.465359759679274,0.47378444498705397,0.4737850232551133,0.46458162248851187,0.4571170540344238
cracker_box_reorient_occ60,1579908949524543860,0.468854715622756,0.4703663898300294,0.4214648661886274,0.4348891654061204,0.015143428869262692,0.015625770190279997,0.0019588638589618022,0.0019588638589618022,0.0015116742072733835,0.013424299217492996,MODE_4_TRUSTED_FUSION,no_observer_reseed,four_mode_relocalization_v2,0.49234082417977576,0,0,0,False,0,0,0.468854715622756,observation,b5_obs_prior_output_hindsight_v1,0,0,precomputed,0,0.0,2.2404585033655167,0,69,cache_read_only_not_online_fps,32fdd06d26764df247b0164387e6061cbe61664ba5aa2aabd173919761ed38aa,cached_perception_v2,0,0,0,,,0,0.0,0,14.12672083824873,0.9808018803596497,17.347981221973896,0.468854715622756,0.46898700034240604,0.468854715622756,0.4688552014310709,0.46907608919754323,0.468854715622756
cracker_box_reorient_occ60,1579908949581327643,0.47129231775810976,0.4739638922021722,0.42337760878625513,0.43090721784866254,0.01521215460133693,0.015482696960611287,0.0019588638589618022,0.0019588638589618022,0.0026715744440624634,0.007529609062407405,MODE_4_TRUSTED_FUSION,no_observer_reseed,four_mode_relocalization_v2,0.49569384665442007,0,0,0,False,0,0,0.47129231775810976,observation,b5_obs_prior_output_hindsight_v1,0,0,precomputed,0,0.0,2.0970674231648445,0,70,cache_read_only_not_online_fps,32fdd06d26764df247b0164387e6061cbe61664ba5aa2aabd173919761ed38aa,cached_perception_v2,0,0,0,,,0,0.0,0,11.037848889827728,0.858762301504612,13.993678614497185,0.47129231775810976,0.47186092476321867,0.47129231775810976,0.4712928061076072,0.4723304762968993,0.47129231775810976
cracker_box_reorient_occ60,1579908949648651950,0.457098174258092,0.4601571896534969,0.3937901337309544,0.40437905516513106,0.014149062847158535,0.014529527724316052,0.0,0.0,0.0030590153954048738,0.010588921434176668,MODE_4_TRUSTED_FUSION,no_observer_reseed,four_mode_relocalization_v2,0.4935288925702129,0,0,0,False,0,0,0.457098174258092,observation,b5_obs_prior_output_hindsight_v1,0,0,precomputed,0,0.0,1.995856873691082,0,71,cache_read_only_not_online_fps,32fdd06d26764df247b0164387e6061cbe61664ba5aa2aabd173919761ed38aa,cached_perception_v2,0,0,0,,,0,0.0,0,10.531716048717499,0.8053556084632874,13.332928530871868,0.457098174258092,0.457346711410942,0.457098174258092,0.4570986330172348,0.4577866966615011,0.457098174258092
cracker_box_reorient_occ60,1579908949703837516,0.4653275510005832,0.4684130042838066,0.4278834375629266,0.4074704147764608,0.01537405112712246,0.014640601714437287,0.0019588638589618022,0.0019588638589618022,0.003085453283223405,-0.02041302278646584,MODE_4_TRUSTED_FUSION,no_observer_reseed,four_mode_relocalization_v2,0.5119325018123414,0,0,0,False,0,0,0.4653275510005832,observation,b5_obs_prior_output_hindsight_v1,0,0,precomputed,0,0.0,2.0124614238739014,0,72,cache_read_only_not_online_fps,32fdd06d26764df247b0164387e6061cbe61664ba5aa2aabd173919761ed38aa,cached_perception_v2,0,0,0,,,0,0.0,0,10.457176715135574,0.7885517552495003,13.258189894258976,0.4653275510005832,0.46606400304840545,0.4653275510005832,0.46532799777028483,0.46624222748565614,0.4653275510005832
cracker_box_reorient_occ60,1579908949765879700,0.4424409311602661,0.4644761442538936,0.37907528679540337,0.4019136478260359,0.013620351545773627,0.01444094449076928,0.0,0.0,0.022035213093627493,0.022838361030632526,MODE_4_TRUSTED_FUSION,no_observer_reseed,four_mode_relocalization_v2,0.48574364760642647,0,0,0,False,0,0,0.4424409311602661,observation,b5_obs_prior_output_hindsight_v1,0,0,precomputed,0,0.0,2.0365333184599876,0,73,cache_read_only_not_online_fps,32fdd06d26764df247b0164387e6061cbe61664ba5aa2aabd173919761ed38aa,cached_perception_v2,0,0,0,,,0,0.0,0,10.413479059934616,0.746862031519413,13.196874409914017,0.4424409311602661,0.4535187426080884,0.4424409311602661,0.44244140041842844,0.45319370503250744,0.4424409311602661
cracker_box_reorient_occ60,1579908949834467086,0.45575691375226207,0.4399601357503053,0.3723874331221557,0.3831143848935612,0.013380053849539237,0.013765478220978037,0.0,0.0,-0.01579677800195678,0.01072695177140548,MODE_4_TRUSTED_FUSION,no_observer_reseed,four_mode_relocalization_v2,0.49308386420108424,0,0,0,False,0,0,0.4399601357503053,prior,b5_obs_prior_output_hindsight_v1,0,0,precomputed,0,0.0,3.365587443113327,0,74,cache_read_only_not_online_fps,32fdd06d26764df247b0164387e6061cbe61664ba5aa2aabd173919761ed38aa,cached_perception_v2,0,0,0,,,0,0.0,0,20.64579539000988,0.8727507665753365,24.884133599698544,0.45575691375226207,0.4478667062062618,0.45575691375226207,0.45575727768408975,0.44756703994216374,0.4399601357503053
cracker_box_reorient_occ60,1579908949890699235,0.43856552999285486,0.44363558826443894,0.39663743737317114,0.3763144041386327,0.014251367792681097,0.01352115174649433,0.0,0.0,0.005070058271584077,-0.020323033234538435,MODE_4_TRUSTED_FUSION,no_observer_reseed,four_mode_relocalization_v2,0.5128147966689828,0,0,0,False,0,0,0.43856552999285486,observation,b5_obs_prior_output_hindsight_v1,0,0,precomputed,0,0.0,2.456335350871086,0,75,cache_read_only_not_online_fps,32fdd06d26764df247b0164387e6061cbe61664ba5aa2aabd173919761ed38aa,cached_perception_v2,0,0,0,,,0,0.0,0,11.066298000514507,0.8824644610285759,14.40509781241417,0.43856552999285486,0.4408730122623757,0.43856552999285486,0.4385659970023062,0.4407875337135304,0.43856552999285486
cracker_box_reorient_occ60,1579908949964882890,0.4709894052125945,0.43441590509453226,0.4009837773313699,0.3830185518760057,0.014407533810963533,0.013762034896038992,0.0,0.0,-0.03657350011806226,-0.01796522545536422,MODE_4_TRUSTED_FUSION,no_observer_reseed,four_mode_relocalization_v2,0.5111723715235224,0,0,0,False,0,0,0.43441590509453226,prior,b5_obs_prior_output_hindsight_v1,0,0,precomputed,0,0.0,2.18347180634737,0,76,cache_read_only_not_online_fps,32fdd06d26764df247b0164387e6061cbe61664ba5aa2aabd173919761ed38aa,cached_perception_v2,0,0,0,,,0,0.0,0,11.381609365344048,0.831829383969307,14.396910555660725,0.4709894052125945,0.4525111818470341,0.4709894052125945,0.4709898033068376,0.45216361644708464,0.43441590509453226
cracker_box_reorient_occ60,1579908950020222420,0.45073008526938163,0.464080654657709,0.41364794159674106,0.40616284351920084,0.014862563129244775,0.01459362007038028,0.0019588638589618022,0.0009108556606065724,0.013350569388327349,-0.00748509807754022,MODE_4_TRUSTED_FUSION,no_observer_reseed,four_mode_relocalization_v2,0.5044564193567167,0,0,0,False,0,0,0.45073008526938163,observation,b5_obs_prior_output_hindsight_v1,0,0,precomputed,0,0.0,2.2083381190896034,0,77,cache_read_only_not_online_fps,32fdd06d26764df247b0164387e6061cbe61664ba5aa2aabd173919761ed38aa,cached_perception_v2,0,0,0,,,0,0.0,0,10.919949039816856,1.56438909471035,14.69267625361681,0.45073008526938163,0.4565027047914559,0.45073008526938163,0.4507305429105566,0.45625743157458565,0.45073008526938163
cracker_box_reorient_occ60,1579908950084593688,0.4335854663259574,0.461608980920034,0.37482769157592294,0.4128165207645044,0.013467733471927267,0.014832689791646658,0.0,0.0019588638589618022,0.028023514594076593,0.037988829188581485,MODE_4_TRUSTED_FUSION,no_observer_reseed,four_mode_relocalization_v2,0.4764817053053004,0,0,0,False,0,0,0.4335854663259574,observation,b5_obs_prior_output_hindsight_v1,0,0,precomputed,0,0.0,2.6648854836821556,0,78,cache_read_only_not_online_fps,32fdd06d26764df247b0164387e6061cbe61664ba5aa2aabd173919761ed38aa,cached_perception_v2,0,0,0,,,0,0.0,0,11.126047000288963,0.8264975622296333,14.617430046200752,0.4335854663259574,0.44682438081654846,0.4335854663259574,0.4335859334070651,0.446085497355382,0.4335854663259574
cracker_box_reorient_occ60,1579908950143318883,0.43714313971886,0.43687686503179907,0.39915025112698443,0.39313214784031836,0.014341654360780337,0.01412542110776058,0.0,0.0,-0.00026627468706091895,-0.006018103286666077,MODE_4_TRUSTED_FUSION,no_observer_reseed,four_mode_relocalization_v2,0.5037044402872186,0,0,0,False,0,0,0.43687686503179907,policy_output,b5_obs_prior_output_hindsight_v1,0,0,precomputed,0,0.0,1.6321083530783653,0,79,cache_read_only_not_online_fps,32fdd06d26764df247b0164387e6061cbe61664ba5aa2aabd173919761ed38aa,cached_perception_v2,0,0,0,,,0,0.0,0,11.25022117048502,1.4397427439689636,14.322072267532349,0.43714313971886,0.43687921274750235,0.43714313971886,0.43714361642690935,0.4362945184529963,0.4362945184529963
cracker_box_reorient_occ60,1579908950198399820,0.44297447619640945,0.4277264517255482,0.4154988329911604,0.3727159872767248,0.014929066518790834,0.01339185895328231,0.0019588638589618022,0.0,-0.015248024470861266,-0.042782845714435636,MODE_4_TRUSTED_FUSION,no_observer_reseed,four_mode_relocalization_v2,0.5264674964140446,0,0,0,False,0,0,0.4277264517255482,prior,b5_obs_prior_output_hindsight_v1,0,0,precomputed,0,0.0,1.7050616443157196,0,80,cache_read_only_not_online_fps,32fdd06d26764df247b0164387e6061cbe61664ba5aa2aabd173919761ed38aa,cached_perception_v2,0,0,0,,,0,0.0,0,11.571577750146389,0.912955030798912,14.18959442526102,0.44297447619640945,0.4338350466672262,0.44297447619640945,0.4429749573078563,0.43316667502071426,0.4277264517255482
cracker_box_reorient_occ60,1579908950252902710,0.45397583275696063,0.43129032299917297,0.39754071154928006,0.41975588966944377,0.014283822854378282,0.015082024547257083,0.0,0.0019588638589618022,-0.02268550975778766,0.022215178120163714,MODE_4_TRUSTED_FUSION,no_observer_reseed,four_mode_relocalization_v2,0.48673398525216244,0,0,0,False,0,0,0.43129032299917297,prior,b5_obs_prior_output_hindsight_v1,0,0,precomputed,0,0.0,2.125677652657032,0,81,cache_read_only_not_online_fps,32fdd06d26764df247b0164387e6061cbe61664ba5aa2aabd173919761ed38aa,cached_perception_v2,0,0,0,,,0,0.0,0,10.951275005936623,1.4259107410907745,14.50286339968443,0.45397583275696063,0.4424769861874801,0.45397583275696063,0.45397629015229674,0.4424036272864316,0.43129032299917297
cracker_box_reorient_occ60,1579908950319750000,0.4612717209793409,0.45198418843302246,0.4059003308835277,0.4167154411028144,0.014584187869158981,0.014972779814675275,0.0,0.0019588638589618022,-0.009287532546318422,0.010815110219286661,MODE_4_TRUSTED_FUSION,no_observer_reseed,four_mode_relocalization_v2,0.4935824188326124,0,0,0,False,0,0,0.45198418843302246,prior,b5_obs_prior_output_hindsight_v1,0,0,precomputed,0,0.0,2.3955143988132477,0,82,cache_read_only_not_online_fps,32fdd06d26764df247b0164387e6061cbe61664ba5aa2aabd173919761ed38aa,cached_perception_v2,0,0,0,,,0,0.0,0,11.18381880223751,0.9338418021798134,14.513175003230572,0.4612717209793409,0.45611077472086586,0.4612717209793409,0.46127218380918616,0.4564701167779125,0.45198418843302246
cracker_box_reorient_occ60,1579908950393674439,0.4516971327815871,0.4706044114420459,0.3913528643841419,0.40111414556312724,0.014061490624775066,0.014412218002227877,0.0,0.0,0.018907278660458826,0.009761281178985337,MODE_4_TRUSTED_FUSION,no_observer_reseed,four_mode_relocalization_v2,0.4939928138253768,0,0,0,False,0,0,0.4516971327815871,observation,b5_obs_prior_output_hindsight_v1,0,0,precomputed,0,0.0,2.3227576166391373,0,83,cache_read_only_not_online_fps,32fdd06d26764df247b0164387e6061cbe61664ba5aa2aabd173919761ed38aa,cached_perception_v2,0,0,0,,,0,0.0,0,11.100626550614834,0.8476069197058678,14.270991086959839,0.4516971327815871,0.4604667876428389,0.4516971327815871,0.45169759030163736,0.4607321480163451,0.4516971327815871
cracker_box_reorient_occ60,1579908950446442855,0.4530198603980192,0.4654449553862661,0.4171516998253305,0.4026178177933409,0.014988454793690162,0.014466245645544495,0.0019588638589618022,0.0,0.012425094988246899,-0.014533882031989631,MODE_4_TRUSTED_FUSION,no_observer_reseed,four_mode_relocalization_v2,0.5086534946357681,0,0,0,False,0,0,0.4530198603980192,observation,b5_obs_prior_output_hindsight_v1,0,0,precomputed,0,0.0,2.297922968864441,0,84,cache_read_only_not_online_fps,32fdd06d26764df247b0164387e6061cbe61664ba5aa2aabd173919761ed38aa,cached_perception_v2,0,0,0,,,0,0.0,0,11.149021796882153,0.8477559313178062,14.2947006970644,0.4530198603980192,0.45892879705507716,0.4530198603980192,0.453020257955019,0.4591320069877999,0.4530198603980192
cracker_box_reorient_occ60,1579908950498704486,0.44373980197563967,0.45796294245949354,0.43094563890462445,0.4027248239649802,0.01548407744704021,0.01447009042711181,0.0019588638589618022,0.0,0.014223140483853869,-0.028220814939644234,MODE_4_TRUSTED_FUSION,no_observer_reseed,four_mode_relocalization_v2,0.5165291035400125,0,0,0,False,0,0,0.44373980197563967,observation,b5_obs_prior_output_hindsight_v1,0,0,precomputed,0,0.0,1.9767163321375847,0,85,cache_read_only_not_online_fps,32fdd06d26764df247b0164387e6061cbe61664ba5aa2aabd173919761ed38aa,cached_perception_v2,0,0,0,,,0,0.0,0,10.982856154441833,0.8899299427866936,13.849502429366112,0.44373980197563967,0.4493949941584161,0.44373980197563967,0.4437402762781644,0.44973765408872896,0.44373980197563967
cracker_box_reorient_occ60,1579908950557551890,0.46571472670185293,0.4415688739307891,0.41292171147362944,0.4261512747556879,0.014836469342800583,0.015311813710991877,0.0019588638589618022,0.0019588638589618022,-0.024145852771063847,0.013229563282058487,MODE_4_TRUSTED_FUSION,no_observer_reseed,four_mode_relocalization_v2,0.4923000935344701,0,0,0,False,0,0,0.4415688739307891,prior,b5_obs_prior_output_hindsight_v1,0,0,precomputed,0,0.0,2.16620322316885,0,86,cache_read_only_not_online_fps,32fdd06d26764df247b0164387e6061cbe61664ba5aa2aabd173919761ed38aa,cached_perception_v2,0,0,0,,,0,0.0,0,11.190338060259819,0.8830791339278221,14.239620417356491,0.46571472670185293,0.4530649638482985,0.46571472670185293,0.46571523144414123,0.45348488455531166,0.4415688739307891
cracker_box_reorient_occ60,1579908950630169777,0.4526164516662795,0.45783952394825655,0.40194470830896234,0.43023144125449164,0.014442060508382077,0.015458415992952267,0.0,0.0019588638589618022,0.005223072281977048,0.028286732945529303,MODE_4_TRUSTED_FUSION,no_observer_reseed,four_mode_relocalization_v2,0.48340323596241236,0,0,0,False,0,0,0.4526164516662795,observation,b5_obs_prior_output_hindsight_v1,0,0,precomputed,0,0.0,2.182774245738983,0,87,cache_read_only_not_online_fps,32fdd06d26764df247b0164387e6061cbe61664ba5aa2aabd173919761ed38aa,cached_perception_v2,0,0,0,,,0,0.0,0,11.392470449209213,0.8734017610549927,14.448646456003189,0.4526164516662795,0.4549108564728419,0.4526164516662795,0.45261702002774373,0.45505092513973233,0.4526164516662795
cracker_box_reorient_occ60,1579908950688480052,0.4429611374020558,0.45747624130719355,0.40482382075868745,0.4266121028537636,0.014545508359168072,0.015328371479109716,0.0,0.0019588638589618022,0.014515103905137772,0.02178828209507616,MODE_4_TRUSTED_FUSION,no_observer_reseed,four_mode_relocalization_v2,0.4872049783836737,0,0,0,False,0,0,0.4429611374020558,observation,b5_obs_prior_output_hindsight_v1,0,0,precomputed,0,0.0,1.9985958933830261,0,88,cache_read_only_not_online_fps,32fdd06d26764df247b0164387e6061cbe61664ba5aa2aabd173919761ed38aa,cached_perception_v2,0,0,0,,,0,0.0,0,11.124097742140293,1.0881712660193443,14.210864901542664,0.4429611374020558,0.44946061031146334,0.4429611374020558,0.44296164993543236,0.4492660741194519,0.4429611374020558
cracker_box_reorient_occ60,1579908950745484545,0.43420944333715145,0.4452671858753771,0.4294698416679608,0.3814173770916723,0.01543105136521998,0.013704503940557266,0.0019588638589618022,0.0,0.011057742538225668,-0.048052464576288534,MODE_4_TRUSTED_FUSION,no_observer_reseed,four_mode_relocalization_v2,0.5289163580154851,0,0,0,False,0,0,0.43420944333715145,observation,b5_obs_prior_output_hindsight_v1,0,0,precomputed,0,0.0,2.6069525629281998,0,89,cache_read_only_not_online_fps,32fdd06d26764df247b0164387e6061cbe61664ba5aa2aabd173919761ed38aa,cached_perception_v2,0,0,0,,,0,0.0,0,10.78107114881277,0.8196346461772919,14.207658357918262,0.43420944333715145,0.4394118600685201,0.43420944333715145,0.4342100381317397,0.43944434276218014,0.43420944333715145
cracker_box_reorient_occ60,1579908950815734297,0.44719145124625787,0.4297999821116603,0.3959326913525428,0.3898339028580166,0.014226045940041772,0.014006913629937896,0.0,0.0,-0.017391469134597548,-0.006098788494526164,MODE_4_TRUSTED_FUSION,no_observer_reseed,four_mode_relocalization_v2,0.5037844634776039,0,0,0,False,0,0,0.4297999821116603,prior,b5_obs_prior_output_hindsight_v1,0,0,precomputed,0,0.0,2.1952036768198013,0,90,cache_read_only_not_online_fps,32fdd06d26764df247b0164387e6061cbe61664ba5aa2aabd173919761ed38aa,cached_perception_v2,0,0,0,,,0,0.0,0,10.481350123882294,0.8186213672161102,13.495175167918205,0.44719145124625787,0.4374841732043667,0.44719145124625787,0.4471919538997256,0.43755143409734887,0.4297999821116603
cracker_box_reorient_occ60,1579908950874079837,0.454606435687356,0.4370651762517552,0.3939955389128509,0.39271152852426844,0.014156443150977348,0.014110308059901475,0.0,0.0,-0.017541259435600753,-0.001284010388582446,MODE_4_TRUSTED_FUSION,no_observer_reseed,four_mode_relocalization_v2,0.50079583434955,0,0,0,False,0,0,0.4370651762517552,prior,b5_obs_prior_output_hindsight_v1,0,0,precomputed,0,0.0,2.2420985624194145,0,91,cache_read_only_not_online_fps,32fdd06d26764df247b0164387e6061cbe61664ba5aa2aabd173919761ed38aa,cached_perception_v2,0,0,0,,,0,0.0,0,10.890047997236252,0.8109528571367264,13.943099416792393,0.454606435687356,0.44593222719999687,0.454606435687356,0.45460688300019997,0.44593998964587866,0.4370651762517552
cracker_box_reorient_occ60,1579908950928838522,0.42669454778163374,0.45580505389989967,0.4066243737810695,0.3979138876947238,0.014610203067570115,0.014297231247028747,0.0019588638589618022,0.0,0.029110506118265933,-0.008710486086345726,MODE_4_TRUSTED_FUSION,no_observer_reseed,four_mode_relocalization_v2,0.5052820387441787,0,0,0,False,0,0,0.42669454778163374,observation,b5_obs_prior_output_hindsight_v1,0,0,precomputed,0,0.0,2.1942323073744774,0,92,cache_read_only_not_online_fps,32fdd06d26764df247b0164387e6061cbe61664ba5aa2aabd173919761ed38aa,cached_perception_v2,0,0,0,,,0,0.0,0,10.465320199728012,0.7746536284685135,13.434206135571003,0.42669454778163374,0.43820001822210686,0.42669454778163374,0.4266951912949137,0.43835359561543563,0.42669454778163374
cracker_box_reorient_occ60,1579908950983328618,0.45876701318592783,0.4319247470859442,0.39913119438222155,0.40438011989180594,0.014340969643068502,0.0145295659804412,0.0,0.0,-0.026842266099983636,0.00524892550958439,MODE_4_TRUSTED_FUSION,no_observer_reseed,four_mode_relocalization_v2,0.496813082334994,0,0,0,False,0,0,0.4319247470859442,prior,b5_obs_prior_output_hindsight_v1,0,0,precomputed,0,0.0,2.178373746573925,0,93,cache_read_only_not_online_fps,32fdd06d26764df247b0164387e6061cbe61664ba5aa2aabd173919761ed38aa,cached_perception_v2,0,0,0,,,0,0.0,0,10.682184249162674,0.8078329265117645,13.668390922248363,0.45876701318592783,0.44495673706800803,0.45876701318592783,0.4587675156812436,0.4451726414766732,0.4319247470859442
cracker_box_reorient_occ60,1579908951041892990,0.44940464795948176,0.45242956383633154,0.430570592621332,0.4253594000665146,0.015470601859466136,0.01528336128472606,0.0019588638589618022,0.0019588638589618022,0.0030249158768497764,-0.00521119255481739,MODE_4_TRUSTED_FUSION,no_observer_reseed,four_mode_relocalization_v2,0.5029746627003984,0,0,0,False,0,0,0.44940464795948176,observation,b5_obs_prior_output_hindsight_v1,0,0,precomputed,0,0.0,2.0734891295433044,0,94,cache_read_only_not_online_fps,32fdd06d26764df247b0164387e6061cbe61664ba5aa2aabd173919761ed38aa,cached_perception_v2,0,0,0,,,0,0.0,0,10.287775658071041,0.7671788334846497,13.128443621098995,0.44940464795948176,0.4502371857434815,0.44940464795948176,0.4494052112670792,0.45035812193054325,0.44940464795948176
cracker_box_reorient_occ60,1579908951097963827,0.4470719254876451,0.4566537106770875,0.4114632581324513,0.4116380454847388,0.01478406643522018,0.014790346626165983,0.0019588638589618022,0.0019588638589618022,0.00958178518944236,0.00017478735228748654,MODE_4_TRUSTED_FUSION,no_observer_reseed,four_mode_relocalization_v2,0.49989634261533133,0,0,0,False,0,0,0.4470719254876451,observation,b5_obs_prior_output_hindsight_v1,0,0,precomputed,0,0.0,1.8463106825947762,0,95,cache_read_only_not_online_fps,32fdd06d26764df247b0164387e6061cbe61664ba5aa2aabd173919761ed38aa,cached_perception_v2,0,0,0,,,0,0.0,0,10.980485007166862,0.7883030921220779,13.615098781883717,0.4470719254876451,0.45160155045821154,0.4470719254876451,0.4470724729082202,0.4516343663378407,0.4470719254876451
cracker_box_reorient_occ60,1579908951150044461,0.4589024776872118,0.45298830925578815,0.3963860572301231,0.406530671825969,0.014242335587102924,0.014606836312697265,0.0,0.0019588638589618022,-0.005914168431423672,0.010144614595845924,MODE_4_TRUSTED_FUSION,no_observer_reseed,four_mode_relocalization_v2,0.49383618400401097,0,0,0,False,0,0,0.45298830925578815,prior,b5_obs_prior_output_hindsight_v1,0,0,precomputed,0,0.0,2.3330124095082283,0,96,cache_read_only_not_online_fps,32fdd06d26764df247b0164387e6061cbe61664ba5aa2aabd173919761ed38aa,cached_perception_v2,0,0,0,,,0,0.0,0,10.568924248218536,0.7766308262944221,13.678567484021187,0.4589024776872118,0.45559645130307613,0.4589024776872118,0.45890306669097464,0.45560646034607694,0.45298830925578815
cracker_box_reorient_occ60,1579908951208392768,0.4596854455225694,0.45991786266073925,0.411065898004599,0.3952975956479264,0.014769789100822108,0.014203226655684797,0.0019588638589618022,0.0,0.0002324171381698492,-0.015768302356672592,MODE_4_TRUSTED_FUSION,no_observer_reseed,four_mode_relocalization_v2,0.5095407786511579,0,0,0,False,0,0,0.4596854455225694,policy_output,b5_obs_prior_output_hindsight_v1,0,0,precomputed,0,0.0,2.144705504179001,0,97,cache_read_only_not_online_fps,32fdd06d26764df247b0164387e6061cbe61664ba5aa2aabd173919761ed38aa,cached_perception_v2,0,0,0,,,0,0.0,0,10.518502444028854,0.7962258532643318,13.459433801472187,0.4596854455225694,0.45958600426154833,0.4596854455225694,0.45968602482079746,0.4595823435476165,0.4595823435476165
cracker_box_reorient_occ60,1579908951263416314,0.4516040722441248,0.4639176931246704,0.3963118481961007,0.3887168347769027,0.014239669221959994,0.01396677685369496,0.0,0.0,0.012313620880545606,-0.0075950134191979934,MODE_4_TRUSTED_FUSION,no_observer_reseed,four_mode_relocalization_v2,0.5047172315594702,0,0,0,False,0,0,0.4516040722441248,observation,b5_obs_prior_output_hindsight_v1,0,0,precomputed,0,0.0,1.9990066066384315,0,98,cache_read_only_not_online_fps,32fdd06d26764df247b0164387e6061cbe61664ba5aa2aabd173919761ed38aa,cached_perception_v2,0,0,0,,,0,0.0,0,10.838165879249573,0.7629962638020515,13.600168749690056,0.4516040722441248,0.45708570990598674,0.4516040722441248,0.451604564120034,0.4571309900534189,0.4516040722441248
cracker_box_reorient_occ60,1579908951323307442,0.44818468987663296,0.45668942105455257,0.4278298734427874,0.407869982884425,0.015372126543347284,0.014654958382588776,0.0019588638589618022,0.0019588638589618022,0.008504731177919611,-0.019959890558362392,MODE_4_TRUSTED_FUSION,no_observer_reseed,four_mode_relocalization_v2,0.5116629040023644,0,0,0,False,0,0,0.44818468987663296,observation,b5_obs_prior_output_hindsight_v1,0,0,precomputed,0,0.0,2.1165460348129272,0,99,cache_read_only_not_online_fps,32fdd06d26764df247b0164387e6061cbe61664ba5aa2aabd173919761ed38aa,cached_perception_v2,0,0,0,,,0,0.0,0,10.599300265312195,0.7918346673250198,13.507680967450142,0.44818468987663296,0.4499835594441462,0.44818468987663296,0.44818539422157855,0.45014059740967605,0.44818468987663296
cracker_box_reorient_occ60,1579908951385852578,0.4520521520667456,0.44385537368325545,0.4112342305329563,0.42096045832168555,0.014775837366938842,0.015125305259759471,0.0019588638589618022,0.0019588638589618022,-0.008196778383490144,0.009726227788729225,MODE_4_TRUSTED_FUSION,no_observer_reseed,four_mode_relocalization_v2,0.4942934238408588,0,0,0,False,0,0,0.44385537368325545,prior,b5_obs_prior_output_hindsight_v1,0,0,precomputed,0,0.0,2.2555263713002205,0,100,cache_read_only_not_online_fps,32fdd06d26764df247b0164387e6061cbe61664ba5aa2aabd173919761ed38aa,cached_perception_v2,0,0,0,,,0,0.0,0,10.38768608123064,1.5556318685412407,14.198844321072102,0.4520521520667456,0.4478466041614544,0.4520521520667456,0.4520527586208044,0.4479964021081368,0.44385537368325545
cracker_box_reorient_occ60,1579908951442253069,0.5110917629685429,0.44624521123426114,1.190437183111494,1.1545017226811103,0.042772962237156445,0.041481784412933806,0.7946843853820601,0.7946843853820601,-0.06484655173428172,-0.03593546043038365,MODE_3_RELOCALIZE,no_observer_reseed,four_mode_relocalization_v2,,0,0,0,False,1,0,0.44624521123426114,prior,b5_obs_prior_output_hindsight_v1,0,0,precomputed,0,0.0,2.861546352505684,0,101,cache_read_only_not_online_fps,32fdd06d26764df247b0164387e6061cbe61664ba5aa2aabd173919761ed38aa,cached_perception_v2,1,1,1,0.5907693429750762,,1,29595.507377758622,0,15.160083770751953,29595.507377758622,29613.52900788188,0.5110917629685429,0.45143122321292095,0.45884712360578966,0.5110920665438328,0.5907693429750762,0.44624521123426114
cracker_box_reorient_occ60,1579908951507161706,0.45730555472117024,0.7946016513691612,1.220948939256836,1.159642677521129,0.04386926384123009,0.041666501313879646,0.7946843853820601,0.7946843853820601,0.33729609664799093,-0.06130626173570697,MODE_3_RELOCALIZE,no_observer_reseed,four_mode_relocalization_v2,,0,0,0,False,1,0,0.45730555472117024,observation,b5_obs_prior_output_hindsight_v1,0,0,precomputed,0,0.0,3.206857480108738,0,102,cache_read_only_not_online_fps,32fdd06d26764df247b0164387e6061cbe61664ba5aa2aabd173919761ed38aa,cached_perception_v2,1,1,1,0.5622621685779258,,1,2313.02632112056,0,12.282490730285645,2313.02632112056,2328.5156693309546,0.45730555472117024,0.46855171310209026,0.4680015112783989,0.45730627115280165,0.5622621685779258,0.45730555472117024
cracker_box_reorient_occ60,1579908951563255287,0.44788291404145264,0.5373503051362671,1.1913046587179543,1.1616946756245017,0.04280413103957893,0.04174023056111037,0.7946843853820601,0.7946843853820601,0.0894673910948145,-0.02960998309345264,MODE_3_RELOCALIZE,no_observer_reseed,four_mode_relocalization_v2,,0,0,0,False,1,0,0.44788291404145264,observation,b5_obs_prior_output_hindsight_v1,0,0,precomputed,0,0.0,2.2697150707244873,0,103,cache_read_only_not_online_fps,32fdd06d26764df247b0164387e6061cbe61664ba5aa2aabd173919761ed38aa,cached_perception_v2,1,1,1,0.47388920558053715,,1,2325.487735681236,0,10.952452197670937,2325.487735681236,2338.709902949631,0.44788291404145264,0.48033539084689986,0.47947285640703285,0.44788356706195465,0.47388920558053715,0.44788291404145264
cracker_box_reorient_occ60,1579908951619188002,0.44604419007184215,0.5682271229553626,1.1817216002244864,1.2281403984458354,0.042459807286194313,0.04412765631811588,0.7946843853820601,0.7946843853820601,0.12218293288352045,0.04641879822134909,MODE_3_RELOCALIZE,no_observer_reseed,four_mode_relocalization_v2,,0,0,0,False,1,0,0.44604419007184215,observation,b5_obs_prior_output_hindsight_v1,0,0,precomputed,0,0.0,2.06547137349844,0,104,cache_read_only_not_online_fps,32fdd06d26764df247b0164387e6061cbe61664ba5aa2aabd173919761ed38aa,cached_perception_v2,1,1,1,0.45674737120682274,,1,2320.361888036132,0,10.803510434925556,2320.361888036132,2333.230869844556,0.44604419007184215,0.4532497424040543,0.492623462614542,0.4460443478448699,0.45674737120682274,0.44604419007184215
cracker_box_reorient_occ60,1579908951681969212,0.4288097406148158,0.4719402671925948,1.1727569267545594,1.1807765764689466,0.04213770239461541,0.042425852142670264,0.7946843853820601,0.7946843853820601,0.043130526577778994,0.008019649714387178,MODE_3_RELOCALIZE,no_observer_reseed,four_mode_relocalization_v2,,0,0,0,False,1,0,0.4288097406148158,observation,b5_obs_prior_output_hindsight_v1,0,0,precomputed,0,0.0,2.3493273183703423,0,105,cache_read_only_not_online_fps,32fdd06d26764df247b0164387e6061cbe61664ba5aa2aabd173919761ed38aa,cached_perception_v2,1,1,1,0.456960195418794,,1,2306.982370093465,0,12.544680386781693,2306.982370093465,2321.876377798617,0.4288097406148158,0.42536742140878125,0.5082165889735726,0.4288098519240389,0.456960195418794,0.4288097406148158
cracker_box_reorient_occ60,1579908951747916107,0.48558791694307546,0.4615218666130256,1.1816811524266808,1.1902013161350788,0.04245835397798733,0.04276448742687807,0.7946843853820601,0.7946843853820601,-0.024066050330049882,0.008520163708398032,MODE_3_RELOCALIZE,no_observer_reseed,four_mode_relocalization_v2,,0,0,0,False,1,0,0.4615218666130256,prior,b5_obs_prior_output_hindsight_v1,0,0,precomputed,0,0.0,2.4040257558226585,0,106,cache_read_only_not_online_fps,32fdd06d26764df247b0164387e6061cbe61664ba5aa2aabd173919761ed38aa,cached_perception_v2,1,1,1,0.6538615524521751,,1,2327.785799279809,0,11.479141190648079,2327.785799279809,2341.6689662262797,0.48558791694307546,0.46309168243682897,0.5257580645700417,0.4855877389909163,0.6538615524521751,0.4615218666130256
cracker_box_reorient_occ60,1579908951817803778,0.5148823262424929,0.8822453881532454,1.1746497803754656,1.0653537312522539,0.042205713506496066,0.038278655575057365,0.7946843853820601,0.24242424242424243,0.3673630619107525,-0.10929604912321178,MODE_2_PRIOR,no_observer_reseed,four_mode_relocalization_v2,1.0,0,0,0,False,0,0,0.5148823262424929,observation,b5_obs_prior_output_hindsight_v1,0,0,precomputed,0,0.0,2.3612892255187035,0,107,cache_read_only_not_online_fps,32fdd06d26764df247b0164387e6061cbe61664ba5aa2aabd173919761ed38aa,cached_perception_v2,0,0,0,,,0,0.0,0,10.817958042025566,1.187085174024105,14.366332441568375,0.5148823262424929,0.529679615801597,0.5453518774903313,0.5148822348718866,0.8822453881532454,0.5148823262424929
cracker_box_reorient_occ60,1579908951892649800,0.4774114899000777,1.117777973536793,1.1856452660051209,1.0361270683345831,0.042600786424486725,0.037228527968972205,0.7946843853820601,0.12499999999999999,0.6403664836367153,-0.14951819767053776,MODE_2_PRIOR,no_observer_reseed,four_mode_relocalization_v2,1.0,0,0,0,False,0,0,0.4774114899000777,observation,b5_obs_prior_output_hindsight_v1,0,0,precomputed,0,0.0,2.173779532313347,0,108,cache_read_only_not_online_fps,32fdd06d26764df247b0164387e6061cbe61664ba5aa2aabd173919761ed38aa,cached_perception_v2,0,0,0,,,0,0.0,0,9.545237757265568,1.2215757742524147,12.94059306383133,0.4774114899000777,0.5380468367211738,0.5658787105916482,0.4774113314517228,1.117777973536793,0.4774114899000777
cracker_box_reorient_occ60,1579908951957428922,0.5362000146995802,1.3659354978525347,1.1617581278053302,1.0077436539413025,0.04174251042750983,0.03620869867497102,0.7946843853820601,0.0891009055627426,0.8297354831529544,-0.15401447386402767,MODE_2_PRIOR,no_observer_reseed,four_mode_relocalization_v2,1.0,0,0,0,False,0,0,0.5362000146995802,observation,b5_obs_prior_output_hindsight_v1,0,0,precomputed,0,0.0,2.253172919154167,0,109,cache_read_only_not_online_fps,32fdd06d26764df247b0164387e6061cbe61664ba5aa2aabd173919761ed38aa,cached_perception_v2,0,0,0,,,0,0.0,0,9.595993906259537,1.186855137348175,13.036021962761879,0.5362000146995802,0.5405312493904261,0.5876256106839474,0.5361999339446879,1.3659354978525347,0.5362000146995802
cracker_box_reorient_occ60,1579908952020066677,0.4928940794279659,1.6229779687446944,1.2621490664516126,0.9922839588274788,0.04534960359343958,0.035653224631751725,0.7946843853820601,0.0891009055627426,1.1300838893167284,-0.26986510762413385,MODE_2_PRIOR,no_observer_reseed,four_mode_relocalization_v2,1.0,0,0,0,False,0,0,0.4928940794279659,observation,b5_obs_prior_output_hindsight_v1,0,0,precomputed,0,0.0,2.104193903505802,0,110,cache_read_only_not_online_fps,32fdd06d26764df247b0164387e6061cbe61664ba5aa2aabd173919761ed38aa,cached_perception_v2,0,0,0,,,0,0.0,0,10.014159604907036,2.5941915810108185,14.712545089423656,0.4928940794279659,0.47560276065199447,0.6104456690557906,0.4928945704037525,1.6229779687446944,0.4928940794279659
cracker_box_reorient_occ60,1579908952088336912,0.4876638130154852,1.884817891160146,1.1993776152822306,1.0537078655726977,0.043094196127569095,0.037860214199067516,0.7946843853820601,0.24242424242424243,1.397154078144661,-0.14566974970953295,MODE_2_PRIOR,no_observer_reseed,four_mode_relocalization_v2,1.0,0,0,0,False,0,0,0.4876638130154852,observation,b5_obs_prior_output_hindsight_v1,0,0,precomputed,0,0.0,3.704335540533066,0,111,cache_read_only_not_online_fps,32fdd06d26764df247b0164387e6061cbe61664ba5aa2aabd173919761ed38aa,cached_perception_v2,0,0,0,,,0,0.0,0,15.54899848997593,1.16809643805027,20.421430468559265,0.4876638130154852,0.4747289338171031,0.6330442305990401,0.4876641821759094,1.884817891160146,0.4876638130154852
cracker_box_reorient_occ60,1579908952146674663,0.4499579545043022,2.151040316683013,1.1858430059000555,1.0595460186102281,0.04260789131097617,0.03806998175585396,0.7946843853820601,0.24242424242424243,1.701082362178711,-0.1262969872898274,MODE_2_PRIOR,no_observer_reseed,four_mode_relocalization_v2,1.0,0,0,0,False,0,0,0.4499579545043022,observation,b5_obs_prior_output_hindsight_v1,0,0,precomputed,0,0.0,2.179335802793503,0,112,cache_read_only_not_online_fps,32fdd06d26764df247b0164387e6061cbe61664ba5aa2aabd173919761ed38aa,cached_perception_v2,0,0,0,,,0,0.0,0,10.457632131874561,0.9828368201851845,13.619804754853249,0.4499579545043022,0.4400935012632701,0.6560717242538413,0.4499578291785154,2.151040316683013,0.4499579545043022
cracker_box_reorient_occ60,1579908952206375716,0.4435418196317941,2.418978794683654,1.1797548318175126,1.0760370158139763,0.04238914038163674,0.038662510963321524,0.7946843853820601,0.3888888888888889,1.97543697505186,-0.10371781600353636,MODE_3_RELOCALIZE,no_observer_reseed,four_mode_relocalization_v2,,0,0,0,False,1,0,0.4435418196317941,observation,b5_obs_prior_output_hindsight_v1,0,0,precomputed,0,0.0,1.7188014462590218,0,113,cache_read_only_not_online_fps,32fdd06d26764df247b0164387e6061cbe61664ba5aa2aabd173919761ed38aa,cached_perception_v2,1,1,1,0.5080208473171153,,1,2303.9307203143835,0,8.229349739849567,2303.9307203143835,2313.878871500492,0.4435418196317941,0.4007402317693408,0.6792877191906812,0.4435418183973901,0.5080208473171153,0.4435418196317941
cracker_box_reorient_occ60,1579908952262300457,0.516351744973494,1.6222268443024477,1.1721753345155905,1.6440434871987077,0.042116805514689486,0.05907124793463986,0.7946843853820601,0.7946843853820601,1.1058750993289537,0.4718681526831172,MODE_3_RELOCALIZE,no_observer_reseed,four_mode_relocalization_v2,,0,0,0,False,1,0,0.516351744973494,observation,b5_obs_prior_output_hindsight_v1,0,0,precomputed,0,0.0,1.710306853055954,0,114,cache_read_only_not_online_fps,32fdd06d26764df247b0164387e6061cbe61664ba5aa2aabd173919761ed38aa,cached_perception_v2,1,1,1,0.5450045804089133,,1,2332.521976903081,0,8.49606841802597,2332.521976903081,2342.728352174163,0.516351744973494,0.47498404200895006,0.7025696490294429,0.5163516649256299,0.5450045804089133,0.516351744973494
cracker_box_reorient_occ60,1579908952321839197,0.46257021750239324,0.5867594829525181,1.1967820643172598,1.1274610550695812,0.04300093677295188,0.04051020063596175,0.7946843853820601,0.66,0.12418926545012487,-0.06932100924767859,MODE_3_RELOCALIZE,no_observer_reseed,four_mode_relocalization_v2,,0,0,0,False,1,0,0.46257021750239324,observation,b5_obs_prior_output_hindsight_v1,0,0,precomputed,0,0.0,2.248242497444153,0,115,cache_read_only_not_online_fps,32fdd06d26764df247b0164387e6061cbe61664ba5aa2aabd173919761ed38aa,cached_perception_v2,1,1,1,0.5150890787420654,,1,2324.754917062819,0,9.384870529174805,2324.754917062819,2336.388030089438,0.46257021750239324,0.4962382952353401,0.7267364704039593,0.46257034851181317,0.5150890787420654,0.46257021750239324
cracker_box_reorient_occ60,1579908952376196899,0.4922672204235946,0.5041179997667783,1.159856426683852,1.184727113519619,0.041674181420814374,0.04256779677820595,0.7946843853820601,0.7946843853820601,0.011850779343183682,0.024870686835766875,MODE_3_RELOCALIZE,no_observer_reseed,four_mode_relocalization_v2,,0,0,0,False,1,0,0.4922672204235946,observation,b5_obs_prior_output_hindsight_v1,0,0,precomputed,0,0.0,1.9878782331943512,0,116,cache_read_only_not_online_fps,32fdd06d26764df247b0164387e6061cbe61664ba5aa2aabd173919761ed38aa,cached_perception_v2,1,1,1,0.542915135167195,,1,2321.362263523042,0,9.665179997682571,2321.362263523042,2333.015321753919,0.4922672204235946,0.5040453481937159,0.7508449586245116,0.4922671657121862,0.542915135167195,0.4922672204235946
cracker_box_reorient_occ60,1579908952435509207,0.4478989474775268,0.5803745141602793,1.218301921250283,1.1499388187352502,0.04377415525184662,0.04131783714974607,0.7946843853820601,0.7272727272727273,0.1324755666827525,-0.06836310251503286,MODE_3_RELOCALIZE,no_observer_reseed,four_mode_relocalization_v2,,0,0,0,False,1,0,0.4478989474775268,policy_output,b5_obs_prior_output_hindsight_v1,0,0,precomputed,0,0.0,2.287556417286396,0,117,cache_read_only_not_online_fps,32fdd06d26764df247b0164387e6061cbe61664ba5aa2aabd173919761ed38aa,cached_perception_v2,1,1,1,0.4367603086261861,,1,2324.5940636843443,0,9.815695695579052,2324.5940636843443,2336.6973157972097,0.4478989474775268,0.45336277360861,0.7747975149317411,0.44789938205846375,0.4367603086261861,0.4367603086261861
cracker_box_reorient_occ60,1579908952494547647,0.4595806133593744,0.45089011945336116,1.1733361807883431,1.209214208011564,0.0421585152617404,0.04344762948408973,0.7946843853820601,0.7946843853820601,-0.00869049390601323,0.035878027223220865,MODE_3_RELOCALIZE,no_observer_reseed,four_mode_relocalization_v2,,0,0,0,False,1,0,0.45089011945336116,prior,b5_obs_prior_output_hindsight_v1,0,0,precomputed,0,0.0,2.1319231018424034,0,118,cache_read_only_not_online_fps,32fdd06d26764df247b0164387e6061cbe61664ba5aa2aabd173919761ed38aa,cached_perception_v2,1,1,1,0.5345909433661763,,1,2316.322240047157,0,10.239262133836746,2316.322240047157,2328.693425282836,0.4595806133593744,0.44836089339411034,0.7982337170830935,0.4595808270325485,0.5345909433661763,0.45089011945336116
cracker_box_reorient_occ60,1579908952550928820,0.4204607346710036,0.6798820575320605,1.2217741497822523,1.1578393890372842,0.04389891403961274,0.04160170831907366,0.7946843853820601,0.7946843853820601,0.25942132286105696,-0.06393476074496807,MODE_3_RELOCALIZE,no_observer_reseed,four_mode_relocalization_v2,,0,0,0,False,1,0,0.4204607346710036,observation,b5_obs_prior_output_hindsight_v1,0,0,precomputed,0,0.0,1.5771854668855667,0,119,cache_read_only_not_online_fps,32fdd06d26764df247b0164387e6061cbe61664ba5aa2aabd173919761ed38aa,cached_perception_v2,1,1,1,0.4976449968935224,,1,2313.2568979635835,0,10.999906808137894,2313.2568979635835,2325.833990238607,0.4204607346710036,0.44672622258968275,0.8211152191211518,0.4204611954005705,0.4976449968935224,0.4204607346710036
cracker_box_reorient_occ60,1579908952613547052,0.4242197238964601,0.5317928997804827,1.2314578111572554,1.2002170654129671,0.04424685250136996,0.04312435796160062,0.7946843853820601,0.7946843853820601,0.1075731758840226,-0.031240745744288256,MODE_3_RELOCALIZE,no_observer_reseed,four_mode_relocalization_v2,,0,0,0,False,1,0,0.4242197238964601,observation,b5_obs_prior_output_hindsight_v1,0,0,precomputed,0,0.0,2.3398958146572113,0,120,cache_read_only_not_online_fps,32fdd06d26764df247b0164387e6061cbe61664ba5aa2aabd173919761ed38aa,cached_perception_v2,1,1,1,0.5451427468706029,,1,2318.0331429466605,0,10.760722681879997,2318.0331429466605,2331.1337614431977,0.4242197238964601,0.4369163067354415,0.8442238940669187,0.4242200410948067,0.5451427468706029,0.4242197238964601
cracker_box_reorient_occ60,1579908952671358685,0.4541338221803513,0.7781698362564697,1.2248119066361196,1.2319201704642324,0.04400806205770179,0.04426346528653653,0.7946843853820601,0.7946843853820601,0.32403601407611843,0.007108263828112804,MODE_3_RELOCALIZE,no_observer_reseed,four_mode_relocalization_v2,,0,0,0,False,1,0,0.4541338221803513,policy_output,b5_obs_prior_output_hindsight_v1,0,0,precomputed,0,0.0,2.295400947332382,0,121,cache_read_only_not_online_fps,32fdd06d26764df247b0164387e6061cbe61664ba5aa2aabd173919761ed38aa,cached_perception_v2,1,1,1,0.4507411360281681,,1,2315.9543136134744,0,11.492418125271797,2315.9543136134744,2329.7421326860785,0.4541338221803513,0.44240115784233675,0.868214811951672,0.4541342098759343,0.4507411360281681,0.4507411360281681
cracker_box_reorient_occ60,1579908952727577548,0.4870852648628722,0.5285665516361131,1.2265503851004396,1.1782200854432583,0.04407052639833177,0.04233399622985713,0.7946843853820601,0.7946843853820601,0.04148128677324092,-0.048330299657181275,MODE_3_RELOCALIZE,no_observer_reseed,four_mode_relocalization_v2,,0,0,0,False,1,0,0.4870852648628722,observation,b5_obs_prior_output_hindsight_v1,0,0,precomputed,0,0.0,2.503092400729656,0,122,cache_read_only_not_online_fps,32fdd06d26764df247b0164387e6061cbe61664ba5aa2aabd173919761ed38aa,cached_perception_v2,1,1,1,0.5187827665295325,,1,2313.9833491295576,0,11.144056916236877,2313.9833491295576,2327.630498446524,0.4870852648628722,0.46522596768525615,0.8932746027138774,0.4870855970859742,0.5187827665295325,0.4870852648628722
cracker_box_reorient_occ60,1579908952792415545,0.47522082872025734,0.7057058523541266,1.2549890474390755,1.1818434362989796,0.045092340776732104,0.04246418491307573,0.7946843853820601,0.7946843853820601,0.2304850236338693,-0.07314561114009588,MODE_3_RELOCALIZE,no_observer_reseed,four_mode_relocalization_v2,,0,0,0,False,1,0,0.47522082872025734,observation,b5_obs_prior_output_hindsight_v1,0,0,precomputed,0,0.0,2.0166048780083656,0,123,cache_read_only_not_online_fps,32fdd06d26764df247b0164387e6061cbe61664ba5aa2aabd173919761ed38aa,cached_perception_v2,1,1,1,0.6266549531020152,,1,2316.323198378086,0,11.66056003421545,2316.323198378086,2330.00036329031,0.47522082872025734,0.4785215522553689,0.918862542480104,0.47522119387738493,0.6266549531020152,0.47522082872025734
cracker_box_reorient_occ60,1579908952855945196,0.5391102359665318,0.7415271029963555,1.2808266302929534,1.1121051067733567,0.04602069715822528,0.03995845426420161,0.7946843853820601,0.5121951219512195,0.20241686702982364,-0.16872152351959668,MODE_3_RELOCALIZE,no_observer_reseed,four_mode_relocalization_v2,,0,0,0,False,1,0,0.5391102359665318,observation,b5_obs_prior_output_hindsight_v1,0,0,precomputed,0,0.0,2.345161512494087,0,124,cache_read_only_not_online_fps,32fdd06d26764df247b0164387e6061cbe61664ba5aa2aabd173919761ed38aa,cached_perception_v2,1,1,1,0.5535112734573431,,1,2320.5278096720576,0,11.41402032226324,2320.5278096720576,2334.286991506815,0.5391102359665318,0.5141553691819137,0.9445887526155152,0.5391106080853586,0.5535112734573431,0.5391102359665318
cracker_box_reorient_occ60,1579908952913970444,0.49210598392670796,0.5078111461944413,1.1724050322321742,1.1522982148899161,0.04212505866058981,0.04140261135207924,0.7946843853820601,0.7946843853820601,0.015705162267733386,-0.020106817342258054,MODE_3_RELOCALIZE,no_observer_reseed,four_mode_relocalization_v2,,0,0,0,False,1,0,0.49210598392670796,policy_output,b5_obs_prior_output_hindsight_v1,0,0,precomputed,0,0.0,3.0470015481114388,0,125,cache_read_only_not_online_fps,32fdd06d26764df247b0164387e6061cbe61664ba5aa2aabd173919761ed38aa,cached_perception_v2,1,1,1,0.4809340589335063,,1,2316.5883664041758,0,11.703498661518097,2316.5883664041758,2331.3388666138053,0.49210598392670796,0.5106370883051767,0.9703752295403276,0.4921064487415407,0.4809340589335063,0.4809340589335063
cracker_box_reorient_occ60,1579908952988391548,0.5418553158324381,0.420108392951666,1.2372973108428746,1.2326268420380584,0.04445666844384921,0.04428885632519876,0.7946843853820601,0.7946843853820601,-0.12174692288077205,-0.004670468804816252,MODE_3_RELOCALIZE,no_observer_reseed,four_mode_relocalization_v2,,0,0,0,False,1,0,0.420108392951666,prior,b5_obs_prior_output_hindsight_v1,0,0,precomputed,0,0.0,2.5898003950715065,0,126,cache_read_only_not_online_fps,32fdd06d26764df247b0164387e6061cbe61664ba5aa2aabd173919761ed38aa,cached_perception_v2,1,1,1,0.5687390091505725,,1,2316.73885229975,0,10.526836849749088,2316.73885229975,2329.8554895445704,0.5418553158324381,0.520942435429039,0.9960288797486571,0.5418557222460586,0.5687390091505725,0.420108392951666
cracker_box_reorient_occ60,1579908953054620474,0.5345552518619784,0.6625552167463042,1.2618094429354259,1.102559907516308,0.04533740076237987,0.03961549081080817,0.7946843853820601,0.3888888888888889,0.12799996488432586,-0.1592495354191179,MODE_3_RELOCALIZE,no_observer_reseed,four_mode_relocalization_v2,,0,0,0,False,1,0,0.5345552518619784,policy_output,b5_obs_prior_output_hindsight_v1,0,0,precomputed,0,0.0,2.1103080362081528,0,127,cache_read_only_not_online_fps,32fdd06d26764df247b0164387e6061cbe61664ba5aa2aabd173919761ed38aa,cached_perception_v2,1,1,1,0.4845647229739663,,1,2317.2653410583735,0,11.65737584233284,2317.2653410583735,2331.0330249369144,0.5345552518619784,0.5354909896442593,1.0215896806963765,0.5345556675061125,0.4845647229739663,0.4845647229739663
cracker_box_reorient_occ60,1579908953131367779,0.5790272368207318,0.4752180663235935,1.2519994753010373,1.2090966277979205,0.044984924057916806,0.04344340477227011,0.7946843853820601,0.7946843853820601,-0.10380917049713828,-0.04290284750311679,MODE_3_RELOCALIZE,no_observer_reseed,four_mode_relocalization_v2,,0,0,0,False,1,0,0.4752180663235935,prior,b5_obs_prior_output_hindsight_v1,0,0,precomputed,0,0.0,2.086603082716465,0,128,cache_read_only_not_online_fps,32fdd06d26764df247b0164387e6061cbe61664ba5aa2aabd173919761ed38aa,cached_perception_v2,1,1,1,0.4976206970004896,,1,2319.6222884580493,0,11.433682404458523,2319.6222884580493,2333.1425739452243,0.5790272368207318,0.5613617130597122,1.0469953156561613,0.5790276981987423,0.4976206970004896,0.4752180663235935
cracker_box_reorient_occ60,1579908953196393671,0.6431824344196927,0.5181099363996438,1.2250288027919036,1.13676564187399,0.04401585523756239,0.040844518771906646,0.7946843853820601,0.66,-0.12507249802004894,-0.08826316091791364,MODE_3_RELOCALIZE,no_observer_reseed,four_mode_relocalization_v2,,0,0,0,False,1,0,0.5181099363996438,policy_output,b5_obs_prior_output_hindsight_v1,0,0,precomputed,0,0.0,2.1271975710988045,0,129,cache_read_only_not_online_fps,32fdd06d26764df247b0164387e6061cbe61664ba5aa2aabd173919761ed38aa,cached_perception_v2,1,1,1,0.49399296965372047,,1,2315.1395795866847,0,11.374157853424549,2315.1395795866847,2328.640935011208,0.6431824344196927,0.6135122353761048,1.0727008244971263,0.6431829321471751,0.49399296965372047,0.49399296965372047
cracker_box_reorient_occ60,1579908953269128653,0.5898834388975659,0.5035167690760213,1.2244184876667246,1.199185330939546,0.043993926330962024,0.04308728726161201,0.7946843853820601,0.7946843853820601,-0.08636666982154462,-0.02523315672717863,MODE_3_RELOCALIZE,no_observer_reseed,four_mode_relocalization_v2,,0,0,0,False,1,0,0.5035167690760213,prior,b5_obs_prior_output_hindsight_v1,0,0,precomputed,0,0.0,1.9710296764969826,0,130,cache_read_only_not_online_fps,32fdd06d26764df247b0164387e6061cbe61664ba5aa2aabd173919761ed38aa,cached_perception_v2,1,1,1,0.5334396912171454,,1,2325.1376152038574,0,11.2693402916193,2325.1376152038574,2338.3779851719737,0.5898834388975659,0.6281294575127349,1.098504065998745,0.5898839327326166,0.5334396912171454,0.5035167690760213
cracker_box_reorient_occ60,1579908953329843711,0.5536082550117368,0.6200313825411456,1.207220689398782,1.1554333101988563,0.043376001432183016,0.041515256786178234,0.7946843853820601,0.7946843853820601,0.06642312752940882,-0.05178737919992571,MODE_3_RELOCALIZE,no_observer_reseed,four_mode_relocalization_v2,,0,0,0,False,1,0,0.5536082550117368,policy_output,b5_obs_prior_output_hindsight_v1,0,0,precomputed,0,0.0,1.6667405143380165,0,131,cache_read_only_not_online_fps,32fdd06d26764df247b0164387e6061cbe61664ba5aa2aabd173919761ed38aa,cached_perception_v2,1,1,1,0.4847614908876319,,1,2320.5725280568004,0,11.284935288131237,2320.5725280568004,2333.5242038592696,0.5536082550117368,0.598787452297208,1.1246261995334266,0.5536086936649026,0.4847614908876319,0.4847614908876319
cracker_box_reorient_occ60,1579908953398870876,0.4846896288493293,0.4621527005972584,1.2161236477987794,1.1960445264455997,0.04369588887256583,0.04297443669383764,0.7946843853820601,0.7946843853820601,-0.02253692825207093,-0.020079121353179685,MODE_3_RELOCALIZE,no_observer_reseed,four_mode_relocalization_v2,,0,0,0,False,1,0,0.4621527005972584,policy_output,b5_obs_prior_output_hindsight_v1,0,0,precomputed,0,0.0,2.6079658418893814,0,132,cache_read_only_not_online_fps,32fdd06d26764df247b0164387e6061cbe61664ba5aa2aabd173919761ed38aa,cached_perception_v2,1,1,1,0.4608491572470668,,1,2317.7844248712063,0,10.329606011509895,2317.7844248712063,2330.7219967246056,0.4846896288493293,0.5280689482374891,1.1508777530580925,0.4846900894616032,0.4608491572470668,0.4608491572470668
cracker_box_reorient_occ60,1579908953452809771,0.4002682730931034,0.4927343216341979,1.2040992806948385,1.1671052919669629,0.0432638477641738,0.041934636525388924,0.7946843853820601,0.7946843853820601,0.09246604854109447,-0.036993988727875626,MODE_3_RELOCALIZE,no_observer_reseed,four_mode_relocalization_v2,,0,0,0,False,1,0,0.4002682730931034,observation,b5_obs_prior_output_hindsight_v1,0,0,precomputed,0,0.0,2.385079860687256,0,133,cache_read_only_not_online_fps,32fdd06d26764df247b0164387e6061cbe61664ba5aa2aabd173919761ed38aa,cached_perception_v2,1,1,1,0.6540519190531394,,1,2318.114177323878,0,11.413918808102608,2318.114177323878,2331.9131759926677,0.4002682730931034,0.42602619296229366,1.1772032151448562,0.40026876998556193,0.6540519190531394,0.4002682730931034
cracker_box_reorient_occ60,1579908953511193226,0.48175112602327336,0.889841997558235,1.184697423269333,1.0730182448518204,0.04256672999368989,0.03855404511716118,0.7946843853820601,0.3888888888888889,0.40809087153496165,-0.11167917841751263,MODE_3_RELOCALIZE,no_observer_reseed,four_mode_relocalization_v2,,0,0,0,False,1,0,0.48175112602327336,observation,b5_obs_prior_output_hindsight_v1,0,0,precomputed,0,0.0,2.0019616931676865,0,134,cache_read_only_not_online_fps,32fdd06d26764df247b0164387e6061cbe61664ba5aa2aabd173919761ed38aa,cached_perception_v2,1,1,1,0.6891453972022709,,1,2331.05896320194,0,11.188937351107597,2331.05896320194,2344.2498622462153,0.48175112602327336,0.40503384513404067,1.2038283769608347,0.4817515707907756,0.6891453972022709,0.48175112602327336
cracker_box_reorient_occ60,1579908953568225385,0.31607007801417086,0.7249500588040665,1.2382884439444835,1.0999000037389075,0.04449228031764528,0.03951991922967875,0.7946843853820601,0.3888888888888889,0.4088799807898956,-0.13838844020557595,MODE_3_RELOCALIZE,no_observer_reseed,four_mode_relocalization_v2,,0,0,0,False,1,0,0.31607007801417086,observation,b5_obs_prior_output_hindsight_v1,0,0,precomputed,0,0.0,2.5604860857129097,0,135,cache_read_only_not_online_fps,32fdd06d26764df247b0164387e6061cbe61664ba5aa2aabd173919761ed38aa,cached_perception_v2,1,1,1,0.5468405598857643,,1,2320.898742415011,0,11.280229315161705,2320.898742415011,2334.7394578158855,0.31607007801417086,0.35335579083020396,1.2304523420033913,0.3160706100104138,0.5468405598857643,0.31607007801417086
cracker_box_reorient_occ60,1579908953624029299,0.39586164367627646,1.0393660456004046,1.2091783195722607,1.3608661333378884,0.0434463399957565,0.04889655376770514,0.7946843853820601,0.7946843853820601,0.6435044019241281,0.15168781376562768,MODE_3_RELOCALIZE,no_observer_reseed,four_mode_relocalization_v2,,0,0,0,False,1,0,0.39586164367627646,observation,b5_obs_prior_output_hindsight_v1,0,0,precomputed,0,0.0,2.5023240596055984,0,136,cache_read_only_not_online_fps,32fdd06d26764df247b0164387e6061cbe61664ba5aa2aabd173919761ed38aa,cached_perception_v2,1,1,1,0.44702596375012377,,1,2314.3139397725463,0,10.811508633196354,2314.3139397725463,2327.6277724653482,0.39586164367627646,0.3406380955102443,1.2573117877468705,0.3958621979528469,0.44702596375012377,0.39586164367627646
cracker_box_reorient_occ60,1579908953678385841,0.506934478322571,0.599221426415204,1.1952171461672618,1.1749047371360548,0.04294470853522232,0.042214874221607704,0.7946843853820601,0.7946843853820601,0.09228694809263305,-0.020312409031207013,MODE_3_RELOCALIZE,no_observer_reseed,four_mode_relocalization_v2,,0,0,0,False,1,0,0.506934478322571,policy_output,b5_obs_prior_output_hindsight_v1,0,0,precomputed,0,0.0,2.2906819358468056,0,137,cache_read_only_not_online_fps,32fdd06d26764df247b0164387e6061cbe61664ba5aa2aabd173919761ed38aa,cached_perception_v2,1,1,1,0.43919271562922885,,1,2318.7662847340107,0,10.57232916355133,2318.7662847340107,2331.629295833409,0.506934478322571,0.4269826096590832,1.2844025426957377,0.5069348850469296,0.43919271562922885,0.43919271562922885
cracker_box_reorient_occ60,1579908953734082308,0.46715603905227054,0.4996444970483069,1.1959464440190153,1.1677422029495956,0.0429709125465849,0.04195752103353019,0.7946843853820601,0.7946843853820601,0.032488457996036335,-0.028204241069419655,MODE_3_RELOCALIZE,no_observer_reseed,four_mode_relocalization_v2,,0,0,0,False,1,0,0.46715603905227054,policy_output,b5_obs_prior_output_hindsight_v1,0,0,precomputed,0,0.0,3.131197765469551,0,138,cache_read_only_not_online_fps,32fdd06d26764df247b0164387e6061cbe61664ba5aa2aabd173919761ed38aa,cached_perception_v2,1,1,1,0.46476584711597124,,1,2320.102237164974,0,10.9260194003582,2320.102237164974,2334.159454330802,0.46715603905227054,0.4802008852987114,1.311612811581439,0.46715644690701086,0.46476584711597124,0.46476584711597124
cracker_box_reorient_occ60,1579908953787494089,0.4587605918794296,0.4841748497021391,1.2100076269552191,1.1770770578589749,0.043476137396138065,0.042292926716579,0.7946843853820601,0.7946843853820601,0.025414257822709507,-0.032930569096244255,MODE_3_RELOCALIZE,no_observer_reseed,four_mode_relocalization_v2,,0,0,0,False,1,0,0.4587605918794296,observation,b5_obs_prior_output_hindsight_v1,0,0,precomputed,0,0.0,1.6064038500189781,0,139,cache_read_only_not_online_fps,32fdd06d26764df247b0164387e6061cbe61664ba5aa2aabd173919761ed38aa,cached_perception_v2,1,1,1,0.6762069629852824,,1,2336.4802161231637,0,10.977484285831451,2336.4802161231637,2349.064104259014,0.4587605918794296,0.4971192749864255,1.3391391670169486,0.45876098252174347,0.6762069629852824,0.4587605918794296
cracker_box_reorient_occ60,1579908953841231374,0.44715258542474395,0.9747711826763585,1.1815259125880975,1.083004865139089,0.04245277613830992,0.038912869033688784,0.7946843853820601,0.3888888888888889,0.5276185972516145,-0.09852104744900858,MODE_3_RELOCALIZE,no_observer_reseed,four_mode_relocalization_v2,,0,0,0,False,1,0,0.44715258542474395,observation,b5_obs_prior_output_hindsight_v1,0,0,precomputed,0,0.0,2.9108095914125443,0,140,cache_read_only_not_online_fps,32fdd06d26764df247b0164387e6061cbe61664ba5aa2aabd173919761ed38aa,cached_perception_v2,1,1,1,0.6597276776946209,,1,2405.9529779478908,0,12.610334903001785,2405.9529779478908,2421.474122442305,0.44715258542474395,0.4819511573628885,1.3667786407573588,0.44715287624898575,0.6597276776946209,0.44715258542474395
cracker_box_reorient_occ60,1579908953900093452,0.43537420652695585,0.644910285827977,1.1963937095307433,1.154703745265572,0.04298698300466075,0.0414890431784519,0.7946843853820601,0.7946843853820601,0.2095360793010212,-0.04168996426517135,MODE_3_RELOCALIZE,no_observer_reseed,four_mode_relocalization_v2,,0,0,0,False,1,0,0.43537420652695585,observation,b5_obs_prior_output_hindsight_v1,0,0,precomputed,0,0.0,2.4632560089230537,0,141,cache_read_only_not_online_fps,32fdd06d26764df247b0164387e6061cbe61664ba5aa2aabd173919761ed38aa,cached_perception_v2,1,1,1,0.6479389926810144,,1,2357.6060896739364,0,13.048829510807991,2357.6060896739364,2373.1181751936674,0.43537420652695585,0.45486946519584187,1.3943429458535694,0.4353745183107904,0.6479389926810144,0.43537420652695585
cracker_box_reorient_occ60,1579908953948811807,0.43896102288704836,0.6362175502885686,1.2556543928812285,1.1510936805855512,0.045116246948242546,0.04135933187371205,0.7946843853820601,0.7272727272727273,0.19725652740152028,-0.10456071229567732,MODE_3_RELOCALIZE,no_observer_reseed,four_mode_relocalization_v2,,0,0,0,False,1,0,0.43896102288704836,observation,b5_obs_prior_output_hindsight_v1,0,0,precomputed,0,0.0,2.6284540072083473,0,142,cache_read_only_not_online_fps,32fdd06d26764df247b0164387e6061cbe61664ba5aa2aabd173919761ed38aa,cached_perception_v2,1,1,1,0.5428982465667683,,1,2324.671200476587,0,13.36727011948824,2324.671200476587,2340.6669246032834,0.43896102288704836,0.41193540624896086,1.421998118859391,0.43896156407126535,0.5428982465667683,0.43896102288704836
cracker_box_reorient_occ60,1579908954005701274,0.4916072971824622,0.5306874595917088,1.2037580883789094,1.1756042805618532,0.04325158856540894,0.042240009142592544,0.7946843853820601,0.7946843853820601,0.03908016240924661,-0.02815380781705623,MODE_3_RELOCALIZE,no_observer_reseed,four_mode_relocalization_v2,,0,0,0,False,1,0,0.4916072971824622,policy_output,b5_obs_prior_output_hindsight_v1,0,0,precomputed,0,0.0,2.716727554798126,0,143,cache_read_only_not_online_fps,32fdd06d26764df247b0164387e6061cbe61664ba5aa2aabd173919761ed38aa,cached_perception_v2,1,1,1,0.46935798191660316,,1,2323.4892236068845,0,10.518995113670826,2323.4892236068845,2336.7249462753534,0.4916072971824622,0.44715863462501326,1.449857272651373,0.4916077550265327,0.46935798191660316,0.46935798191660316
cracker_box_reorient_occ60,1579908954060255816,0.49973922020922074,0.6551895097785315,1.1945429349148151,1.2722223515864632,0.042920483811020246,0.045711541418290536,0.7946843853820601,0.7946843853820601,0.15545028956931078,0.07767941667164813,MODE_3_RELOCALIZE,no_observer_reseed,four_mode_relocalization_v2,,0,0,0,False,1,0,0.49973922020922074,policy_output,b5_obs_prior_output_hindsight_v1,0,0,precomputed,0,0.0,2.9020290821790695,0,144,cache_read_only_not_online_fps,32fdd06d26764df247b0164387e6061cbe61664ba5aa2aabd173919761ed38aa,cached_perception_v2,1,1,1,0.42686662277632664,,1,2319.589243270457,0,10.278862901031971,2319.589243270457,2332.770135253668,0.49973922020922074,0.4848345526070945,1.4779829658112424,0.4997395945395243,0.42686662277632664,0.42686662277632664
cracker_box_reorient_occ60,1579908954134528259,0.4674807756040762,0.42271592552840226,1.1656769949424608,1.1628287095771266,0.041883317148306974,0.04178097692901573,0.7946843853820601,0.7946843853820601,-0.044764850075673934,-0.0028482853653342133,MODE_3_RELOCALIZE,no_observer_reseed,four_mode_relocalization_v2,,0,0,0,False,1,0,0.42271592552840226,prior,b5_obs_prior_output_hindsight_v1,0,0,precomputed,0,0.0,1.6460511833429337,0,145,cache_read_only_not_online_fps,32fdd06d26764df247b0164387e6061cbe61664ba5aa2aabd173919761ed38aa,cached_perception_v2,1,1,1,0.6423290994871121,,1,2320.2903354540467,0,10.416589677333832,2320.2903354540467,2332.3529763147235,0.4674807756040762,0.4832488800604949,1.5062290421142197,0.4674810427001911,0.6423290994871121,0.42271592552840226
cracker_box_reorient_occ60,1579908954204603061,0.43984749619440844,0.9699266020812116,1.187907619826093,1.0779147331839931,0.042682073850588954,0.03872997822266053,0.7946843853820601,0.3888888888888889,0.5300791058868032,-0.10999288664209983,MODE_3_RELOCALIZE,no_observer_reseed,four_mode_relocalization_v2,,0,0,0,False,1,0,0.43984749619440844,observation,b5_obs_prior_output_hindsight_v1,0,0,precomputed,0,0.0,1.838676631450653,0,146,cache_read_only_not_online_fps,32fdd06d26764df247b0164387e6061cbe61664ba5aa2aabd173919761ed38aa,cached_perception_v2,1,1,1,0.4651827967081719,,1,2319.799947552383,0,12.388375587761402,2319.799947552383,2334.026999771595,0.43984749619440844,0.47261348948115,1.5347319879992407,0.43984771900733727,0.4651827967081719,0.43984749619440844
cracker_box_reorient_occ60,1579908954260042162,0.4149645310886945,0.5334271906429063,1.2089764848965,1.2246980144809978,0.043439087981885505,0.04400396985954195,0.7946843853820601,0.7946843853820601,0.11846265955421181,0.015721529584497906,MODE_3_RELOCALIZE,no_observer_reseed,four_mode_relocalization_v2,,0,0,0,False,1,0,0.4149645310886945,observation,b5_obs_prior_output_hindsight_v1,0,0,precomputed,0,0.0,2.132367342710495,0,147,cache_read_only_not_online_fps,32fdd06d26764df247b0164387e6061cbe61664ba5aa2aabd173919761ed38aa,cached_perception_v2,1,1,1,0.6664732332722454,,1,2321.903388015926,0,11.932389810681343,2321.903388015926,2335.9681451693177,0.4149645310886945,0.446370769344044,1.5635382512799163,0.41496483655523936,0.6664732332722454,0.4149645310886945
cracker_box_reorient_occ60,1579908954315879094,0.4706071244177228,0.9276530060943102,1.2034398200616676,1.0720195547950453,0.04324015303658996,0.038518161718447595,0.7946843853820601,0.2857142857142857,0.45704588167658744,-0.13142026526662232,MODE_3_RELOCALIZE,no_observer_reseed,four_mode_relocalization_v2,,0,0,0,False,1,0,0.4706071244177228,observation,b5_obs_prior_output_hindsight_v1,0,0,precomputed,0,0.0,2.210906706750393,0,148,cache_read_only_not_online_fps,32fdd06d26764df247b0164387e6061cbe61664ba5aa2aabd173919761ed38aa,cached_perception_v2,1,1,1,0.6318355118784038,,1,2334.3914803117514,0,11.76468562334776,2334.3914803117514,2348.3670726418495,0.4706071244177228,0.4407999351111401,1.5922469119895002,0.4706075517788136,0.6318355118784038,0.4706071244177228
cracker_box_reorient_occ60,1579908954370732055,0.43467615812303984,0.5979938566939559,1.1792495758211308,1.1442473111305944,0.04237098629844787,0.04111333863163852,0.7946843853820601,0.7272727272727273,0.16331769857091605,-0.035002264690536355,MODE_3_RELOCALIZE,no_observer_reseed,four_mode_relocalization_v2,,0,0,0,False,1,0,0.43467615812303984,observation,b5_obs_prior_output_hindsight_v1,0,0,precomputed,0,0.0,2.3104874417185783,0,149,cache_read_only_not_online_fps,32fdd06d26764df247b0164387e6061cbe61664ba5aa2aabd173919761ed38aa,cached_perception_v2,1,1,1,0.4770017544713981,,1,2326.634527184069,0,10.320697911083698,2326.634527184069,2339.2657125368714,0.43467615812303984,0.43524285744055224,1.6209532604226504,0.4346766285855553,0.4770017544713981,0.43467615812303984
cracker_box_reorient_occ60,1579908954427849074,0.44099928086126305,0.4996714346229219,1.2079876341849884,1.2361489166084387,0.04340355811542829,0.04441540610433248,0.7946843853820601,0.7946843853820601,0.05867215376165885,0.028161282423450285,MODE_3_RELOCALIZE,no_observer_reseed,four_mode_relocalization_v2,,0,0,0,False,1,0,0.44099928086126305,observation,b5_obs_prior_output_hindsight_v1,0,0,precomputed,0,0.0,2.150098793208599,0,150,cache_read_only_not_online_fps,32fdd06d26764df247b0164387e6061cbe61664ba5aa2aabd173919761ed38aa,cached_perception_v2,1,1,1,0.4884198739365253,,1,2322.237133048475,0,10.646296665072441,2322.237133048475,2335.033528506756,0.44099928086126305,0.4394515291988119,1.6495688321721258,0.4409997637591343,0.4884198739365253,0.44099928086126305
cracker_box_reorient_occ60,1579908954485103161,0.45631576615430286,0.5118082779866844,1.1911543863013672,1.1883314397641676,0.042798731681686596,0.04269730189828756,0.7946843853820601,0.7946843853820601,0.05549251183238152,-0.002822946537199611,MODE_3_RELOCALIZE,no_observer_reseed,four_mode_relocalization_v2,,0,0,0,False,1,0,0.45631576615430286,observation,b5_obs_prior_output_hindsight_v1,0,0,precomputed,0,0.0,2.2686105221509933,0,151,cache_read_only_not_online_fps,32fdd06d26764df247b0164387e6061cbe61664ba5aa2aabd173919761ed38aa,cached_perception_v2,1,1,1,0.45715188644363236,,1,2322.60303478688,0,10.864918120205402,2322.60303478688,2335.7365634292364,0.45631576615430286,0.4292272754322226,1.6991058449805783,0.45631603194643533,0.45715188644363236,0.45631576615430286
cracker_box_reorient_occ60,1579908954542073826,0.34802137154837237,0.6456824535623747,1.2116376022267967,1.2268055203209638,0.0435347031665355,0.04407969352559196,0.7946843853820601,0.7946843853820601,0.2976610820140024,0.015167918094167065,MODE_3_RELOCALIZE,no_observer_reseed,four_mode_relocalization_v2,,0,0,0,False,1,0,0.34802137154837237,observation,b5_obs_prior_output_hindsight_v1,0,0,precomputed,0,0.0,2.0388104021549225,0,152,cache_read_only_not_online_fps,32fdd06d26764df247b0164387e6061cbe61664ba5aa2aabd173919761ed38aa,cached_perception_v2,1,1,1,0.5302513345251504,,1,2319.0649235621095,0,10.938530787825584,2319.0649235621095,2332.04226475209,0.34802137154837237,0.4079236297138963,1.7075693566610484,0.3480217018426459,0.5302513345251504,0.34802137154837237
cracker_box_reorient_occ60,1579908954598621894,0.43994161429104295,0.6268960500819719,1.2431411418536487,1.1951900525101726,0.04466664001285787,0.042943735047508744,0.7946843853820601,0.7946843853820601,0.18695443579092896,-0.04795108934347603,MODE_3_RELOCALIZE,no_observer_reseed,four_mode_relocalization_v2,,0,0,0,False,1,0,0.43994161429104295,observation,b5_obs_prior_output_hindsight_v1,0,0,precomputed,0,0.0,1.6275616362690926,0,153,cache_read_only_not_online_fps,32fdd06d26764df247b0164387e6061cbe61664ba5aa2aabd173919761ed38aa,cached_perception_v2,1,1,1,0.5144592878606741,,1,2322.8932078927755,0,10.978925041854382,2322.8932078927755,2335.499694570899,0.43994161429104295,0.3798208928751603,1.7366574795061491,0.43994218106494754,0.5144592878606741,0.43994161429104295
cracker_box_reorient_occ60,1579908954655415171,0.513797506200126,0.864370902129095,1.1858567178508468,1.1349068535280618,0.04260838398775216,0.04077773164121618,0.7946843853820601,0.66,0.35057339592896897,-0.05094986432278503,MODE_3_RELOCALIZE,no_observer_reseed,four_mode_relocalization_v2,,0,0,0,False,1,0,0.513797506200126,observation,b5_obs_prior_output_hindsight_v1,0,0,precomputed,0,0.0,4.510298371315002,0,154,cache_read_only_not_online_fps,32fdd06d26764df247b0164387e6061cbe61664ba5aa2aabd173919761ed38aa,cached_perception_v2,1,1,1,0.6120766608750845,,1,2354.573918506503,0,20.15464287251234,2354.573918506503,2379.2388597503304,0.513797506200126,0.43731235539638763,1.765462649047565,0.51379792192239,0.6120766608750845,0.513797506200126
cracker_box_reorient_occ60,1579908954708250770,0.4469528547704377,0.7227851804003298,1.2279706577342475,1.0999179776707406,0.04412155745532005,0.03952056504141788,0.7946843853820601,0.3888888888888889,0.2758323256298921,-0.1280526800635069,MODE_3_RELOCALIZE,no_observer_reseed,four_mode_relocalization_v2,,0,0,0,False,1,0,0.4469528547704377,observation,b5_obs_prior_output_hindsight_v1,0,0,precomputed,0,0.0,1.9912142306566238,0,155,cache_read_only_not_online_fps,32fdd06d26764df247b0164387e6061cbe61664ba5aa2aabd173919761ed38aa,cached_perception_v2,1,1,1,0.45679769611513055,,1,2355.8118669316173,0,13.705514371395111,2355.8118669316173,2371.508595533669,0.4469528547704377,0.4746110288744116,1.794160285997333,0.44695347066891244,0.45679769611513055,0.4469528547704377
cracker_box_reorient_occ60,1579908954765630420,0.4808996056451324,0.5870180582967908,1.2067487811353252,1.2345653494975064,0.04335904554856429,0.04435850780075389,0.7946843853820601,0.7946843853820601,0.10611845265165837,0.02781656836218116,MODE_3_RELOCALIZE,no_observer_reseed,four_mode_relocalization_v2,,0,0,0,False,1,0,0.4808996056451324,policy_output,b5_obs_prior_output_hindsight_v1,0,0,precomputed,0,0.0,2.1816566586494446,0,156,cache_read_only_not_online_fps,32fdd06d26764df247b0164387e6061cbe61664ba5aa2aabd173919761ed38aa,cached_perception_v2,1,1,1,0.44357967188885317,,1,2336.9424119591713,0,11.791130527853966,2336.9424119591713,2350.9151991456747,0.4808996056451324,0.49109798341107874,1.8229715644771625,0.48090007331807494,0.44357967188885317,0.44357967188885317
cracker_box_reorient_occ60,1579908954822591732,0.45958608317614597,0.4353695279895752,1.2320089058707797,1.183941610892053,0.044266653591007524,0.04253957330308042,0.7946843853820601,0.7946843853820601,-0.024216555186570787,-0.04806729497872664,MODE_3_RELOCALIZE,no_observer_reseed,four_mode_relocalization_v2,,0,0,0,False,1,0,0.4353695279895752,prior,b5_obs_prior_output_hindsight_v1,0,0,precomputed,0,0.0,2.1285992115736008,0,157,cache_read_only_not_online_fps,32fdd06d26764df247b0164387e6061cbe61664ba5aa2aabd173919761ed38aa,cached_perception_v2,1,1,1,0.4887518443746749,,1,2316.2828143686056,0,11.327849701046944,2316.2828143686056,2329.739263281226,0.45958608317614597,0.4848161276891797,1.851166911557162,0.4595866152144491,0.4887518443746749,0.4353695279895752
cracker_box_reorient_occ60,1579908954881583145,0.4795768138334465,0.6526863608749386,1.2388291994109857,1.2478987535019055,0.04451170991332355,0.04483758321444542,0.7946843853820601,0.7946843853820601,0.17310954704149206,0.009069554090919807,MODE_3_RELOCALIZE,no_observer_reseed,four_mode_relocalization_v2,,0,0,0,False,1,0,0.4795768138334465,policy_output,b5_obs_prior_output_hindsight_v1,0,0,precomputed,0,0.0,1.666720025241375,0,158,cache_read_only_not_online_fps,32fdd06d26764df247b0164387e6061cbe61664ba5aa2aabd173919761ed38aa,cached_perception_v2,1,1,1,0.4385057897604624,,1,2319.886497221887,0,11.071143671870232,2319.886497221887,2332.6243609189987,0.4795768138334465,0.4804932090482712,1.8792685266518707,0.4795773590863075,0.4385057897604624,0.4385057897604624
cracker_box_reorient_occ60,1579908954944449527,0.4980121727471011,0.5185993856720518,1.2121173344743916,1.1735019050939042,0.043551940169547027,0.04216446981319772,0.7946843853820601,0.7946843853820601,0.020587212924950693,-0.038615429380487454,MODE_3_RELOCALIZE,no_observer_reseed,four_mode_relocalization_v2,,0,0,0,False,1,0,0.4980121727471011,observation,b5_obs_prior_output_hindsight_v1,0,0,precomputed,0,0.0,1.6743671149015427,0,159,cache_read_only_not_online_fps,32fdd06d26764df247b0164387e6061cbe61664ba5aa2aabd173919761ed38aa,cached_perception_v2,1,1,1,0.6632708856319802,,1,2320.5766566097736,0,11.816485784947872,2320.5766566097736,2334.067509509623,0.4980121727471011,0.4911222627735269,1.907464932287731,0.4980127092813128,0.6632708856319802,0.4980121727471011
cracker_box_reorient_occ60,1579908954997836462,0.4542270474982779,0.9716610135038797,1.186753087995346,1.0786521679122947,0.0426405909843792,0.03875647459578588,0.7946843853820601,0.3888888888888889,0.5174339660056018,-0.10810092008305139,MODE_3_RELOCALIZE,no_observer_reseed,four_mode_relocalization_v2,,0,0,0,False,1,0,0.4542270474982779,observation,b5_obs_prior_output_hindsight_v1,0,0,precomputed,0,0.0,1.7213737592101097,0,160,cache_read_only_not_online_fps,32fdd06d26764df247b0164387e6061cbe61664ba5aa2aabd173919761ed38aa,cached_perception_v2,1,1,1,0.6503340112361528,,1,2322.6242922246456,0,11.683322489261627,2322.6242922246456,2336.0289884731174,0.4542270474982779,0.47435632845474673,1.9356833896558365,0.45422760335168866,0.6503340112361528,0.4542270474982779
cracker_box_reorient_occ60,1579908955061541775,0.4167130029185311,0.6378767383544262,1.206081584355056,1.129421383397471,0.04333507285761338,0.04058063614547944,0.7946843853820601,0.66,0.22116373543589507,-0.07666020095758519,MODE_3_RELOCALIZE,no_observer_reseed,four_mode_relocalization_v2,,0,0,0,False,1,0,0.4167130029185311,observation,b5_obs_prior_output_hindsight_v1,0,0,precomputed,0,0.0,1.946963369846344,0,161,cache_read_only_not_online_fps,32fdd06d26764df247b0164387e6061cbe61664ba5aa2aabd173919761ed38aa,cached_perception_v2,1,1,1,0.5109440447600013,,1,2319.95883397758,0,11.074005626142025,2319.95883397758,2332.9798029735684,0.4167130029185311,0.4433075276953999,1.9637230567979078,0.41671355418828854,0.5109440447600013,0.4167130029185311
cracker_box_reorient_occ60,1579908955121430483,0.523478848781552,0.4850072370013973,1.23967499673022,1.2299415338536233,0.04454209980479295,0.04419237195189671,0.7946843853820601,0.7946843853820601,-0.038471611780154735,-0.009733462876596821,MODE_3_RELOCALIZE,no_observer_reseed,four_mode_relocalization_v2,,0,0,0,False,1,0,0.4850072370013973,policy_output,b5_obs_prior_output_hindsight_v1,0,0,precomputed,0,0.0,2.4286722764372826,0,162,cache_read_only_not_online_fps,32fdd06d26764df247b0164387e6061cbe61664ba5aa2aabd173919761ed38aa,cached_perception_v2,1,1,1,0.483540789072846,,1,2324.3168173357844,0,10.644711554050446,2324.3168173357844,2337.390201166272,0.523478848781552,0.4658204568980453,1.992080067169336,0.5234793078132831,0.483540789072846,0.483540789072846
cracker_box_reorient_occ60,1579908955181354154,0.4835810075479017,0.48099764611584256,1.1831554338915764,1.1738959641806068,0.04251132559742222,0.042178628539650376,0.7946843853820601,0.7946843853820601,-0.002583361432059117,-0.009259469710969581,MODE_3_RELOCALIZE,no_observer_reseed,four_mode_relocalization_v2,,0,0,0,False,1,0,0.48099764611584256,policy_output,b5_obs_prior_output_hindsight_v1,0,0,precomputed,0,0.0,2.0853737369179726,0,163,cache_read_only_not_online_fps,32fdd06d26764df247b0164387e6061cbe61664ba5aa2aabd173919761ed38aa,cached_perception_v2,1,1,1,0.47565323375179924,,1,2320.321934297681,0,10.49994956701994,2320.321934297681,2332.9072576016188,0.4835810075479017,0.47809679112119163,2.020797570585441,0.48358143058618375,0.47565323375179924,0.47565323375179924
cracker_box_reorient_occ60,1579908955237554010,0.4222795550877392,0.47013985538623515,1.2291958863650285,1.1627050037689735,0.0441655804904703,0.04177653212173339,0.7946843853820601,0.7946843853820601,0.04786030029849597,-0.06649088259605507,MODE_3_RELOCALIZE,no_observer_reseed,four_mode_relocalization_v2,,0,0,0,False,1,0,0.4222795550877392,observation,b5_obs_prior_output_hindsight_v1,0,0,precomputed,0,0.0,1.819211058318615,0,164,cache_read_only_not_online_fps,32fdd06d26764df247b0164387e6061cbe61664ba5aa2aabd173919761ed38aa,cached_perception_v2,1,1,1,0.5544288931777752,,1,2320.730160921812,0,10.763180442154408,2320.730160921812,2333.312552422285,0.4222795550877392,0.4560712211777012,2.049552924357382,0.4222800952900677,0.5544288931777752,0.4222795550877392
cracker_box_reorient_occ60,1579908955303050854,0.46677124820464044,0.665286247166707,1.2004339361218785,1.148895030381252,0.04313215022714324,0.041280333348216236,0.7946843853820601,0.7272727272727273,0.1985149989620666,-0.051538905740626584,MODE_3_RELOCALIZE,no_observer_reseed,four_mode_relocalization_v2,,0,0,0,False,1,0,0.46677124820464044,observation,b5_obs_prior_output_hindsight_v1,0,0,precomputed,0,0.0,2.248583361506462,0,165,cache_read_only_not_online_fps,32fdd06d26764df247b0164387e6061cbe61664ba5aa2aabd173919761ed38aa,cached_perception_v2,1,1,1,0.6330889678408397,,1,2319.297732785344,0,12.02990859746933,2319.297732785344,2333.57622474432,0.46677124820464044,0.4556386089135318,2.0783676953964942,0.4667717066076626,0.6330889678408397,0.46677124820464044
cracker_box_reorient_occ60,1579908955361594558,0.4563533774778592,0.714219572413371,1.1907248976037683,1.0833080697664104,0.042783299952819,0.03892376331711553,0.7946843853820601,0.3888888888888889,0.25786619493551177,-0.10741682783735795,MODE_3_RELOCALIZE,no_observer_reseed,four_mode_relocalization_v2,,0,0,0,False,1,0,0.4563533774778592,policy_output,b5_obs_prior_output_hindsight_v1,0,0,precomputed,0,0.0,1.612262800335884,0,166,cache_read_only_not_online_fps,32fdd06d26764df247b0164387e6061cbe61664ba5aa2aabd173919761ed38aa,cached_perception_v2,1,1,1,0.41885912791412544,,1,2318.4796515852213,0,12.00290210545063,2318.4796515852213,2332.094816491008,0.4563533774778592,0.4564457683825362,2.107537304225817,0.4563538770775172,0.41885912791412544,0.41885912791412544
cracker_box_reorient_occ60,1579908955420513383,0.4611018523840364,0.5119151803645127,1.2011579716615557,1.2567370983343775,0.04315816516118288,0.04515514905926403,0.7946843853820601,0.7946843853820601,0.050813327980476275,0.05557912667282183,MODE_3_RELOCALIZE,no_observer_reseed,four_mode_relocalization_v2,,0,0,0,False,1,0,0.4611018523840364,observation,b5_obs_prior_output_hindsight_v1,0,0,precomputed,0,0.0,1.7126165330410004,0,167,cache_read_only_not_online_fps,32fdd06d26764df247b0164387e6061cbe61664ba5aa2aabd173919761ed38aa,cached_perception_v2,1,1,1,0.4653896523334879,,1,2316.3676420226693,0,10.8565678820014,2316.3676420226693,2328.9368264377117,0.4611018523840364,0.4539735045379684,2.137155884716848,0.4611022658691434,0.4653896523334879,0.4611018523840364
cracker_box_reorient_occ60,1579908955480678629,0.42490293911815125,0.5352841561642242,1.1935132256703749,1.165581582235881,0.04288348587845183,0.04187988892533698,0.7946843853820601,0.7946843853820601,0.11038121704607295,-0.027931643434493836,MODE_3_RELOCALIZE,no_observer_reseed,four_mode_relocalization_v2,,0,0,0,False,1,0,0.42490293911815125,observation,b5_obs_prior_output_hindsight_v1,0,0,precomputed,0,0.0,2.2490257397294044,0,168,cache_read_only_not_online_fps,32fdd06d26764df247b0164387e6061cbe61664ba5aa2aabd173919761ed38aa,cached_perception_v2,1,1,1,0.551767692069193,,1,2321.973546408117,0,10.300450958311558,2321.973546408117,2334.523023106158,0.42490293911815125,0.44156070510538037,2.166933494914787,0.42490343609939013,0.551767692069193,0.42490293911815125
cracker_box_reorient_occ60,1579908955544931862,0.4456949545550871,0.741084012299046,1.1942450816734966,1.151065552268943,0.04290978180538411,0.04135832121020024,0.7946843853820601,0.7272727272727273,0.29538905774395885,-0.04317952940455361,MODE_3_RELOCALIZE,no_observer_reseed,four_mode_relocalization_v2,,0,0,0,False,1,0,0.4456949545550871,observation,b5_obs_prior_output_hindsight_v1,0,0,precomputed,0,0.0,2.187051810324192,0,169,cache_read_only_not_online_fps,32fdd06d26764df247b0164387e6061cbe61664ba5aa2aabd173919761ed38aa,cached_perception_v2,1,1,1,0.4732215333766867,,1,2317.295454442501,0,11.251138523221016,2317.295454442501,2330.7336447760463,0.4456949545550871,0.43866639085550607,2.1967063583679765,0.44569550908852934,0.4732215333766867,0.4456949545550871
cracker_box_reorient_occ60,1579908955606134962,0.2971594131801959,0.4500060894781371,1.1999646614972528,1.1778645612299043,0.0431152889713939,0.042321222079345105,0.7946843853820601,0.7946843853820601,0.1528466762979412,-0.022100100267348433,MODE_3_RELOCALIZE,no_observer_reseed,four_mode_relocalization_v2,,0,0,0,False,1,0,0.2971594131801959,observation,b5_obs_prior_output_hindsight_v1,0,0,precomputed,0,0.0,1.8602898344397545,0,170,cache_read_only_not_online_fps,32fdd06d26764df247b0164387e6061cbe61664ba5aa2aabd173919761ed38aa,cached_perception_v2,1,1,1,0.563910950884739,,1,2318.5660243034363,0,11.20062917470932,2318.5660243034363,2331.6269433125854,0.2971594131801959,0.37161025720305085,2.2265871719405803,0.29715995791768873,0.563910950884739,0.2971594131801959
cracker_box_reorient_occ60,1579908955671821502,0.4039230994163212,0.668818985596908,1.2423745779531388,1.1114661326860826,0.04463909701501301,0.039935495627750034,0.7946843853820601,0.5121951219512195,0.2648958861805868,-0.13090844526705614,MODE_3_RELOCALIZE,no_observer_reseed,four_mode_relocalization_v2,,0,0,0,False,1,0,0.4039230994163212,observation,b5_obs_prior_output_hindsight_v1,0,0,precomputed,0,0.0,1.5244865790009499,0,171,cache_read_only_not_online_fps,32fdd06d26764df247b0164387e6061cbe61664ba5aa2aabd173919761ed38aa,cached_perception_v2,1,1,1,0.460246070269389,,1,2319.3523604422808,0,11.794405058026314,2319.3523604422808,2332.671252079308,0.4039230994163212,0.3472729661472412,2.2568396541055518,0.40392365475720815,0.460246070269389,0.4039230994163212
cracker_box_reorient_occ60,1579908955735371811,0.43003582807234747,0.4798765746931199,1.2045476584815251,1.2036658035003183,0.04327995818680677,0.04324827272675485,0.7946843853820601,0.7946843853820601,0.049840746620772425,-0.0008818549812068532,MODE_3_RELOCALIZE,no_observer_reseed,four_mode_relocalization_v2,,0,0,0,False,1,0,0.43003582807234747,observation,b5_obs_prior_output_hindsight_v1,0,0,precomputed,0,0.0,2.167876809835434,0,172,cache_read_only_not_online_fps,32fdd06d26764df247b0164387e6061cbe61664ba5aa2aabd173919761ed38aa,cached_perception_v2,1,1,1,0.4622573468276523,,1,2321.1815198883414,0,11.476457118988037,2321.1815198883414,2334.825853817165,0.43003582807234747,0.3851073669742458,2.2875439970439113,0.4300364594657135,0.4622573468276523,0.43003582807234747
cracker_box_reorient_occ60,1579908955797891982,0.43403821070542764,0.46141801615159583,1.1863487592678637,1.1798530705176102,0.042626063264951955,0.042392670143869576,0.7946843853820601,0.7946843853820601,0.027379805446168193,-0.006495688750253414,MODE_3_RELOCALIZE,no_observer_reseed,four_mode_relocalization_v2,,0,0,0,False,1,0,0.43403821070542764,observation,b5_obs_prior_output_hindsight_v1,0,0,precomputed,0,0.0,1.652546226978302,0,173,cache_read_only_not_online_fps,32fdd06d26764df247b0164387e6061cbe61664ba5aa2aabd173919761ed38aa,cached_perception_v2,1,1,1,0.5281108146659144,,1,2320.9935082122684,0,11.255445890128613,2320.9935082122684,2333.9015003293753,0.43403821070542764,0.4269213571049724,2.3186696856592106,0.434038906120527,0.5281108146659144,0.43403821070542764
cracker_box_reorient_occ60,1579908955860668264,0.4913341662309465,0.622716772935539,1.2710934551488813,1.1494990147818174,0.045670979643692614,0.041302034788933746,0.7946843853820601,0.7272727272727273,0.13138260670459245,-0.1215944403670639,MODE_3_RELOCALIZE,no_observer_reseed,four_mode_relocalization_v2,,0,0,0,False,1,0,0.4913341662309465,observation,b5_obs_prior_output_hindsight_v1,0,0,precomputed,0,0.0,1.9282475113868713,0,174,cache_read_only_not_online_fps,32fdd06d26764df247b0164387e6061cbe61664ba5aa2aabd173919761ed38aa,cached_perception_v2,1,1,1,0.5156693226962119,,1,2321.9586182385683,0,10.685865767300129,2321.9586182385683,2334.5727315172553,0.4913341662309465,0.47422487541726327,2.3499830465386373,0.4913348412434058,0.5156693226962119,0.4913341662309465
cracker_box_reorient_occ60,1579908955918699153,0.5098299426217009,0.5053331441950711,1.1856463847126122,1.161994220352168,0.04260082662016774,0.041750993342638515,0.7946843853820601,0.7946843853820601,-0.004496798426629756,-0.02365216436044415,MODE_3_RELOCALIZE,no_observer_reseed,four_mode_relocalization_v2,,0,0,0,False,1,0,0.5053331441950711,policy_output,b5_obs_prior_output_hindsight_v1,0,0,precomputed,0,0.0,1.836317591369152,0,175,cache_read_only_not_online_fps,32fdd06d26764df247b0164387e6061cbe61664ba5aa2aabd173919761ed38aa,cached_perception_v2,1,1,1,0.4791258709317833,,1,2320.6484811380506,0,10.945296846330166,2320.6484811380506,2333.43009557575,0.5098299426217009,0.5021784397210217,2.381639045938299,0.509830522866436,0.4791258709317833,0.4791258709317833
cracker_box_reorient_occ60,1579908955980123644,0.3980664255711795,0.6239081019418418,1.1545428140300726,1.1902966081116217,0.04148326084423348,0.042767911311961636,0.7946843853820601,0.7946843853820601,0.22584167637066227,0.035753794081549106,MODE_3_RELOCALIZE,no_observer_reseed,four_mode_relocalization_v2,,0,0,0,False,1,0,0.3980664255711795,observation,b5_obs_prior_output_hindsight_v1,0,0,precomputed,0,0.0,1.9601164385676384,0,176,cache_read_only_not_online_fps,32fdd06d26764df247b0164387e6061cbe61664ba5aa2aabd173919761ed38aa,cached_perception_v2,1,1,1,0.5030780429868595,,1,2332.718356512487,0,11.60830445587635,2332.718356512487,2346.286777406931,0.3980664255711795,0.4877476246923407,2.3360343749839276,0.3980668859099841,0.5030780429868595,0.3980664255711795
cracker_box_reorient_occ60,1579908956035285607,0.3918504863231405,0.6184152505261645,1.1689282288399614,1.1996333348879908,0.042000135495965166,0.0431033842520629,0.7946843853820601,0.7946843853820601,0.22656476420302402,0.03070510604802945,MODE_3_RELOCALIZE,no_observer_reseed,four_mode_relocalization_v2,,0,0,0,False,1,0,0.3918504863231405,observation,b5_obs_prior_output_hindsight_v1,0,0,precomputed,0,0.0,1.9331052899360657,0,177,cache_read_only_not_online_fps,32fdd06d26764df247b0164387e6061cbe61664ba5aa2aabd173919761ed38aa,cached_perception_v2,1,1,1,0.46571982760062514,,1,2318.278447724879,0,10.42842399328947,2318.278447724879,2330.6399770081043,0.3918504863231405,0.41119174273068204,2.3667997286385494,0.3918511547874173,0.46571982760062514,0.3918504863231405
cracker_box_reorient_occ60,1579908956104385902,0.4061572848523953,0.45535962326426205,1.2033100139342932,1.135061535439333,0.043235489041997796,0.04078328943430551,0.7946843853820601,0.66,0.049202338411866775,-0.06824847849496019,MODE_3_RELOCALIZE,no_observer_reseed,four_mode_relocalization_v2,,0,0,0,False,1,0,0.4061572848523953,observation,b5_obs_prior_output_hindsight_v1,0,0,precomputed,0,0.0,2.6768138632178307,0,178,cache_read_only_not_online_fps,32fdd06d26764df247b0164387e6061cbe61664ba5aa2aabd173919761ed38aa,cached_perception_v2,1,1,1,0.4712079733559813,,1,2318.5621965676546,0,15.731276012957096,2318.5621965676546,2336.9702864438295,0.4061572848523953,0.3653025049595422,2.3979097163474345,0.40615771317233756,0.4712079733559813,0.4061572848523953
cracker_box_reorient_occ60,1579908956170495108,0.41832770322090296,0.4796661821818612,1.21011367901372,1.174984702535429,0.04347994789597609,0.042217747415637795,0.7946843853820601,0.7946843853820601,0.06133847896095823,-0.03512897647829094,MODE_3_RELOCALIZE,no_observer_reseed,four_mode_relocalization_v2,,0,0,0,False,1,0,0.41832770322090296,policy_output,b5_obs_prior_output_hindsight_v1,0,0,precomputed,0,0.0,1.556319184601307,0,179,cache_read_only_not_online_fps,32fdd06d26764df247b0164387e6061cbe61664ba5aa2aabd173919761ed38aa,cached_perception_v2,1,1,1,0.4051180541746832,,1,2320.598208345473,0,10.790896601974964,2320.598208345473,2332.945424132049,0.41832770322090296,0.39855836529010447,2.4290979839948807,0.418328231066192,0.4051180541746832,0.4051180541746832
cracker_box_reorient_occ60,1579908956231639950,0.5426840720293818,0.4852298066410365,1.2158192334810558,1.3281780630293687,0.043684951124399726,0.047722056182492464,0.7946843853820601,0.7946843853820601,-0.05745426538834536,0.11235882954831289,MODE_3_RELOCALIZE,no_observer_reseed,four_mode_relocalization_v2,,0,0,0,False,1,0,0.4852298066410365,prior,b5_obs_prior_output_hindsight_v1,0,0,precomputed,0,0.0,2.117512747645378,0,180,cache_read_only_not_online_fps,32fdd06d26764df247b0164387e6061cbe61664ba5aa2aabd173919761ed38aa,cached_perception_v2,1,1,1,0.7800109146611974,,1,2316.9426508247852,0,11.372528970241547,2316.9426508247852,2330.432692542672,0.5426840720293818,0.6142741829949463,2.568795237459926,0.5426841645484182,0.7800109146611974,0.4852298066410365
cracker_box_reorient_occ60,1579908956293170522,0.7082681387895184,1.3402460852893787,1.2239276879887908,1.082970312065059,0.04397629167002562,0.03891162752565155,0.7946843853820601,0.3888888888888889,0.6319779464998603,-0.14095737592373192,MODE_3_RELOCALIZE,no_observer_reseed,four_mode_relocalization_v2,,0,0,0,False,1,0,0.7082681387895184,policy_output,b5_obs_prior_output_hindsight_v1,0,0,precomputed,0,0.0,2.159271389245987,0,181,cache_read_only_not_online_fps,32fdd06d26764df247b0164387e6061cbe61664ba5aa2aabd173919761ed38aa,cached_perception_v2,1,1,1,0.5136915065569738,,1,2317.445165477693,0,9.923669509589672,2317.445165477693,2329.5281063765287,0.7082681387895184,0.7814491619034734,2.5613377345661297,0.7082681957231799,0.5136915065569738,0.5136915065569738
cracker_box_reorient_occ60,1579908956343005426,1.3587990537957328,0.6695919031440563,1.2402834163047243,1.346922129854025,0.04456396060337503,0.0483955392304314,0.7946843853820601,0.7946843853820601,-0.6892071506516766,0.10663871354930077,MODE_3_RELOCALIZE,no_observer_reseed,four_mode_relocalization_v2,,0,0,0,False,1,0,0.6695919031440563,policy_output,b5_obs_prior_output_hindsight_v1,0,0,precomputed,0,0.0,2.076614648103714,0,182,cache_read_only_not_online_fps,32fdd06d26764df247b0164387e6061cbe61664ba5aa2aabd173919761ed38aa,cached_perception_v2,1,1,1,0.5045444905339425,,1,2320.241089910269,0,10.294044390320778,2320.241089910269,2332.6117489486933,1.3587990537957328,1.348207782426775,3.121214785541688,1.358798961149148,0.5045444905339425,0.5045444905339425
cracker_box_reorient_occ60,1579908956403211147,1.378936925629052,0.5784340074397569,1.403330375813196,1.284066396538544,0.05042231377049537,0.0461371034678112,0.7946843853820601,0.7946843853820601,-0.8005029181892951,-0.11926397927465215,MODE_3_RELOCALIZE,no_observer_reseed,four_mode_relocalization_v2,,0,0,0,False,1,0,0.5784340074397569,policy_output,b5_obs_prior_output_hindsight_v1,0,0,precomputed,0,0.0,1.8558958545327187,0,183,cache_read_only_not_online_fps,32fdd06d26764df247b0164387e6061cbe61664ba5aa2aabd173919761ed38aa,cached_perception_v2,1,1,1,0.466923606751687,,1,2320.185450837016,0,10.622621513903141,2320.185450837016,2332.663968205452,1.378936925629052,1.5303887787853188,3.582033280562759,1.5028368210741203,0.466923606751687,0.466923606751687
cracker_box_reorient_occ60,1579908956455937057,2.010047616008872,0.9614915908171386,1.2151310844367302,1.3224795737965787,0.04366022560884624,0.04751730681123552,0.7946843853820601,0.7946843853820601,-1.0485560251917334,0.10734848935984842,MODE_3_RELOCALIZE,no_observer_reseed,four_mode_relocalization_v2,,0,0,0,False,1,0,0.9614915908171386,policy_output,b5_obs_prior_output_hindsight_v1,0,0,precomputed,0,0.0,2.2211093455553055,0,184,cache_read_only_not_online_fps,32fdd06d26764df247b0164387e6061cbe61664ba5aa2aabd173919761ed38aa,cached_perception_v2,1,1,1,0.6215018856146387,,1,2328.535526059568,0,10.89682150632143,2328.535526059568,2341.6534569114447,2.010047616008872,2.1090477968374777,4.601992041495128,2.010047461755882,0.6215018856146387,0.6215018856146387
cracker_box_reorient_occ60,1579908956518874198,2.060182320442303,0.5779934332377111,1.4574092579568938,1.2617455785686504,0.05236539318415594,0.04533510608594743,0.7946843853820601,0.7946843853820601,-1.4821888872045919,-0.19566367938824336,MODE_3_RELOCALIZE,no_observer_reseed,four_mode_relocalization_v2,,0,0,0,False,1,0,0.5779934332377111,policy_output,b5_obs_prior_output_hindsight_v1,0,0,precomputed,0,0.0,1.4351019635796547,0,185,cache_read_only_not_online_fps,32fdd06d26764df247b0164387e6061cbe61664ba5aa2aabd173919761ed38aa,cached_perception_v2,1,1,1,0.3893154205513997,,1,2317.5648199394345,0,11.512994766235352,2317.5648199394345,2330.5129166692495,2.060182320442303,2.2389831266870326,5.646019900588136,2.060181988953741,0.3893154205513997,0.3893154205513997
cracker_box_reorient_occ60,1579908956578476446,2.2531558126078948,0.5418147562689866,1.3185805394254928,1.2400426831668518,0.04737721269095617,0.04455531094964989,0.7946843853820601,0.7946843853820601,-1.7113410563389082,-0.07853785625864096,MODE_3_RELOCALIZE,no_observer_reseed,four_mode_relocalization_v2,,0,0,0,False,1,0,0.5418147562689866,prior,b5_obs_prior_output_hindsight_v1,0,0,precomputed,0,0.0,2.282937988638878,0,186,cache_read_only_not_online_fps,32fdd06d26764df247b0164387e6061cbe61664ba5aa2aabd173919761ed38aa,cached_perception_v2,1,1,1,0.7479917738932013,,1,2318.7414901331067,0,18.36444903165102,2318.7414901331067,2339.3888771533966,2.2531558126078948,2.4343156259914807,6.995142056842772,2.2595976794663777,0.7479917738932013,0.5418147562689866
cracker_box_reorient_occ60,1579908956638901151,2.1099899221763803,0.7445414497234861,1.6929269390650366,1.246834140419551,0.06082765311952772,0.044799331170730095,0.7946843853820601,0.7946843853820601,-1.3654484724528941,-0.44609279864548546,MODE_3_RELOCALIZE,no_observer_reseed,four_mode_relocalization_v2,,0,0,0,False,1,0,0.7445414497234861,policy_output,b5_obs_prior_output_hindsight_v1,0,0,precomputed,0,0.0,1.730513758957386,0,187,cache_read_only_not_online_fps,32fdd06d26764df247b0164387e6061cbe61664ba5aa2aabd173919761ed38aa,cached_perception_v2,1,1,1,0.4898171288739855,,1,2319.8023019358516,0,11.44643034785986,2319.8023019358516,2332.979246042669,2.1099899221763803,2.158335052329229,7.966401847108849,2.109989420432405,0.4898171288739855,0.4898171288739855
cracker_box_reorient_occ60,1579908956701412264,2.102830948480373,0.933548155134687,1.4264089039057921,1.2351287766622832,0.05125153602984521,0.04437875200110673,0.7946843853820601,0.7946843853820601,-1.169282793345686,-0.19128012724350896,MODE_3_RELOCALIZE,no_observer_reseed,four_mode_relocalization_v2,,0,0,0,False,1,0,0.933548155134687,policy_output,b5_obs_prior_output_hindsight_v1,0,0,precomputed,0,0.0,1.992553472518921,0,188,cache_read_only_not_online_fps,32fdd06d26764df247b0164387e6061cbe61664ba5aa2aabd173919761ed38aa,cached_perception_v2,1,1,1,0.5192349105759373,,1,2321.644814684987,0,11.283976025879383,2321.644814684987,2334.9213441833854,2.102830948480373,2.0253480406550737,8.315083479066084,2.089567458894969,0.5192349105759373,0.5192349105759373
cracker_box_reorient_occ60,1579908956754743472,2.636356243072923,0.6202703201859877,1.6130359549476365,1.2234272620498585,0.05795713286426217,0.043958311133049696,0.7946843853820601,0.7946843853820601,-2.0160859228869352,-0.389608692897778,MODE_3_RELOCALIZE,no_observer_reseed,four_mode_relocalization_v2,,0,0,0,False,1,0,0.6202703201859877,policy_output,b5_obs_prior_output_hindsight_v1,0,0,precomputed,0,0.0,2.3983651772141457,0,189,cache_read_only_not_online_fps,32fdd06d26764df247b0164387e6061cbe61664ba5aa2aabd173919761ed38aa,cached_perception_v2,1,1,1,0.5995284554591135,,1,2318.1863371282816,0,11.88624743372202,2318.1863371282816,2332.4709497392178,2.636356243072923,2.4022366806692883,10.157239394098308,2.636355638345407,0.5995284554591135,0.5995284554591135
cracker_box_reorient_occ60,1579908956805739104,3.189459133635833,0.47585819371034344,1.5610183114270808,1.156960323319066,0.056088114714009873,0.04157012307853955,0.7946843853820601,0.7946843853820601,-2.7136009399254895,-0.40405798810801485,MODE_3_RELOCALIZE,no_observer_reseed,four_mode_relocalization_v2,,0,0,0,False,1,0,0.47585819371034344,prior,b5_obs_prior_output_hindsight_v1,0,0,precomputed,0,0.0,2.0363042131066322,0,190,cache_read_only_not_online_fps,32fdd06d26764df247b0164387e6061cbe61664ba5aa2aabd173919761ed38aa,cached_perception_v2,1,1,1,0.5973928361270425,,1,2321.6143110767007,0,10.651201009750366,2321.6143110767007,2334.3018162995577,3.189459133635833,3.1100631793358464,11.44070173578074,3.1894585947028133,0.5973928361270425,0.47585819371034344
cracker_box_reorient_occ60,1579908956858690945,3.361114749905817,0.9285694859605599,1.5987853273419717,1.235891630259057,0.05744510117953295,0.0444061616860109,0.7946843853820601,0.7946843853820601,-2.4325452639452574,-0.36289369708291463,MODE_3_RELOCALIZE,no_observer_reseed,four_mode_relocalization_v2,,0,0,0,False,1,0,0.9285694859605599,policy_output,b5_obs_prior_output_hindsight_v1,0,0,precomputed,0,0.0,5.0700511783361435,0,191,cache_read_only_not_online_fps,32fdd06d26764df247b0164387e6061cbe61664ba5aa2aabd173919761ed38aa,cached_perception_v2,1,1,1,0.544569428823876,,1,2334.032516926527,0,19.99503094702959,2334.032516926527,2359.0975990518928,3.361114749905817,3.1831335326316843,11.498905917041393,3.3611141124573503,0.544569428823876,0.544569428823876
cracker_box_reorient_occ60,1579908956916864330,3.780271900577059,0.5479210045294177,1.6834286626337445,1.1968996487572214,0.060486375625110216,0.043005161636625086,0.7946843853820601,0.7946843853820601,-3.2323508960476413,-0.48652901387652303,MODE_3_RELOCALIZE,no_observer_reseed,four_mode_relocalization_v2,,0,0,0,False,1,0,0.5479210045294177,prior,b5_obs_prior_output_hindsight_v1,0,0,precomputed,0,0.0,2.5788629427552223,0,192,cache_read_only_not_online_fps,32fdd06d26764df247b0164387e6061cbe61664ba5aa2aabd173919761ed38aa,cached_perception_v2,1,1,1,0.5805762786477575,,1,2317.7599981427193,0,10.174951516091824,2317.7599981427193,2330.5138126015663,3.780271900577059,3.486314202907698,11.691087042059014,3.7802716147892315,0.5805762786477575,0.5479210045294177
cracker_box_reorient_occ60,1579908956981824989,3.697164935561703,0.75155858109585,1.8466396698650331,1.1967756995652143,0.06635062310328929,0.043000708084447566,0.9274193548387096,0.7946843853820601,-2.945606354465853,-0.6498639702998188,MODE_3_RELOCALIZE,no_observer_reseed,four_mode_relocalization_v2,,0,0,0,False,1,0,0.75155858109585,policy_output,b5_obs_prior_output_hindsight_v1,0,0,precomputed,0,0.0,2.3680534213781357,0,193,cache_read_only_not_online_fps,32fdd06d26764df247b0164387e6061cbe61664ba5aa2aabd173919761ed38aa,cached_perception_v2,1,1,1,0.6174502161793,,1,2319.583734497428,0,10.358529165387154,2319.583734497428,2332.3103170841932,3.697164935561703,3.467971271767583,10.760989175950861,3.66611111587372,0.6174502161793,0.6174502161793
cracker_box_reorient_occ60,1579908957046198138,3.6844753712206586,0.6163697701486188,1.8888762359544216,1.1566908803066984,0.06786820258753107,0.04156044186565695,0.9274193548387096,0.7946843853820601,-3.06810560107204,-0.7321853556477231,MODE_3_RELOCALIZE,no_observer_reseed,four_mode_relocalization_v2,,0,0,0,False,1,0,0.6163697701486188,prior,b5_obs_prior_output_hindsight_v1,0,0,precomputed,0,0.0,2.685101702809334,0,194,cache_read_only_not_online_fps,32fdd06d26764df247b0164387e6061cbe61664ba5aa2aabd173919761ed38aa,cached_perception_v2,1,1,1,0.6390806627097849,,1,2317.3465905711055,0,11.090252548456192,2317.3465905711055,2331.121944822371,3.6844753712206586,3.5803735663626908,9.832048984717243,3.684474966874613,0.6390806627097849,0.6163697701486188
cracker_box_reorient_occ60,1579908957104674636,3.7031546599236416,0.6565620821390918,1.9695756691872213,1.145016668051127,0.07076777079591354,0.04114098198399317,0.9274193548387096,0.7272727272727273,-3.0465925777845495,-0.8245590011360944,MODE_3_RELOCALIZE,no_observer_reseed,four_mode_relocalization_v2,,0,0,0,False,1,0,0.6565620821390918,prior,b5_obs_prior_output_hindsight_v1,0,0,precomputed,0,0.0,1.9821906462311745,0,195,cache_read_only_not_online_fps,32fdd06d26764df247b0164387e6061cbe61664ba5aa2aabd173919761ed38aa,cached_perception_v2,1,1,1,0.7180660842485481,,1,2335.391520522535,0,11.212803423404694,2335.391520522535,2348.5865145921707,3.7031546599236416,3.783458132783679,9.380616865063143,3.7031541725181825,0.7180660842485481,0.6565620821390918
cracker_box_reorient_occ60,1579908957163497857,3.7513924631782123,1.2247186867161535,2.0068452384385442,1.2928838203513842,0.07210688377121163,0.046453917610653955,0.9274193548387096,0.7946843853820601,-2.526673776462059,-0.7139614180871601,MODE_3_RELOCALIZE,no_observer_reseed,four_mode_relocalization_v2,,0,0,0,False,1,1,1.2247186867161535,policy_output,b5_obs_prior_output_hindsight_v1,0,0,precomputed,0,0.0,2.003992907702923,0,196,cache_read_only_not_online_fps,32fdd06d26764df247b0164387e6061cbe61664ba5aa2aabd173919761ed38aa,cached_perception_v2,1,1,1,0.5939272040788959,,1,2341.410613618791,0,10.074703022837639,2341.410613618791,2353.4893095493317,3.7513924631782123,3.8517361953091496,9.166189638872064,3.751391943459139,0.5939272040788959,0.5939272040788959
cracker_box_reorient_occ60,1579908957221971420,3.798356584763649,0.8525087525179987,2.091757455724587,1.1873320813838855,0.07515781927203005,0.04266139448639922,0.9274193548387096,0.7946843853820601,-2.9458478322456503,-0.9044253743407014,MODE_3_RELOCALIZE,no_observer_reseed,four_mode_relocalization_v2,,0,0,0,False,1,0,0.8525087525179987,policy_output,b5_obs_prior_output_hindsight_v1,0,0,precomputed,0,0.0,2.902417443692684,0,197,cache_read_only_not_online_fps,32fdd06d26764df247b0164387e6061cbe61664ba5aa2aabd173919761ed38aa,cached_perception_v2,1,1,1,0.6374806491481203,,1,2343.9652593806386,0,17.722326330840588,2343.9652593806386,2364.590003155172,3.798356584763649,3.815309612826028,8.632484112532115,3.798355932057106,0.6374806491481203,0.6374806491481203
cracker_box_reorient_occ60,1579908957276026106,4.048963238878667,0.6833367796097118,1.9249897766006732,1.0896152359689009,0.06916577891682106,0.0391503827352838,0.9274193548387096,0.3888888888888889,-3.365626459268955,-0.8353745406317723,MODE_3_RELOCALIZE,no_observer_reseed,four_mode_relocalization_v2,,0,0,0,False,1,0,0.6833367796097118,policy_output,b5_obs_prior_output_hindsight_v1,0,0,precomputed,0,0.0,1.8950318917632103,0,198,cache_read_only_not_online_fps,32fdd06d26764df247b0164387e6061cbe61664ba5aa2aabd173919761ed38aa,cached_perception_v2,1,1,1,0.5624917252262085,,1,2348.7812858074903,0,10.971245355904102,2348.7812858074903,2361.6475630551577,4.048963238878667,4.013979197186176,8.861817194698732,4.0489624875413295,0.5624917252262085,0.5624917252262085
cracker_box_reorient_occ60,1579908957355367194,4.176148017000176,0.8804569598319519,2.070524872677442,1.0529548202351882,0.07439492267760492,0.03783315692948529,0.9274193548387096,0.24242424242424243,-3.295691057168224,-1.017570052442254,MODE_2_PRIOR,no_observer_reseed,four_mode_relocalization_v2,1.0,0,0,0,False,0,0,0.8804569598319519,prior,b5_obs_prior_output_hindsight_v1,0,0,precomputed,0,0.0,1.8408792093396187,0,199,cache_read_only_not_online_fps,32fdd06d26764df247b0164387e6061cbe61664ba5aa2aabd173919761ed38aa,cached_perception_v2,0,0,0,,,0,0.0,0,13.57344351708889,2.0049847662448883,17.419307492673397,4.176148017000176,4.141164038644115,8.94232615993416,4.176147147546009,0.8804569598319519,0.8804569598319519
cracker_box_reorient_occ60,1579908957413047379,4.704045551964574,0.39805673160874616,2.2137756560771122,0.9174200955884786,0.07954199002036222,0.03296333117019182,1.0,0.0891009055627426,-4.305988820355828,-1.2963555604886337,MODE_2_PRIOR,no_observer_reseed,four_mode_relocalization_v2,1.0,0,0,0,False,0,0,0.39805673160874616,prior,b5_obs_prior_output_hindsight_v1,0,0,precomputed,0,0.0,2.658214420080185,0,200,cache_read_only_not_online_fps,32fdd06d26764df247b0164387e6061cbe61664ba5aa2aabd173919761ed38aa,cached_perception_v2,0,0,0,,,0,0.0,0,16.31344109773636,1.8184976652264595,20.790153183043003,4.704045551964574,4.669389975425003,8.81581526654249,4.7040440515088,0.39805673160874616,0.39805673160874616
cracker_box_reorient_occ60,1579908957466388223,5.220964450169507,0.6248861304347652,2.22961530849418,0.893429946475174,0.08011111610638894,0.03210135394313218,1.0,0.0891009055627426,-4.596078319734742,-1.3361853620190058,MODE_2_PRIOR,no_observer_reseed,four_mode_relocalization_v2,1.0,0,0,0,False,0,0,0.6248861304347652,prior,b5_obs_prior_output_hindsight_v1,0,0,precomputed,0,0.0,2.4221353232860565,0,201,cache_read_only_not_online_fps,32fdd06d26764df247b0164387e6061cbe61664ba5aa2aabd173919761ed38aa,cached_perception_v2,0,0,0,,,0,0.0,0,15.14968741685152,0.9018424898386002,18.473665229976177,5.220964450169507,5.210166385999903,9.187171438443022,5.220962732700704,0.6248861304347652,0.6248861304347652
cracker_box_reorient_occ60,1579908957521048301,5.574729142312743,0.8522759588876815,2.1620108377204152,0.9002730494326412,0.07768205599595861,0.03234722981843009,1.0,0.0891009055627426,-4.722453183425062,-1.261737788287774,MODE_2_PRIOR,no_observer_reseed,four_mode_relocalization_v2,1.0,0,0,0,False,0,0,0.8522759588876815,prior,b5_obs_prior_output_hindsight_v1,0,0,precomputed,0,0.0,2.309156581759453,0,202,cache_read_only_not_online_fps,32fdd06d26764df247b0164387e6061cbe61664ba5aa2aabd173919761ed38aa,cached_perception_v2,0,0,0,,,0,0.0,0,14.692194759845734,1.5856185927987099,18.586969934403896,5.574729142312743,5.588100185600619,9.207817204244376,5.574727206483068,0.8522759588876815,0.8522759588876815
cracker_box_reorient_occ60,1579908957585722546,6.6958662959030235,0.8312685553294828,2.234354940142805,0.8496228447112312,0.08028141327821854,0.030527344380888104,1.0,0.0891009055627426,-5.864597740573541,-1.3847320954315738,MODE_2_PRIOR,no_observer_reseed,four_mode_relocalization_v2,1.0,0,0,0,False,0,0,0.8312685553294828,prior,b5_obs_prior_output_hindsight_v1,0,0,precomputed,0,0.0,2.521519549190998,0,203,cache_read_only_not_online_fps,32fdd06d26764df247b0164387e6061cbe61664ba5aa2aabd173919761ed38aa,cached_perception_v2,0,0,0,,,0,0.0,0,19.489038735628128,0.9371675550937653,22.94772583991289,6.6958662959030235,6.733005277008703,10.072875839154149,6.695863980612257,0.8312685553294828,0.8312685553294828
cracker_box_reorient_occ60,1579908957651590159,7.578027910928073,0.7916785687498475,2.1882600148580873,0.8617920746756597,0.07862520115170003,0.030964590479303212,1.0,0.0891009055627426,-6.786349342178226,-1.3264679401824275,MODE_2_PRIOR,no_observer_reseed,four_mode_relocalization_v2,1.0,0,0,0,False,0,0,0.7916785687498475,prior,b5_obs_prior_output_hindsight_v1,0,0,precomputed,0,0.0,2.8617018833756447,0,204,cache_read_only_not_online_fps,32fdd06d26764df247b0164387e6061cbe61664ba5aa2aabd173919761ed38aa,cached_perception_v2,0,0,0,,,0,0.0,0,17.05682184547186,1.1089462786912918,21.027470007538795,7.578027910928073,7.692786078439617,10.698668304249075,7.578025545102967,0.7916785687498475,0.7916785687498475
cracker_box_reorient_occ60,1579908957714978404,8.55660042978197,1.0517775658603317,2.1107810826141726,0.9032231921979283,0.07584134704326045,0.03245322982152478,0.9274193548387096,0.0891009055627426,-7.504822863921638,-1.2075578904162443,MODE_2_PRIOR,no_observer_reseed,four_mode_relocalization_v2,1.0,0,0,0,False,0,1,1.0517775658603317,prior,b5_obs_prior_output_hindsight_v1,0,0,precomputed,0,0.0,3.418533131480217,0,205,cache_read_only_not_online_fps,32fdd06d26764df247b0164387e6061cbe61664ba5aa2aabd173919761ed38aa,cached_perception_v2,0,0,0,,,0,0.0,0,17.591623589396477,1.20612233877182,22.216279059648514,8.55660042978197,8.829561751485556,12.237799911770379,8.556597976837761,1.0517775658603317,1.0517775658603317
cracker_box_reorient_occ60,1579908957780075691,8.898826407469784,1.2529596950773971,1.9822285569451663,1.0879458755508788,0.0712223949440328,0.03909040183823753,0.9274193548387096,0.3888888888888889,-7.645866712392387,-0.8942826813942875,MODE_3_RELOCALIZE,no_observer_reseed,four_mode_relocalization_v2,,0,0,0,False,1,1,1.2529596950773971,policy_output,b5_obs_prior_output_hindsight_v1,0,0,precomputed,0,0.0,3.6712568253278732,0,206,cache_read_only_not_online_fps,32fdd06d26764df247b0164387e6061cbe61664ba5aa2aabd173919761ed38aa,cached_perception_v2,1,1,1,0.444626195351763,,1,2368.455524556339,0,19.48704570531845,2368.455524556339,2391.613827086985,8.898826407469784,9.143728224412186,12.909882018295688,8.89882406135705,0.444626195351763,0.444626195351763
cracker_box_reorient_occ60,1579908957838500050,9.57210414033097,0.5622606275718937,1.9809707517436401,0.8260675473577721,0.07117720141752856,0.02968099158001954,0.9274193548387096,0.0891009055627426,-9.009843512759076,-1.154903204385868,MODE_2_PRIOR,no_observer_reseed,four_mode_relocalization_v2,1.0,0,0,0,False,0,0,0.5622606275718937,prior,b5_obs_prior_output_hindsight_v1,0,0,precomputed,0,0.0,2.4932771921157837,0,207,cache_read_only_not_online_fps,32fdd06d26764df247b0164387e6061cbe61664ba5aa2aabd173919761ed38aa,cached_perception_v2,0,0,0,,,0,0.0,0,12.300269678235054,1.6029616817831993,16.396508552134037,9.57210414033097,9.61656674218309,13.816888993106542,9.572101828680678,0.5622606275718937,0.5622606275718937
cracker_box_reorient_occ60,1579908957893837382,10.457499631486826,1.2764360393693663,1.8818421381475539,1.4396813652490563,0.06761546417837014,0.05172842174534825,0.9274193548387096,0.7946843853820601,-9.181063592117459,-0.44216077289849753,MODE_3_RELOCALIZE,no_observer_reseed,four_mode_relocalization_v2,,0,0,0,False,1,1,1.2764360393693663,policy_output,b5_obs_prior_output_hindsight_v1,0,0,precomputed,0,0.0,4.161518067121506,0,208,cache_read_only_not_online_fps,32fdd06d26764df247b0164387e6061cbe61664ba5aa2aabd173919761ed38aa,cached_perception_v2,1,1,1,0.5303039216944138,,1,2376.083390787244,0,21.68971113860607,2376.083390787244,2401.9346199929714,10.457499631486826,10.430923347281338,15.039565813951498,10.457497501768575,0.5303039216944138,0.5303039216944138
cracker_box_reorient_occ60,1579908957952716266,10.54673488775345,0.8549709181919163,1.909303935689006,0.9492098956470383,0.06860217934979548,0.03410555348710358,0.9274193548387096,0.0891009055627426,-9.691763969561533,-0.9600940400419677,MODE_2_PRIOR,no_observer_reseed,four_mode_relocalization_v2,1.0,0,0,0,False,0,0,0.8549709181919163,prior,b5_obs_prior_output_hindsight_v1,0,0,precomputed,0,0.0,2.1570175886154175,0,209,cache_read_only_not_online_fps,32fdd06d26764df247b0164387e6061cbe61664ba5aa2aabd173919761ed38aa,cached_perception_v2,0,0,0,,,0,0.0,0,12.680916115641594,1.1631650850176811,16.001098789274693,10.54673488775345,10.576620127131486,15.618090667868751,10.546733067873127,0.8549709181919163,0.8549709181919163
cracker_box_reorient_occ60,1579908958008776338,11.677185816815859,1.3775781033866958,1.9195768552184778,1.5657284193873968,0.06897129013139167,0.05625735108597278,0.9274193548387096,0.7946843853820601,-10.299607713429163,-0.35384843583108094,MODE_3_RELOCALIZE,no_observer_reseed,four_mode_relocalization_v2,,0,0,0,False,1,1,1.3775781033866958,policy_output,b5_obs_prior_output_hindsight_v1,0,0,precomputed,0,0.0,3.2983915880322456,0,210,cache_read_only_not_online_fps,32fdd06d26764df247b0164387e6061cbe61664ba5aa2aabd173919761ed38aa,cached_perception_v2,1,1,1,0.4750078925422839,,1,2359.823822043836,0,13.796106912195683,2359.823822043836,2376.918320544064,11.677185816815859,11.683675951700126,17.163535391460723,11.677184185972992,0.4750078925422839,0.4750078925422839
cracker_box_reorient_occ60,1579908958063252809,12.008265575623605,0.822223094042971,1.9308446332878817,0.9784410164750199,0.06937614664351738,0.03515584126798174,0.9274193548387096,0.0891009055627426,-11.186042481580634,-0.9524036168128618,MODE_2_PRIOR,no_observer_reseed,four_mode_relocalization_v2,1.0,0,0,0,False,0,0,0.822223094042971,prior,b5_obs_prior_output_hindsight_v1,0,0,precomputed,0,0.0,2.8210245072841644,0,211,cache_read_only_not_online_fps,32fdd06d26764df247b0164387e6061cbe61664ba5aa2aabd173919761ed38aa,cached_perception_v2,0,0,0,,,0,0.0,0,11.483483947813511,0.7888423278927803,15.093350782990456,12.008265575623605,11.982470528069543,17.78408012813071,12.008264150011138,0.822223094042971,0.822223094042971
cracker_box_reorient_occ60,1579908958119541121,12.308562341166684,1.120933309707415,1.9081074448626707,1.4980733983582522,0.06855918887733882,0.05382647468133127,0.9274193548387096,0.7946843853820601,-11.18762903145927,-0.41003404650441855,MODE_3_RELOCALIZE,no_observer_reseed,four_mode_relocalization_v2,,0,0,0,False,1,1,1.120933309707415,policy_output,b5_obs_prior_output_hindsight_v1,0,0,precomputed,0,0.0,2.45627760887146,0,212,cache_read_only_not_online_fps,32fdd06d26764df247b0164387e6061cbe61664ba5aa2aabd173919761ed38aa,cached_perception_v2,1,1,1,0.577250455232947,,1,2332.6482912525535,0,12.286518700420856,2332.6482912525535,2347.391087561846,12.308562341166684,12.312047952428005,18.522961495368108,12.308561151092427,0.577250455232947,0.577250455232947
cracker_box_reorient_occ60,1579908958181362729,13.848874968935432,1.31023906241779,1.963142139226528,1.2935651786721112,0.07053661106908016,0.0464783991323469,0.9274193548387096,0.7946843853820601,-12.538635906517642,-0.6695769605544168,MODE_3_RELOCALIZE,no_observer_reseed,four_mode_relocalization_v2,,0,0,0,False,1,1,1.31023906241779,policy_output,b5_obs_prior_output_hindsight_v1,0,0,precomputed,0,0.0,1.5679262578487396,0,213,cache_read_only_not_online_fps,32fdd06d26764df247b0164387e6061cbe61664ba5aa2aabd173919761ed38aa,cached_perception_v2,1,1,1,0.63638225518754,,1,2353.293538093567,0,12.641278095543385,2353.293538093567,2367.502742446959,13.848874968935432,13.836951683976112,20.45534524766511,13.848873364139571,0.63638225518754,0.63638225518754
cracker_box_reorient_occ60,1579908958260026998,14.919766056306349,0.5733510035984222,1.9361559935215498,0.9776564412119192,0.06956698628959498,0.035127651113493204,0.9274193548387096,0.0891009055627426,-14.346415052707927,-0.9584995523096306,MODE_2_PRIOR,no_observer_reseed,four_mode_relocalization_v2,1.0,0,0,0,False,0,0,0.5733510035984222,prior,b5_obs_prior_output_hindsight_v1,0,0,precomputed,0,0.0,1.5875361859798431,0,214,cache_read_only_not_online_fps,32fdd06d26764df247b0164387e6061cbe61664ba5aa2aabd173919761ed38aa,cached_perception_v2,0,0,0,,,0,0.0,0,12.112283147871494,1.5236660838127136,15.223485417664051,14.919766056306349,14.962121611865259,21.891402834629172,14.919764194871322,0.5733510035984222,0.5733510035984222
cracker_box_reorient_occ60,1579908958346379960,15.569639340980457,0.717348433011444,1.9413270805475915,0.8888661067662218,0.06975278585401368,0.03193737305754087,0.9274193548387096,0.0891009055627426,-14.852290907969012,-1.0524609737813697,MODE_2_PRIOR,no_observer_reseed,four_mode_relocalization_v2,1.0,0,0,0,False,0,0,0.717348433011444,prior,b5_obs_prior_output_hindsight_v1,0,0,precomputed,0,0.0,2.3608990013599396,0,215,cache_read_only_not_online_fps,32fdd06d26764df247b0164387e6061cbe61664ba5aa2aabd173919761ed38aa,cached_perception_v2,0,0,0,,,0,0.0,0,11.454173363745213,1.7892047762870789,15.604277141392231,15.569639340980457,15.58736123946427,23.00075445866714,15.569637593591779,0.717348433011444,0.717348433011444
cracker_box_reorient_occ60,1579908958418981806,16.56856442573177,0.7794203281647989,1.9124262221701542,0.9504866071447081,0.06871436455674834,0.03415142632563072,0.9274193548387096,0.0891009055627426,-15.78914409756697,-0.9619396150254461,MODE_2_PRIOR,no_observer_reseed,four_mode_relocalization_v2,1.0,0,0,0,False,0,0,0.7794203281647989,prior,b5_obs_prior_output_hindsight_v1,0,0,precomputed,0,0.0,3.193370997905731,0,216,cache_read_only_not_online_fps,32fdd06d26764df247b0164387e6061cbe61664ba5aa2aabd173919761ed38aa,cached_perception_v2,0,0,0,,,0,0.0,0,21.8692384660244,2.2844653576612473,27.347074821591377,16.56856442573177,16.551495387053343,24.2303910691657,16.568562976915764,0.7794203281647989,0.7794203281647989
cracker_box_reorient_occ60,1579908958484048872,19.625504546745994,0.9084406958925272,1.9944448970221664,1.1099402163151952,0.0716613337307263,0.0398806687421025,0.9274193548387096,0.5121951219512195,-18.717063850853467,-0.8845046807069712,MODE_3_RELOCALIZE,no_observer_reseed,four_mode_relocalization_v2,,0,0,0,False,1,0,0.9084406958925272,policy_output,b5_obs_prior_output_hindsight_v1,0,0,precomputed,0,0.0,3.3847233280539513,0,217,cache_read_only_not_online_fps,32fdd06d26764df247b0164387e6061cbe61664ba5aa2aabd173919761ed38aa,cached_perception_v2,1,1,1,0.6979765567313312,,1,2352.0896919071674,0,18.48539151251316,2352.0896919071674,2373.9598067477345,19.625504546745994,19.44979003097432,27.134581767108678,19.625503200510767,0.6979765567313312,0.6979765567313312
cracker_box_reorient_occ60,1579908958538727496,20.840266495790527,0.7184568150793568,1.9706611220243166,1.0864625704274566,0.07080677162171935,0.039037105994550514,0.9274193548387096,0.3888888888888889,-20.12180968071117,-0.88419855159686,MODE_3_RELOCALIZE,no_observer_reseed,four_mode_relocalization_v2,,0,0,0,False,1,0,0.7184568150793568,policy_output,b5_obs_prior_output_hindsight_v1,0,0,precomputed,0,0.0,2.054315060377121,0,218,cache_read_only_not_online_fps,32fdd06d26764df247b0164387e6061cbe61664ba5aa2aabd173919761ed38aa,cached_perception_v2,1,1,1,0.7085260891185012,,1,2350.4122802987695,0,10.6047373265028,2350.4122802987695,2363.0713326856494,20.840266495790527,20.582756688816993,28.08985170880986,20.84026538628092,0.7085260891185012,0.7085260891185012
cracker_box_reorient_occ60,1579908958601117001,20.654649290794733,0.7503703727078828,1.977614848839566,1.0345767886310495,0.07105662226373202,0.03717282569743953,0.9274193548387096,0.12499999999999999,-19.90427891808685,-0.9430380602085164,MODE_2_PRIOR,no_observer_reseed,four_mode_relocalization_v2,1.0,0,0,0,False,0,0,0.7503703727078828,prior,b5_obs_prior_output_hindsight_v1,0,0,precomputed,0,0.0,2.1658744663000107,0,219,cache_read_only_not_online_fps,32fdd06d26764df247b0164387e6061cbe61664ba5aa2aabd173919761ed38aa,cached_perception_v2,0,0,0,,,0,0.0,0,11.309284716844559,1.5266267582774162,15.001785941421986,20.654649290794733,20.654599919838283,28.102381922899543,20.654648192514703,0.7503703727078828,0.7503703727078828
cracker_box_reorient_occ60,1579908958664580249,21.707091512780536,0.9294310870428113,2.0174264739504397,1.1030008695867186,0.07248707248960315,0.039631334783302705,0.9274193548387096,0.3888888888888889,-20.777660425737725,-0.9144256043637211,MODE_3_RELOCALIZE,no_observer_reseed,four_mode_relocalization_v2,,0,0,0,False,1,0,0.9294310870428113,policy_output,b5_obs_prior_output_hindsight_v1,0,0,precomputed,0,0.0,2.6213079690933228,0,220,cache_read_only_not_online_fps,32fdd06d26764df247b0164387e6061cbe61664ba5aa2aabd173919761ed38aa,cached_perception_v2,1,1,1,0.3932466320277206,,1,2387.5361047685146,0,13.755347579717636,2387.5361047685146,2403.9127603173256,21.707091512780536,21.728465359303232,29.209944589911245,21.707090240401854,0.3932466320277206,0.3932466320277206
cracker_box_reorient_occ60,1579908958731844702,23.905418180508992,0.5941445709068679,1.976809046782637,0.8055343521210999,0.07102766942065838,0.02894322431524814,0.9274193548387096,0.0891009055627426,-23.311273609602125,-1.171274694661537,MODE_2_PRIOR,no_observer_reseed,four_mode_relocalization_v2,1.0,0,0,0,False,0,0,0.5941445709068679,prior,b5_obs_prior_output_hindsight_v1,0,0,precomputed,0,0.0,2.00835894793272,0,221,cache_read_only_not_online_fps,32fdd06d26764df247b0164387e6061cbe61664ba5aa2aabd173919761ed38aa,cached_perception_v2,0,0,0,,,0,0.0,0,13.315328396856785,1.94653682410717,17.270224168896675,23.905418180508992,23.869889431361983,31.128130063059462,23.905417020385723,0.5941445709068679,0.5941445709068679
cracker_box_reorient_occ60,1579908958785765122,24.69422357794377,1.0249258739752245,2.0446734075791095,1.0095047162219737,0.07346606750060514,0.036271974462637156,0.9274193548387096,0.0891009055627426,-23.669297703968546,-1.0351686913571359,MODE_2_PRIOR,no_observer_reseed,four_mode_relocalization_v2,1.0,0,0,0,False,0,1,1.0249258739752245,prior,b5_obs_prior_output_hindsight_v1,0,0,precomputed,0,0.0,2.8310203924775124,0,222,cache_read_only_not_online_fps,32fdd06d26764df247b0164387e6061cbe61664ba5aa2aabd173919761ed38aa,cached_perception_v2,0,0,0,,,0,0.0,0,14.332817867398262,1.322336494922638,18.486174754798412,24.69422357794377,24.438271958161216,31.457425636576016,24.694222307506468,1.0249258739752245,1.0249258739752245
cracker_box_reorient_occ60,1579908958841996032,26.574570300176664,1.350013649029751,2.037655162445555,1.1764080474833691,0.07321389868537709,0.04226888886230326,0.9274193548387096,0.7946843853820601,-25.224556651146912,-0.8612471149621856,MODE_3_RELOCALIZE,no_observer_reseed,four_mode_relocalization_v2,,0,0,0,False,1,1,1.350013649029751,policy_output,b5_obs_prior_output_hindsight_v1,0,0,precomputed,0,0.0,3.8145827129483223,0,223,cache_read_only_not_online_fps,32fdd06d26764df247b0164387e6061cbe61664ba5aa2aabd173919761ed38aa,cached_perception_v2,1,1,1,0.543371344801927,,1,2380.2799684926867,0,19.743051379919052,2380.2799684926867,2403.837602585554,26.574570300176664,26.162634482645476,32.69753746724709,26.574568517508958,0.543371344801927,0.543371344801927
cracker_box_reorient_occ60,1579908958896461630,27.41305507343677,0.7983995339767278,2.053800211952966,0.9553531980623365,0.0737939978310477,0.03432628520310575,0.9274193548387096,0.0891009055627426,-26.614655539460042,-1.0984470138906297,MODE_2_PRIOR,no_observer_reseed,four_mode_relocalization_v2,1.0,0,0,0,False,0,0,0.7983995339767278,prior,b5_obs_prior_output_hindsight_v1,0,0,precomputed,0,0.0,2.2113239392638206,0,224,cache_read_only_not_online_fps,32fdd06d26764df247b0164387e6061cbe61664ba5aa2aabd173919761ed38aa,cached_perception_v2,0,0,0,,,0,0.0,0,15.56453201919794,1.2286975979804993,19.00455355644226,27.41305507343677,27.20493541985998,33.125598854299824,27.413053033650346,0.7983995339767278,0.7983995339767278
cracker_box_reorient_occ60,1579908958949208324,29.189271852033823,1.0625686194469237,2.064423239305597,1.021413668631744,0.07417568814973444,0.03669986866733245,0.9274193548387096,0.12499999999999999,-28.126703232586898,-1.0430095706738527,MODE_2_PRIOR,no_observer_reseed,four_mode_relocalization_v2,1.0,0,0,0,False,0,1,1.0625686194469237,prior,b5_obs_prior_output_hindsight_v1,0,0,precomputed,0,0.0,2.217371016740799,0,225,cache_read_only_not_online_fps,32fdd06d26764df247b0164387e6061cbe61664ba5aa2aabd173919761ed38aa,cached_perception_v2,0,0,0,,,0,0.0,0,14.9531913921237,1.3235323131084442,18.494094721972942,29.189271852033823,29.26640745103356,34.7562052789867,29.189269444187527,1.0625686194469237,1.0625686194469237
cracker_box_reorient_occ60,1579908959000605676,30.948040714792374,1.5787223329067261,2.083129704781581,1.0867021259972784,0.07484782016370901,0.039045713337707344,0.9274193548387096,0.3888888888888889,-29.36931838188565,-0.9964275787843027,MODE_3_RELOCALIZE,no_observer_reseed,four_mode_relocalization_v2,,0,0,0,False,1,1,1.5787223329067261,policy_output,b5_obs_prior_output_hindsight_v1,0,0,precomputed,0,0.0,3.619368188083172,0,226,cache_read_only_not_online_fps,32fdd06d26764df247b0164387e6061cbe61664ba5aa2aabd173919761ed38aa,cached_perception_v2,1,1,1,0.8396649267934108,,1,2369.2515790462494,0,17.74328202009201,2369.2515790462494,2390.6142292544246,30.948040714792374,30.940929367513025,36.082574453996585,30.94803832844945,0.8396649267934108,0.8396649267934108
cracker_box_reorient_occ60,1579908959054833420,32.042238823762766,2.180159608410207,2.0091332781725937,1.3721239334675692,0.07218909410412967,0.049301051767811035,0.9274193548387096,0.7946843853820601,-29.86207921535256,-0.6370093447050245,MODE_3_RELOCALIZE,no_observer_reseed,four_mode_relocalization_v2,,0,0,0,False,1,1,2.180159608410207,policy_output,b5_obs_prior_output_hindsight_v1,0,0,precomputed,0,0.0,3.6651911213994026,0,227,cache_read_only_not_online_fps,32fdd06d26764df247b0164387e6061cbe61664ba5aa2aabd173919761ed38aa,cached_perception_v2,1,1,1,0.6072235005926423,,1,2390.865596011281,0,14.670410193502903,2390.865596011281,2409.2011973261833,32.042238823762766,31.957965991746924,36.58946012784238,32.042236603409705,0.6072235005926423,0.6072235005926423
cracker_box_reorient_occ60,1579908959107188720,33.46155989715331,0.4808653574005737,1.9691978836345747,0.847816849034212,0.07075419678511621,0.03046245411537094,0.9274193548387096,0.0891009055627426,-32.98069453975273,-1.1213810346003628,MODE_2_PRIOR,no_observer_reseed,four_mode_relocalization_v2,1.0,0,0,0,False,0,0,0.4808653574005737,prior,b5_obs_prior_output_hindsight_v1,0,0,precomputed,0,0.0,3.3858809620141983,0,228,cache_read_only_not_online_fps,32fdd06d26764df247b0164387e6061cbe61664ba5aa2aabd173919761ed38aa,cached_perception_v2,0,0,0,,,0,0.0,0,21.55094873160124,2.100244164466858,27.037073858082294,33.46155989715331,33.32938712751709,37.473089047759466,33.461557297022914,0.4808653574005737,0.4808653574005737
cracker_box_reorient_occ60,1579908959158743140,34.68175564550634,0.8712936576029435,1.9008937179819363,0.8399847701493575,0.06829999631192152,0.03018104387455109,0.9274193548387096,0.0891009055627426,-33.8104619879034,-1.0609089478325788,MODE_2_PRIOR,no_observer_reseed,four_mode_relocalization_v2,1.0,0,0,0,False,0,0,0.8712936576029435,prior,b5_obs_prior_output_hindsight_v1,0,0,precomputed,0,0.0,2.9658442363142967,0,229,cache_read_only_not_online_fps,32fdd06d26764df247b0164387e6061cbe61664ba5aa2aabd173919761ed38aa,cached_perception_v2,0,0,0,,,0,0.0,0,16.255068592727184,2.107628621160984,21.328541450202465,34.68175564550634,34.483142806532115,37.849300446969316,34.68175313976142,0.8712936576029435,0.8712936576029435
cracker_box_reorient_occ60,1579908959210461895,36.48068423798529,1.4695072945461725,1.9132498827727642,0.9007706568202616,0.06874395906568294,0.032365109083545104,0.9274193548387096,0.0891009055627426,-35.01117694343911,-1.0124792259525026,MODE_2_PRIOR,no_observer_reseed,four_mode_relocalization_v2,1.0,0,0,0,False,0,1,1.4695072945461725,prior,b5_obs_prior_output_hindsight_v1,0,0,precomputed,0,0.0,3.411608748137951,0,230,cache_read_only_not_online_fps,32fdd06d26764df247b0164387e6061cbe61664ba5aa2aabd173919761ed38aa,cached_perception_v2,0,0,0,,,0,0.0,0,15.972242690622807,2.293575555086136,21.677426993846893,36.48068423798529,36.42213205121126,38.939473196262334,36.48068134043687,1.4695072945461725,1.4695072945461725
cracker_box_reorient_occ60,1579908959265006115,38.39755425947928,2.111029116938408,1.8787504899545975,0.9779930701616527,0.0675043798193767,0.03513974634838603,0.9274193548387096,0.0891009055627426,-36.28652514254087,-0.9007574197929448,MODE_2_PRIOR,no_observer_reseed,four_mode_relocalization_v2,1.0,0,0,0,False,0,1,2.111029116938408,prior,b5_obs_prior_output_hindsight_v1,0,0,precomputed,0,0.0,3.0127568170428276,0,231,cache_read_only_not_online_fps,32fdd06d26764df247b0164387e6061cbe61664ba5aa2aabd173919761ed38aa,cached_perception_v2,0,0,0,,,0,0.0,0,24.44830071181059,2.675381489098072,30.13643901795149,38.39755425947928,38.626737378728556,40.27352179572367,38.39755151584467,2.111029116938408,2.111029116938408
cracker_box_reorient_occ60,1579908959319731401,39.55840056394013,2.3592104254295876,1.975893392491002,1.0920954122694992,0.07099476953564637,0.03923949662449357,0.9274193548387096,0.3888888888888889,-37.199190138510545,-0.8837979802215028,MODE_3_RELOCALIZE,no_observer_reseed,four_mode_relocalization_v2,,0,0,0,False,1,1,2.3592104254295876,policy_output,b5_obs_prior_output_hindsight_v1,0,0,precomputed,0,0.0,3.622978925704956,0,232,cache_read_only_not_online_fps,32fdd06d26764df247b0164387e6061cbe61664ba5aa2aabd173919761ed38aa,cached_perception_v2,1,1,1,0.6410149479920217,,1,2366.479029878974,0,24.294941686093807,2366.479029878974,2394.3969504907727,39.55840056394013,39.7641720575938,40.820755396562426,39.55839804954411,0.6410149479920217,0.6410149479920217
cracker_box_reorient_occ60,1579908959377039660,40.643929454466026,1.7466692417739553,1.9357073997453846,0.7759309804975247,0.06955086810635949,0.027879561389970463,0.9274193548387096,0.0891009055627426,-38.89726021269207,-1.15977641924786,MODE_2_PRIOR,no_observer_reseed,four_mode_relocalization_v2,1.0,0,0,0,False,0,1,1.7466692417739553,prior,b5_obs_prior_output_hindsight_v1,0,0,precomputed,0,0.0,2.649020403623581,0,233,cache_read_only_not_online_fps,32fdd06d26764df247b0164387e6061cbe61664ba5aa2aabd173919761ed38aa,cached_perception_v2,0,0,0,,,0,0.0,0,13.713531196117401,1.6515515744686127,18.014103174209595,40.643929454466026,40.791617957366036,41.77203532959683,40.64392715727978,1.7466692417739553,1.7466692417739553
cracker_box_reorient_occ60,1579908959426958035,42.21669863887286,3.323824389361602,1.8826488519575426,1.1716314652163442,0.0676444497811557,0.042097264037550965,0.9274193548387096,0.7946843853820601,-38.89287424951126,-0.7110173867411984,MODE_3_RELOCALIZE,no_observer_reseed,four_mode_relocalization_v2,,0,0,0,False,1,1,3.323824389361602,policy_output,b5_obs_prior_output_hindsight_v1,0,0,precomputed,0,0.0,2.198072150349617,0,234,cache_read_only_not_online_fps,32fdd06d26764df247b0164387e6061cbe61664ba5aa2aabd173919761ed38aa,cached_perception_v2,1,1,1,0.43064937421320865,,1,2359.4198701903224,0,13.22301384061575,2359.4198701903224,2374.8409561812878,42.21669863887286,42.057282506721165,42.340112027668724,42.216696014957854,0.43064937421320865,0.43064937421320865
cracker_box_reorient_occ60,1579908959478865009,44.29081096728783,1.8324957427063562,1.8535843438678046,1.3061171181150697,0.06660014847353479,0.04692939616050883,0.9274193548387096,0.7946843853820601,-42.458315224581476,-0.5474672257527349,MODE_3_RELOCALIZE,no_observer_reseed,four_mode_relocalization_v2,,0,0,0,False,1,1,1.8324957427063562,policy_output,b5_obs_prior_output_hindsight_v1,0,0,precomputed,0,0.0,2.0033763721585274,0,235,cache_read_only_not_online_fps,32fdd06d26764df247b0164387e6061cbe61664ba5aa2aabd173919761ed38aa,cached_perception_v2,1,1,1,0.36417514056924705,,1,2353.9635241031647,0,16.688333824276924,2353.9635241031647,2372.6552342996,44.29081096728783,43.90075945489833,44.29081096728783,44.290808752335316,0.36417514056924705,0.36417514056924705
cracker_box_reorient_occ60,1579908959534613762,46.78392804524904,0.5222252813410487,1.7308581185584129,0.7370951989818584,0.062190538058857645,0.026484173678811847,0.7946843853820601,0.0891009055627426,-46.26170276390799,-0.9937629195765545,MODE_2_PRIOR,no_observer_reseed,four_mode_relocalization_v2,1.0,0,0,0,False,0,0,0.5222252813410487,prior,b5_obs_prior_output_hindsight_v1,0,0,precomputed,0,0.0,2.1658530458807945,0,236,cache_read_only_not_online_fps,32fdd06d26764df247b0164387e6061cbe61664ba5aa2aabd173919761ed38aa,cached_perception_v2,0,0,0,,,0,0.0,0,13.382728211581707,1.1330805718898773,16.68166182935238,46.78392804524904,46.16491984751164,46.78392804524904,46.783925799129946,0.5222252813410487,0.5222252813410487
cracker_box_reorient_occ60,1579908959588322375,49.040342032224856,0.5869734387741519,1.6170532190790836,0.7431834959387543,0.05810147503487713,0.02670292902308398,0.7946843853820601,0.0891009055627426,-48.453368593450705,-0.8738697231403293,MODE_2_PRIOR,no_observer_reseed,four_mode_relocalization_v2,1.0,0,0,0,False,0,0,0.5869734387741519,prior,b5_obs_prior_output_hindsight_v1,0,0,precomputed,0,0.0,2.185423858463764,0,237,cache_read_only_not_online_fps,32fdd06d26764df247b0164387e6061cbe61664ba5aa2aabd173919761ed38aa,cached_perception_v2,0,0,0,,,0,0.0,0,12.547244317829609,1.6413666307926178,16.37403480708599,49.040342032224856,48.82725946935535,49.040342032224856,49.04033982571762,0.5869734387741519,0.5869734387741519
cracker_box_reorient_occ60,1579908959642183773,51.202612081814,0.6472243418679492,1.4390657376557603,0.8039630376316149,0.05170630195929505,0.028886766254062776,0.7946843853820601,0.0891009055627426,-50.555387739946056,-0.6351027000241454,MODE_2_PRIOR,no_observer_reseed,four_mode_relocalization_v2,1.0,0,0,0,False,0,0,0.6472243418679492,prior,b5_obs_prior_output_hindsight_v1,0,0,precomputed,0,0.0,3.8902675732970238,0,238,cache_read_only_not_online_fps,32fdd06d26764df247b0164387e6061cbe61664ba5aa2aabd173919761ed38aa,cached_perception_v2,0,0,0,,,0,0.0,0,19.372024573385715,1.4217309653759003,24.68402311205864,51.202612081814,51.33579377461106,51.202612081814,51.20260944301948,0.6472243418679492,0.6472243418679492
cracker_box_reorient_occ60,1579908959698006397,52.63519010552897,1.1222971847380965,1.261533303296317,0.8071998736318654,0.04532747893658061,0.02900306727856935,0.7946843853820601,0.0891009055627426,-51.512892920790875,-0.45433342966445156,MODE_2_PRIOR,no_observer_reseed,four_mode_relocalization_v2,1.0,0,0,0,False,0,1,1.1222971847380965,prior,b5_obs_prior_output_hindsight_v1,0,0,precomputed,0,0.0,3.626343794167042,0,239,cache_read_only_not_online_fps,32fdd06d26764df247b0164387e6061cbe61664ba5aa2aabd173919761ed38aa,cached_perception_v2,0,0,0,,,0,0.0,0,21.26431744545698,1.3078292831778526,26.198490522801876,52.63519010552897,53.022206779760005,52.63519010552897,52.63518721335857,1.1222971847380965,1.1222971847380965
cracker_box_reorient_occ60,1579908959753569168,55.559682014660396,1.2289203410910103,1.0147541365542858,0.8950036184402126,0.03646058857922084,0.03215789670951179,0.0891009055627426,0.0891009055627426,-54.330761673569384,-0.11975051811407322,MODE_4_TRUSTED_FUSION,no_observer_reseed,four_mode_relocalization_v2,0.5310273447027589,0,0,0,False,0,1,1.2289203410910103,prior,b5_obs_prior_output_hindsight_v1,0,0,precomputed,0,0.0,3.0725467950105667,0,240,cache_read_only_not_online_fps,32fdd06d26764df247b0164387e6061cbe61664ba5aa2aabd173919761ed38aa,cached_perception_v2,0,0,0,,,0,0.0,0,17.27100182324648,1.544274389743805,21.88782300800085,55.559682014660396,55.494756497401596,55.559682014660396,55.55967889473424,20.672567112472162,1.2289203410910103
cracker_box_reorient_occ60,1579908959831758100,57.603911240257446,51.01162955998846,1.0107182843047895,1.7193938853632107,0.03631557852887005,0.06177862282259573,0.0891009055627426,0.7946843853820601,-6.592281680268989,0.7086756010584212,MODE_1_ACCEPT,no_observer_reseed,four_mode_relocalization_v2,0.0,0,0,0,False,0,1,51.01162955998846,prior,b5_obs_prior_output_hindsight_v1,0,0,precomputed,0,0.0,2.94580589979887,0,241,cache_read_only_not_online_fps,32fdd06d26764df247b0164387e6061cbe61664ba5aa2aabd173919761ed38aa,cached_perception_v2,0,0,0,,,0,0.0,0,17.000128515064716,1.4211749657988548,21.36710938066244,57.603911240257446,57.77053183369657,57.603911240257446,57.603907981385824,57.603911240257446,51.01162955998846
cracker_box_reorient_occ60,1579908959892045006,58.744170597155666,95.1708431884423,0.9858079551809115,2.319561479479337,0.035420538805609844,0.08334292390734252,0.0891009055627426,1.0,36.42667259128664,1.3337535242984253,MODE_1_ACCEPT,no_observer_reseed,four_mode_relocalization_v2,0.0,0,0,0,False,0,1,58.744170597155666,observation,b5_obs_prior_output_hindsight_v1,0,0,precomputed,0,0.0,3.601665608584881,0,242,cache_read_only_not_online_fps,32fdd06d26764df247b0164387e6061cbe61664ba5aa2aabd173919761ed38aa,cached_perception_v2,0,0,0,,,0,0.0,0,19.11536604166031,1.6907313838601112,24.4077630341053,58.744170597155666,59.642023219733545,58.744170597155666,58.744167274564994,58.744170597155666,58.744170597155666
cracker_box_reorient_occ60,1579908959948545187,59.984603283606894,59.55304413241137,1.0006116126786815,1.0066245569063434,0.035952441111844015,0.036168488997471784,0.0891009055627426,0.0891009055627426,-0.4315591511955219,0.006012944227661965,MODE_4_TRUSTED_FUSION,no_observer_reseed,four_mode_relocalization_v2,0.49851696010611013,0,0,0,False,0,1,59.55304413241137,prior,b5_obs_prior_output_hindsight_v1,0,0,precomputed,0,0.0,3.7710582837462425,0,243,cache_read_only_not_online_fps,32fdd06d26764df247b0164387e6061cbe61664ba5aa2aabd173919761ed38aa,cached_perception_v2,0,0,0,,,0,0.0,0,18.231953494250774,2.0024357363581657,24.005447514355183,59.984603283606894,60.56068562283403,59.984603283606894,59.98459987486757,59.761571444044556,59.55304413241137
cracker_box_reorient_occ60,1579908960001021013,61.15243657485364,60.85962256364424,1.0015162470275278,1.0202214821139175,0.03598494504518093,0.03665703285068452,0.0891009055627426,0.12499999999999999,-0.2928140112094013,0.01870523508638966,MODE_4_TRUSTED_FUSION,no_observer_reseed,four_mode_relocalization_v2,0.49541928553814424,0,0,0,False,0,1,60.85962256364424,prior,b5_obs_prior_output_hindsight_v1,0,0,precomputed,0,0.0,3.841601312160492,0,244,cache_read_only_not_online_fps,32fdd06d26764df247b0164387e6061cbe61664ba5aa2aabd173919761ed38aa,cached_perception_v2,0,0,0,,,0,0.0,0,20.648646168410778,1.6541434451937675,26.144390925765038,61.15243657485364,61.34032177992707,61.15243657485364,61.15243342644601,60.99872790490556,60.85962256364424
cracker_box_reorient_occ60,1579908960049671718,61.54201237702214,61.589606554525965,1.0323573872777003,1.0048192391686228,0.03709308157349695,0.036103623090629255,0.12499999999999999,0.0891009055627426,0.04759417750382511,-0.02753814810907751,MODE_4_TRUSTED_FUSION,no_observer_reseed,four_mode_relocalization_v2,0.506693190014668,0,0,0,False,0,1,61.54201237702214,observation,b5_obs_prior_output_hindsight_v1,0,0,precomputed,0,0.0,3.593217581510544,0,245,cache_read_only_not_online_fps,32fdd06d26764df247b0164387e6061cbe61664ba5aa2aabd173919761ed38aa,cached_perception_v2,0,0,0,,,0,0.0,0,17.514479346573353,1.869705505669117,22.977402433753014,61.54201237702214,61.518054115838986,61.54201237702214,61.5420093165119,61.565493626671554,61.54201237702214
cracker_box_reorient_occ60,1579908960107964855,62.10940207944966,62.39818014768599,1.026019449168993,1.0242632918832155,0.036865356506411415,0.036802256957495505,0.12499999999999999,0.12499999999999999,0.2887780682363328,-0.0017561572857773822,MODE_4_TRUSTED_FUSION,no_observer_reseed,four_mode_relocalization_v2,0.5004241346486047,0,0,0,False,0,1,62.10940207944966,observation,b5_obs_prior_output_hindsight_v1,0,0,precomputed,0,0.0,4.118645563721657,0,246,cache_read_only_not_online_fps,32fdd06d26764df247b0164387e6061cbe61664ba5aa2aabd173919761ed38aa,cached_perception_v2,0,0,0,,,0,0.0,0,20.31596750020981,2.0226137712597847,26.45722683519125,62.10940207944966,62.04180672561286,62.10940207944966,62.109399108403785,62.25137756236848,62.10940207944966
cracker_box_reorient_occ60,1579908960157468195,62.01833138805844,62.221368160875166,1.0320410003037712,1.0367700383899174,0.03708171364221911,0.037251630182416645,0.12499999999999999,0.12499999999999999,0.2030367728167235,0.00472903808614622,MODE_4_TRUSTED_FUSION,no_observer_reseed,four_mode_relocalization_v2,0.49886800720636176,0,0,0,False,0,1,62.01833138805844,observation,b5_obs_prior_output_hindsight_v1,0,0,precomputed,0,0.0,3.3619627356529236,0,247,cache_read_only_not_online_fps,32fdd06d26764df247b0164387e6061cbe61664ba5aa2aabd173919761ed38aa,cached_perception_v2,0,0,0,,,0,0.0,0,19.143453799188137,2.088703215122223,24.594119749963284,62.01833138805844,61.935276792077175,62.01833138805844,62.0183286042632,62.119353302953506,62.01833138805844
cracker_box_reorient_occ60,1579908960209563734,61.830121960398984,61.5980421217451,1.0330261582440503,1.0389188290272062,0.03711711082568666,0.03732883723045599,0.12499999999999999,0.12499999999999999,-0.23207983865388115,0.005892670783155918,MODE_4_TRUSTED_FUSION,no_observer_reseed,four_mode_relocalization_v2,0.4985915808448572,0,0,0,False,0,1,61.5980421217451,prior,b5_obs_prior_output_hindsight_v1,0,0,precomputed,0,0.0,4.5444779098033905,0,248,cache_read_only_not_online_fps,32fdd06d26764df247b0164387e6061cbe61664ba5aa2aabd173919761ed38aa,cached_perception_v2,0,0,0,,,0,0.0,0,24.457547813653946,1.9281916320323944,30.93021735548973,61.830121960398984,61.63334727686646,61.830121960398984,61.83011916013782,61.71367585706189,61.5980421217451
cracker_box_reorient_occ60,1579908960268069364,61.06254253132744,61.14836430378085,1.0745618987540162,1.0421634334028966,0.03860950932056693,0.037445417376308944,0.3888888888888889,0.1346153846153846,0.08582177245341427,-0.032398465351119565,MODE_2_PRIOR,no_observer_reseed,four_mode_relocalization_v2,1.0,0,0,0,False,0,1,61.06254253132744,observation,b5_obs_prior_output_hindsight_v1,0,0,precomputed,0,0.0,4.157152026891708,0,249,cache_read_only_not_online_fps,32fdd06d26764df247b0164387e6061cbe61664ba5aa2aabd173919761ed38aa,cached_perception_v2,0,0,0,,,0,0.0,0,21.11601084470749,1.7199143767356873,26.993077248334885,61.06254253132744,61.11550160434066,61.06254253132744,61.06254000860325,61.14836430378085,61.06254253132744
cracker_box_reorient_occ60,1579908960323292540,59.69149869267544,59.883747567457576,1.1007887007884096,1.0502744316875074,0.03955185052843008,0.03773684932102232,0.3888888888888889,0.24242424242424243,0.1922488747821376,-0.050514269100902176,MODE_2_PRIOR,no_observer_reseed,four_mode_relocalization_v2,1.0,0,0,0,False,0,1,59.69149869267544,observation,b5_obs_prior_output_hindsight_v1,0,0,precomputed,0,0.0,4.361728206276894,0,250,cache_read_only_not_online_fps,32fdd06d26764df247b0164387e6061cbe61664ba5aa2aabd173919761ed38aa,cached_perception_v2,0,0,0,,,0,0.0,0,21.24546468257904,1.5592463314533234,27.166439220309258,59.69149869267544,59.79416451221321,59.69149869267544,59.69149616975291,59.883747567457576,59.69149869267544
cracker_box_reorient_occ60,1579908960378626443,58.406072742595505,58.72815315072587,1.13733683135206,1.0693754159461832,0.04086504187579012,0.03842315657854045,0.66,0.24242424242424243,0.3220804081303683,-0.06796141540587675,MODE_2_PRIOR,no_observer_reseed,four_mode_relocalization_v2,1.0,0,0,0,False,0,1,58.406072742595505,observation,b5_obs_prior_output_hindsight_v1,0,0,precomputed,0,0.0,4.191354848444462,0,251,cache_read_only_not_online_fps,32fdd06d26764df247b0164387e6061cbe61664ba5aa2aabd173919761ed38aa,cached_perception_v2,0,0,0,,,0,0.0,0,20.945304073393345,1.5841694548726082,26.720828376710415,58.406072742595505,58.49462693046385,58.406072742595505,58.406070190396896,58.72815315072587,58.406072742595505
cracker_box_reorient_occ60,1579908960437318666,57.49021488853826,57.559499206000496,1.1380869109509855,1.0840518280066076,0.04089199258500423,0.038950486896967416,0.66,0.3888888888888889,0.06928431746223396,-0.054035082944377866,MODE_3_RELOCALIZE,no_observer_reseed,four_mode_relocalization_v2,,0,0,0,False,1,1,57.49021488853826,policy_output,b5_obs_prior_output_hindsight_v1,0,0,precomputed,0,0.0,4.034310579299927,0,252,cache_read_only_not_online_fps,32fdd06d26764df247b0164387e6061cbe61664ba5aa2aabd173919761ed38aa,cached_perception_v2,1,1,1,0.4994653180723316,,1,2362.3606003820896,0,18.584596924483776,2362.3606003820896,2384.9795078858733,57.49021488853826,57.3471296278336,57.49021488853826,57.49021209393147,0.4994653180723316,0.4994653180723316
cracker_box_reorient_occ60,1579908960495816059,57.415099155809024,56.352100499702495,1.1441876179198727,1.260695868059757,0.04111119382678511,0.04529738949863495,0.7272727272727273,0.7946843853820601,-1.0629986561065294,0.11650825013988442,MODE_3_RELOCALIZE,no_observer_reseed,four_mode_relocalization_v2,,0,0,0,False,1,1,56.352100499702495,policy_output,b5_obs_prior_output_hindsight_v1,0,0,precomputed,0,0.0,2.5417618453502655,0,253,cache_read_only_not_online_fps,32fdd06d26764df247b0164387e6061cbe61664ba5aa2aabd173919761ed38aa,cached_perception_v2,1,1,1,0.7535531225159322,,1,2359.701355919242,0,13.732791878283024,2359.701355919242,2375.975909642875,57.415099155809024,57.351598009402906,57.415099155809024,57.41509650015746,0.7535531225159322,0.7535531225159322
cracker_box_reorient_occ60,1579908960555138787,56.0478490386002,0.3846532779916602,1.1534355126008011,0.8767999403088864,0.04144347498833843,0.03150383007892029,0.7946843853820601,0.0891009055627426,-55.66319576060854,-0.2766355722919147,MODE_2_PRIOR,no_observer_reseed,four_mode_relocalization_v2,1.0,0,0,0,False,0,0,0.3846532779916602,prior,b5_obs_prior_output_hindsight_v1,0,0,precomputed,0,0.0,2.969101071357727,0,254,cache_read_only_not_online_fps,32fdd06d26764df247b0164387e6061cbe61664ba5aa2aabd173919761ed38aa,cached_perception_v2,0,0,0,,,0,0.0,0,17.340066842734814,1.2637972831726074,21.572965197265148,56.0478490386002,55.99526881525215,56.0478490386002,56.047846649596124,0.3846532779916602,0.3846532779916602
cracker_box_reorient_occ60,1579908960613777848,55.54760005009821,0.3027172745937327,1.2042559911169812,0.89664458812715,0.04326947844260318,0.03221685751437193,0.7946843853820601,0.0891009055627426,-55.24488277550448,-0.30761140298983125,MODE_2_PRIOR,no_observer_reseed,four_mode_relocalization_v2,1.0,0,0,0,False,0,0,0.3027172745937327,prior,b5_obs_prior_output_hindsight_v1,0,0,precomputed,0,0.0,3.117999993264675,0,255,cache_read_only_not_online_fps,32fdd06d26764df247b0164387e6061cbe61664ba5aa2aabd173919761ed38aa,cached_perception_v2,0,0,0,,,0,0.0,0,17.232070676982403,1.4789672568440437,21.82903792709112,55.54760005009821,55.40474772923427,55.54760005009821,55.54759744881325,0.3027172745937327,0.3027172745937327
cracker_box_reorient_occ60,1579908960669751301,55.19001893508205,0.44309339237475776,1.2109438069599565,0.9499875283920881,0.04350977477957828,0.034133494193686234,0.7946843853820601,0.0891009055627426,-54.746925542707295,-0.2609562785678684,MODE_2_PRIOR,no_observer_reseed,four_mode_relocalization_v2,1.0,0,0,0,False,0,0,0.44309339237475776,prior,b5_obs_prior_output_hindsight_v1,0,0,precomputed,0,0.0,2.8102099895477295,0,256,cache_read_only_not_online_fps,32fdd06d26764df247b0164387e6061cbe61664ba5aa2aabd173919761ed38aa,cached_perception_v2,0,0,0,,,0,0.0,0,16.74281246960163,1.1952444911003113,20.748266950249672,55.19001893508205,55.182587815076836,55.19001893508205,55.1900163375818,0.44309339237475776,0.44309339237475776
cracker_box_reorient_occ60,1579908960728049015,53.97438040026916,0.7552680399948069,1.2255215892461024,1.0986267720639125,0.04403356128429502,0.039474171422800464,0.7946843853820601,0.3888888888888889,-53.21911236027435,-0.12689481718218998,MODE_3_RELOCALIZE,no_observer_reseed,four_mode_relocalization_v2,,0,0,0,False,1,0,0.7552680399948069,policy_output,b5_obs_prior_output_hindsight_v1,0,0,precomputed,0,0.0,5.471928045153618,0,257,cache_read_only_not_online_fps,32fdd06d26764df247b0164387e6061cbe61664ba5aa2aabd173919761ed38aa,cached_perception_v2,1,1,1,0.6910323250357824,,1,2365.946996025741,0,19.15015559643507,2365.946996025741,2390.56907966733,53.97438040026916,54.051878260687545,53.97438040026916,53.97437815224303,0.6910323250357824,0.6910323250357824
cracker_box_reorient_occ60,1579908960784590836,52.8339966303183,1.2045740361254376,1.2396295419033567,1.2416059233253778,0.04454046659170073,0.04461147889636461,0.7946843853820601,0.7946843853820601,-51.62942259419287,0.0019763814220210563,MODE_3_RELOCALIZE,no_observer_reseed,four_mode_relocalization_v2,,0,0,0,False,1,1,1.2045740361254376,policy_output,b5_obs_prior_output_hindsight_v1,0,0,precomputed,0,0.0,2.0426977425813675,0,258,cache_read_only_not_online_fps,32fdd06d26764df247b0164387e6061cbe61664ba5aa2aabd173919761ed38aa,cached_perception_v2,1,1,1,0.7934851043185692,,1,2357.4185762554407,0,12.890191748738289,2357.4185762554407,2372.3514657467604,52.8339966303183,53.09479969263884,52.8339966303183,52.83399410562467,0.7934851043185692,0.7934851043185692
cracker_box_reorient_occ60,1579908960835701234,51.78484314357087,0.7940904624124427,1.2561168675315246,1.0868134912686098,0.04513286387774827,0.03904971474375612,0.7946843853820601,0.3888888888888889,-50.990752681158426,-0.1693033762629148,MODE_3_RELOCALIZE,no_observer_reseed,four_mode_relocalization_v2,,0,0,0,False,1,0,0.7940904624124427,policy_output,b5_obs_prior_output_hindsight_v1,0,0,precomputed,0,0.0,2.533884719014168,0,259,cache_read_only_not_online_fps,32fdd06d26764df247b0164387e6061cbe61664ba5aa2aabd173919761ed38aa,cached_perception_v2,1,1,1,0.7454094615723547,,1,2355.378300882876,0,12.976380996406078,2355.378300882876,2370.888566598296,51.78484314357087,51.83612880096143,51.78484314357087,51.784840573335636,0.7454094615723547,0.7454094615723547
cracker_box_reorient_occ60,1579908960902507280,51.32630648655763,0.8421861721297182,1.2554383893868977,0.9139898470433702,0.04510848584212357,0.032840080742898806,0.7946843853820601,0.0891009055627426,-50.48412031442791,-0.3414485423435275,MODE_2_PRIOR,no_observer_reseed,four_mode_relocalization_v2,1.0,0,0,0,False,0,0,0.8421861721297182,prior,b5_obs_prior_output_hindsight_v1,0,0,precomputed,0,0.0,2.007102593779564,0,260,cache_read_only_not_online_fps,32fdd06d26764df247b0164387e6061cbe61664ba5aa2aabd173919761ed38aa,cached_perception_v2,0,0,0,,,0,0.0,0,12.83407211303711,1.084531657397747,15.92570636421442,51.32630648655763,51.300031708085335,51.32630648655763,51.32630407535238,0.8421861721297182,0.8421861721297182
cracker_box_reorient_occ60,1579908960965741309,50.98506247084178,1.1222200838379206,1.263726091501156,0.9429000710907466,0.04540626683770657,0.033878838553045555,0.7946843853820601,0.0891009055627426,-49.86284238700386,-0.3208260204104093,MODE_2_PRIOR,no_observer_reseed,four_mode_relocalization_v2,1.0,0,0,0,False,0,1,1.1222200838379206,prior,b5_obs_prior_output_hindsight_v1,0,0,precomputed,0,0.0,5.131973884999752,0,261,cache_read_only_not_online_fps,32fdd06d26764df247b0164387e6061cbe61664ba5aa2aabd173919761ed38aa,cached_perception_v2,0,0,0,,,0,0.0,0,14.346546493470669,1.3961317017674446,20.874652080237865,50.98506247084178,50.97565526597685,50.98506247084178,50.9850601182688,1.1222200838379206,1.1222200838379206
cracker_box_reorient_occ60,1579908961020060794,50.25087160931848,1.2073872878668988,1.2984951174693675,1.167800787764693,0.04665553412863069,0.041959626013212764,0.7946843853820601,0.7946843853820601,-49.04348432145158,-0.13069432970467454,MODE_3_RELOCALIZE,no_observer_reseed,four_mode_relocalization_v2,,0,0,0,False,1,1,1.2073872878668988,policy_output,b5_obs_prior_output_hindsight_v1,0,0,precomputed,0,0.0,4.022056236863136,0,262,cache_read_only_not_online_fps,32fdd06d26764df247b0164387e6061cbe61664ba5aa2aabd173919761ed38aa,cached_perception_v2,1,1,1,0.8292336196343699,,1,2373.485771007836,0,18.92920210957527,2373.485771007836,2396.4370293542743,50.25087160931848,50.250822460606905,50.25087160931848,50.2508690153426,0.8292336196343699,0.8292336196343699
cracker_box_reorient_occ60,1579908961080286185,49.972842970733886,0.8780528015387479,1.3041019513974712,1.1970065680569455,0.04685699028211705,0.04300900329684404,0.7946843853820601,0.7946843853820601,-49.094790169195136,-0.10709538334052571,MODE_3_RELOCALIZE,no_observer_reseed,four_mode_relocalization_v2,,0,0,0,False,1,0,0.8780528015387479,policy_output,b5_obs_prior_output_hindsight_v1,0,0,precomputed,0,0.0,3.0113020911812782,0,263,cache_read_only_not_online_fps,32fdd06d26764df247b0164387e6061cbe61664ba5aa2aabd173919761ed38aa,cached_perception_v2,1,1,1,0.7513669314301111,,1,2372.4179677665234,0,13.441922143101692,2372.4179677665234,2388.8711920008063,49.972842970733886,50.003695661307326,49.972842970733886,49.97284012923045,0.7513669314301111,0.7513669314301111
cracker_box_reorient_occ60,1579908961133994008,49.8966553468944,0.7587744639543468,1.3346153970247767,0.8797662561021661,0.04795335259006424,0.031610411186440646,0.7946843853820601,0.0891009055627426,-49.13788088294005,-0.45484914092261064,MODE_2_PRIOR,no_observer_reseed,four_mode_relocalization_v2,1.0,0,0,0,False,0,0,0.7587744639543468,prior,b5_obs_prior_output_hindsight_v1,0,0,precomputed,0,0.0,2.202182076871395,0,264,cache_read_only_not_online_fps,32fdd06d26764df247b0164387e6061cbe61664ba5aa2aabd173919761ed38aa,cached_perception_v2,0,0,0,,,0,0.0,0,13.484107330441475,1.6069356352090836,17.293225042521954,49.8966553468944,49.93868336277874,49.8966553468944,49.896652586680396,0.7587744639543468,0.7587744639543468
cracker_box_reorient_occ60,1579908961188900922,50.00023189513229,0.772346422338224,1.3407936041539266,0.8224890489043741,0.04817533844868615,0.029552414464498966,0.7946843853820601,0.0891009055627426,-49.227885472794064,-0.5183045552495524,MODE_2_PRIOR,no_observer_reseed,four_mode_relocalization_v2,1.0,0,0,0,False,0,0,0.772346422338224,prior,b5_obs_prior_output_hindsight_v1,0,0,precomputed,0,0.0,4.7677056863904,0,265,cache_read_only_not_online_fps,32fdd06d26764df247b0164387e6061cbe61664ba5aa2aabd173919761ed38aa,cached_perception_v2,0,0,0,,,0,0.0,0,18.77044513821602,1.4450857415795326,24.98323656618595,50.00023189513229,49.94215069214425,50.00023189513229,50.00022902809164,0.772346422338224,0.772346422338224
cracker_box_reorient_occ60,1579908961243198854,49.97852796776027,0.792409095994073,1.3686187551061242,0.8883034530468719,0.049175109077330956,0.03191715664744232,0.7946843853820601,0.0891009055627426,-49.1861188717662,-0.4803153020592523,MODE_2_PRIOR,no_observer_reseed,four_mode_relocalization_v2,1.0,0,0,0,False,0,0,0.792409095994073,prior,b5_obs_prior_output_hindsight_v1,0,0,precomputed,0,0.0,4.224169999361038,0,266,cache_read_only_not_online_fps,32fdd06d26764df247b0164387e6061cbe61664ba5aa2aabd173919761ed38aa,cached_perception_v2,0,0,0,,,0,0.0,0,19.78275366127491,1.288868486881256,25.295792147517204,49.97852796776027,49.962834051295566,49.97852796776027,49.97852501000449,0.792409095994073,0.792409095994073
cracker_box_reorient_occ60,1579908961306592587,50.00562033595448,0.815977280289023,1.3843168043882559,0.9824649873346436,0.04973914729679134,0.03530042441446263,0.7946843853820601,0.0891009055627426,-49.18964305566546,-0.4018518170536123,MODE_2_PRIOR,no_observer_reseed,four_mode_relocalization_v2,1.0,0,0,0,False,0,0,0.815977280289023,prior,b5_obs_prior_output_hindsight_v1,0,0,precomputed,0,0.0,4.398978315293789,0,267,cache_read_only_not_online_fps,32fdd06d26764df247b0164387e6061cbe61664ba5aa2aabd173919761ed38aa,cached_perception_v2,0,0,0,,,0,0.0,0,25.55608842521906,2.169352024793625,32.12441876530647,50.00562033595448,49.993472844557786,50.00562033595448,50.005617611016525,0.815977280289023,0.815977280289023
cracker_box_reorient_occ60,1579908961363642252,50.23410850489303,0.8434117080104475,1.4048391367862536,1.0308185305164095,0.05047652425471161,0.037037789733597386,0.7946843853820601,0.12499999999999999,-49.39069679688258,-0.3740206062698441,MODE_2_PRIOR,no_observer_reseed,four_mode_relocalization_v2,1.0,0,0,0,False,0,0,0.8434117080104475,prior,b5_obs_prior_output_hindsight_v1,0,0,precomputed,0,0.0,3.6649182438850403,0,268,cache_read_only_not_online_fps,32fdd06d26764df247b0164387e6061cbe61664ba5aa2aabd173919761ed38aa,cached_perception_v2,0,0,0,,,0,0.0,0,23.398160003125668,2.0313579589128494,29.094436205923557,50.23410850489303,50.129695135515696,50.23410850489303,50.234106095529306,0.8434117080104475,0.8434117080104475
cracker_box_reorient_occ60,1579908961419657940,50.56338385063979,0.8731511357381837,1.573151653799764,1.0158886048945721,0.0565240713545449,0.03650135055487712,0.7946843853820601,0.0891009055627426,-49.690232714901605,-0.557263048905192,MODE_2_PRIOR,no_observer_reseed,four_mode_relocalization_v2,1.0,0,0,0,False,0,0,0.8731511357381837,prior,b5_obs_prior_output_hindsight_v1,0,0,precomputed,0,0.0,3.5253269597887993,0,269,cache_read_only_not_online_fps,32fdd06d26764df247b0164387e6061cbe61664ba5aa2aabd173919761ed38aa,cached_perception_v2,0,0,0,,,0,0.0,0,25.595407001674175,2.8810864314436913,32.001820392906666,50.56338385063979,50.41844931225615,50.56338385063979,50.56338118174697,0.8731511357381837,0.8731511357381837
cracker_box_reorient_occ60,1579908961475016673,50.51018477480651,0.9051746871414619,1.5888562560831792,1.0227937312315678,0.05708834502639237,0.036749454959078554,0.7946843853820601,0.12499999999999999,-49.60501008766505,-0.5660625248516113,MODE_2_PRIOR,no_observer_reseed,four_mode_relocalization_v2,1.0,0,0,0,False,0,0,0.9051746871414619,prior,b5_obs_prior_output_hindsight_v1,0,0,precomputed,0,0.0,4.027709364891052,0,270,cache_read_only_not_online_fps,32fdd06d26764df247b0164387e6061cbe61664ba5aa2aabd173919761ed38aa,cached_perception_v2,0,0,0,,,0,0.0,0,18.900742754340172,2.9190750792622566,25.84752719849348,50.51018477480651,50.621126452304054,50.51018477480651,50.51018238979713,0.9051746871414619,0.9051746871414619
cracker_box_reorient_occ60,1579908961534785548,50.55067763966079,0.9396579420034545,1.5739373195267872,1.0170225095873966,0.05655230068990988,0.03654209227841766,0.7946843853820601,0.09302325581395349,-49.61101969765733,-0.5569148099393906,MODE_2_PRIOR,no_observer_reseed,four_mode_relocalization_v2,1.0,0,0,0,False,0,0,0.9396579420034545,prior,b5_obs_prior_output_hindsight_v1,0,0,precomputed,0,0.0,5.0952620804309845,0,271,cache_read_only_not_online_fps,32fdd06d26764df247b0164387e6061cbe61664ba5aa2aabd173919761ed38aa,cached_perception_v2,0,0,0,,,0,0.0,0,20.14323603361845,2.5833575055003166,27.82185561954975,50.55067763966079,50.697053499787756,50.55067763966079,50.5506753875843,0.9396579420034545,0.9396579420034545
cracker_box_reorient_occ60,1579908961588282050,50.3422009020589,0.9748199718249088,1.5359088486046422,1.0802685015118185,0.055185920024247014,0.03881455021455509,0.7946843853820601,0.3888888888888889,-49.36738093023399,-0.45564034709282364,MODE_3_RELOCALIZE,no_observer_reseed,four_mode_relocalization_v2,,0,0,0,False,1,0,0.9748199718249088,policy_output,b5_obs_prior_output_hindsight_v1,0,0,precomputed,0,0.0,4.462906159460545,0,272,cache_read_only_not_online_fps,32fdd06d26764df247b0164387e6061cbe61664ba5aa2aabd173919761ed38aa,cached_perception_v2,1,1,1,0.7061127710531238,,1,2359.1875033453107,0,19.89064272493124,2359.1875033453107,2383.5410522297025,50.3422009020589,50.554968590014184,50.3422009020589,50.342198711203565,0.7061127710531238,0.7061127710531238
cracker_box_reorient_occ60,1579908961649409047,50.20406376871579,0.9836537431143788,1.5420766696381258,1.3765118970781445,0.05540753270561605,0.049458713343302645,0.7946843853820601,0.7946843853820601,-49.22041002560141,-0.16556477255998137,MODE_3_RELOCALIZE,no_observer_reseed,four_mode_relocalization_v2,,0,0,0,False,1,0,0.9836537431143788,prior,b5_obs_prior_output_hindsight_v1,0,0,precomputed,0,0.0,2.0516207441687584,0,273,cache_read_only_not_online_fps,32fdd06d26764df247b0164387e6061cbe61664ba5aa2aabd173919761ed38aa,cached_perception_v2,1,1,1,2.027423077411665,,1,2349.7837549075484,0,9.7877886146307,2349.7837549075484,2361.623164266348,50.20406376871579,50.305206253508906,50.20406376871579,50.20406165357063,2.027423077411665,0.9836537431143788
cracker_box_reorient_occ60,1579908961714047802,50.24889138320334,2.504557476391113,1.5526001178900457,1.7622676775634512,0.055785645100851836,0.06331909813768241,0.7946843853820601,0.7946843853820601,-47.74433390681223,0.20966755967340545,MODE_3_RELOCALIZE,no_observer_reseed,four_mode_relocalization_v2,,0,0,0,False,1,1,2.504557476391113,policy_output,b5_obs_prior_output_hindsight_v1,0,0,precomputed,0,0.0,2.348528243601322,0,274,cache_read_only_not_online_fps,32fdd06d26764df247b0164387e6061cbe61664ba5aa2aabd173919761ed38aa,cached_perception_v2,1,1,1,0.7256495515905355,,1,2345.0862960889935,0,12.81238254159689,2345.0862960889935,2360.2472068741918,50.24889138320334,50.15635846558101,50.24889138320334,50.24888952118679,0.7256495515905355,0.7256495515905355
cracker_box_reorient_occ60,1579908961777089298,50.45016006096263,1.3509934186332009,1.5251824916261225,1.7760489789280043,0.05480051702399352,0.06381426671205791,0.7946843853820601,0.7946843853820601,-49.09916664232943,0.25086648730188177,MODE_3_RELOCALIZE,no_observer_reseed,four_mode_relocalization_v2,,0,0,0,False,1,1,1.3509934186332009,policy_output,b5_obs_prior_output_hindsight_v1,0,0,precomputed,0,0.0,2.3623760789632797,0,275,cache_read_only_not_online_fps,32fdd06d26764df247b0164387e6061cbe61664ba5aa2aabd173919761ed38aa,cached_perception_v2,1,1,1,0.6966359962216407,,1,2320.4446900635958,0,10.054050013422966,2320.4446900635958,2332.861116155982,50.45016006096263,50.23605983089586,50.45016006096263,50.450158437074876,0.6966359962216407,0.6966359962216407
cracker_box_reorient_occ60,1579908961837904119,50.4817600772539,0.7379146505281635,1.4943492057443273,0.9800714128842313,0.05369266270679016,0.03521442217005044,0.7946843853820601,0.0891009055627426,-49.74384542672574,-0.514277792860096,MODE_2_PRIOR,no_observer_reseed,four_mode_relocalization_v2,1.0,0,0,0,False,0,0,0.7379146505281635,prior,b5_obs_prior_output_hindsight_v1,0,0,precomputed,0,0.0,2.332123927772045,0,276,cache_read_only_not_online_fps,32fdd06d26764df247b0164387e6061cbe61664ba5aa2aabd173919761ed38aa,cached_perception_v2,0,0,0,,,0,0.0,0,10.082532651722431,0.6282823160290718,13.042938895523548,50.4817600772539,50.40336036799704,50.4817600772539,50.48175831713155,0.7379146505281635,0.7379146505281635
cracker_box_reorient_occ60,1579908961895774410,50.55505757500828,0.8643003882448076,1.480356643628972,1.2213716635819347,0.05318990343527881,0.043884452523044376,0.7946843853820601,0.7946843853820601,-49.69075718676347,-0.2589849800470372,MODE_3_RELOCALIZE,no_observer_reseed,four_mode_relocalization_v2,,0,0,0,False,1,0,0.8643003882448076,policy_output,b5_obs_prior_output_hindsight_v1,0,0,precomputed,0,0.0,1.8703490495681763,0,277,cache_read_only_not_online_fps,32fdd06d26764df247b0164387e6061cbe61664ba5aa2aabd173919761ed38aa,cached_perception_v2,1,1,1,0.6743898599029354,,1,2317.8803846240044,0,10.02007070928812,2317.8803846240044,2329.7708043828607,50.55505757500828,50.56968041095977,50.55505757500828,50.55505576472793,0.6743898599029354,0.6743898599029354
cracker_box_reorient_occ60,1579908961955963219,50.65231014590489,0.917420855215668,1.3974013596399841,1.29243165759872,0.05020928145893952,0.046437671192431196,0.7946843853820601,0.7946843853820601,-49.734889290689225,-0.1049697020412641,MODE_3_RELOCALIZE,no_observer_reseed,four_mode_relocalization_v2,,0,0,0,False,1,0,0.917420855215668,policy_output,b5_obs_prior_output_hindsight_v1,0,0,precomputed,0,0.0,2.1378491073846817,0,278,cache_read_only_not_online_fps,32fdd06d26764df247b0164387e6061cbe61664ba5aa2aabd173919761ed38aa,cached_perception_v2,1,1,1,0.681649189451153,,1,2297.068896703422,0,9.730253368616104,2297.068896703422,2308.936999179423,50.65231014590489,50.70192922631781,50.65231014590489,50.65230821303987,0.681649189451153,0.681649189451153
cracker_box_reorient_occ60,1579908962022538009,50.57149826902305,0.6961388614133633,1.35102090065976,1.0408577479214867,0.048542809973801684,0.03739850348905621,0.7946843853820601,0.1346153846153846,-49.875359407609686,-0.31016315273827333,MODE_2_PRIOR,no_observer_reseed,four_mode_relocalization_v2,1.0,0,0,0,False,0,0,0.6961388614133633,prior,b5_obs_prior_output_hindsight_v1,0,0,precomputed,0,0.0,1.8491214141249657,0,279,cache_read_only_not_online_fps,32fdd06d26764df247b0164387e6061cbe61664ba5aa2aabd173919761ed38aa,cached_perception_v2,0,0,0,,,0,0.0,0,8.49979743361473,0.6802929565310478,11.029211804270744,50.57149826902305,50.70748467923226,50.57149826902305,50.57149623635805,0.6961388614133633,0.6961388614133633
cracker_box_reorient_occ60,1579908962086764595,50.57315345698689,0.719292865729398,1.2958453794643348,1.1359034584666474,0.046560327808435456,0.04081354012066242,0.7946843853820601,0.66,-49.85386059125749,-0.15994192099768734,MODE_3_RELOCALIZE,no_observer_reseed,four_mode_relocalization_v2,,0,0,0,False,1,0,0.719292865729398,policy_output,b5_obs_prior_output_hindsight_v1,0,0,precomputed,0,0.0,2.249196171760559,0,280,cache_read_only_not_online_fps,32fdd06d26764df247b0164387e6061cbe61664ba5aa2aabd173919761ed38aa,cached_perception_v2,1,1,1,0.6867637289724499,,1,2351.626736111939,0,11.651494540274143,2351.626736111939,2365.5274268239737,50.57315345698689,50.643817159855345,50.57315345698689,50.57315127651136,0.6867637289724499,0.6867637289724499
cracker_box_reorient_occ60,1579908962142941152,50.3305794320723,0.6879052010157162,1.2776854031936558,0.8532829276193713,0.045907831406043875,0.030658852863851945,0.7946843853820601,0.0891009055627426,-49.64267423105658,-0.42440247557428445,MODE_2_PRIOR,no_observer_reseed,four_mode_relocalization_v2,1.0,0,0,0,False,0,0,0.6879052010157162,prior,b5_obs_prior_output_hindsight_v1,0,0,precomputed,0,0.0,2.633395604789257,0,281,cache_read_only_not_online_fps,32fdd06d26764df247b0164387e6061cbe61664ba5aa2aabd173919761ed38aa,cached_perception_v2,0,0,0,,,0,0.0,0,11.21001597493887,1.1185845360159874,14.961996115744114,50.3305794320723,50.45259494085258,50.3305794320723,50.33057727187341,0.6879052010157162,0.6879052010157162
cracker_box_reorient_occ60,1579908962203442525,50.675134858233875,0.6961558289391162,1.282781939187433,0.8436412536808878,0.04609095231716358,0.03031242303023753,0.7946843853820601,0.0891009055627426,-49.978979029294756,-0.4391406855065453,MODE_2_PRIOR,no_observer_reseed,four_mode_relocalization_v2,1.0,0,0,0,False,0,0,0.6961558289391162,prior,b5_obs_prior_output_hindsight_v1,0,0,precomputed,0,0.0,2.817448228597641,0,282,cache_read_only_not_online_fps,32fdd06d26764df247b0164387e6061cbe61664ba5aa2aabd173919761ed38aa,cached_perception_v2,0,0,0,,,0,0.0,0,16.870436258614063,1.5893056988716125,21.277190186083317,50.675134858233875,50.47104914060206,50.675134858233875,50.67513311423211,0.6961558289391162,0.6961558289391162
cracker_box_reorient_occ60,1579908962272651551,50.5719599903216,0.7089454491615468,1.2786807398554563,0.9204811435104425,0.045943594315714736,0.03307331604720152,0.7946843853820601,0.0891009055627426,-49.863014541160055,-0.35819959634501375,MODE_2_PRIOR,no_observer_reseed,four_mode_relocalization_v2,1.0,0,0,0,False,0,0,0.7089454491615468,prior,b5_obs_prior_output_hindsight_v1,0,0,precomputed,0,0.0,4.059848375618458,0,283,cache_read_only_not_online_fps,32fdd06d26764df247b0164387e6061cbe61664ba5aa2aabd173919761ed38aa,cached_perception_v2,0,0,0,,,0,0.0,0,18.20522267371416,1.6057202592492104,23.87079130858183,50.5719599903216,50.52888107067432,50.5719599903216,50.5719583665338,0.7089454491615468,0.7089454491615468
cracker_box_reorient_occ60,1579908962333477288,50.647060713055204,0.7280434605855592,1.3003253794614726,0.998899570069173,0.04672129629414688,0.03589092662378551,0.7946843853820601,0.0891009055627426,-49.919017252469644,-0.3014258093922997,MODE_2_PRIOR,no_observer_reseed,four_mode_relocalization_v2,1.0,0,0,0,False,0,0,0.7280434605855592,prior,b5_obs_prior_output_hindsight_v1,0,0,precomputed,0,0.0,4.100769758224487,0,284,cache_read_only_not_online_fps,32fdd06d26764df247b0164387e6061cbe61664ba5aa2aabd173919761ed38aa,cached_perception_v2,0,0,0,,,0,0.0,0,20.154216326773167,1.5966501086950302,25.851636193692684,50.647060713055204,50.60536373420427,50.647060713055204,50.64705956970985,0.7280434605855592,0.7280434605855592
cracker_box_reorient_occ60,1579908962399302411,50.48716528804582,0.7504297816429942,1.3001359507011208,1.0294413833161171,0.046714490030592526,0.036988308193513814,0.7946843853820601,0.12499999999999999,-49.73673550640283,-0.27069456738500364,MODE_2_PRIOR,no_observer_reseed,four_mode_relocalization_v2,1.0,0,0,0,False,0,0,0.7504297816429942,prior,b5_obs_prior_output_hindsight_v1,0,0,precomputed,0,0.0,4.350773990154266,0,285,cache_read_only_not_online_fps,32fdd06d26764df247b0164387e6061cbe61664ba5aa2aabd173919761ed38aa,cached_perception_v2,0,0,0,,,0,0.0,0,18.03736574947834,1.5803631395101547,23.96850287914276,50.48716528804582,50.568327226559816,50.48716528804582,50.48716417030856,0.7504297816429942,0.7504297816429942
cracker_box_reorient_occ60,1579908962477701052,50.26004176769884,0.7759199262655727,1.320924924971642,1.0565665181028592,0.047461447555136635,0.03796292691541779,0.7946843853820601,0.24242424242424243,-49.484121841433264,-0.26435840686878276,MODE_2_PRIOR,no_observer_reseed,four_mode_relocalization_v2,1.0,0,0,0,False,0,0,0.7759199262655727,prior,b5_obs_prior_output_hindsight_v1,0,0,precomputed,0,0.0,4.020539112389088,0,286,cache_read_only_not_online_fps,32fdd06d26764df247b0164387e6061cbe61664ba5aa2aabd173919761ed38aa,cached_perception_v2,0,0,0,,,0,0.0,0,17.76891853660345,1.5391567721962929,23.32861442118883,50.26004176769884,50.401056047215654,50.26004176769884,50.26004030994757,0.7759199262655727,0.7759199262655727
cracker_box_reorient_occ60,1579908962541054362,49.737527885793234,0.8037246730580814,1.3150413627398958,1.1013826892180136,0.04725004842486025,0.03957319280925699,0.7946843853820601,0.3888888888888889,-48.93380321273515,-0.21365867352188217,MODE_3_RELOCALIZE,no_observer_reseed,four_mode_relocalization_v2,,0,0,0,False,1,0,0.8037246730580814,policy_output,b5_obs_prior_output_hindsight_v1,0,0,precomputed,0,0.0,4.014142788946629,0,287,cache_read_only_not_online_fps,32fdd06d26764df247b0164387e6061cbe61664ba5aa2aabd173919761ed38aa,cached_perception_v2,1,1,1,0.7878939055868552,,1,2340.698130428791,0,19.24372185021639,2340.698130428791,2363.955995067954,49.737527885793234,49.997579812930596,49.737527885793234,49.73752572873139,0.7878939055868552,0.7878939055868552
cracker_box_reorient_occ60,1579908962594646378,49.68136251525886,1.1255952100212743,1.3109794213354082,1.2505648789373298,0.04710410097902394,0.04493337834264434,0.7946843853820601,0.7946843853820601,-48.55576730523759,-0.06041454239807842,MODE_3_RELOCALIZE,no_observer_reseed,four_mode_relocalization_v2,,0,0,0,False,1,1,1.1255952100212743,policy_output,b5_obs_prior_output_hindsight_v1,0,0,precomputed,0,0.0,2.065698616206646,0,288,cache_read_only_not_online_fps,32fdd06d26764df247b0164387e6061cbe61664ba5aa2aabd173919761ed38aa,cached_perception_v2,1,1,1,0.6250229926253711,,1,2322.9374485090375,0,10.30173059552908,2322.9374485090375,2335.304877720773,49.68136251525886,49.621030566496735,49.68136251525886,49.68136070650722,0.6250229926253711,0.6250229926253711
cracker_box_reorient_occ60,1579908962654674803,49.63190673563733,0.9781999438749048,1.344466722078835,1.0472822863912752,0.04830731528587137,0.03762934014743509,0.7946843853820601,0.22727272727272727,-48.653706791762424,-0.2971844356875599,MODE_2_PRIOR,no_observer_reseed,four_mode_relocalization_v2,1.0,0,0,0,False,0,0,0.9781999438749048,prior,b5_obs_prior_output_hindsight_v1,0,0,precomputed,0,0.0,2.193788066506386,0,289,cache_read_only_not_online_fps,32fdd06d26764df247b0164387e6061cbe61664ba5aa2aabd173919761ed38aa,cached_perception_v2,0,0,0,,,0,0.0,0,10.60695480555296,0.7431032136082649,13.54384608566761,49.63190673563733,49.43182839005914,49.63190673563733,49.63190463113432,0.9781999438749048,0.9781999438749048
cracker_box_reorient_occ60,1579908962706189651,49.23363477870905,1.450076254276011,1.289896310497001,1.0789724579707007,0.04634657499065055,0.038767982766706184,0.7946843853820601,0.3888888888888889,-47.78355852443304,-0.2109238525263002,MODE_3_RELOCALIZE,no_observer_reseed,four_mode_relocalization_v2,,0,0,0,False,1,1,1.450076254276011,policy_output,b5_obs_prior_output_hindsight_v1,0,0,precomputed,0,0.0,2.059878781437874,0,290,cache_read_only_not_online_fps,32fdd06d26764df247b0164387e6061cbe61664ba5aa2aabd173919761ed38aa,cached_perception_v2,1,1,1,0.8628579235829585,,1,2356.4536925405264,0,13.542717322707176,2356.4536925405264,2372.0562886446714,49.23363477870905,49.23446865876036,49.23363477870905,49.233632754176526,0.8628579235829585,0.8628579235829585
cracker_box_reorient_occ60,1579908962771493815,49.22486854765874,1.4585334847463984,1.2791863118223081,1.2714194195836048,0.04596175975186971,0.0456826916975959,0.7946843853820601,0.7946843853820601,-47.76633506291234,-0.007766892238703305,MODE_3_RELOCALIZE,no_observer_reseed,four_mode_relocalization_v2,,0,0,0,False,1,1,1.4585334847463984,policy_output,b5_obs_prior_output_hindsight_v1,0,0,precomputed,0,0.0,2.073562704026699,0,291,cache_read_only_not_online_fps,32fdd06d26764df247b0164387e6061cbe61664ba5aa2aabd173919761ed38aa,cached_perception_v2,1,1,1,0.7121717768224785,,1,2333.0997079610825,0,10.329593904316425,2333.0997079610825,2345.5028645694256,49.22486854765874,49.12510342840951,49.22486854765874,49.22486683584858,0.7121717768224785,0.7121717768224785
cracker_box_reorient_occ60,1579908962831682420,49.0424604053869,0.6660069160866405,1.258243980662643,1.1362552076235277,0.045209292042898225,0.040826178631637754,0.7946843853820601,0.66,-48.37645348930026,-0.12198877303911537,MODE_3_RELOCALIZE,no_observer_reseed,four_mode_relocalization_v2,,0,0,0,False,1,0,0.6660069160866405,prior,b5_obs_prior_output_hindsight_v1,0,0,precomputed,0,0.0,1.7734896391630173,0,292,cache_read_only_not_online_fps,32fdd06d26764df247b0164387e6061cbe61664ba5aa2aabd173919761ed38aa,cached_perception_v2,1,1,1,0.743803922648008,,1,2315.5123088508844,0,8.518124930560589,2315.5123088508844,2325.803923420608,49.0424604053869,49.03639357828122,49.0424604053869,49.04245874118638,0.743803922648008,0.6660069160866405
cracker_box_reorient_occ60,1579908962882660048,49.14973347552974,0.7994875755130925,1.2806736459272998,0.8866815550450082,0.04601520035874035,0.03185888109710634,0.7946843853820601,0.0891009055627426,-48.35024590001665,-0.3939920908822916,MODE_2_PRIOR,no_observer_reseed,four_mode_relocalization_v2,1.0,0,0,0,False,0,0,0.7994875755130925,prior,b5_obs_prior_output_hindsight_v1,0,0,precomputed,0,0.0,1.81557796895504,0,293,cache_read_only_not_online_fps,32fdd06d26764df247b0164387e6061cbe61664ba5aa2aabd173919761ed38aa,cached_perception_v2,0,0,0,,,0,0.0,0,12.092433869838715,0.9399503469467163,14.84796218574047,49.14973347552974,49.06278099233603,49.14973347552974,49.149732141878395,0.7994875755130925,0.7994875755130925
cracker_box_reorient_occ60,1579908962939628704,48.89584040830346,0.8640509960188043,1.3068182531692332,0.945309073389499,0.04695458826944186,0.033965395127231554,0.7946843853820601,0.0891009055627426,-48.03178941228465,-0.3615091797797342,MODE_2_PRIOR,no_observer_reseed,four_mode_relocalization_v2,1.0,0,0,0,False,0,0,0.8640509960188043,prior,b5_obs_prior_output_hindsight_v1,0,0,precomputed,0,0.0,2.658868208527565,0,294,cache_read_only_not_online_fps,32fdd06d26764df247b0164387e6061cbe61664ba5aa2aabd173919761ed38aa,cached_perception_v2,0,0,0,,,0,0.0,0,14.812708832323551,1.4646686613559723,18.93624570220709,48.89584040830346,49.003400061782045,48.89584040830346,48.895838942325845,0.8640509960188043,0.8640509960188043
cracker_box_reorient_occ60,1579908963000667004,48.93904551780835,0.9386378393993396,1.258860757015951,1.2308054263128378,0.045231453104433494,0.044223412010170396,0.7946843853820601,0.7946843853820601,-48.00040767840901,-0.028055330703113057,MODE_3_RELOCALIZE,no_observer_reseed,four_mode_relocalization_v2,,0,0,0,False,1,0,0.9386378393993396,policy_output,b5_obs_prior_output_hindsight_v1,0,0,precomputed,0,0.0,3.908460959792137,0,295,cache_read_only_not_online_fps,32fdd06d26764df247b0164387e6061cbe61664ba5aa2aabd173919761ed38aa,cached_perception_v2,1,1,1,0.7388770712888614,,1,2351.1575618758798,0,18.872094340622425,2351.1575618758798,2373.9381171762943,48.93904551780835,48.95017561025171,48.93904551780835,48.939044332934465,0.7388770712888614,0.7388770712888614
cracker_box_reorient_occ60,1579908963054674192,48.82137226965077,0.9300286566275243,1.2751027305891611,1.280310275608971,0.04581503477691452,0.04600214429402355,0.7946843853820601,0.7946843853820601,-47.891343613023245,0.005207545019809912,MODE_3_RELOCALIZE,no_observer_reseed,four_mode_relocalization_v2,,0,0,0,False,1,0,0.9300286566275243,policy_output,b5_obs_prior_output_hindsight_v1,0,0,precomputed,0,0.0,1.4584502205252647,0,296,cache_read_only_not_online_fps,32fdd06d26764df247b0164387e6061cbe61664ba5aa2aabd173919761ed38aa,cached_perception_v2,1,1,1,0.7836859831684039,,1,2322.585094720125,0,10.999726131558418,2322.585094720125,2335.043271072209,48.82137226965077,48.864663243280766,48.82137226965077,48.82137115398733,0.7836859831684039,0.7836859831684039
cracker_box_reorient_occ60,1579908963111961706,48.83713072251134,0.8818421957964562,1.2657265368552337,0.9382019499489724,0.045478143770653026,0.03371003287305373,0.7946843853820601,0.0891009055627426,-47.95528852671488,-0.3275245869062613,MODE_2_PRIOR,no_observer_reseed,four_mode_relocalization_v2,1.0,0,0,0,False,0,0,0.8818421957964562,prior,b5_obs_prior_output_hindsight_v1,0,0,precomputed,0,0.0,1.7504356801509857,0,297,cache_read_only_not_online_fps,32fdd06d26764df247b0164387e6061cbe61664ba5aa2aabd173919761ed38aa,cached_perception_v2,0,0,0,,,0,0.0,0,10.783304460346699,0.7376596331596375,13.271399773657322,48.83713072251134,48.81097227203611,48.83713072251134,48.837129832447864,0.8818421957964562,0.8818421957964562
cracker_box_reorient_occ60,1579908963180191290,48.86395421832973,1.0181336223487758,1.2723328163195413,1.1573820406386242,0.045715510467580586,0.041585275578175915,0.7946843853820601,0.7946843853820601,-47.84582059598095,-0.11495077568091716,MODE_3_RELOCALIZE,no_observer_reseed,four_mode_relocalization_v2,,0,0,0,False,1,1,1.0181336223487758,policy_output,b5_obs_prior_output_hindsight_v1,0,0,precomputed,0,0.0,2.7963872998952866,0,298,cache_read_only_not_online_fps,32fdd06d26764df247b0164387e6061cbe61664ba5aa2aabd173919761ed38aa,cached_perception_v2,1,1,1,0.6752705214485285,,1,2331.2297202646732,0,13.67697212845087,2331.2297202646732,2347.7030796930194,48.86395421832973,48.8111361095594,48.86395421832973,48.863953529489336,0.6752705214485285,0.6752705214485285
cracker_box_reorient_occ60,1579908963232950998,48.74371271254985,0.8287787861091568,1.333220541503765,1.2481547022514445,0.04790323478177251,0.04484677957218188,0.7946843853820601,0.7946843853820601,-47.914933926440696,-0.08506583925232047,MODE_3_RELOCALIZE,no_observer_reseed,four_mode_relocalization_v2,,0,0,0,False,1,0,0.8287787861091568,policy_output,b5_obs_prior_output_hindsight_v1,0,0,precomputed,0,0.0,2.4134963750839233,0,299,cache_read_only_not_online_fps,32fdd06d26764df247b0164387e6061cbe61664ba5aa2aabd173919761ed38aa,cached_perception_v2,1,1,1,0.7132139035378751,,1,2356.976014561951,0,10.345238260924816,2356.976014561951,2369.73474919796,48.74371271254985,48.777621568425985,48.74371271254985,48.743712017752685,0.7132139035378751,0.7132139035378751
cracker_box_reorient_occ60,1579908963286625537,48.729457096417605,0.7670820725970308,1.3073610139864034,0.9386088296709143,0.04697408991830329,0.0337246522508996,0.7946843853820601,0.0891009055627426,-47.96237502382058,-0.36875218431548906,MODE_2_PRIOR,no_observer_reseed,four_mode_relocalization_v2,1.0,0,0,0,False,0,0,0.7670820725970308,prior,b5_obs_prior_output_hindsight_v1,0,0,precomputed,0,0.0,2.0119845867156982,0,300,cache_read_only_not_online_fps,32fdd06d26764df247b0164387e6061cbe61664ba5aa2aabd173919761ed38aa,cached_perception_v2,0,0,0,,,0,0.0,0,9.930459782481194,2.855922095477581,14.798366464674473,48.729457096417605,48.73687472276403,48.729457096417605,48.72945617645959,0.7670820725970308,0.7670820725970308
cracker_box_reorient_occ60,1579908963344336971,48.6572669934335,0.8304472354909236,1.3728973255799584,0.9695963070656011,0.04932884010648782,0.03483804674095019,0.7946843853820601,0.0891009055627426,-47.82681975794258,-0.4033010185143573,MODE_2_PRIOR,no_observer_reseed,four_mode_relocalization_v2,1.0,0,0,0,False,0,0,0.8304472354909236,prior,b5_obs_prior_output_hindsight_v1,0,0,precomputed,0,0.0,4.5944321900606155,0,301,cache_read_only_not_online_fps,32fdd06d26764df247b0164387e6061cbe61664ba5aa2aabd173919761ed38aa,cached_perception_v2,0,0,0,,,0,0.0,0,18.57710350304842,2.6709111407399178,25.842446833848953,48.6572669934335,48.682877596653846,48.6572669934335,48.65726642198129,0.8304472354909236,0.8304472354909236
cracker_box_reorient_occ60,1579908963403520844,48.95984724530087,0.8987604399022525,1.3522958867853707,1.0370948366626107,0.048588620818907434,0.03726330033557525,0.7946843853820601,0.12499999999999999,-48.06108680539862,-0.31520105012276,MODE_2_PRIOR,no_observer_reseed,four_mode_relocalization_v2,1.0,0,0,0,False,0,0,0.8987604399022525,prior,b5_obs_prior_output_hindsight_v1,0,0,precomputed,0,0.0,4.432403482496738,0,302,cache_read_only_not_online_fps,32fdd06d26764df247b0164387e6061cbe61664ba5aa2aabd173919761ed38aa,cached_perception_v2,0,0,0,,,0,0.0,0,19.15388461202383,2.1431725472211838,25.729460641741753,48.95984724530087,48.80005887123731,48.95984724530087,48.95984656711072,0.8987604399022525,0.8987604399022525
cracker_box_reorient_occ60,1579908963467367467,48.950464664165786,0.967194546708961,1.425112531811002,1.0607810365971666,0.051204956776909887,0.038114356527128704,0.7946843853820601,0.24242424242424243,-47.983270117456826,-0.36433149521383545,MODE_2_PRIOR,no_observer_reseed,four_mode_relocalization_v2,1.0,0,0,0,False,0,0,0.967194546708961,prior,b5_obs_prior_output_hindsight_v1,0,0,precomputed,0,0.0,3.2078204676508904,0,303,cache_read_only_not_online_fps,32fdd06d26764df247b0164387e6061cbe61664ba5aa2aabd173919761ed38aa,cached_perception_v2,0,0,0,,,0,0.0,0,16.754623502492905,2.356291748583317,22.318735718727112,48.950464664165786,48.934078721818665,48.950464664165786,48.95046380018113,0.967194546708961,0.967194546708961
cracker_box_reorient_occ60,1579908963522452867,48.950846294153145,1.0403484763183,1.4017721833742993,1.1242050894277198,0.05036632719069706,0.04039321227452566,0.7946843853820601,0.66,-47.910497817834845,-0.2775670939465795,MODE_3_RELOCALIZE,no_observer_reseed,four_mode_relocalization_v2,,0,0,0,False,1,1,1.0403484763183,policy_output,b5_obs_prior_output_hindsight_v1,0,0,precomputed,0,0.0,4.071280360221863,0,304,cache_read_only_not_online_fps,32fdd06d26764df247b0164387e6061cbe61664ba5aa2aabd173919761ed38aa,cached_perception_v2,1,1,1,0.7153815273208632,,1,2338.1255995482206,0,17.855478450655937,2338.1255995482206,2360.0523583590984,48.950846294153145,49.01053226951318,48.950846294153145,48.950845656163864,0.7153815273208632,0.7153815273208632
cracker_box_reorient_occ60,1579908963583292307,49.23685315941304,0.6674423788943656,1.5009266921191047,1.1814128699477566,0.05392899485460532,0.042448714463611675,0.7946843853820601,0.7946843853820601,-48.56941078051867,-0.31951382217134805,MODE_3_RELOCALIZE,no_observer_reseed,four_mode_relocalization_v2,,0,0,0,False,1,0,0.6674423788943656,policy_output,b5_obs_prior_output_hindsight_v1,0,0,precomputed,0,0.0,1.9686603918671608,0,305,cache_read_only_not_online_fps,32fdd06d26764df247b0164387e6061cbe61664ba5aa2aabd173919761ed38aa,cached_perception_v2,1,1,1,0.6257920927198956,,1,2343.601723201573,0,13.141671195626259,2343.601723201573,2358.7120547890663,49.23685315941304,49.163484859214826,49.23685315941304,49.236852354935024,0.6257920927198956,0.6257920927198956
cracker_box_reorient_occ60,1579908963641248428,49.475855471353064,0.7518390581280419,1.479491349371287,0.9095970942400025,0.05315881300973342,0.03268224708948039,0.7946843853820601,0.0891009055627426,-48.72401641322502,-0.5698942551312844,MODE_2_PRIOR,no_observer_reseed,four_mode_relocalization_v2,1.0,0,0,0,False,0,0,0.7518390581280419,prior,b5_obs_prior_output_hindsight_v1,0,0,precomputed,0,0.0,3.0115004628896713,0,306,cache_read_only_not_online_fps,32fdd06d26764df247b0164387e6061cbe61664ba5aa2aabd173919761ed38aa,cached_perception_v2,0,0,0,,,0,0.0,0,12.754948809742928,1.1200280860066414,16.88647735863924,49.475855471353064,49.39416008705285,49.475855471353064,49.475854972182,0.7518390581280419,0.7518390581280419
cracker_box_reorient_occ60,1579908963705800615,49.32895605515838,1.0085409267035772,1.4783429581059577,1.053900374885261,0.05311755077689807,0.03786713114829708,0.7946843853820601,0.24242424242424243,-48.320415128454805,-0.42444258322069683,MODE_2_PRIOR,no_observer_reseed,four_mode_relocalization_v2,1.0,0,0,0,False,0,1,1.0085409267035772,prior,b5_obs_prior_output_hindsight_v1,0,0,precomputed,0,0.0,2.535593695938587,0,307,cache_read_only_not_online_fps,32fdd06d26764df247b0164387e6061cbe61664ba5aa2aabd173919761ed38aa,cached_perception_v2,0,0,0,,,0,0.0,0,15.633733943104744,1.2539997696876526,19.423327408730984,49.32895605515838,49.47479847678543,49.32895605515838,49.32895584598075,1.0085409267035772,1.0085409267035772
cracker_box_reorient_occ60,1579908963762469359,49.493533389270375,1.2933774857377618,1.5431337330960404,1.117017936253004,0.055445513487810266,0.04013497451473788,0.7946843853820601,0.6060606060606061,-48.20015590353261,-0.42611579684303647,MODE_3_RELOCALIZE,no_observer_reseed,four_mode_relocalization_v2,,0,0,0,False,1,1,1.2933774857377618,policy_output,b5_obs_prior_output_hindsight_v1,0,0,precomputed,0,0.0,3.512072376906872,0,308,cache_read_only_not_online_fps,32fdd06d26764df247b0164387e6061cbe61664ba5aa2aabd173919761ed38aa,cached_perception_v2,1,1,1,0.7118041312663758,,1,2364.154956303537,0,16.983001492917538,2364.154956303537,2384.6500301733613,49.493533389270375,49.52461329014311,49.493533389270375,49.49353305279539,0.7118041312663758,0.7118041312663758
cracker_box_reorient_occ60,1579908963824900142,49.6850773539468,1.5517185765347334,1.5287499595595495,1.028627349174469,0.05492869780779591,0.0369590595678035,0.7946843853820601,0.12499999999999999,-48.13335877741207,-0.5001226103850804,MODE_2_PRIOR,no_observer_reseed,four_mode_relocalization_v2,1.0,0,0,0,False,0,1,1.5517185765347334,prior,b5_obs_prior_output_hindsight_v1,0,0,precomputed,0,0.0,2.299875020980835,0,309,cache_read_only_not_online_fps,32fdd06d26764df247b0164387e6061cbe61664ba5aa2aabd173919761ed38aa,cached_perception_v2,0,0,0,,,0,0.0,0,13.35555873811245,1.1754250153899193,16.830858774483204,49.6850773539468,49.63290481792936,49.6850773539468,49.68507687070068,1.5517185765347334,1.5517185765347334
cracker_box_reorient_occ60,1579908963880120060,49.52293332211875,2.4083043052997777,1.5413981648416701,1.2142365717274857,0.05538315371237872,0.04362808535073268,0.7946843853820601,0.7946843853820601,-47.114629016818974,-0.32716159311418447,MODE_3_RELOCALIZE,no_observer_reseed,four_mode_relocalization_v2,,0,0,0,False,1,1,2.4083043052997777,policy_output,b5_obs_prior_output_hindsight_v1,0,0,precomputed,0,0.0,2.750186249613762,0,310,cache_read_only_not_online_fps,32fdd06d26764df247b0164387e6061cbe61664ba5aa2aabd173919761ed38aa,cached_perception_v2,1,1,1,0.6673738418163975,,1,2360.801313072443,0,15.823163092136383,2360.801313072443,2379.374662414193,49.52293332211875,49.634078682689996,49.52293332211875,49.52293300626984,0.6673738418163975,0.6673738418163975
cracker_box_reorient_occ60,1579908963939619743,49.758373308869906,1.3573059762469373,1.5272256594610554,1.1526061784046608,0.05487392899556798,0.04141367662454676,0.7946843853820601,0.7946843853820601,-48.40106733262297,-0.37461948105639453,MODE_3_RELOCALIZE,no_observer_reseed,four_mode_relocalization_v2,,0,0,0,False,1,1,1.3573059762469373,policy_output,b5_obs_prior_output_hindsight_v1,0,0,precomputed,0,0.0,2.301931381225586,0,311,cache_read_only_not_online_fps,32fdd06d26764df247b0164387e6061cbe61664ba5aa2aabd173919761ed38aa,cached_perception_v2,1,1,1,0.7885196659738617,,1,2321.6093061491847,0,10.096997022628784,2321.6093061491847,2334.008234553039,49.758373308869906,49.698835984674325,49.758373308869906,49.75837289969674,0.7885196659738617,0.7885196659738617
cracker_box_reorient_occ60,1579908963994411947,50.16576978553454,0.9123430588453468,1.536126593186179,0.9731070329744511,0.05519374368843992,0.03496418875739137,0.7946843853820601,0.0891009055627426,-49.2534267266892,-0.5630195602117278,MODE_2_PRIOR,no_observer_reseed,four_mode_relocalization_v2,1.0,0,0,0,False,0,0,0.9123430588453468,prior,b5_obs_prior_output_hindsight_v1,0,0,precomputed,0,0.0,2.2220322862267494,0,312,cache_read_only_not_online_fps,32fdd06d26764df247b0164387e6061cbe61664ba5aa2aabd173919761ed38aa,cached_perception_v2,0,0,0,,,0,0.0,0,10.657613165676594,0.7754247635602951,13.655070215463638,50.16576978553454,49.965905785703995,50.16576978553454,50.1657694807999,0.9123430588453468,0.9123430588453468
cracker_box_reorient_occ60,1579908964056243125,50.039739425328776,1.036520809424144,1.5741347691493834,0.971968740457856,0.05655939514677906,0.03492328937729985,0.7946843853820601,0.0891009055627426,-49.00321861590463,-0.6021660286915275,MODE_2_PRIOR,no_observer_reseed,four_mode_relocalization_v2,1.0,0,0,0,False,0,1,1.036520809424144,prior,b5_obs_prior_output_hindsight_v1,0,0,precomputed,0,0.0,2.4336501955986023,0,313,cache_read_only_not_online_fps,32fdd06d26764df247b0164387e6061cbe61664ba5aa2aabd173919761ed38aa,cached_perception_v2,0,0,0,,,0,0.0,0,12.846164405345917,0.9731259196996689,16.252940520644188,50.039739425328776,50.139131224053976,50.039739425328776,50.039738887014494,1.036520809424144,1.036520809424144
cracker_box_reorient_occ60,1579908964133275958,49.97914576108785,1.161102075496911,1.5475754058466586,1.0559089768065228,0.05560510485770971,0.037939301150500024,0.7946843853820601,0.24242424242424243,-48.818043685590936,-0.4916664290401358,MODE_2_PRIOR,no_observer_reseed,four_mode_relocalization_v2,1.0,0,0,0,False,0,1,1.161102075496911,prior,b5_obs_prior_output_hindsight_v1,0,0,precomputed,0,0.0,4.0655676275491714,0,314,cache_read_only_not_online_fps,32fdd06d26764df247b0164387e6061cbe61664ba5aa2aabd173919761ed38aa,cached_perception_v2,0,0,0,,,0,0.0,0,19.038680009543896,1.158587634563446,24.262835271656513,49.97914576108785,50.1470928107694,49.97914576108785,49.97914510722918,1.161102075496911,1.161102075496911
cracker_box_reorient_occ60,1579908964196548253,50.129532460765894,1.286944386263782,1.573686490086142,1.0997816501208333,0.05654328827132544,0.039515666729077845,0.7946843853820601,0.3888888888888889,-48.84258807450211,-0.47390483996530874,MODE_3_RELOCALIZE,no_observer_reseed,four_mode_relocalization_v2,,0,0,0,False,1,1,1.286944386263782,policy_output,b5_obs_prior_output_hindsight_v1,0,0,precomputed,0,0.0,3.1659919768571854,0,315,cache_read_only_not_online_fps,32fdd06d26764df247b0164387e6061cbe61664ba5aa2aabd173919761ed38aa,cached_perception_v2,1,1,1,0.7304138293930816,,1,2298.9769456908107,0,17.64649711549282,2298.9769456908107,2319.7894347831607,50.129532460765894,50.146577620521185,50.129532460765894,50.129531566829236,0.7304138293930816,0.7304138293930816
cracker_box_reorient_occ60,1579908964259808181,50.31422855091534,0.4881229310533652,1.5687941440701025,0.9459409880553851,0.05636750400117335,0.03398810011538591,0.7946843853820601,0.0891009055627426,-49.82610561986197,-0.6228531560147175,MODE_2_PRIOR,no_observer_reseed,four_mode_relocalization_v2,1.0,0,0,0,False,0,0,0.4881229310533652,prior,b5_obs_prior_output_hindsight_v1,0,0,precomputed,0,0.0,2.3423293605446815,0,316,cache_read_only_not_online_fps,32fdd06d26764df247b0164387e6061cbe61664ba5aa2aabd173919761ed38aa,cached_perception_v2,0,0,0,,,0,0.0,0,10.066048242151737,0.7651112973690033,13.173488900065422,50.31422855091534,50.23271410986718,50.31422855091534,50.31422799367016,0.4881229310533652,0.4881229310533652
cracker_box_reorient_occ60,1579908964326147466,50.433772293508504,0.8235157007648714,1.5727607298211597,1.1183168880366197,0.05651002527398588,0.04018164645709377,0.7946843853820601,0.6060606060606061,-49.61025659274363,-0.45444384178454,MODE_3_RELOCALIZE,no_observer_reseed,four_mode_relocalization_v2,,0,0,0,False,1,0,0.8235157007648714,policy_output,b5_obs_prior_output_hindsight_v1,0,0,precomputed,0,0.0,2.6201847940683365,0,317,cache_read_only_not_online_fps,32fdd06d26764df247b0164387e6061cbe61664ba5aa2aabd173919761ed38aa,cached_perception_v2,1,1,1,0.7643937493509918,,1,2292.553786188364,0,12.73889560252428,2292.553786188364,2307.9128665849566,50.433772293508504,50.37885097629706,50.433772293508504,50.43377156864456,0.7643937493509918,0.7643937493509918
cracker_box_reorient_occ60,1579908964394348821,50.49194617130684,1.2912489350816356,1.5832789377554877,1.1418868301420355,0.05688794938217079,0.0410285254507185,0.7946843853820601,0.7272727272727273,-49.20069723622521,-0.44139210761345216,MODE_3_RELOCALIZE,no_observer_reseed,four_mode_relocalization_v2,,0,0,0,False,1,1,1.2912489350816356,policy_output,b5_obs_prior_output_hindsight_v1,0,0,precomputed,0,0.0,2.1715182811021805,0,318,cache_read_only_not_online_fps,32fdd06d26764df247b0164387e6061cbe61664ba5aa2aabd173919761ed38aa,cached_perception_v2,1,1,1,0.7548832727566057,,1,2293.02148707211,0,9.796970523893833,2293.02148707211,2304.989975877106,50.49194617130684,50.51024605707354,50.49194617130684,50.491945791875715,0.7548832727566057,0.7548832727566057
cracker_box_reorient_occ60,1579908964461369531,50.2243113439652,0.764883126017928,1.5754486021532257,1.013827532315455,0.056606601778306134,0.03642729525750797,0.7946843853820601,0.0891009055627426,-49.45942821794727,-0.5616210698377706,MODE_2_PRIOR,no_observer_reseed,four_mode_relocalization_v2,1.0,0,0,0,False,0,0,0.764883126017928,prior,b5_obs_prior_output_hindsight_v1,0,0,precomputed,0,0.0,2.19098012894392,0,319,cache_read_only_not_online_fps,32fdd06d26764df247b0164387e6061cbe61664ba5aa2aabd173919761ed38aa,cached_perception_v2,0,0,0,,,0,0.0,0,9.499347768723965,0.9017996490001678,12.592127546668053,50.2243113439652,50.433820546185835,50.2243113439652,50.224311010899534,0.764883126017928,0.764883126017928
cracker_box_reorient_occ60,1579908964517340915,50.24990636143695,0.8042557089158562,1.566023908557263,1.0560163091273296,0.05626796814942096,0.037943157650758765,0.7946843853820601,0.24242424242424243,-49.445650652521095,-0.5100075994299333,MODE_2_PRIOR,no_observer_reseed,four_mode_relocalization_v2,1.0,0,0,0,False,0,0,0.8042557089158562,prior,b5_obs_prior_output_hindsight_v1,0,0,precomputed,0,0.0,2.6353606954216957,0,320,cache_read_only_not_online_fps,32fdd06d26764df247b0164387e6061cbe61664ba5aa2aabd173919761ed38aa,cached_perception_v2,0,0,0,,,0,0.0,0,12.92981393635273,1.0690167546272278,16.634191386401653,50.24990636143695,50.3041972465208,50.24990636143695,50.24990579287439,0.8042557089158562,0.8042557089158562
cracker_box_reorient_occ60,1579908964578612470,50.118677018578275,0.8609893725446488,1.5066158725976104,1.0822957959780621,0.05413340975798683,0.03888739184860217,0.7946843853820601,0.3888888888888889,-49.257687646033624,-0.4243200766195483,MODE_3_RELOCALIZE,no_observer_reseed,four_mode_relocalization_v2,,0,0,0,False,1,0,0.8609893725446488,policy_output,b5_obs_prior_output_hindsight_v1,0,0,precomputed,0,0.0,4.762724973261356,0,321,cache_read_only_not_online_fps,32fdd06d26764df247b0164387e6061cbe61664ba5aa2aabd173919761ed38aa,cached_perception_v2,1,1,1,0.8076690727018818,,1,2296.4849155396223,0,15.540671534836292,2296.4849155396223,2316.78831204772,50.118677018578275,50.14420236138665,50.118677018578275,50.11867611703485,0.8076690727018818,0.8076690727018818
cracker_box_reorient_occ60,1579908964635636126,50.150627275449,0.9074531778811487,1.5494740687179023,0.8636820596599539,0.05567332469865968,0.03103249851973481,0.7946843853820601,0.0891009055627426,-49.243174097567845,-0.6857920090579483,MODE_2_PRIOR,no_observer_reseed,four_mode_relocalization_v2,1.0,0,0,0,False,0,0,0.9074531778811487,prior,b5_obs_prior_output_hindsight_v1,0,0,precomputed,0,0.0,2.5039883330464363,0,322,cache_read_only_not_online_fps,32fdd06d26764df247b0164387e6061cbe61664ba5aa2aabd173919761ed38aa,cached_perception_v2,0,0,0,,,0,0.0,0,10.166289284825325,0.7542315870523453,13.424509204924107,50.150627275449,50.067154382090216,50.150627275449,50.15062658431406,0.9074531778811487,0.9074531778811487
cracker_box_reorient_occ60,1579908964692054346,50.30197176055643,1.0833267086778702,1.5538559022124683,1.0266807382018763,0.055830766016228994,0.03688911692924821,0.7946843853820601,0.12499999999999999,-49.21864505187855,-0.527175164010592,MODE_2_PRIOR,no_observer_reseed,four_mode_relocalization_v2,1.0,0,0,0,False,0,1,1.0833267086778702,prior,b5_obs_prior_output_hindsight_v1,0,0,precomputed,0,0.0,2.579241059720516,0,323,cache_read_only_not_online_fps,32fdd06d26764df247b0164387e6061cbe61664ba5aa2aabd173919761ed38aa,cached_perception_v2,0,0,0,,,0,0.0,0,12.956502847373486,0.9727329015731812,16.508476808667183,50.30197176055643,50.14478052403892,50.30197176055643,50.301971271706705,1.0833267086778702,1.0833267086778702
cracker_box_reorient_occ60,1579908964748693308,50.44827722328083,1.3154129556448644,1.5833203102749098,1.2685575527424606,0.056889435916056,0.04557986348955549,0.7946843853820601,0.7946843853820601,-49.132864267635966,-0.3147627575324492,MODE_3_RELOCALIZE,no_observer_reseed,four_mode_relocalization_v2,,0,0,0,False,1,1,1.3154129556448644,policy_output,b5_obs_prior_output_hindsight_v1,0,0,precomputed,0,0.0,3.8557080551981926,0,324,cache_read_only_not_online_fps,32fdd06d26764df247b0164387e6061cbe61664ba5aa2aabd173919761ed38aa,cached_perception_v2,1,1,1,0.705288078083606,,1,2299.9055180698633,0,16.906416974961758,2299.9055180698633,2320.6676431000233,50.44827722328083,50.33551553622521,50.44827722328083,50.44827697581202,0.705288078083606,0.705288078083606
cracker_box_reorient_occ60,1579908964806245509,50.27403755002283,0.9141786731641528,1.6049438091674466,1.1075652149040633,0.05766637829881005,0.03979533383563896,0.7946843853820601,0.5121951219512195,-49.35985887685868,-0.49737859426338327,MODE_3_RELOCALIZE,no_observer_reseed,four_mode_relocalization_v2,,0,0,0,False,1,0,0.9141786731641528,policy_output,b5_obs_prior_output_hindsight_v1,0,0,precomputed,0,0.0,1.773398369550705,0,325,cache_read_only_not_online_fps,32fdd06d26764df247b0164387e6061cbe61664ba5aa2aabd173919761ed38aa,cached_perception_v2,1,1,1,0.6898969514797129,,1,2347.17215038836,0,8.044635877013206,2347.17215038836,2356.990184634924,50.27403755002283,50.39889738536153,50.27403755002283,50.27403754870146,0.6898969514797129,0.6898969514797129
cracker_box_reorient_occ60,1579908964858791595,50.12005436647318,0.715703632251102,1.6166711081692484,1.1238598831861837,0.0580877456119822,0.04038080885354492,0.7946843853820601,0.66,-49.40435073422208,-0.49281122498306473,MODE_3_RELOCALIZE,no_observer_reseed,four_mode_relocalization_v2,,0,0,0,False,1,0,0.715703632251102,policy_output,b5_obs_prior_output_hindsight_v1,0,0,precomputed,0,0.0,2.390538342297077,0,326,cache_read_only_not_online_fps,32fdd06d26764df247b0164387e6061cbe61664ba5aa2aabd173919761ed38aa,cached_perception_v2,1,1,1,0.7030300140223036,,1,2339.3423669040203,0,11.179625056684017,2339.3423669040203,2352.9125303030014,50.12005436647318,50.289928852119026,50.12005436647318,50.120054138874224,0.7030300140223036,0.7030300140223036
cracker_box_reorient_occ60,1579908964929383989,50.20900146732544,0.7197275998180092,1.5582563702371557,1.0684065786348145,0.0559888768811415,0.03838834580286827,0.7946843853820601,0.24242424242424243,-49.489273867507436,-0.4898497916023412,MODE_2_PRIOR,no_observer_reseed,four_mode_relocalization_v2,1.0,0,0,0,False,0,0,0.7197275998180092,prior,b5_obs_prior_output_hindsight_v1,0,0,precomputed,0,0.0,1.9100671634078026,0,327,cache_read_only_not_online_fps,32fdd06d26764df247b0164387e6061cbe61664ba5aa2aabd173919761ed38aa,cached_perception_v2,0,0,0,,,0,0.0,0,8.623178116977215,1.300671137869358,11.833916418254375,50.20900146732544,50.1925835477854,50.20900146732544,50.181606054812576,0.7197275998180092,0.7197275998180092
cracker_box_reorient_occ60,1579908964993273047,50.179152004587536,0.7408444127963986,1.5739990079098698,1.1222534006276108,0.05655451718223513,0.04032308718726356,0.7946843853820601,0.6060606060606061,-49.43830759179114,-0.451745607282259,MODE_3_RELOCALIZE,no_observer_reseed,four_mode_relocalization_v2,,0,0,0,False,1,0,0.7408444127963986,prior,b5_obs_prior_output_hindsight_v1,0,0,precomputed,0,0.0,2.7431361377239227,0,328,cache_read_only_not_online_fps,32fdd06d26764df247b0164387e6061cbe61664ba5aa2aabd173919761ed38aa,cached_perception_v2,1,1,1,2.0318532874286857,,1,2332.4568327516317,0,13.156370259821415,2332.4568327516317,2348.356339149177,50.179152004587536,50.13682689791651,50.179152004587536,50.17915186416555,2.0318532874286857,0.7408444127963986
cracker_box_reorient_occ60,1579908965068233435,50.275110233475,2.457398314250613,1.586780748596796,1.74974528787574,0.05701377107608449,0.0628691628459844,0.7946843853820601,0.7946843853820601,-47.81771191922439,0.16296453927894405,MODE_3_RELOCALIZE,no_observer_reseed,four_mode_relocalization_v2,,0,0,0,False,1,1,2.457398314250613,policy_output,b5_obs_prior_output_hindsight_v1,0,0,precomputed,0,0.0,1.6297316178679466,0,329,cache_read_only_not_online_fps,32fdd06d26764df247b0164387e6061cbe61664ba5aa2aabd173919761ed38aa,cached_perception_v2,1,1,1,0.753828888311695,,1,2327.081155963242,0,10.370811447501183,2327.081155963242,2339.081699028611,50.275110233475,50.177621027589744,50.275110233475,50.27510986262688,0.753828888311695,0.753828888311695
cracker_box_reorient_occ60,1579908965130585072,50.164587036711204,1.3744180451173023,1.6008461871070288,1.7687770843382704,0.05751914883039384,0.06355298415377433,0.7946843853820601,0.7946843853820601,-48.7901689915939,0.16793089723124166,MODE_3_RELOCALIZE,no_observer_reseed,four_mode_relocalization_v2,,0,0,0,False,1,1,1.3744180451173023,policy_output,b5_obs_prior_output_hindsight_v1,0,0,precomputed,0,0.0,2.1436046808958054,0,330,cache_read_only_not_online_fps,32fdd06d26764df247b0164387e6061cbe61664ba5aa2aabd173919761ed38aa,cached_perception_v2,1,1,1,0.7024351440678108,,1,2334.9857879802585,0,10.280761867761612,2334.9857879802585,2347.410154528916,50.164587036711204,50.18901428089949,50.164587036711204,50.16458685412678,0.7024351440678108,0.7024351440678108
cracker_box_reorient_occ60,1579908965193464727,50.409087219967184,0.6605536544187312,1.5863527960625314,0.9798370330969891,0.056998394542280714,0.03520600079517146,0.7946843853820601,0.0891009055627426,-49.74853356554845,-0.6065157629655423,MODE_2_PRIOR,no_observer_reseed,four_mode_relocalization_v2,1.0,0,0,0,False,0,0,0.6605536544187312,prior,b5_obs_prior_output_hindsight_v1,0,0,precomputed,0,0.0,2.0813830196857452,0,331,cache_read_only_not_online_fps,32fdd06d26764df247b0164387e6061cbe61664ba5aa2aabd173919761ed38aa,cached_perception_v2,0,0,0,,,0,0.0,0,12.223527766764164,1.445278525352478,15.750189311802387,50.409087219967184,50.299835205560505,50.409087219967184,50.36564841805685,0.6605536544187312,0.6605536544187312
cracker_box_reorient_occ60,1579908965257458538,50.05500264622427,0.6303878205063348,1.5578766737833485,1.02077517090921,0.05597523421077579,0.03667692714688777,0.7946843853820601,0.12499999999999999,-49.42461482571793,-0.5371015028741384,MODE_2_PRIOR,no_observer_reseed,four_mode_relocalization_v2,1.0,0,0,0,False,0,0,0.6303878205063348,prior,b5_obs_prior_output_hindsight_v1,0,0,precomputed,0,0.0,2.7920715510845184,0,332,cache_read_only_not_online_fps,32fdd06d26764df247b0164387e6061cbe61664ba5aa2aabd173919761ed38aa,cached_perception_v2,0,0,0,,,0,0.0,0,14.85304906964302,2.3134155198931694,19.95853614062071,50.05500264622427,50.23318752610339,50.05500264622427,50.05500219633766,0.6303878205063348,0.6303878205063348
cracker_box_reorient_occ60,1579908965327568831,50.16852684735208,0.6188818658908875,1.5497969246870233,1.0244463335367477,0.05568492506394662,0.0368088337293281,0.7946843853820601,0.12499999999999999,-49.54964498146119,-0.5253505911502756,MODE_2_PRIOR,no_observer_reseed,four_mode_relocalization_v2,1.0,0,0,0,False,0,0,0.6188818658908875,prior,b5_obs_prior_output_hindsight_v1,0,0,precomputed,0,0.0,3.7600528448820114,0,333,cache_read_only_not_online_fps,32fdd06d26764df247b0164387e6061cbe61664ba5aa2aabd173919761ed38aa,cached_perception_v2,0,0,0,,,0,0.0,0,18.23560707271099,2.7517471462488174,24.74740706384182,50.16852684735208,50.166904923534126,50.16852684735208,50.16852674908991,0.6188818658908875,0.6188818658908875
cracker_box_reorient_occ60,1579908965384312261,50.38548611365354,0.6358137698233534,1.5647343919586998,1.0800178194696226,0.056221635217656885,0.03880554309206556,0.7946843853820601,0.3888888888888889,-49.74967234383019,-0.4847165724890772,MODE_3_RELOCALIZE,no_observer_reseed,four_mode_relocalization_v2,,0,0,0,False,1,0,0.6358137698233534,prior,b5_obs_prior_output_hindsight_v1,0,0,precomputed,0,0.0,3.3741937950253487,0,334,cache_read_only_not_online_fps,32fdd06d26764df247b0164387e6061cbe61664ba5aa2aabd173919761ed38aa,cached_perception_v2,1,1,1,0.7506649548355355,,1,2352.9888847842813,0,16.007800586521626,2352.9888847842813,2372.3708791658282,50.38548611365354,50.24273151914276,50.38548611365354,50.385486049084804,0.7506649548355355,0.6358137698233534
cracker_box_reorient_occ60,1579908965445601603,50.1257446108981,0.9587326523200561,1.5698516132277287,1.0504259796413764,0.0564054993603471,0.03774229450956307,0.7946843853820601,0.24242424242424243,-49.167011958578044,-0.5194256335863523,MODE_2_PRIOR,no_observer_reseed,four_mode_relocalization_v2,1.0,0,0,0,False,0,0,0.9587326523200561,prior,b5_obs_prior_output_hindsight_v1,0,0,precomputed,0,0.0,2.106640487909317,0,335,cache_read_only_not_online_fps,32fdd06d26764df247b0164387e6061cbe61664ba5aa2aabd173919761ed38aa,cached_perception_v2,0,0,0,,,0,0.0,0,10.12625265866518,0.8898051455616951,13.122698292136192,50.1257446108981,50.22222169146381,50.1257446108981,50.26158824615328,0.9587326523200561,0.9587326523200561
cracker_box_reorient_occ60,1579908965507482408,50.35551299993137,1.2353707539771457,1.5957274721450891,1.0823975655154912,0.05733523101862191,0.03889104847546421,0.7946843853820601,0.3888888888888889,-49.12014224595423,-0.513329906629598,MODE_3_RELOCALIZE,no_observer_reseed,four_mode_relocalization_v2,,0,0,0,False,1,1,1.2353707539771457,policy_output,b5_obs_prior_output_hindsight_v1,0,0,precomputed,0,0.0,2.2063525393605232,0,336,cache_read_only_not_online_fps,32fdd06d26764df247b0164387e6061cbe61664ba5aa2aabd173919761ed38aa,cached_perception_v2,1,1,1,0.7033694323986551,,1,2350.2093981951475,0,11.414306238293648,2350.2093981951475,2363.8300569728017,50.35551299993137,50.27815501166204,50.35551299993137,50.3555128635672,0.7033694323986551,0.7033694323986551
cracker_box_reorient_occ60,1579908965565431486,50.29843543167755,0.5198005774980186,1.584592672660844,0.975139036862207,0.056935152488973594,0.03503719960314601,0.7946843853820601,0.0891009055627426,-49.77863485417953,-0.6094536357986369,MODE_2_PRIOR,no_observer_reseed,four_mode_relocalization_v2,1.0,0,0,0,False,0,0,0.5198005774980186,prior,b5_obs_prior_output_hindsight_v1,0,0,precomputed,0,0.0,1.9811168313026428,0,337,cache_read_only_not_online_fps,32fdd06d26764df247b0164387e6061cbe61664ba5aa2aabd173919761ed38aa,cached_perception_v2,0,0,0,,,0,0.0,0,9.401385672390461,0.6948662921786308,12.077368795871735,50.29843543167755,50.31704984575206,50.29843543167755,50.29843544152428,0.5198005774980186,0.5198005774980186
cracker_box_reorient_occ60,1579908965623400846,50.185316620187,0.6516771146639756,1.5918974579440162,1.1950803924854887,0.05719761682518578,0.042939794911765944,0.7946843853820601,0.7946843853820601,-49.53363950552303,-0.39681706545852746,MODE_3_RELOCALIZE,no_observer_reseed,four_mode_relocalization_v2,,0,0,0,False,1,0,0.6516771146639756,prior,b5_obs_prior_output_hindsight_v1,0,0,precomputed,0,0.0,2.3573925718665123,0,338,cache_read_only_not_online_fps,32fdd06d26764df247b0164387e6061cbe61664ba5aa2aabd173919761ed38aa,cached_perception_v2,1,1,1,0.717467091358131,,1,2362.0154643431306,0,11.765051633119583,2362.0154643431306,2376.1379085481167,50.185316620187,50.272215623826945,50.185316620187,50.18531654287628,0.717467091358131,0.6516771146639756
cracker_box_reorient_occ60,1579908965684761418,50.36078983444837,0.9665095140347614,1.6027284028198998,1.1217944286597603,0.05758677771728596,0.040306596110768894,0.7946843853820601,0.6060606060606061,-49.39428032041361,-0.4809339741601395,MODE_3_RELOCALIZE,no_observer_reseed,four_mode_relocalization_v2,,0,0,0,False,1,0,0.9665095140347614,policy_output,b5_obs_prior_output_hindsight_v1,0,0,precomputed,0,0.0,1.8654167652130127,0,339,cache_read_only_not_online_fps,32fdd06d26764df247b0164387e6061cbe61664ba5aa2aabd173919761ed38aa,cached_perception_v2,1,1,1,0.7294793143043543,,1,2345.8854081109166,0,13.17527610808611,2345.8854081109166,2360.9261009842157,50.36078983444837,50.29379525109903,50.36078983444837,50.36078981807602,0.7294793143043543,0.7294793143043543
cracker_box_reorient_occ60,1579908965748638396,50.466492410097096,0.7907224289250869,1.6141086934183742,0.988630808057595,0.05799567685696515,0.03552196522374292,0.7946843853820601,0.0891009055627426,-49.67576998117201,-0.6254778853607792,MODE_2_PRIOR,no_observer_reseed,four_mode_relocalization_v2,1.0,0,0,0,False,0,0,0.7907224289250869,prior,b5_obs_prior_output_hindsight_v1,0,0,precomputed,0,0.0,1.6079582273960114,0,340,cache_read_only_not_online_fps,32fdd06d26764df247b0164387e6061cbe61664ba5aa2aabd173919761ed38aa,cached_perception_v2,0,0,0,,,0,0.0,0,10.341821238398552,0.7461663335561752,12.695945799350739,50.466492410097096,50.38799833682221,50.466492410097096,50.46649243910545,0.7907224289250869,0.7907224289250869
cracker_box_reorient_occ60,1579908965804096241,50.28348043776788,0.8853193605229123,1.622895750192852,1.2515919790897505,0.05831139989798116,0.04497028252932174,0.7946843853820601,0.7946843853820601,-49.398161077244964,-0.37130377110310153,MODE_3_RELOCALIZE,no_observer_reseed,four_mode_relocalization_v2,,0,0,0,False,1,0,0.8853193605229123,policy_output,b5_obs_prior_output_hindsight_v1,0,0,precomputed,0,0.0,2.3796912282705307,0,341,cache_read_only_not_online_fps,32fdd06d26764df247b0164387e6061cbe61664ba5aa2aabd173919761ed38aa,cached_perception_v2,1,1,1,0.7303747763251971,,1,2333.1818748265505,0,14.117875136435032,2333.1818748265505,2349.679441191256,50.28348043776788,50.38615358460827,50.28348043776788,50.28348056803663,0.7303747763251971,0.7303747763251971
cracker_box_reorient_occ60,1579908965866404956,50.62023299047742,0.8809332980670657,1.6052511071630888,1.2096681223243806,0.057677419658866365,0.043463938836684264,0.7946843853820601,0.7946843853820601,-49.739299692410356,-0.39558298483870824,MODE_3_RELOCALIZE,no_observer_reseed,four_mode_relocalization_v2,,0,0,0,False,1,0,0.8809332980670657,policy_output,b5_obs_prior_output_hindsight_v1,0,0,precomputed,0,0.0,4.067995585501194,0,342,cache_read_only_not_online_fps,32fdd06d26764df247b0164387e6061cbe61664ba5aa2aabd173919761ed38aa,cached_perception_v2,1,1,1,0.7526214714424508,,1,2330.437643453479,0,19.04649008065462,2330.437643453479,2353.5521291196346,50.62023299047742,50.5009715809566,50.62023299047742,50.620233454405394,0.7526214714424508,0.7526214714424508
cracker_box_reorient_occ60,1579908965920803205,50.04817805154986,0.7872565425614739,1.5758334086006005,1.085086536229862,0.056620428053119856,0.03898766444517207,0.7946843853820601,0.3888888888888889,-49.26092150898839,-0.49074687237073844,MODE_3_RELOCALIZE,no_observer_reseed,four_mode_relocalization_v2,,0,0,0,False,1,0,0.7872565425614739,policy_output,b5_obs_prior_output_hindsight_v1,0,0,precomputed,0,0.0,1.8205605447292328,0,343,cache_read_only_not_online_fps,32fdd06d26764df247b0164387e6061cbe61664ba5aa2aabd173919761ed38aa,cached_perception_v2,1,1,1,0.6256504404246472,,1,2346.295390278101,0,8.391582407057285,2346.295390278101,2356.5075332298875,50.04817805154986,50.3303642362818,50.04817805154986,50.222728005017316,0.6256504404246472,0.6256504404246472
cracker_box_reorient_occ60,1579908965991206235,50.360112678318025,0.537165214280803,1.6170950161817483,0.9586162497160412,0.058102976824235916,0.03444352816824651,0.7946843853820601,0.0891009055627426,-49.82294746403722,-0.6584787664657071,MODE_2_PRIOR,no_observer_reseed,four_mode_relocalization_v2,1.0,0,0,0,False,0,0,0.537165214280803,prior,b5_obs_prior_output_hindsight_v1,0,0,precomputed,0,0.0,2.1055862307548523,0,344,cache_read_only_not_online_fps,32fdd06d26764df247b0164387e6061cbe61664ba5aa2aabd173919761ed38aa,cached_perception_v2,0,0,0,,,0,0.0,0,9.912526234984398,0.7680822163820267,12.786194682121277,50.360112678318025,50.25957297735667,50.360112678318025,50.360113422573995,0.537165214280803,0.537165214280803
cracker_box_reorient_occ60,1579908966064397910,50.37247320282398,0.5051258255200362,1.5600577557547495,1.0169176657379948,0.0560536015014841,0.03653832519009508,0.7946843853820601,0.09302325581395349,-49.86734737730394,-0.5431400900167547,MODE_2_PRIOR,no_observer_reseed,four_mode_relocalization_v2,1.0,0,0,0,False,0,0,0.5051258255200362,prior,b5_obs_prior_output_hindsight_v1,0,0,precomputed,0,0.0,2.597118727862835,0,345,cache_read_only_not_online_fps,32fdd06d26764df247b0164387e6061cbe61664ba5aa2aabd173919761ed38aa,cached_perception_v2,0,0,0,,,0,0.0,0,12.024560011923313,0.9905127808451653,15.612191520631313,50.37247320282398,50.272490378084555,50.37247320282398,50.3769135469984,0.5051258255200362,0.5051258255200362
cracker_box_reorient_occ60,1579908966128763734,50.39198520587361,0.6096519514104021,1.5876508614577711,1.1146771507739313,0.05704503463628956,0.04005086900264361,0.7946843853820601,0.6060606060606061,-49.78233325446321,-0.47297371068383987,MODE_3_RELOCALIZE,no_observer_reseed,four_mode_relocalization_v2,,0,0,0,False,1,0,0.6096519514104021,prior,b5_obs_prior_output_hindsight_v1,0,0,precomputed,0,0.0,2.6426445692777634,0,346,cache_read_only_not_online_fps,32fdd06d26764df247b0164387e6061cbe61664ba5aa2aabd173919761ed38aa,cached_perception_v2,1,1,1,0.6793392961865468,,1,2356.9691767916083,0,14.489146880805492,2356.9691767916083,2374.1009682416916,50.39198520587361,50.34405926430955,50.39198520587361,50.39198614551717,0.6793392961865468,0.6096519514104021
cracker_box_reorient_occ60,1579908966187948158,50.13778754784086,0.9729943225591622,1.5645627585210733,1.0933180265199158,0.056215468348333256,0.039283425723740106,0.7946843853820601,0.3888888888888889,-49.1647932252817,-0.47124473200115746,MODE_3_RELOCALIZE,no_observer_reseed,four_mode_relocalization_v2,,0,0,0,False,1,0,0.9729943225591622,policy_output,b5_obs_prior_output_hindsight_v1,0,0,precomputed,0,0.0,2.5554345920681953,0,347,cache_read_only_not_online_fps,32fdd06d26764df247b0164387e6061cbe61664ba5aa2aabd173919761ed38aa,cached_perception_v2,1,1,1,0.6794450563140423,,1,2351.544060744345,0,12.981569394469261,2351.544060744345,2367.0810647308826,50.13778754784086,50.27224112204095,50.13778754784086,50.1377880890137,0.6794450563140423,0.6794450563140423
cracker_box_reorient_occ60,1579908966248728426,50.13704959470464,0.6922112521277094,1.5350022549160045,0.8935956402874033,0.05515334569091916,0.032107307398949896,0.7946843853820601,0.0891009055627426,-49.44483834257693,-0.6414066146286012,MODE_2_PRIOR,no_observer_reseed,four_mode_relocalization_v2,1.0,0,0,0,False,0,0,0.6922112521277094,prior,b5_obs_prior_output_hindsight_v1,0,0,precomputed,0,0.0,2.338552847504616,0,348,cache_read_only_not_online_fps,32fdd06d26764df247b0164387e6061cbe61664ba5aa2aabd173919761ed38aa,cached_perception_v2,0,0,0,,,0,0.0,0,10.453884489834309,0.7355678826570511,13.528005219995975,50.13704959470464,50.169315931268734,50.13704959470464,50.137050176770884,0.6922112521277094,0.6922112521277094
cracker_box_reorient_occ60,1579908966313576787,49.90003076541471,0.7181715646012161,1.5369673095421483,0.9731980437086519,0.0552239510185336,0.03496745881544431,0.7946843853820601,0.0891009055627426,-49.1818592008135,-0.5637692658334964,MODE_2_PRIOR,no_observer_reseed,four_mode_relocalization_v2,1.0,0,0,0,False,0,0,0.7181715646012161,prior,b5_obs_prior_output_hindsight_v1,0,0,precomputed,0,0.0,2.1744798868894577,0,349,cache_read_only_not_online_fps,32fdd06d26764df247b0164387e6061cbe61664ba5aa2aabd173919761ed38aa,cached_perception_v2,0,0,0,,,0,0.0,0,13.837986625730991,1.1750441044569016,17.18751061707735,49.90003076541471,49.983394334428525,49.90003076541471,49.90003120676702,0.7181715646012161,0.7181715646012161
cracker_box_reorient_occ60,1579908966365078143,50.088405199478345,0.7638518698274525,1.5813800364105257,0.9966972436564672,0.056819720972749094,0.03581179601041006,0.7946843853820601,0.0891009055627426,-49.32455332965089,-0.5846827927540585,MODE_2_PRIOR,no_observer_reseed,four_mode_relocalization_v2,1.0,0,0,0,False,0,0,0.7638518698274525,prior,b5_obs_prior_output_hindsight_v1,0,0,precomputed,0,0.0,3.627006895840168,0,350,cache_read_only_not_online_fps,32fdd06d26764df247b0164387e6061cbe61664ba5aa2aabd173919761ed38aa,cached_perception_v2,0,0,0,,,0,0.0,0,17.938608303666115,1.3708705082535744,22.936485707759857,50.088405199478345,49.944590659773816,50.088405199478345,50.08840556032034,0.7638518698274525,0.7638518698274525
cracker_box_reorient_occ60,1579908966429520117,50.395046743315376,0.8246411825477281,1.5488943934057566,0.8054217167420891,0.055652496694807,0.0289391772736391,0.7946843853820601,0.0891009055627426,-49.57040556076765,-0.7434726766636676,MODE_2_PRIOR,no_observer_reseed,four_mode_relocalization_v2,1.0,0,0,0,False,0,0,0.8246411825477281,prior,b5_obs_prior_output_hindsight_v1,0,0,precomputed,0,0.0,4.131641238927841,0,351,cache_read_only_not_online_fps,32fdd06d26764df247b0164387e6061cbe61664ba5aa2aabd173919761ed38aa,cached_perception_v2,0,0,0,,,0,0.0,0,18.453383818268776,1.59482192248106,24.179846979677677,50.395046743315376,50.151245652948894,50.395046743315376,50.3950470523948,0.8246411825477281,0.8246411825477281
cracker_box_reorient_occ60,1579908966487422104,50.0133862269318,0.8949729439826498,1.5253836190249233,0.8653723570525457,0.05480774362507404,0.031093231692025276,0.7946843853820601,0.0891009055627426,-49.11841328294915,-0.6600112619723776,MODE_2_PRIOR,no_observer_reseed,four_mode_relocalization_v2,1.0,0,0,0,False,0,0,0.8949729439826498,prior,b5_obs_prior_output_hindsight_v1,0,0,precomputed,0,0.0,4.229238256812096,0,352,cache_read_only_not_online_fps,32fdd06d26764df247b0164387e6061cbe61664ba5aa2aabd173919761ed38aa,cached_perception_v2,0,0,0,,,0,0.0,0,18.783009611070156,1.2385910376906395,24.25083890557289,50.0133862269318,50.18444163217308,50.0133862269318,50.013386438624366,0.8949729439826498,0.8949729439826498
cracker_box_reorient_occ60,1579908966558367975,50.200106755293504,0.9713763007901388,1.5424971906433649,0.9256584748788251,0.05542264222112194,0.03325933997374778,0.7946843853820601,0.0891009055627426,-49.22873045450336,-0.6168387157645397,MODE_2_PRIOR,no_observer_reseed,four_mode_relocalization_v2,1.0,0,0,0,False,0,0,0.9713763007901388,prior,b5_obs_prior_output_hindsight_v1,0,0,precomputed,0,0.0,2.906342037022114,0,353,cache_read_only_not_online_fps,32fdd06d26764df247b0164387e6061cbe61664ba5aa2aabd173919761ed38aa,cached_perception_v2,0,0,0,,,0,0.0,0,17.976095899939537,1.6453787684440613,22.527816705405712,50.200106755293504,50.208896477833264,50.200106755293504,50.20010703846314,0.9713763007901388,0.9713763007901388
cracker_box_reorient_occ60,1579908966622612310,50.197945695053825,1.0557310795874904,1.5318319034480872,0.982619246950712,0.05503943348661342,0.035305967034288704,0.7946843853820601,0.0891009055627426,-49.14221461546634,-0.5492126564973752,MODE_2_PRIOR,no_observer_reseed,four_mode_relocalization_v2,1.0,0,0,0,False,0,1,1.0557310795874904,prior,b5_obs_prior_output_hindsight_v1,0,0,precomputed,0,0.0,3.86058259755373,0,354,cache_read_only_not_online_fps,32fdd06d26764df247b0164387e6061cbe61664ba5aa2aabd173919761ed38aa,cached_perception_v2,0,0,0,,,0,0.0,0,17.69491285085678,0.9589772671461105,22.51447271555662,50.197945695053825,50.21717021743187,50.197945695053825,50.19794603061561,1.0557310795874904,1.0557310795874904
cracker_box_reorient_occ60,1579908966691585857,50.17669066830266,1.1369273063674359,1.5295761230662337,1.0586911812328452,0.05495838224723921,0.03803926705088637,0.7946843853820601,0.24242424242424243,-49.03976336193523,-0.47088494183338847,MODE_2_PRIOR,no_observer_reseed,four_mode_relocalization_v2,1.0,0,0,0,False,0,1,1.1369273063674359,prior,b5_obs_prior_output_hindsight_v1,0,0,precomputed,0,0.0,3.3062631264328957,0,355,cache_read_only_not_online_fps,32fdd06d26764df247b0164387e6061cbe61664ba5aa2aabd173919761ed38aa,cached_perception_v2,0,0,0,,,0,0.0,0,16.955670900642872,1.547040417790413,21.80897444486618,50.17669066830266,50.20543075066012,50.17669066830266,50.176691077998335,1.1369273063674359,1.1369273063674359
cracker_box_reorient_occ60,1579908966754947473,50.33309721959425,1.22151482980458,1.5315296075780993,1.1351290819850164,0.05502857185526078,0.04078571641314047,0.7946843853820601,0.66,-49.11158238978967,-0.3964005255930829,MODE_3_RELOCALIZE,no_observer_reseed,four_mode_relocalization_v2,,0,0,0,False,1,1,1.22151482980458,policy_output,b5_obs_prior_output_hindsight_v1,0,0,precomputed,0,0.0,2.786139026284218,0,356,cache_read_only_not_online_fps,32fdd06d26764df247b0164387e6061cbe61664ba5aa2aabd173919761ed38aa,cached_perception_v2,1,1,1,0.20359239091251508,,1,2348.810096271336,0,13.974645175039768,2348.810096271336,2365.57088047266,50.33309721959425,50.271609065954145,50.33309721959425,50.33309770252073,0.20359239091251508,0.20359239091251508
cracker_box_reorient_occ60,1579908966822220383,50.26048298625777,1.1317590073170407,1.5280096082569072,1.3636847747430503,0.054902096640796594,0.04899782886570565,0.7946843853820601,0.7946843853820601,-49.12872397894073,-0.16432483351385696,MODE_3_RELOCALIZE,no_observer_reseed,four_mode_relocalization_v2,,0,0,0,False,1,1,1.1317590073170407,policy_output,b5_obs_prior_output_hindsight_v1,0,0,precomputed,0,0.0,2.068517729640007,0,357,cache_read_only_not_online_fps,32fdd06d26764df247b0164387e6061cbe61664ba5aa2aabd173919761ed38aa,cached_perception_v2,1,1,1,0.24427873186456966,,1,2344.468615949154,0,10.00454556196928,2344.468615949154,2356.541679240763,50.26048298625777,50.29586891201634,50.26048298625777,50.260790150905386,0.24427873186456966,0.24427873186456966
cracker_box_reorient_occ60,1579908966881607570,50.439333873526735,0.2850583989828476,1.5326752283764535,0.6827579755673201,0.055069734543927835,0.024531811943010535,0.7946843853820601,0.0891009055627426,-50.15427547454389,-0.8499172528091334,MODE_2_PRIOR,no_observer_reseed,four_mode_relocalization_v2,1.0,0,0,0,False,0,0,0.2850583989828476,prior,b5_obs_prior_output_hindsight_v1,0,0,precomputed,0,0.0,2.117946743965149,0,358,cache_read_only_not_online_fps,32fdd06d26764df247b0164387e6061cbe61664ba5aa2aabd173919761ed38aa,cached_perception_v2,0,0,0,,,0,0.0,0,9.879750199615955,0.7100766524672508,12.707773596048355,50.439333873526735,50.38060601015513,50.439333873526735,50.43933477792716,0.2850583989828476,0.2850583989828476
cracker_box_reorient_occ60,1579908966949220251,50.27267561820996,0.3232149648936655,1.540454440126892,0.6568900118533791,0.05534924524399405,0.02360236396307046,0.7946843853820601,0.0891009055627426,-49.949460653316294,-0.8835644282735129,MODE_2_PRIOR,no_observer_reseed,four_mode_relocalization_v2,1.0,0,0,0,False,0,0,0.3232149648936655,prior,b5_obs_prior_output_hindsight_v1,0,0,precomputed,0,0.0,2.68505048006773,0,359,cache_read_only_not_online_fps,32fdd06d26764df247b0164387e6061cbe61664ba5aa2aabd173919761ed38aa,cached_perception_v2,0,0,0,,,0,0.0,0,10.893994942307472,0.9261611849069595,14.505206607282162,50.27267561820996,50.370255370179684,50.27267561820996,50.2726760562476,0.3232149648936655,0.3232149648936655
cracker_box_reorient_occ60,1579908967010519374,50.21199278055658,0.3584256270955961,1.4835391051289855,0.6665644810871473,0.053304250758675994,0.023949972146913405,0.7946843853820601,0.0891009055627426,-49.85356715346098,-0.8169746240418382,MODE_2_PRIOR,no_observer_reseed,four_mode_relocalization_v2,1.0,0,0,0,False,0,0,0.3584256270955961,prior,b5_obs_prior_output_hindsight_v1,0,0,precomputed,0,0.0,3.002110868692398,0,360,cache_read_only_not_online_fps,32fdd06d26764df247b0164387e6061cbe61664ba5aa2aabd173919761ed38aa,cached_perception_v2,0,0,0,,,0,0.0,0,15.439632348716259,1.4355937018990517,19.87733691930771,50.21199278055658,50.285309450956085,50.21199278055658,50.21199312380271,0.3584256270955961,0.3584256270955961
cracker_box_reorient_occ60,1579908967065378156,50.40414473627439,0.43733386070052793,1.5108093881864806,0.7022671350651589,0.054284084725526774,0.025232785126911468,0.7946843853820601,0.0891009055627426,-49.96681087557386,-0.8085422531213217,MODE_2_PRIOR,no_observer_reseed,four_mode_relocalization_v2,1.0,0,0,0,False,0,0,0.43733386070052793,prior,b5_obs_prior_output_hindsight_v1,0,0,precomputed,0,0.0,4.206969402730465,0,361,cache_read_only_not_online_fps,32fdd06d26764df247b0164387e6061cbe61664ba5aa2aabd173919761ed38aa,cached_perception_v2,0,0,0,,,0,0.0,0,19.316467456519604,1.407792791724205,24.931229650974274,50.40414473627439,50.2903048625857,50.40414473627439,50.39461065262974,0.43733386070052793,0.43733386070052793
cracker_box_reorient_occ60,1579908967127889297,50.986183324928625,0.49894301780454753,1.5114759458492821,0.7492376267818212,0.054308034452689516,0.026920456762979054,0.7946843853820601,0.0891009055627426,-50.487240307124075,-0.762238319067461,MODE_2_PRIOR,no_observer_reseed,four_mode_relocalization_v2,1.0,0,0,0,False,0,0,0.49894301780454753,prior,b5_obs_prior_output_hindsight_v1,0,0,precomputed,0,0.0,3.652343526482582,0,362,cache_read_only_not_online_fps,32fdd06d26764df247b0164387e6061cbe61664ba5aa2aabd173919761ed38aa,cached_perception_v2,0,0,0,,,0,0.0,0,16.799197532236576,1.2534353882074356,21.704976446926594,50.986183324928625,50.66825836621926,50.986183324928625,50.986183972803644,0.49894301780454753,0.49894301780454753
cracker_box_reorient_occ60,1579908967194681333,50.80020157177662,0.5250273386979443,1.503935146071132,0.7554695938265283,0.05403709000578831,0.027144374240396677,0.7946843853820601,0.0891009055627426,-50.27517423307867,-0.7484655522446038,MODE_2_PRIOR,no_observer_reseed,four_mode_relocalization_v2,1.0,0,0,0,False,0,0,0.5250273386979443,prior,b5_obs_prior_output_hindsight_v1,0,0,precomputed,0,0.0,3.8146600127220154,0,363,cache_read_only_not_online_fps,32fdd06d26764df247b0164387e6061cbe61664ba5aa2aabd173919761ed38aa,cached_perception_v2,0,0,0,,,0,0.0,0,16.771577298641205,1.4115069061517715,21.99774421751499,50.80020157177662,50.91443741056646,50.80020157177662,50.86808238078835,0.5250273386979443,0.5250273386979443
cracker_box_reorient_occ60,1579908967252711982,51.105759127090266,0.549873496068793,1.4878784560789649,0.7862333365349263,0.05346016565863914,0.028249729839001717,0.7946843853820601,0.0891009055627426,-50.555885631021475,-0.7016451195440385,MODE_2_PRIOR,no_observer_reseed,four_mode_relocalization_v2,1.0,0,0,0,False,0,0,0.549873496068793,prior,b5_obs_prior_output_hindsight_v1,0,0,precomputed,0,0.0,4.349874332547188,0,364,cache_read_only_not_online_fps,32fdd06d26764df247b0164387e6061cbe61664ba5aa2aabd173919761ed38aa,cached_perception_v2,0,0,0,,,0,0.0,0,19.558346830308437,1.4959527179598808,25.404173880815506,51.105759127090266,51.13113055109869,51.105759127090266,51.10576023612716,0.549873496068793,0.549873496068793
cracker_box_reorient_occ60,1579908967309545166,50.66919538696483,0.6119054549043084,1.465684338216424,0.8780609194450962,0.05266272067062204,0.031549137646375444,0.7946843853820601,0.0891009055627426,-50.05728993206052,-0.5876234187713277,MODE_2_PRIOR,no_observer_reseed,four_mode_relocalization_v2,1.0,0,0,0,False,0,0,0.6119054549043084,prior,b5_obs_prior_output_hindsight_v1,0,0,precomputed,0,0.0,4.419049248099327,0,365,cache_read_only_not_online_fps,32fdd06d26764df247b0164387e6061cbe61664ba5aa2aabd173919761ed38aa,cached_perception_v2,0,0,0,,,0,0.0,0,18.11059657484293,1.5166373923420906,24.046283215284348,50.66919538696483,51.01333225867276,50.66919538696483,50.66919613837057,0.6119054549043084,0.6119054549043084
cracker_box_reorient_occ60,1579908967373887859,50.593631932738504,0.6357919207977017,1.4298018704348268,0.9032895067397277,0.051373446896942794,0.03245561253388659,0.7946843853820601,0.0891009055627426,-49.9578400119408,-0.526512363695099,MODE_2_PRIOR,no_observer_reseed,four_mode_relocalization_v2,1.0,0,0,0,False,0,0,0.6357919207977017,prior,b5_obs_prior_output_hindsight_v1,0,0,precomputed,0,0.0,3.728644922375679,0,366,cache_read_only_not_online_fps,32fdd06d26764df247b0164387e6061cbe61664ba5aa2aabd173919761ed38aa,cached_perception_v2,0,0,0,,,0,0.0,0,18.40498298406601,1.5801908448338509,23.71381875127554,50.593631932738504,50.74473635652539,50.593631932738504,50.5936328926546,0.6357919207977017,0.6357919207977017
cracker_box_reorient_occ60,1579908967431221781,50.21842758015157,0.6596483116049936,1.402304603165364,0.9048371310872397,0.050385457281675906,0.03251121939724112,0.7946843853820601,0.0891009055627426,-49.55877926854657,-0.49746747207812436,MODE_2_PRIOR,no_observer_reseed,four_mode_relocalization_v2,1.0,0,0,0,False,0,0,0.6596483116049936,prior,b5_obs_prior_output_hindsight_v1,0,0,precomputed,0,0.0,4.382913000881672,0,367,cache_read_only_not_online_fps,32fdd06d26764df247b0164387e6061cbe61664ba5aa2aabd173919761ed38aa,cached_perception_v2,0,0,0,,,0,0.0,0,19.189780578017235,1.6519967466592789,25.224690325558186,50.21842758015157,50.34627794207056,50.21842758015157,50.21842847488694,0.6596483116049936,0.6596483116049936
cracker_box_reorient_occ60,1579908967489378865,49.71652597803552,0.8134059658381786,1.4215050856204126,0.9454845037314096,0.05107533955571443,0.033971698421093884,0.7946843853820601,0.0891009055627426,-48.90312001219734,-0.476020581889003,MODE_2_PRIOR,no_observer_reseed,four_mode_relocalization_v2,1.0,0,0,0,False,0,0,0.8134059658381786,prior,b5_obs_prior_output_hindsight_v1,0,0,precomputed,0,0.0,3.1285062432289124,0,368,cache_read_only_not_online_fps,32fdd06d26764df247b0164387e6061cbe61664ba5aa2aabd173919761ed38aa,cached_perception_v2,0,0,0,,,0,0.0,0,18.86993646621704,1.644815318286419,23.643258027732372,49.71652597803552,49.71526290229513,49.71652597803552,49.71652667343947,0.8134059658381786,0.8134059658381786
cracker_box_reorient_occ60,1579908967553367097,49.26955699772607,0.8312265377747554,1.3613898760562089,1.0030326855681206,0.04891537208742038,0.036039431387973254,0.7946843853820601,0.0891009055627426,-48.43833045995132,-0.35835719048808823,MODE_2_PRIOR,no_observer_reseed,four_mode_relocalization_v2,1.0,0,0,0,False,0,0,0.8312265377747554,prior,b5_obs_prior_output_hindsight_v1,0,0,precomputed,0,0.0,3.192329779267311,0,369,cache_read_only_not_online_fps,32fdd06d26764df247b0164387e6061cbe61664ba5aa2aabd173919761ed38aa,cached_perception_v2,0,0,0,,,0,0.0,0,19.244136288762093,1.7061308026313782,24.142596870660782,49.26955699772607,49.28463916322175,49.26955699772607,49.26955763905578,0.8312265377747554,0.8312265377747554
cracker_box_reorient_occ60,1579908967612563669,48.98820909045203,0.9078995294072517,1.352333935818015,1.0591639041069851,0.048589987938365345,0.03805625220384621,0.7946843853820601,0.24242424242424243,-48.08030956104478,-0.29317003171102995,MODE_2_PRIOR,no_observer_reseed,four_mode_relocalization_v2,1.0,0,0,0,False,0,0,0.9078995294072517,prior,b5_obs_prior_output_hindsight_v1,0,0,precomputed,0,0.0,3.2138125970959663,0,370,cache_read_only_not_online_fps,32fdd06d26764df247b0164387e6061cbe61664ba5aa2aabd173919761ed38aa,cached_perception_v2,0,0,0,,,0,0.0,0,19.573437049984932,1.638880930840969,24.426130577921867,48.98820909045203,48.91573455536156,48.98820909045203,48.98820991824791,0.9078995294072517,0.9078995294072517
cracker_box_reorient_occ60,1579908967677381311,48.57681190805862,0.9253458506411153,1.2526603773951936,1.07383734819522,0.04500867057786498,0.038583475881650564,0.7946843853820601,0.3888888888888889,-47.65146605741751,-0.17882302919997373,MODE_3_RELOCALIZE,no_observer_reseed,four_mode_relocalization_v2,,0,0,0,False,1,0,0.9253458506411153,policy_output,b5_obs_prior_output_hindsight_v1,0,0,precomputed,0,0.0,3.2071322202682495,0,371,cache_read_only_not_online_fps,32fdd06d26764df247b0164387e6061cbe61664ba5aa2aabd173919761ed38aa,cached_perception_v2,1,1,1,0.33794860610313043,,1,2374.549776315689,0,19.55723576247692,2374.549776315689,2397.3141442984343,48.57681190805862,48.600276105042894,48.57681190805862,48.57681280916488,0.33794860610313043,0.33794860610313043
cracker_box_reorient_occ60,1579908967759440028,48.673584158229346,0.6785560819768099,1.21508208646261,1.141430950722669,0.04365846508882344,0.0410121454909307,0.7946843853820601,0.7272727272727273,-47.99502807625254,-0.07365113573994098,MODE_3_RELOCALIZE,no_observer_reseed,four_mode_relocalization_v2,,0,0,0,False,1,0,0.6785560819768099,policy_output,b5_obs_prior_output_hindsight_v1,0,0,precomputed,0,0.0,1.4721201732754707,0,372,cache_read_only_not_online_fps,32fdd06d26764df247b0164387e6061cbe61664ba5aa2aabd173919761ed38aa,cached_perception_v2,1,1,1,0.3083563787633452,,1,2359.9594132974744,0,12.19652034342289,2359.9594132974744,2373.6280538141727,48.673584158229346,48.493578210084046,48.673584158229346,48.67358493620318,0.3083563787633452,0.3083563787633452
cracker_box_reorient_occ60,1579908967820582100,48.557622618672326,0.3168235023117504,1.2080684215252482,0.8856769069265991,0.04340646084217707,0.03182278362246427,0.7946843853820601,0.0891009055627426,-48.24079911636058,-0.3223915145986491,MODE_2_PRIOR,no_observer_reseed,four_mode_relocalization_v2,1.0,0,0,0,False,0,0,0.3168235023117504,prior,b5_obs_prior_output_hindsight_v1,0,0,precomputed,0,0.0,1.482449471950531,0,373,cache_read_only_not_online_fps,32fdd06d26764df247b0164387e6061cbe61664ba5aa2aabd173919761ed38aa,cached_perception_v2,0,0,0,,,0,0.0,0,12.435933575034142,1.174403354525566,15.092786401510239,48.557622618672326,48.49943441608265,48.557622618672326,48.55762348039308,0.3168235023117504,0.3168235023117504
cracker_box_reorient_occ60,1579908967876894757,48.31171449556163,0.3256562685776244,1.1538518441333303,0.8716877089329145,0.041458433974139314,0.03132014522541083,0.7946843853820601,0.0891009055627426,-47.98605822698401,-0.28216413520041583,MODE_2_PRIOR,no_observer_reseed,four_mode_relocalization_v2,1.0,0,0,0,False,0,0,0.3256562685776244,prior,b5_obs_prior_output_hindsight_v1,0,0,precomputed,0,0.0,2.040785737335682,0,374,cache_read_only_not_online_fps,32fdd06d26764df247b0164387e6061cbe61664ba5aa2aabd173919761ed38aa,cached_perception_v2,0,0,0,,,0,0.0,0,15.377874486148357,1.4596637338399887,18.878323957324028,48.31171449556163,48.40141893371804,48.31171449556163,48.31171509130384,0.3256562685776244,0.3256562685776244
cracker_box_reorient_occ60,1579908967937650003,48.00424214342112,0.35674442896801806,1.254516490250479,0.8961521144081552,0.04507536157693098,0.03219916270436079,0.7946843853820601,0.0891009055627426,-47.6474977144531,-0.35836437584232383,MODE_2_PRIOR,no_observer_reseed,four_mode_relocalization_v2,1.0,0,0,0,False,0,0,0.35674442896801806,prior,b5_obs_prior_output_hindsight_v1,0,0,precomputed,0,0.0,2.8748633340001106,0,375,cache_read_only_not_online_fps,32fdd06d26764df247b0164387e6061cbe61664ba5aa2aabd173919761ed38aa,cached_perception_v2,0,0,0,,,0,0.0,0,17.803971655666828,1.4713136479258537,22.150148637592793,48.00424214342112,48.17084287544259,48.00424214342112,48.00424296188762,0.35674442896801806,0.35674442896801806
