episode,frame_id,E_obs_cm,E_prior_cm,E_obs_hat_cm,E_prior_hat_cm,e_obs_hat_norm,e_prior_hat_norm,p_obs_risk,p_prior_risk,delta_E_gt_cm,delta_E_hat_cm,selected_mode,policy_variant,policy_version,fusion_alpha,forced_streak_reset,motion_history_reset,restart_zero_velocity_prior,output_uncertain,output_quality_unverified,both_candidates_bad,local_candidate_oracle_cm,is_blackout,recovery_attempted,observer_source,observer_restart,observer_wall_ms,sam2_frame_wall_ms,sam2_propagated_frames_total,sam2_cached_frames_consumed,sam2_timing_scope,sam2_cache_receipt_sha256,perception_runtime_version,relocalization_attempted,relocalization_generated,relocalization_used,relocalization_raw_error_cm,relocalization_failure_reason,relocalization_cache_hit,relocalization_wall_ms,sam2_cache_hit,quality_wall_ms,transition_wall_ms,policy_wall_ms,error_b1_obs_cm,error_b2_cm,error_b3_cm,error_b4_cm,error_b5_ours_cm,error_b6_oracle_cm
sugar_box1_clean,0,0.32628917581951894,0.32628917581951894,0.15232079636831625,0.15232079636831625,0.007414679323039873,0.007414679323039873,0.0,0.0,0.0,0.0,MODE_1_ACCEPT,simple,four_mode_relocalization_v2,0.0,0,0,0,False,0,0,0.32628917581951894,0,0,precomputed,0,0.0,18.221817910671234,0,1,cache_read_only_not_online_fps,157ff887794c6cb410230016d2d4aa63b09139d0c130484af891fca7557bb682,cached_perception_v2,0,0,0,,,0,0.0,0,413.1507948040962,4.466598853468895,22.68841676414013,0.32628917581951894,0.32628917581951894,0.32628917581951894,0.326289175819519,0.32628917581951894,0.32628917581951894
sugar_box1_clean,1,0.3590324204800386,0.3590324204800386,0.16919214136128743,0.16919214136128743,0.008235943496112938,0.008235943496112938,0.0,0.0,0.0,0.0,MODE_1_ACCEPT,simple,four_mode_relocalization_v2,0.0,0,0,0,False,0,0,0.3590324204800386,0,0,precomputed,0,0.0,2.108832821249962,0,2,cache_read_only_not_online_fps,157ff887794c6cb410230016d2d4aa63b09139d0c130484af891fca7557bb682,cached_perception_v2,0,0,0,,,0,0.0,0,11.26340962946415,0.6028842180967331,2.711717039346695,0.3590324204800386,0.35903242048003786,0.3590324204800386,0.35903242048003126,0.3590324204800386,0.3590324204800386
sugar_box1_clean,2,0.3666287773866377,0.40334938378521634,0.17392271010646337,0.18106917981993456,0.008466218357440873,0.008814094566603259,0.0,0.0,0.03672060639857866,0.007146469713471187,MODE_1_ACCEPT,simple,four_mode_relocalization_v2,0.0,0,0,0,False,0,0,0.3666287773866377,0,0,precomputed,0,0.0,1.5939511358737946,0,3,cache_read_only_not_online_fps,157ff887794c6cb410230016d2d4aa63b09139d0c130484af891fca7557bb682,cached_perception_v2,0,0,0,,,0,0.0,0,22.095460444688797,0.614372082054615,2.2083232179284096,0.3666287773866377,0.3848784415469694,0.3666287773866377,0.3666287248613349,0.3666287773866377,0.3666287773866377
sugar_box1_clean,3,0.38542932012712317,0.38383245997523097,0.17459099028472314,0.19341862564053905,0.008498748933290532,0.00941524150622157,0.0,0.0,-0.0015968601518921988,0.018827635355815914,MODE_1_ACCEPT,simple,four_mode_relocalization_v2,0.0,0,0,0,False,0,0,0.38383245997523097,0,0,precomputed,0,0.0,1.5790406614542007,0,4,cache_read_only_not_online_fps,157ff887794c6cb410230016d2d4aa63b09139d0c130484af891fca7557bb682,cached_perception_v2,0,0,0,,,0,0.0,0,9.024281986057758,1.1098328977823257,2.6888735592365265,0.38542932012712317,0.4030193599050504,0.38542932012712317,0.38542946364793057,0.38542932012712317,0.38383245997523097
sugar_box1_clean,4,0.36733227103724453,0.4020468486555376,0.17307643959804866,0.1676893338134034,0.008425023559422169,0.008162789755340336,0.0,0.0,0.03471457761829305,-0.005387105784645269,MODE_1_ACCEPT,simple,four_mode_relocalization_v2,0.0,0,0,0,False,0,0,0.36733227103724453,0,0,precomputed,0,0.0,3.2222671434283257,0,5,cache_read_only_not_online_fps,157ff887794c6cb410230016d2d4aa63b09139d0c130484af891fca7557bb682,cached_perception_v2,0,0,0,,,0,0.0,0,15.059415251016617,0.596269965171814,3.8185371086001396,0.36733227103724453,0.3907850137374027,0.36733227103724453,0.3673322349909738,0.36733227103724453,0.36733227103724453
sugar_box1_clean,5,0.35831096013116137,0.33854025074701183,0.17503307746966779,0.17787260645088782,0.008520268875329595,0.008658491608706822,0.0,0.0,-0.019770709384149543,0.0028395289812200297,MODE_1_ACCEPT,simple,four_mode_relocalization_v2,0.0,0,0,0,False,0,0,0.33854025074701183,0,0,precomputed,0,0.0,2.3236284032464027,0,6,cache_read_only_not_online_fps,157ff887794c6cb410230016d2d4aa63b09139d0c130484af891fca7557bb682,cached_perception_v2,0,0,0,,,0,0.0,0,9.6505805850029,0.6252219900488853,2.948850393295288,0.35831096013116137,0.36278807828613074,0.35831096013116137,0.3583109043398364,0.35831096013116137,0.3514265943042443
sugar_box1_clean,6,0.3777265612770847,0.3695246373873673,0.17540039613346187,0.161316019320569,0.008538149231566802,0.007852549234571373,0.0,0.0,-0.00820192388971741,-0.014084376812892874,MODE_1_ACCEPT,simple,four_mode_relocalization_v2,0.0,0,0,0,False,0,0,0.3695246373873673,0,0,precomputed,0,0.0,2.182232216000557,0,7,cache_read_only_not_online_fps,157ff887794c6cb410230016d2d4aa63b09139d0c130484af891fca7557bb682,cached_perception_v2,0,0,0,,,0,0.0,0,9.790397249162197,0.6066933274269104,2.7889255434274673,0.3777265612770847,0.3669367863149791,0.3777265612770847,0.3777264844253759,0.3777265612770847,0.3777265612770847
sugar_box1_clean,7,0.35643373261774525,0.38121867749177946,0.1698170087288525,0.18373159072897746,0.008266360820998266,0.00894369553762879,0.0,0.0,0.02478494487403421,0.013914582000124964,MODE_1_ACCEPT,simple,four_mode_relocalization_v2,0.0,0,0,0,False,0,0,0.35643373261774525,0,0,precomputed,0,0.0,2.0593367516994476,0,8,cache_read_only_not_online_fps,157ff887794c6cb410230016d2d4aa63b09139d0c130484af891fca7557bb682,cached_perception_v2,0,0,0,,,0,0.0,0,9.39014833420515,0.615876168012619,2.6752129197120667,0.35643373261774525,0.3554289260426711,0.35643373261774525,0.3564336541464627,0.35643373261774525,0.35643373261774525
sugar_box1_clean,8,0.3327537938933788,0.33368701568896164,0.1659210476828099,0.1655770774877779,0.008076713034877121,0.008059969236566884,0.0,0.0,0.0009332217955828614,-0.0003439701950320173,MODE_1_ACCEPT,simple,four_mode_relocalization_v2,0.0,0,0,0,False,0,0,0.3327537938933788,0,0,precomputed,0,0.0,2.0232852548360825,0,9,cache_read_only_not_online_fps,157ff887794c6cb410230016d2d4aa63b09139d0c130484af891fca7557bb682,cached_perception_v2,0,0,0,,,0,0.0,0,9.481601417064667,0.6246306002140045,2.647915855050087,0.3327537938933788,0.33719429935184575,0.3327537938933788,0.3327538572305412,0.3327537938933788,0.3327537938933788
sugar_box1_clean,9,0.3474855551808043,0.3308559056688073,0.17153784447155757,0.15956748244725116,0.008350127749113128,0.007767433869438872,0.0,0.0,-0.016629649511997024,-0.011970362024306402,MODE_1_ACCEPT,simple,four_mode_relocalization_v2,0.0,0,0,0,False,0,0,0.3308559056688073,0,0,precomputed,0,0.0,1.9565410912036896,0,10,cache_read_only_not_online_fps,157ff887794c6cb410230016d2d4aa63b09139d0c130484af891fca7557bb682,cached_perception_v2,0,0,0,,,0,0.0,0,9.254437871277332,0.6325319409370422,2.589073032140732,0.3474855551808043,0.33803164482119746,0.3474855551808043,0.34748568298367694,0.3474855551808043,0.3308559056688073
sugar_box1_clean,10,0.34446667871909975,0.35319924292789906,0.17943336979664729,0.17439320158249724,0.00873446652469911,0.008489120964978319,0.0,0.0,0.00873256420879931,-0.005040168214150043,MODE_1_ACCEPT,simple,four_mode_relocalization_v2,0.0,0,0,0,False,0,0,0.34446667871909975,0,0,precomputed,0,0.0,1.57938152551651,0,11,cache_read_only_not_online_fps,157ff887794c6cb410230016d2d4aa63b09139d0c130484af891fca7557bb682,cached_perception_v2,0,0,0,,,0,0.0,0,9.746824391186237,0.6062909960746765,2.1856725215911865,0.34446667871909975,0.33610327962604314,0.34446667871909975,0.3444666849610293,0.34446667871909975,0.33283395746118016
sugar_box1_clean,11,0.3594762858879907,0.36577771035139606,0.1681683193735836,0.18153517589425555,0.008186105838329523,0.008836778346751905,0.0,0.0,0.0063014244634053695,0.01336685652067196,MODE_1_ACCEPT,simple,four_mode_relocalization_v2,0.0,0,0,0,False,0,0,0.3594762858879907,0,0,precomputed,0,0.0,1.4855405315756798,0,12,cache_read_only_not_online_fps,157ff887794c6cb410230016d2d4aa63b09139d0c130484af891fca7557bb682,cached_perception_v2,0,0,0,,,0,0.0,0,9.100501425564289,0.6075045093894005,2.0930450409650803,0.3594762858879907,0.3586145329412796,0.3594762858879907,0.35947614772999753,0.3594762858879907,0.3594762858879907
sugar_box1_clean,12,0.3563601292953172,0.35504743369408326,0.17313985172584354,0.1715841091842363,0.008428110338141823,0.008352379825104485,0.0,0.0,-0.0013126956012339264,-0.0015557425416072301,MODE_1_ACCEPT,simple,four_mode_relocalization_v2,0.0,0,0,0,False,0,0,0.35504743369408326,0,0,precomputed,0,0.0,1.9358135759830475,0,13,cache_read_only_not_online_fps,157ff887794c6cb410230016d2d4aa63b09139d0c130484af891fca7557bb682,cached_perception_v2,0,0,0,,,0,0.0,0,9.680735878646374,0.5967197939753532,2.5325333699584007,0.3563601292953172,0.3587712071232163,0.3563601292953172,0.3563600825338648,0.3563601292953172,0.3563601292953172
sugar_box1_clean,13,0.34605188433272915,0.3549743318587499,0.16789051653149925,0.16636591058614986,0.008172582937726353,0.008098368093474678,0.0,0.0,0.008922447526020727,-0.0015246059453493943,MODE_1_ACCEPT,simple,four_mode_relocalization_v2,0.0,0,0,0,False,0,0,0.34605188433272915,0,0,precomputed,0,0.0,1.9650338217616081,0,14,cache_read_only_not_online_fps,157ff887794c6cb410230016d2d4aa63b09139d0c130484af891fca7557bb682,cached_perception_v2,0,0,0,,,0,0.0,0,9.221234358847141,0.6056968122720718,2.57073063403368,0.34605188433272915,0.3533201196763157,0.34605188433272915,0.34605211549014947,0.34605188433272915,0.34605188433272915
sugar_box1_clean,14,0.36205912257069556,0.33928758832171463,0.16365282993764269,0.1736514957169171,0.007966300618344208,0.008453016169858968,0.0,0.0,-0.02277153424898093,0.009998665779274413,MODE_1_ACCEPT,simple,four_mode_relocalization_v2,0.0,0,0,0,False,0,0,0.33928758832171463,0,0,precomputed,0,0.0,1.898808404803276,0,15,cache_read_only_not_online_fps,157ff887794c6cb410230016d2d4aa63b09139d0c130484af891fca7557bb682,cached_perception_v2,0,0,0,,,0,0.0,0,9.864519350230694,0.600266270339489,2.499074675142765,0.36205912257069556,0.35684529416985183,0.36205912257069556,0.36205907701868695,0.36205912257069556,0.33928758832171463
sugar_box1_clean,15,0.3730058777239467,0.39293478241788266,0.1657970801509975,0.1692683045387914,0.008070678537180333,0.008239650971066326,0.0,0.0,0.019928904693935934,0.003471224387793903,MODE_1_ACCEPT,simple,four_mode_relocalization_v2,0.0,0,0,0,False,0,0,0.3730058777239467,0,0,precomputed,0,0.0,1.9512660801410675,0,16,cache_read_only_not_online_fps,157ff887794c6cb410230016d2d4aa63b09139d0c130484af891fca7557bb682,cached_perception_v2,0,0,0,,,0,0.0,0,9.132065810263157,0.6316173821687698,2.5828834623098373,0.3730058777239467,0.3738797860955343,0.3730058777239467,0.37300584025495853,0.3730058777239467,0.34607372223868765
sugar_box1_clean,16,0.3691385378053145,0.36958402691379433,0.1737109313704136,0.17498234852515543,0.008455909381564389,0.008517799489238375,0.0,0.0,0.00044548910847980183,0.0012714171547418274,MODE_1_ACCEPT,simple,four_mode_relocalization_v2,0.0,0,0,0,False,0,0,0.3691385378053145,0,0,precomputed,0,0.0,1.8895221874117851,0,17,cache_read_only_not_online_fps,157ff887794c6cb410230016d2d4aa63b09139d0c130484af891fca7557bb682,cached_perception_v2,0,0,0,,,0,0.0,0,9.413116611540318,0.5966238677501678,2.486146055161953,0.3691385378053145,0.3737360151064841,0.3691385378053145,0.369138417150056,0.3691385378053145,0.3402244895330873
sugar_box1_clean,17,0.35368291057222945,0.35968468875306875,0.17065262948038593,0.186695275473329,0.008307037209620317,0.009087961931436347,0.0,0.0,0.006001778180839301,0.016042645992943083,MODE_1_ACCEPT,simple,four_mode_relocalization_v2,0.0,0,0,0,False,0,0,0.35368291057222945,0,0,precomputed,0,0.0,1.7471946775913239,0,18,cache_read_only_not_online_fps,157ff887794c6cb410230016d2d4aa63b09139d0c130484af891fca7557bb682,cached_perception_v2,0,0,0,,,0,0.0,0,9.318085387349129,0.622686930000782,2.369881607592106,0.35368291057222945,0.3602960292443334,0.35368291057222945,0.3536830354092204,0.35368291057222945,0.3331317965805737
sugar_box1_clean,18,0.3735305226658089,0.3452002139777744,0.17137267776678422,0.15619641155076003,0.008342087756020022,0.007603336712197949,0.0,0.0,-0.02833030868803449,-0.015176266216024192,MODE_1_ACCEPT,simple,four_mode_relocalization_v2,0.0,0,0,0,False,0,0,0.3452002139777744,0,0,precomputed,0,0.0,1.5374934300780296,0,19,cache_read_only_not_online_fps,157ff887794c6cb410230016d2d4aa63b09139d0c130484af891fca7557bb682,cached_perception_v2,0,0,0,,,0,0.0,0,9.142950177192688,0.591040588915348,2.1285340189933777,0.3735305226658089,0.36066280742045187,0.3735305226658089,0.3735306650295954,0.3735305226658089,0.3277850653352484
sugar_box1_clean,19,0.3586441627223934,0.3993212913250337,0.17041107556522206,0.17703044730189427,0.008295278836089798,0.008617496943647086,0.0,0.0,0.04067712860264028,0.006619371736672208,MODE_1_ACCEPT,simple,four_mode_relocalization_v2,0.0,0,0,0,False,0,0,0.3586441627223934,0,0,precomputed,0,0.0,2.3349514231085777,0,20,cache_read_only_not_online_fps,157ff887794c6cb410230016d2d4aa63b09139d0c130484af891fca7557bb682,cached_perception_v2,0,0,0,,,0,0.0,0,9.188519790768623,0.6043585017323494,2.939309924840927,0.3586441627223934,0.3620032532777925,0.3586441627223934,0.3586440077809716,0.3586441627223934,0.332702831257231
sugar_box1_clean,20,0.37606881215082966,0.3581753178763607,0.17423168256035698,0.1837511336052337,0.008481258533962366,0.008944646846733947,0.0,0.0,-0.017893494274468957,0.009519451044876726,MODE_1_ACCEPT,simple,four_mode_relocalization_v2,0.0,0,0,0,False,0,0,0.3581753178763607,0,0,precomputed,0,0.0,2.0216526463627815,0,21,cache_read_only_not_online_fps,157ff887794c6cb410230016d2d4aa63b09139d0c130484af891fca7557bb682,cached_perception_v2,0,0,0,,,0,0.0,0,9.902487508952618,0.5936641246080399,2.6153167709708214,0.37606881215082966,0.3758537417725193,0.37606881215082966,0.3760686562507618,0.37606881215082966,0.3482738059088769
sugar_box1_clean,21,0.36854420007129846,0.3697098958999889,0.15958920461740955,0.16713126370224235,0.0077684912623212955,0.008135623990633941,0.0,0.0,0.0011656958286904717,0.007542059084832797,MODE_1_ACCEPT,simple,four_mode_relocalization_v2,0.0,0,0,0,False,0,0,0.36854420007129846,0,0,precomputed,0,0.0,2.1934304386377335,0,22,cache_read_only_not_online_fps,157ff887794c6cb410230016d2d4aa63b09139d0c130484af891fca7557bb682,cached_perception_v2,0,0,0,,,0,0.0,0,9.169996716082096,0.6142240017652512,2.8076544404029846,0.36854420007129846,0.36722878688057997,0.36854420007129846,0.368544321045435,0.36854420007129846,0.350656861329488
sugar_box1_clean,22,0.34966404325875644,0.382560135111017,0.16808400674051696,0.1645211560188998,0.008182001663771778,0.008008569038637819,0.0,0.0,0.032896091852260556,-0.003562850721617161,MODE_1_ACCEPT,simple,four_mode_relocalization_v2,0.0,0,0,0,False,0,0,0.34966404325875644,0,0,precomputed,0,0.0,2.0350534468889236,0,23,cache_read_only_not_online_fps,157ff887794c6cb410230016d2d4aa63b09139d0c130484af891fca7557bb682,cached_perception_v2,0,0,0,,,0,0.0,0,9.725302457809448,0.595536082983017,2.6305895298719406,0.34966404325875644,0.36398647341498297,0.34966404325875644,0.3496641303538878,0.34966404325875644,0.34966404325875644
sugar_box1_clean,23,0.3573445126175826,0.3207590336047354,0.17097715554681894,0.1578862830498914,0.008322834505668782,0.007685596361319703,0.0,0.0,-0.0365854790128472,-0.01309087249692753,MODE_1_ACCEPT,simple,four_mode_relocalization_v2,0.0,0,0,0,False,0,0,0.3207590336047354,0,0,precomputed,0,0.0,1.8901927396655083,0,24,cache_read_only_not_online_fps,157ff887794c6cb410230016d2d4aa63b09139d0c130484af891fca7557bb682,cached_perception_v2,0,0,0,,,0,0.0,0,9.485348127782345,0.6210161373019218,2.51120887696743,0.3573445126175826,0.35332692136484617,0.3573445126175826,0.35734456709091295,0.3573445126175826,0.3573445126175826
sugar_box1_clean,24,0.3624972313294025,0.3569920153988572,0.15922794003790627,0.1867264852000693,0.00775090560710116,0.009089481160071283,0.0,0.0,-0.00550521593054526,0.02749854516216302,MODE_1_ACCEPT,simple,four_mode_relocalization_v2,0.0,0,0,0,False,0,0,0.3569920153988572,0,0,precomputed,0,0.0,1.9922293722629547,0,25,cache_read_only_not_online_fps,157ff887794c6cb410230016d2d4aa63b09139d0c130484af891fca7557bb682,cached_perception_v2,0,0,0,,,0,0.0,0,9.672717191278934,0.6053578108549118,2.5975871831178665,0.3624972313294025,0.34764734103424294,0.3624972313294025,0.3624971778337407,0.3624972313294025,0.3569920153988572
sugar_box1_clean,25,0.3704627857024478,0.39704792393540805,0.17325519893762248,0.1742898304367689,0.008433725215470061,0.008484089059190632,0.0,0.0,0.02658513823296027,0.0010346314991464267,MODE_1_ACCEPT,simple,four_mode_relocalization_v2,0.0,0,0,0,False,0,0,0.3704627857024478,0,0,precomputed,0,0.0,2.0955484360456467,0,26,cache_read_only_not_online_fps,157ff887794c6cb410230016d2d4aa63b09139d0c130484af891fca7557bb682,cached_perception_v2,0,0,0,,,0,0.0,0,9.140747599303722,0.6125001236796379,2.7080485597252846,0.3704627857024478,0.36997924726237863,0.3704627857024478,0.3704628249015943,0.3704627857024478,0.3704627857024478
sugar_box1_clean,26,0.34909010836960774,0.3443746308041699,0.1767790430875462,0.17094842681301842,0.008605259076761566,0.008321436046931915,0.0,0.0,-0.004715477565437831,-0.005830616274527772,MODE_1_ACCEPT,simple,four_mode_relocalization_v2,0.0,0,0,0,False,0,0,0.3443746308041699,0,0,precomputed,0,0.0,1.502671279013157,0,27,cache_read_only_not_online_fps,157ff887794c6cb410230016d2d4aa63b09139d0c130484af891fca7557bb682,cached_perception_v2,0,0,0,,,0,0.0,0,9.743835777044296,1.3389261439442635,2.8415974229574203,0.34909010836960774,0.3536879773833694,0.34909010836960774,0.3490901346952261,0.34909010836960774,0.34909010836960774
sugar_box1_clean,27,0.3796913360620376,0.36335716274273,0.1711284338164351,0.1837768356912681,0.008330198436822582,0.008945897974159893,0.0,0.0,-0.016334173319307588,0.012648401874832987,MODE_1_ACCEPT,simple,four_mode_relocalization_v2,0.0,0,0,0,False,0,0,0.36335716274273,0,0,precomputed,0,0.0,2.9114065691828728,0,28,cache_read_only_not_online_fps,157ff887794c6cb410230016d2d4aa63b09139d0c130484af891fca7557bb682,cached_perception_v2,0,0,0,,,0,0.0,0,14.140012674033642,0.6312262266874313,3.542632795870304,0.3796913360620376,0.3758690582099749,0.3796913360620376,0.379691426434546,0.3796913360620376,0.36335716274273
sugar_box1_clean,28,0.38914940671898895,0.3965466666742071,0.1697425008158017,0.16292912965132395,0.00826273392109049,0.007931072299710223,0.0,0.0,0.007397259955218172,-0.0068133711644777495,MODE_1_ACCEPT,simple,four_mode_relocalization_v2,0.0,0,0,0,False,0,0,0.38914940671898895,0,0,precomputed,0,0.0,1.974133774638176,0,29,cache_read_only_not_online_fps,157ff887794c6cb410230016d2d4aa63b09139d0c130484af891fca7557bb682,cached_perception_v2,0,0,0,,,0,0.0,0,9.310118854045868,0.6092432886362076,2.5833770632743835,0.38914940671898895,0.3862811428536483,0.38914940671898895,0.3891493673722497,0.38914940671898895,0.3637339261865775
sugar_box1_clean,29,0.37163681101098606,0.3894558941820023,0.17653525524880329,0.17549869959834083,0.008593391960187644,0.00854293445253334,0.0,0.0,0.01781908317101627,-0.0010365556504624562,MODE_1_ACCEPT,simple,four_mode_relocalization_v2,0.0,0,0,0,False,0,0,0.37163681101098606,0,0,precomputed,0,0.0,2.3577846586704254,0,30,cache_read_only_not_online_fps,157ff887794c6cb410230016d2d4aa63b09139d0c130484af891fca7557bb682,cached_perception_v2,0,0,0,,,0,0.0,0,9.601116180419922,0.6165839731693268,2.974368631839752,0.37163681101098606,0.37935623745641406,0.37163681101098606,0.37163683050176133,0.37163681101098606,0.35654014998682787
sugar_box1_clean,30,0.3581250215581168,0.3626072438615087,0.16812524721138458,0.179795284558278,0.008184009169469656,0.008752083829517275,0.0,0.0,0.004482222303391903,0.011670037346893425,MODE_1_ACCEPT,simple,four_mode_relocalization_v2,0.0,0,0,0,False,0,0,0.3581250215581168,0,0,precomputed,0,0.0,1.9595595076680183,0,31,cache_read_only_not_online_fps,157ff887794c6cb410230016d2d4aa63b09139d0c130484af891fca7557bb682,cached_perception_v2,0,0,0,,,0,0.0,0,9.439867921173573,1.2558549642562866,3.215414471924305,0.3581250215581168,0.3688720792787533,0.3581250215581168,0.35812513937632157,0.3581250215581168,0.3570520497970269
sugar_box1_clean,31,0.36413925904354955,0.3484067946851058,0.17092768955701412,0.1629917442393618,0.00832042659774981,0.007934120255749806,0.0,0.0,-0.01573246435844372,-0.007935945317652321,MODE_1_ACCEPT,simple,four_mode_relocalization_v2,0.0,0,0,0,False,0,0,0.3484067946851058,0,0,precomputed,0,0.0,2.600638195872307,0,32,cache_read_only_not_online_fps,157ff887794c6cb410230016d2d4aa63b09139d0c130484af891fca7557bb682,cached_perception_v2,0,0,0,,,0,0.0,0,12.331949546933174,0.6597544997930527,3.2603926956653595,0.36413925904354955,0.36241162834172236,0.36413925904354955,0.3641392643537733,0.36413925904354955,0.3586298804933355
sugar_box1_clean,32,0.39491117765530304,0.37323714878993514,0.17597056983298745,0.181682026557633,0.008565904175351306,0.008843926750668377,0.0,0.0,-0.0216740288653679,0.005711456724645542,MODE_1_ACCEPT,simple,four_mode_relocalization_v2,0.0,0,0,0,False,0,0,0.37323714878993514,0,0,precomputed,0,0.0,2.116008661687374,0,33,cache_read_only_not_online_fps,157ff887794c6cb410230016d2d4aa63b09139d0c130484af891fca7557bb682,cached_perception_v2,0,0,0,,,0,0.0,0,9.976428002119064,0.6216326728463173,2.7376413345336914,0.39491117765530304,0.37753071145860995,0.39491117765530304,0.39491120768050164,0.39491117765530304,0.3649364415390949
sugar_box1_clean,33,0.3518895811319431,0.41155671511428754,0.17686027262606038,0.18205056648062468,0.00860921317228891,0.008861866555421719,0.0,0.0,0.05966713398234447,0.005190293854564293,MODE_1_ACCEPT,simple,four_mode_relocalization_v2,0.0,0,0,0,False,0,0,0.3518895811319431,0,0,precomputed,0,0.0,1.8522804602980614,0,34,cache_read_only_not_online_fps,157ff887794c6cb410230016d2d4aa63b09139d0c130484af891fca7557bb682,cached_perception_v2,0,0,0,,,0,0.0,0,9.74074937403202,0.619783066213131,2.4720635265111923,0.3518895811319431,0.36552695645084277,0.3518895811319431,0.35188970754309673,0.3518895811319431,0.3518895811319431
sugar_box1_clean,34,0.37355575030234195,0.3174691739440706,0.16362505964137153,0.17401568238231138,0.0079649488144772,0.008470744066521853,0.0,0.0,-0.056086576358271356,0.010390622740939853,MODE_1_ACCEPT,simple,four_mode_relocalization_v2,0.0,0,0,0,False,0,0,0.3174691739440706,0,0,precomputed,0,0.0,1.5646480023860931,0,35,cache_read_only_not_online_fps,157ff887794c6cb410230016d2d4aa63b09139d0c130484af891fca7557bb682,cached_perception_v2,0,0,0,,,0,0.0,0,9.49772447347641,0.6039189174771309,2.168566919863224,0.37355575030234195,0.3684533112893274,0.37355575030234195,0.37355559726016524,0.37355575030234195,0.37355575030234195
sugar_box1_clean,35,0.37714937662923975,0.40070731549437566,0.16784352677497216,0.1748012059949537,0.008170295568014383,0.008508981824118227,0.0,0.0,0.023557938865135908,0.006957679219981527,MODE_1_ACCEPT,simple,four_mode_relocalization_v2,0.0,0,0,0,False,0,0,0.37714937662923975,0,0,precomputed,0,0.0,1.9675958901643753,0,36,cache_read_only_not_online_fps,157ff887794c6cb410230016d2d4aa63b09139d0c130484af891fca7557bb682,cached_perception_v2,0,0,0,,,0,0.0,0,9.223973378539085,0.6658686324954033,2.6334645226597786,0.37714937662923975,0.37688478610515297,0.37714937662923975,0.3771492024526573,0.37714937662923975,0.37714937662923975
sugar_box1_clean,36,0.3891122105892366,0.3769293899095891,0.17289532118224768,0.18012705022993375,0.008416207068144024,0.008768233535429867,0.0,0.0,-0.012182820679647544,0.00723172904768607,MODE_1_ACCEPT,simple,four_mode_relocalization_v2,0.0,0,0,0,False,0,0,0.3769293899095891,0,0,precomputed,0,0.0,2.025250345468521,0,37,cache_read_only_not_online_fps,157ff887794c6cb410230016d2d4aa63b09139d0c130484af891fca7557bb682,cached_perception_v2,0,0,0,,,0,0.0,0,9.858419187366962,0.6329184398055077,2.658168785274029,0.3891122105892366,0.38600810329861657,0.3891122105892366,0.38911214465394006,0.3891122105892366,0.3769293899095891
sugar_box1_clean,37,0.3583091710343987,0.39251206854931375,0.1756993870359824,0.18346312302995854,0.008552703525632699,0.008930627053585376,0.0,0.0,0.034202897514915065,0.007763735993976145,MODE_1_ACCEPT,simple,four_mode_relocalization_v2,0.0,0,0,0,False,0,0,0.3583091710343987,0,0,precomputed,0,0.0,2.0470479503273964,0,38,cache_read_only_not_online_fps,157ff887794c6cb410230016d2d4aa63b09139d0c130484af891fca7557bb682,cached_perception_v2,0,0,0,,,0,0.0,0,9.576467797160149,0.6320895627140999,2.6791375130414963,0.3583091710343987,0.3725422819742054,0.3583091710343987,0.35830917430239373,0.3583091710343987,0.3583091710343987
sugar_box1_clean,38,0.3287018235142982,0.32532341880631205,0.16464486617940463,0.17220539519050065,0.00801459100800126,0.008382622816305786,0.0,0.0,-0.003378404707986171,0.007560529011096023,MODE_1_ACCEPT,simple,four_mode_relocalization_v2,0.0,0,0,0,False,0,0,0.32532341880631205,0,0,precomputed,0,0.0,3.7837643176317215,0,39,cache_read_only_not_online_fps,157ff887794c6cb410230016d2d4aa63b09139d0c130484af891fca7557bb682,cached_perception_v2,0,0,0,,,0,0.0,0,15.41911531239748,0.7665753364562988,4.55033965408802,0.3287018235142982,0.3433417757553226,0.3287018235142982,0.3287018696987723,0.3287018235142982,0.3287018235142982
sugar_box1_clean,39,0.3810189142533148,0.3087095400302319,0.18611660190408832,0.16910677983286576,0.009059793230569897,0.008231788263374784,0.0,0.0,-0.07230937422308292,-0.017009822071222563,MODE_1_ACCEPT,simple,four_mode_relocalization_v2,0.0,0,0,0,False,0,0,0.3087095400302319,0,0,precomputed,0,0.0,2.042870968580246,0,40,cache_read_only_not_online_fps,157ff887794c6cb410230016d2d4aa63b09139d0c130484af891fca7557bb682,cached_perception_v2,0,0,0,,,0,0.0,0,9.78637021034956,0.6180275231599808,2.6608984917402267,0.3810189142533148,0.35234729097421846,0.3810189142533148,0.38101886825237985,0.3810189142533148,0.3087095400302319
sugar_box1_clean,40,0.37390086759496705,0.4297701299782075,0.17011264600474885,0.20607632847757537,0.00828075186706008,0.010031393796260925,0.0,0.0,0.05586926238324047,0.035963682472826525,MODE_1_ACCEPT,simple,four_mode_relocalization_v2,0.0,0,0,0,False,0,0,0.37390086759496705,0,0,precomputed,0,0.0,2.2816769778728485,0,41,cache_read_only_not_online_fps,157ff887794c6cb410230016d2d4aa63b09139d0c130484af891fca7557bb682,cached_perception_v2,0,0,0,,,0,0.0,0,9.872390888631344,0.5982900038361549,2.8799669817090034,0.37390086759496705,0.3659795474262568,0.37390086759496705,0.373901101545088,0.37390086759496705,0.2929031152510682
sugar_box1_clean,41,0.3628383311120561,0.36745792779267383,0.18253494215663935,0.15831748993965195,0.008885445018738343,0.007706586671807108,0.0,0.0,0.004619596680617732,-0.0242174522169874,MODE_1_ACCEPT,simple,four_mode_relocalization_v2,0.0,0,0,0,False,0,0,0.3628383311120561,0,0,precomputed,0,0.0,2.060472033917904,0,42,cache_read_only_not_online_fps,157ff887794c6cb410230016d2d4aa63b09139d0c130484af891fca7557bb682,cached_perception_v2,0,0,0,,,0,0.0,0,9.46075189858675,0.6041042506694794,2.6645762845873833,0.3628383311120561,0.3706288231781831,0.3628383311120561,0.3628383407312824,0.3628383311120561,0.288142530290125
sugar_box1_clean,42,0.38495353139855787,0.35806908360240725,0.1691328847466791,0.18421665117160843,0.008233058999671444,0.008967307334048918,0.0,0.0,-0.026884447796150623,0.01508376642492934,MODE_1_ACCEPT,simple,four_mode_relocalization_v2,0.0,0,0,0,False,0,0,0.35806908360240725,0,0,precomputed,0,0.0,1.5646405518054962,0,43,cache_read_only_not_online_fps,157ff887794c6cb410230016d2d4aa63b09139d0c130484af891fca7557bb682,cached_perception_v2,0,0,0,,,0,0.0,0,9.536928497254848,0.5938662216067314,2.1585067734122276,0.38495353139855787,0.3818375032599419,0.38495353139855787,0.38495355175368806,0.38495353139855787,0.29735971337225564
sugar_box1_clean,43,0.34495638528146694,0.39335028846077685,0.16545903127213366,0.17218769064013484,0.008054222976993871,0.008381760993320015,0.0,0.0,0.048393903179309916,0.006728659368001183,MODE_1_ACCEPT,simple,four_mode_relocalization_v2,0.0,0,0,0,False,0,0,0.34495638528146694,0,0,precomputed,0,0.0,1.9612889736890793,0,44,cache_read_only_not_online_fps,157ff887794c6cb410230016d2d4aa63b09139d0c130484af891fca7557bb682,cached_perception_v2,0,0,0,,,0,0.0,0,9.261627681553364,0.597197562456131,2.5584865361452103,0.34495638528146694,0.36162036563732336,0.34495638528146694,0.34495628576295045,0.34495638528146694,0.3040335911917938
sugar_box1_clean,44,0.3578223924780947,0.3139347855219506,0.1673566633464982,0.15910438069974803,0.008146596005759461,0.007744890979475429,0.0,0.0,-0.04388760695614413,-0.00825228264675018,MODE_1_ACCEPT,simple,four_mode_relocalization_v2,0.0,0,0,0,False,0,0,0.3139347855219506,0,0,precomputed,0,0.0,1.9546030089259148,0,45,cache_read_only_not_online_fps,157ff887794c6cb410230016d2d4aa63b09139d0c130484af891fca7557bb682,cached_perception_v2,0,0,0,,,0,0.0,0,9.190590120851994,0.5983253940939903,2.552928403019905,0.3578223924780947,0.35433359237889145,0.3578223924780947,0.3578222681065613,0.3578223924780947,0.3246779035594722
sugar_box1_clean,45,0.3453202046676154,0.36573495246693494,0.15920867916625286,0.16960873574750984,0.007749968025430126,0.008256222498424275,0.0,0.0,0.02041474779931951,0.010400056581256978,MODE_1_ACCEPT,simple,four_mode_relocalization_v2,0.0,0,0,0,False,0,0,0.3453202046676154,0,0,precomputed,0,0.0,1.9614258781075478,0,46,cache_read_only_not_online_fps,157ff887794c6cb410230016d2d4aa63b09139d0c130484af891fca7557bb682,cached_perception_v2,0,0,0,,,0,0.0,0,9.408804588019848,0.5948049947619438,2.5562308728694916,0.3453202046676154,0.34349754947611705,0.3453202046676154,0.34532010026753257,0.3453202046676154,0.3450509878506114
sugar_box1_clean,46,0.3489120813802731,0.3427825329419839,0.16183458836437142,0.15571091319278038,0.00787779216435066,0.007579703598912635,0.0,0.0,-0.006129548438289167,-0.006123675171591042,MODE_1_ACCEPT,simple,four_mode_relocalization_v2,0.0,0,0,0,False,0,0,0.3427825329419839,0,0,precomputed,0,0.0,2.2179894149303436,0,47,cache_read_only_not_online_fps,157ff887794c6cb410230016d2d4aa63b09139d0c130484af891fca7557bb682,cached_perception_v2,0,0,0,,,0,0.0,0,9.8440982401371,0.633731484413147,2.8517208993434906,0.3489120813802731,0.3455194517579667,0.3489120813802731,0.34891204999382147,0.3489120813802731,0.3489120813802731
sugar_box1_clean,47,0.3835397684299648,0.35949269789461974,0.16501260305309448,0.16625232314300778,0.008032491721880634,0.008092838878251917,0.0,0.0,-0.02404707053534505,0.0012397200899132987,MODE_1_ACCEPT,simple,four_mode_relocalization_v2,0.0,0,0,0,False,0,0,0.35949269789461974,0,0,precomputed,0,0.0,2.323043532669544,0,48,cache_read_only_not_online_fps,157ff887794c6cb410230016d2d4aa63b09139d0c130484af891fca7557bb682,cached_perception_v2,0,0,0,,,0,0.0,0,9.96137224137783,0.6137629970908165,2.9368065297603607,0.3835397684299648,0.3688673141938202,0.3835397684299648,0.3835395274516598,0.3835397684299648,0.3835397684299648
sugar_box1_clean,48,0.3626856484714636,0.4127849385401274,0.17016512237358725,0.17046632158347477,0.0082833063143598,0.008297968104521852,0.0,0.0,0.05009929006866376,0.000301199209887526,MODE_1_ACCEPT,simple,four_mode_relocalization_v2,0.0,0,0,0,False,0,0,0.3626856484714636,0,0,precomputed,0,0.0,2.1716831251978874,0,49,cache_read_only_not_online_fps,157ff887794c6cb410230016d2d4aa63b09139d0c130484af891fca7557bb682,cached_perception_v2,0,0,0,,,0,0.0,0,9.972075931727886,0.606786459684372,2.7784695848822594,0.3626856484714636,0.3739882825357576,0.3626856484714636,0.36268557952464864,0.3626856484714636,0.3626856484714636
sugar_box1_clean,49,0.3555431476831885,0.33914424351346206,0.16984220494585403,0.1754402376563313,0.008267587323706197,0.008540088639204246,0.0,0.0,-0.016398904169726447,0.005598032710477263,MODE_1_ACCEPT,simple,four_mode_relocalization_v2,0.0,0,0,0,False,0,0,0.33914424351346206,0,0,precomputed,0,0.0,2.308742143213749,0,50,cache_read_only_not_online_fps,157ff887794c6cb410230016d2d4aa63b09139d0c130484af891fca7557bb682,cached_perception_v2,0,0,0,,,0,0.0,0,9.894510731101036,0.5972431972622871,2.905985340476036,0.3555431476831885,0.36486474906379945,0.3555431476831885,0.35554338928081397,0.3555431476831885,0.33914424351346206
sugar_box1_clean,50,0.36639032892369333,0.3457863582306516,0.15920373343152489,0.15876563241606653,0.0077497272767083555,0.007728401373626369,0.0,0.0,-0.020603970693041707,-0.0004381010154583531,MODE_1_ACCEPT,simple,four_mode_relocalization_v2,0.0,0,0,0,False,0,0,0.3457863582306516,0,0,precomputed,0,0.0,1.9941162317991257,0,51,cache_read_only_not_online_fps,157ff887794c6cb410230016d2d4aa63b09139d0c130484af891fca7557bb682,cached_perception_v2,0,0,0,,,0,0.0,0,10.181122459471226,0.6070313975214958,2.6011476293206215,0.36639032892369333,0.36005232348412547,0.36639032892369333,0.36639027987307665,0.36639032892369333,0.3176819821831213
sugar_box1_clean,51,0.3813252367869205,0.39018074174675343,0.16045136751403857,0.16461656361362964,0.007810459670806173,0.008013213294292797,0.0,0.0,0.00885550495983295,0.0041651960995910675,MODE_1_ACCEPT,simple,four_mode_relocalization_v2,0.0,0,0,0,False,0,0,0.3813252367869205,0,0,precomputed,0,0.0,3.1225821003317833,0,52,cache_read_only_not_online_fps,157ff887794c6cb410230016d2d4aa63b09139d0c130484af891fca7557bb682,cached_perception_v2,0,0,0,,,0,0.0,0,21.468638442456722,0.6888797506690025,3.811461851000786,0.3813252367869205,0.3746386147920668,0.3813252367869205,0.38132493304326676,0.3813252367869205,0.31317549086358504
sugar_box1_clean,52,0.3732677532177012,0.3824980335026987,0.1743938594771265,0.16950963696846894,0.008489152990005897,0.008251398563115294,0.0,0.0,0.00923028028499745,-0.004884222508657554,MODE_1_ACCEPT,simple,four_mode_relocalization_v2,0.0,0,0,0,False,0,0,0.3732677532177012,0,0,precomputed,0,0.0,2.0536640658974648,0,53,cache_read_only_not_online_fps,157ff887794c6cb410230016d2d4aa63b09139d0c130484af891fca7557bb682,cached_perception_v2,0,0,0,,,0,0.0,0,10.545770637691021,0.6043519824743271,2.658016048371792,0.3732677532177012,0.3738225376929645,0.3732677532177012,0.3732677563410779,0.3732677532177012,0.29840432778110715
sugar_box1_clean,53,0.3668421858550295,0.3656230979897284,0.17798714968891502,0.19213731749224908,0.008664067350160672,0.009352869924270306,0.0,0.0,-0.0012190878653010606,0.014150167803334057,MODE_1_ACCEPT,simple,four_mode_relocalization_v2,0.0,0,0,0,False,0,0,0.3656230979897284,0,0,precomputed,0,0.0,2.152196131646633,0,54,cache_read_only_not_online_fps,157ff887794c6cb410230016d2d4aa63b09139d0c130484af891fca7557bb682,cached_perception_v2,0,0,0,,,0,0.0,0,9.525264613330364,0.6059529259800911,2.7581490576267242,0.3668421858550295,0.3697231481325014,0.3668421858550295,0.3668421966718289,0.3668421858550295,0.30289928194424887
sugar_box1_clean,54,0.34030838157004767,0.37143172218701737,0.1662423983540621,0.17504135313667066,0.008092355758880593,0.008520671718660732,0.0,0.0,0.031123340616969697,0.008798954782608559,MODE_1_ACCEPT,simple,four_mode_relocalization_v2,0.0,0,0,0,False,0,0,0.34030838157004767,0,0,precomputed,0,0.0,2.150977961719036,0,55,cache_read_only_not_online_fps,157ff887794c6cb410230016d2d4aa63b09139d0c130484af891fca7557bb682,cached_perception_v2,0,0,0,,,0,0.0,0,9.467569179832935,0.603395514190197,2.754373475909233,0.34030838157004767,0.3589513206643967,0.34030838157004767,0.3403084371975895,0.34030838157004767,0.32321233659301773
sugar_box1_clean,55,0.385404806921018,0.32702228095015096,0.16940213466190487,0.1851180508606214,0.008246165560474392,0.009011185713070507,0.0,0.0,-0.058382525970867016,0.01571591619871654,MODE_1_ACCEPT,simple,four_mode_relocalization_v2,0.0,0,0,0,False,0,0,0.32702228095015096,0,0,precomputed,0,0.0,2.146456390619278,0,56,cache_read_only_not_online_fps,157ff887794c6cb410230016d2d4aa63b09139d0c130484af891fca7557bb682,cached_perception_v2,0,0,0,,,0,0.0,0,9.145906195044518,0.6251344457268715,2.7715908363461494,0.385404806921018,0.37310725295878355,0.385404806921018,0.3854046989016183,0.385404806921018,0.33573010910598305
sugar_box1_clean,56,0.35038785449823334,0.39603388051253263,0.17731668907832113,0.1756926297541263,0.008631430635117097,0.008552374594329469,0.0,0.0,0.04564602601429929,-0.001624059324194821,MODE_1_ACCEPT,simple,four_mode_relocalization_v2,0.0,0,0,0,False,0,0,0.35038785449823334,0,0,precomputed,0,0.0,2.1172724664211273,0,57,cache_read_only_not_online_fps,157ff887794c6cb410230016d2d4aa63b09139d0c130484af891fca7557bb682,cached_perception_v2,0,0,0,,,0,0.0,0,9.417909197509289,0.5994448438286781,2.7167173102498055,0.35038785449823334,0.3522129587429949,0.35038785449823334,0.35038776880049927,0.35038785449823334,0.35038785449823334
sugar_box1_clean,57,0.3794796040568818,0.3360898266548319,0.1579882230732784,0.17047513854406812,0.0076905586028626766,0.008298397296969386,0.0,0.0,-0.04338977740204991,0.012486915470789728,MODE_1_ACCEPT,simple,four_mode_relocalization_v2,0.0,0,0,0,False,0,0,0.3360898266548319,0,0,precomputed,0,0.0,1.8726103007793427,0,58,cache_read_only_not_online_fps,157ff887794c6cb410230016d2d4aa63b09139d0c130484af891fca7557bb682,cached_perception_v2,0,0,0,,,0,0.0,0,9.69034805893898,1.3354206457734108,3.2080309465527534,0.3794796040568818,0.3659402937576728,0.3794796040568818,0.3794793676815567,0.3794796040568818,0.3794796040568818
sugar_box1_clean,58,0.3911124881421749,0.4109616702036254,0.17485276361343755,0.18250170031624155,0.008511491548442364,0.00888382687077343,0.0,0.0,0.019849182061450477,0.0076489367028040045,MODE_1_ACCEPT,simple,four_mode_relocalization_v2,0.0,0,0,0,False,0,0,0.3911124881421749,0,0,precomputed,0,0.0,3.017336130142212,0,59,cache_read_only_not_online_fps,157ff887794c6cb410230016d2d4aa63b09139d0c130484af891fca7557bb682,cached_perception_v2,0,0,0,,,0,0.0,0,13.19954078644514,0.6590532138943672,3.676389344036579,0.3911124881421749,0.386611264802234,0.3911124881421749,0.3911123325330709,0.3911124881421749,0.3911124881421749
sugar_box1_clean,59,0.37686452279240923,0.40105541892746344,0.15857516864687038,0.16118635512721785,0.007719129968769528,0.007846237434500063,0.0,0.0,0.024190896135054207,0.0026111864803474716,MODE_1_ACCEPT,simple,four_mode_relocalization_v2,0.0,0,0,0,False,0,0,0.37686452279240923,0,0,precomputed,0,0.0,1.834949478507042,0,60,cache_read_only_not_online_fps,157ff887794c6cb410230016d2d4aa63b09139d0c130484af891fca7557bb682,cached_perception_v2,0,0,0,,,0,0.0,0,9.20310989022255,0.5984390154480934,2.4333884939551353,0.37686452279240923,0.39066386178068374,0.37686452279240923,0.37686423890931026,0.37686452279240923,0.37686452279240923
sugar_box1_clean,60,0.3782186816574135,0.3579376533935008,0.17346496737690953,0.1545121533866784,0.00844393633402046,0.007521350309279726,0.0,0.0,-0.020281028263912704,-0.018952813990231132,MODE_1_ACCEPT,simple,four_mode_relocalization_v2,0.0,0,0,0,False,0,0,0.3579376533935008,0,0,precomputed,0,0.0,1.7483793199062347,0,61,cache_read_only_not_online_fps,157ff887794c6cb410230016d2d4aa63b09139d0c130484af891fca7557bb682,cached_perception_v2,0,0,0,,,0,0.0,0,10.13081707060337,0.5947239696979523,2.343103289604187,0.3782186816574135,0.3840656061748825,0.3782186816574135,0.37821859466309465,0.3782186816574135,0.3579376533935008
sugar_box1_clean,61,0.38167587319434876,0.37636996251056043,0.1690663335389834,0.19203305545339086,0.008229819416663807,0.009347794651542406,0.0,0.0,-0.0053059106837883285,0.022966721914407462,MODE_1_ACCEPT,simple,four_mode_relocalization_v2,0.0,0,0,0,False,0,0,0.37636996251056043,0,0,precomputed,0,0.0,2.132721245288849,0,62,cache_read_only_not_online_fps,157ff887794c6cb410230016d2d4aa63b09139d0c130484af891fca7557bb682,cached_perception_v2,0,0,0,,,0,0.0,0,9.226787835359573,0.597669743001461,2.73039098829031,0.38167587319434876,0.3770684191981575,0.38167587319434876,0.3816757910125103,0.38167587319434876,0.33946636674383934
sugar_box1_clean,62,0.356496357208583,0.38885201077672527,0.17369513536784253,0.189725522166017,0.008455140462963365,0.009235468431084987,0.0,0.0,0.03235565356814224,0.01603038679817448,MODE_1_ACCEPT,simple,four_mode_relocalization_v2,0.0,0,0,0,False,0,0,0.356496357208583,0,0,precomputed,0,0.0,1.9210418686270714,0,63,cache_read_only_not_online_fps,157ff887794c6cb410230016d2d4aa63b09139d0c130484af891fca7557bb682,cached_perception_v2,0,0,0,,,0,0.0,0,9.605221450328827,0.8583599701523781,2.7794018387794495,0.356496357208583,0.36519903265711995,0.356496357208583,0.3564965915150341,0.356496357208583,0.3288808320878566
sugar_box1_clean,63,0.3712358794571573,0.34242781239771414,0.16964036282569736,0.1695674645269852,0.008257762042913775,0.008254213495893059,0.0,0.0,-0.028808067059443165,-7.289829871215403e-05,MODE_1_ACCEPT,simple,four_mode_relocalization_v2,0.0,0,0,0,False,0,0,0.34242781239771414,0,0,precomputed,0,0.0,2.4496447294950485,0,64,cache_read_only_not_online_fps,157ff887794c6cb410230016d2d4aa63b09139d0c130484af891fca7557bb682,cached_perception_v2,0,0,0,,,0,0.0,0,14.837070368230343,0.8530924096703529,3.3027371391654015,0.3712358794571573,0.3674754757757514,0.3712358794571573,0.3712358512629386,0.3712358794571573,0.33888062933962315
sugar_box1_clean,64,0.36843479913993854,0.3827079072481841,0.15834135675067768,0.16762351156193947,0.007707748461624642,0.008159585656500507,0.0,0.0,0.014273108108245558,0.009282154811261795,MODE_1_ACCEPT,simple,four_mode_relocalization_v2,0.0,0,0,0,False,0,0,0.36843479913993854,0,0,precomputed,0,0.0,2.371768467128277,0,65,cache_read_only_not_online_fps,157ff887794c6cb410230016d2d4aa63b09139d0c130484af891fca7557bb682,cached_perception_v2,0,0,0,,,0,0.0,0,14.731361530721188,0.817631371319294,3.189399838447571,0.36843479913993854,0.36696340112150805,0.36843479913993854,0.3684346540675754,0.36843479913993854,0.34500464897375827
sugar_box1_clean,65,0.38772030015122766,0.3568483152259622,0.16642352166821048,0.16139275431858194,0.008101172488600736,0.007856284544632018,0.0,0.0,-0.03087198492526544,-0.00503076734962854,MODE_1_ACCEPT,simple,four_mode_relocalization_v2,0.0,0,0,0,False,0,0,0.3568483152259622,0,0,precomputed,0,0.0,2.5301137939095497,0,66,cache_read_only_not_online_fps,157ff887794c6cb410230016d2d4aa63b09139d0c130484af891fca7557bb682,cached_perception_v2,0,0,0,,,0,0.0,0,14.926988631486893,0.8072182536125183,3.337332047522068,0.38772030015122766,0.37256736375319877,0.38772030015122766,0.3877203128486692,0.38772030015122766,0.35614332280291344
sugar_box1_clean,66,0.366895348058707,0.3954718494997413,0.16774989112319022,0.1691206234985188,0.008165737567086603,0.008232462146021934,0.0,0.0,0.028576501441034297,0.0013707323753285872,MODE_1_ACCEPT,simple,four_mode_relocalization_v2,0.0,0,0,0,False,0,0,0.366895348058707,0,0,precomputed,0,0.0,2.4982066825032234,0,67,cache_read_only_not_online_fps,157ff887794c6cb410230016d2d4aa63b09139d0c130484af891fca7557bb682,cached_perception_v2,0,0,0,,,0,0.0,0,14.76689800620079,0.5969889461994171,3.0951956287026405,0.366895348058707,0.36696353753756067,0.366895348058707,0.36689554117156614,0.366895348058707,0.366895348058707
sugar_box1_clean,67,0.3387703547927702,0.364357414851833,0.15478437837571254,0.16962948072651352,0.007534601690873909,0.008257232323546929,0.0,0.0,0.025587060059062805,0.01484510235080097,MODE_1_ACCEPT,simple,four_mode_relocalization_v2,0.0,0,0,0,False,0,0,0.3387703547927702,0,0,precomputed,0,0.0,1.8371660262346268,0,68,cache_read_only_not_online_fps,157ff887794c6cb410230016d2d4aa63b09139d0c130484af891fca7557bb682,cached_perception_v2,0,0,0,,,0,0.0,0,9.574457071721554,0.6325077265501022,2.469673752784729,0.3387703547927702,0.35954970510379053,0.3387703547927702,0.33877026116484765,0.3387703547927702,0.3387703547927702
sugar_box1_clean,68,0.35326139191848693,0.31099158337027577,0.15787570180537727,0.1525737432459514,0.007685081286971474,0.007426992283765827,0.0,0.0,-0.04226980854821116,-0.005301958559425862,MODE_1_ACCEPT,simple,four_mode_relocalization_v2,0.0,0,0,0,False,0,0,0.31099158337027577,0,0,precomputed,0,0.0,1.9377730786800385,0,69,cache_read_only_not_online_fps,157ff887794c6cb410230016d2d4aa63b09139d0c130484af891fca7557bb682,cached_perception_v2,0,0,0,,,0,0.0,0,9.686403907835484,0.5933661013841629,2.5311391800642014,0.35326139191848693,0.35321071374308777,0.35326139191848693,0.3532614296295055,0.35326139191848693,0.31099158337027577
sugar_box1_clean,69,0.3652230407007794,0.3635195724825155,0.22462888744457513,0.23435456974742347,0.01093449618701697,0.01140792343525045,0.0,0.0,-0.0017034682182638927,0.009725682302848343,MODE_1_ACCEPT,simple,four_mode_relocalization_v2,0.0,0,0,0,False,0,0,0.3635195724825155,0,0,precomputed,0,0.0,1.9089877605438232,0,70,cache_read_only_not_online_fps,157ff887794c6cb410230016d2d4aa63b09139d0c130484af891fca7557bb682,cached_perception_v2,0,0,0,,,0,0.0,0,9.466041810810566,0.5970755591988564,2.5060633197426796,0.3652230407007794,0.3529825367707992,0.3652230407007794,0.36522361670602904,0.3652230407007794,0.2791658151296924
sugar_box1_clean,70,0.39103436474677356,0.3935375157253175,0.25320846857356855,0.25848393770966277,0.012325694462700133,0.012582494012435611,0.0,0.0,0.002503150978543922,0.005275469136094224,MODE_1_ACCEPT,simple,four_mode_relocalization_v2,0.0,0,0,0,False,0,0,0.39103436474677356,0,0,precomputed,0,0.0,1.968984492123127,0,71,cache_read_only_not_online_fps,157ff887794c6cb410230016d2d4aa63b09139d0c130484af891fca7557bb682,cached_perception_v2,0,0,0,,,0,0.0,0,9.472675621509552,0.5982602015137672,2.5672446936368942,0.39103436474677356,0.37518319528816646,0.39103436474677356,0.3910341741979793,0.39103436474677356,0.2550787231149864
sugar_box1_clean,71,0.3501262369379597,0.4115699991381442,0.2711033633052189,0.2652252224990095,0.013196783041005009,0.012910646609651742,0.0,0.0,0.06144376220018449,-0.005878140806209409,MODE_1_ACCEPT,simple,four_mode_relocalization_v2,0.0,0,0,0,False,0,0,0.3501262369379597,0,0,precomputed,0,0.0,3.5185208544135094,0,72,cache_read_only_not_online_fps,157ff887794c6cb410230016d2d4aa63b09139d0c130484af891fca7557bb682,cached_perception_v2,0,0,0,,,0,0.0,0,17.739507369697094,0.6386805325746536,4.157201386988163,0.3501262369379597,0.3668627163758366,0.3501262369379597,0.35012653488603984,0.3501262369379597,0.22503053391777525
sugar_box1_clean,72,0.3255151696711916,0.3414846646175453,0.2538421834162523,0.2662675136037263,0.012356542465420584,0.012961383308034312,0.0,0.0,0.01596949494635369,0.012425330187473993,MODE_1_ACCEPT,simple,four_mode_relocalization_v2,0.0,0,0,0,False,0,0,0.3255151696711916,0,0,precomputed,0,0.0,2.1121399477124214,0,73,cache_read_only_not_online_fps,157ff887794c6cb410230016d2d4aa63b09139d0c130484af891fca7557bb682,cached_perception_v2,0,0,0,,,0,0.0,0,9.629030711948872,1.332639716565609,3.4447796642780304,0.3255151696711916,0.3477513338605935,0.3255151696711916,0.3255144989979046,0.3255151696711916,0.2116206960530389
sugar_box1_clean,73,0.32339329890872576,0.3003801626243295,0.26453291142771734,0.29160749473555475,0.012876946256792443,0.014194884173471428,0.0,0.0,-0.023013136284396274,0.027074583307837408,MODE_1_ACCEPT,simple,four_mode_relocalization_v2,0.0,0,0,0,False,0,0,0.3003801626243295,0,0,precomputed,0,0.0,2.9737669974565506,0,74,cache_read_only_not_online_fps,157ff887794c6cb410230016d2d4aa63b09139d0c130484af891fca7557bb682,cached_perception_v2,0,0,0,,,0,0.0,0,14.247339218854904,0.5986383184790611,3.5724053159356117,0.32339329890872576,0.319640970802099,0.32339329890872576,0.3233933152942894,0.32339329890872576,0.20052680609419807
sugar_box1_clean,74,0.37146888945023815,0.3404086874254786,0.24203223819078953,0.25162978428104466,0.011781657362681672,0.012248847189967391,0.0,0.0,-0.031060202024759564,0.009597546090255121,MODE_1_ACCEPT,simple,four_mode_relocalization_v2,0.0,0,0,0,False,0,0,0.3404086874254786,0,0,precomputed,0,0.0,1.806860789656639,0,75,cache_read_only_not_online_fps,157ff887794c6cb410230016d2d4aa63b09139d0c130484af891fca7557bb682,cached_perception_v2,0,0,0,,,0,0.0,0,9.560728445649147,0.607089139521122,2.413949929177761,0.37146888945023815,0.33842408737219665,0.37146888945023815,0.371468409240279,0.37146888945023815,0.21037644259035532
sugar_box1_clean,75,0.3970754482458258,0.42406387498693293,0.22516870909943368,0.22578047451533323,0.01096077365245728,0.010990553199885938,0.0,0.0,0.02698842674110713,0.0006117654158995511,MODE_1_ACCEPT,simple,four_mode_relocalization_v2,0.0,0,0,0,False,0,0,0.3970754482458258,0,0,precomputed,0,0.0,1.9858945161104202,0,76,cache_read_only_not_online_fps,157ff887794c6cb410230016d2d4aa63b09139d0c130484af891fca7557bb682,cached_perception_v2,0,0,0,,,0,0.0,0,9.976222179830074,0.5975198000669479,2.583414316177368,0.3970754482458258,0.3748217652425941,0.3970754482458258,0.39707536218210554,0.3970754482458258,0.2286295652345198
sugar_box1_clean,76,0.38662003339132667,0.4150782521620524,0.2368978232758857,0.223232856612429,0.011531724057360773,0.010866540128538844,0.0,0.0,0.02845821877072574,-0.013664966663456707,MODE_1_ACCEPT,simple,four_mode_relocalization_v2,0.0,0,0,0,False,0,0,0.38662003339132667,0,0,precomputed,0,0.0,2.2521140053868294,0,77,cache_read_only_not_online_fps,157ff887794c6cb410230016d2d4aa63b09139d0c130484af891fca7557bb682,cached_perception_v2,0,0,0,,,0,0.0,0,9.934091940522194,0.6097843870520592,2.8618983924388885,0.38662003339132667,0.3921193000211339,0.38662003339132667,0.38662088013678264,0.38662003339132667,0.24855942913216822
sugar_box1_clean,77,0.3604199223605596,0.40926449630762934,0.2190671745547206,0.253981587827062,0.010663762849558747,0.012363328400283159,0.0,0.0,0.04884457394706976,0.03491441327234138,MODE_1_ACCEPT,simple,four_mode_relocalization_v2,0.0,0,0,0,False,0,0,0.3604199223605596,0,0,precomputed,0,0.0,2.251111902296543,0,78,cache_read_only_not_online_fps,157ff887794c6cb410230016d2d4aa63b09139d0c130484af891fca7557bb682,cached_perception_v2,0,0,0,,,0,0.0,0,22.204088978469372,0.8086021989583969,3.05971410125494,0.3604199223605596,0.397426047081782,0.3604199223605596,0.36041980963355275,0.3604199223605596,0.2659615398362476
sugar_box1_clean,78,0.38809406957287806,0.32301298729618566,0.22479992068623786,0.2442148340790253,0.010942821751685386,0.011887901874192247,0.0,0.0,-0.0650810822766924,0.019414913392787447,MODE_1_ACCEPT,simple,four_mode_relocalization_v2,0.0,0,0,0,False,0,0,0.32301298729618566,0,0,precomputed,0,0.0,2.155724912881851,0,79,cache_read_only_not_online_fps,157ff887794c6cb410230016d2d4aa63b09139d0c130484af891fca7557bb682,cached_perception_v2,0,0,0,,,0,0.0,0,10.989411734044552,0.6109876558184624,2.7667125687003136,0.38809406957287806,0.38679408672889404,0.38809406957287806,0.3880944642365994,0.38809406957287806,0.29511711335653196
sugar_box1_clean,79,0.38508065194939134,0.4077439271888953,0.231143930607374,0.23244315693973838,0.011251635783051574,0.01131487958726093,0.0,0.0,0.022663275239503955,0.0012992263323643727,MODE_1_ACCEPT,simple,four_mode_relocalization_v2,0.0,0,0,0,False,0,0,0.38508065194939134,0,0,precomputed,0,0.0,2.365393564105034,0,80,cache_read_only_not_online_fps,157ff887794c6cb410230016d2d4aa63b09139d0c130484af891fca7557bb682,cached_perception_v2,0,0,0,,,0,0.0,0,10.256725363433361,0.6324071437120438,2.9978007078170776,0.38508065194939134,0.3756190460020519,0.38508065194939134,0.3850804664404365,0.38508065194939134,0.3285695283517309
sugar_box1_clean,80,0.3914454006836639,0.41089036466125983,0.22958250362671198,0.2386590539519796,0.011175628562606399,0.011617457332057945,0.0,0.0,0.01944496397759593,0.009076550325267607,MODE_1_ACCEPT,simple,four_mode_relocalization_v2,0.0,0,0,0,False,0,0,0.3914454006836639,0,0,precomputed,0,0.0,1.936524175107479,0,81,cache_read_only_not_online_fps,157ff887794c6cb410230016d2d4aa63b09139d0c130484af891fca7557bb682,cached_perception_v2,0,0,0,,,0,0.0,0,9.923002682626247,0.619783066213131,2.55630724132061,0.3914454006836639,0.3917005705266781,0.3914454006836639,0.39144486668928646,0.3914454006836639,0.34670762494402324
sugar_box1_clean,81,0.3837442716882323,0.3846260504273114,0.229987178556722,0.2371382406971538,0.011195327349033713,0.011543427108584747,0.0,0.0,0.000881778739079131,0.007151062140431819,MODE_1_ACCEPT,simple,four_mode_relocalization_v2,0.0,0,0,0,False,0,0,0.3837442716882323,0,0,precomputed,0,0.0,1.924225129187107,0,82,cache_read_only_not_online_fps,157ff887794c6cb410230016d2d4aa63b09139d0c130484af891fca7557bb682,cached_perception_v2,0,0,0,,,0,0.0,0,9.992080740630627,0.6067538633942604,2.5309789925813675,0.3837442716882323,0.3870046304619169,0.3837442716882323,0.38374414141999724,0.3837442716882323,0.37523167611321934
sugar_box1_clean,82,0.4020428293169996,0.40405529011226377,0.23558549061403578,0.23557529494470447,0.011467842262591003,0.011467345957290757,0.0,0.0,0.0020124607952641815,-1.0195669331303225e-05,MODE_1_ACCEPT,simple,four_mode_relocalization_v2,0.0,0,0,0,False,0,0,0.4020428293169996,0,0,precomputed,0,0.0,2.215352840721607,0,83,cache_read_only_not_online_fps,157ff887794c6cb410230016d2d4aa63b09139d0c130484af891fca7557bb682,cached_perception_v2,0,0,0,,,0,0.0,0,10.219000279903412,0.6138794124126434,2.8292322531342506,0.4020428293169996,0.40556883828747664,0.4020428293169996,0.40204300469142157,0.4020428293169996,0.3928151869116685
sugar_box1_clean,83,0.3632395607713244,0.37066711762927457,0.23930560065418466,0.23911514896928313,0.011648929964676195,0.011639659148059252,0.0,0.0,0.007427556857950157,-0.00019045168490153253,MODE_1_ACCEPT,simple,four_mode_relocalization_v2,0.0,0,0,0,False,0,0,0.3632395607713244,0,0,precomputed,0,0.0,1.964222639799118,0,84,cache_read_only_not_online_fps,157ff887794c6cb410230016d2d4aa63b09139d0c130484af891fca7557bb682,cached_perception_v2,0,0,0,,,0,0.0,0,9.912858717143536,0.6364472210407257,2.6006698608398438,0.3632395607713244,0.3693537915666044,0.3632395607713244,0.363241454176919,0.3632395607713244,0.3632395607713244
sugar_box1_clean,84,0.3731718081908077,0.35226714640308654,0.23152756874488015,0.23054166339115192,0.011270310539444117,0.011222318589460566,0.0,0.0,-0.020904661787721157,-0.0009859053537282225,MODE_1_ACCEPT,simple,four_mode_relocalization_v2,0.0,0,0,0,False,0,0,0.35226714640308654,0,0,precomputed,0,0.0,2.291673794388771,0,85,cache_read_only_not_online_fps,157ff887794c6cb410230016d2d4aa63b09139d0c130484af891fca7557bb682,cached_perception_v2,0,0,0,,,0,0.0,0,9.943095967173576,0.6141597405076027,2.9058335348963737,0.3731718081908077,0.3664369283696824,0.3731718081908077,0.37317284542122175,0.3731718081908077,0.3731718081908077
sugar_box1_clean,85,0.3894866033681904,0.3873155368636929,0.22703526185074993,0.22824981568716413,0.011051633800385357,0.011110755912613575,0.0,0.0,-0.0021710665044974986,0.001214553836414195,MODE_1_ACCEPT,simple,four_mode_relocalization_v2,0.0,0,0,0,False,0,0,0.3873155368636929,0,0,precomputed,0,0.0,1.8931329250335693,0,86,cache_read_only_not_online_fps,157ff887794c6cb410230016d2d4aa63b09139d0c130484af891fca7557bb682,cached_perception_v2,0,0,0,,,0,0.0,0,10.284394025802612,0.6257416680455208,2.51887459307909,0.3894866033681904,0.3781715777979235,0.3894866033681904,0.38948635235906776,0.3894866033681904,0.3873155368636929
sugar_box1_clean,86,0.38424262657264935,0.4114254144526052,0.21238523162888648,0.2075778558368359,0.010338498898534523,0.010104485219947858,0.0,0.0,0.027182787879955872,-0.004807375792050567,MODE_1_ACCEPT,simple,four_mode_relocalization_v2,0.0,0,0,0,False,0,0,0.38424262657264935,0,0,precomputed,0,0.0,1.9188523292541504,0,87,cache_read_only_not_online_fps,157ff887794c6cb410230016d2d4aa63b09139d0c130484af891fca7557bb682,cached_perception_v2,0,0,0,,,0,0.0,0,9.770018979907036,0.6329258903861046,2.551778219640255,0.38424262657264935,0.3883509878897077,0.38424262657264935,0.38424283052247116,0.38424262657264935,0.38424262657264935
sugar_box1_clean,87,0.3704519094665286,0.3655131292438235,0.22539375061795763,0.2212594765148319,0.010971728234720559,0.010770479833720197,0.0,0.0,-0.004938780222705108,-0.0041342741031257235,MODE_1_ACCEPT,simple,four_mode_relocalization_v2,0.0,0,0,0,False,0,0,0.3655131292438235,0,0,precomputed,0,0.0,1.8658069893717766,0,88,cache_read_only_not_online_fps,157ff887794c6cb410230016d2d4aa63b09139d0c130484af891fca7557bb682,cached_perception_v2,0,0,0,,,0,0.0,0,10.173261165618896,0.6013093516230583,2.467116340994835,0.3704519094665286,0.3775864471874999,0.3704519094665286,0.37045223849550907,0.3704519094665286,0.3704519094665286
sugar_box1_clean,88,0.35716344434647324,0.36706428383665296,0.22930315426215095,0.23168230990357677,0.011162030380304971,0.011277843037285296,0.0,0.0,0.009900839490179725,0.002379155641425823,MODE_1_ACCEPT,simple,four_mode_relocalization_v2,0.0,0,0,0,False,0,0,0.35716344434647324,0,0,precomputed,0,0.0,2.67645251005888,0,89,cache_read_only_not_online_fps,157ff887794c6cb410230016d2d4aa63b09139d0c130484af891fca7557bb682,cached_perception_v2,0,0,0,,,0,0.0,0,10.400394909083843,1.3731205835938454,4.049573093652725,0.35716344434647324,0.3672820101809321,0.35716344434647324,0.35716310926494843,0.35716344434647324,0.35716344434647324
sugar_box1_clean,89,0.3958428213073696,0.34575335291582937,0.2213170862062204,0.24915863244703074,0.010773284161151048,0.012128556337735697,0.0,0.0,-0.050089468391540215,0.02784154624081034,MODE_1_ACCEPT,simple,four_mode_relocalization_v2,0.0,0,0,0,False,0,0,0.34575335291582937,0,0,precomputed,0,0.0,3.222927451133728,0,90,cache_read_only_not_online_fps,157ff887794c6cb410230016d2d4aa63b09139d0c130484af891fca7557bb682,cached_perception_v2,0,0,0,,,0,0.0,0,15.099406242370605,0.6239432841539383,3.8468707352876663,0.3958428213073696,0.37726141498549304,0.3958428213073696,0.39584237285491974,0.3958428213073696,0.34575335291582937
sugar_box1_clean,90,0.42846648267951765,0.4330827209884503,0.22779513043930408,0.21253526616979646,0.011088622721439553,0.010345802287400327,0.0,0.0,0.004616238308932652,-0.015259864269507623,MODE_1_ACCEPT,simple,four_mode_relocalization_v2,0.0,0,0,0,False,0,0,0.42846648267951765,0,0,precomputed,0,0.0,1.937907189130783,0,91,cache_read_only_not_online_fps,157ff887794c6cb410230016d2d4aa63b09139d0c130484af891fca7557bb682,cached_perception_v2,0,0,0,,,0,0.0,0,10.455038398504257,0.6056558340787888,2.543563023209572,0.42846648267951765,0.40704492984262614,0.42846648267951765,0.4284663060379766,0.42846648267951765,0.33877736781343637
sugar_box1_clean,91,0.39132134847783073,0.44241308737369434,0.22827778039814683,0.23896458772583104,0.011112117180209609,0.01163233012034083,0.0,0.0,0.0510917388958636,0.010686807327684206,MODE_1_ACCEPT,simple,four_mode_relocalization_v2,0.0,0,0,0,False,0,0,0.39132134847783073,0,0,precomputed,0,0.0,2.0270636305212975,0,92,cache_read_only_not_online_fps,157ff887794c6cb410230016d2d4aa63b09139d0c130484af891fca7557bb682,cached_perception_v2,0,0,0,,,0,0.0,0,10.223256424069405,0.6026774644851685,2.629741095006466,0.39132134847783073,0.40379265050007557,0.39132134847783073,0.3913211824759025,0.39132134847783073,0.31552093984398616
sugar_box1_clean,92,0.4313219463825423,0.3891155864762792,0.2457376572081797,0.24299658136244878,0.01196202993442826,0.011828599707690996,0.0,0.0,-0.04220635990626309,-0.0027410758457309115,MODE_1_ACCEPT,simple,four_mode_relocalization_v2,0.0,0,0,0,False,0,0,0.3891155864762792,0,0,precomputed,0,0.0,2.0196540281176567,0,93,cache_read_only_not_online_fps,157ff887794c6cb410230016d2d4aa63b09139d0c130484af891fca7557bb682,cached_perception_v2,0,0,0,,,0,0.0,0,9.921250864863396,0.6307559087872505,2.6504099369049072,0.4313219463825423,0.43267373301295964,0.4313219463825423,0.4313224266327249,0.4313219463825423,0.3322022320668104
sugar_box1_clean,93,0.3675842185510269,0.43662748778860605,0.2180943329928469,0.23508049300708617,0.010616406819486682,0.011443259963891752,0.0,0.0,0.06904326923757914,0.016986160014239277,MODE_1_ACCEPT,simple,four_mode_relocalization_v2,0.0,0,0,0,False,0,0,0.3675842185510269,0,0,precomputed,0,0.0,2.148391678929329,0,94,cache_read_only_not_online_fps,157ff887794c6cb410230016d2d4aa63b09139d0c130484af891fca7557bb682,cached_perception_v2,0,0,0,,,0,0.0,0,10.284516960382462,0.612206757068634,2.760598435997963,0.3675842185510269,0.39726481093863364,0.3675842185510269,0.3675842940102373,0.3675842185510269,0.3187563721897928
sugar_box1_clean,94,0.3853126128207788,0.33236041214581497,0.22011255658334536,0.233100623904642,0.010714650008089476,0.011346883796971501,0.0,0.0,-0.05295220067496381,0.012988067321296648,MODE_1_ACCEPT,simple,four_mode_relocalization_v2,0.0,0,0,0,False,0,0,0.33236041214581497,0,0,precomputed,0,0.0,2.1459581330418587,0,95,cache_read_only_not_online_fps,157ff887794c6cb410230016d2d4aa63b09139d0c130484af891fca7557bb682,cached_perception_v2,0,0,0,,,0,0.0,0,10.200866498053074,0.6101680919528008,2.7561262249946594,0.3853126128207788,0.388228440109083,0.3853126128207788,0.38531361173846235,0.3853126128207788,0.33006392901484866
sugar_box1_clean,95,0.3696729061352162,0.3988559863217196,0.214820530376035,0.20641422899585316,0.01045704449241551,0.010047842134543378,0.0,0.0,0.029183080186503396,-0.008406301380181835,MODE_1_ACCEPT,simple,four_mode_relocalization_v2,0.0,0,0,0,False,0,0,0.3696729061352162,0,0,precomputed,0,0.0,1.8608961254358292,0,96,cache_read_only_not_online_fps,157ff887794c6cb410230016d2d4aa63b09139d0c130484af891fca7557bb682,cached_perception_v2,0,0,0,,,0,0.0,0,9.729130193591118,0.5988003686070442,2.4596964940428734,0.3696729061352162,0.3700880032080572,0.3696729061352162,0.36967393903602186,0.3696729061352162,0.34025747602108153
sugar_box1_clean,96,0.40535255933789327,0.35938561956418724,0.23632845959273785,0.2462866427230135,0.011504008543593906,0.011988753478701519,0.0,0.0,-0.04596693977370603,0.00995818313027566,MODE_1_ACCEPT,simple,four_mode_relocalization_v2,0.0,0,0,0,False,0,0,0.35938561956418724,0,0,precomputed,0,0.0,1.5841061249375343,0,97,cache_read_only_not_online_fps,157ff887794c6cb410230016d2d4aa63b09139d0c130484af891fca7557bb682,cached_perception_v2,0,0,0,,,0,0.0,0,10.006820783019066,0.6059436127543449,2.1900497376918793,0.40535255933789327,0.37831216135804896,0.40535255933789327,0.40535238255525924,0.40535255933789327,0.3499253788475199
sugar_box1_clean,97,0.4162544348517714,0.4308997434867925,0.2276633707965582,0.2420398823216477,0.011082208918978091,0.011782029464064857,0.0,0.0,0.014645308635021115,0.01437651152508948,MODE_1_ACCEPT,simple,four_mode_relocalization_v2,0.0,0,0,0,False,0,0,0.4162544348517714,0,0,precomputed,0,0.0,1.891518011689186,0,98,cache_read_only_not_online_fps,157ff887794c6cb410230016d2d4aa63b09139d0c130484af891fca7557bb682,cached_perception_v2,0,0,0,,,0,0.0,0,10.867105796933174,0.6228182464838028,2.514336258172989,0.4162544348517714,0.39644633684990027,0.4162544348517714,0.4162545225117602,0.4162544348517714,0.3587124325212938
sugar_box1_clean,98,0.37909282029813357,0.4312434584382808,0.24530727976050734,0.24561738438632819,0.011941079999564194,0.01195617528800723,0.0,0.0,0.052150638140147254,0.0003101046258208451,MODE_1_ACCEPT,simple,four_mode_relocalization_v2,0.0,0,0,0,False,0,0,0.37909282029813357,0,0,precomputed,0,0.0,1.9329646602272987,0,99,cache_read_only_not_online_fps,157ff887794c6cb410230016d2d4aa63b09139d0c130484af891fca7557bb682,cached_perception_v2,0,0,0,,,0,0.0,0,9.74535197019577,0.6019212305545807,2.5348858907818794,0.37909282029813357,0.39829897815134063,0.37909282029813357,0.3790935981143828,0.37909282029813357,0.3608394425157996
sugar_box1_clean,99,0.35740138641962005,0.361833160430843,0.22613000476603257,0.238108630192996,0.011007567650863272,0.011590663776864227,0.0,0.0,0.0044317740112229664,0.01197862542696343,MODE_1_ACCEPT,simple,four_mode_relocalization_v2,0.0,0,0,0,False,0,0,0.35740138641962005,0,0,precomputed,0,0.0,1.9082752987742424,0,100,cache_read_only_not_online_fps,157ff887794c6cb410230016d2d4aa63b09139d0c130484af891fca7557bb682,cached_perception_v2,0,0,0,,,0,0.0,0,9.764937683939934,0.5866140127182007,2.494889311492443,0.35740138641962005,0.3865262316131304,0.35740138641962005,0.3574017884570262,0.35740138641962005,0.35740138641962005
sugar_box1_clean,100,0.3808737584506448,0.3241276112558269,0.23497525031378713,0.22891664358696215,0.01143813695481807,0.011143215794379838,0.0,0.0,-0.05674614719481791,-0.006058606726824983,MODE_1_ACCEPT,simple,four_mode_relocalization_v2,0.0,0,0,0,False,0,0,0.3241276112558269,0,0,precomputed,0,0.0,2.1525807678699493,0,101,cache_read_only_not_online_fps,157ff887794c6cb410230016d2d4aa63b09139d0c130484af891fca7557bb682,cached_perception_v2,0,0,0,,,0,0.0,0,9.83993336558342,0.5918145179748535,2.744395285844803,0.3808737584506448,0.3691519033077661,0.3808737584506448,0.38087391734854276,0.3808737584506448,0.3808737584506448
sugar_box1_clean,101,0.39749768242056505,0.4217886947100108,0.23436232830497386,0.2289568215042313,0.011408301106701869,0.01114517157704065,0.0,0.0,0.024291012289445746,-0.00540550680074256,MODE_1_ACCEPT,simple,four_mode_relocalization_v2,0.0,0,0,0,False,0,0,0.39749768242056505,0,0,precomputed,0,0.0,2.15949397534132,0,102,cache_read_only_not_online_fps,157ff887794c6cb410230016d2d4aa63b09139d0c130484af891fca7557bb682,cached_perception_v2,0,0,0,,,0,0.0,0,9.961159899830818,0.6162039935588837,2.7756979689002037,0.39749768242056505,0.38212105449989675,0.39749768242056505,0.3974989994828226,0.39749768242056505,0.39749768242056505
sugar_box1_clean,102,0.3929547665763443,0.40174934623945036,0.2347616684237717,0.2377388472252927,0.011427740204922907,0.011572663463118412,0.0,0.0,0.008794579663106039,0.0029771788015210132,MODE_1_ACCEPT,simple,four_mode_relocalization_v2,0.0,0,0,0,False,0,0,0.3929547665763443,0,0,precomputed,0,0.0,2.2234050557017326,0,103,cache_read_only_not_online_fps,157ff887794c6cb410230016d2d4aa63b09139d0c130484af891fca7557bb682,cached_perception_v2,0,0,0,,,0,0.0,0,9.888882748782635,0.5923286080360413,2.815733663737774,0.3929547665763443,0.38737158547377953,0.3929547665763443,0.3929547569247155,0.3929547665763443,0.3929547665763443
sugar_box1_clean,103,0.3763870324587279,0.3863902997220774,0.2268762532258726,0.22764356414009276,0.01104389357061258,0.011081244769566755,0.0,0.0,0.010003267263349491,0.0007673109142201651,MODE_1_ACCEPT,simple,four_mode_relocalization_v2,0.0,0,0,0,False,0,0,0.3763870324587279,0,0,precomputed,0,0.0,1.8817158415913582,0,104,cache_read_only_not_online_fps,157ff887794c6cb410230016d2d4aa63b09139d0c130484af891fca7557bb682,cached_perception_v2,0,0,0,,,0,0.0,0,9.79582592844963,0.6217928603291512,2.5035087019205093,0.3763870324587279,0.3835234544493707,0.3763870324587279,0.376386734219096,0.3763870324587279,0.3763870324587279
sugar_box1_clean,104,0.36349776779250476,0.369898457165865,0.225185495834046,0.22572569618935323,0.010961590797962023,0.010987886697801662,0.0,0.0,0.006400689373360247,0.0005402003553072188,MODE_1_ACCEPT,simple,four_mode_relocalization_v2,0.0,0,0,0,False,0,0,0.36349776779250476,0,0,precomputed,0,0.0,1.9199242815375328,0,105,cache_read_only_not_online_fps,157ff887794c6cb410230016d2d4aa63b09139d0c130484af891fca7557bb682,cached_perception_v2,0,0,0,,,0,0.0,0,9.99007560312748,0.6334586068987846,2.5533828884363174,0.36349776779250476,0.3761468982195969,0.36349776779250476,0.36349760883680204,0.36349776779250476,0.36349776779250476
sugar_box1_clean,105,0.39700505366406563,0.35321906018798427,0.23425597439523105,0.25173665424341085,0.011403124005778711,0.01225404941132589,0.0,0.0,-0.043785993476081364,0.017480679848179803,MODE_1_ACCEPT,simple,four_mode_relocalization_v2,0.0,0,0,0,False,0,0,0.35321906018798427,0,0,precomputed,0,0.0,2.1187663078308105,0,106,cache_read_only_not_online_fps,157ff887794c6cb410230016d2d4aa63b09139d0c130484af891fca7557bb682,cached_perception_v2,0,0,0,,,0,0.0,0,9.93752758949995,0.6174445152282715,2.736210823059082,0.39700505366406563,0.38427767127065254,0.39700505366406563,0.39700691850337544,0.39700505366406563,0.35321906018798427
sugar_box1_clean,106,0.3693882763591718,0.4286451040170722,0.23001658722731574,0.24005200483047864,0.011196758905767715,0.011685263464398818,0.0,0.0,0.05925682765790036,0.0100354176031629,MODE_1_ACCEPT,simple,four_mode_relocalization_v2,0.0,0,0,0,False,0,0,0.3693882763591718,0,0,precomputed,0,0.0,1.9248612225055695,0,107,cache_read_only_not_online_fps,157ff887794c6cb410230016d2d4aa63b09139d0c130484af891fca7557bb682,cached_perception_v2,0,0,0,,,0,0.0,0,9.785713627934456,0.6048539653420448,2.5297151878476143,0.3693882763591718,0.37927547035644066,0.3693882763591718,0.3693879791350216,0.3693882763591718,0.33994955421478085
sugar_box1_clean,107,0.372889301723737,0.3403620581912043,0.23248550566859685,0.24632337202805266,0.011316941040796565,0.01199054138964419,0.0,0.0,-0.032527243532532724,0.013837866359455803,MODE_1_ACCEPT,simple,four_mode_relocalization_v2,0.0,0,0,0,False,0,0,0.3403620581912043,0,0,precomputed,0,0.0,1.9958950579166412,0,108,cache_read_only_not_online_fps,157ff887794c6cb410230016d2d4aa63b09139d0c130484af891fca7557bb682,cached_perception_v2,0,0,0,,,0,0.0,0,9.786608628928661,0.5964683368802071,2.5923633947968483,0.372889301723737,0.3724563107738636,0.372889301723737,0.3728890532670418,0.372889301723737,0.32705285604232404
sugar_box1_clean,108,0.38354582050475244,0.37872205264697645,0.23133600226311637,0.23711484308874584,0.01126098545668991,0.011542288158635644,0.0,0.0,-0.004823767857775996,0.005778840825629461,MODE_1_ACCEPT,simple,four_mode_relocalization_v2,0.0,0,0,0,False,0,0,0.37872205264697645,0,0,precomputed,0,0.0,1.871652901172638,0,109,cache_read_only_not_online_fps,157ff887794c6cb410230016d2d4aa63b09139d0c130484af891fca7557bb682,cached_perception_v2,0,0,0,,,0,0.0,0,9.676774963736534,0.5992855876684189,2.470938488841057,0.38354582050475244,0.37492368557084205,0.38354582050475244,0.38354633020124046,0.38354582050475244,0.31820394638857163
sugar_box1_clean,109,0.40345207301864955,0.3969021632279175,0.21996700056558263,0.21748306359660033,0.01070756462499681,0.010586651417327432,0.0,0.0,-0.006549909790732056,-0.002483936968982303,MODE_1_ACCEPT,simple,four_mode_relocalization_v2,0.0,0,0,0,False,0,0,0.3969021632279175,0,0,precomputed,0,0.0,2.247246913611889,0,110,cache_read_only_not_online_fps,157ff887794c6cb410230016d2d4aa63b09139d0c130484af891fca7557bb682,cached_perception_v2,0,0,0,,,0,0.0,0,10.073286481201649,0.596165657043457,2.843412570655346,0.40345207301864955,0.3923494732761803,0.40345207301864955,0.40345175196674243,0.40345207301864955,0.32496384605584716
sugar_box1_clean,110,0.40176280165259337,0.4275609013148849,0.22243213732773875,0.22687465227521442,0.010827562675260593,0.01104381563945659,0.0,0.0,0.025798099662291518,0.004442514947475662,MODE_1_ACCEPT,simple,four_mode_relocalization_v2,0.0,0,0,0,False,0,0,0.40176280165259337,0,0,precomputed,0,0.0,1.952379010617733,0,111,cache_read_only_not_online_fps,157ff887794c6cb410230016d2d4aa63b09139d0c130484af891fca7557bb682,cached_perception_v2,0,0,0,,,0,0.0,0,10.409193113446236,1.2338943779468536,3.1862733885645866,0.40176280165259337,0.40703388859613454,0.40176280165259337,0.40176374108247476,0.40176280165259337,0.32598998501266185
sugar_box1_clean,111,0.36504359333172365,0.38792984819374304,0.2282261564183879,0.23748184896780863,0.011109604225548013,0.011560153289122101,0.0,0.0,0.022886254862019395,0.009255692549420741,MODE_1_ACCEPT,simple,four_mode_relocalization_v2,0.0,0,0,0,False,0,0,0.36504359333172365,0,0,precomputed,0,0.0,2.5037135928869247,0,112,cache_read_only_not_online_fps,157ff887794c6cb410230016d2d4aa63b09139d0c130484af891fca7557bb682,cached_perception_v2,0,0,0,,,0,0.0,0,13.330567628145218,0.5798777565360069,3.0835913494229317,0.36504359333172365,0.3857889087826619,0.36504359333172365,0.365043390105583,0.36504359333172365,0.3356665962659316
sugar_box1_clean,112,0.35815313817391176,0.3593079021842848,0.2260310393558054,0.26090549175788097,0.01100275020768806,0.012700370541176514,0.0,0.0,0.001154764010373066,0.03487445240207557,MODE_1_ACCEPT,simple,four_mode_relocalization_v2,0.0,0,0,0,False,0,0,0.35815313817391176,0,0,precomputed,0,0.0,1.8094833940267563,0,113,cache_read_only_not_online_fps,157ff887794c6cb410230016d2d4aa63b09139d0c130484af891fca7557bb682,cached_perception_v2,0,0,0,,,0,0.0,0,9.953947737812996,0.5973838269710541,2.4068672209978104,0.35815313817391176,0.3630077185076683,0.35815313817391176,0.35815319310654753,0.35815313817391176,0.3500100403700187
sugar_box1_clean,113,0.37129392752387896,0.3718028667627294,0.20998307473840747,0.22364616479239594,0.010221566585605534,0.010886659164738167,0.0,0.0,0.0005089392388504255,0.01366309005398847,MODE_1_ACCEPT,simple,four_mode_relocalization_v2,0.0,0,0,0,False,0,0,0.37129392752387896,0,0,precomputed,0,0.0,2.1139420568943024,0,114,cache_read_only_not_online_fps,157ff887794c6cb410230016d2d4aa63b09139d0c130484af891fca7557bb682,cached_perception_v2,0,0,0,,,0,0.0,0,9.846508502960205,0.597020611166954,2.7109626680612564,0.37129392752387896,0.3629310231707647,0.37129392752387896,0.37129351334225036,0.37129392752387896,0.35545677692023836
sugar_box1_clean,114,0.4230754191654931,0.38702894678735533,0.235373264893364,0.22756027368716206,0.011457511528374795,0.01107719035274465,0.0,0.0,-0.036046472378137795,-0.007812991206201936,MODE_1_ACCEPT,simple,four_mode_relocalization_v2,0.0,0,0,0,False,0,0,0.38702894678735533,0,0,precomputed,0,0.0,1.9658897072076797,0,115,cache_read_only_not_online_fps,157ff887794c6cb410230016d2d4aa63b09139d0c130484af891fca7557bb682,cached_perception_v2,0,0,0,,,0,0.0,0,9.79503057897091,0.5895346403121948,2.5554243475198746,0.4230754191654931,0.38780450894243584,0.4230754191654931,0.42307584766205447,0.4230754191654931,0.36909283103755974
sugar_box1_clean,115,0.39601599033655865,0.48721310128210266,0.23238938195701572,0.23991287841119968,0.01131226192596978,0.011678491061621839,0.0,0.0,0.091197110945544,0.007523496454183959,MODE_1_ACCEPT,simple,four_mode_relocalization_v2,0.0,0,0,0,False,0,0,0.39601599033655865,0,0,precomputed,0,0.0,2.1612998098134995,0,116,cache_read_only_not_online_fps,157ff887794c6cb410230016d2d4aa63b09139d0c130484af891fca7557bb682,cached_perception_v2,0,0,0,,,0,0.0,0,10.039621964097023,0.5935085937380791,2.7548084035515785,0.39601599033655865,0.41112126052270953,0.39601599033655865,0.39601591611904885,0.39601599033655865,0.3868960144328725
sugar_box1_clean,116,0.3758457986977012,0.3513729886361746,0.22754160372068707,0.23284135067171122,0.011076281535185365,0.011334262881606924,0.0,0.0,-0.024472810061526573,0.005299746951024142,MODE_1_ACCEPT,simple,four_mode_relocalization_v2,0.0,0,0,0,False,0,0,0.3513729886361746,0,0,precomputed,0,0.0,2.248968929052353,0,117,cache_read_only_not_online_fps,157ff887794c6cb410230016d2d4aa63b09139d0c130484af891fca7557bb682,cached_perception_v2,0,0,0,,,0,0.0,0,10.402265004813671,0.6011677905917168,2.8501367196440697,0.3758457986977012,0.3963416037509505,0.3758457986977012,0.37584582575399994,0.3758457986977012,0.3758457986977012
sugar_box1_clean,117,0.3825879629374221,0.36106637921896184,0.22487765927193498,0.22068571163899459,0.010946605914437378,0.01074255007847607,0.0,0.0,-0.021521583718460247,-0.004191947632940396,MODE_1_ACCEPT,simple,four_mode_relocalization_v2,0.0,0,0,0,False,0,0,0.36106637921896184,0,0,precomputed,0,0.0,2.1028583869338036,0,118,cache_read_only_not_online_fps,157ff887794c6cb410230016d2d4aa63b09139d0c130484af891fca7557bb682,cached_perception_v2,0,0,0,,,0,0.0,0,9.750466793775558,0.6016343832015991,2.7044927701354027,0.3825879629374221,0.383278176489941,0.3825879629374221,0.3825879239116333,0.3825879629374221,0.3825879629374221
sugar_box1_clean,118,0.358258972926948,0.38216092946838137,0.219167871917247,0.22959439204371174,0.010668664600794367,0.01117620726756208,0.0,0.0,0.023901956541433345,0.01042652012646475,MODE_1_ACCEPT,simple,four_mode_relocalization_v2,0.0,0,0,0,False,0,0,0.358258972926948,0,0,precomputed,0,0.0,1.9925115630030632,0,119,cache_read_only_not_online_fps,157ff887794c6cb410230016d2d4aa63b09139d0c130484af891fca7557bb682,cached_perception_v2,0,0,0,,,0,0.0,0,10.216504335403442,0.6430894136428833,2.6356009766459465,0.358258972926948,0.35677438350822,0.358258972926948,0.35825979346098735,0.358258972926948,0.358258972926948
sugar_box1_clean,119,0.3985624879434828,0.3740226753620045,0.2372687369918145,0.24265636360786286,0.011549779413725106,0.011812038570863957,0.0,0.0,-0.024539812581478304,0.005387626616048358,MODE_1_ACCEPT,simple,four_mode_relocalization_v2,0.0,0,0,0,False,0,0,0.3740226753620045,0,0,precomputed,0,0.0,2.2824443876743317,0,120,cache_read_only_not_online_fps,157ff887794c6cb410230016d2d4aa63b09139d0c130484af891fca7557bb682,cached_perception_v2,0,0,0,,,0,0.0,0,10.230096988379955,0.6113825365900993,2.893826924264431,0.3985624879434828,0.38342140246883977,0.3985624879434828,0.39856278993363237,0.3985624879434828,0.3740226753620045
sugar_box1_clean,120,0.38564465428465566,0.41097953404392906,0.23517843076728118,0.24898750616754065,0.011448027383067442,0.01212022624416728,0.0,0.0,0.0253348797592734,0.013809075400259468,MODE_1_ACCEPT,simple,four_mode_relocalization_v2,0.0,0,0,0,False,0,0,0.38564465428465566,0,0,precomputed,0,0.0,1.9605010747909546,0,121,cache_read_only_not_online_fps,157ff887794c6cb410230016d2d4aa63b09139d0c130484af891fca7557bb682,cached_perception_v2,0,0,0,,,0,0.0,0,10.283336974680424,0.6090141832828522,2.5695152580738068,0.38564465428465566,0.382462868834973,0.38564465428465566,0.3856447083146207,0.38564465428465566,0.36771792252708235
sugar_box1_clean,121,0.3389208080422069,0.3830434177198663,0.2288257098477676,0.23926768660848063,0.011138789317287751,0.011647084382868347,0.0,0.0,0.04412260967765935,0.01044197676071304,MODE_1_ACCEPT,simple,four_mode_relocalization_v2,0.0,0,0,0,False,0,0,0.3389208080422069,0,0,precomputed,0,0.0,1.9167233258485794,0,122,cache_read_only_not_online_fps,157ff887794c6cb410230016d2d4aa63b09139d0c130484af891fca7557bb682,cached_perception_v2,0,0,0,,,0,0.0,0,9.911208413541317,0.6165532395243645,2.533276565372944,0.3389208080422069,0.3638384313149821,0.3389208080422069,0.33892055922850145,0.3389208080422069,0.3389208080422069
sugar_box1_clean,122,0.37712585685367744,0.28864767369712263,0.234215084824241,0.23997382976917547,0.011401133581202576,0.011681458054865503,0.0,0.0,-0.08847818315655481,0.005758744944934474,MODE_1_ACCEPT,simple,four_mode_relocalization_v2,0.0,0,0,0,False,0,0,0.28864767369712263,0,0,precomputed,0,0.0,3.8059158250689507,0,123,cache_read_only_not_online_fps,157ff887794c6cb410230016d2d4aa63b09139d0c130484af891fca7557bb682,cached_perception_v2,0,0,0,,,0,0.0,0,20.052366890013218,0.6424076855182648,4.448323510587215,0.37712585685367744,0.35830982118592525,0.37712585685367744,0.37712617246871627,0.37712585685367744,0.3493283730496723
sugar_box1_clean,123,0.3746938616475577,0.4228317407565775,0.2220663150641405,0.2377758564632085,0.010809755160866755,0.011574465000647616,0.0,0.0,0.04813787910901979,0.015709541399067994,MODE_1_ACCEPT,simple,four_mode_relocalization_v2,0.0,0,0,0,False,0,0,0.3746938616475577,0,0,precomputed,0,0.0,2.0078420639038086,0,124,cache_read_only_not_online_fps,157ff887794c6cb410230016d2d4aa63b09139d0c130484af891fca7557bb682,cached_perception_v2,0,0,0,,,0,0.0,0,9.990776889026165,1.3656895607709885,3.373531624674797,0.3746938616475577,0.36781775200404626,0.3746938616475577,0.3746952806196961,0.3746938616475577,0.3746938616475577
sugar_box1_clean,124,0.35870609457136676,0.36984038639029254,0.22850879891550688,0.23108939635317388,0.011123362711120351,0.011248981161905574,0.0,0.0,0.011134291818925779,0.0025805974376670038,MODE_1_ACCEPT,simple,four_mode_relocalization_v2,0.0,0,0,0,False,0,0,0.35870609457136676,0,0,precomputed,0,0.0,3.3411122858524323,0,125,cache_read_only_not_online_fps,157ff887794c6cb410230016d2d4aa63b09139d0c130484af891fca7557bb682,cached_perception_v2,0,0,0,,,0,0.0,0,15.747499652206898,0.6172023713588715,3.9583146572113037,0.35870609457136676,0.36635094037459104,0.35870609457136676,0.3587059062613393,0.35870609457136676,0.35870609457136676
sugar_box1_clean,125,0.3980063573732831,0.3664050293769351,0.23643389351506727,0.24466939267946386,0.011509140861323867,0.011910028900416769,0.0,0.0,-0.031601327996348016,0.008235499164396587,MODE_1_ACCEPT,simple,four_mode_relocalization_v2,0.0,0,0,0,False,0,0,0.3664050293769351,0,0,precomputed,0,0.0,2.1629249677062035,0,126,cache_read_only_not_online_fps,157ff887794c6cb410230016d2d4aa63b09139d0c130484af891fca7557bb682,cached_perception_v2,0,0,0,,,0,0.0,0,10.229723528027534,0.6117718294262886,2.774696797132492,0.3980063573732831,0.39273337183353113,0.3980063573732831,0.3980063685628625,0.3980063573732831,0.3664050293769351
sugar_box1_clean,126,0.3824747117287948,0.4053913140676777,0.23804921848127425,0.24415403004646227,0.011587771730597711,0.011884942052462374,0.0,0.0,0.022916602338882874,0.006104811565188023,MODE_1_ACCEPT,simple,four_mode_relocalization_v2,0.0,0,0,0,False,0,0,0.3824747117287948,0,0,precomputed,0,0.0,1.9177459180355072,0,127,cache_read_only_not_online_fps,157ff887794c6cb410230016d2d4aa63b09139d0c130484af891fca7557bb682,cached_perception_v2,0,0,0,,,0,0.0,0,9.834030643105507,0.598597340285778,2.5163432583212852,0.3824747117287948,0.3836187770000444,0.3824747117287948,0.3824750302455833,0.3824747117287948,0.34607700938206964
sugar_box1_clean,127,0.38262344860125036,0.3832327633786418,0.22771581810622213,0.23716344678147191,0.011084761951733867,0.011544654091614408,0.0,0.0,0.0006093147773914565,0.009447628675249786,MODE_1_ACCEPT,simple,four_mode_relocalization_v2,0.0,0,0,0,False,0,0,0.38262344860125036,0,0,precomputed,0,0.0,1.9572163000702858,0,128,cache_read_only_not_online_fps,157ff887794c6cb410230016d2d4aa63b09139d0c130484af891fca7557bb682,cached_perception_v2,0,0,0,,,0,0.0,0,10.37528458982706,1.39653030782938,3.353746607899666,0.38262344860125036,0.3850226033405547,0.38262344860125036,0.3826230887192337,0.38262344860125036,0.3464610263982212
sugar_box1_clean,128,0.3995763217464888,0.39308674794621845,0.22491602407380118,0.22864017672196563,0.010948473438176173,0.011129757926535984,0.0,0.0,-0.006489573800270376,0.003724152648164447,MODE_1_ACCEPT,simple,four_mode_relocalization_v2,0.0,0,0,0,False,0,0,0.39308674794621845,0,0,precomputed,0,0.0,2.9264939948916435,0,129,cache_read_only_not_online_fps,157ff887794c6cb410230016d2d4aa63b09139d0c130484af891fca7557bb682,cached_perception_v2,0,0,0,,,0,0.0,0,14.784010127186775,0.6212610751390457,3.5477550700306892,0.3995763217464888,0.39197889477877124,0.3995763217464888,0.399577422823285,0.3995763217464888,0.35058788000984337
sugar_box1_clean,129,0.37803881437443604,0.41328151868434493,0.23319461949380493,0.24245511113974294,0.011351459318949066,0.01180224199318279,0.0,0.0,0.03524270430990889,0.009260491645938007,MODE_1_ACCEPT,simple,four_mode_relocalization_v2,0.0,0,0,0,False,0,0,0.37803881437443604,0,0,precomputed,0,0.0,1.9691642373800278,0,130,cache_read_only_not_online_fps,157ff887794c6cb410230016d2d4aa63b09139d0c130484af891fca7557bb682,cached_perception_v2,0,0,0,,,0,0.0,0,9.965335950255394,0.6052721291780472,2.574436366558075,0.37803881437443604,0.3853721539117922,0.37803881437443604,0.378039138691063,0.37803881437443604,0.35538101357762764
sugar_box1_clean,130,0.390029684621376,0.3791959936872755,0.2187504540192478,0.22997408310124393,0.010648345511535685,0.01119468988779878,0.0,0.0,-0.01083369093410047,0.011223629081996117,MODE_1_ACCEPT,simple,four_mode_relocalization_v2,0.0,0,0,0,False,0,0,0.3791959936872755,0,0,precomputed,0,0.0,1.8837396055459976,0,131,cache_read_only_not_online_fps,157ff887794c6cb410230016d2d4aa63b09139d0c130484af891fca7557bb682,cached_perception_v2,0,0,0,,,0,0.0,0,9.908928535878658,0.617658719420433,2.5013983249664307,0.390029684621376,0.3955556008821828,0.390029684621376,0.3900299114861024,0.390029684621376,0.37830128327283363
sugar_box1_clean,131,0.3929289869743385,0.38825178761247187,0.2321807721668491,0.23589932834904864,0.011302107208199057,0.011483119271509488,0.0,0.0,-0.004677199361866613,0.003718556182199545,MODE_1_ACCEPT,simple,four_mode_relocalization_v2,0.0,0,0,0,False,0,0,0.38825178761247187,0,0,precomputed,0,0.0,1.9289785996079445,0,132,cache_read_only_not_online_fps,157ff887794c6cb410230016d2d4aa63b09139d0c130484af891fca7557bb682,cached_perception_v2,0,0,0,,,0,0.0,0,12.623111717402935,0.6312690675258636,2.560247667133808,0.3929289869743385,0.3880405030195321,0.3929289869743385,0.39293014636702556,0.3929289869743385,0.3920469662594816
sugar_box1_clean,132,0.3880710095896265,0.40885169502213065,0.23144574386807046,0.23873260504776553,0.011266327464009532,0.011621037655967177,0.0,0.0,0.020780685432504165,0.00728686117969507,MODE_1_ACCEPT,simple,four_mode_relocalization_v2,0.0,0,0,0,False,0,0,0.3880710095896265,0,0,precomputed,0,0.0,2.2770054638385773,0,133,cache_read_only_not_online_fps,157ff887794c6cb410230016d2d4aa63b09139d0c130484af891fca7557bb682,cached_perception_v2,0,0,0,,,0,0.0,0,10.2454898878932,0.6284844130277634,2.9054898768663406,0.3880710095896265,0.38860934774923933,0.3880710095896265,0.38807147348589915,0.3880710095896265,0.3880710095896265
sugar_box1_clean,133,0.37902754304774733,0.36954194616466857,0.22556904254181592,0.23054008854025837,0.010980261103733305,0.01122224192879022,0.0,0.0,-0.009485596883078762,0.004971045998442447,MODE_1_ACCEPT,simple,four_mode_relocalization_v2,0.0,0,0,0,False,0,0,0.36954194616466857,0,0,precomputed,0,0.0,1.9371751695871353,0,134,cache_read_only_not_online_fps,157ff887794c6cb410230016d2d4aa63b09139d0c130484af891fca7557bb682,cached_perception_v2,0,0,0,,,0,0.0,0,10.102407075464725,0.6171846762299538,2.554359845817089,0.37902754304774733,0.3773279444533025,0.37902754304774733,0.3790278157603031,0.37902754304774733,0.37902754304774733
sugar_box1_clean,134,0.37077880773261396,0.3987952073607947,0.2248747926487378,0.2233924133680579,0.010946466372810406,0.010874307040247683,0.0,0.0,0.028016399628180755,-0.0014823792806799019,MODE_1_ACCEPT,simple,four_mode_relocalization_v2,0.0,0,0,0,False,0,0,0.37077880773261396,0,0,precomputed,0,0.0,1.985417678952217,0,135,cache_read_only_not_online_fps,157ff887794c6cb410230016d2d4aa63b09139d0c130484af891fca7557bb682,cached_perception_v2,0,0,0,,,0,0.0,0,10.038253851234913,0.6236955523490906,2.6091132313013077,0.37077880773261396,0.3822156402298361,0.37077880773261396,0.3707799457019594,0.37077880773261396,0.37077880773261396
sugar_box1_clean,135,0.3591322589270909,0.34267546348213596,0.23874752625374476,0.22886555357921035,0.011621763991176072,0.011140728832434239,0.0,0.0,-0.01645679544495493,-0.009881972674534417,MODE_1_ACCEPT,simple,four_mode_relocalization_v2,0.0,0,0,0,False,0,0,0.34267546348213596,0,0,precomputed,0,0.0,2.14262492954731,0,136,cache_read_only_not_online_fps,157ff887794c6cb410230016d2d4aa63b09139d0c130484af891fca7557bb682,cached_perception_v2,0,0,0,,,0,0.0,0,9.81875043362379,0.7545705884695053,2.897195518016815,0.3591322589270909,0.3624373991613061,0.3591322589270909,0.35913203038269936,0.3591322589270909,0.34267546348213596
sugar_box1_clean,136,0.39915110808985915,0.36073843074898765,0.2314283492888258,0.23354930327946782,0.011265480729813458,0.011368724633958403,0.0,0.0,-0.038412677340871504,0.0021209539906420216,MODE_1_ACCEPT,simple,four_mode_relocalization_v2,0.0,0,0,0,False,0,0,0.36073843074898765,0,0,precomputed,0,0.0,1.8338551744818687,0,137,cache_read_only_not_online_fps,157ff887794c6cb410230016d2d4aa63b09139d0c130484af891fca7557bb682,cached_perception_v2,0,0,0,,,0,0.0,0,10.134429670870304,0.607081688940525,2.440936863422394,0.39915110808985915,0.3767151602748586,0.39915110808985915,0.3991517591696198,0.39915110808985915,0.3313092738269256
sugar_box1_clean,137,0.3958648411574543,0.4271278358686595,0.21932778253837543,0.22647775344686452,0.010676448737985643,0.011024495378493742,0.0,0.0,0.031262994711205194,0.007149970908489095,MODE_1_ACCEPT,simple,four_mode_relocalization_v2,0.0,0,0,0,False,0,0,0.3958648411574543,0,0,precomputed,0,0.0,2.10603978484869,0,138,cache_read_only_not_online_fps,157ff887794c6cb410230016d2d4aa63b09139d0c130484af891fca7557bb682,cached_perception_v2,0,0,0,,,0,0.0,0,10.106044821441174,0.6111087277531624,2.7171485126018524,0.3958648411574543,0.3869689698477645,0.3958648411574543,0.3958645732527814,0.3958648411574543,0.3150213046546991
sugar_box1_clean,138,0.381062149798147,0.40344353078079453,0.22957317999347696,0.23314248590627723,0.011175174706322743,0.011348921557575085,0.0,0.0,0.022381380982647525,0.0035693059128002746,MODE_1_ACCEPT,simple,four_mode_relocalization_v2,0.0,0,0,0,False,0,0,0.381062149798147,0,0,precomputed,0,0.0,1.9371481612324715,0,139,cache_read_only_not_online_fps,157ff887794c6cb410230016d2d4aa63b09139d0c130484af891fca7557bb682,cached_perception_v2,0,0,0,,,0,0.0,0,9.773433208465576,0.6122291088104248,2.5493772700428963,0.381062149798147,0.39238170376606485,0.381062149798147,0.38106249840275264,0.381062149798147,0.316821802311161
sugar_box1_clean,139,0.4153098625913488,0.38612802496779547,0.24157408861778995,0.2609753613160046,0.011759355534915715,0.012703771655011792,0.0,0.0,-0.02918183762355331,0.019401272698214622,MODE_1_ACCEPT,simple,four_mode_relocalization_v2,0.0,0,0,0,False,0,0,0.38612802496779547,0,0,precomputed,0,0.0,1.520012505352497,0,140,cache_read_only_not_online_fps,157ff887794c6cb410230016d2d4aa63b09139d0c130484af891fca7557bb682,cached_perception_v2,0,0,0,,,0,0.0,0,10.12655720114708,0.6223144009709358,2.142326906323433,0.4153098625913488,0.4122546005747652,0.4153098625913488,0.4153096916174004,0.4153098625913488,0.3292883832538932
sugar_box1_clean,140,0.37674423900732307,0.4211591930159604,0.24667161091578269,0.2461819946890792,0.012007492979590495,0.011983659416486053,0.0,0.0,0.04441495400863732,-0.0004896162267034876,MODE_1_ACCEPT,simple,four_mode_relocalization_v2,0.0,0,0,0,False,0,0,0.37674423900732307,0,0,precomputed,0,0.0,1.9551441073417664,0,141,cache_read_only_not_online_fps,157ff887794c6cb410230016d2d4aa63b09139d0c130484af891fca7557bb682,cached_perception_v2,0,0,0,,,0,0.0,0,9.737251326441765,0.6203893572092056,2.575533464550972,0.37674423900732307,0.39054291186017603,0.37674423900732307,0.3767440882551159,0.37674423900732307,0.32999995714711156
sugar_box1_clean,141,0.386579395382945,0.35599647441860544,0.2302438732830457,0.25448593029926275,0.011207822747725062,0.01238787880830043,0.0,0.0,-0.030582920964339566,0.02424205701621704,MODE_1_ACCEPT,simple,four_mode_relocalization_v2,0.0,0,0,0,False,0,0,0.35599647441860544,0,0,precomputed,0,0.0,2.1634669974446297,0,142,cache_read_only_not_online_fps,157ff887794c6cb410230016d2d4aa63b09139d0c130484af891fca7557bb682,cached_perception_v2,0,0,0,,,0,0.0,0,10.893351398408413,0.6173104047775269,2.7807774022221565,0.386579395382945,0.38694511146401794,0.386579395382945,0.3865792953342995,0.386579395382945,0.35061587801238964
sugar_box1_clean,142,0.38356649607184795,0.39576837629424383,0.23770720074201618,0.23647250929290195,0.011571122974027022,0.011511020602083373,0.0,0.0,0.012201880222395878,-0.001234691449114228,MODE_1_ACCEPT,simple,four_mode_relocalization_v2,0.0,0,0,0,False,0,0,0.38356649607184795,0,0,precomputed,0,0.0,1.8629301339387894,0,143,cache_read_only_not_online_fps,157ff887794c6cb410230016d2d4aa63b09139d0c130484af891fca7557bb682,cached_perception_v2,0,0,0,,,0,0.0,0,12.23713904619217,0.6075417622923851,2.4704718962311745,0.38356649607184795,0.3827960428016534,0.38356649607184795,0.38356641000481323,0.38356649607184795,0.3714659475420631
sugar_box1_clean,143,0.402041617397815,0.39217513125400016,0.22586749421781166,0.2406572505635498,0.010994789149303533,0.011714725646381569,0.0,0.0,-0.009866486143814857,0.014789756345738148,MODE_1_ACCEPT,simple,four_mode_relocalization_v2,0.0,0,0,0,False,0,0,0.39217513125400016,0,0,precomputed,0,0.0,1.545802690088749,0,144,cache_read_only_not_online_fps,157ff887794c6cb410230016d2d4aa63b09139d0c130484af891fca7557bb682,cached_perception_v2,0,0,0,,,0,0.0,0,9.769639000296593,0.6195716559886932,2.165374346077442,0.402041617397815,0.3955006519661402,0.402041617397815,0.4020416638435928,0.402041617397815,0.3973959901490671
sugar_box1_clean,144,0.3873125566390456,0.4057004686319943,0.23427116081725674,0.23027039804629473,0.011403863251187543,0.011209113921473494,0.0,0.0,0.018387911992948702,-0.0040007627709620075,MODE_1_ACCEPT,simple,four_mode_relocalization_v2,0.0,0,0,0,False,0,0,0.3873125566390456,0,0,precomputed,0,0.0,1.8636807799339294,0,145,cache_read_only_not_online_fps,157ff887794c6cb410230016d2d4aa63b09139d0c130484af891fca7557bb682,cached_perception_v2,0,0,0,,,0,0.0,0,9.852370247244835,0.6069894880056381,2.4706702679395676,0.3873125566390456,0.3886772250593345,0.3873125566390456,0.38731266122325764,0.3873125566390456,0.3873125566390456
sugar_box1_clean,145,0.3958578910298995,0.3741504572077666,0.2360034965666611,0.24331237254038687,0.011488189977202107,0.01184397180640163,0.0,0.0,-0.021707433822132916,0.007308875973725787,MODE_1_ACCEPT,simple,four_mode_relocalization_v2,0.0,0,0,0,False,0,0,0.3741504572077666,0,0,precomputed,0,0.0,1.908913254737854,0,146,cache_read_only_not_online_fps,157ff887794c6cb410230016d2d4aa63b09139d0c130484af891fca7557bb682,cached_perception_v2,0,0,0,,,0,0.0,0,10.713151656091213,0.6182249635457993,2.5271382182836533,0.3958578910298995,0.3869572807682998,0.3958578910298995,0.39585781080074356,0.3958578910298995,0.3958578910298995
sugar_box1_clean,146,0.3902976685537195,0.41945221077748457,0.23589803138253013,0.24048469662936695,0.01148305613770861,0.011706326057366807,0.0,0.0,0.029154542223765068,0.0045866652468368185,MODE_1_ACCEPT,simple,four_mode_relocalization_v2,0.0,0,0,0,False,0,0,0.3902976685537195,0,0,precomputed,0,0.0,2.0237108692526817,0,147,cache_read_only_not_online_fps,157ff887794c6cb410230016d2d4aa63b09139d0c130484af891fca7557bb682,cached_perception_v2,0,0,0,,,0,0.0,0,9.788215160369873,0.621243380010128,2.6449542492628098,0.3902976685537195,0.3944573697321013,0.3902976685537195,0.39029849926941346,0.3902976685537195,0.3902976685537195
sugar_box1_clean,147,0.3802370825493856,0.3875174786930945,0.23657804141422267,0.23257069719019166,0.01151615769994873,0.01132108799793392,0.0,0.0,0.0072803961437089,-0.004007344224031012,MODE_1_ACCEPT,simple,four_mode_relocalization_v2,0.0,0,0,0,False,0,0,0.3802370825493856,0,0,precomputed,0,0.0,1.609024591743946,0,148,cache_read_only_not_online_fps,157ff887794c6cb410230016d2d4aa63b09139d0c130484af891fca7557bb682,cached_perception_v2,0,0,0,,,0,0.0,0,10.927231051027775,0.5996124818921089,2.208637073636055,0.3802370825493856,0.39260811894959236,0.3802370825493856,0.3802377500755845,0.3802370825493856,0.3802370825493856
sugar_box1_clean,148,0.39596987489115676,0.3621113204071976,0.2472693578716646,0.24448088320200329,0.012036590135723205,0.011900852626670509,0.0,0.0,-0.033858554483959136,-0.0027884746696613116,MODE_1_ACCEPT,simple,four_mode_relocalization_v2,0.0,0,0,0,False,0,0,0.3621113204071976,0,0,precomputed,0,0.0,2.278197556734085,0,149,cache_read_only_not_online_fps,157ff887794c6cb410230016d2d4aa63b09139d0c130484af891fca7557bb682,cached_perception_v2,0,0,0,,,0,0.0,0,10.082246735692024,0.6155306473374367,2.8937282040715218,0.39596987489115676,0.38836174789546407,0.39596987489115676,0.3959697544015631,0.39596987489115676,0.3621113204071976
sugar_box1_clean,149,0.39420293246811833,0.4232593879424873,0.23941555633510983,0.24029298659279283,0.011654282392796617,0.011696993986644382,0.0,0.0,0.02905645547436897,0.0008774302576829984,MODE_1_ACCEPT,simple,four_mode_relocalization_v2,0.0,0,0,0,False,0,0,0.39420293246811833,0,0,precomputed,0,0.0,2.2011306136846542,0,150,cache_read_only_not_online_fps,157ff887794c6cb410230016d2d4aa63b09139d0c130484af891fca7557bb682,cached_perception_v2,0,0,0,,,0,0.0,0,10.054174810647964,0.609726645052433,2.8108572587370872,0.39420293246811833,0.39487957691048003,0.39420293246811833,0.39420300157922245,0.39420293246811833,0.3578242165240265
sugar_box1_clean,150,0.3868448500512634,0.36835677175939896,0.22922773653013728,0.24640373319511816,0.011158359192184341,0.01199445321454284,0.0,0.0,-0.01848807829186444,0.017175996664980875,MODE_1_ACCEPT,simple,four_mode_relocalization_v2,0.0,0,0,0,False,0,0,0.36835677175939896,0,0,precomputed,0,0.0,1.904618926346302,0,151,cache_read_only_not_online_fps,157ff887794c6cb410230016d2d4aa63b09139d0c130484af891fca7557bb682,cached_perception_v2,0,0,0,,,0,0.0,0,9.969908744096756,0.6017247214913368,2.506343647837639,0.3868448500512634,0.3818862960135935,0.3868448500512634,0.38684609825141264,0.3868448500512634,0.3332831502394328
sugar_box1_clean,151,0.37914134257099025,0.4027928149948372,0.23218334478080263,0.2221821249227136,0.011302232438029403,0.010815392558938715,0.0,0.0,0.023651472423846964,-0.010001219858089022,MODE_1_ACCEPT,simple,four_mode_relocalization_v2,0.0,0,0,0,False,0,0,0.37914134257099025,0,0,precomputed,0,0.0,1.7755310982465744,0,152,cache_read_only_not_online_fps,157ff887794c6cb410230016d2d4aa63b09139d0c130484af891fca7557bb682,cached_perception_v2,0,0,0,,,0,0.0,0,10.237216018140316,0.6441026926040649,2.4196337908506393,0.37914134257099025,0.3849880115470677,0.37914134257099025,0.3791409494847745,0.37914134257099025,0.337873837970441
sugar_box1_clean,152,0.3734098541303318,0.3884058265485996,0.23129192530442583,0.26230169851399626,0.01125883987629631,0.012768335163290385,0.0,0.0,0.014995972418267833,0.031009773209570435,MODE_1_ACCEPT,simple,four_mode_relocalization_v2,0.0,0,0,0,False,0,0,0.3734098541303318,0,0,precomputed,0,0.0,1.9510947167873383,0,153,cache_read_only_not_online_fps,157ff887794c6cb410230016d2d4aa63b09139d0c130484af891fca7557bb682,cached_perception_v2,0,0,0,,,0,0.0,0,9.798236191272736,0.6249416619539261,2.5760363787412643,0.3734098541303318,0.3824382065816186,0.3734098541303318,0.37341001725738426,0.3734098541303318,0.3495977008966091
sugar_box1_clean,153,0.369222811107863,0.361102543472559,0.2203304855316826,0.22401966753928546,0.010725258364306448,0.010904840550080744,0.0,0.0,-0.00812026763530399,0.003689182007602848,MODE_1_ACCEPT,simple,four_mode_relocalization_v2,0.0,0,0,0,False,0,0,0.361102543472559,0,0,precomputed,0,0.0,1.7158258706331253,0,154,cache_read_only_not_online_fps,157ff887794c6cb410230016d2d4aa63b09139d0c130484af891fca7557bb682,cached_perception_v2,0,0,0,,,0,0.0,0,10.007430799305439,1.3612620532512665,3.077087923884392,0.369222811107863,0.3693081207250439,0.369222811107863,0.3692226470484163,0.369222811107863,0.369222811107863
sugar_box1_clean,154,0.3870070094537305,0.35797977226498773,0.23514381282801944,0.22130091186973552,0.011446342249293393,0.010772496825992899,0.0,0.0,-0.029027237188742783,-0.013842900958283916,MODE_1_ACCEPT,simple,four_mode_relocalization_v2,0.0,0,0,0,False,0,0,0.35797977226498773,0,0,precomputed,0,0.0,3.1476737931370735,0,155,cache_read_only_not_online_fps,157ff887794c6cb410230016d2d4aa63b09139d0c130484af891fca7557bb682,cached_perception_v2,0,0,0,,,0,0.0,0,14.76510800421238,0.6049266085028648,3.7526004016399384,0.3870070094537305,0.365617022862085,0.3870070094537305,0.38700586476893867,0.3870070094537305,0.3870070094537305
sugar_box1_clean,155,0.34844621101153134,0.4311456490523096,0.2350011536974121,0.2548573221812929,0.011439397881018169,0.012405957440858097,0.0,0.0,0.08269943804077828,0.01985616848388083,MODE_1_ACCEPT,simple,four_mode_relocalization_v2,0.0,0,0,0,False,0,0,0.34844621101153134,0,0,precomputed,0,0.0,1.5699313953518867,0,156,cache_read_only_not_online_fps,157ff887794c6cb410230016d2d4aa63b09139d0c130484af891fca7557bb682,cached_perception_v2,0,0,0,,,0,0.0,0,10.10778732597828,0.61056949198246,2.1805008873343468,0.34844621101153134,0.3610978018334134,0.34844621101153134,0.34844719086740433,0.34844621101153134,0.34844621101153134
sugar_box1_clean,156,0.346053680645655,0.3070039222875161,0.22993837630128003,0.23414346956950113,0.011192951750409161,0.01139764749026034,0.0,0.0,-0.0390497583581389,0.004205093268221105,MODE_1_ACCEPT,simple,four_mode_relocalization_v2,0.0,0,0,0,False,0,0,0.3070039222875161,0,0,precomputed,0,0.0,2.2763609886169434,0,157,cache_read_only_not_online_fps,157ff887794c6cb410230016d2d4aa63b09139d0c130484af891fca7557bb682,cached_perception_v2,0,0,0,,,0,0.0,0,9.98029951006174,0.6032092496752739,2.8795702382922173,0.346053680645655,0.34882454406034186,0.346053680645655,0.34605334225125073,0.346053680645655,0.3070039222875161
sugar_box1_clean,157,0.39167671179549685,0.35790763374567225,0.22064930674702996,0.21841013588993502,0.01074077795932922,0.010631779488662684,0.0,0.0,-0.0337690780498246,-0.0022391708570949354,MODE_1_ACCEPT,simple,four_mode_relocalization_v2,0.0,0,0,0,False,0,0,0.35790763374567225,0,0,precomputed,0,0.0,2.0706839859485626,0,158,cache_read_only_not_online_fps,157ff887794c6cb410230016d2d4aa63b09139d0c130484af891fca7557bb682,cached_perception_v2,0,0,0,,,0,0.0,0,10.5165746062994,0.6085215136408806,2.679205499589443,0.39167671179549685,0.37090339149452084,0.39167671179549685,0.39167642539006187,0.39167671179549685,0.301592723157725
sugar_box1_clean,158,0.395377396355193,0.4389079154600068,0.231146765910055,0.2288643116784651,0.011251773800056899,0.011140668379127819,0.0,0.0,0.043530519104813814,-0.0022824542315899032,MODE_1_ACCEPT,simple,four_mode_relocalization_v2,0.0,0,0,0,False,0,0,0.395377396355193,0,0,precomputed,0,0.0,2.190851606428623,0,159,cache_read_only_not_online_fps,157ff887794c6cb410230016d2d4aa63b09139d0c130484af891fca7557bb682,cached_perception_v2,0,0,0,,,0,0.0,0,9.930221363902092,0.5981875583529472,2.7890391647815704,0.395377396355193,0.39230380549225485,0.395377396355193,0.39537755996240626,0.395377396355193,0.30571725259468613
sugar_box1_clean,159,0.3858504732797449,0.3889854352312482,0.2269149882773528,0.23897451576910878,0.011045779117380552,0.011632813398126694,0.0,0.0,0.0031349619515032567,0.012059527491755984,MODE_1_ACCEPT,simple,four_mode_relocalization_v2,0.0,0,0,0,False,0,0,0.3858504732797449,0,0,precomputed,0,0.0,1.73268374055624,0,160,cache_read_only_not_online_fps,157ff887794c6cb410230016d2d4aa63b09139d0c130484af891fca7557bb682,cached_perception_v2,0,0,0,,,0,0.0,0,9.6643827855587,0.5870526656508446,2.3197364062070847,0.3858504732797449,0.393546908742976,0.3858504732797449,0.38585026573605674,0.3858504732797449,0.3183068255815958
sugar_box1_clean,160,0.3347414100978666,0.37191997476609406,0.23157672781788663,0.22136590173369533,0.011272703507251871,0.010775660405832284,0.0,0.0,0.03717856466822744,-0.010210826084191299,MODE_1_ACCEPT,simple,four_mode_relocalization_v2,0.0,0,0,0,False,0,0,0.3347414100978666,0,0,precomputed,0,0.0,1.8945364281535149,0,161,cache_read_only_not_online_fps,157ff887794c6cb410230016d2d4aa63b09139d0c130484af891fca7557bb682,cached_perception_v2,0,0,0,,,0,0.0,0,9.727232158184052,0.592648983001709,2.487185411155224,0.3347414100978666,0.3610289712015584,0.3347414100978666,0.33474173682077074,0.3347414100978666,0.3347414100978666
sugar_box1_clean,161,0.3522083619993497,0.3055485211437578,0.2373056015966299,0.25098141258859624,0.011551573910797034,0.012217285720383048,0.0,0.0,-0.04665984085559188,0.013675810991966353,MODE_1_ACCEPT,simple,four_mode_relocalization_v2,0.0,0,0,0,False,0,0,0.3055485211437578,0,0,precomputed,0,0.0,2.1993089467287064,0,162,cache_read_only_not_online_fps,157ff887794c6cb410230016d2d4aa63b09139d0c130484af891fca7557bb682,cached_perception_v2,0,0,0,,,0,0.0,0,9.912625886499882,0.605044886469841,2.8043538331985474,0.3522083619993497,0.3488652624833962,0.3522083619993497,0.35220815587939946,0.3522083619993497,0.3522083619993497
sugar_box1_clean,162,0.3699154556946521,0.35761633225350065,0.22299113775538001,0.2367392163310787,0.010854773725959013,0.011524003380590495,0.0,0.0,-0.012299123441151472,0.01374807857569868,MODE_1_ACCEPT,simple,four_mode_relocalization_v2,0.0,0,0,0,False,0,0,0.35761633225350065,0,0,precomputed,0,0.0,1.9592531025409698,0,163,cache_read_only_not_online_fps,157ff887794c6cb410230016d2d4aa63b09139d0c130484af891fca7557bb682,cached_perception_v2,0,0,0,,,0,0.0,0,10.550717823207378,0.6134668365120888,2.5727199390530586,0.3699154556946521,0.3466714869787362,0.3699154556946521,0.36991551854205507,0.3699154556946521,0.35761633225350065
sugar_box1_clean,163,0.38338065516106146,0.40781119740699406,0.22157054320584976,0.22433631676367982,0.010785621953620879,0.010920254416819573,0.0,0.0,0.024430542245932607,0.002765773557830059,MODE_1_ACCEPT,simple,four_mode_relocalization_v2,0.0,0,0,0,False,0,0,0.38338065516106146,0,0,precomputed,0,0.0,1.9239801913499832,0,164,cache_read_only_not_online_fps,157ff887794c6cb410230016d2d4aa63b09139d0c130484af891fca7557bb682,cached_perception_v2,0,0,0,,,0,0.0,0,10.243752039968967,0.6060795858502388,2.530059777200222,0.38338065516106146,0.373470210423309,0.38338065516106146,0.3833808415297662,0.38338065516106146,0.38244099118369707
sugar_box1_clean,164,0.40004510990594366,0.4044811460944064,0.2268163414317512,0.24412014467445173,0.011040977181310072,0.011883292578633518,0.0,0.0,0.004436036188462722,0.017303803242700533,MODE_1_ACCEPT,simple,four_mode_relocalization_v2,0.0,0,0,0,False,0,0,0.40004510990594366,0,0,precomputed,0,0.0,2.240764908492565,0,165,cache_read_only_not_online_fps,157ff887794c6cb410230016d2d4aa63b09139d0c130484af891fca7557bb682,cached_perception_v2,0,0,0,,,0,0.0,0,10.236388072371483,0.6054071709513664,2.8461720794439316,0.40004510990594366,0.40152643280586137,0.40004510990594366,0.4000447809642753,0.40004510990594366,0.40004510990594366
sugar_box1_clean,165,0.367447595886411,0.41051999095905606,0.22838308733277318,0.2313420553630215,0.011117243316425825,0.011261280109789006,0.0,0.0,0.04307239507264504,0.00295896803024831,MODE_1_ACCEPT,simple,four_mode_relocalization_v2,0.0,0,0,0,False,0,0,0.367447595886411,0,0,precomputed,0,0.0,1.888425089418888,0,166,cache_read_only_not_online_fps,157ff887794c6cb410230016d2d4aa63b09139d0c130484af891fca7557bb682,cached_perception_v2,0,0,0,,,0,0.0,0,9.83300432562828,0.5929619073867798,2.481386996805668,0.367447595886411,0.39208071161974856,0.367447595886411,0.36744753003246033,0.367447595886411,0.367447595886411
sugar_box1_clean,166,0.3776156742318753,0.33550478267602657,0.2376391909062589,0.2427174794257193,0.01156781238784985,0.011815013569693894,0.0,0.0,-0.04211089155584874,0.0050782885194604055,MODE_1_ACCEPT,simple,four_mode_relocalization_v2,0.0,0,0,0,False,0,0,0.33550478267602657,0,0,precomputed,0,0.0,2.04570684581995,0,167,cache_read_only_not_online_fps,157ff887794c6cb410230016d2d4aa63b09139d0c130484af891fca7557bb682,cached_perception_v2,0,0,0,,,0,0.0,0,10.501803830265999,0.6170365959405899,2.66274344176054,0.3776156742318753,0.37861673104694554,0.3776156742318753,0.3776159411877819,0.3776156742318753,0.33550478267602657
sugar_box1_clean,167,0.3765927691391941,0.38422479741054294,0.21614184092211006,0.21588076907838508,0.010521363313081386,0.010508654844850859,0.0,0.0,0.007632028271348845,-0.0002610718437249804,MODE_1_ACCEPT,simple,four_mode_relocalization_v2,0.0,0,0,0,False,0,0,0.3765927691391941,0,0,precomputed,0,0.0,2.0102690905332565,0,168,cache_read_only_not_online_fps,157ff887794c6cb410230016d2d4aa63b09139d0c130484af891fca7557bb682,cached_perception_v2,0,0,0,,,0,0.0,0,10.010432451963425,0.6028683856129646,2.613137476146221,0.3765927691391941,0.3686436753804997,0.3765927691391941,0.3765927326851222,0.3765927691391941,0.30274014305198627
sugar_box1_clean,168,0.38302511763279823,0.3956774945635801,0.22610331586677604,0.22482333738683216,0.01100626848729408,0.01094396163100489,0.0,0.0,0.012652376930781861,-0.0012799784799438774,MODE_1_ACCEPT,simple,four_mode_relocalization_v2,0.0,0,0,0,False,0,0,0.38302511763279823,0,0,precomputed,0,0.0,1.9498607143759727,0,169,cache_read_only_not_online_fps,157ff887794c6cb410230016d2d4aa63b09139d0c130484af891fca7557bb682,cached_perception_v2,0,0,0,,,0,0.0,0,9.746868163347244,0.5973726511001587,2.5472333654761314,0.38302511763279823,0.37958696787402746,0.38302511763279823,0.38302487252471235,0.38302511763279823,0.28954849158633267
sugar_box1_clean,169,0.4030436976479462,0.3738034163731991,0.24498725271374694,0.24004250455786474,0.011925501707019753,0.011684801009654666,0.0,0.0,-0.029240281274747093,-0.004944748155882195,MODE_1_ACCEPT,simple,four_mode_relocalization_v2,0.0,0,0,0,False,0,0,0.3738034163731991,0,0,precomputed,0,0.0,2.202835865318775,0,170,cache_read_only_not_online_fps,157ff887794c6cb410230016d2d4aa63b09139d0c130484af891fca7557bb682,cached_perception_v2,0,0,0,,,0,0.0,0,10.036344639956951,0.6202412769198418,2.823077142238617,0.4030436976479462,0.38809829495369835,0.4030436976479462,0.40304374448317803,0.4030436976479462,0.27708706854165643
sugar_box1_clean,170,0.37471324176338733,0.42515135236779733,0.23694551699891445,0.24435769240636127,0.011534045694789222,0.011894855938975763,0.0,0.0,0.05043811060441,0.007412175407446819,MODE_1_ACCEPT,simple,four_mode_relocalization_v2,0.0,0,0,0,False,0,0,0.37471324176338733,0,0,precomputed,0,0.0,1.9295522943139076,0,171,cache_read_only_not_online_fps,157ff887794c6cb410230016d2d4aa63b09139d0c130484af891fca7557bb682,cached_perception_v2,0,0,0,,,0,0.0,0,10.827755555510521,0.6076637655496597,2.5372160598635674,0.37471324176338733,0.3849910236929629,0.37471324176338733,0.37471298165475614,0.37471324176338733,0.27057193015234865
sugar_box1_clean,171,0.40263121346296044,0.36580589846472644,0.23535805407263463,0.25007090317938885,0.01145677109528465,0.012172963897947463,0.0,0.0,-0.03682531499823399,0.014712849106754217,MODE_1_ACCEPT,simple,four_mode_relocalization_v2,0.0,0,0,0,False,0,0,0.36580589846472644,0,0,precomputed,0,0.0,1.5429435297846794,0,172,cache_read_only_not_online_fps,157ff887794c6cb410230016d2d4aa63b09139d0c130484af891fca7557bb682,cached_perception_v2,0,0,0,,,0,0.0,0,9.979917667806149,0.5983402952551842,2.1412838250398636,0.40263121346296044,0.39886768653464977,0.40263121346296044,0.4026317160905792,0.40263121346296044,0.278233762566535
sugar_box1_clean,172,0.3749757040913806,0.41650716728856346,0.22434653233777138,0.23412269910272912,0.010920751691044731,0.011396636424442826,0.0,0.0,0.04153146319718287,0.009776166764957739,MODE_1_ACCEPT,simple,four_mode_relocalization_v2,0.0,0,0,0,False,0,0,0.3749757040913806,0,0,precomputed,0,0.0,1.9459966570138931,0,173,cache_read_only_not_online_fps,157ff887794c6cb410230016d2d4aa63b09139d0c130484af891fca7557bb682,cached_perception_v2,0,0,0,,,0,0.0,0,10.377904400229454,0.6006602197885513,2.5466568768024445,0.3749757040913806,0.3856900149450933,0.3749757040913806,0.37497598334593024,0.3749757040913806,0.2838526582676418
sugar_box1_clean,173,0.38769789798559007,0.36044023173571765,0.22070426513247215,0.21355504991648755,0.010743453226356978,0.010395443371486304,0.0,0.0,-0.027257666249872414,-0.007149215215984606,MODE_1_ACCEPT,simple,four_mode_relocalization_v2,0.0,0,0,0,False,0,0,0.36044023173571765,0,0,precomputed,0,0.0,2.1862201392650604,0,174,cache_read_only_not_online_fps,157ff887794c6cb410230016d2d4aa63b09139d0c130484af891fca7557bb682,cached_perception_v2,0,0,0,,,0,0.0,0,10.132912546396255,0.60261320322752,2.7888333424925804,0.38769789798559007,0.3862603342185875,0.38769789798559007,0.38769892407901374,0.38769789798559007,0.2991714252869207
sugar_box1_clean,174,0.36505212343072013,0.4014218537730851,0.21832061808465977,0.21576854808219736,0.010627421936472547,0.010503192145601099,0.0,0.0,0.03636973034236496,-0.0025520700024624088,MODE_1_ACCEPT,simple,four_mode_relocalization_v2,0.0,0,0,0,False,0,0,0.36505212343072013,0,0,precomputed,0,0.0,1.8887082114815712,0,175,cache_read_only_not_online_fps,157ff887794c6cb410230016d2d4aa63b09139d0c130484af891fca7557bb682,cached_perception_v2,0,0,0,,,0,0.0,0,9.707856923341751,0.5967188626527786,2.48542707413435,0.36505212343072013,0.3763932347524938,0.36505212343072013,0.36505168721575976,0.36505212343072013,0.32068089107753156
sugar_box1_clean,175,0.36716168004632393,0.34202070532685547,0.24686987567230878,0.2532485530799347,0.012017144121297677,0.012327645698300353,0.0,0.0,-0.025140974719468467,0.006378677407625932,MODE_1_ACCEPT,simple,four_mode_relocalization_v2,0.0,0,0,0,False,0,0,0.34202070532685547,0,0,precomputed,0,0.0,2.042662352323532,0,176,cache_read_only_not_online_fps,157ff887794c6cb410230016d2d4aa63b09139d0c130484af891fca7557bb682,cached_perception_v2,0,0,0,,,0,0.0,0,9.808405302464962,0.6103748455643654,2.6530371978878975,0.36716168004632393,0.36446545671564806,0.36716168004632393,0.3671620085930006,0.36716168004632393,0.3387182418464007
sugar_box1_clean,176,0.39432315355142267,0.3863968610145484,0.2508839402142003,0.24666688572853707,0.012212540955280494,0.012007262966690071,0.0,0.0,-0.007926292536874269,-0.00421705448566323,MODE_1_ACCEPT,simple,four_mode_relocalization_v2,0.0,0,0,0,False,0,0,0.3863968610145484,0,0,precomputed,0,0.0,1.920321024954319,0,177,cache_read_only_not_online_fps,157ff887794c6cb410230016d2d4aa63b09139d0c130484af891fca7557bb682,cached_perception_v2,0,0,0,,,0,0.0,0,11.432835832238197,0.6288988515734673,2.5492198765277863,0.39432315355142267,0.3804062983048874,0.39432315355142267,0.39432241236112764,0.39432315355142267,0.3614970735572805
sugar_box1_clean,177,0.3547920098398438,0.39302481658870125,0.2289641368315892,0.24987959012082245,0.01114552767291065,0.012163651151340297,0.0,0.0,0.03823280674885743,0.02091545328923325,MODE_1_ACCEPT,simple,four_mode_relocalization_v2,0.0,0,0,0,False,0,0,0.3547920098398438,0,0,precomputed,0,0.0,2.1883174777030945,0,178,cache_read_only_not_online_fps,157ff887794c6cb410230016d2d4aa63b09139d0c130484af891fca7557bb682,cached_perception_v2,0,0,0,,,0,0.0,0,13.5117769241333,0.7508993148803711,2.9392167925834656,0.3547920098398438,0.3602434955286092,0.3547920098398438,0.3547926064220165,0.3547920098398438,0.3547920098398438
sugar_box1_clean,178,0.36818298905526065,0.350519425995078,0.2322472122715074,0.23181542914613326,0.011305341382927499,0.011284323022414153,0.0,0.0,-0.01766356306018263,-0.00043178312537414665,MODE_1_ACCEPT,simple,four_mode_relocalization_v2,0.0,0,0,0,False,0,0,0.350519425995078,0,0,precomputed,0,0.0,2.2636232897639275,0,179,cache_read_only_not_online_fps,157ff887794c6cb410230016d2d4aa63b09139d0c130484af891fca7557bb682,cached_perception_v2,0,0,0,,,0,0.0,0,11.452938430011272,1.11466646194458,3.3782897517085075,0.36818298905526065,0.3699319956736108,0.36818298905526065,0.3681827134403613,0.36818298905526065,0.36818298905526065
sugar_box1_clean,179,0.35282504094453104,0.36616539974338713,0.22600643494334163,0.25873316055519424,0.011001552512870934,0.012594625694541074,0.0,0.0,0.013340358798856089,0.03272672561185261,MODE_1_ACCEPT,simple,four_mode_relocalization_v2,0.0,0,0,0,False,0,0,0.35282504094453104,0,0,precomputed,0,0.0,2.562645822763443,0,180,cache_read_only_not_online_fps,157ff887794c6cb410230016d2d4aa63b09139d0c130484af891fca7557bb682,cached_perception_v2,0,0,0,,,0,0.0,0,13.304030522704124,0.6183870136737823,3.1810328364372253,0.35282504094453104,0.355366468571453,0.35282504094453104,0.35282502736991045,0.35282504094453104,0.35282504094453104
sugar_box1_clean,180,0.37935352296429786,0.3612467355584199,0.23437816958636726,0.21775451857297437,0.011409072229387664,0.010599865316206939,0.0,0.0,-0.018106787405877955,-0.016623651013392887,MODE_1_ACCEPT,simple,four_mode_relocalization_v2,0.0,0,0,0,False,0,0,0.3612467355584199,0,0,precomputed,0,0.0,3.9019454270601273,0,181,cache_read_only_not_online_fps,157ff887794c6cb410230016d2d4aa63b09139d0c130484af891fca7557bb682,cached_perception_v2,0,0,0,,,0,0.0,0,19.976970739662647,0.6914380937814713,4.5933835208415985,0.37935352296429786,0.3680133253402114,0.37935352296429786,0.37935331961324525,0.37935352296429786,0.3612467355584199
sugar_box1_clean,181,0.3838513955055546,0.3897820486618624,0.2437504470870806,0.2581579237954168,0.011865296421035771,0.012566624290857097,0.0,0.0,0.005930653156307808,0.014407476708336198,MODE_1_ACCEPT,simple,four_mode_relocalization_v2,0.0,0,0,0,False,0,0,0.3838513955055546,0,0,precomputed,0,0.0,2.34307162463665,0,182,cache_read_only_not_online_fps,157ff887794c6cb410230016d2d4aa63b09139d0c130484af891fca7557bb682,cached_perception_v2,0,0,0,,,0,0.0,0,10.844594798982143,0.604359433054924,2.947431057691574,0.3838513955055546,0.3728268132993783,0.3838513955055546,0.38385110406684325,0.3838513955055546,0.3733859618245386
sugar_box1_clean,182,0.348658760849597,0.40569171883546307,0.22278037174763138,0.23199022516384632,0.010844514047721285,0.011292831751682827,0.0,0.0,0.05703295798586605,0.009209853416214941,MODE_1_ACCEPT,simple,four_mode_relocalization_v2,0.0,0,0,0,False,0,0,0.348658760849597,0,0,precomputed,0,0.0,1.9591152667999268,0,183,cache_read_only_not_online_fps,157ff887794c6cb410230016d2d4aa63b09139d0c130484af891fca7557bb682,cached_perception_v2,0,0,0,,,0,0.0,0,10.100984014570713,0.60321856290102,2.562333829700947,0.348658760849597,0.36229980350515484,0.348658760849597,0.3486585744169807,0.348658760849597,0.348658760849597
sugar_box1_clean,183,0.37513539964499015,0.34205435973576026,0.22608362991160413,0.2310074874492441,0.01100531021338633,0.011244993996194646,0.0,0.0,-0.03308103990922989,0.004923857537639964,MODE_1_ACCEPT,simple,four_mode_relocalization_v2,0.0,0,0,0,False,0,0,0.34205435973576026,0,0,precomputed,0,0.0,2.0111138001084328,0,184,cache_read_only_not_online_fps,157ff887794c6cb410230016d2d4aa63b09139d0c130484af891fca7557bb682,cached_perception_v2,0,0,0,,,0,0.0,0,9.638936258852482,0.5912994965910912,2.602413296699524,0.37513539964499015,0.3750334526061983,0.37513539964499015,0.3751350047435668,0.37513539964499015,0.37513539964499015
sugar_box1_clean,184,0.37249848093987253,0.38557903257931586,0.22931202583422283,0.2359497045441237,0.011162462231132781,0.011485571486446005,0.0,0.0,0.013080551639443327,0.006637678709900868,MODE_1_ACCEPT,simple,four_mode_relocalization_v2,0.0,0,0,0,False,0,0,0.37249848093987253,0,0,precomputed,0,0.0,2.1998928859829903,0,185,cache_read_only_not_online_fps,157ff887794c6cb410230016d2d4aa63b09139d0c130484af891fca7557bb682,cached_perception_v2,0,0,0,,,0,0.0,0,9.738716296851635,0.5958033725619316,2.795696258544922,0.37249848093987253,0.36577210498316254,0.37249848093987253,0.37249809912883525,0.37249848093987253,0.37249848093987253
sugar_box1_clean,185,0.3694306101485557,0.3851361479038507,0.23862509574577737,0.2328760658931032,0.011615804312802673,0.01133595275088536,0.0,0.0,0.015705537755294985,-0.00574902985267417,MODE_1_ACCEPT,simple,four_mode_relocalization_v2,0.0,0,0,0,False,0,0,0.3694306101485557,0,0,precomputed,0,0.0,2.235214225947857,0,186,cache_read_only_not_online_fps,157ff887794c6cb410230016d2d4aa63b09139d0c130484af891fca7557bb682,cached_perception_v2,0,0,0,,,0,0.0,0,10.103288106620312,0.6248308345675468,2.8600450605154037,0.3694306101485557,0.37073976635520506,0.3694306101485557,0.3694301641653135,0.3694306101485557,0.3694306101485557
sugar_box1_clean,186,0.39304337915994253,0.38555064085898083,0.22490603041323953,0.22367414648195647,0.010947986966268891,0.01088802125881826,0.0,0.0,-0.007492738300961699,-0.0012318839312830676,MODE_1_ACCEPT,simple,four_mode_relocalization_v2,0.0,0,0,0,False,0,0,0.38555064085898083,0,0,precomputed,0,0.0,3.796899691224098,0,187,cache_read_only_not_online_fps,157ff887794c6cb410230016d2d4aa63b09139d0c130484af891fca7557bb682,cached_perception_v2,0,0,0,,,0,0.0,0,17.405438236892223,0.6376607343554497,4.434560425579548,0.39304337915994253,0.39357774923971384,0.39304337915994253,0.39304378791412536,0.39304337915994253,0.38555064085898083
sugar_box1_clean,187,0.3603720973018731,0.3835734292971439,0.2228490018034546,0.22064544216725446,0.010847854825001762,0.010740589839122152,0.0,0.0,0.023201331995270802,-0.002203559636200142,MODE_1_ACCEPT,simple,four_mode_relocalization_v2,0.0,0,0,0,False,0,0,0.3603720973018731,0,0,precomputed,0,0.0,2.042127773165703,0,188,cache_read_only_not_online_fps,157ff887794c6cb410230016d2d4aa63b09139d0c130484af891fca7557bb682,cached_perception_v2,0,0,0,,,0,0.0,0,10.227099992334843,0.6120158359408379,2.6541436091065407,0.3603720973018731,0.3721767703555422,0.3603720973018731,0.36037259840824576,0.3603720973018731,0.3603720973018731
sugar_box1_clean,188,0.3839707669988835,0.34163771341454824,0.22384465128470066,0.23166022626504687,0.010896321100110642,0.011276768048827455,0.0,0.0,-0.042333053584335256,0.007815574980346213,MODE_1_ACCEPT,simple,four_mode_relocalization_v2,0.0,0,0,0,False,0,0,0.34163771341454824,0,0,precomputed,0,0.0,1.8312809988856316,0,189,cache_read_only_not_online_fps,157ff887794c6cb410230016d2d4aa63b09139d0c130484af891fca7557bb682,cached_perception_v2,0,0,0,,,0,0.0,0,10.069810785353184,0.6140256300568581,2.4453066289424896,0.3839707669988835,0.3742438898716569,0.3839707669988835,0.38397097461803537,0.3839707669988835,0.3485476570992724
sugar_box1_clean,189,0.39777902498858403,0.4158282075781403,0.23737998598576973,0.22673694880517384,0.011555194797801711,0.011037112503073612,0.0,0.0,0.01804918258955629,-0.010643037180595893,MODE_1_ACCEPT,simple,four_mode_relocalization_v2,0.0,0,0,0,False,0,0,0.39777902498858403,0,0,precomputed,0,0.0,2.158285118639469,0,190,cache_read_only_not_online_fps,157ff887794c6cb410230016d2d4aa63b09139d0c130484af891fca7557bb682,cached_perception_v2,0,0,0,,,0,0.0,0,9.857622906565666,0.6538769230246544,2.8121620416641235,0.39777902498858403,0.39065040407356205,0.39777902498858403,0.3977789914708635,0.39777902498858403,0.3454025902696261
sugar_box1_clean,190,0.3856222522727684,0.3944450975546285,0.2280853061311232,0.2500540591287729,0.011102747908239244,0.012172143962411433,0.0,0.0,0.008822845281860059,0.021968752997649665,MODE_1_ACCEPT,simple,four_mode_relocalization_v2,0.0,0,0,0,False,0,0,0.3856222522727684,0,0,precomputed,0,0.0,1.9921688362956047,0,191,cache_read_only_not_online_fps,157ff887794c6cb410230016d2d4aa63b09139d0c130484af891fca7557bb682,cached_perception_v2,0,0,0,,,0,0.0,0,9.818787686526775,0.6027119234204292,2.594880759716034,0.3856222522727684,0.3845449161401068,0.3856222522727684,0.3856228622754195,0.3856222522727684,0.31829678820790286
sugar_box1_clean,191,0.3662695326700394,0.3925026016345469,0.22797016041720639,0.230823563549828,0.011097142839433988,0.011236040939445153,0.0,0.0,0.0262330689645075,0.0028534031326216125,MODE_1_ACCEPT,simple,four_mode_relocalization_v2,0.0,0,0,0,False,0,0,0.3662695326700394,0,0,precomputed,0,0.0,2.203095704317093,0,192,cache_read_only_not_online_fps,157ff887794c6cb410230016d2d4aa63b09139d0c130484af891fca7557bb682,cached_perception_v2,0,0,0,,,0,0.0,0,9.678289294242859,0.6110453978180885,2.8141411021351814,0.3662695326700394,0.3783656194979018,0.3662695326700394,0.3662701427201331,0.3662695326700394,0.3095944949989607
sugar_box1_clean,192,0.39515224589888676,0.3635069600503887,0.23846625557207227,0.23062482699720127,0.01160807228290446,0.011226366831623851,0.0,0.0,-0.03164528584849807,-0.007841428574870996,MODE_1_ACCEPT,simple,four_mode_relocalization_v2,0.0,0,0,0,False,0,0,0.3635069600503887,0,0,precomputed,0,0.0,2.1473215892910957,0,193,cache_read_only_not_online_fps,157ff887794c6cb410230016d2d4aa63b09139d0c130484af891fca7557bb682,cached_perception_v2,0,0,0,,,0,0.0,0,9.688110090792179,0.6090374663472176,2.7563590556383133,0.39515224589888676,0.38881541739597103,0.39515224589888676,0.3951524764829341,0.39515224589888676,0.3212940081236698
sugar_box1_clean,193,0.3686608919620837,0.4063881897498366,0.2322673696567503,0.22093278217032403,0.011306322605131758,0.010754576990123454,0.0,0.0,0.03772729778775291,-0.011334587486426267,MODE_1_ACCEPT,simple,four_mode_relocalization_v2,0.0,0,0,0,False,0,0,0.3686608919620837,0,0,precomputed,0,0.0,1.921224407851696,0,194,cache_read_only_not_online_fps,157ff887794c6cb410230016d2d4aa63b09139d0c130484af891fca7557bb682,cached_perception_v2,0,0,0,,,0,0.0,0,10.229676030576229,0.6190622225403786,2.5402866303920746,0.3686608919620837,0.3744678784794133,0.3686608919620837,0.3686606764481738,0.3686608919620837,0.31224036005189443
sugar_box1_clean,194,0.3936284268212952,0.3613595074121124,0.22642436216826417,0.24187180833747024,0.011021896395170996,0.01177384795027991,0.0,0.0,-0.03226891940918275,0.01544744616920607,MODE_1_ACCEPT,simple,four_mode_relocalization_v2,0.0,0,0,0,False,0,0,0.3613595074121124,0,0,precomputed,0,0.0,1.9885171204805374,0,195,cache_read_only_not_online_fps,157ff887794c6cb410230016d2d4aa63b09139d0c130484af891fca7557bb682,cached_perception_v2,0,0,0,,,0,0.0,0,10.002128779888153,0.6214575842022896,2.609974704682827,0.3936284268212952,0.3853139080247133,0.3936284268212952,0.39362848274786544,0.3936284268212952,0.3251662097749817
sugar_box1_clean,195,0.3834110531139444,0.4133595511425861,0.2284153762909166,0.22664196502267636,0.011118815079940832,0.01103248887777162,0.0,0.0,0.02994849802864169,-0.001773411268240238,MODE_1_ACCEPT,simple,four_mode_relocalization_v2,0.0,0,0,0,False,0,0,0.3834110531139444,0,0,precomputed,0,0.0,1.596132293343544,0,196,cache_read_only_not_online_fps,157ff887794c6cb410230016d2d4aa63b09139d0c130484af891fca7557bb682,cached_perception_v2,0,0,0,,,0,0.0,0,9.66939888894558,0.5978820845484734,2.1940143778920174,0.3834110531139444,0.3866049828627074,0.3834110531139444,0.38341079609374695,0.3834110531139444,0.3406301201518791
sugar_box1_clean,196,0.36875639480775985,0.3671792251788354,0.2253927705131864,0.262253179522382,0.01097168052513162,0.012765973353396567,0.0,0.0,-0.0015771696289244574,0.03686040900919557,MODE_1_ACCEPT,simple,four_mode_relocalization_v2,0.0,0,0,0,False,0,0,0.3671792251788354,0,0,precomputed,0,0.0,3.567059524357319,0,197,cache_read_only_not_online_fps,157ff887794c6cb410230016d2d4aa63b09139d0c130484af891fca7557bb682,cached_perception_v2,0,0,0,,,0,0.0,0,9.842063300311565,0.6015179678797722,4.168577492237091,0.36875639480775985,0.3729770968550406,0.36875639480775985,0.3687566550407488,0.36875639480775985,0.34115265275023876
sugar_box1_clean,197,0.4063376112191655,0.37145711828468514,0.22820855103992044,0.22721886425208832,0.011108747230056858,0.011060571207235387,0.0,0.0,-0.03488049293448037,-0.0009896867878321225,MODE_1_ACCEPT,simple,four_mode_relocalization_v2,0.0,0,0,0,False,0,0,0.37145711828468514,0,0,precomputed,0,0.0,2.1559754386544228,0,198,cache_read_only_not_online_fps,157ff887794c6cb410230016d2d4aa63b09139d0c130484af891fca7557bb682,cached_perception_v2,0,0,0,,,0,0.0,0,9.77572612464428,0.6122766062617302,2.768252044916153,0.4063376112191655,0.39133408542023984,0.4063376112191655,0.406337635459974,0.4063376112191655,0.35837165183542014
sugar_box1_clean,198,0.361106332946899,0.4245777922716707,0.22621945709123584,0.22475939903634348,0.0110119220156112,0.010940849236790697,0.0,0.0,0.06347145932477172,-0.0014600580548923547,MODE_1_ACCEPT,simple,four_mode_relocalization_v2,0.0,0,0,0,False,0,0,0.361106332946899,0,0,precomputed,0,0.0,1.8892204388976097,0,199,cache_read_only_not_online_fps,157ff887794c6cb410230016d2d4aa63b09139d0c130484af891fca7557bb682,cached_perception_v2,0,0,0,,,0,0.0,0,10.454532690346241,0.6083985790610313,2.497619017958641,0.361106332946899,0.3758219147627532,0.361106332946899,0.36110624947904596,0.361106332946899,0.361106332946899
sugar_box1_clean,199,0.38835747295760514,0.34838388420332805,0.21263690424547876,0.24504781881792057,0.010350749830717872,0.01192844994685962,0.0,0.0,-0.03997358875427709,0.0324109145724418,MODE_1_ACCEPT,simple,four_mode_relocalization_v2,0.0,0,0,0,False,0,0,0.34838388420332805,0,0,precomputed,0,0.0,1.927664503455162,0,200,cache_read_only_not_online_fps,157ff887794c6cb410230016d2d4aa63b09139d0c130484af891fca7557bb682,cached_perception_v2,0,0,0,,,0,0.0,0,10.598532855510712,0.626513734459877,2.554178237915039,0.38835747295760514,0.39083879678031747,0.38835747295760514,0.38835866013376624,0.38835747295760514,0.38835747295760514
sugar_box1_clean,200,0.37763664637346883,0.3825099155970113,0.22235651037746917,0.2339714322458919,0.010823881302803266,0.01138927304884085,0.0,0.0,0.004873269223542476,0.011614921868422723,MODE_1_ACCEPT,simple,four_mode_relocalization_v2,0.0,0,0,0,False,0,0,0.37763664637346883,0,0,precomputed,0,0.0,2.023782581090927,0,201,cache_read_only_not_online_fps,157ff887794c6cb410230016d2d4aa63b09139d0c130484af891fca7557bb682,cached_perception_v2,0,0,0,,,0,0.0,0,12.54324708133936,0.647502951323986,2.671285532414913,0.37763664637346883,0.37421367522637927,0.37763664637346883,0.3776378838691744,0.37763664637346883,0.37763664637346883
sugar_box1_clean,201,0.38097202196538105,0.5070125783752567,0.2553040760556933,0.23183937764448354,0.012427704548239249,0.011285488788611346,0.0,0.0,0.12604055640987566,-0.02346469841120974,MODE_1_ACCEPT,simple,four_mode_relocalization_v2,0.0,0,0,0,False,0,0,0.38097202196538105,0,0,precomputed,0,0.0,1.6061468049883842,0,202,cache_read_only_not_online_fps,157ff887794c6cb410230016d2d4aa63b09139d0c130484af891fca7557bb682,cached_perception_v2,0,0,0,,,0,0.0,0,9.910624474287033,0.6449958309531212,2.2511426359415054,0.38097202196538105,0.4434828168048726,0.38097202196538105,0.38097277425526255,0.38097202196538105,0.38097202196538105
sugar_box1_clean,202,0.4054397540552898,0.7866993411045973,0.324182144775659,0.3772450267393756,0.01578055461287481,0.018363552227763293,0.0,0.0,0.38125958704930746,0.05306288196371661,MODE_1_ACCEPT,simple,four_mode_relocalization_v2,0.0,0,0,0,False,0,0,0.4054397540552898,0,0,precomputed,0,0.0,2.1593067795038223,0,203,cache_read_only_not_online_fps,157ff887794c6cb410230016d2d4aa63b09139d0c130484af891fca7557bb682,cached_perception_v2,0,0,0,,,0,0.0,0,10.057564824819565,0.6502941250801086,2.809600904583931,0.4054397540552898,0.6621079503368391,0.4054397540552898,0.4054383036323733,0.4054397540552898,0.4054397540552898
sugar_box1_clean,203,0.9393736867027047,1.0522845491275234,0.41686574938491355,0.43448463504340507,0.020292211740896425,0.021149864735771354,0.0019588638589618022,0.0019588638589618022,0.11291086242481874,0.017618885658491512,MODE_1_ACCEPT,simple,four_mode_relocalization_v2,0.0,0,0,0,False,0,0,0.9393736867027047,0,0,precomputed,0,0.0,1.5804562717676163,0,204,cache_read_only_not_online_fps,157ff887794c6cb410230016d2d4aa63b09139d0c130484af891fca7557bb682,cached_perception_v2,0,0,0,,,0,0.0,0,10.032433085143566,0.6116088479757309,2.192065119743347,0.9393736867027047,1.213025957600335,0.9393736867027047,0.9393717487848459,0.9393736867027047,0.9393736867027047
sugar_box1_clean,204,0.851227485267524,0.7678871578561642,0.4668197435775285,0.45125508607037584,0.022723874761798803,0.021966217587335083,0.0019588638589618022,0.0019588638589618022,-0.08334032741135977,-0.015564657507152635,MODE_1_ACCEPT,simple,four_mode_relocalization_v2,0.0,0,0,0,False,0,0,0.7678871578561642,0,0,precomputed,0,0.0,2.2581061348319054,0,205,cache_read_only_not_online_fps,157ff887794c6cb410230016d2d4aa63b09139d0c130484af891fca7557bb682,cached_perception_v2,0,0,0,,,0,0.0,0,10.067354887723923,0.6073927506804466,2.865498885512352,0.851227485267524,0.9595580441987975,0.851227485267524,0.8512263509742817,0.851227485267524,0.7678871578561642
sugar_box1_clean,205,0.5802509377944627,0.8266233940981683,0.5603257591542786,0.5904351071134574,0.027275565251916198,0.0287412295936605,0.04219409282700422,0.04219409282700422,0.24637245630370563,0.030109347959178745,MODE_1_ACCEPT,simple,four_mode_relocalization_v2,0.0,0,0,0,False,0,0,0.5802509377944627,0,0,precomputed,0,0.0,2.2545401006937027,0,206,cache_read_only_not_online_fps,157ff887794c6cb410230016d2d4aa63b09139d0c130484af891fca7557bb682,cached_perception_v2,0,0,0,,,0,0.0,0,9.784195572137833,0.6177974864840508,2.8723375871777534,0.5802509377944627,0.6800808715126914,0.5802509377944627,0.5802563281852764,0.5802509377944627,0.5802509377944627
sugar_box1_clean,206,0.6761165666856398,0.6672911641589856,0.5939313908672158,0.591841858153061,0.02891142186861282,0.02880970749093194,0.04219409282700422,0.04219409282700422,-0.008825402526654202,-0.002089532714154796,MODE_1_ACCEPT,simple,four_mode_relocalization_v2,0.0,0,0,0,False,0,0,0.6672911641589856,0,0,precomputed,0,0.0,1.9094478338956833,0,207,cache_read_only_not_online_fps,157ff887794c6cb410230016d2d4aa63b09139d0c130484af891fca7557bb682,cached_perception_v2,0,0,0,,,0,0.0,0,9.851931594312191,0.6885090842843056,2.597956918179989,0.6761165666856398,0.7142938115181354,0.6761165666856398,0.6761150690816637,0.6761165666856398,0.6761165666856398
sugar_box1_clean,207,0.8303715088448717,0.7950986906328247,0.6652452260845798,0.6356323958194464,0.032382840296299356,0.030941345467631,0.0891009055627426,0.04219409282700422,-0.035272818212046975,-0.029612830265133394,MODE_1_ACCEPT,simple,four_mode_relocalization_v2,0.0,0,0,0,False,0,0,0.7950986906328247,0,0,precomputed,0,0.0,2.3276694118976593,0,208,cache_read_only_not_online_fps,157ff887794c6cb410230016d2d4aa63b09139d0c130484af891fca7557bb682,cached_perception_v2,0,0,0,,,0,0.0,0,10.699471458792686,0.6189402192831039,2.9466096311807632,0.8303715088448717,0.7999193045372343,0.8303715088448717,0.8303799255239339,0.8303715088448717,0.7950986906328247
sugar_box1_clean,208,0.6428493383441674,0.742952887302775,0.6293570000397265,0.5809296982614454,0.030635871438862986,0.028278524827453577,0.04219409282700422,0.04219409282700422,0.10010354895860762,-0.04842730177828114,MODE_1_ACCEPT,simple,four_mode_relocalization_v2,0.0,0,0,0,False,0,0,0.6428493383441674,0,0,precomputed,0,0.0,2.293451689183712,0,209,cache_read_only_not_online_fps,157ff887794c6cb410230016d2d4aa63b09139d0c130484af891fca7557bb682,cached_perception_v2,0,0,0,,,0,0.0,0,10.34880056977272,0.6220508366823196,2.9155025258660316,0.6428493383441674,0.6075945256540083,0.6428493383441674,0.6428536530490674,0.6428493383441674,0.5638714888796897
sugar_box1_clean,209,0.8010268204722039,0.8865947545057331,0.7084334797403938,0.7633062471517283,0.03448516026189123,0.03715625957087192,0.0891009055627426,0.0891009055627426,0.08556793403352925,0.05487276741133451,MODE_1_ACCEPT,simple,four_mode_relocalization_v2,0.0,0,0,0,False,0,0,0.8010268204722039,0,0,precomputed,0,0.0,1.98269821703434,0,210,cache_read_only_not_online_fps,157ff887794c6cb410230016d2d4aa63b09139d0c130484af891fca7557bb682,cached_perception_v2,0,0,0,,,0,0.0,0,10.054566897451878,0.6234543398022652,2.606152556836605,0.8010268204722039,0.803487365861728,0.8010268204722039,0.8010369770081069,0.8010268204722039,0.7312776116426138
sugar_box1_clean,210,0.7845306584182344,0.8238833890946249,0.6873275594127914,0.7234976658885823,0.03345776521946778,0.035218455466580895,0.0891009055627426,0.0891009055627426,0.039352730676390446,0.036170106475790886,MODE_1_ACCEPT,simple,four_mode_relocalization_v2,0.0,0,0,0,False,0,0,0.7845306584182344,0,0,precomputed,0,0.0,2.2163139656186104,0,211,cache_read_only_not_online_fps,157ff887794c6cb410230016d2d4aa63b09139d0c130484af891fca7557bb682,cached_perception_v2,0,0,0,,,0,0.0,0,9.805464185774326,0.6114020943641663,2.8277160599827766,0.7845306584182344,0.8184669955002101,0.7845306584182344,0.7845297178624484,0.7845306584182344,0.7422887926768681
sugar_box1_clean,211,0.7346354344234658,0.7150001011916074,0.7106417525655654,0.6587512061556251,0.03459265467661867,0.03206672407029041,0.0891009055627426,0.0891009055627426,-0.0196353332318584,-0.051890546409940286,MODE_1_ACCEPT,simple,four_mode_relocalization_v2,0.0,0,0,0,False,0,0,0.7150001011916074,0,0,precomputed,0,0.0,1.5305941924452782,0,212,cache_read_only_not_online_fps,157ff887794c6cb410230016d2d4aa63b09139d0c130484af891fca7557bb682,cached_perception_v2,0,0,0,,,0,0.0,0,10.021165944635868,0.6142938509583473,2.1448880434036255,0.7346354344234658,0.7166169624667507,0.7346354344234658,0.723353657239347,0.7346354344234658,0.7124873572751258
sugar_box1_clean,212,0.7705270200696044,1.1033261881929122,0.6306932781443078,0.8423331718558328,0.030700918851088378,0.04100313615330578,0.04219409282700422,0.0891009055627426,0.3327991681233078,0.21163989371152503,MODE_1_ACCEPT,simple,four_mode_relocalization_v2,0.0,0,0,0,False,0,0,0.7705270200696044,0,0,precomputed,0,0.0,2.2543100640177727,0,213,cache_read_only_not_online_fps,157ff887794c6cb410230016d2d4aa63b09139d0c130484af891fca7557bb682,cached_perception_v2,0,0,0,,,0,0.0,0,10.192017070949078,0.6323494017124176,2.8866594657301903,0.7705270200696044,0.8405476477278404,0.7705270200696044,0.8040533050881199,0.7705270200696044,0.7548150995184271
sugar_box1_clean,213,0.6960224146860612,0.6936207630807059,0.5914273648011159,0.6703726468339689,0.028789530762871947,0.03263243313928248,0.04219409282700422,0.0891009055627426,-0.002401651605355326,0.078945282032853,MODE_1_ACCEPT,simple,four_mode_relocalization_v2,0.0,0,0,0,False,0,0,0.6936207630807059,0,0,precomputed,0,0.0,2.052067779004574,0,214,cache_read_only_not_online_fps,157ff887794c6cb410230016d2d4aa63b09139d0c130484af891fca7557bb682,cached_perception_v2,0,0,0,,,0,0.0,0,10.811585001647472,1.018758863210678,3.070826642215252,0.6960224146860612,0.7453754063980912,0.6960224146860612,0.6960187066480436,0.6960224146860612,0.6711369485849306
sugar_box1_clean,214,0.5786279062312898,0.456259276775355,0.5246648491068178,0.5559541597063458,0.025539661693938922,0.027062764315944052,0.017080745341614908,0.0375,-0.1223686294559348,0.031289310599528,MODE_1_ACCEPT,simple,four_mode_relocalization_v2,0.0,0,0,0,False,0,0,0.456259276775355,0,0,precomputed,0,0.0,2.672409638762474,0,215,cache_read_only_not_online_fps,157ff887794c6cb410230016d2d4aa63b09139d0c130484af891fca7557bb682,cached_perception_v2,0,0,0,,,0,0.0,0,13.899977318942547,0.6073471158742905,3.2797567546367645,0.5786279062312898,0.48719637921300657,0.5786279062312898,0.5786382660636958,0.5786279062312898,0.5786279062312898
sugar_box1_clean,215,0.48136745839092476,0.6363990739454676,0.6215645817258575,0.8006651896316497,0.030256551711511957,0.038974820036290596,0.04219409282700422,0.0891009055627426,0.1550316155545428,0.1791006079057922,MODE_1_ACCEPT,simple,four_mode_relocalization_v2,0.0,0,0,0,False,0,0,0.48136745839092476,0,0,precomputed,0,0.0,1.9589541479945183,0,216,cache_read_only_not_online_fps,157ff887794c6cb410230016d2d4aa63b09139d0c130484af891fca7557bb682,cached_perception_v2,0,0,0,,,0,0.0,0,10.25024801492691,0.6065014749765396,2.565455622971058,0.48136745839092476,0.4293745825628064,0.48136745839092476,0.46453365398768853,0.48136745839092476,0.48136745839092476
sugar_box1_clean,216,0.3539910009855755,0.6208339083844504,0.5410309436806586,0.5771572295504975,0.02633633126190879,0.0280948884073797,0.02702702702702703,0.04219409282700422,0.2668429073988749,0.0361262858698389,MODE_1_ACCEPT,simple,four_mode_relocalization_v2,0.0,0,0,0,False,0,0,0.3539910009855755,0,0,precomputed,0,0.0,2.1803295239806175,0,217,cache_read_only_not_online_fps,157ff887794c6cb410230016d2d4aa63b09139d0c130484af891fca7557bb682,cached_perception_v2,0,0,0,,,0,0.0,0,10.048417374491692,0.6077950820326805,2.788124606013298,0.3539910009855755,0.24291860790513561,0.3539910009855755,0.35399194027563097,0.3539910009855755,0.3539910009855755
sugar_box1_clean,217,0.3957830260157678,0.4111008948688057,0.5890268331786268,0.6376857460179493,0.02867267756481924,0.031041298551010267,0.04219409282700422,0.04219409282700422,0.015317868853037875,0.048658912839322443,MODE_1_ACCEPT,simple,four_mode_relocalization_v2,0.0,0,0,0,False,0,0,0.3957830260157678,0,0,precomputed,0,0.0,2.2163651883602142,0,218,cache_read_only_not_online_fps,157ff887794c6cb410230016d2d4aa63b09139d0c130484af891fca7557bb682,cached_perception_v2,0,0,0,,,0,0.0,0,10.282721370458603,1.3695275411009789,3.585892729461193,0.3957830260157678,0.41131847666187377,0.3957830260157678,0.39578744324364884,0.3957830260157678,0.3957830260157678
sugar_box1_clean,218,0.40177897969271165,0.396365989504175,0.6005947883661465,0.6139643376043339,0.029235783064421237,0.029886586649081136,0.04219409282700422,0.04219409282700422,-0.005412990188536637,0.01336954923818734,MODE_1_ACCEPT,simple,four_mode_relocalization_v2,0.0,0,0,0,False,0,0,0.396365989504175,0,0,precomputed,0,0.0,3.008037805557251,0,219,cache_read_only_not_online_fps,157ff887794c6cb410230016d2d4aa63b09139d0c130484af891fca7557bb682,cached_perception_v2,0,0,0,,,0,0.0,0,15.126827172935009,0.6389999762177467,3.6470377817749977,0.40177897969271165,0.45026242277495615,0.40177897969271165,0.4017860159377563,0.40177897969271165,0.396365989504175
sugar_box1_clean,219,0.4361083897351235,0.5084905812877206,0.5313770546850709,0.5320346713959877,0.02586639877186703,0.025898410270921497,0.017080745341614908,0.017080745341614908,0.07238219155259712,0.0006576167109167974,MODE_1_ACCEPT,simple,four_mode_relocalization_v2,0.0,0,0,0,False,0,0,0.4361083897351235,0,0,precomputed,0,0.0,1.6569364815950394,0,220,cache_read_only_not_online_fps,157ff887794c6cb410230016d2d4aa63b09139d0c130484af891fca7557bb682,cached_perception_v2,0,0,0,,,0,0.0,0,10.503338649868965,0.6110807880759239,2.2680172696709633,0.4361083897351235,0.5008062047138644,0.4361083897351235,0.4361087514792407,0.4361083897351235,0.4361083897351235
sugar_box1_clean,220,0.4031484629232014,0.5276515397971456,0.5645191252530447,0.6212264222300947,0.02747969013602772,0.030240090766710574,0.04219409282700422,0.04219409282700422,0.12450307687394424,0.056707296977050015,MODE_1_ACCEPT,simple,four_mode_relocalization_v2,0.0,0,0,0,False,0,0,0.4031484629232014,0,0,precomputed,0,0.0,2.1598516032099724,0,221,cache_read_only_not_online_fps,157ff887794c6cb410230016d2d4aa63b09139d0c130484af891fca7557bb682,cached_perception_v2,0,0,0,,,0,0.0,0,10.290264151990414,0.6068004295229912,2.7666520327329636,0.4031484629232014,0.43465090625958563,0.4031484629232014,0.40318471048874205,0.4031484629232014,0.4031484629232014
sugar_box1_clean,221,0.3479722856799437,0.5046388492245659,0.5499917312273249,0.496205999022864,0.026772524925049588,0.02415434037008799,0.0375,0.017080745341614908,0.15666656354462222,-0.05378573220446092,MODE_1_ACCEPT,simple,four_mode_relocalization_v2,0.0,0,0,0,False,0,0,0.3479722856799437,0,0,precomputed,0,0.0,1.8750745803117752,0,222,cache_read_only_not_online_fps,157ff887794c6cb410230016d2d4aa63b09139d0c130484af891fca7557bb682,cached_perception_v2,0,0,0,,,0,0.0,0,10.084432549774647,0.6167534738779068,2.491828054189682,0.3479722856799437,0.3903795235766216,0.3479722856799437,0.3480812588994703,0.3479722856799437,0.3479722856799437
sugar_box1_clean,222,0.3738819501465594,0.4720431440273916,0.5749301818862949,0.6643286235673882,0.02798648007010145,0.032338221873249404,0.04219409282700422,0.0891009055627426,0.09816119388083222,0.08939844168109334,MODE_1_ACCEPT,simple,four_mode_relocalization_v2,0.0,0,0,0,False,0,0,0.3738819501465594,0,0,precomputed,0,0.0,2.1780887618660927,0,223,cache_read_only_not_online_fps,157ff887794c6cb410230016d2d4aa63b09139d0c130484af891fca7557bb682,cached_perception_v2,0,0,0,,,0,0.0,0,9.868612512946129,0.6054677069187164,2.783556468784809,0.3738819501465594,0.40577066426418873,0.3738819501465594,0.37387683005987804,0.3738819501465594,0.3738819501465594
sugar_box1_clean,223,0.7869224938372648,0.7411116593647384,0.5710729902113318,0.5683416866528155,0.027798719501359447,0.027665764970506632,0.04219409282700422,0.04219409282700422,-0.04581083447252632,-0.0027313035585163625,MODE_1_ACCEPT,simple,four_mode_relocalization_v2,0.0,0,0,0,False,0,0,0.7411116593647384,0,0,precomputed,0,0.0,2.1648630499839783,0,224,cache_read_only_not_online_fps,157ff887794c6cb410230016d2d4aa63b09139d0c130484af891fca7557bb682,cached_perception_v2,0,0,0,,,0,0.0,0,10.095939040184021,0.6182249635457993,2.7830880135297775,0.7869224938372648,0.8123481920094202,0.7869224938372648,0.786919629527983,0.7869224938372648,0.7411116593647384
sugar_box1_clean,224,0.41142933690099676,0.3016419006920731,0.5881215950043797,0.5348619280542629,0.028628612335821965,0.026036035611550302,0.04219409282700422,0.017080745341614908,-0.10978743620892367,-0.053259666950116746,MODE_1_ACCEPT,simple,four_mode_relocalization_v2,0.0,0,0,0,False,0,0,0.3016419006920731,0,0,precomputed,0,0.0,2.563800662755966,0,225,cache_read_only_not_online_fps,157ff887794c6cb410230016d2d4aa63b09139d0c130484af891fca7557bb682,cached_perception_v2,0,0,0,,,0,0.0,0,10.430301539599895,0.6329677999019623,3.1967684626579285,0.41142933690099676,0.34497214331054044,0.41142933690099676,0.41141384827771954,0.41142933690099676,0.178306568183955
sugar_box1_clean,225,0.7869960555771089,1.035965255392697,0.5937671129942852,0.7581629765611755,0.02890342514212049,0.036905895188530075,0.04219409282700422,0.0891009055627426,0.24896919981558807,0.1643958635668903,MODE_1_ACCEPT,simple,four_mode_relocalization_v2,0.0,0,0,0,False,0,0,0.7869960555771089,0,0,precomputed,0,0.0,2.255273051559925,0,226,cache_read_only_not_online_fps,157ff887794c6cb410230016d2d4aa63b09139d0c130484af891fca7557bb682,cached_perception_v2,0,0,0,,,0,0.0,0,10.080727748572826,0.5933837965130806,2.8486568480730057,0.7869960555771089,0.830433596497145,0.7869960555771089,0.7869776549015045,0.7869960555771089,0.5827430747118665
sugar_box1_clean,226,0.42695664986843296,0.41764169144879115,0.5441161804421304,0.5852671437777108,0.026486514570868466,0.028489663216636495,0.02702702702702703,0.04219409282700422,-0.009314958419641806,0.04115096333558044,MODE_1_ACCEPT,simple,four_mode_relocalization_v2,0.0,0,0,0,False,0,0,0.41764169144879115,0,0,precomputed,0,0.0,1.9365223124623299,0,227,cache_read_only_not_online_fps,157ff887794c6cb410230016d2d4aa63b09139d0c130484af891fca7557bb682,cached_perception_v2,0,0,0,,,0,0.0,0,10.069873183965683,0.6033163517713547,2.5398386642336845,0.42695664986843296,0.48579825517600217,0.42695664986843296,0.42698739759817683,0.42695664986843296,0.32763189966039896
sugar_box1_clean,227,0.4626494335700513,0.5569482773015085,0.5424751057016765,0.5010335935544877,0.02640663025279949,0.024389338257488062,0.02702702702702703,0.017080745341614908,0.09429884373145725,-0.04144151214718872,MODE_1_ACCEPT,simple,four_mode_relocalization_v2,0.0,0,0,0,False,0,0,0.4626494335700513,0,0,precomputed,0,0.0,1.4415588229894638,0,228,cache_read_only_not_online_fps,157ff887794c6cb410230016d2d4aa63b09139d0c130484af891fca7557bb682,cached_perception_v2,0,0,0,,,0,0.0,0,10.14221552759409,0.6129108369350433,2.054469659924507,0.4626494335700513,0.5267928708282407,0.4626494335700513,0.46270410648043914,0.4626494335700513,0.4626494335700513
sugar_box1_clean,228,0.5183175952741459,0.3123530696478841,0.48361542566033566,0.5354042619560118,0.023541455811957004,0.02606243536827004,0.0019588638589618022,0.017080745341614908,-0.20596452562626177,0.0517888362956761,MODE_1_ACCEPT,simple,four_mode_relocalization_v2,0.0,0,0,0,False,0,0,0.3123530696478841,0,0,precomputed,0,0.0,2.2382428869605064,0,229,cache_read_only_not_online_fps,157ff887794c6cb410230016d2d4aa63b09139d0c130484af891fca7557bb682,cached_perception_v2,0,0,0,,,0,0.0,0,10.313572362065315,0.6214389577507973,2.8596818447113037,0.5183175952741459,0.4178087923789809,0.5183175952741459,0.5183955244118567,0.5183175952741459,0.5183175952741459
sugar_box1_clean,229,0.4383727993791332,0.632351292640926,0.4863263517616552,0.5233363466134848,0.02367341840793201,0.025474992783305703,0.0019588638589618022,0.017080745341614908,0.19397849326179284,0.03700999485182965,MODE_1_ACCEPT,simple,four_mode_relocalization_v2,0.0,0,0,0,False,0,0,0.4383727993791332,0,0,precomputed,0,0.0,1.9168434664607048,0,230,cache_read_only_not_online_fps,157ff887794c6cb410230016d2d4aa63b09139d0c130484af891fca7557bb682,cached_perception_v2,0,0,0,,,0,0.0,0,10.358507744967937,0.616077333688736,2.5329208001494408,0.4383727993791332,0.40325161647739693,0.4383727993791332,0.4384018164515633,0.4383727993791332,0.4383727993791332
sugar_box1_clean,230,0.5849383849013198,0.6006159370985386,0.4732371035630978,0.47107999032855463,0.023036259331260005,0.0229312552656369,0.0019588638589618022,0.0019588638589618022,0.01567755219721878,-0.002157113234543151,MODE_1_ACCEPT,simple,four_mode_relocalization_v2,0.0,0,0,0,False,0,0,0.5849383849013198,0,0,precomputed,0,0.0,3.5369526594877243,0,231,cache_read_only_not_online_fps,157ff887794c6cb410230016d2d4aa63b09139d0c130484af891fca7557bb682,cached_perception_v2,0,0,0,,,0,0.0,0,17.175224609673023,0.6214668974280357,4.15841955691576,0.5849383849013198,0.6079422843988542,0.5849383849013198,0.5849593312813661,0.5849383849013198,0.5849383849013198
sugar_box1_clean,231,0.6027608099104953,0.38698778461347005,0.4381896121888363,0.42094317545194676,0.021330215798052686,0.020490692890360422,0.0019588638589618022,0.0019588638589618022,-0.21577302529702524,-0.017246436736889525,MODE_1_ACCEPT,simple,four_mode_relocalization_v2,0.0,0,0,0,False,0,0,0.38698778461347005,0,0,precomputed,0,0.0,2.333962358534336,0,232,cache_read_only_not_online_fps,157ff887794c6cb410230016d2d4aa63b09139d0c130484af891fca7557bb682,cached_perception_v2,0,0,0,,,0,0.0,0,11.192592792212963,0.5899490788578987,2.923911437392235,0.6027608099104953,0.5076378505020198,0.6027608099104953,0.6027315217664568,0.6027608099104953,0.38698778461347005
sugar_box1_clean,232,0.47223479890812003,0.7893422018341857,0.3999578646568759,0.5091945473976324,0.019469168884777274,0.02478659757571491,0.0,0.017080745341614908,0.31710740292606565,0.10923668274075649,MODE_1_ACCEPT,simple,four_mode_relocalization_v2,0.0,0,0,0,False,0,0,0.47223479890812003,0,0,precomputed,0,0.0,1.8695350736379623,0,233,cache_read_only_not_online_fps,157ff887794c6cb410230016d2d4aa63b09139d0c130484af891fca7557bb682,cached_perception_v2,0,0,0,,,0,0.0,0,10.036962106823921,0.5907239392399788,2.460259012877941,0.47223479890812003,0.5133668263302982,0.47223479890812003,0.4722862595654983,0.47223479890812003,0.345835081464277
sugar_box1_clean,233,0.5320456523893085,0.5098559483620708,0.403586977888404,0.37799574670405156,0.019645827039673706,0.018400095811648032,0.0,0.0,-0.022189704027237633,-0.025591231184352414,MODE_1_ACCEPT,simple,four_mode_relocalization_v2,0.0,0,0,0,False,0,0,0.5098559483620708,0,0,precomputed,0,0.0,1.9531585276126862,0,234,cache_read_only_not_online_fps,157ff887794c6cb410230016d2d4aa63b09139d0c130484af891fca7557bb682,cached_perception_v2,0,0,0,,,0,0.0,0,10.107369162142277,0.6032437086105347,2.556402236223221,0.5320456523893085,0.6160968194128011,0.5320456523893085,0.5321826079362462,0.5320456523893085,0.44996098635682474
sugar_box1_clean,234,0.45325015187456963,0.5093503293867745,0.33179037990519333,0.4002073245860615,0.01615090866199215,0.01948131210765268,0.0,0.0,0.05610017751220486,0.06841694468086817,MODE_1_ACCEPT,simple,four_mode_relocalization_v2,0.0,0,0,0,False,0,0,0.45325015187456963,0,0,precomputed,0,0.0,3.6068465560674667,0,235,cache_read_only_not_online_fps,157ff887794c6cb410230016d2d4aa63b09139d0c130484af891fca7557bb682,cached_perception_v2,0,0,0,,,0,0.0,0,17.154675908386707,0.6449362263083458,4.2517827823758125,0.45325015187456963,0.5334045137101274,0.45325015187456963,0.4533569425101808,0.45325015187456963,0.45325015187456963
sugar_box1_clean,235,0.5031992903252135,0.49267039280632247,0.3458152425917687,0.32817159488277686,0.016833611627378266,0.015974753264174003,0.0,0.0,-0.010528897518891023,-0.01764364770899185,MODE_1_ACCEPT,simple,four_mode_relocalization_v2,0.0,0,0,0,False,0,0,0.49267039280632247,0,0,precomputed,0,0.0,1.9272500649094582,0,236,cache_read_only_not_online_fps,157ff887794c6cb410230016d2d4aa63b09139d0c130484af891fca7557bb682,cached_perception_v2,0,0,0,,,0,0.0,0,10.642281733453274,0.6157746538519859,2.543024718761444,0.5031992903252135,0.5156745063341096,0.5031992903252135,0.5033007777493574,0.5031992903252135,0.5031992903252135
sugar_box1_clean,236,0.3813853501412259,0.5097736720655741,0.2997183344836393,0.3643620891158772,0.01458970403527936,0.017736435947554325,0.0,0.0,0.12838832192434824,0.06464375463223787,MODE_1_ACCEPT,simple,four_mode_relocalization_v2,0.0,0,0,0,False,0,0,0.3813853501412259,0,0,precomputed,0,0.0,2.5313720107078552,0,237,cache_read_only_not_online_fps,157ff887794c6cb410230016d2d4aa63b09139d0c130484af891fca7557bb682,cached_perception_v2,0,0,0,,,0,0.0,0,10.40914561599493,0.61753299087286,3.148905001580715,0.3813853501412259,0.4240059480671069,0.3813853501412259,0.3814962363535156,0.3813853501412259,0.3813853501412259
sugar_box1_clean,237,0.26099588971646925,0.2869267294053068,0.28297800488553143,0.2608935328416321,0.013774817436132208,0.012699788404454867,0.0,0.0,0.025930839688837526,-0.02208447204389935,MODE_1_ACCEPT,simple,four_mode_relocalization_v2,0.0,0,0,0,False,0,0,0.26099588971646925,0,0,precomputed,0,0.0,2.1541304886341095,0,238,cache_read_only_not_online_fps,157ff887794c6cb410230016d2d4aa63b09139d0c130484af891fca7557bb682,cached_perception_v2,0,0,0,,,0,0.0,0,10.011539794504642,0.5984073504805565,2.752537839114666,0.26099588971646925,0.26196329074368746,0.26099588971646925,0.261067809877714,0.26099588971646925,0.26099588971646925
sugar_box1_clean,238,0.200649701663998,0.3877483247126417,0.27339757501430484,0.25368622865147405,0.013308460793010079,0.01234895089160203,0.0,0.0,0.1870986230486437,-0.019711346362830784,MODE_1_ACCEPT,simple,four_mode_relocalization_v2,0.0,0,0,0,False,0,0,0.200649701663998,0,0,precomputed,0,0.0,2.198699861764908,0,239,cache_read_only_not_online_fps,157ff887794c6cb410230016d2d4aa63b09139d0c130484af891fca7557bb682,cached_perception_v2,0,0,0,,,0,0.0,0,10.061809793114662,0.6064167246222496,2.8051165863871574,0.200649701663998,0.2801557358827381,0.200649701663998,0.2008525915633997,0.200649701663998,0.200649701663998
sugar_box1_clean,239,0.21068457843186808,0.4241623450592529,0.2853679108011461,0.3150592591677586,0.013891153395495697,0.015336470332224166,0.0,0.0,0.2134777666273848,0.029691348366612524,MODE_1_ACCEPT,simple,four_mode_relocalization_v2,0.0,0,0,0,False,0,0,0.21068457843186808,0,0,precomputed,0,0.0,2.1718721836805344,0,240,cache_read_only_not_online_fps,157ff887794c6cb410230016d2d4aa63b09139d0c130484af891fca7557bb682,cached_perception_v2,0,0,0,,,0,0.0,0,9.966270066797733,0.6110062822699547,2.782878465950489,0.21068457843186808,0.2544630682510793,0.21068457843186808,0.21069989118855828,0.21068457843186808,0.21068457843186808
sugar_box1_clean,240,0.3369678865461712,0.3159299758868831,0.2797787229335148,0.29555156811040373,0.013619082629698865,0.014386873973933945,0.0,0.0,-0.021037910659288117,0.015772845176888928,MODE_1_ACCEPT,simple,four_mode_relocalization_v2,0.0,0,0,0,False,0,0,0.3159299758868831,0,0,precomputed,0,0.0,1.9708871841430664,0,241,cache_read_only_not_online_fps,157ff887794c6cb410230016d2d4aa63b09139d0c130484af891fca7557bb682,cached_perception_v2,0,0,0,,,0,0.0,0,9.855787269771099,0.6014853715896606,2.572372555732727,0.3369678865461712,0.3355410425689906,0.3369678865461712,0.33718930917243645,0.3369678865461712,0.3159299758868831
sugar_box1_clean,241,0.34160362836415975,0.3566213747785175,0.26756137754958004,0.2733012111895624,0.013024366081725641,0.013303769989942855,0.0,0.0,0.015017746414357769,0.005739833639982372,MODE_1_ACCEPT,simple,four_mode_relocalization_v2,0.0,0,0,0,False,0,0,0.34160362836415975,0,0,precomputed,0,0.0,2.050408162176609,0,242,cache_read_only_not_online_fps,157ff887794c6cb410230016d2d4aa63b09139d0c130484af891fca7557bb682,cached_perception_v2,0,0,0,,,0,0.0,0,10.100608691573143,0.6127394735813141,2.663147635757923,0.34160362836415975,0.2970082114239941,0.34160362836415975,0.34161354561012797,0.34160362836415975,0.29785016302664946
sugar_box1_clean,242,0.3700855374107974,0.47366361960443454,0.32632527154185353,0.3791277111550677,0.01588487784449403,0.01845519763365447,0.0,0.0,0.10357808219363712,0.05280243961321418,MODE_1_ACCEPT,simple,four_mode_relocalization_v2,0.0,0,0,0,False,0,0,0.3700855374107974,0,0,precomputed,0,0.0,1.9173100590705872,0,243,cache_read_only_not_online_fps,157ff887794c6cb410230016d2d4aa63b09139d0c130484af891fca7557bb682,cached_perception_v2,0,0,0,,,0,0.0,0,9.745923802256584,0.6113508716225624,2.5286609306931496,0.3700855374107974,0.36468391103147907,0.3700855374107974,0.37002481373582796,0.3700855374107974,0.3700855374107974
sugar_box1_clean,243,0.3996684405192045,0.47499241750583227,0.3507280941627216,0.3775578334786725,0.017072759661191234,0.018378779049820892,0.0,0.0,0.07532397698662774,0.026829739315950896,MODE_1_ACCEPT,simple,four_mode_relocalization_v2,0.0,0,0,0,False,0,0,0.3996684405192045,0,0,precomputed,0,0.0,1.480868086218834,0,244,cache_read_only_not_online_fps,157ff887794c6cb410230016d2d4aa63b09139d0c130484af891fca7557bb682,cached_perception_v2,0,0,0,,,0,0.0,0,9.722312912344933,0.5985954776406288,2.0794635638594627,0.3996684405192045,0.4459610193249748,0.3996684405192045,0.399601899443489,0.3996684405192045,0.3996684405192045
sugar_box1_clean,244,0.3443931261794271,0.43138245270238196,0.35495788226587355,0.33960747940351893,0.017278657497448897,0.016531429821271204,0.0,0.0,0.08698932652295488,-0.015350402862354617,MODE_1_ACCEPT,simple,four_mode_relocalization_v2,0.0,0,0,0,False,0,0,0.3443931261794271,0,0,precomputed,0,0.0,2.1998202428221703,0,245,cache_read_only_not_online_fps,157ff887794c6cb410230016d2d4aa63b09139d0c130484af891fca7557bb682,cached_perception_v2,0,0,0,,,0,0.0,0,10.89437585324049,0.6048716604709625,2.804691903293133,0.3443931261794271,0.35134300463090806,0.3443931261794271,0.34433388895193556,0.3443931261794271,0.3443931261794271
sugar_box1_clean,245,0.4690654390412791,0.5843053200729255,0.39352422331057535,0.45525583788165763,0.019155991770426317,0.022160966383553273,0.0,0.0019588638589618022,0.11523988103164634,0.06173161457108228,MODE_1_ACCEPT,simple,four_mode_relocalization_v2,0.0,0,0,0,False,0,0,0.4690654390412791,0,0,precomputed,0,0.0,2.172311767935753,0,246,cache_read_only_not_online_fps,157ff887794c6cb410230016d2d4aa63b09139d0c130484af891fca7557bb682,cached_perception_v2,0,0,0,,,0,0.0,0,10.124120861291885,0.6155269220471382,2.787838689982891,0.4690654390412791,0.4737563185416067,0.4690654390412791,0.46891382726132574,0.4690654390412791,0.4690654390412791
sugar_box1_clean,246,0.6965212308967779,0.6913553663364467,0.48572117530308245,0.49874306242230265,0.02364395959809675,0.024277839668788954,0.0019588638589618022,0.017080745341614908,-0.00516586456033119,0.013021887119220199,MODE_1_ACCEPT,simple,four_mode_relocalization_v2,0.0,0,0,0,False,0,0,0.6913553663364467,0,0,precomputed,0,0.0,2.109561115503311,0,247,cache_read_only_not_online_fps,157ff887794c6cb410230016d2d4aa63b09139d0c130484af891fca7557bb682,cached_perception_v2,0,0,0,,,0,0.0,0,9.796345606446266,0.6674658507108688,2.77702696621418,0.6965212308967779,0.7203029386556404,0.6965212308967779,0.696489319697697,0.6965212308967779,0.6913553663364467
sugar_box1_clean,247,0.6621495732790644,0.6996923906302845,0.4973439504846502,0.4914004741378684,0.02420973362810331,0.02392041679004727,0.017080745341614908,0.017080745341614908,0.037542817351220115,-0.005943476346781773,MODE_1_ACCEPT,simple,four_mode_relocalization_v2,0.0,0,0,0,False,0,0,0.6621495732790644,0,0,precomputed,0,0.0,3.993337042629719,0,248,cache_read_only_not_online_fps,157ff887794c6cb410230016d2d4aa63b09139d0c130484af891fca7557bb682,cached_perception_v2,0,0,0,,,0,0.0,0,19.23688966780901,0.6966041401028633,4.689941182732582,0.6621495732790644,0.6498965262915759,0.6621495732790644,0.6619677842409838,0.6621495732790644,0.6304024230163714
sugar_box1_clean,248,0.7718430245882844,0.8360990537719284,0.5089872553403647,0.511989555577968,0.024776507002611966,0.024922653123326085,0.017080745341614908,0.017080745341614908,0.06425602918364404,0.0030023002376032837,MODE_1_ACCEPT,simple,four_mode_relocalization_v2,0.0,0,0,0,False,0,0,0.7718430245882844,0,0,precomputed,0,0.0,1.7744209617376328,0,249,cache_read_only_not_online_fps,157ff887794c6cb410230016d2d4aa63b09139d0c130484af891fca7557bb682,cached_perception_v2,0,0,0,,,0,0.0,0,11.41404639929533,0.6291298195719719,2.4035507813096046,0.7718430245882844,0.7713980296099255,0.7718430245882844,0.7716880124407212,0.7718430245882844,0.76807996732374
sugar_box1_clean,249,0.7263425804502024,0.7634693897941035,0.49572483506547965,0.4957180675853558,0.024130918246971046,0.02413058881923603,0.017080745341614908,0.017080745341614908,0.03712680934390111,-6.767480123848202e-06,MODE_1_ACCEPT,simple,four_mode_relocalization_v2,0.0,0,0,0,False,0,0,0.7263425804502024,0,0,precomputed,0,0.0,2.3063989356160164,0,250,cache_read_only_not_online_fps,157ff887794c6cb410230016d2d4aa63b09139d0c130484af891fca7557bb682,cached_perception_v2,0,0,0,,,0,0.0,0,10.159737430512905,0.5940934643149376,2.900492399930954,0.7263425804502024,0.7605753742959962,0.7263425804502024,0.7262619956580183,0.7263425804502024,0.7263425804502024
sugar_box1_clean,250,0.7021828813571889,0.8189890482074047,0.417952519185087,0.4545186687560743,0.020345113575434934,0.022125082428089766,0.0019588638589618022,0.0019588638589618022,0.11680616685021583,0.03656614957098725,MODE_1_ACCEPT,simple,four_mode_relocalization_v2,0.0,0,0,0,False,0,0,0.7021828813571889,0,0,precomputed,0,0.0,2.1983804181218147,0,251,cache_read_only_not_online_fps,157ff887794c6cb410230016d2d4aa63b09139d0c130484af891fca7557bb682,cached_perception_v2,0,0,0,,,0,0.0,0,11.82731706649065,0.6405645981431007,2.8389450162649155,0.7021828813571889,0.7817853109969886,0.7021828813571889,0.7020700651541095,0.7021828813571889,0.7021828813571889
sugar_box1_clean,251,0.48991467635724095,0.6394435270054597,0.37300263739792344,0.38411351638085856,0.018157040987799127,0.018697896909116406,0.0,0.0,0.14952885064821875,0.011110878982935113,MODE_1_ACCEPT,simple,four_mode_relocalization_v2,0.0,0,0,0,False,0,0,0.48991467635724095,0,0,precomputed,0,0.0,1.4946693554520607,0,252,cache_read_only_not_online_fps,157ff887794c6cb410230016d2d4aa63b09139d0c130484af891fca7557bb682,cached_perception_v2,0,0,0,,,0,0.0,0,10.26667095720768,0.609980896115303,2.1046502515673637,0.48991467635724095,0.5325368719438396,0.48991467635724095,0.48977803745378945,0.48991467635724095,0.48991467635724095
sugar_box1_clean,252,0.46083350407615553,0.3708861003934505,0.31028104379035387,0.3126746577226169,0.015103876125756088,0.015220392584138933,0.0,0.0,-0.08994740368270504,0.0023936139322630057,MODE_1_ACCEPT,simple,four_mode_relocalization_v2,0.0,0,0,0,False,0,0,0.3708861003934505,0,0,precomputed,0,0.0,1.9488278776407242,0,253,cache_read_only_not_online_fps,157ff887794c6cb410230016d2d4aa63b09139d0c130484af891fca7557bb682,cached_perception_v2,0,0,0,,,0,0.0,0,9.824397973716259,1.380210742354393,3.329038619995117,0.46083350407615553,0.43802371189595446,0.46083350407615553,0.4608283897424584,0.46083350407615553,0.3708861003934505
sugar_box1_clean,253,0.26807255243823946,0.386414785582744,0.2881326580743544,0.30208983672679374,0.014025735901160383,0.014705144139756895,0.0,0.0,0.11834223314450454,0.01395717865243934,MODE_1_ACCEPT,simple,four_mode_relocalization_v2,0.0,0,0,0,False,0,0,0.26807255243823946,0,0,precomputed,0,0.0,2.6723509654402733,0,254,cache_read_only_not_online_fps,157ff887794c6cb410230016d2d4aa63b09139d0c130484af891fca7557bb682,cached_perception_v2,0,0,0,,,0,0.0,0,14.489483088254929,0.6195744499564171,3.2919254153966904,0.26807255243823946,0.2874611497386576,0.26807255243823946,0.2680009407331729,0.26807255243823946,0.26807255243823946
sugar_box1_clean,254,0.3475332391256659,0.3284321488394556,0.2717238854383975,0.26406364697145107,0.013226988848354142,0.012854103378184446,0.0,0.0,-0.01910109028621032,-0.007660238466946412,MODE_1_ACCEPT,simple,four_mode_relocalization_v2,0.0,0,0,0,False,0,0,0.3284321488394556,0,0,precomputed,0,0.0,2.3053567856550217,0,255,cache_read_only_not_online_fps,157ff887794c6cb410230016d2d4aa63b09139d0c130484af891fca7557bb682,cached_perception_v2,0,0,0,,,0,0.0,0,9.78801678866148,0.6151795387268066,2.9205363243818283,0.3475332391256659,0.33343081314294193,0.3475332391256659,0.34745532544002655,0.3475332391256659,0.3475332391256659
sugar_box1_clean,255,0.2513413356258469,0.4060063914682012,0.25477390634659336,0.2694382190349166,0.012401896920695994,0.013115727065161537,0.0,0.0,0.15466505584235435,0.014664312688323244,MODE_1_ACCEPT,simple,four_mode_relocalization_v2,0.0,0,0,0,False,0,0,0.2513413356258469,0,0,precomputed,0,0.0,1.9270116463303566,0,256,cache_read_only_not_online_fps,157ff887794c6cb410230016d2d4aa63b09139d0c130484af891fca7557bb682,cached_perception_v2,0,0,0,,,0,0.0,0,10.053683072328568,0.6177257746458054,2.544737420976162,0.2513413356258469,0.3206504045521287,0.2513413356258469,0.25120384975842136,0.2513413356258469,0.2513413356258469
sugar_box1_clean,256,0.34323140538597985,0.26676179825248514,0.2570400982302057,0.24828690024284533,0.012512210722239092,0.012086122114020294,0.0,0.0,-0.07646960713349471,-0.00875319798736035,MODE_1_ACCEPT,simple,four_mode_relocalization_v2,0.0,0,0,0,False,0,0,0.26676179825248514,0,0,precomputed,0,0.0,2.2100359201431274,0,257,cache_read_only_not_online_fps,157ff887794c6cb410230016d2d4aa63b09139d0c130484af891fca7557bb682,cached_perception_v2,0,0,0,,,0,0.0,0,10.43054461479187,0.6355121731758118,2.845548093318939,0.34323140538597985,0.22716913041372702,0.34323140538597985,0.34313415432929595,0.34323140538597985,0.26676179825248514
sugar_box1_clean,257,0.42586864397129615,0.3469115597462421,0.26383176457561913,0.24837532117571492,0.012842815795354361,0.01209042627260076,0.0,0.0,-0.07895708422505404,-0.015456443399904207,MODE_1_ACCEPT,simple,four_mode_relocalization_v2,0.0,0,0,0,False,0,0,0.3469115597462421,0,0,precomputed,0,0.0,2.2379010915756226,0,258,cache_read_only_not_online_fps,157ff887794c6cb410230016d2d4aa63b09139d0c130484af891fca7557bb682,cached_perception_v2,0,0,0,,,0,0.0,0,10.507192462682724,0.6392216309905052,2.8771227225661278,0.42586864397129615,0.3583912020743973,0.42586864397129615,0.4257975712908492,0.42586864397129615,0.3243635402527279
sugar_box1_clean,258,0.3909105157205519,0.46686735198528934,0.25512216665546006,0.27904834753931773,0.01241884955338146,0.013583529379830638,0.0,0.0,0.07595683626473743,0.023926180883857673,MODE_1_ACCEPT,simple,four_mode_relocalization_v2,0.0,0,0,0,False,0,0,0.3909105157205519,0,0,precomputed,0,0.0,1.9034678116440773,0,259,cache_read_only_not_online_fps,157ff887794c6cb410230016d2d4aa63b09139d0c130484af891fca7557bb682,cached_perception_v2,0,0,0,,,0,0.0,0,10.49725990742445,0.6274189800024033,2.5308867916464806,0.3909105157205519,0.3839645110227993,0.3909105157205519,0.39085129734823715,0.3909105157205519,0.3909105157205519
sugar_box1_clean,259,0.39856020777717843,0.36445740367385704,0.25274069269944166,0.24895890267140564,0.012302924045367765,0.01211883388175574,0.0,0.0,-0.034102804103321394,-0.003781790028036025,MODE_1_ACCEPT,simple,four_mode_relocalization_v2,0.0,0,0,0,False,0,0,0.36445740367385704,0,0,precomputed,0,0.0,1.6213897615671158,0,260,cache_read_only_not_online_fps,157ff887794c6cb410230016d2d4aa63b09139d0c130484af891fca7557bb682,cached_perception_v2,0,0,0,,,0,0.0,0,10.62916498631239,0.6550699472427368,2.2764597088098526,0.39856020777717843,0.4087733583612705,0.39856020777717843,0.39848976377380607,0.39856020777717843,0.39856020777717843
sugar_box1_clean,260,0.39456679121265653,0.3949239729189207,0.25342157988826813,0.2529478605791549,0.012336068305906599,0.012313008573749519,0.0,0.0,0.0003571817062641425,-0.0004737193091132186,MODE_1_ACCEPT,simple,four_mode_relocalization_v2,0.0,0,0,0,False,0,0,0.39456679121265653,0,0,precomputed,0,0.0,2.0277947187423706,0,261,cache_read_only_not_online_fps,157ff887794c6cb410230016d2d4aa63b09139d0c130484af891fca7557bb682,cached_perception_v2,0,0,0,,,0,0.0,0,10.37949975579977,0.6173280999064445,2.645122818648815,0.39456679121265653,0.4069495211056896,0.39456679121265653,0.3944996314867669,0.39456679121265653,0.39456679121265653
sugar_box1_clean,261,0.3635271460223092,0.40782926611605175,0.2506158190494731,0.25622887090893415,0.012199489339850617,0.01247272175823202,0.0,0.0,0.04430212009374257,0.005613051859461038,MODE_1_ACCEPT,simple,four_mode_relocalization_v2,0.0,0,0,0,False,0,0,0.3635271460223092,0,0,precomputed,0,0.0,2.210543490946293,0,262,cache_read_only_not_online_fps,157ff887794c6cb410230016d2d4aa63b09139d0c130484af891fca7557bb682,cached_perception_v2,0,0,0,,,0,0.0,0,9.800934232771397,0.6014630198478699,2.8120065107941628,0.3635271460223092,0.39207895175218815,0.3635271460223092,0.3634419654559594,0.3635271460223092,0.3635271460223092
sugar_box1_clean,262,0.38813630216100947,0.33283746393194386,0.25276598543646406,0.2412077733312054,0.012304155246482085,0.01174152402112436,0.0,0.0,-0.05529883822906562,-0.011558212105258647,MODE_1_ACCEPT,simple,four_mode_relocalization_v2,0.0,0,0,0,False,0,0,0.33283746393194386,0,0,precomputed,0,0.0,1.9460059702396393,0,263,cache_read_only_not_online_fps,157ff887794c6cb410230016d2d4aa63b09139d0c130484af891fca7557bb682,cached_perception_v2,0,0,0,,,0,0.0,0,9.878735058009624,0.6031524389982224,2.5491584092378616,0.38813630216100947,0.3821202267397922,0.38813630216100947,0.3880598381624668,0.38813630216100947,0.33283746393194386
sugar_box1_clean,263,0.39159187399905776,0.42060926226514594,0.2515019414779126,0.2540896893044403,0.012242624051620013,0.012368590569390844,0.0,0.0,0.029017388266088184,0.0025877478265277087,MODE_1_ACCEPT,simple,four_mode_relocalization_v2,0.0,0,0,0,False,0,0,0.39159187399905776,0,0,precomputed,0,0.0,1.9131321460008621,0,264,cache_read_only_not_online_fps,157ff887794c6cb410230016d2d4aa63b09139d0c130484af891fca7557bb682,cached_perception_v2,0,0,0,,,0,0.0,0,9.993367828428745,0.6158612668514252,2.5289934128522873,0.39159187399905776,0.3855067802495507,0.39159187399905776,0.3915112982232294,0.39159187399905776,0.3116420185759138
sugar_box1_clean,264,0.3928247760962389,0.394919131979767,0.25248326861443426,0.26400597048859675,0.012290393142918033,0.01285129579947529,0.0,0.0,0.0020943558835281317,0.011522701874162489,MODE_1_ACCEPT,simple,four_mode_relocalization_v2,0.0,0,0,0,False,0,0,0.3928247760962389,0,0,precomputed,0,0.0,2.1824482828378677,0,265,cache_read_only_not_online_fps,157ff887794c6cb410230016d2d4aa63b09139d0c130484af891fca7557bb682,cached_perception_v2,0,0,0,,,0,0.0,0,9.774042293429375,0.6064502522349358,2.7888985350728035,0.3928247760962389,0.38640431539157116,0.3928247760962389,0.3927523406308529,0.3928247760962389,0.28668091611464097
sugar_box1_clean,265,0.3815441947590649,0.37969719208333963,0.24904817501919704,0.2524876464641312,0.012123179485554237,0.012290606248103937,0.0,0.0,-0.0018470026757252955,0.0034394714449341446,MODE_1_ACCEPT,simple,four_mode_relocalization_v2,0.0,0,0,0,False,0,0,0.37969719208333963,0,0,precomputed,0,0.0,1.9058333709836006,0,266,cache_read_only_not_online_fps,157ff887794c6cb410230016d2d4aa63b09139d0c130484af891fca7557bb682,cached_perception_v2,0,0,0,,,0,0.0,0,9.852245450019836,0.6159832701086998,2.5218166410923004,0.3815441947590649,0.37699942565841715,0.3815441947590649,0.38146622976341665,0.3815441947590649,0.2608996775849144
sugar_box1_clean,266,0.39635535356131213,0.3984117552979343,0.2619662419873964,0.25511150037105773,0.01275200579375673,0.012418330339457313,0.0,0.0,0.002056401736622193,-0.006854741616338644,MODE_1_ACCEPT,simple,four_mode_relocalization_v2,0.0,0,0,0,False,0,0,0.39635535356131213,0,0,precomputed,0,0.0,1.877814531326294,0,267,cache_read_only_not_online_fps,157ff887794c6cb410230016d2d4aa63b09139d0c130484af891fca7557bb682,cached_perception_v2,0,0,0,,,0,0.0,0,9.89677757024765,0.6146375089883804,2.4924520403146744,0.39635535356131213,0.39583547842356426,0.39635535356131213,0.39627877923363297,0.39635535356131213,0.26397984212812814
sugar_box1_clean,267,0.38148385475691776,0.39181805551168775,0.2571273633357433,0.2575438093511389,0.012516458617399044,0.012536730397307872,0.0,0.0,0.010334200754769984,0.00041644601539558845,MODE_1_ACCEPT,simple,four_mode_relocalization_v2,0.0,0,0,0,False,0,0,0.38148385475691776,0,0,precomputed,0,0.0,1.472441479563713,0,268,cache_read_only_not_online_fps,157ff887794c6cb410230016d2d4aa63b09139d0c130484af891fca7557bb682,cached_perception_v2,0,0,0,,,0,0.0,0,9.780561551451683,0.5984548479318619,2.070896327495575,0.38148385475691776,0.3865526716860753,0.38148385475691776,0.3813736150496443,0.38148385475691776,0.2597288845438163
sugar_box1_clean,268,0.4075395466304717,0.3836071222302935,0.2612484607076286,0.26077038782827194,0.012717065600818858,0.012693793945352323,0.0,0.0,-0.02393242440017823,-0.0004780728793566391,MODE_1_ACCEPT,simple,four_mode_relocalization_v2,0.0,0,0,0,False,0,0,0.3836071222302935,0,0,precomputed,0,0.0,2.109156921505928,0,269,cache_read_only_not_online_fps,157ff887794c6cb410230016d2d4aa63b09139d0c130484af891fca7557bb682,cached_perception_v2,0,0,0,,,0,0.0,0,10.252767242491245,0.6343359127640724,2.7434928342700005,0.4075395466304717,0.39798483657764033,0.4075395466304717,0.4074535264184601,0.4075395466304717,0.2702726885520052
sugar_box1_clean,269,0.41121400357666904,0.4340333102761623,0.2569424075267742,0.25161736938362667,0.012507455329304862,0.012248242856971651,0.0,0.0,0.02281930669949328,-0.0053250381431475535,MODE_1_ACCEPT,simple,four_mode_relocalization_v2,0.0,0,0,0,False,0,0,0.41121400357666904,0,0,precomputed,0,0.0,1.9700294360518456,0,270,cache_read_only_not_online_fps,157ff887794c6cb410230016d2d4aa63b09139d0c130484af891fca7557bb682,cached_perception_v2,0,0,0,,,0,0.0,0,10.179257951676846,1.2631751596927643,3.23320459574461,0.41121400357666904,0.4073323794727259,0.41121400357666904,0.41115858372676634,0.41121400357666904,0.2811156318837522
sugar_box1_clean,270,0.39361580379290273,0.4130756131073079,0.24828876728269858,0.25491629478949146,0.012086212997879394,0.012408828112421407,0.0,0.0,0.019459809314405163,0.00662752750679288,MODE_1_ACCEPT,simple,four_mode_relocalization_v2,0.0,0,0,0,False,0,0,0.39361580379290273,0,0,precomputed,0,0.0,2.8515709564089775,0,271,cache_read_only_not_online_fps,157ff887794c6cb410230016d2d4aa63b09139d0c130484af891fca7557bb682,cached_perception_v2,0,0,0,,,0,0.0,0,14.05891589820385,0.6423741579055786,3.493945114314556,0.39361580379290273,0.4036171934208828,0.39361580379290273,0.3935396773809462,0.39361580379290273,0.2948175389537837
sugar_box1_clean,271,0.3660391051325142,0.3720091501298297,0.2463238669612256,0.24737594274402225,0.011990565482025869,0.012041778479456047,0.0,0.0,0.005970044997315516,0.0010520757827966465,MODE_1_ACCEPT,simple,four_mode_relocalization_v2,0.0,0,0,0,False,0,0,0.3660391051325142,0,0,precomputed,0,0.0,1.9899792969226837,0,272,cache_read_only_not_online_fps,157ff887794c6cb410230016d2d4aa63b09139d0c130484af891fca7557bb682,cached_perception_v2,0,0,0,,,0,0.0,0,10.52963174879551,0.6267251446843147,2.6167044416069984,0.3660391051325142,0.38236861053332877,0.3660391051325142,0.3659637185502362,0.3660391051325142,0.31681338007008497
sugar_box1_clean,272,0.40436357765029785,0.36535795769077034,0.2582719854182987,0.24789037321950402,0.012572176588224883,0.012066819951800199,0.0,0.0,-0.039005619959527504,-0.010381612198794687,MODE_1_ACCEPT,simple,four_mode_relocalization_v2,0.0,0,0,0,False,0,0,0.36535795769077034,0,0,precomputed,0,0.0,1.9560344517230988,0,273,cache_read_only_not_online_fps,157ff887794c6cb410230016d2d4aa63b09139d0c130484af891fca7557bb682,cached_perception_v2,0,0,0,,,0,0.0,0,10.695972479879856,0.6526662036776543,2.608700655400753,0.40436357765029785,0.39200407711223184,0.40436357765029785,0.4043114918754683,0.40436357765029785,0.3367929545257127
sugar_box1_clean,273,0.3851428908383932,0.43330323616859395,0.25193116944421085,0.26164561112846274,0.012263518031972417,0.012736398108813203,0.0,0.0,0.04816034533020075,0.009714441684251895,MODE_1_ACCEPT,simple,four_mode_relocalization_v2,0.0,0,0,0,False,0,0,0.3851428908383932,0,0,precomputed,0,0.0,2.0469678565859795,0,274,cache_read_only_not_online_fps,157ff887794c6cb410230016d2d4aa63b09139d0c130484af891fca7557bb682,cached_perception_v2,0,0,0,,,0,0.0,0,9.968715719878674,0.9701307862997055,3.017098642885685,0.3851428908383932,0.3757619226476681,0.3851428908383932,0.38505981606560097,0.3851428908383932,0.364796086487746
sugar_box1_clean,274,0.3787578676987576,0.4160386593549699,0.24873051991644216,0.24560687896942332,0.012107716654618404,0.011955663904799149,0.0,0.0,0.03728079165621234,-0.0031236409470188353,MODE_1_ACCEPT,simple,four_mode_relocalization_v2,0.0,0,0,0,False,0,0,0.3787578676987576,0,0,precomputed,0,0.0,3.0114110559225082,0,275,cache_read_only_not_online_fps,157ff887794c6cb410230016d2d4aa63b09139d0c130484af891fca7557bb682,cached_perception_v2,0,0,0,,,0,0.0,0,13.30948993563652,0.6188424304127693,3.6302534863352776,0.3787578676987576,0.3758505883182194,0.3787578676987576,0.3786817395270732,0.3787578676987576,0.3787578676987576
sugar_box1_clean,275,0.3699261921142427,0.373234479365609,0.2519739806018586,0.25236981033799855,0.01226560199563972,0.012284870215278649,0.0,0.0,0.003308287251366282,0.000395829736139941,MODE_1_ACCEPT,simple,four_mode_relocalization_v2,0.0,0,0,0,False,0,0,0.3699261921142427,0,0,precomputed,0,0.0,1.5675397589802742,0,276,cache_read_only_not_online_fps,157ff887794c6cb410230016d2d4aa63b09139d0c130484af891fca7557bb682,cached_perception_v2,0,0,0,,,0,0.0,0,10.179160162806511,0.6300145760178566,2.197554334998131,0.3699261921142427,0.3720435907242702,0.3699261921142427,0.36987328807557235,0.3699261921142427,0.3699261921142427
sugar_box1_clean,276,0.4122507249229664,0.38752496671449965,0.24906840870718028,0.24670309402841542,0.012124164422027097,0.012009025516117539,0.0,0.0,-0.02472575820846673,-0.002365314678764857,MODE_1_ACCEPT,simple,four_mode_relocalization_v2,0.0,0,0,0,False,0,0,0.38752496671449965,0,0,precomputed,0,0.0,1.9650375470519066,0,277,cache_read_only_not_online_fps,157ff887794c6cb410230016d2d4aa63b09139d0c130484af891fca7557bb682,cached_perception_v2,0,0,0,,,0,0.0,0,10.010422207415104,0.6309384480118752,2.5959759950637817,0.4122507249229664,0.398865037496931,0.4122507249229664,0.41217070702513003,0.4122507249229664,0.38752496671449965
sugar_box1_clean,277,0.377069677723001,0.43097762262152484,0.25358820303357743,0.2655103442179995,0.012344179195684759,0.012924525778909976,0.0,0.0,0.05390794489852385,0.011922141184422086,MODE_1_ACCEPT,simple,four_mode_relocalization_v2,0.0,0,0,0,False,0,0,0.377069677723001,0,0,precomputed,0,0.0,2.2670412436127663,0,278,cache_read_only_not_online_fps,157ff887794c6cb410230016d2d4aa63b09139d0c130484af891fca7557bb682,cached_perception_v2,0,0,0,,,0,0.0,0,10.01584343612194,1.1597555130720139,3.42679675668478,0.377069677723001,0.379421942850938,0.377069677723001,0.3770231897529039,0.377069677723001,0.377069677723001
sugar_box1_clean,278,0.4054854934270673,0.39968891995783545,0.257530811182586,0.2590137901359831,0.012536097671810733,0.012608286195271894,0.0,0.0,-0.005796573469231847,0.0014829789533971072,MODE_1_ACCEPT,simple,four_mode_relocalization_v2,0.0,0,0,0,False,0,0,0.39968891995783545,0,0,precomputed,0,0.0,2.2915247827768326,0,279,cache_read_only_not_online_fps,157ff887794c6cb410230016d2d4aa63b09139d0c130484af891fca7557bb682,cached_perception_v2,0,0,0,,,0,0.0,0,10.191711597144604,0.6362730637192726,2.927797846496105,0.4054854934270673,0.40061857920061794,0.4054854934270673,0.40544545425686296,0.4054854934270673,0.4054854934270673
sugar_box1_clean,279,0.40697687533158566,0.4159941057646145,0.25586562036214916,0.26232466871623816,0.012455039429997492,0.01276945330794082,0.0,0.0,0.009017230433028822,0.006459048354089003,MODE_1_ACCEPT,simple,four_mode_relocalization_v2,0.0,0,0,0,False,0,0,0.40697687533158566,0,0,precomputed,0,0.0,1.9423356279730797,0,280,cache_read_only_not_online_fps,157ff887794c6cb410230016d2d4aa63b09139d0c130484af891fca7557bb682,cached_perception_v2,0,0,0,,,0,0.0,0,9.843913838267326,0.6147557869553566,2.5570914149284363,0.40697687533158566,0.4042418012630047,0.40697687533158566,0.4069011789896184,0.40697687533158566,0.40697687533158566
sugar_box1_clean,280,0.38434847645516595,0.42622841392013033,0.24963229143341992,0.2575455852210481,0.012151613133500208,0.012536816843191887,0.0,0.0,0.04187993746496438,0.007913293787628173,MODE_1_ACCEPT,simple,four_mode_relocalization_v2,0.0,0,0,0,False,0,0,0.38434847645516595,0,0,precomputed,0,0.0,2.227100543677807,0,281,cache_read_only_not_online_fps,157ff887794c6cb410230016d2d4aa63b09139d0c130484af891fca7557bb682,cached_perception_v2,0,0,0,,,0,0.0,0,10.500075295567513,0.5990779027342796,2.8261784464120865,0.38434847645516595,0.4013307684832235,0.38434847645516595,0.3842757582020209,0.38434847645516595,0.38434847645516595
sugar_box1_clean,281,0.3819590401122142,0.3572388211784481,0.2484721982008228,0.25055594459220876,0.012095142057260972,0.0121965747680335,0.0,0.0,-0.024720218933766136,0.002083746391385949,MODE_1_ACCEPT,simple,four_mode_relocalization_v2,0.0,0,0,0,False,0,0,0.3572388211784481,0,0,precomputed,0,0.0,2.26027425378561,0,282,cache_read_only_not_online_fps,157ff887794c6cb410230016d2d4aa63b09139d0c130484af891fca7557bb682,cached_perception_v2,0,0,0,,,0,0.0,0,10.425692424178123,0.6167246028780937,2.876998856663704,0.3819590401122142,0.38822282255940005,0.3819590401122142,0.38187807096557796,0.3819590401122142,0.3572388211784481
sugar_box1_clean,282,0.39863992728683223,0.3773203141357899,0.25550474438059073,0.24735769240231567,0.012437472690967497,0.012040890088412168,0.0,0.0,-0.021319613151042305,-0.00814705197827506,MODE_1_ACCEPT,simple,four_mode_relocalization_v2,0.0,0,0,0,False,0,0,0.3773203141357899,0,0,precomputed,0,0.0,1.93845946341753,0,283,cache_read_only_not_online_fps,157ff887794c6cb410230016d2d4aa63b09139d0c130484af891fca7557bb682,cached_perception_v2,0,0,0,,,0,0.0,0,10.169555433094501,0.6082812324166298,2.54674069583416,0.39863992728683223,0.3871677846655709,0.39863992728683223,0.3985552637459613,0.39863992728683223,0.33083006683031385
sugar_box1_clean,283,0.38883860040804075,0.4089765599232387,0.2577535559006178,0.2612263030259158,0.0125469404503051,0.012715987008083268,0.0,0.0,0.02013795951519798,0.0034727471252979925,MODE_1_ACCEPT,simple,four_mode_relocalization_v2,0.0,0,0,0,False,0,0,0.38883860040804075,0,0,precomputed,0,0.0,1.4598425477743149,0,284,cache_read_only_not_online_fps,157ff887794c6cb410230016d2d4aa63b09139d0c130484af891fca7557bb682,cached_perception_v2,0,0,0,,,0,0.0,0,11.682351119816303,0.6300909444689751,2.08993349224329,0.38883860040804075,0.38296323664782433,0.38883860040804075,0.38877600987802885,0.38883860040804075,0.2993024564070402
sugar_box1_clean,284,0.37087771473028136,0.3932814160244821,0.25631297306981893,0.257736102643656,0.012476815687414398,0.012546090859792181,0.0,0.0,0.022403701294200717,0.0014231295738370564,MODE_1_ACCEPT,simple,four_mode_relocalization_v2,0.0,0,0,0,False,0,0,0.37087771473028136,0,0,precomputed,0,0.0,2.3790812119841576,0,285,cache_read_only_not_online_fps,157ff887794c6cb410230016d2d4aa63b09139d0c130484af891fca7557bb682,cached_perception_v2,0,0,0,,,0,0.0,0,10.159993544220924,0.6440691649913788,3.0231503769755363,0.37087771473028136,0.38020437931859913,0.37087771473028136,0.3708137250426855,0.37087771473028136,0.27942280520462276
sugar_box1_clean,285,0.3784403033947513,0.3528672374645287,0.2515045837208859,0.24761608864977283,0.012242752670855258,0.012053468313834118,0.0,0.0,-0.025573065930222627,-0.0038884950711130795,MODE_1_ACCEPT,simple,four_mode_relocalization_v2,0.0,0,0,0,False,0,0,0.3528672374645287,0,0,precomputed,0,0.0,2.0496398210525513,0,286,cache_read_only_not_online_fps,157ff887794c6cb410230016d2d4aa63b09139d0c130484af891fca7557bb682,cached_perception_v2,0,0,0,,,0,0.0,0,9.9420677870512,0.6119441241025925,2.6615839451551437,0.3784403033947513,0.3771283834489513,0.3784403033947513,0.3783657781025532,0.3784403033947513,0.27475025049302704
sugar_box1_clean,286,0.40407977029228065,0.38868551558766185,0.2621968201270179,0.25703140712436157,0.012763229887937952,0.01251178765615532,0.0,0.0,-0.015394254704618804,-0.005165413002656327,MODE_1_ACCEPT,simple,four_mode_relocalization_v2,0.0,0,0,0,False,0,0,0.38868551558766185,0,0,precomputed,0,0.0,1.8144100904464722,0,287,cache_read_only_not_online_fps,157ff887794c6cb410230016d2d4aa63b09139d0c130484af891fca7557bb682,cached_perception_v2,0,0,0,,,0,0.0,0,10.376550257205963,0.6326613947749138,2.447071485221386,0.40407977029228065,0.38878213022801383,0.40407977029228065,0.4039862942367908,0.40407977029228065,0.27551469763630915
sugar_box1_clean,287,0.40974214906793355,0.43536924796518295,0.25679550571247506,0.2656753964578467,0.01250030443546127,0.012932560200073698,0.0,0.0,0.0256270988972494,0.008879890745371655,MODE_1_ACCEPT,simple,four_mode_relocalization_v2,0.0,0,0,0,False,0,0,0.40974214906793355,0,0,precomputed,0,0.0,2.3313285782933235,0,288,cache_read_only_not_online_fps,157ff887794c6cb410230016d2d4aa63b09139d0c130484af891fca7557bb682,cached_perception_v2,0,0,0,,,0,0.0,0,10.640290565788746,0.6217304617166519,2.9530590400099754,0.40974214906793355,0.40289939012787557,0.40974214906793355,0.4096850095595948,0.40974214906793355,0.2728116955704196
sugar_box1_clean,288,0.3992762156053741,0.43739721513107316,0.25790976106575014,0.27686904694670433,0.012554544213124578,0.013477445276884732,0.0,0.0,0.038120999525699084,0.01895928588095419,MODE_1_ACCEPT,simple,four_mode_relocalization_v2,0.0,0,0,0,False,0,0,0.3992762156053741,0,0,precomputed,0,0.0,2.2393744438886642,0,289,cache_read_only_not_online_fps,157ff887794c6cb410230016d2d4aa63b09139d0c130484af891fca7557bb682,cached_perception_v2,0,0,0,,,0,0.0,0,10.029524564743042,0.6118835881352425,2.8512580320239067,0.3992762156053741,0.4079190229893451,0.3992762156053741,0.39918241590521125,0.3992762156053741,0.2878152424050606
sugar_box1_clean,289,0.3787157191596572,0.4027056570831804,0.25676415228033017,0.2644180523637045,0.012498778211527483,0.012871355141545512,0.0,0.0,0.02398993792352322,0.007653900083374354,MODE_1_ACCEPT,simple,four_mode_relocalization_v2,0.0,0,0,0,False,0,0,0.3787157191596572,0,0,precomputed,0,0.0,2.2863373160362244,0,290,cache_read_only_not_online_fps,157ff887794c6cb410230016d2d4aa63b09139d0c130484af891fca7557bb682,cached_perception_v2,0,0,0,,,0,0.0,0,10.168076492846012,0.6428714841604233,2.9292088001966476,0.3787157191596572,0.39908988026897146,0.3787157191596572,0.3786297948495761,0.3787157191596572,0.30692858977329973
sugar_box1_clean,290,0.400235364448446,0.35827427797276046,0.2578508473225175,0.24761881411757503,0.012551676406993013,0.012053600984291734,0.0,0.0,-0.04196108647568553,-0.010232033204942481,MODE_1_ACCEPT,simple,four_mode_relocalization_v2,0.0,0,0,0,False,0,0,0.35827427797276046,0,0,precomputed,0,0.0,2.0749662071466446,0,291,cache_read_only_not_online_fps,157ff887794c6cb410230016d2d4aa63b09139d0c130484af891fca7557bb682,cached_perception_v2,0,0,0,,,0,0.0,0,10.743260383605957,0.6373580545186996,2.7123242616653442,0.400235364448446,0.3960733539581852,0.400235364448446,0.40018530458507073,0.400235364448446,0.332847403400739
sugar_box1_clean,291,0.36070551086607533,0.4068288278429944,0.251279993400398,0.25773533353914296,0.012231820052032482,0.012546053421284335,0.0,0.0,0.04612331697691907,0.006455340138744936,MODE_1_ACCEPT,simple,four_mode_relocalization_v2,0.0,0,0,0,False,0,0,0.36070551086607533,0,0,precomputed,0,0.0,1.6196686774492264,0,292,cache_read_only_not_online_fps,157ff887794c6cb410230016d2d4aa63b09139d0c130484af891fca7557bb682,cached_perception_v2,0,0,0,,,0,0.0,0,10.493211448192596,0.6122514605522156,2.231920138001442,0.36070551086607533,0.36807173842769647,0.36070551086607533,0.36064269955847306,0.36070551086607533,0.3494467839641077
sugar_box1_clean,292,0.393665339190018,0.3321586321675417,0.25322986529815,0.24837272671824173,0.012326736013526532,0.012090299979470474,0.0,0.0,-0.06150670702247629,-0.004857138579908271,MODE_1_ACCEPT,simple,four_mode_relocalization_v2,0.0,0,0,0,False,0,0,0.3321586321675417,0,0,precomputed,0,0.0,1.9571464508771896,0,293,cache_read_only_not_online_fps,157ff887794c6cb410230016d2d4aa63b09139d0c130484af891fca7557bb682,cached_perception_v2,0,0,0,,,0,0.0,0,10.274609550833702,0.6359526887536049,2.5930991396307945,0.393665339190018,0.37146506109685185,0.393665339190018,0.39357389627541917,0.393665339190018,0.3678510255647623
sugar_box1_clean,293,0.3485389519108383,0.423672791881724,0.2531905326243132,0.26805315922807615,0.012324821375667677,0.013048305054800452,0.0,0.0,0.07513383997088574,0.014862626603762974,MODE_1_ACCEPT,simple,four_mode_relocalization_v2,0.0,0,0,0,False,0,0,0.3485389519108383,0,0,precomputed,0,0.0,2.274353988468647,0,294,cache_read_only_not_online_fps,157ff887794c6cb410230016d2d4aa63b09139d0c130484af891fca7557bb682,cached_perception_v2,0,0,0,,,0,0.0,0,10.695851407945156,0.6407443434000015,2.9150983318686485,0.3485389519108383,0.35794050365392405,0.3485389519108383,0.3484943684239924,0.3485389519108383,0.3485389519108383
sugar_box1_clean,294,0.39183955162572687,0.3297501644586644,0.2569169091992498,0.2320745718551526,0.012506214120445829,0.011296937584129259,0.0,0.0,-0.06208938716706247,-0.024842337344097215,MODE_1_ACCEPT,simple,four_mode_relocalization_v2,0.0,0,0,0,False,0,0,0.3297501644586644,0,0,precomputed,0,0.0,1.977415755391121,0,295,cache_read_only_not_online_fps,157ff887794c6cb410230016d2d4aa63b09139d0c130484af891fca7557bb682,cached_perception_v2,0,0,0,,,0,0.0,0,10.64947433769703,0.6309347227215767,2.6083504781126976,0.39183955162572687,0.372094076528878,0.39183955162572687,0.3917725791433942,0.39183955162572687,0.39183955162572687
sugar_box1_clean,295,0.3992310229485522,0.4475401074881307,0.2525936224198597,0.2801917171036156,0.012295764950962736,0.013639186380510265,0.0,0.0,0.048309084539578495,0.027598094683755903,MODE_1_ACCEPT,simple,four_mode_relocalization_v2,0.0,0,0,0,False,0,0,0.3992310229485522,0,0,precomputed,0,0.0,2.1968940272927284,0,296,cache_read_only_not_online_fps,157ff887794c6cb410230016d2d4aa63b09139d0c130484af891fca7557bb682,cached_perception_v2,0,0,0,,,0,0.0,0,10.564698837697506,0.6279116496443748,2.8248056769371033,0.3992310229485522,0.3881979067763855,0.3992310229485522,0.3992019604189638,0.3992310229485522,0.3992310229485522
sugar_box1_clean,296,0.38449727900894987,0.4146083586151519,0.2598852438173051,0.2654379334661673,0.012650706861037461,0.0129210009647206,0.0,0.0,0.030111079606202018,0.005552689648862186,MODE_1_ACCEPT,simple,four_mode_relocalization_v2,0.0,0,0,0,False,0,0,0.38449727900894987,0,0,precomputed,0,0.0,1.8395334482192993,0,297,cache_read_only_not_online_fps,157ff887794c6cb410230016d2d4aa63b09139d0c130484af891fca7557bb682,cached_perception_v2,0,0,0,,,0,0.0,0,10.517596267163754,0.6258711218833923,2.4654045701026917,0.38449727900894987,0.3892868312227663,0.38449727900894987,0.3844138449289033,0.38449727900894987,0.38449727900894987
sugar_box1_clean,297,0.38125177412031735,0.41918600946898377,0.25936470159665476,0.28116819534292287,0.012625367880857155,0.013686719436947829,0.0,0.0,0.03793423534866641,0.02180349374626811,MODE_1_ACCEPT,simple,four_mode_relocalization_v2,0.0,0,0,0,False,0,0,0.38125177412031735,0,0,precomputed,0,0.0,1.9494928419589996,0,298,cache_read_only_not_online_fps,157ff887794c6cb410230016d2d4aa63b09139d0c130484af891fca7557bb682,cached_perception_v2,0,0,0,,,0,0.0,0,10.399065911769867,0.6307363510131836,2.5802291929721832,0.38125177412031735,0.39183341981288977,0.38125177412031735,0.3811774924810035,0.38125177412031735,0.38125177412031735
sugar_box1_clean,298,0.37929897137675017,0.3840554055351201,0.2554988773013138,0.2554336191570246,0.012437187092989818,0.012434010453787177,0.0,0.0,0.004756434158369904,-6.525814428920418e-05,MODE_1_ACCEPT,simple,four_mode_relocalization_v2,0.0,0,0,0,False,0,0,0.37929897137675017,0,0,precomputed,0,0.0,1.9639842212200165,0,299,cache_read_only_not_online_fps,157ff887794c6cb410230016d2d4aa63b09139d0c130484af891fca7557bb682,cached_perception_v2,0,0,0,,,0,0.0,0,10.527458041906357,0.6141364574432373,2.578120678663254,0.37929897137675017,0.38878517426019843,0.37929897137675017,0.37919631675225624,0.37929897137675017,0.37929897137675017
sugar_box1_clean,299,0.3632269751943372,0.3671892734132762,0.24829794704925945,0.2597338627250545,0.01208665985101391,0.012643337924678333,0.0,0.0,0.003962298218938953,0.01143591567579505,MODE_1_ACCEPT,simple,four_mode_relocalization_v2,0.0,0,0,0,False,0,0,0.3632269751943372,0,0,precomputed,0,0.0,1.5606731176376343,0,300,cache_read_only_not_online_fps,157ff887794c6cb410230016d2d4aa63b09139d0c130484af891fca7557bb682,cached_perception_v2,0,0,0,,,0,0.0,0,10.62680222094059,0.6373319774866104,2.1980050951242447,0.3632269751943372,0.3680527268827553,0.3632269751943372,0.36313396830840755,0.3632269751943372,0.3632269751943372
sugar_box1_clean,300,0.3519716734529056,0.3486008675031017,0.24959273990451802,0.24196407403041642,0.012149687842203579,0.011778339264283153,0.0,0.0,-0.003370805949803879,-0.007628665874101603,MODE_1_ACCEPT,simple,four_mode_relocalization_v2,0.0,0,0,0,False,0,0,0.3486008675031017,0,0,precomputed,0,0.0,2.2928668186068535,0,301,cache_read_only_not_online_fps,157ff887794c6cb410230016d2d4aa63b09139d0c130484af891fca7557bb682,cached_perception_v2,0,0,0,,,0,0.0,0,10.044798254966736,0.6267046555876732,2.9195714741945267,0.3519716734529056,0.34683057994420435,0.3519716734529056,0.3518867731815465,0.3519716734529056,0.3486008675031017
sugar_box1_clean,301,0.38061890969903894,0.37441968063291553,0.2526090948115663,0.2569066656324474,0.012296518116817956,0.012505715483590096,0.0,0.0,-0.006199229066123413,0.004297570820881114,MODE_1_ACCEPT,simple,four_mode_relocalization_v2,0.0,0,0,0,False,0,0,0.37441968063291553,0,0,precomputed,0,0.0,1.9342685118317604,0,302,cache_read_only_not_online_fps,157ff887794c6cb410230016d2d4aa63b09139d0c130484af891fca7557bb682,cached_perception_v2,0,0,0,,,0,0.0,0,10.065102018415928,0.6430633366107941,2.5773318484425545,0.38061890969903894,0.3692231203721255,0.38061890969903894,0.3805223962349908,0.38061890969903894,0.3759872028006118
sugar_box1_clean,302,0.3758983102364832,0.3936804638262941,0.2500424633262708,0.24506411312842435,0.012171579501358866,0.011929243122119047,0.0,0.0,0.017782153589810945,-0.004978350197846426,MODE_1_ACCEPT,simple,four_mode_relocalization_v2,0.0,0,0,0,False,0,0,0.3758983102364832,0,0,precomputed,0,0.0,1.902763731777668,0,303,cache_read_only_not_online_fps,157ff887794c6cb410230016d2d4aa63b09139d0c130484af891fca7557bb682,cached_perception_v2,0,0,0,,,0,0.0,0,10.142718441784382,0.6286539137363434,2.5314176455140114,0.3758983102364832,0.37467507607004236,0.3758983102364832,0.37582125061695365,0.3758983102364832,0.3758983102364832
sugar_box1_clean,303,0.37238552052982826,0.3697975696665393,0.2501860630646032,0.2574903489178308,0.012178569656583848,0.012534128047668812,0.0,0.0,-0.002587950863288946,0.007304285853227566,MODE_1_ACCEPT,simple,four_mode_relocalization_v2,0.0,0,0,0,False,0,0,0.3697975696665393,0,0,precomputed,0,0.0,2.1389098837971687,0,304,cache_read_only_not_online_fps,157ff887794c6cb410230016d2d4aa63b09139d0c130484af891fca7557bb682,cached_perception_v2,0,0,0,,,0,0.0,0,10.46318095177412,0.6067603826522827,2.7456702664494514,0.37238552052982826,0.37298591445904045,0.37238552052982826,0.3723179828030032,0.37238552052982826,0.37238552052982826
sugar_box1_clean,304,0.4188725814273995,0.38427626081020516,0.2595863221386356,0.24798106665251315,0.012636155936653638,0.012071234731255804,0.0,0.0,-0.034596320617194365,-0.011605255486122429,MODE_1_ACCEPT,simple,four_mode_relocalization_v2,0.0,0,0,0,False,0,0,0.38427626081020516,0,0,precomputed,0,0.0,1.908823847770691,0,305,cache_read_only_not_online_fps,157ff887794c6cb410230016d2d4aa63b09139d0c130484af891fca7557bb682,cached_perception_v2,0,0,0,,,0,0.0,0,10.478193871676922,0.6064772605895996,2.5153011083602905,0.4188725814273995,0.40222109405296014,0.4188725814273995,0.4188394123317939,0.4188725814273995,0.38427626081020516
sugar_box1_clean,305,0.38991710257872425,0.4497948613678895,0.25707996241536507,0.2669057286938514,0.012514151233032619,0.012992450374024172,0.0,0.0,0.059877758789165236,0.009825766278486303,MODE_1_ACCEPT,simple,four_mode_relocalization_v2,0.0,0,0,0,False,0,0,0.38991710257872425,0,0,precomputed,0,0.0,1.7760787159204483,0,306,cache_read_only_not_online_fps,157ff887794c6cb410230016d2d4aa63b09139d0c130484af891fca7557bb682,cached_perception_v2,0,0,0,,,0,0.0,0,10.803580284118652,0.6168549880385399,2.392933703958988,0.38991710257872425,0.4016094297702629,0.38991710257872425,0.3898518774341464,0.38991710257872425,0.38203703808377204
sugar_box1_clean,306,0.3751156730630105,0.3786997080331073,0.24496726859390808,0.24506190073422016,0.011924528919037473,0.011929135427083626,0.0,0.0,0.0035840349700967944,9.463214031207867e-05,MODE_1_ACCEPT,simple,four_mode_relocalization_v2,0.0,0,0,0,False,0,0,0.3751156730630105,0,0,precomputed,0,0.0,1.8512355163693428,0,307,cache_read_only_not_online_fps,157ff887794c6cb410230016d2d4aa63b09139d0c130484af891fca7557bb682,cached_perception_v2,0,0,0,,,0,0.0,0,10.137594304978848,0.6045680493116379,2.4558035656809807,0.3751156730630105,0.3939741020904565,0.3751156730630105,0.37503729478239056,0.3751156730630105,0.3751156730630105
sugar_box1_clean,307,0.36837436323578415,0.35609446729713623,0.2492754265226122,0.25409230562972923,0.01213424164557228,0.012368717927003755,0.0,0.0,-0.012279895938647922,0.004816879107117034,MODE_1_ACCEPT,simple,four_mode_relocalization_v2,0.0,0,0,0,False,0,0,0.35609446729713623,0,0,precomputed,0,0.0,1.4909813180565834,0,308,cache_read_only_not_online_fps,157ff887794c6cb410230016d2d4aa63b09139d0c130484af891fca7557bb682,cached_perception_v2,0,0,0,,,0,0.0,0,10.06428711116314,1.25883799046278,2.7498193085193634,0.36837436323578415,0.3745596754371913,0.36837436323578415,0.3683073892672144,0.36837436323578415,0.36837436323578415
sugar_box1_clean,308,0.41065049770267525,0.3737730889070082,0.2496859398462463,0.249896257091257,0.012154224633615634,0.012164462466958422,0.0,0.0,-0.03687740879566703,0.00021031724501072158,MODE_1_ACCEPT,simple,four_mode_relocalization_v2,0.0,0,0,0,False,0,0,0.3737730889070082,0,0,precomputed,0,0.0,1.9547771662473679,0,309,cache_read_only_not_online_fps,157ff887794c6cb410230016d2d4aa63b09139d0c130484af891fca7557bb682,cached_perception_v2,0,0,0,,,0,0.0,0,11.067996732890606,1.2055691331624985,3.1603462994098663,0.41065049770267525,0.385673703578037,0.41065049770267525,0.4106044897065202,0.41065049770267525,0.3737730889070082
sugar_box1_clean,309,0.363505128974054,0.43156546049291783,0.25694696298290226,0.26160619434920723,0.012507677080025478,0.012734479376866583,0.0,0.0,0.06806033151886381,0.004659231366304972,MODE_1_ACCEPT,simple,four_mode_relocalization_v2,0.0,0,0,0,False,0,0,0.363505128974054,0,0,precomputed,0,0.0,1.9231904298067093,0,310,cache_read_only_not_online_fps,157ff887794c6cb410230016d2d4aa63b09139d0c130484af891fca7557bb682,cached_perception_v2,0,0,0,,,0,0.0,0,9.944689460098743,1.2376252561807632,3.1608156859874725,0.363505128974054,0.36875658893183794,0.363505128974054,0.36339400361849994,0.363505128974054,0.3620127457034412
sugar_box1_clean,310,0.38180626556939734,0.35229795230310595,0.2512116113075651,0.2524003601902774,0.012228491345106814,0.012286357322511637,0.0,0.0,-0.029508313266291386,0.0011887488827123094,MODE_1_ACCEPT,simple,four_mode_relocalization_v2,0.0,0,0,0,False,0,0,0.35229795230310595,0,0,precomputed,0,0.0,2.826170064508915,0,311,cache_read_only_not_online_fps,157ff887794c6cb410230016d2d4aa63b09139d0c130484af891fca7557bb682,cached_perception_v2,0,0,0,,,0,0.0,0,11.244744062423706,1.213017851114273,4.039187915623188,0.38180626556939734,0.37858781358361804,0.38180626556939734,0.3817541328508923,0.38180626556939734,0.3781203073301781
sugar_box1_clean,311,0.405830984799736,0.4137905255990262,0.24858373455398403,0.2510758412225504,0.01210057142942334,0.012221882322136557,0.0,0.0,0.007959540799290177,0.002492106668566363,MODE_1_ACCEPT,simple,four_mode_relocalization_v2,0.0,0,0,0,False,0,0,0.405830984799736,0,0,precomputed,0,0.0,1.7010048031806946,0,312,cache_read_only_not_online_fps,157ff887794c6cb410230016d2d4aa63b09139d0c130484af891fca7557bb682,cached_perception_v2,0,0,0,,,0,0.0,0,10.622212663292885,1.2104632332921028,2.9114680364727974,0.405830984799736,0.3993879616946492,0.405830984799736,0.4057773238103189,0.405830984799736,0.40302901071545194
sugar_box1_clean,312,0.3861730748946812,0.41026782075706164,0.254519410562214,0.25864877091689364,0.012389508562210293,0.012590517771518709,0.0,0.0,0.024094745862380418,0.004129360354679645,MODE_1_ACCEPT,simple,four_mode_relocalization_v2,0.0,0,0,0,False,0,0,0.3861730748946812,0,0,precomputed,0,0.0,1.8412787467241287,0,313,cache_read_only_not_online_fps,157ff887794c6cb410230016d2d4aa63b09139d0c130484af891fca7557bb682,cached_perception_v2,0,0,0,,,0,0.0,0,10.302516631782055,1.2049796059727669,3.0462583526968956,0.3861730748946812,0.39070408075739077,0.3861730748946812,0.3860760389491701,0.3861730748946812,0.3861730748946812
sugar_box1_clean,313,0.36286434822258146,0.37941905054764263,0.2586130396450211,0.25460556406231316,0.0125887784428843,0.012393702346585263,0.0,0.0,0.016554702325061177,-0.00400747558270792,MODE_1_ACCEPT,simple,four_mode_relocalization_v2,0.0,0,0,0,False,0,0,0.36286434822258146,0,0,precomputed,0,0.0,1.8811831250786781,0,314,cache_read_only_not_online_fps,157ff887794c6cb410230016d2d4aa63b09139d0c130484af891fca7557bb682,cached_perception_v2,0,0,0,,,0,0.0,0,10.139379650354385,1.3848310336470604,3.2660141587257385,0.36286434822258146,0.3745909528378782,0.36286434822258146,0.362808018921248,0.36286434822258146,0.36286434822258146
sugar_box1_clean,314,0.4133852955750027,0.3766453905712652,0.2636984818218748,0.2578675974905795,0.012836327850819746,0.012552491772509396,0.0,0.0,-0.03673990500373747,-0.00583088433129525,MODE_1_ACCEPT,simple,four_mode_relocalization_v2,0.0,0,0,0,False,0,0,0.3766453905712652,0,0,precomputed,0,0.0,2.725747413933277,0,315,cache_read_only_not_online_fps,157ff887794c6cb410230016d2d4aa63b09139d0c130484af891fca7557bb682,cached_perception_v2,0,0,0,,,0,0.0,0,14.871539548039436,1.2275679036974907,3.953315317630768,0.4133852955750027,0.39287366154393416,0.4133852955750027,0.4133157314648639,0.4133852955750027,0.3766453905712652
sugar_box1_clean,315,0.39729752508926375,0.4493309300543179,0.25643198702597775,0.2799502798386363,0.01248260905470845,0.013627433685283246,0.0,0.0,0.05203340496505415,0.023518292812658548,MODE_1_ACCEPT,simple,four_mode_relocalization_v2,0.0,0,0,0,False,0,0,0.39729752508926375,0,0,precomputed,0,0.0,1.5006642788648605,0,316,cache_read_only_not_online_fps,157ff887794c6cb410230016d2d4aa63b09139d0c130484af891fca7557bb682,cached_perception_v2,0,0,0,,,0,0.0,0,9.870643727481365,1.1833719909191132,2.6840362697839737,0.39729752508926375,0.3949206363439229,0.39729752508926375,0.39723818132061817,0.39729752508926375,0.38441193998747186
sugar_box1_clean,316,0.3992039412332109,0.3971949614169184,0.25846002912942223,0.25659567980578024,0.012581330189374155,0.012490577300008307,0.0,0.0,-0.0020089798162925,-0.0018643493236419895,MODE_1_ACCEPT,simple,four_mode_relocalization_v2,0.0,0,0,0,False,0,0,0.3971949614169184,0,0,precomputed,0,0.0,2.2383807227015495,0,317,cache_read_only_not_online_fps,157ff887794c6cb410230016d2d4aa63b09139d0c130484af891fca7557bb682,cached_perception_v2,0,0,0,,,0,0.0,0,10.09469386190176,1.8193172290921211,4.057697951793671,0.3992039412332109,0.4007700495651868,0.3992039412332109,0.39913068862859336,0.3992039412332109,0.3992039412332109
sugar_box1_clean,317,0.34750429248571535,0.39809343713853756,0.252818092326225,0.26132046355660804,0.012306691708260846,0.012720570559092821,0.0,0.0,0.050589144652822216,0.008502371230383055,MODE_1_ACCEPT,simple,four_mode_relocalization_v2,0.0,0,0,0,False,0,0,0.34750429248571535,0,0,precomputed,0,0.0,3.2985899597406387,0,318,cache_read_only_not_online_fps,157ff887794c6cb410230016d2d4aa63b09139d0c130484af891fca7557bb682,cached_perception_v2,0,0,0,,,0,0.0,0,15.152023173868656,0.6054546684026718,3.9040446281433105,0.34750429248571535,0.3734124770635509,0.34750429248571535,0.3473913827479331,0.34750429248571535,0.34750429248571535
sugar_box1_clean,318,0.35825209589079654,0.31056052191150696,0.25474286276944597,0.24581669959460853,0.01240038577989923,0.011965877563657301,0.0,0.0,-0.04769157397928958,-0.008926163174837437,MODE_1_ACCEPT,simple,four_mode_relocalization_v2,0.0,0,0,0,False,0,0,0.31056052191150696,0,0,precomputed,0,0.0,2.075311727821827,0,319,cache_read_only_not_online_fps,157ff887794c6cb410230016d2d4aa63b09139d0c130484af891fca7557bb682,cached_perception_v2,0,0,0,,,0,0.0,0,9.854019619524479,0.5915788933634758,2.6668906211853027,0.35825209589079654,0.35490207178556654,0.35825209589079654,0.3581919700405977,0.35825209589079654,0.31056052191150696
sugar_box1_clean,319,0.3863891407999654,0.39469848115778366,0.2550767966760883,0.2627892768706761,0.012416641031262646,0.012792069526856173,0.0,0.0,0.008309340357818273,0.007712480194587812,MODE_1_ACCEPT,simple,four_mode_relocalization_v2,0.0,0,0,0,False,0,0,0.3863891407999654,0,0,precomputed,0,0.0,2.1776752546429634,0,320,cache_read_only_not_online_fps,157ff887794c6cb410230016d2d4aa63b09139d0c130484af891fca7557bb682,cached_perception_v2,0,0,0,,,0,0.0,0,10.303415358066559,1.2414203956723213,3.4190956503152847,0.3863891407999654,0.3703472346885037,0.3863891407999654,0.38630953287684255,0.3863891407999654,0.30131876051067097
sugar_box1_clean,320,0.4034649999409371,0.4055018241934736,0.259581709039943,0.2510288263740482,0.012635931380005388,0.012219593730996172,0.0,0.0,0.0020368242525364844,-0.008552882665894768,MODE_1_ACCEPT,simple,four_mode_relocalization_v2,0.0,0,0,0,False,0,0,0.4034649999409371,0,0,precomputed,0,0.0,2.785284072160721,0,321,cache_read_only_not_online_fps,157ff887794c6cb410230016d2d4aa63b09139d0c130484af891fca7557bb682,cached_perception_v2,0,0,0,,,0,0.0,0,13.587680645287037,1.3684909790754318,4.153775051236153,0.4034649999409371,0.3888575612305905,0.4034649999409371,0.4033772671510725,0.4034649999409371,0.29779472016790576
sugar_box1_clean,321,0.3561663977922552,0.4065967949343291,0.24914497986902806,0.26312848392313004,0.012127891756862722,0.01280858146467442,0.0,0.0,0.050430397142073924,0.01398350405410198,MODE_1_ACCEPT,simple,four_mode_relocalization_v2,0.0,0,0,0,False,0,0,0.3561663977922552,0,0,precomputed,0,0.0,3.103615716099739,0,322,cache_read_only_not_online_fps,157ff887794c6cb410230016d2d4aa63b09139d0c130484af891fca7557bb682,cached_perception_v2,0,0,0,,,0,0.0,0,13.201645575463772,0.6780689582228661,3.781684674322605,0.3561663977922552,0.37448875730252035,0.3561663977922552,0.3560876257886431,0.3561663977922552,0.3068227282583391
sugar_box1_clean,322,0.37882912104094507,0.332219952489727,0.25410550326611814,0.23928339402071455,0.01236936036220616,0.01164784898906452,0.0,0.0,-0.04660916855121805,-0.014822109245403586,MODE_1_ACCEPT,simple,four_mode_relocalization_v2,0.0,0,0,0,False,0,0,0.332219952489727,0,0,precomputed,0,0.0,1.9070226699113846,0,323,cache_read_only_not_online_fps,157ff887794c6cb410230016d2d4aa63b09139d0c130484af891fca7557bb682,cached_perception_v2,0,0,0,,,0,0.0,0,9.918428026139736,0.6053028628230095,2.512325532734394,0.37882912104094507,0.37804993640877904,0.37882912104094507,0.3787310264804391,0.37882912104094507,0.33939308543804597
sugar_box1_clean,323,0.3652568381892712,0.38684195333471116,0.24131606735095634,0.25310766026824655,0.01174679556281926,0.012320787310985576,0.0,0.0,0.02158511514543998,0.011791592917290206,MODE_1_ACCEPT,simple,four_mode_relocalization_v2,0.0,0,0,0,False,0,0,0.3652568381892712,0,0,precomputed,0,0.0,1.757788471877575,0,324,cache_read_only_not_online_fps,157ff887794c6cb410230016d2d4aa63b09139d0c130484af891fca7557bb682,cached_perception_v2,0,0,0,,,0,0.0,0,9.852423332631588,0.6119608879089355,2.3697493597865105,0.3652568381892712,0.36354319051490686,0.3652568381892712,0.3651892069972097,0.3652568381892712,0.3652568381892712
sugar_box1_clean,324,0.3650163278741726,0.376430582697004,0.24346984671922178,0.2469773297037914,0.011851637342333417,0.012022374774001757,0.0,0.0,0.011414254822831427,0.0035074829845696265,MODE_1_ACCEPT,simple,four_mode_relocalization_v2,0.0,0,0,0,False,0,0,0.3650163278741726,0,0,precomputed,0,0.0,1.8526827916502953,0,325,cache_read_only_not_online_fps,157ff887794c6cb410230016d2d4aa63b09139d0c130484af891fca7557bb682,cached_perception_v2,0,0,0,,,0,0.0,0,9.901839308440685,0.6019286811351776,2.454611472785473,0.3650163278741726,0.3686469304682339,0.3650163278741726,0.36495333701110394,0.3650163278741726,0.3650163278741726
sugar_box1_clean,325,0.4025783156998065,0.36644382219924,0.2543437460219173,0.2468463623100695,0.012380957554955972,0.0120159995366778,0.0,0.0,-0.03613449350056652,-0.0074973837118477715,MODE_1_ACCEPT,simple,four_mode_relocalization_v2,0.0,0,0,0,False,0,0,0.36644382219924,0,0,precomputed,0,0.0,2.183550037443638,0,326,cache_read_only_not_online_fps,157ff887794c6cb410230016d2d4aa63b09139d0c130484af891fca7557bb682,cached_perception_v2,0,0,0,,,0,0.0,0,10.21228265017271,0.6101839244365692,2.793733961880207,0.4025783156998065,0.38740863478915366,0.4025783156998065,0.40253437392100244,0.4025783156998065,0.36644382219924
sugar_box1_clean,326,0.39377369828908304,0.42607261565651094,0.2568279300757482,0.2717701140448083,0.012501882790233938,0.013229239166762788,0.0,0.0,0.032298917367427904,0.014942183969060052,MODE_1_ACCEPT,simple,four_mode_relocalization_v2,0.0,0,0,0,False,0,0,0.39377369828908304,0,0,precomputed,0,0.0,1.8935715779662132,0,327,cache_read_only_not_online_fps,157ff887794c6cb410230016d2d4aa63b09139d0c130484af891fca7557bb682,cached_perception_v2,0,0,0,,,0,0.0,0,9.737367741763592,0.6044814363121986,2.498053014278412,0.39377369828908304,0.39101110893210433,0.39377369828908304,0.39370022289068873,0.39377369828908304,0.357144053806678
sugar_box1_clean,327,0.39345958983582213,0.39056903096579326,0.25565971783490704,0.2524923991078771,0.012445016496506438,0.012290837597533251,0.0,0.0,-0.00289055887002887,-0.0031673187270299663,MODE_1_ACCEPT,simple,four_mode_relocalization_v2,0.0,0,0,0,False,0,0,0.39056903096579326,0,0,precomputed,0,0.0,1.94545928388834,0,328,cache_read_only_not_online_fps,157ff887794c6cb410230016d2d4aa63b09139d0c130484af891fca7557bb682,cached_perception_v2,0,0,0,,,0,0.0,0,9.903088212013245,0.5910815671086311,2.536540850996971,0.39345958983582213,0.3970107077141326,0.39345958983582213,0.3933550429882525,0.39345958983582213,0.3669234284099278
sugar_box1_clean,328,0.37251942474863603,0.4053095796274824,0.2458740941477463,0.266661369560693,0.011968671418577655,0.012980555447952196,0.0,0.0,0.032790154878846345,0.02078727541294667,MODE_1_ACCEPT,simple,four_mode_relocalization_v2,0.0,0,0,0,False,0,0,0.37251942474863603,0,0,precomputed,0,0.0,2.020290121436119,0,329,cache_read_only_not_online_fps,157ff887794c6cb410230016d2d4aa63b09139d0c130484af891fca7557bb682,cached_perception_v2,0,0,0,,,0,0.0,0,9.934242814779282,0.5934620276093483,2.6137521490454674,0.37251942474863603,0.38978456577790904,0.37251942474863603,0.37241114026325295,0.37251942474863603,0.37251942474863603
sugar_box1_clean,329,0.3874348251810443,0.3604231236024799,0.2515531323120858,0.24231578491261846,0.012245115921599182,0.011795459864149541,0.0,0.0,-0.027011701578564362,-0.009237347399467355,MODE_1_ACCEPT,simple,four_mode_relocalization_v2,0.0,0,0,0,False,0,0,0.3604231236024799,0,0,precomputed,0,0.0,2.125645987689495,0,330,cache_read_only_not_online_fps,157ff887794c6cb410230016d2d4aa63b09139d0c130484af891fca7557bb682,cached_perception_v2,0,0,0,,,0,0.0,0,9.832365438342094,0.604202039539814,2.729848027229309,0.3874348251810443,0.38919778119758525,0.3874348251810443,0.3873786566197447,0.3874348251810443,0.3874348251810443
sugar_box1_clean,330,0.36516068159345194,0.39739195145449335,0.2487538988041511,0.25558991436117945,0.012108854693280387,0.012441618599530685,0.0,0.0,0.03223126986104141,0.006836015557028341,MODE_1_ACCEPT,simple,four_mode_relocalization_v2,0.0,0,0,0,False,0,0,0.36516068159345194,0,0,precomputed,0,0.0,1.9300123676657677,0,331,cache_read_only_not_online_fps,157ff887794c6cb410230016d2d4aa63b09139d0c130484af891fca7557bb682,cached_perception_v2,0,0,0,,,0,0.0,0,9.942058473825455,0.5986476317048073,2.528659999370575,0.36516068159345194,0.37446145679177745,0.36516068159345194,0.3650697701626847,0.36516068159345194,0.36516068159345194
sugar_box1_clean,331,0.3878593552919697,0.34835275678086847,0.26175160686149357,0.2578400741123805,0.012741557774392509,0.012551151988132619,0.0,0.0,-0.03950659851110122,-0.003911532749113045,MODE_1_ACCEPT,simple,four_mode_relocalization_v2,0.0,0,0,0,False,0,0,0.34835275678086847,0,0,precomputed,0,0.0,1.5400191769003868,0,332,cache_read_only_not_online_fps,157ff887794c6cb410230016d2d4aa63b09139d0c130484af891fca7557bb682,cached_perception_v2,0,0,0,,,0,0.0,0,9.940975345671177,0.6259744986891747,2.1659936755895615,0.3878593552919697,0.3730637031936686,0.3878593552919697,0.3877479744988627,0.3878593552919697,0.34835275678086847
sugar_box1_clean,332,0.37704507372478946,0.4044386962335707,0.2549271680926702,0.26916662169224176,0.01240935740361588,0.013102506236168139,0.0,0.0,0.027393622508781246,0.014239453599571572,MODE_1_ACCEPT,simple,four_mode_relocalization_v2,0.0,0,0,0,False,0,0,0.37704507372478946,0,0,precomputed,0,0.0,2.1546967327594757,0,333,cache_read_only_not_online_fps,157ff887794c6cb410230016d2d4aa63b09139d0c130484af891fca7557bb682,cached_perception_v2,0,0,0,,,0,0.0,0,10.395235382020473,1.3342928141355515,3.488989546895027,0.37704507372478946,0.37064839540965,0.37704507372478946,0.3769889042087026,0.37704507372478946,0.3250058718276301
sugar_box1_clean,333,0.3790396575236008,0.37953237752168745,0.2425709985297943,0.2527436738577739,0.011807883165335915,0.012303069162341754,0.0,0.0,0.0004927199980866437,0.010172675327979608,MODE_1_ACCEPT,simple,four_mode_relocalization_v2,0.0,0,0,0,False,0,0,0.3790396575236008,0,0,precomputed,0,0.0,2.7785515412688255,0,334,cache_read_only_not_online_fps,157ff887794c6cb410230016d2d4aa63b09139d0c130484af891fca7557bb682,cached_perception_v2,0,0,0,,,0,0.0,0,13.131898827850819,0.6062323227524757,3.3847838640213013,0.3790396575236008,0.378466939246949,0.3790396575236008,0.37896644793951056,0.3790396575236008,0.31592512721237703
sugar_box1_clean,334,0.3752611561948058,0.37471377849860243,0.25398874654477466,0.2410117953726238,0.012363676872701037,0.011731984196281579,0.0,0.0,-0.0005473776962033883,-0.012976951172150863,MODE_1_ACCEPT,simple,four_mode_relocalization_v2,0.0,0,0,0,False,0,0,0.37471377849860243,0,0,precomputed,0,0.0,1.959620974957943,0,335,cache_read_only_not_online_fps,157ff887794c6cb410230016d2d4aa63b09139d0c130484af891fca7557bb682,cached_perception_v2,0,0,0,,,0,0.0,0,10.209406726062298,0.5987444892525673,2.5583654642105103,0.3752611561948058,0.3753738728715524,0.3752611561948058,0.37516724081463854,0.3752611561948058,0.29824183218057715
sugar_box1_clean,335,0.3927969458625764,0.378983837263668,0.2607688368272893,0.25598332597375917,0.012693718445649128,0.012460769109630338,0.0,0.0,-0.013813108598908386,-0.004785510853530128,MODE_1_ACCEPT,simple,four_mode_relocalization_v2,0.0,0,0,0,False,0,0,0.378983837263668,0,0,precomputed,0,0.0,1.7239786684513092,0,336,cache_read_only_not_online_fps,157ff887794c6cb410230016d2d4aa63b09139d0c130484af891fca7557bb682,cached_perception_v2,0,0,0,,,0,0.0,0,9.893657639622688,0.6147120147943497,2.338690683245659,0.3927969458625764,0.3802289366603535,0.3927969458625764,0.3927576857307315,0.3927969458625764,0.2888302764191088
sugar_box1_clean,336,0.38719678241431327,0.42742440608206317,0.25022227587179313,0.27283702692252154,0.012180332425418453,0.013281174405039358,0.0,0.0,0.0402276236677499,0.02261475105072841,MODE_1_ACCEPT,simple,four_mode_relocalization_v2,0.0,0,0,0,False,0,0,0.38719678241431327,0,0,precomputed,0,0.0,1.934281550347805,0,337,cache_read_only_not_online_fps,157ff887794c6cb410230016d2d4aa63b09139d0c130484af891fca7557bb682,cached_perception_v2,0,0,0,,,0,0.0,0,9.742550551891327,0.5926862359046936,2.5269677862524986,0.38719678241431327,0.38679134436600066,0.38719678241431327,0.387112242482993,0.38719678241431327,0.28335941516479024
sugar_box1_clean,337,0.3704623067518865,0.4061891947735897,0.24883073404101333,0.2484812141955972,0.012112594882772738,0.012095580938304299,0.0,0.0,0.03572688802170321,-0.0003495198454161186,MODE_1_ACCEPT,simple,four_mode_relocalization_v2,0.0,0,0,0,False,0,0,0.3704623067518865,0,0,precomputed,0,0.0,1.8455758690834045,0,338,cache_read_only_not_online_fps,157ff887794c6cb410230016d2d4aa63b09139d0c130484af891fca7557bb682,cached_perception_v2,0,0,0,,,0,0.0,0,10.018701665103436,0.5998145788908005,2.445390447974205,0.3704623067518865,0.38602337973237044,0.3704623067518865,0.3703864578356971,0.3704623067518865,0.2849389679645541
sugar_box1_clean,338,0.3824853629507096,0.34340118395724195,0.2550854052383993,0.2524729865194441,0.012417060079288198,0.012289892630585254,0.0,0.0,-0.039084178993467666,-0.0026124187189551784,MODE_1_ACCEPT,simple,four_mode_relocalization_v2,0.0,0,0,0,False,0,0,0.34340118395724195,0,0,precomputed,0,0.0,1.8680654466152191,0,339,cache_read_only_not_online_fps,157ff887794c6cb410230016d2d4aa63b09139d0c130484af891fca7557bb682,cached_perception_v2,0,0,0,,,0,0.0,0,9.811503812670708,0.6012590602040291,2.469324506819248,0.3824853629507096,0.3779218918818943,0.3824853629507096,0.38242524161659386,0.3824853629507096,0.28599608944171634
sugar_box1_clean,339,0.42504298214728,0.4154669615535448,0.25928931105818925,0.25114669254070665,0.012621698016465416,0.012225331226135675,0.0,0.0,-0.00957602059373519,-0.008142618517482603,MODE_1_ACCEPT,simple,four_mode_relocalization_v2,0.0,0,0,0,False,0,0,0.4154669615535448,0,0,precomputed,0,0.0,1.5363618731498718,0,340,cache_read_only_not_online_fps,157ff887794c6cb410230016d2d4aa63b09139d0c130484af891fca7557bb682,cached_perception_v2,0,0,0,,,0,0.0,0,9.952079504728317,0.5928948521614075,2.1292567253112793,0.42504298214728,0.4024691576788498,0.42504298214728,0.4249246389404766,0.42504298214728,0.29668480491216437
sugar_box1_clean,340,0.3923156044143717,0.47950847808277686,0.25526949368048657,0.29510022921553186,0.012426021145654043,0.014364903676697592,0.0,0.0,0.08719287366840517,0.03983073553504529,MODE_1_ACCEPT,simple,four_mode_relocalization_v2,0.0,0,0,0,False,0,0,0.3923156044143717,0,0,precomputed,0,0.0,3.8213515654206276,0,341,cache_read_only_not_online_fps,157ff887794c6cb410230016d2d4aa63b09139d0c130484af891fca7557bb682,cached_perception_v2,0,0,0,,,0,0.0,0,19.66172829270363,0.6679408252239227,4.48929239064455,0.3923156044143717,0.40301155333238137,0.3923156044143717,0.3922304110606863,0.3923156044143717,0.30999414606823555
sugar_box1_clean,341,0.387884959594227,0.36688621345269007,0.2522925336574969,0.25060262809767414,0.0122811085371708,0.012198847230041011,0.0,0.0,-0.020998746141536906,-0.0016899055598227353,MODE_1_ACCEPT,simple,four_mode_relocalization_v2,0.0,0,0,0,False,0,0,0.36688621345269007,0,0,precomputed,0,0.0,2.2181561216712,0,342,cache_read_only_not_online_fps,157ff887794c6cb410230016d2d4aa63b09139d0c130484af891fca7557bb682,cached_perception_v2,0,0,0,,,0,0.0,0,10.203060694038868,0.6088726222515106,2.8270287439227104,0.387884959594227,0.3922235962349795,0.387884959594227,0.38784074853004435,0.387884959594227,0.3310164717124618
sugar_box1_clean,342,0.39560519303694053,0.40090157035920104,0.251979569083243,0.25425169134941394,0.01226587403201529,0.012376476513016372,0.0,0.0,0.005296377322260515,0.0022721222661709617,MODE_1_ACCEPT,simple,four_mode_relocalization_v2,0.0,0,0,0,False,0,0,0.39560519303694053,0,0,precomputed,0,0.0,3.761698491871357,0,343,cache_read_only_not_online_fps,157ff887794c6cb410230016d2d4aa63b09139d0c130484af891fca7557bb682,cached_perception_v2,0,0,0,,,0,0.0,0,19.83314286917448,0.6581433117389679,4.419841803610325,0.39560519303694053,0.39342357422291657,0.39560519303694053,0.3955121601041818,0.39560519303694053,0.3524358028458063
sugar_box1_clean,343,0.3753612777026413,0.40663808383508643,0.25562140004691797,0.2610432146795087,0.0124431512613115,0.012707074624424821,0.0,0.0,0.0312768061324451,0.005421814632590727,MODE_1_ACCEPT,simple,four_mode_relocalization_v2,0.0,0,0,0,False,0,0,0.3753612777026413,0,0,precomputed,0,0.0,1.975037157535553,0,344,cache_read_only_not_online_fps,157ff887794c6cb410230016d2d4aa63b09139d0c130484af891fca7557bb682,cached_perception_v2,0,0,0,,,0,0.0,0,10.851547122001648,0.6042318418622017,2.5792689993977547,0.3753612777026413,0.3803368618809156,0.3753612777026413,0.3752574993363835,0.3753612777026413,0.3753612777026413
sugar_box1_clean,344,0.35272838552063396,0.3590356439791687,0.23686566083682006,0.24014244204082988,0.011530158452547744,0.011689665771435102,0.0,0.0,0.006307258458534748,0.0032767812040098154,MODE_1_ACCEPT,simple,four_mode_relocalization_v2,0.0,0,0,0,False,0,0,0.35272838552063396,0,0,precomputed,0,0.0,1.8360009416937828,0,345,cache_read_only_not_online_fps,157ff887794c6cb410230016d2d4aa63b09139d0c130484af891fca7557bb682,cached_perception_v2,0,0,0,,,0,0.0,0,10.196610353887081,0.6065648049116135,2.4425657466053963,0.35272838552063396,0.36318172021917916,0.35272838552063396,0.35264301397820275,0.35272838552063396,0.35272838552063396
sugar_box1_clean,345,0.37864583466708784,0.3264358551900357,0.25359794939274194,0.23308438432156242,0.012344653629442294,0.01134609328573636,0.0,0.0,-0.05220997947705214,-0.020513565071179518,MODE_1_ACCEPT,simple,four_mode_relocalization_v2,0.0,0,0,0,False,0,0,0.3264358551900357,0,0,precomputed,0,0.0,1.8449854105710983,0,346,cache_read_only_not_online_fps,157ff887794c6cb410230016d2d4aa63b09139d0c130484af891fca7557bb682,cached_perception_v2,0,0,0,,,0,0.0,0,9.972634725272655,0.580810010433197,2.4257954210042953,0.37864583466708784,0.3609892299453298,0.37864583466708784,0.378541158836627,0.37864583466708784,0.3264358551900357
sugar_box1_clean,346,0.3812945577405772,0.41054251125021296,0.25358910076242996,0.26219755815738943,0.012344222895374618,0.012763265813817188,0.0,0.0,0.02924795350963577,0.008608457394959468,MODE_1_ACCEPT,simple,four_mode_relocalization_v2,0.0,0,0,0,False,0,0,0.3812945577405772,0,0,precomputed,0,0.0,1.7267046496272087,0,347,cache_read_only_not_online_fps,157ff887794c6cb410230016d2d4aa63b09139d0c130484af891fca7557bb682,cached_perception_v2,0,0,0,,,0,0.0,0,10.098891332745552,0.6035733968019485,2.3302780464291573,0.3812945577405772,0.36937216718569676,0.3812945577405772,0.38124596790966536,0.3812945577405772,0.2997547756415214
sugar_box1_clean,347,0.3879745718820829,0.39976070363074034,0.25716677979058356,0.25526369163260954,0.012518377333553762,0.012425738713278093,0.0,0.0,0.011786131748657447,-0.00190308815797402,MODE_1_ACCEPT,simple,four_mode_relocalization_v2,0.0,0,0,0,False,0,0,0.3879745718820829,0,0,precomputed,0,0.0,1.491299830377102,0,348,cache_read_only_not_online_fps,157ff887794c6cb410230016d2d4aa63b09139d0c130484af891fca7557bb682,cached_perception_v2,0,0,0,,,0,0.0,0,9.693355299532413,0.6066532805562019,2.097953110933304,0.3879745718820829,0.38605899496762647,0.3879745718820829,0.38787306395851784,0.3879745718820829,0.28843707128462687
sugar_box1_clean,348,0.37921810595122574,0.3938572829674762,0.2471197946158739,0.25942696208628196,0.012029309688097943,0.012628398600076642,0.0,0.0,0.014639177016250449,0.012307167470408054,MODE_1_ACCEPT,simple,four_mode_relocalization_v2,0.0,0,0,0,False,0,0,0.37921810595122574,0,0,precomputed,0,0.0,2.2458555176854134,0,349,cache_read_only_not_online_fps,157ff887794c6cb410230016d2d4aa63b09139d0c130484af891fca7557bb682,cached_perception_v2,0,0,0,,,0,0.0,0,9.864690713584423,0.58696698397398,2.8328225016593933,0.37921810595122574,0.38378730839351566,0.37921810595122574,0.3791693539628427,0.37921810595122574,0.28572829847674686
sugar_box1_clean,349,0.39556206189719534,0.4016231673459162,0.25110489291813937,0.24422736543001924,0.012223296502023473,0.011888511875920967,0.0,0.0,0.006061105448720849,-0.006877527488120122,MODE_1_ACCEPT,simple,four_mode_relocalization_v2,0.0,0,0,0,False,0,0,0.39556206189719534,0,0,precomputed,0,0.0,2.1536825224757195,0,350,cache_read_only_not_online_fps,157ff887794c6cb410230016d2d4aa63b09139d0c130484af891fca7557bb682,cached_perception_v2,0,0,0,,,0,0.0,0,10.064035654067993,0.5961768329143524,2.749859355390072,0.39556206189719534,0.3956388075100777,0.39556206189719534,0.3954894266698893,0.39556206189719534,0.30569326486893367
sugar_box1_clean,350,0.3654103920805098,0.41049552732390004,0.2515059427865287,0.262410890672138,0.012242818827520405,0.012773650424610672,0.0,0.0,0.04508513524339025,0.010904947885609306,MODE_1_ACCEPT,simple,four_mode_relocalization_v2,0.0,0,0,0,False,0,0,0.3654103920805098,0,0,precomputed,0,0.0,1.8652183935046196,0,351,cache_read_only_not_online_fps,157ff887794c6cb410230016d2d4aa63b09139d0c130484af891fca7557bb682,cached_perception_v2,0,0,0,,,0,0.0,0,9.962797164916992,0.5973959341645241,2.4626143276691437,0.3654103920805098,0.3767331221625767,0.3654103920805098,0.3653555411588142,0.3654103920805098,0.31975565194857714
sugar_box1_clean,351,0.40625047459483876,0.35948884711751095,0.25861667057319687,0.2529482204086192,0.012588955189387145,0.01231302608954613,0.0,0.0,-0.046761627477327816,-0.005668450164577676,MODE_1_ACCEPT,simple,four_mode_relocalization_v2,0.0,0,0,0,False,0,0,0.35948884711751095,0,0,precomputed,0,0.0,1.8907561898231506,0,352,cache_read_only_not_online_fps,157ff887794c6cb410230016d2d4aa63b09139d0c130484af891fca7557bb682,cached_perception_v2,0,0,0,,,0,0.0,0,10.124873369932175,0.5883704870939255,2.479126676917076,0.40625047459483876,0.38754878744233767,0.40625047459483876,0.4061919189050655,0.40625047459483876,0.3440515648665788
sugar_box1_clean,352,0.3977886019898334,0.4578845947600037,0.2495028270580659,0.2641209356297067,0.01214531106017933,0.012856892078348444,0.0,0.0,0.0600959927701703,0.014618108571640781,MODE_1_ACCEPT,simple,four_mode_relocalization_v2,0.0,0,0,0,False,0,0,0.3977886019898334,0,0,precomputed,0,0.0,2.1311184391379356,0,353,cache_read_only_not_online_fps,157ff887794c6cb410230016d2d4aa63b09139d0c130484af891fca7557bb682,cached_perception_v2,0,0,0,,,0,0.0,0,10.22771093994379,0.6005484610795975,2.731666900217533,0.3977886019898334,0.4020810270695341,0.3977886019898334,0.39774898569851996,0.3977886019898334,0.3733162940193576
sugar_box1_clean,353,0.4100984907933117,0.3757788178780872,0.2504948606164128,0.24860100478619795,0.01219360131921297,0.01210141211064845,0.0,0.0,-0.034319672915224475,-0.0018938558302148412,MODE_1_ACCEPT,simple,four_mode_relocalization_v2,0.0,0,0,0,False,0,0,0.3757788178780872,0,0,precomputed,0,0.0,1.9942987710237503,0,354,cache_read_only_not_online_fps,157ff887794c6cb410230016d2d4aa63b09139d0c130484af891fca7557bb682,cached_perception_v2,0,0,0,,,0,0.0,0,10.263203643262386,0.6041498854756355,2.598448656499386,0.4100984907933117,0.405564956024357,0.4100984907933117,0.41006408963495944,0.4100984907933117,0.4007722715447097
sugar_box1_clean,354,0.40900583613822716,0.4373448836011088,0.2515526263148222,0.25675416964334763,0.012245091290639148,0.012498292276226534,0.0,0.0,0.028339047462881628,0.005201543328525404,MODE_1_ACCEPT,simple,four_mode_relocalization_v2,0.0,0,0,0,False,0,0,0.40900583613822716,0,0,precomputed,0,0.0,2.3423098027706146,0,355,cache_read_only_not_online_fps,157ff887794c6cb410230016d2d4aa63b09139d0c130484af891fca7557bb682,cached_perception_v2,0,0,0,,,0,0.0,0,10.2985305711627,0.6020180881023407,2.9443278908729553,0.40900583613822716,0.41610800758203015,0.40900583613822716,0.4089528849474635,0.40900583613822716,0.40900583613822716
sugar_box1_clean,355,0.42636153525130277,0.41455145625608014,0.2567560649250683,0.2586954722368296,0.012498384534844666,0.01259279110069991,0.0,0.0,-0.011810078995222628,0.0019394073117612876,MODE_1_ACCEPT,simple,four_mode_relocalization_v2,0.0,0,0,0,False,0,0,0.41455145625608014,0,0,precomputed,0,0.0,1.501333899796009,0,356,cache_read_only_not_online_fps,157ff887794c6cb410230016d2d4aa63b09139d0c130484af891fca7557bb682,cached_perception_v2,0,0,0,,,0,0.0,0,10.779286734759808,0.6086984649300575,2.1100323647260666,0.42636153525130277,0.4265194664466207,0.42636153525130277,0.42630833468846435,0.42636153525130277,0.42636153525130277
sugar_box1_clean,356,0.41057184953235865,0.4245330426181939,0.2572894593571975,0.25758953243636146,0.01252434913561638,0.012538956107930902,0.0,0.0,0.013961193085835266,0.000300073079163965,MODE_1_ACCEPT,simple,four_mode_relocalization_v2,0.0,0,0,0,False,0,0,0.41057184953235865,0,0,precomputed,0,0.0,2.294178120791912,0,357,cache_read_only_not_online_fps,157ff887794c6cb410230016d2d4aa63b09139d0c130484af891fca7557bb682,cached_perception_v2,0,0,0,,,0,0.0,0,10.466145351529121,0.6192419677972794,2.9134200885891914,0.41057184953235865,0.413810610039847,0.41057184953235865,0.41049115445324424,0.41057184953235865,0.41057184953235865
sugar_box1_clean,357,0.40212857615354186,0.411954068078341,0.24671887261882303,0.2541761747691899,0.012009793587128401,0.012372800513157627,0.0,0.0,0.009825491924799146,0.007457302150366885,MODE_1_ACCEPT,simple,four_mode_relocalization_v2,0.0,0,0,0,False,0,0,0.40212857615354186,0,0,precomputed,0,0.0,2.0137587562203407,0,358,cache_read_only_not_online_fps,157ff887794c6cb410230016d2d4aa63b09139d0c130484af891fca7557bb682,cached_perception_v2,0,0,0,,,0,0.0,0,9.815792553126812,0.6077084690332413,2.621467225253582,0.40212857615354186,0.40694597499377283,0.40212857615354186,0.4020354582021282,0.40212857615354186,0.40212857615354186
sugar_box1_clean,358,0.3952156039730407,0.40176554903730505,0.24215117151470156,0.2545127288473718,0.011787446804955191,0.012389183309361935,0.0,0.0,0.006549945064264373,0.012361557332670248,MODE_1_ACCEPT,simple,four_mode_relocalization_v2,0.0,0,0,0,False,0,0,0.3952156039730407,0,0,precomputed,0,0.0,1.9413447007536888,0,359,cache_read_only_not_online_fps,157ff887794c6cb410230016d2d4aa63b09139d0c130484af891fca7557bb682,cached_perception_v2,0,0,0,,,0,0.0,0,9.836283512413502,0.6116004660725594,2.552945166826248,0.3952156039730407,0.40062576939736877,0.3952156039730407,0.3951511641617045,0.3952156039730407,0.3952156039730407
sugar_box1_clean,359,0.3953271235514545,0.3815118151289702,0.2499446195754816,0.23727754791034408,0.01216681665837772,0.011550208312056758,0.0,0.0,-0.013815308422484296,-0.01266707166513753,MODE_1_ACCEPT,simple,four_mode_relocalization_v2,0.0,0,0,0,False,0,0,0.3815118151289702,0,0,precomputed,0,0.0,3.8544470444321632,0,360,cache_read_only_not_online_fps,157ff887794c6cb410230016d2d4aa63b09139d0c130484af891fca7557bb682,cached_perception_v2,0,0,0,,,0,0.0,0,19.246093928813934,0.6513390690088272,4.5057861134409904,0.3953271235514545,0.38824245555516684,0.3953271235514545,0.3952525514727042,0.3953271235514545,0.3815118151289702
sugar_box1_clean,360,0.4108761683215311,0.4143460657142165,0.252702874223717,0.26443688787787695,0.012301083115720137,0.012872272017643871,0.0,0.0,0.0034698973926853838,0.011734013654159936,MODE_1_ACCEPT,simple,four_mode_relocalization_v2,0.0,0,0,0,False,0,0,0.4108761683215311,0,0,precomputed,0,0.0,1.9327681511640549,0,361,cache_read_only_not_online_fps,157ff887794c6cb410230016d2d4aa63b09139d0c130484af891fca7557bb682,cached_perception_v2,0,0,0,,,0,0.0,0,10.980757884681225,0.5920585244894028,2.5248266756534576,0.4108761683215311,0.3962860435705122,0.4108761683215311,0.4107673790799804,0.4108761683215311,0.38065506225660134
sugar_box1_clean,361,0.38316098977121305,0.4160480141470626,0.24586818777192848,0.2539558796119643,0.011968383907720998,0.012362076974506366,0.0,0.0,0.03288702437584956,0.008087691840035827,MODE_1_ACCEPT,simple,four_mode_relocalization_v2,0.0,0,0,0,False,0,0,0.38316098977121305,0,0,precomputed,0,0.0,1.9027991220355034,0,362,cache_read_only_not_online_fps,157ff887794c6cb410230016d2d4aa63b09139d0c130484af891fca7557bb682,cached_perception_v2,0,0,0,,,0,0.0,0,9.919223375618458,0.6124675273895264,2.5152666494250298,0.38316098977121305,0.3845886838185465,0.38316098977121305,0.38311372404810007,0.38316098977121305,0.3714077442787441
sugar_box1_clean,362,0.38363039109030517,0.39396432161721595,0.25249190513868364,0.2500171583670913,0.012290813552076214,0.012170347705293773,0.0,0.0,0.010333930526910784,-0.0024747467715923177,MODE_1_ACCEPT,simple,four_mode_relocalization_v2,0.0,0,0,0,False,0,0,0.38363039109030517,0,0,precomputed,0,0.0,1.895872876048088,0,363,cache_read_only_not_online_fps,157ff887794c6cb410230016d2d4aa63b09139d0c130484af891fca7557bb682,cached_perception_v2,0,0,0,,,0,0.0,0,9.74700041115284,0.6073014810681343,2.5031743571162224,0.38363039109030517,0.3880557033524104,0.38363039109030517,0.3835739518395663,0.38363039109030517,0.382252776977946
sugar_box1_clean,363,0.3831143048155034,0.3971986026284625,0.2501753287551501,0.256691923317031,0.012178047131332885,0.012495262246449384,0.0,0.0,0.014084297812959112,0.006516594561880917,MODE_1_ACCEPT,simple,four_mode_relocalization_v2,0.0,0,0,0,False,0,0,0.3831143048155034,0,0,precomputed,0,0.0,1.4901487156748772,0,364,cache_read_only_not_online_fps,157ff887794c6cb410230016d2d4aa63b09139d0c130484af891fca7557bb682,cached_perception_v2,0,0,0,,,0,0.0,0,9.811509400606155,0.598645769059658,2.088794484734535,0.3831143048155034,0.38950277031424174,0.3831143048155034,0.38305708768318003,0.3831143048155034,0.3831143048155034
sugar_box1_clean,364,0.39621597249443263,0.371961974042238,0.2487923743259867,0.2498805102269691,0.012110727606651373,0.012163695940313198,0.0,0.0,-0.024253998452194614,0.0010881359009824176,MODE_1_ACCEPT,simple,four_mode_relocalization_v2,0.0,0,0,0,False,0,0,0.371961974042238,0,0,precomputed,0,0.0,1.8990784883499146,0,365,cache_read_only_not_online_fps,157ff887794c6cb410230016d2d4aa63b09139d0c130484af891fca7557bb682,cached_perception_v2,0,0,0,,,0,0.0,0,9.79260727763176,0.5982313305139542,2.4973098188638687,0.39621597249443263,0.38583990937628065,0.39621597249443263,0.39618386702071473,0.39621597249443263,0.39621597249443263
sugar_box1_clean,365,0.4267334793643709,0.43685721959937424,0.2508548010235924,0.2520498173017949,0.012211122516306688,0.012269293578301785,0.0,0.0,0.010123740235003342,0.0011950162782024543,MODE_1_ACCEPT,simple,four_mode_relocalization_v2,0.0,0,0,0,False,0,0,0.4267334793643709,0,0,precomputed,0,0.0,2.122938632965088,0,366,cache_read_only_not_online_fps,157ff887794c6cb410230016d2d4aa63b09139d0c130484af891fca7557bb682,cached_perception_v2,0,0,0,,,0,0.0,0,10.448882356286049,0.6032371893525124,2.7261758223176003,0.4267334793643709,0.41262412301942125,0.4267334793643709,0.42663929422033126,0.4267334793643709,0.4267334793643709
sugar_box1_clean,366,0.42296985170923,0.4730234828177404,0.25013719979641325,0.26292022522966907,0.012176191087977704,0.012798443837606645,0.0,0.0,0.05005363110851041,0.012783025433255824,MODE_1_ACCEPT,simple,four_mode_relocalization_v2,0.0,0,0,0,False,0,0,0.42296985170923,0,0,precomputed,0,0.0,2.0207399502396584,0,367,cache_read_only_not_online_fps,157ff887794c6cb410230016d2d4aa63b09139d0c130484af891fca7557bb682,cached_perception_v2,0,0,0,,,0,0.0,0,10.21599117666483,0.6054919213056564,2.626231871545315,0.42296985170923,0.4291962139123186,0.42296985170923,0.4229132274176808,0.42296985170923,0.42296985170923
sugar_box1_clean,367,0.4087776278997869,0.40618203622523164,0.2513031181069799,0.24643964072458402,0.012232945717652884,0.011996201123053168,0.0,0.0,-0.002595591674555253,-0.004863477382395898,MODE_1_ACCEPT,simple,four_mode_relocalization_v2,0.0,0,0,0,False,0,0,0.40618203622523164,0,0,precomputed,0,0.0,1.9091684371232986,0,368,cache_read_only_not_online_fps,157ff887794c6cb410230016d2d4aa63b09139d0c130484af891fca7557bb682,cached_perception_v2,0,0,0,,,0,0.0,0,10.046204552054405,0.6166873499751091,2.5258557870984077,0.4087776278997869,0.41415554489132955,0.4087776278997869,0.40868666391807645,0.4087776278997869,0.40618203622523164
sugar_box1_clean,368,0.42277296347113713,0.42196537426511005,0.2526480222692331,0.261884336105444,0.012298413029543877,0.012748018775149769,0.0,0.0,-0.0008075892060270817,0.009236313836210874,MODE_1_ACCEPT,simple,four_mode_relocalization_v2,0.0,0,0,0,False,0,0,0.42196537426511005,0,0,precomputed,0,0.0,1.9746869802474976,0,369,cache_read_only_not_online_fps,157ff887794c6cb410230016d2d4aa63b09139d0c130484af891fca7557bb682,cached_perception_v2,0,0,0,,,0,0.0,0,10.174157097935677,0.5954578518867493,2.570144832134247,0.42277296347113713,0.42162191076527444,0.42277296347113713,0.42273983974525947,0.42277296347113713,0.4159794788747414
sugar_box1_clean,369,0.4392334761502851,0.44859176014092017,0.258219966456911,0.25767157382855616,0.012569644406627861,0.012542949722912197,0.0,0.0,0.009358283990635097,-0.0005483926283548213,MODE_1_ACCEPT,simple,four_mode_relocalization_v2,0.0,0,0,0,False,0,0,0.4392334761502851,0,0,precomputed,0,0.0,1.8915869295597076,0,370,cache_read_only_not_online_fps,157ff887794c6cb410230016d2d4aa63b09139d0c130484af891fca7557bb682,cached_perception_v2,0,0,0,,,0,0.0,0,9.960329160094261,0.613323412835598,2.5049103423953056,0.4392334761502851,0.4370336620352966,0.4392334761502851,0.4391379535040085,0.4392334761502851,0.43504189372596075
sugar_box1_clean,370,0.39638921020342555,0.4376455169410533,0.2477955021977167,0.26179690650452364,0.01206220181546968,0.012743762872675373,0.0,0.0,0.04125630673762776,0.014001404306806936,MODE_1_ACCEPT,simple,four_mode_relocalization_v2,0.0,0,0,0,False,0,0,0.39638921020342555,0,0,precomputed,0,0.0,2.2317618131637573,0,371,cache_read_only_not_online_fps,157ff887794c6cb410230016d2d4aa63b09139d0c130484af891fca7557bb682,cached_perception_v2,0,0,0,,,0,0.0,0,10.176480747759342,0.6052451208233833,2.8370069339871407,0.39638921020342555,0.40855022014445475,0.39638921020342555,0.3963302904367916,0.39638921020342555,0.39638921020342555
sugar_box1_clean,371,0.4113513800270565,0.37908975104909043,0.25082445828959565,0.24484843509142648,0.012209645491187764,0.011918744335876523,0.0,0.0,-0.032261628977966084,-0.0059760231981691725,MODE_1_ACCEPT,simple,four_mode_relocalization_v2,0.0,0,0,0,False,0,0,0.37908975104909043,0,0,precomputed,0,0.0,1.587413251399994,0,372,cache_read_only_not_online_fps,157ff887794c6cb410230016d2d4aa63b09139d0c130484af891fca7557bb682,cached_perception_v2,0,0,0,,,0,0.0,0,9.996377862989902,0.5940301343798637,2.1814433857798576,0.4113513800270565,0.40552240105435144,0.4113513800270565,0.41127469576853926,0.4113513800270565,0.4113513800270565
sugar_box1_clean,372,0.41049566625704925,0.4302553086744984,0.25138675831648966,0.2527172558208164,0.012237017159943188,0.012301783183821064,0.0,0.0,0.019759642417449153,0.001330497504326733,MODE_1_ACCEPT,simple,four_mode_relocalization_v2,0.0,0,0,0,False,0,0,0.41049566625704925,0,0,precomputed,0,0.0,1.8010959029197693,0,373,cache_read_only_not_online_fps,157ff887794c6cb410230016d2d4aa63b09139d0c130484af891fca7557bb682,cached_perception_v2,0,0,0,,,0,0.0,0,10.136272758245468,0.5991291254758835,2.4002250283956528,0.41049566625704925,0.407251539681581,0.41049566625704925,0.410445663776906,0.41049566625704925,0.41049566625704925
sugar_box1_clean,373,0.4218117850995126,0.41325658982985125,0.25203470754729157,0.24965384843972693,0.012268558064918432,0.012152662486528435,0.0,0.0,-0.008555195269661364,-0.002380859107564637,MODE_1_ACCEPT,simple,four_mode_relocalization_v2,0.0,0,0,0,False,0,0,0.41325658982985125,0,0,precomputed,0,0.0,1.7857188358902931,0,374,cache_read_only_not_online_fps,157ff887794c6cb410230016d2d4aa63b09139d0c130484af891fca7557bb682,cached_perception_v2,0,0,0,,,0,0.0,0,9.982936084270477,2.668292261660099,4.454011097550392,0.4218117850995126,0.41594704351868084,0.4218117850995126,0.42176089507484144,0.4218117850995126,0.41325658982985125
sugar_box1_clean,374,0.392762261622276,0.4308113529289315,0.2540531917348867,0.26093669594721236,0.012366813938879695,0.012701889500261182,0.0,0.0,0.038049091306655514,0.006883504212325642,MODE_1_ACCEPT,simple,four_mode_relocalization_v2,0.0,0,0,0,False,0,0,0.392762261622276,0,0,precomputed,0,0.0,2.6621855795383453,0,375,cache_read_only_not_online_fps,157ff887794c6cb410230016d2d4aa63b09139d0c130484af891fca7557bb682,cached_perception_v2,0,0,0,,,0,0.0,0,12.500083073973656,0.6403140723705292,3.3024996519088745,0.392762261622276,0.4061581912880741,0.392762261622276,0.39268252365927186,0.392762261622276,0.392762261622276
sugar_box1_clean,375,0.4210729629152137,0.36182173602713075,0.2593191958085913,0.24798942238068963,0.012623152747836073,0.012071641471808744,0.0,0.0,-0.05925122688808293,-0.011329773427901674,MODE_1_ACCEPT,simple,four_mode_relocalization_v2,0.0,0,0,0,False,0,0,0.36182173602713075,0,0,precomputed,0,0.0,1.9372077658772469,0,376,cache_read_only_not_online_fps,157ff887794c6cb410230016d2d4aa63b09139d0c130484af891fca7557bb682,cached_perception_v2,0,0,0,,,0,0.0,0,9.99076571315527,0.5936399102210999,2.5308476760983467,0.4210729629152137,0.40458130855395186,0.4210729629152137,0.42102157249371197,0.4210729629152137,0.37011031501538977
sugar_box1_clean,376,0.4368765828988338,0.4753597097157706,0.26339884704315936,0.26733231749906017,0.012821742214116317,0.013013215885161427,0.0,0.0,0.038483126816936775,0.003933470455900812,MODE_1_ACCEPT,simple,four_mode_relocalization_v2,0.0,0,0,0,False,0,0,0.4368765828988338,0,0,precomputed,0,0.0,1.9018789753317833,0,377,cache_read_only_not_online_fps,157ff887794c6cb410230016d2d4aa63b09139d0c130484af891fca7557bb682,cached_perception_v2,0,0,0,,,0,0.0,0,9.982011280953884,0.6122114136815071,2.5140903890132904,0.4368765828988338,0.4318204159251694,0.4368765828988338,0.43680374592403565,0.4368765828988338,0.3892663823565844
sugar_box1_clean,377,0.3975517178874507,0.4243664988806543,0.24887774109125751,0.25835963077268753,0.012114883094309132,0.012576442993157376,0.0,0.0,0.026814780993203613,0.009481889681430017,MODE_1_ACCEPT,simple,four_mode_relocalization_v2,0.0,0,0,0,False,0,0,0.3975517178874507,0,0,precomputed,0,0.0,4.267003387212753,0,378,cache_read_only_not_online_fps,157ff887794c6cb410230016d2d4aa63b09139d0c130484af891fca7557bb682,cached_perception_v2,0,0,0,,,0,0.0,0,17.5133366137743,1.2063970789313316,5.473400466144085,0.3975517178874507,0.4131469209799376,0.3975517178874507,0.3974750126783769,0.3975517178874507,0.3867828902181765
sugar_box1_clean,378,0.4181557267423212,0.3844000914013497,0.2520407093785565,0.2439219493676881,0.012268850222360102,0.011873644817605337,0.0,0.0,-0.033755635340971535,-0.008118760010868392,MODE_1_ACCEPT,simple,four_mode_relocalization_v2,0.0,0,0,0,False,0,0,0.3844000914013497,0,0,precomputed,0,0.0,2.3207534104585648,0,379,cache_read_only_not_online_fps,157ff887794c6cb410230016d2d4aa63b09139d0c130484af891fca7557bb682,cached_perception_v2,0,0,0,,,0,0.0,0,11.522316373884678,0.5934508517384529,2.9142042621970177,0.4181557267423212,0.4183592613567709,0.4181557267423212,0.41811077754003734,0.4181557267423212,0.4181557267423212
sugar_box1_clean,379,0.40213204059580965,0.43079057268612464,0.24803974035962467,0.265069167584065,0.012074090852897092,0.012903050160718403,0.0,0.0,0.028658532090314992,0.01702942722444034,MODE_1_ACCEPT,simple,four_mode_relocalization_v2,0.0,0,0,0,False,0,0,0.40213204059580965,0,0,precomputed,0,0.0,1.667039468884468,0,380,cache_read_only_not_online_fps,157ff887794c6cb410230016d2d4aa63b09139d0c130484af891fca7557bb682,cached_perception_v2,0,0,0,,,0,0.0,0,10.13802271336317,0.6063180044293404,2.2733574733138084,0.40213204059580965,0.40563863399828737,0.40213204059580965,0.4020539449949455,0.40213204059580965,0.40213204059580965
sugar_box1_clean,380,0.4042014492489834,0.4001473594576404,0.25578088067790544,0.2492676781487178,0.012450914467421248,0.012133864469841377,0.0,0.0,-0.004054089791342974,-0.006513202529187634,MODE_1_ACCEPT,simple,four_mode_relocalization_v2,0.0,0,0,0,False,0,0,0.4001473594576404,0,0,precomputed,0,0.0,1.9404664635658264,0,381,cache_read_only_not_online_fps,157ff887794c6cb410230016d2d4aa63b09139d0c130484af891fca7557bb682,cached_perception_v2,0,0,0,,,0,0.0,0,10.118887759745121,0.5856379866600037,2.52610445022583,0.4042014492489834,0.4011255826719271,0.4042014492489834,0.40418279246448713,0.4042014492489834,0.4001473594576404
sugar_box1_clean,381,0.4368849409472146,0.4187847087169761,0.2562670568799825,0.2571013572178692,0.012474580576835344,0.01251519269029604,0.0,0.0,-0.01810023223023849,0.0008343003378866731,MODE_1_ACCEPT,simple,four_mode_relocalization_v2,0.0,0,0,0,False,0,0,0.4187847087169761,0,0,precomputed,0,0.0,1.8497882410883904,0,382,cache_read_only_not_online_fps,157ff887794c6cb410230016d2d4aa63b09139d0c130484af891fca7557bb682,cached_perception_v2,0,0,0,,,0,0.0,0,10.309523902833462,0.5867918953299522,2.4365801364183426,0.4368849409472146,0.4100435918013943,0.4368849409472146,0.43680547497019945,0.4368849409472146,0.3936267088405004
sugar_box1_clean,382,0.418408806419932,0.49646994888721135,0.25059414361852417,0.2700120019429689,0.012198434222141763,0.013143657698178726,0.0,0.0,0.07806114246727935,0.01941785832444476,MODE_1_ACCEPT,simple,four_mode_relocalization_v2,0.0,0,0,0,False,0,0,0.418408806419932,0,0,precomputed,0,0.0,1.9060168415307999,0,383,cache_read_only_not_online_fps,157ff887794c6cb410230016d2d4aa63b09139d0c130484af891fca7557bb682,cached_perception_v2,0,0,0,,,0,0.0,0,9.792320430278778,0.5954457446932793,2.501462586224079,0.418408806419932,0.4255633220910809,0.418408806419932,0.4183377279457341,0.418408806419932,0.4023732454533341
sugar_box1_clean,383,0.40925991860819594,0.3803654983007835,0.25835561249170097,0.25902502652748843,0.01257624739107509,0.012608833160898038,0.0,0.0,-0.02889442030741246,0.0006694140357874634,MODE_1_ACCEPT,simple,four_mode_relocalization_v2,0.0,0,0,0,False,0,0,0.3803654983007835,0,0,precomputed,0,0.0,1.902662217617035,0,384,cache_read_only_not_online_fps,157ff887794c6cb410230016d2d4aa63b09139d0c130484af891fca7557bb682,cached_perception_v2,0,0,0,,,0,0.0,0,9.928966872394085,0.5884068086743355,2.4910690262913704,0.40925991860819594,0.41106206664669864,0.40925991860819594,0.4091912748667548,0.40925991860819594,0.3917346713229279
sugar_box1_clean,384,0.3738583864319124,0.42238202323176205,0.25412859210806754,0.252702335035941,0.012370484282006195,0.012301056869110682,0.0,0.0,0.04852363679984967,-0.0014262570721265688,MODE_1_ACCEPT,simple,four_mode_relocalization_v2,0.0,0,0,0,False,0,0,0.3738583864319124,0,0,precomputed,0,0.0,1.9201962277293205,0,385,cache_read_only_not_online_fps,157ff887794c6cb410230016d2d4aa63b09139d0c130484af891fca7557bb682,cached_perception_v2,0,0,0,,,0,0.0,0,9.881412610411644,0.5996134132146835,2.519809640944004,0.3738583864319124,0.39357203047164224,0.3738583864319124,0.3737883259085772,0.3738583864319124,0.3738583864319124
sugar_box1_clean,385,0.3834932401739188,0.3454714950188106,0.24229048336225897,0.2456285779138309,0.011794228234019157,0.011956720167097316,0.0,0.0,-0.0380217451551082,0.003338094551571913,MODE_1_ACCEPT,simple,four_mode_relocalization_v2,0.0,0,0,0,False,0,0,0.3454714950188106,0,0,precomputed,0,0.0,1.9083181396126747,0,386,cache_read_only_not_online_fps,157ff887794c6cb410230016d2d4aa63b09139d0c130484af891fca7557bb682,cached_perception_v2,0,0,0,,,0,0.0,0,9.844089858233929,0.6003398448228836,2.5086579844355583,0.3834932401739188,0.38236286034800027,0.3834932401739188,0.38339345049315404,0.3834932401739188,0.3834932401739188
sugar_box1_clean,386,0.4055832317152531,0.39885743258403283,0.255035101399939,0.2479945903273832,0.012414611386530584,0.012071893037375658,0.0,0.0,-0.006725799131220289,-0.007040511072555822,MODE_1_ACCEPT,simple,four_mode_relocalization_v2,0.0,0,0,0,False,0,0,0.39885743258403283,0,0,precomputed,0,0.0,2.0701009780168533,0,387,cache_read_only_not_online_fps,157ff887794c6cb410230016d2d4aa63b09139d0c130484af891fca7557bb682,cached_perception_v2,0,0,0,,,0,0.0,0,9.845394641160965,0.5952883511781693,2.6653893291950226,0.4055832317152531,0.39049055069262795,0.4055832317152531,0.4055041283071896,0.4055832317152531,0.39885743258403283
sugar_box1_clean,387,0.3945266985828322,0.42371401656985047,0.24658818819434336,0.2533975432039157,0.01200343212419533,0.012334898246986798,0.0,0.0,0.02918731798701829,0.00680935500957236,MODE_1_ACCEPT,simple,four_mode_relocalization_v2,0.0,0,0,0,False,0,0,0.3945266985828322,0,0,precomputed,0,0.0,1.538868062198162,0,388,cache_read_only_not_online_fps,157ff887794c6cb410230016d2d4aa63b09139d0c130484af891fca7557bb682,cached_perception_v2,0,0,0,,,0,0.0,0,9.853706695139408,0.5986737087368965,2.1375417709350586,0.3945266985828322,0.3943816512043,0.3945266985828322,0.3944418966510366,0.3945266985828322,0.3945266985828322
sugar_box1_clean,388,0.394230392628083,0.3808050316299122,0.25554580200577076,0.25346702585078007,0.012439471296093874,0.0123382805267365,0.0,0.0,-0.013425360998170821,-0.0020787761549906913,MODE_1_ACCEPT,simple,four_mode_relocalization_v2,0.0,0,0,0,False,0,0,0.3808050316299122,0,0,precomputed,0,0.0,1.8840208649635315,0,389,cache_read_only_not_online_fps,157ff887794c6cb410230016d2d4aa63b09139d0c130484af891fca7557bb682,cached_perception_v2,0,0,0,,,0,0.0,0,10.11105626821518,0.6031403318047523,2.487161196768284,0.394230392628083,0.3949950525901074,0.394230392628083,0.39415813565727104,0.394230392628083,0.3936839766303728
sugar_box1_clean,389,0.40110784559384455,0.39631982836243385,0.2519771759267267,0.2505885070612785,0.012265757537823024,0.012198159845527018,0.0,0.0,-0.004788017231410702,-0.001388668865448195,MODE_1_ACCEPT,simple,four_mode_relocalization_v2,0.0,0,0,0,False,0,0,0.39631982836243385,0,0,precomputed,0,0.0,2.116849645972252,0,390,cache_read_only_not_online_fps,157ff887794c6cb410230016d2d4aa63b09139d0c130484af891fca7557bb682,cached_perception_v2,0,0,0,,,0,0.0,0,9.922831319272518,1.1212537065148354,3.2381033524870872,0.40110784559384455,0.3973940711756714,0.40110784559384455,0.4010817193963378,0.40110784559384455,0.40110784559384455
sugar_box1_clean,390,0.4207725949295331,0.42440538068744355,0.2550176685416584,0.25572151803966925,0.01241376278898569,0.012448024809956309,0.0,0.0,0.0036327857579104283,0.0007038494980108334,MODE_1_ACCEPT,simple,four_mode_relocalization_v2,0.0,0,0,0,False,0,0,0.4207725949295331,0,0,precomputed,0,0.0,2.5714505463838577,0,391,cache_read_only_not_online_fps,157ff887794c6cb410230016d2d4aa63b09139d0c130484af891fca7557bb682,cached_perception_v2,0,0,0,,,0,0.0,0,12.590956874191761,0.6272941827774048,3.1987447291612625,0.4207725949295331,0.40884206642370297,0.4207725949295331,0.4206626258270313,0.4207725949295331,0.4086061390472663
sugar_box1_clean,391,0.38044115990808347,0.45773241909203766,0.24936458355421356,0.264845734350184,0.012138581636003527,0.01289217386661519,0.0,0.0,0.07729125918395419,0.015481150795970428,MODE_1_ACCEPT,simple,four_mode_relocalization_v2,0.0,0,0,0,False,0,0,0.38044115990808347,0,0,precomputed,0,0.0,2.216123044490814,0,392,cache_read_only_not_online_fps,157ff887794c6cb410230016d2d4aa63b09139d0c130484af891fca7557bb682,cached_perception_v2,0,0,0,,,0,0.0,0,10.376458056271076,0.6338842213153839,2.850007265806198,0.38044115990808347,0.3967590382407714,0.38044115990808347,0.38040029170713946,0.38044115990808347,0.38044115990808347
sugar_box1_clean,392,0.4127437335611196,0.3766500846600239,0.2540989114459243,0.2689225334050811,0.01236903948525398,0.013090624494351152,0.0,0.0,-0.036093648901095676,0.014823621959156819,MODE_1_ACCEPT,simple,four_mode_relocalization_v2,0.0,0,0,0,False,0,0,0.3766500846600239,0,0,precomputed,0,0.0,3.9778798818588257,0,393,cache_read_only_not_online_fps,157ff887794c6cb410230016d2d4aa63b09139d0c130484af891fca7557bb682,cached_perception_v2,0,0,0,,,0,0.0,0,17.288041301071644,0.658639706671238,4.636519588530064,0.4127437335611196,0.39311325084768184,0.4127437335611196,0.41266302280823464,0.4127437335611196,0.3408284140386073
sugar_box1_clean,393,0.4053412203957903,0.4747415255422503,0.24927257383884227,0.2691417210465442,0.012134102782489442,0.013101294121294885,0.0,0.0,0.06940030514646,0.019869147207701943,MODE_1_ACCEPT,simple,four_mode_relocalization_v2,0.0,0,0,0,False,0,0,0.4053412203957903,0,0,precomputed,0,0.0,2.169116400182247,0,394,cache_read_only_not_online_fps,157ff887794c6cb410230016d2d4aa63b09139d0c130484af891fca7557bb682,cached_perception_v2,0,0,0,,,0,0.0,0,10.645901784300804,0.6125187501311302,2.7816351503133774,0.4053412203957903,0.40626797196878395,0.4053412203957903,0.4052542538436163,0.4053412203957903,0.33502359432828216
sugar_box1_clean,394,0.38384409033889394,0.3851617913188178,0.2483475437460637,0.2474681967209234,0.01208907412149472,0.012046269223145065,0.0,0.0,0.0013177009799238415,-0.0008793470251402813,MODE_1_ACCEPT,simple,four_mode_relocalization_v2,0.0,0,0,0,False,0,0,0.38384409033889394,0,0,precomputed,0,0.0,2.216096967458725,0,395,cache_read_only_not_online_fps,157ff887794c6cb410230016d2d4aa63b09139d0c130484af891fca7557bb682,cached_perception_v2,0,0,0,,,0,0.0,0,10.169796645641327,0.5983700975775719,2.814467065036297,0.38384409033889394,0.394115870401933,0.38384409033889394,0.3837595378744479,0.38384409033889394,0.35972415214014836
sugar_box1_clean,395,0.39509252832666897,0.3744491448492066,0.24646156913790337,0.24890889734114746,0.011997268555450469,0.012116399719795279,0.0,0.0,-0.020643383477462363,0.002447328203244087,MODE_1_ACCEPT,simple,four_mode_relocalization_v2,0.0,0,0,0,False,0,0,0.3744491448492066,0,0,precomputed,0,0.0,3.1845569610595703,0,396,cache_read_only_not_online_fps,157ff887794c6cb410230016d2d4aa63b09139d0c130484af891fca7557bb682,cached_perception_v2,0,0,0,,,0,0.0,0,17.331082373857498,0.6333580240607262,3.8179149851202965,0.39509252832666897,0.3933717457590595,0.39509252832666897,0.39501941542547414,0.39509252832666897,0.39509252832666897
sugar_box1_clean,396,0.4030729721137172,0.41758298781014,0.2465448830732999,0.25362484503633864,0.012001324115353214,0.01234596285692279,0.0,0.0,0.014510015696422851,0.007079961963038756,MODE_1_ACCEPT,simple,four_mode_relocalization_v2,0.0,0,0,0,False,0,0,0.4030729721137172,0,0,precomputed,0,0.0,1.981194131076336,0,397,cache_read_only_not_online_fps,157ff887794c6cb410230016d2d4aa63b09139d0c130484af891fca7557bb682,cached_perception_v2,0,0,0,,,0,0.0,0,9.985653683543205,0.608065165579319,2.589259296655655,0.4030729721137172,0.4019738209534533,0.4030729721137172,0.4030051214908943,0.4030729721137172,0.4030729721137172
sugar_box1_clean,397,0.38970235386353885,0.4032350630011915,0.24833981991187004,0.24896988618347518,0.012088698140308595,0.012119368537704095,0.0,0.0,0.013532709137652643,0.0006300662716051397,MODE_1_ACCEPT,simple,four_mode_relocalization_v2,0.0,0,0,0,False,0,0,0.38970235386353885,0,0,precomputed,0,0.0,1.6717137768864632,0,398,cache_read_only_not_online_fps,157ff887794c6cb410230016d2d4aa63b09139d0c130484af891fca7557bb682,cached_perception_v2,0,0,0,,,0,0.0,0,10.052509605884552,0.615670345723629,2.287384122610092,0.38970235386353885,0.3956016340275553,0.38970235386353885,0.38962103800455894,0.38970235386353885,0.38970235386353885
sugar_box1_clean,398,0.39458070219510866,0.3629025766681941,0.25008170773118427,0.24950806442778795,0.012173489842458666,0.012145566005123887,0.0,0.0,-0.03167812552691457,-0.0005736433033963206,MODE_1_ACCEPT,simple,four_mode_relocalization_v2,0.0,0,0,0,False,0,0,0.3629025766681941,0,0,precomputed,0,0.0,1.9796090200543404,0,399,cache_read_only_not_online_fps,157ff887794c6cb410230016d2d4aa63b09139d0c130484af891fca7557bb682,cached_perception_v2,0,0,0,,,0,0.0,0,10.201453231275082,0.6177928298711777,2.597401849925518,0.39458070219510866,0.3845038507181178,0.39458070219510866,0.39447409612122986,0.39458070219510866,0.3629025766681941
sugar_box1_clean,399,0.4108470144161965,0.4186372439459055,0.25418127784297245,0.25324998811010846,0.012373048920837742,0.012327715552770728,0.0,0.0,0.007790229529709036,-0.0009312897328639935,MODE_1_ACCEPT,simple,four_mode_relocalization_v2,0.0,0,0,0,False,0,0,0.4108470144161965,0,0,precomputed,0,0.0,1.8783491104841232,0,400,cache_read_only_not_online_fps,157ff887794c6cb410230016d2d4aa63b09139d0c130484af891fca7557bb682,cached_perception_v2,0,0,0,,,0,0.0,0,10.180271230638027,0.5949037149548531,2.4732528254389763,0.4108470144161965,0.40190864414568117,0.4108470144161965,0.41078513074652834,0.4108470144161965,0.3595717585716423
sugar_box1_clean,400,0.41565848739015454,0.43275457057763655,0.2575046238767675,0.26219071086063644,0.012534822924831936,0.012762932500764318,0.0,0.0,0.017096083187482014,0.0046860869838689645,MODE_1_ACCEPT,simple,four_mode_relocalization_v2,0.0,0,0,0,False,0,0,0.41565848739015454,0,0,precomputed,0,0.0,1.8743118271231651,0,401,cache_read_only_not_online_fps,157ff887794c6cb410230016d2d4aa63b09139d0c130484af891fca7557bb682,cached_perception_v2,0,0,0,,,0,0.0,0,9.775464423000813,0.6050113588571548,2.47932318598032,0.41565848739015454,0.41698240787830054,0.41565848739015454,0.4155899682965137,0.41565848739015454,0.35883724587400173
sugar_box1_clean,401,0.4109780581424248,0.4280258057610774,0.2533532941260694,0.27952868468114994,0.012332744288168346,0.013606911255178896,0.0,0.0,0.01704774761865263,0.026175390555080558,MODE_1_ACCEPT,simple,four_mode_relocalization_v2,0.0,0,0,0,False,0,0,0.4109780581424248,0,0,precomputed,0,0.0,3.8799578323960304,0,402,cache_read_only_not_online_fps,157ff887794c6cb410230016d2d4aa63b09139d0c130484af891fca7557bb682,cached_perception_v2,0,0,0,,,0,0.0,0,17.89726223796606,0.6409091874957085,4.520867019891739,0.4109780581424248,0.4180068305589575,0.4109780581424248,0.4109017006638411,0.4109780581424248,0.35521416727673477
sugar_box1_clean,402,0.41265826801477135,0.4092619726168148,0.2549805926608002,0.24667397793825058,0.01241195800740801,0.012007608201628248,0.0,0.0,-0.0033962953979565502,-0.008306614722549621,MODE_1_ACCEPT,simple,four_mode_relocalization_v2,0.0,0,0,0,False,0,0,0.4092619726168148,0,0,precomputed,0,0.0,2.062750980257988,0,403,cache_read_only_not_online_fps,157ff887794c6cb410230016d2d4aa63b09139d0c130484af891fca7557bb682,cached_perception_v2,0,0,0,,,0,0.0,0,10.282622650265694,0.5980823189020157,2.6608332991600037,0.41265826801477135,0.4142313852397487,0.41265826801477135,0.41257818860102613,0.41265826801477135,0.3531280522892114
sugar_box1_clean,403,0.4036902603587077,0.41342427351516114,0.25741079515659254,0.255242408980113,0.012530255525711293,0.012424702715258336,0.0,0.0,0.009734013156453447,-0.00216838617647952,MODE_1_ACCEPT,simple,four_mode_relocalization_v2,0.0,0,0,0,False,0,0,0.4036902603587077,0,0,precomputed,0,0.0,1.6531925648450851,0,404,cache_read_only_not_online_fps,157ff887794c6cb410230016d2d4aa63b09139d0c130484af891fca7557bb682,cached_perception_v2,0,0,0,,,0,0.0,0,9.813288226723671,0.6118509918451309,2.265043556690216,0.4036902603587077,0.40587379873485613,0.4036902603587077,0.40362606551130575,0.4036902603587077,0.3463598823476464
sugar_box1_clean,404,0.4049278619281201,0.4022491226267727,0.2506328214655942,0.2607618008665532,0.012200316984310601,0.012693375948801478,0.0,0.0,-0.002678739301347377,0.010128979400959026,MODE_1_ACCEPT,simple,four_mode_relocalization_v2,0.0,0,0,0,False,0,0,0.4022491226267727,0,0,precomputed,0,0.0,2.137795090675354,0,405,cache_read_only_not_online_fps,157ff887794c6cb410230016d2d4aa63b09139d0c130484af891fca7557bb682,cached_perception_v2,0,0,0,,,0,0.0,0,10.236335918307304,0.6365813314914703,2.7743764221668243,0.4049278619281201,0.4029107740340825,0.4049278619281201,0.4048594989240416,0.4049278619281201,0.35132205888289386
sugar_box1_clean,405,0.41327264276233855,0.416461550779098,0.2551361014924355,0.2536355183425033,0.012419527874070788,0.012346482412652635,0.0,0.0,0.003188908016759473,-0.0015005831499321776,MODE_1_ACCEPT,simple,four_mode_relocalization_v2,0.0,0,0,0,False,0,0,0.41327264276233855,0,0,precomputed,0,0.0,1.5087220817804337,0,406,cache_read_only_not_online_fps,157ff887794c6cb410230016d2d4aa63b09139d0c130484af891fca7557bb682,cached_perception_v2,0,0,0,,,0,0.0,0,10.078763589262962,0.591636635363102,2.1003587171435356,0.41327264276233855,0.4111786986966991,0.41327264276233855,0.4132195815306507,0.41327264276233855,0.36178183390186996
sugar_box1_clean,406,0.40710708343644114,0.41560027237379105,0.2525699304777715,0.25529959552163023,0.012294611673424063,0.012427486444578648,0.0,0.0,0.008493188937349905,0.002729665043858742,MODE_1_ACCEPT,simple,four_mode_relocalization_v2,0.0,0,0,0,False,0,0,0.40710708343644114,0,0,precomputed,0,0.0,1.790645532310009,0,407,cache_read_only_not_online_fps,157ff887794c6cb410230016d2d4aa63b09139d0c130484af891fca7557bb682,cached_perception_v2,0,0,0,,,0,0.0,0,9.895706549286842,0.6095496937632561,2.400195226073265,0.40710708343644114,0.40726199231294546,0.40710708343644114,0.40702649228127064,0.40710708343644114,0.3649384465986851
sugar_box1_clean,407,0.3980560147422493,0.3993032485173338,0.251123949302483,0.25160266099129547,0.012224224129651042,0.012247526881116131,0.0,0.0,0.0012472337750845108,0.00047871168881247206,MODE_1_ACCEPT,simple,four_mode_relocalization_v2,0.0,0,0,0,False,0,0,0.3980560147422493,0,0,precomputed,0,0.0,1.806642860174179,0,408,cache_read_only_not_online_fps,157ff887794c6cb410230016d2d4aa63b09139d0c130484af891fca7557bb682,cached_perception_v2,0,0,0,,,0,0.0,0,10.101037099957466,0.5975747480988503,2.4042176082730293,0.3980560147422493,0.3969371091813818,0.3980560147422493,0.39801614658064083,0.3980560147422493,0.36429850079655357
sugar_box1_clean,408,0.3957333694735545,0.4237597412119732,0.2576739213247059,0.26105851096813387,0.012543063994446864,0.012707819217925463,0.0,0.0,0.02802637173841871,0.003384589643427971,MODE_1_ACCEPT,simple,four_mode_relocalization_v2,0.0,0,0,0,False,0,0,0.3957333694735545,0,0,precomputed,0,0.0,1.870008185505867,0,409,cache_read_only_not_online_fps,157ff887794c6cb410230016d2d4aa63b09139d0c130484af891fca7557bb682,cached_perception_v2,0,0,0,,,0,0.0,0,9.941560216248035,0.6069531664252281,2.476961351931095,0.3957333694735545,0.4023923026754152,0.3957333694735545,0.3956911732947586,0.3957333694735545,0.3848952375310354
sugar_box1_clean,409,0.4111525622832892,0.38690054367799254,0.25844953843952184,0.2624720185729451,0.012580819523047931,0.012776626011615083,0.0,0.0,-0.024252018605296688,0.004022480133423267,MODE_1_ACCEPT,simple,four_mode_relocalization_v2,0.0,0,0,0,False,0,0,0.38690054367799254,0,0,precomputed,0,0.0,2.116869203746319,0,410,cache_read_only_not_online_fps,157ff887794c6cb410230016d2d4aa63b09139d0c130484af891fca7557bb682,cached_perception_v2,0,0,0,,,0,0.0,0,9.932895191013813,0.597713515162468,2.7145827189087868,0.4111525622832892,0.39558493921910143,0.4111525622832892,0.41105568890486477,0.4111525622832892,0.39511063316981093
sugar_box1_clean,410,0.37925968071213445,0.45369275661416514,0.2388611817186235,0.2618603015660115,0.01162729651756432,0.012746848820640484,0.0,0.0,0.07443307590203069,0.022999119847387978,MODE_1_ACCEPT,simple,four_mode_relocalization_v2,0.0,0,0,0,False,0,0,0.37925968071213445,0,0,precomputed,0,0.0,1.9172728061676025,0,411,cache_read_only_not_online_fps,157ff887794c6cb410230016d2d4aa63b09139d0c130484af891fca7557bb682,cached_perception_v2,0,0,0,,,0,0.0,0,9.733409620821476,0.5923314020037651,2.5096042081713676,0.37925968071213445,0.3887900254324349,0.37925968071213445,0.3792169125573449,0.37925968071213445,0.37925968071213445
sugar_box1_clean,411,0.38403008333435074,0.3504357499064897,0.255177899436946,0.22904018555125066,0.01242156251649846,0.011149229576279472,0.0,0.0,-0.033594333427861056,-0.026137713885695357,MODE_1_ACCEPT,simple,four_mode_relocalization_v2,0.0,0,0,0,False,0,0,0.3504357499064897,0,0,precomputed,0,0.0,1.4810198917984962,0,412,cache_read_only_not_online_fps,157ff887794c6cb410230016d2d4aa63b09139d0c130484af891fca7557bb682,cached_perception_v2,0,0,0,,,0,0.0,0,9.996562264859676,0.5965186282992363,2.0775385200977325,0.38403008333435074,0.37401815998686977,0.38403008333435074,0.38392296962364136,0.38403008333435074,0.38403008333435074
sugar_box1_clean,412,0.411134334568711,0.4422711607226627,0.2579489386060129,0.2831602513120133,0.012556451299383577,0.013783688836770539,0.0,0.0,0.03113682615395169,0.025211312706000355,MODE_1_ACCEPT,simple,four_mode_relocalization_v2,0.0,0,0,0,False,0,0,0.411134334568711,0,0,precomputed,0,0.0,2.2430242970585823,0,413,cache_read_only_not_online_fps,157ff887794c6cb410230016d2d4aa63b09139d0c130484af891fca7557bb682,cached_perception_v2,0,0,0,,,0,0.0,0,9.666944853961468,0.6042765453457832,2.8473008424043655,0.411134334568711,0.39100030040871575,0.411134334568711,0.4111013373355312,0.411134334568711,0.411134334568711
sugar_box1_clean,413,0.41164238100795564,0.46788367971282363,0.2626898896507082,0.27364109745205234,0.012787231550805363,0.01332031499038111,0.0,0.0,0.05624129870486799,0.01095120780134412,MODE_1_ACCEPT,simple,four_mode_relocalization_v2,0.0,0,0,0,False,0,0,0.41164238100795564,0,0,precomputed,0,0.0,1.8693245947360992,0,414,cache_read_only_not_online_fps,157ff887794c6cb410230016d2d4aa63b09139d0c130484af891fca7557bb682,cached_perception_v2,0,0,0,,,0,0.0,0,10.067184455692768,0.5988283082842827,2.468152903020382,0.41164238100795564,0.404480528163588,0.41164238100795564,0.4115760457355365,0.41164238100795564,0.41164238100795564
sugar_box1_clean,414,0.4074421532839094,0.4324469586595248,0.2542672834714832,0.2586599073437078,0.01237723550711216,0.01259105987105863,0.0,0.0,0.02500480537561539,0.00439262387222461,MODE_1_ACCEPT,simple,four_mode_relocalization_v2,0.0,0,0,0,False,0,0,0.4074421532839094,0,0,precomputed,0,0.0,1.856708899140358,0,415,cache_read_only_not_online_fps,157ff887794c6cb410230016d2d4aa63b09139d0c130484af891fca7557bb682,cached_perception_v2,0,0,0,,,0,0.0,0,9.913638234138489,0.5936799570918083,2.4503888562321663,0.4074421532839094,0.41557247270813696,0.4074421532839094,0.4073880424928235,0.4074421532839094,0.4074421532839094
sugar_box1_clean,415,0.39163086727347035,0.3932149554193638,0.25156261727406487,0.25173780569918813,0.012245577631051488,0.012254105461947648,0.0,0.0,0.0015840881458934475,0.00017518842512326271,MODE_1_ACCEPT,simple,four_mode_relocalization_v2,0.0,0,0,0,False,0,0,0.39163086727347035,0,0,precomputed,0,0.0,1.9129430875182152,0,416,cache_read_only_not_online_fps,157ff887794c6cb410230016d2d4aa63b09139d0c130484af891fca7557bb682,cached_perception_v2,0,0,0,,,0,0.0,0,9.827916510403156,0.6041647866368294,2.5171078741550446,0.39163086727347035,0.4031035487207195,0.39163086727347035,0.39157274424362376,0.39163086727347035,0.39163086727347035
sugar_box1_clean,416,0.4420827769697993,0.4006699134006413,0.259338143218649,0.2508040088656121,0.012624075070807917,0.012208650053107123,0.0,0.0,-0.04141286356915802,-0.008534134353036904,MODE_1_ACCEPT,simple,four_mode_relocalization_v2,0.0,0,0,0,False,0,0,0.4006699134006413,0,0,precomputed,0,0.0,2.204524353146553,0,417,cache_read_only_not_online_fps,157ff887794c6cb410230016d2d4aa63b09139d0c130484af891fca7557bb682,cached_perception_v2,0,0,0,,,0,0.0,0,9.878942742943764,0.6039189174771309,2.808443270623684,0.4420827769697993,0.4257316557613554,0.4420827769697993,0.44205711981041157,0.4420827769697993,0.4006699134006413
sugar_box1_clean,417,0.411147208153436,0.4689648132507684,0.2609618240751215,0.2707629009846583,0.012703112688524879,0.013180209999183255,0.0,0.0,0.057817605097332414,0.009801076909536799,MODE_1_ACCEPT,simple,four_mode_relocalization_v2,0.0,0,0,0,False,0,0,0.411147208153436,0,0,precomputed,0,0.0,2.217126078903675,0,418,cache_read_only_not_online_fps,157ff887794c6cb410230016d2d4aa63b09139d0c130484af891fca7557bb682,cached_perception_v2,0,0,0,,,0,0.0,0,9.936819784343243,0.6048949435353279,2.822021022439003,0.411147208153436,0.41554483700554734,0.411147208153436,0.4110634591396981,0.411147208153436,0.39038489770832485
sugar_box1_clean,418,0.39843776316925894,0.4241377184559115,0.25060191691863737,0.2525186359498518,0.012198812611232387,0.012292114755835533,0.0,0.0,0.025699955286652587,0.001916719031214431,MODE_1_ACCEPT,simple,four_mode_relocalization_v2,0.0,0,0,0,False,0,0,0.39843776316925894,0,0,precomputed,0,0.0,1.7681745812296867,0,419,cache_read_only_not_online_fps,157ff887794c6cb410230016d2d4aa63b09139d0c130484af891fca7557bb682,cached_perception_v2,0,0,0,,,0,0.0,0,10.189094580709934,0.5902843549847603,2.358458936214447,0.39843776316925894,0.41827906415923494,0.39843776316925894,0.39837127020789814,0.39843776316925894,0.39843776316925894
sugar_box1_clean,419,0.4324470301636336,0.36727781227339323,0.25772094779265464,0.24757795442264868,0.012545353151199246,0.012051612014024118,0.0,0.0,-0.06516921789024038,-0.01014299337000596,MODE_1_ACCEPT,simple,four_mode_relocalization_v2,0.0,0,0,0,False,0,0,0.36727781227339323,0,0,precomputed,0,0.0,1.3809474185109138,0,420,cache_read_only_not_online_fps,157ff887794c6cb410230016d2d4aa63b09139d0c130484af891fca7557bb682,cached_perception_v2,0,0,0,,,0,0.0,0,10.081957094371319,0.6029810756444931,1.983928494155407,0.4324470301636336,0.4164727918053062,0.4324470301636336,0.4324016134707392,0.4324470301636336,0.4324470301636336
sugar_box1_clean,420,0.4167539753504206,0.4613455848853792,0.24928171541906047,0.25735703776926167,0.012134547776787265,0.0125276387209295,0.0,0.0,0.04459160953495861,0.008075322350201197,MODE_1_ACCEPT,simple,four_mode_relocalization_v2,0.0,0,0,0,False,0,0,0.4167539753504206,0,0,precomputed,0,0.0,1.9297590479254723,0,421,cache_read_only_not_online_fps,157ff887794c6cb410230016d2d4aa63b09139d0c130484af891fca7557bb682,cached_perception_v2,0,0,0,,,0,0.0,0,10.44982485473156,0.5993638187646866,2.529122866690159,0.4167539753504206,0.4133053900963797,0.4167539753504206,0.4166960122918487,0.4167539753504206,0.4167539753504206
sugar_box1_clean,421,0.4246738085036058,0.41731819665185127,0.26098162982669787,0.2573914246819124,0.01270407679388798,0.012529312608778657,0.0,0.0,-0.00735561185175454,-0.0035902051447854744,MODE_1_ACCEPT,simple,four_mode_relocalization_v2,0.0,0,0,0,False,0,0,0.41731819665185127,0,0,precomputed,0,0.0,1.7786892130970955,0,422,cache_read_only_not_online_fps,157ff887794c6cb410230016d2d4aa63b09139d0c130484af891fca7557bb682,cached_perception_v2,0,0,0,,,0,0.0,0,9.93346981704235,0.6043426692485809,2.3830318823456764,0.4246738085036058,0.42419215866215154,0.4246738085036058,0.4246146617911893,0.4246738085036058,0.41731819665185127
sugar_box1_clean,422,0.41894119006237307,0.41731250223771216,0.2618172741957122,0.26153109220132986,0.012744754332162947,0.01273082355076628,0.0,0.0,-0.0016286878246609127,-0.0002861819943823507,MODE_1_ACCEPT,simple,four_mode_relocalization_v2,0.0,0,0,0,False,0,0,0.41731250223771216,0,0,precomputed,0,0.0,2.131963148713112,0,423,cache_read_only_not_online_fps,157ff887794c6cb410230016d2d4aa63b09139d0c130484af891fca7557bb682,cached_perception_v2,0,0,0,,,0,0.0,0,9.745204821228981,0.5859984084963799,2.7179615572094917,0.41894119006237307,0.41930898266774147,0.41894119006237307,0.41888497935762814,0.41894119006237307,0.40624140614148163
sugar_box1_clean,423,0.4261411862978232,0.4381403472362317,0.2536795647812954,0.2524380528931783,0.012348626507397095,0.012288192129783474,0.0,0.0,0.01199916093840847,-0.0012415118881171083,MODE_1_ACCEPT,simple,four_mode_relocalization_v2,0.0,0,0,0,False,0,0,0.4261411862978232,0,0,precomputed,0,0.0,2.1237870678305626,0,424,cache_read_only_not_online_fps,157ff887794c6cb410230016d2d4aa63b09139d0c130484af891fca7557bb682,cached_perception_v2,0,0,0,,,0,0.0,0,10.021288879215717,0.5981540307402611,2.7219410985708237,0.4261411862978232,0.43184289717634267,0.4261411862978232,0.42608927736362623,0.4261411862978232,0.4209023575953236
sugar_box1_clean,424,0.42033002782413725,0.4199113681492465,0.2534460540975336,0.25634758679985814,0.012337259662685944,0.012478500616291703,0.0,0.0,-0.0004186596748907423,0.0029015327023245163,MODE_1_ACCEPT,simple,four_mode_relocalization_v2,0.0,0,0,0,False,0,0,0.4199113681492465,0,0,precomputed,0,0.0,1.867733895778656,0,425,cache_read_only_not_online_fps,157ff887794c6cb410230016d2d4aa63b09139d0c130484af891fca7557bb682,cached_perception_v2,0,0,0,,,0,0.0,0,9.724484756588936,0.5981773138046265,2.4659112095832825,0.42033002782413725,0.4254385190219267,0.42033002782413725,0.4202972728162113,0.42033002782413725,0.42033002782413725
sugar_box1_clean,425,0.4066531964709516,0.4174145503750495,0.24708255586537986,0.2512956467123225,0.012027496978344007,0.012232582024731096,0.0,0.0,0.010761353904097881,0.0042130908469426576,MODE_1_ACCEPT,simple,four_mode_relocalization_v2,0.0,0,0,0,False,0,0,0.4066531964709516,0,0,precomputed,0,0.0,3.0554886907339096,0,426,cache_read_only_not_online_fps,157ff887794c6cb410230016d2d4aa63b09139d0c130484af891fca7557bb682,cached_perception_v2,0,0,0,,,0,0.0,0,17.64178927987814,0.6206119433045387,3.6761006340384483,0.4066531964709516,0.41121389159588717,0.4066531964709516,0.40659375326134084,0.4066531964709516,0.4066531964709516
sugar_box1_clean,426,0.39195192819757646,0.4106708960858356,0.2509731529767681,0.25559581034622014,0.012216883658586506,0.012441905604584573,0.0,0.0,0.018718967888259164,0.0046226573694520545,MODE_1_ACCEPT,simple,four_mode_relocalization_v2,0.0,0,0,0,False,0,0,0.39195192819757646,0,0,precomputed,0,0.0,1.9977539777755737,0,427,cache_read_only_not_online_fps,157ff887794c6cb410230016d2d4aa63b09139d0c130484af891fca7557bb682,cached_perception_v2,0,0,0,,,0,0.0,0,10.642639361321926,0.6152652204036713,2.613019198179245,0.39195192819757646,0.39493865266493916,0.39195192819757646,0.39189177852261986,0.39195192819757646,0.39195192819757646
sugar_box1_clean,427,0.4110029211857125,0.36910784721948525,0.2554518747458953,0.24732656003106626,0.012434899100252774,0.012039374625291676,0.0,0.0,-0.04189507396622727,-0.008125314714829052,MODE_1_ACCEPT,simple,four_mode_relocalization_v2,0.0,0,0,0,False,0,0,0.36910784721948525,0,0,precomputed,0,0.0,1.4221537858247757,0,428,cache_read_only_not_online_fps,157ff887794c6cb410230016d2d4aa63b09139d0c130484af891fca7557bb682,cached_perception_v2,0,0,0,,,0,0.0,0,10.01649722456932,0.6370590999722481,2.0592128857970238,0.4110029211857125,0.38935725473206123,0.4110029211857125,0.4109345296494174,0.4110029211857125,0.36910784721948525
sugar_box1_clean,428,0.4177327650018489,0.4529700175137706,0.25846152622988233,0.2686191703223395,0.012581403065305025,0.013075857371078378,0.0,0.0,0.03523725251192167,0.010157644092457174,MODE_1_ACCEPT,simple,four_mode_relocalization_v2,0.0,0,0,0,False,0,0,0.4177327650018489,0,0,precomputed,0,0.0,1.8860157579183578,0,429,cache_read_only_not_online_fps,157ff887794c6cb410230016d2d4aa63b09139d0c130484af891fca7557bb682,cached_perception_v2,0,0,0,,,0,0.0,0,10.009373538196087,0.624215230345726,2.510230988264084,0.4177327650018489,0.40934058534247547,0.4177327650018489,0.41769099636692403,0.4177327650018489,0.3769609804856122
sugar_box1_clean,429,0.41371076663676304,0.41815800671533376,0.25415447303791844,0.25619235662319534,0.01237174411520036,0.012470944314009575,0.0,0.0,0.0044472400785707245,0.0020378835852769006,MODE_1_ACCEPT,simple,four_mode_relocalization_v2,0.0,0,0,0,False,0,0,0.41371076663676304,0,0,precomputed,0,0.0,1.9350703805685043,0,430,cache_read_only_not_online_fps,157ff887794c6cb410230016d2d4aa63b09139d0c130484af891fca7557bb682,cached_perception_v2,0,0,0,,,0,0.0,0,10.07922738790512,0.6238622590899467,2.558932639658451,0.41371076663676304,0.4127589808493972,0.41371076663676304,0.41362668205437436,0.41371076663676304,0.370672412471309
sugar_box1_clean,430,0.3920307895020063,0.43201607842612755,0.2531973472991474,0.26622523762318473,0.012325153100749157,0.012959325395744877,0.0,0.0,0.03998528892412123,0.013027890324037339,MODE_1_ACCEPT,simple,four_mode_relocalization_v2,0.0,0,0,0,False,0,0,0.3920307895020063,0,0,precomputed,0,0.0,2.137630246579647,0,431,cache_read_only_not_online_fps,157ff887794c6cb410230016d2d4aa63b09139d0c130484af891fca7557bb682,cached_perception_v2,0,0,0,,,0,0.0,0,10.142258368432522,0.6282776594161987,2.765907905995846,0.3920307895020063,0.4114399253445641,0.3920307895020063,0.39197077473826103,0.3920307895020063,0.38517595772368474
sugar_box1_clean,431,0.4145261198781842,0.366260211713547,0.2667955820953619,0.2482106571616484,0.012987088652409034,0.012082410749510953,0.0,0.0,-0.04826590816463722,-0.018584924933713526,MODE_1_ACCEPT,simple,four_mode_relocalization_v2,0.0,0,0,0,False,0,0,0.366260211713547,0,0,precomputed,0,0.0,1.7344793304800987,0,432,cache_read_only_not_online_fps,157ff887794c6cb410230016d2d4aa63b09139d0c130484af891fca7557bb682,cached_perception_v2,0,0,0,,,0,0.0,0,10.932020843029022,0.641949474811554,2.3764288052916527,0.4145261198781842,0.4049435165913974,0.4145261198781842,0.4144566328481841,0.4145261198781842,0.4059519996354282
sugar_box1_clean,432,0.384469101307531,0.4438034031332243,0.24724817192079276,0.26577653133980245,0.012035558844949957,0.012937483248901921,0.0,0.0,0.059334301825693325,0.018528359419009682,MODE_1_ACCEPT,simple,four_mode_relocalization_v2,0.0,0,0,0,False,0,0,0.384469101307531,0,0,precomputed,0,0.0,2.309815026819706,0,433,cache_read_only_not_online_fps,157ff887794c6cb410230016d2d4aa63b09139d0c130484af891fca7557bb682,cached_perception_v2,0,0,0,,,0,0.0,0,9.989673271775246,0.6254231557250023,2.9352381825447083,0.384469101307531,0.389042600847122,0.384469101307531,0.3843668391722683,0.384469101307531,0.384469101307531
sugar_box1_clean,433,0.37044143322465967,0.3834799357560517,0.24484160727823992,0.2315450534683751,0.011918411971245671,0.011271161661686502,0.0,0.0,0.013038502531392049,-0.01329655380986483,MODE_1_ACCEPT,simple,four_mode_relocalization_v2,0.0,0,0,0,False,0,0,0.37044143322465967,0,0,precomputed,0,0.0,1.9851867109537125,0,434,cache_read_only_not_online_fps,157ff887794c6cb410230016d2d4aa63b09139d0c130484af891fca7557bb682,cached_perception_v2,0,0,0,,,0,0.0,0,10.258326306939125,0.6206948310136795,2.605881541967392,0.37044143322465967,0.3801715462099032,0.37044143322465967,0.3703742975910972,0.37044143322465967,0.37044143322465967
sugar_box1_clean,434,0.41605055824324116,0.3465449716569683,0.2610793412570171,0.25244357738965534,0.01270883319576669,0.012288461051498533,0.0,0.0,-0.06950558658627287,-0.008635763867361756,MODE_1_ACCEPT,simple,four_mode_relocalization_v2,0.0,0,0,0,False,0,0,0.3465449716569683,0,0,precomputed,0,0.0,2.000086009502411,0,435,cache_read_only_not_online_fps,157ff887794c6cb410230016d2d4aa63b09139d0c130484af891fca7557bb682,cached_perception_v2,0,0,0,,,0,0.0,0,10.083688423037529,0.6125671789050102,2.612653188407421,0.41605055824324116,0.38574070105708796,0.41605055824324116,0.4159590978634279,0.41605055824324116,0.3465449716569683
sugar_box1_clean,435,0.40006684984466345,0.46539362996561395,0.25675392492585697,0.274490058560955,0.012498280363856319,0.013361640761584569,0.0,0.0,0.0653267801209505,0.017736133635098017,MODE_1_ACCEPT,simple,four_mode_relocalization_v2,0.0,0,0,0,False,0,0,0.40006684984466345,0,0,precomputed,0,0.0,1.4776978641748428,0,436,cache_read_only_not_online_fps,157ff887794c6cb410230016d2d4aa63b09139d0c130484af891fca7557bb682,cached_perception_v2,0,0,0,,,0,0.0,0,10.333162732422352,0.6158845499157906,2.0935824140906334,0.40006684984466345,0.3965599723065096,0.40006684984466345,0.4000082600968655,0.40006684984466345,0.33746667008230535
sugar_box1_clean,436,0.40399802969340604,0.4044838945039245,0.25036373264621664,0.25283750610529737,0.01218721826533939,0.012307636733166845,0.0,0.0,0.0004858648105184882,0.0024737734590807303,MODE_1_ACCEPT,simple,four_mode_relocalization_v2,0.0,0,0,0,False,0,0,0.40399802969340604,0,0,precomputed,0,0.0,1.9863694906234741,0,437,cache_read_only_not_online_fps,157ff887794c6cb410230016d2d4aa63b09139d0c130484af891fca7557bb682,cached_perception_v2,0,0,0,,,0,0.0,0,9.942667558789253,0.6213448941707611,2.6077143847942352,0.40399802969340604,0.41445640088702906,0.40399802969340604,0.4039441619605881,0.40399802969340604,0.3878910021918327
sugar_box1_clean,437,0.416905816041917,0.39149223682733575,0.25917187668123737,0.24904586664125358,0.012615981540006788,0.012123067118217569,0.0,0.0,-0.02541357921458126,-0.010126010039983785,MODE_1_ACCEPT,simple,four_mode_relocalization_v2,0.0,0,0,0,False,0,0,0.39149223682733575,0,0,precomputed,0,0.0,1.9250651821494102,0,438,cache_read_only_not_online_fps,157ff887794c6cb410230016d2d4aa63b09139d0c130484af891fca7557bb682,cached_perception_v2,0,0,0,,,0,0.0,0,10.045035742223263,0.6206398829817772,2.5457050651311874,0.416905816041917,0.41690379807651257,0.416905816041917,0.4168547191058883,0.416905816041917,0.416905816041917
sugar_box1_clean,438,0.4073983737124215,0.4268199144221317,0.2549057415746361,0.26231622537760535,0.012408314402502308,0.012769042302681716,0.0,0.0,0.019421540709710194,0.00741048380296927,MODE_1_ACCEPT,simple,four_mode_relocalization_v2,0.0,0,0,0,False,0,0,0.4073983737124215,0,0,precomputed,0,0.0,1.8099145963788033,0,439,cache_read_only_not_online_fps,157ff887794c6cb410230016d2d4aa63b09139d0c130484af891fca7557bb682,cached_perception_v2,0,0,0,,,0,0.0,0,10.002289898693562,0.6152894347906113,2.4252040311694145,0.4073983737124215,0.4114170108374897,0.4073983737124215,0.40732645978078746,0.4073983737124215,0.4073983737124215
sugar_box1_clean,439,0.4265655697132006,0.404306576255827,0.26043043562779183,0.2539321047866735,0.01267724573518129,0.012360919662375024,0.0,0.0,-0.022258993457373588,-0.006498330841118338,MODE_1_ACCEPT,simple,four_mode_relocalization_v2,0.0,0,0,0,False,0,0,0.404306576255827,0,0,precomputed,0,0.0,1.7110351473093033,0,440,cache_read_only_not_online_fps,157ff887794c6cb410230016d2d4aa63b09139d0c130484af891fca7557bb682,cached_perception_v2,0,0,0,,,0,0.0,0,10.032174177467823,0.6239302456378937,2.334965392947197,0.4265655697132006,0.41900467437287775,0.4265655697132006,0.4265210073144815,0.4265655697132006,0.404306576255827
sugar_box1_clean,440,0.40290603682634457,0.4506266394529151,0.25251048811176957,0.26617723648278085,0.012291718134966968,0.012956988793838107,0.0,0.0,0.04772060262657052,0.013666748371011284,MODE_1_ACCEPT,simple,four_mode_relocalization_v2,0.0,0,0,0,False,0,0,0.40290603682634457,0,0,precomputed,0,0.0,1.9017597660422325,0,441,cache_read_only_not_online_fps,157ff887794c6cb410230016d2d4aa63b09139d0c130484af891fca7557bb682,cached_perception_v2,0,0,0,,,0,0.0,0,9.939386509358883,0.6290748715400696,2.530834637582302,0.40290603682634457,0.4152522291565439,0.40290603682634457,0.4028348166488128,0.40290603682634457,0.40250245715667354
sugar_box1_clean,441,0.3966809164810514,0.38582568426951097,0.25641235724346495,0.24914956414561204,0.012481653515176203,0.012128114910506931,0.0,0.0,-0.010855232211540444,-0.00726279309785291,MODE_1_ACCEPT,simple,four_mode_relocalization_v2,0.0,0,0,0,False,0,0,0.38582568426951097,0,0,precomputed,0,0.0,1.8796995282173157,0,442,cache_read_only_not_online_fps,157ff887794c6cb410230016d2d4aa63b09139d0c130484af891fca7557bb682,cached_perception_v2,0,0,0,,,0,0.0,0,9.83372051268816,0.6266124546527863,2.506311982870102,0.3966809164810514,0.4030244832765923,0.3966809164810514,0.39664578731547634,0.3966809164810514,0.3966809164810514
sugar_box1_clean,442,0.40057905338981475,0.39413538547809396,0.2555958353193161,0.2524487857335367,0.012441906820226185,0.01228871458352177,0.0,0.0,-0.006443667911720796,-0.003147049585779438,MODE_1_ACCEPT,simple,four_mode_relocalization_v2,0.0,0,0,0,False,0,0,0.39413538547809396,0,0,precomputed,0,0.0,1.862967386841774,0,443,cache_read_only_not_online_fps,157ff887794c6cb410230016d2d4aa63b09139d0c130484af891fca7557bb682,cached_perception_v2,0,0,0,,,0,0.0,0,10.237513110041618,0.6237532943487167,2.4867206811904907,0.40057905338981475,0.39016836524084314,0.40057905338981475,0.4004827600566792,0.40057905338981475,0.40057905338981475
sugar_box1_clean,443,0.39155252896035525,0.4345217200959064,0.2510468368732832,0.2750836249336423,0.012220470446976257,0.013390534415080013,0.0,0.0,0.042969191135551144,0.024036788060359082,MODE_1_ACCEPT,simple,four_mode_relocalization_v2,0.0,0,0,0,False,0,0,0.39155252896035525,0,0,precomputed,0,0.0,1.5265615656971931,0,444,cache_read_only_not_online_fps,157ff887794c6cb410230016d2d4aa63b09139d0c130484af891fca7557bb682,cached_perception_v2,0,0,0,,,0,0.0,0,10.132743045687675,0.6199292838573456,2.1464908495545387,0.39155252896035525,0.3875516780699073,0.39155252896035525,0.39148266182330765,0.39155252896035525,0.39155252896035525
sugar_box1_clean,444,0.41072420419612143,0.3913632878809886,0.2553634120734622,0.2504552555608804,0.012430592909871753,0.01219167342234435,0.0,0.0,-0.019360916315132815,-0.004908156512581807,MODE_1_ACCEPT,simple,four_mode_relocalization_v2,0.0,0,0,0,False,0,0,0.3913632878809886,0,0,precomputed,0,0.0,1.8666330724954605,0,445,cache_read_only_not_online_fps,157ff887794c6cb410230016d2d4aa63b09139d0c130484af891fca7557bb682,cached_perception_v2,0,0,0,,,0,0.0,0,10.20177360624075,0.6241379305720329,2.4907710030674934,0.41072420419612143,0.39856169500619104,0.41072420419612143,0.41067337193420705,0.41072420419612143,0.3913632878809886
sugar_box1_clean,445,0.4245416682716037,0.445742842020015,0.25782758926791194,0.27149614971685593,0.012550544250250862,0.013215903117541991,0.0,0.0,0.021201173748411295,0.01366856044894399,MODE_1_ACCEPT,simple,four_mode_relocalization_v2,0.0,0,0,0,False,0,0,0.4245416682716037,0,0,precomputed,0,0.0,2.127951942384243,0,446,cache_read_only_not_online_fps,157ff887794c6cb410230016d2d4aa63b09139d0c130484af891fca7557bb682,cached_perception_v2,0,0,0,,,0,0.0,0,9.87692829221487,0.6307568401098251,2.758708782494068,0.4245416682716037,0.42198112774872176,0.4245416682716037,0.4244743906133469,0.4245416682716037,0.40871559591617146
sugar_box1_clean,446,0.4194130677188362,0.4237996887191145,0.25868750711081706,0.25004127373005974,0.01259240337389859,0.01217152159413517,0.0,0.0,0.004386621000278312,-0.008646233380757318,MODE_1_ACCEPT,simple,four_mode_relocalization_v2,0.0,0,0,0,False,0,0,0.4194130677188362,0,0,precomputed,0,0.0,1.8853042274713516,0,447,cache_read_only_not_online_fps,157ff887794c6cb410230016d2d4aa63b09139d0c130484af891fca7557bb682,cached_perception_v2,0,0,0,,,0,0.0,0,10.028554126620293,0.6107455119490623,2.496049739420414,0.4194130677188362,0.4199375644501058,0.4194130677188362,0.4193411628753342,0.4194130677188362,0.4046494976185092
sugar_box1_clean,447,0.4229311218200798,0.4212954624933817,0.2622807795485503,0.2608892490606936,0.012767316868847014,0.012699579878352678,0.0,0.0,-0.0016356593266981245,-0.0013915304878566737,MODE_1_ACCEPT,simple,four_mode_relocalization_v2,0.0,0,0,0,False,0,0,0.4212954624933817,0,0,precomputed,0,0.0,1.6825450584292412,0,448,cache_read_only_not_online_fps,157ff887794c6cb410230016d2d4aa63b09139d0c130484af891fca7557bb682,cached_perception_v2,0,0,0,,,0,0.0,0,10.401173494756222,0.6237141788005829,2.306259237229824,0.4229311218200798,0.424400895444069,0.4229311218200798,0.42286187405053566,0.4229311218200798,0.4096048060077227
sugar_box1_clean,448,0.3734696554856084,0.4314019692686238,0.24812826815613204,0.2659113375751996,0.012078400213391047,0.01294404535355242,0.0,0.0,0.05793231378301539,0.017783069419067543,MODE_1_ACCEPT,simple,four_mode_relocalization_v2,0.0,0,0,0,False,0,0,0.3734696554856084,0,0,precomputed,0,0.0,1.9458197057247162,0,449,cache_read_only_not_online_fps,157ff887794c6cb410230016d2d4aa63b09139d0c130484af891fca7557bb682,cached_perception_v2,0,0,0,,,0,0.0,0,10.195710696280003,0.6323028355836868,2.578122541308403,0.3734696554856084,0.40293484888476405,0.3734696554856084,0.37338900066901964,0.3734696554856084,0.3734696554856084
sugar_box1_clean,449,0.4184173864787827,0.33922963387315586,0.2559178291807285,0.23886689823990948,0.012457580853472355,0.011627574786672607,0.0,0.0,-0.07918775260562683,-0.017050930940818998,MODE_1_ACCEPT,simple,four_mode_relocalization_v2,0.0,0,0,0,False,0,0,0.33922963387315586,0,0,precomputed,0,0.0,3.639891743659973,0,450,cache_read_only_not_online_fps,157ff887794c6cb410230016d2d4aa63b09139d0c130484af891fca7557bb682,cached_perception_v2,0,0,0,,,0,0.0,0,16.97214413434267,0.6862329319119453,4.3261246755719185,0.4184173864787827,0.4053829740490517,0.4184173864787827,0.4183268759386568,0.4184173864787827,0.4184173864787827
sugar_box1_clean,450,0.4220935220491292,0.45739381241050764,0.2525933765891725,0.2619734561014483,0.012295752984404284,0.012752356962760373,0.0,0.0,0.03530029036137844,0.009380079512275763,MODE_1_ACCEPT,simple,four_mode_relocalization_v2,0.0,0,0,0,False,0,0,0.4220935220491292,0,0,precomputed,0,0.0,1.9439347088336945,0,451,cache_read_only_not_online_fps,157ff887794c6cb410230016d2d4aa63b09139d0c130484af891fca7557bb682,cached_perception_v2,0,0,0,,,0,0.0,0,10.638037696480751,0.6141066551208496,2.558041363954544,0.4220935220491292,0.4132601395405003,0.4220935220491292,0.42201037974219524,0.4220935220491292,0.4220935220491292
sugar_box1_clean,451,0.3860527270344286,0.41112097257885555,0.24983327472095967,0.2526312548166497,0.012161396607995667,0.0122975968226507,0.0,0.0,0.025068245544426937,0.0027979800956900447,MODE_1_ACCEPT,simple,four_mode_relocalization_v2,0.0,0,0,0,False,0,0,0.3860527270344286,0,0,precomputed,0,0.0,1.4060614630579948,0,452,cache_read_only_not_online_fps,157ff887794c6cb410230016d2d4aa63b09139d0c130484af891fca7557bb682,cached_perception_v2,0,0,0,,,0,0.0,0,10.34591719508171,0.6247842684388161,2.030845731496811,0.3860527270344286,0.3946602879829883,0.3860527270344286,0.38600877031124514,0.3860527270344286,0.3860527270344286
sugar_box1_clean,452,0.4197857602834013,0.382418912776279,0.2584399450443757,0.246940142381449,0.01258035253528051,0.012020564567669954,0.0,0.0,-0.037366847507122325,-0.011499802662926661,MODE_1_ACCEPT,simple,four_mode_relocalization_v2,0.0,0,0,0,False,0,0,0.382418912776279,0,0,precomputed,0,0.0,1.9819261506199837,0,453,cache_read_only_not_online_fps,157ff887794c6cb410230016d2d4aa63b09139d0c130484af891fca7557bb682,cached_perception_v2,0,0,0,,,0,0.0,0,10.152419097721577,0.6252089515328407,2.6071351021528244,0.4197857602834013,0.40849202276492713,0.4197857602834013,0.4197030924852404,0.4197857602834013,0.382418912776279
sugar_box1_clean,453,0.4070125691661968,0.4411260794970533,0.25268140787740845,0.2644588248866082,0.012300038175843835,0.012873339868449062,0.0,0.0,0.03411351033085647,0.011777417009199764,MODE_1_ACCEPT,simple,four_mode_relocalization_v2,0.0,0,0,0,False,0,0,0.4070125691661968,0,0,precomputed,0,0.0,1.9853562116622925,0,454,cache_read_only_not_online_fps,157ff887794c6cb410230016d2d4aa63b09139d0c130484af891fca7557bb682,cached_perception_v2,0,0,0,,,0,0.0,0,10.447271168231964,0.6069410592317581,2.5922972708940506,0.4070125691661968,0.40499230751035403,0.4070125691661968,0.40693220347792675,0.4070125691661968,0.37652903299573887
sugar_box1_clean,454,0.3917601285926861,0.39841660382175426,0.2538445278149492,0.2566021182142516,0.012356656586177284,0.012490890709177012,0.0,0.0,0.006656475229068148,0.002757590399302401,MODE_1_ACCEPT,simple,four_mode_relocalization_v2,0.0,0,0,0,False,0,0,0.3917601285926861,0,0,precomputed,0,0.0,1.9165603443980217,0,455,cache_read_only_not_online_fps,157ff887794c6cb410230016d2d4aa63b09139d0c130484af891fca7557bb682,cached_perception_v2,0,0,0,,,0,0.0,0,9.799198247492313,0.596633180975914,2.5131935253739357,0.3917601285926861,0.3967945847216979,0.3917601285926861,0.3917052937754201,0.3917601285926861,0.3845684341745886
sugar_box1_clean,455,0.4086597125647618,0.3834603504081088,0.25154076589639546,0.2529333757872371,0.012244513948599397,0.012312303482326077,0.0,0.0,-0.025199362156653027,0.0013926098908416673,MODE_1_ACCEPT,simple,four_mode_relocalization_v2,0.0,0,0,0,False,0,0,0.3834603504081088,0,0,precomputed,0,0.0,2.115720883011818,0,456,cache_read_only_not_online_fps,157ff887794c6cb410230016d2d4aa63b09139d0c130484af891fca7557bb682,cached_perception_v2,0,0,0,,,0,0.0,0,10.062938556075096,0.606113113462925,2.721833996474743,0.4086597125647618,0.398150373660848,0.4086597125647618,0.40861925297374124,0.4086597125647618,0.40097695068974065
sugar_box1_clean,456,0.409957192408808,0.43431905142948923,0.25949450110428357,0.259316251600305,0.01263168626776362,0.012623009429518264,0.0,0.0,0.02436185902068122,-0.00017824950397854478,MODE_1_ACCEPT,simple,four_mode_relocalization_v2,0.0,0,0,0,False,0,0,0.409957192408808,0,0,precomputed,0,0.0,1.937849447131157,0,457,cache_read_only_not_online_fps,157ff887794c6cb410230016d2d4aa63b09139d0c130484af891fca7557bb682,cached_perception_v2,0,0,0,,,0,0.0,0,10.0379828363657,0.6030360236763954,2.5408854708075523,0.409957192408808,0.4042870646764237,0.409957192408808,0.40988665142936154,0.409957192408808,0.409957192408808
sugar_box1_clean,457,0.39874478986985634,0.4299880338924552,0.2430727100876158,0.25888384977905443,0.011832305505571808,0.012601960952096184,0.0,0.0,0.03124324402259887,0.01581113969143863,MODE_1_ACCEPT,simple,four_mode_relocalization_v2,0.0,0,0,0,False,0,0,0.39874478986985634,0,0,precomputed,0,0.0,2.0384350791573524,0,458,cache_read_only_not_online_fps,157ff887794c6cb410230016d2d4aa63b09139d0c130484af891fca7557bb682,cached_perception_v2,0,0,0,,,0,0.0,0,10.164926759898663,0.6030220538377762,2.6414571329951286,0.39874478986985634,0.411406530370114,0.39874478986985634,0.39865424295398727,0.39874478986985634,0.39874478986985634
sugar_box1_clean,458,0.39837833814203677,0.36334494271935164,0.2543558483878647,0.23999928251213845,0.012381546674529198,0.011682697044756982,0.0,0.0,-0.03503339542268513,-0.01435656587572623,MODE_1_ACCEPT,simple,four_mode_relocalization_v2,0.0,0,0,0,False,0,0,0.36334494271935164,0,0,precomputed,0,0.0,1.8791928887367249,0,459,cache_read_only_not_online_fps,157ff887794c6cb410230016d2d4aa63b09139d0c130484af891fca7557bb682,cached_perception_v2,0,0,0,,,0,0.0,0,9.967911057174206,0.6172284483909607,2.4964213371276855,0.39837833814203677,0.39556867888584635,0.39837833814203677,0.39830836639915806,0.39837833814203677,0.36334494271935164
sugar_box1_clean,459,0.4154902901466329,0.41685105761525115,0.2537534121253524,0.2600383463667499,0.012352221252094444,0.012658159594575748,0.0,0.0,0.0013607674686182403,0.006284934241397477,MODE_1_ACCEPT,simple,four_mode_relocalization_v2,0.0,0,0,0,False,0,0,0.4154902901466329,0,0,precomputed,0,0.0,1.6322694718837738,0,460,cache_read_only_not_online_fps,157ff887794c6cb410230016d2d4aa63b09139d0c130484af891fca7557bb682,cached_perception_v2,0,0,0,,,0,0.0,0,9.909233078360558,0.5994625389575958,2.2317320108413696,0.4154902901466329,0.40695818811539475,0.4154902901466329,0.4154180498343141,0.4154902901466329,0.3546595957222262
sugar_box1_clean,460,0.41401274270372757,0.4322984145936048,0.2514860980226096,0.26032588056728556,0.01224185282311254,0.012672156198730992,0.0,0.0,0.01828567188987723,0.008839782544675934,MODE_1_ACCEPT,simple,four_mode_relocalization_v2,0.0,0,0,0,False,0,0,0.41401274270372757,0,0,precomputed,0,0.0,2.1329568699002266,0,461,cache_read_only_not_online_fps,157ff887794c6cb410230016d2d4aa63b09139d0c130484af891fca7557bb682,cached_perception_v2,0,0,0,,,0,0.0,0,9.934667497873306,0.6158538162708282,2.748810686171055,0.41401274270372757,0.41321981027094495,0.41401274270372757,0.41397103069067737,0.41401274270372757,0.3535890953163391
sugar_box1_clean,461,0.4068098052683277,0.4165357703796178,0.2534527622294418,0.25461928033571785,0.012337586201465557,0.012394370028026194,0.0,0.0,0.009725965111290091,0.0011665181062760488,MODE_1_ACCEPT,simple,four_mode_relocalization_v2,0.0,0,0,0,False,0,0,0.4068098052683277,0,0,precomputed,0,0.0,2.1957894787192345,0,462,cache_read_only_not_online_fps,157ff887794c6cb410230016d2d4aa63b09139d0c130484af891fca7557bb682,cached_perception_v2,0,0,0,,,0,0.0,0,10.046714916825294,0.6074709817767143,2.803260460495949,0.4068098052683277,0.41112656113703555,0.4068098052683277,0.40673636834871063,0.4068098052683277,0.35897549838155773
sugar_box1_clean,462,0.4287935610782975,0.41882380317066153,0.25484230500082056,0.25582859935512803,0.01240522643379804,0.012453237319571191,0.0,0.0,-0.00996975790763599,0.000986294354307471,MODE_1_ACCEPT,simple,four_mode_relocalization_v2,0.0,0,0,0,False,0,0,0.41882380317066153,0,0,precomputed,0,0.0,1.981266774237156,0,463,cache_read_only_not_online_fps,157ff887794c6cb410230016d2d4aa63b09139d0c130484af891fca7557bb682,cached_perception_v2,0,0,0,,,0,0.0,0,10.395713150501251,0.5805119872093201,2.561778761446476,0.4287935610782975,0.42545818207899405,0.4287935610782975,0.4287689364530627,0.4287935610782975,0.38022802966266983
sugar_box1_clean,463,0.42174142619394794,0.4424810433051721,0.2516200167861585,0.25268881718504144,0.01224837172736414,0.012300398846490356,0.0,0.0,0.02073961711122413,0.001068800398882963,MODE_1_ACCEPT,simple,four_mode_relocalization_v2,0.0,0,0,0,False,0,0,0.42174142619394794,0,0,precomputed,0,0.0,1.9201654940843582,0,464,cache_read_only_not_online_fps,157ff887794c6cb410230016d2d4aa63b09139d0c130484af891fca7557bb682,cached_perception_v2,0,0,0,,,0,0.0,0,9.671828709542751,0.6219828501343727,2.542148344218731,0.42174142619394794,0.4212678973723704,0.42174142619394794,0.4217119380870611,0.42174142619394794,0.39562266919821165
sugar_box1_clean,464,0.3849369613279353,0.42110319458678586,0.2494325108077195,0.25149532541447417,0.012141888202237749,0.012242301994553964,0.0,0.0,0.036166233258850544,0.0020628146067546704,MODE_1_ACCEPT,simple,four_mode_relocalization_v2,0.0,0,0,0,False,0,0,0.3849369613279353,0,0,precomputed,0,0.0,1.940975897014141,0,465,cache_read_only_not_online_fps,157ff887794c6cb410230016d2d4aa63b09139d0c130484af891fca7557bb682,cached_perception_v2,0,0,0,,,0,0.0,0,9.920897893607616,0.625312328338623,2.566288225352764,0.3849369613279353,0.40034329298662397,0.3849369613279353,0.38486935827487984,0.3849369613279353,0.3849369613279353
sugar_box1_clean,465,0.3881324119414048,0.37335422753334374,0.24630545994662956,0.24973616747707159,0.011989669464451262,0.01215666961673419,0.0,0.0,-0.014778184408061057,0.0034307075304420287,MODE_1_ACCEPT,simple,four_mode_relocalization_v2,0.0,0,0,0,False,0,0,0.37335422753334374,0,0,precomputed,0,0.0,1.9414164125919342,0,466,cache_read_only_not_online_fps,157ff887794c6cb410230016d2d4aa63b09139d0c130484af891fca7557bb682,cached_perception_v2,0,0,0,,,0,0.0,0,9.663133881986141,0.5987808108329773,2.5401972234249115,0.3881324119414048,0.3903447178562628,0.3881324119414048,0.3880443644888623,0.3881324119414048,0.3881324119414048
sugar_box1_clean,466,0.43212596976045403,0.39478561953739605,0.25442129003208713,0.24452895048337622,0.012384732246150743,0.01190319244819067,0.0,0.0,-0.03734035022305798,-0.00989233954871091,MODE_1_ACCEPT,simple,four_mode_relocalization_v2,0.0,0,0,0,False,0,0,0.39478561953739605,0,0,precomputed,0,0.0,2.233506180346012,0,467,cache_read_only_not_online_fps,157ff887794c6cb410230016d2d4aa63b09139d0c130484af891fca7557bb682,cached_perception_v2,0,0,0,,,0,0.0,0,9.899085387587547,0.6536832079291344,2.8871893882751465,0.43212596976045403,0.4094593992758613,0.43212596976045403,0.4320607379051756,0.43212596976045403,0.39478561953739605
sugar_box1_clean,467,0.407584733720712,0.4507713427780772,0.250880053292919,0.2627017414916695,0.012212351747532494,0.01278780847531082,0.0,0.0,0.043186609057365155,0.011821688198750513,MODE_1_ACCEPT,simple,four_mode_relocalization_v2,0.0,0,0,0,False,0,0,0.407584733720712,0,0,precomputed,0,0.0,2.12831050157547,0,468,cache_read_only_not_online_fps,157ff887794c6cb410230016d2d4aa63b09139d0c130484af891fca7557bb682,cached_perception_v2,0,0,0,,,0,0.0,0,10.184884071350098,0.6438679993152618,2.772178500890732,0.407584733720712,0.4044608278914468,0.407584733720712,0.407538278852425,0.407584733720712,0.3791713006440073
sugar_box1_clean,468,0.3863262097528855,0.39225130776673767,0.25147200326357677,0.2613621549327194,0.012241166717729323,0.012722600013978645,0.0,0.0,0.005925098013852159,0.009890151669142644,MODE_1_ACCEPT,simple,four_mode_relocalization_v2,0.0,0,0,0,False,0,0,0.3863262097528855,0,0,precomputed,0,0.0,1.9665146246552467,0,469,cache_read_only_not_online_fps,157ff887794c6cb410230016d2d4aa63b09139d0c130484af891fca7557bb682,cached_perception_v2,0,0,0,,,0,0.0,0,10.392691008746624,0.6230250000953674,2.589539624750614,0.3863262097528855,0.3967173516596619,0.3863262097528855,0.3862680502497442,0.3863262097528855,0.3733823978959247
sugar_box1_clean,469,0.4183453325018306,0.3931138373043549,0.2623868693070128,0.2500428831198225,0.012772481111400976,0.012171599936090313,0.0,0.0,-0.025231495197475695,-0.012343986187190348,MODE_1_ACCEPT,simple,four_mode_relocalization_v2,0.0,0,0,0,False,0,0,0.3931138373043549,0,0,precomputed,0,0.0,1.9591283053159714,0,470,cache_read_only_not_online_fps,157ff887794c6cb410230016d2d4aa63b09139d0c130484af891fca7557bb682,cached_perception_v2,0,0,0,,,0,0.0,0,10.015048086643219,1.392683945596218,3.3518122509121895,0.4183453325018306,0.4160367004859016,0.4183453325018306,0.41826197017710876,0.4183453325018306,0.3917984400860357
sugar_box1_clean,470,0.415074521196228,0.43663564092656276,0.2576571570978162,0.2634088136971873,0.012542247944574165,0.012822227371398206,0.0,0.0,0.021561119730334755,0.005751656599371102,MODE_1_ACCEPT,simple,four_mode_relocalization_v2,0.0,0,0,0,False,0,0,0.415074521196228,0,0,precomputed,0,0.0,2.882840111851692,0,471,cache_read_only_not_online_fps,157ff887794c6cb410230016d2d4aa63b09139d0c130484af891fca7557bb682,cached_perception_v2,0,0,0,,,0,0.0,0,13.656945899128914,0.6182137876749039,3.501053899526596,0.415074521196228,0.4171663650901723,0.415074521196228,0.41505600294812656,0.415074521196228,0.40295127306902234
sugar_box1_clean,471,0.4379380603505717,0.4141315694861323,0.2666676400965496,0.26386780961432044,0.012980860685409384,0.012844570397546108,0.0,0.0,-0.023806490864439422,-0.0027998304822291487,MODE_1_ACCEPT,simple,four_mode_relocalization_v2,0.0,0,0,0,False,0,0,0.4141315694861323,0,0,precomputed,0,0.0,1.9214535132050514,0,472,cache_read_only_not_online_fps,157ff887794c6cb410230016d2d4aa63b09139d0c130484af891fca7557bb682,cached_perception_v2,0,0,0,,,0,0.0,0,10.432404465973377,0.6099287420511246,2.531382255256176,0.4379380603505717,0.41971707851617335,0.4379380603505717,0.4378325972342951,0.4379380603505717,0.41167736862244614
sugar_box1_clean,472,0.403983706176468,0.49123601942908285,0.2556585430305064,0.28668669528588414,0.012444959309319227,0.013955349252421817,0.0,0.0,0.08725231325261484,0.03102815225537775,MODE_1_ACCEPT,simple,four_mode_relocalization_v2,0.0,0,0,0,False,0,0,0.403983706176468,0,0,precomputed,0,0.0,1.9501466304063797,0,473,cache_read_only_not_online_fps,157ff887794c6cb410230016d2d4aa63b09139d0c130484af891fca7557bb682,cached_perception_v2,0,0,0,,,0,0.0,0,9.795269928872585,0.6055273115634918,2.5556739419698715,0.403983706176468,0.4193320217267798,0.403983706176468,0.40390456051909707,0.403983706176468,0.403983706176468
sugar_box1_clean,473,0.38948830218262676,0.37219670456387227,0.2492810504336713,0.2438129446168307,0.012134515406595324,0.011868338678906186,0.0,0.0,-0.017291597618754484,-0.005468105816840596,MODE_1_ACCEPT,simple,four_mode_relocalization_v2,0.0,0,0,0,False,0,0,0.37219670456387227,0,0,precomputed,0,0.0,1.9372310489416122,0,474,cache_read_only_not_online_fps,157ff887794c6cb410230016d2d4aa63b09139d0c130484af891fca7557bb682,cached_perception_v2,0,0,0,,,0,0.0,0,9.731283411383629,0.6095664575695992,2.5467975065112114,0.38948830218262676,0.4061954469272205,0.38948830218262676,0.38941466702956623,0.38948830218262676,0.38948830218262676
sugar_box1_clean,474,0.4069664097804961,0.38279248424878687,0.25332087948511667,0.25385094958642984,0.01233116640665928,0.012356969185489721,0.0,0.0,-0.024173925531709217,0.0005300701013131737,MODE_1_ACCEPT,simple,four_mode_relocalization_v2,0.0,0,0,0,False,0,0,0.38279248424878687,0,0,precomputed,0,0.0,1.8815798684954643,0,475,cache_read_only_not_online_fps,157ff887794c6cb410230016d2d4aa63b09139d0c130484af891fca7557bb682,cached_perception_v2,0,0,0,,,0,0.0,0,9.85344685614109,0.6216252222657204,2.5032050907611847,0.4069664097804961,0.40351228686518886,0.4069664097804961,0.40690551504288414,0.4069664097804961,0.38279248424878687
sugar_box1_clean,475,0.40598387394397156,0.395531989140291,0.2615908470949629,0.25736674120892766,0.01273373230245899,0.012528111065449548,0.0,0.0,-0.010451884803680589,-0.004224105886035223,MODE_1_ACCEPT,simple,four_mode_relocalization_v2,0.0,0,0,0,False,0,0,0.395531989140291,0,0,precomputed,0,0.0,1.9852453842759132,0,476,cache_read_only_not_online_fps,157ff887794c6cb410230016d2d4aa63b09139d0c130484af891fca7557bb682,cached_perception_v2,0,0,0,,,0,0.0,0,10.21916139870882,0.6217556074261665,2.6070009917020798,0.40598387394397156,0.3882386723878615,0.40598387394397156,0.40592983096532675,0.40598387394397156,0.347628717848561
sugar_box1_clean,476,0.3890062726220079,0.4386091698215148,0.2522925688831165,0.2574687559824158,0.012281110251885267,0.012533076945681674,0.0,0.0,0.049602897199506946,0.00517618709929929,MODE_1_ACCEPT,simple,four_mode_relocalization_v2,0.0,0,0,0,False,0,0,0.3890062726220079,0,0,precomputed,0,0.0,1.8780268728733063,0,477,cache_read_only_not_online_fps,157ff887794c6cb410230016d2d4aa63b09139d0c130484af891fca7557bb682,cached_perception_v2,0,0,0,,,0,0.0,0,10.496181435883045,0.6671538576483727,2.545180730521679,0.3890062726220079,0.3935864479677246,0.3890062726220079,0.38891785022546566,0.3890062726220079,0.33712926714801017
sugar_box1_clean,477,0.38327304297832665,0.3715082673703166,0.24685807545074218,0.2505084658252011,0.01201656970952369,0.012194263594244963,0.0,0.0,-0.011764775608010036,0.0036503903744589117,MODE_1_ACCEPT,simple,four_mode_relocalization_v2,0.0,0,0,0,False,0,0,0.3715082673703166,0,0,precomputed,0,0.0,1.5963409096002579,0,478,cache_read_only_not_online_fps,157ff887794c6cb410230016d2d4aa63b09139d0c130484af891fca7557bb682,cached_perception_v2,0,0,0,,,0,0.0,0,11.115840636193752,0.6190137937664986,2.2153547033667564,0.38327304297832665,0.38712889586066185,0.38327304297832665,0.3831938332170014,0.38327304297832665,0.31889670729244
sugar_box1_clean,478,0.4031508474897609,0.37649387844728033,0.24874639877874524,0.2376658217164556,0.012108489606669597,0.01156910872375689,0.0,0.0,-0.02665696904248055,-0.011080577062289654,MODE_1_ACCEPT,simple,four_mode_relocalization_v2,0.0,0,0,0,False,0,0,0.37649387844728033,0,0,precomputed,0,0.0,2.0257532596588135,0,479,cache_read_only_not_online_fps,157ff887794c6cb410230016d2d4aa63b09139d0c130484af891fca7557bb682,cached_perception_v2,0,0,0,,,0,0.0,0,10.447529144585133,0.6138775497674942,2.6396308094263077,0.4031508474897609,0.3893562849143559,0.4031508474897609,0.40306375403323275,0.4031508474897609,0.29919979861031815
sugar_box1_clean,479,0.40487581258356975,0.4497303583904269,0.2528811807807243,0.25979192295331344,0.012309762731195675,0.012646164183365437,0.0,0.0,0.04485454580685716,0.006910742172589135,MODE_1_ACCEPT,simple,four_mode_relocalization_v2,0.0,0,0,0,False,0,0,0.40487581258356975,0,0,precomputed,0,0.0,1.963302493095398,0,480,cache_read_only_not_online_fps,157ff887794c6cb410230016d2d4aa63b09139d0c130484af891fca7557bb682,cached_perception_v2,0,0,0,,,0,0.0,0,10.082636028528214,0.6142621859908104,2.5775646790862083,0.40487581258356975,0.40664543383628704,0.40487581258356975,0.4047978742814037,0.40487581258356975,0.29790018025156056
sugar_box1_clean,480,0.38579525305085827,0.39367897751626185,0.24344253983212477,0.2401607380622774,0.011850308096321302,0.011690556386079689,0.0,0.0,0.007883724465403585,-0.003281801769847381,MODE_1_ACCEPT,simple,four_mode_relocalization_v2,0.0,0,0,0,False,0,0,0.38579525305085827,0,0,precomputed,0,0.0,2.179550938308239,0,481,cache_read_only_not_online_fps,157ff887794c6cb410230016d2d4aa63b09139d0c130484af891fca7557bb682,cached_perception_v2,0,0,0,,,0,0.0,0,9.984678588807583,0.6225602701306343,2.8021112084388733,0.38579525305085827,0.3915178976756392,0.38579525305085827,0.3857259598520645,0.38579525305085827,0.27131821268474027
sugar_box1_clean,481,0.4237576776523064,0.39359190735941624,0.25589585537462056,0.25837151008906256,0.012456511211442629,0.012577021255112395,0.0,0.0,-0.030165770292890137,0.0024756547144419994,MODE_1_ACCEPT,simple,four_mode_relocalization_v2,0.0,0,0,0,False,0,0,0.39359190735941624,0,0,precomputed,0,0.0,1.9350694492459297,0,482,cache_read_only_not_online_fps,157ff887794c6cb410230016d2d4aa63b09139d0c130484af891fca7557bb682,cached_perception_v2,0,0,0,,,0,0.0,0,10.153784416615963,0.6208484992384911,2.5559179484844208,0.4237576776523064,0.41200959026733447,0.4237576776523064,0.42369134340787884,0.4237576776523064,0.27177555352057253
sugar_box1_clean,482,0.39346961876418524,0.45148835000358645,0.25464039884015094,0.2662190606559759,0.012395398035638334,0.012959024713026993,0.0,0.0,0.05801873123940121,0.011578661815824953,MODE_1_ACCEPT,simple,four_mode_relocalization_v2,0.0,0,0,0,False,0,0,0.39346961876418524,0,0,precomputed,0,0.0,1.8655089661478996,0,483,cache_read_only_not_online_fps,157ff887794c6cb410230016d2d4aa63b09139d0c130484af891fca7557bb682,cached_perception_v2,0,0,0,,,0,0.0,0,9.793916717171669,1.1235438287258148,2.9890527948737144,0.39346961876418524,0.40609171221714246,0.39346961876418524,0.393395179818023,0.39346961876418524,0.2759708464181397
sugar_box1_clean,483,0.3851240927382326,0.3543612152758063,0.2500352936765713,0.24760116259558723,0.012171230496793186,0.012052741742623994,0.0,0.0,-0.03076287746242634,-0.002434131080984059,MODE_1_ACCEPT,simple,four_mode_relocalization_v2,0.0,0,0,0,False,0,0,0.3543612152758063,0,0,precomputed,0,0.0,2.587015740573406,0,484,cache_read_only_not_online_fps,157ff887794c6cb410230016d2d4aa63b09139d0c130484af891fca7557bb682,cached_perception_v2,0,0,0,,,0,0.0,0,12.420518323779106,0.6055505946278572,3.1925663352012634,0.3851240927382326,0.38869417964553926,0.3851240927382326,0.38506375193054465,0.3851240927382326,0.2823845365040342
sugar_box1_clean,484,0.39690644287287524,0.38410270622214837,0.2591273416588302,0.2593403453402322,0.012613813661964745,0.012624182265792181,0.0,0.0,-0.012803736650726871,0.00021300368140197978,MODE_1_ACCEPT,simple,four_mode_relocalization_v2,0.0,0,0,0,False,0,0,0.38410270622214837,0,0,precomputed,0,0.0,1.9358480349183083,0,485,cache_read_only_not_online_fps,157ff887794c6cb410230016d2d4aa63b09139d0c130484af891fca7557bb682,cached_perception_v2,0,0,0,,,0,0.0,0,10.392747819423676,0.6001247093081474,2.5359727442264557,0.39690644287287524,0.3864359510500275,0.39690644287287524,0.3968514354922083,0.39690644287287524,0.29158372513145286
sugar_box1_clean,485,0.3802181413279412,0.42687240048783354,0.2492286595436863,0.25754744153652187,0.012131965120239493,0.012536907205009109,0.0,0.0,0.04665425915989235,0.008318781992835561,MODE_1_ACCEPT,simple,four_mode_relocalization_v2,0.0,0,0,0,False,0,0,0.3802181413279412,0,0,precomputed,0,0.0,1.9126571714878082,0,486,cache_read_only_not_online_fps,157ff887794c6cb410230016d2d4aa63b09139d0c130484af891fca7557bb682,cached_perception_v2,0,0,0,,,0,0.0,0,9.894452057778835,0.598689541220665,2.511346712708473,0.3802181413279412,0.39078766793914177,0.3802181413279412,0.38013560448358086,0.3802181413279412,0.310104547035718
sugar_box1_clean,486,0.40319479660241325,0.35290263502906094,0.2523013002515361,0.24055894429003302,0.012281535277872698,0.011709940288696019,0.0,0.0,-0.05029216157335231,-0.011742355961503054,MODE_1_ACCEPT,simple,four_mode_relocalization_v2,0.0,0,0,0,False,0,0,0.35290263502906094,0,0,precomputed,0,0.0,2.690274268388748,0,487,cache_read_only_not_online_fps,157ff887794c6cb410230016d2d4aa63b09139d0c130484af891fca7557bb682,cached_perception_v2,0,0,0,,,0,0.0,0,11.368561536073685,0.6130533292889595,3.3033275976777077,0.40319479660241325,0.39166940900748043,0.40319479660241325,0.4031055273729844,0.40319479660241325,0.3196260080357111
sugar_box1_clean,487,0.3668985768502592,0.4329902007548566,0.2431665181563342,0.26331234904273165,0.01183687189941982,0.01281753166013717,0.0,0.0,0.06609162390459744,0.02014583088639746,MODE_1_ACCEPT,simple,four_mode_relocalization_v2,0.0,0,0,0,False,0,0,0.3668985768502592,0,0,precomputed,0,0.0,1.7888518050312996,0,488,cache_read_only_not_online_fps,157ff887794c6cb410230016d2d4aa63b09139d0c130484af891fca7557bb682,cached_perception_v2,0,0,0,,,0,0.0,0,10.014330968260765,0.5986494943499565,2.387501299381256,0.3668985768502592,0.37974159879232167,0.3668985768502592,0.36683808249530003,0.3668985768502592,0.336308219912907
sugar_box1_clean,488,0.4306143162445326,0.355040535655129,0.25996992823638526,0.2447688894860915,0.012654829133413315,0.011914872210932468,0.0,0.0,-0.07557378058940362,-0.015201038750293772,MODE_1_ACCEPT,simple,four_mode_relocalization_v2,0.0,0,0,0,False,0,0,0.355040535655129,0,0,precomputed,0,0.0,1.8724249675869942,0,489,cache_read_only_not_online_fps,157ff887794c6cb410230016d2d4aa63b09139d0c130484af891fca7557bb682,cached_perception_v2,0,0,0,,,0,0.0,0,9.958806447684765,0.5990564823150635,2.4714814499020576,0.4306143162445326,0.4040780076957109,0.4306143162445326,0.4305149165471941,0.4306143162445326,0.3517278387201228
sugar_box1_clean,489,0.4058109862856354,0.4862353541682967,0.2616156928442642,0.2811850039209084,0.01273494174508273,0.013687537645745382,0.0,0.0,0.08042436788266133,0.01956931107664417,MODE_1_ACCEPT,simple,four_mode_relocalization_v2,0.0,0,0,0,False,0,0,0.4058109862856354,0,0,precomputed,0,0.0,1.8608290702104568,0,490,cache_read_only_not_online_fps,157ff887794c6cb410230016d2d4aa63b09139d0c130484af891fca7557bb682,cached_perception_v2,0,0,0,,,0,0.0,0,9.672711603343487,0.6096530705690384,2.4704821407794952,0.4058109862856354,0.40972113460287457,0.4058109862856354,0.4057521177666395,0.4058109862856354,0.3634906862680656
sugar_box1_clean,490,0.41443559817436443,0.4048545519112607,0.25020777112553977,0.25590212961963404,0.012179626362656865,0.012456816629454342,0.0,0.0,-0.009581046263103743,0.005694358494094276,MODE_1_ACCEPT,simple,four_mode_relocalization_v2,0.0,0,0,0,False,0,0,0.4048545519112607,0,0,precomputed,0,0.0,1.9192369654774666,0,491,cache_read_only_not_online_fps,157ff887794c6cb410230016d2d4aa63b09139d0c130484af891fca7557bb682,cached_perception_v2,0,0,0,,,0,0.0,0,10.049590840935707,0.594056211411953,2.5132931768894196,0.41443559817436443,0.42314908588240707,0.41443559817436443,0.41439143945412177,0.41443559817436443,0.378772671730663
sugar_box1_clean,491,0.4147287932565846,0.4102462787246977,0.2574933396007337,0.2526068983346407,0.012534273628280327,0.012296411196604616,0.0,0.0,-0.004482514531886916,-0.004886441266093,MODE_1_ACCEPT,simple,four_mode_relocalization_v2,0.0,0,0,0,False,0,0,0.4102462787246977,0,0,precomputed,0,0.0,1.9060354679822922,0,492,cache_read_only_not_online_fps,157ff887794c6cb410230016d2d4aa63b09139d0c130484af891fca7557bb682,cached_perception_v2,0,0,0,,,0,0.0,0,9.90225374698639,0.619988888502121,2.526024356484413,0.4147287932565846,0.41530881281569615,0.4147287932565846,0.4146671648113188,0.4147287932565846,0.39034706121156826
sugar_box1_clean,492,0.3979019073818725,0.4323388438903044,0.24864206005053552,0.2602722960923853,0.012103410600853619,0.012669547810989121,0.0,0.0,0.03443693650843194,0.011630236041849762,MODE_1_ACCEPT,simple,four_mode_relocalization_v2,0.0,0,0,0,False,0,0,0.3979019073818725,0,0,precomputed,0,0.0,1.8931049853563309,0,493,cache_read_only_not_online_fps,157ff887794c6cb410230016d2d4aa63b09139d0c130484af891fca7557bb682,cached_perception_v2,0,0,0,,,0,0.0,0,10.102242231369019,0.6008390337228775,2.4939440190792084,0.3979019073818725,0.40585253252613496,0.3979019073818725,0.3978615060945812,0.3979019073818725,0.3979019073818725
sugar_box1_clean,493,0.4187691507793632,0.3738028627247224,0.255299634091886,0.23681200879674383,0.012427488322103481,0.011527546775864869,0.0,0.0,-0.04496628805464081,-0.018487625295142168,MODE_1_ACCEPT,simple,four_mode_relocalization_v2,0.0,0,0,0,False,0,0,0.3738028627247224,0,0,precomputed,0,0.0,2.2471463307738304,0,494,cache_read_only_not_online_fps,157ff887794c6cb410230016d2d4aa63b09139d0c130484af891fca7557bb682,cached_perception_v2,0,0,0,,,0,0.0,0,10.092323645949364,0.5998499691486359,2.8469962999224663,0.4187691507793632,0.4014226637878835,0.4187691507793632,0.418657753131524,0.4187691507793632,0.4187691507793632
sugar_box1_clean,494,0.42349463669732756,0.4756235690926287,0.25821623918838715,0.27657692094006003,0.01256946297046475,0.013463225152562704,0.0,0.0,0.05212893239530114,0.01836068175167288,MODE_1_ACCEPT,simple,four_mode_relocalization_v2,0.0,0,0,0,False,0,0,0.42349463669732756,0,0,precomputed,0,0.0,1.9088275730609894,0,495,cache_read_only_not_online_fps,157ff887794c6cb410230016d2d4aa63b09139d0c130484af891fca7557bb682,cached_perception_v2,0,0,0,,,0,0.0,0,10.106949135661125,0.5968352779746056,2.505662851035595,0.42349463669732756,0.4236499095410337,0.42349463669732756,0.42343720911086746,0.42349463669732756,0.42349463669732756
sugar_box1_clean,495,0.387174132194377,0.41755452394861925,0.25125852261979265,0.2534814345565678,0.012230774896303259,0.012338981914435509,0.0,0.0,0.03038039175424223,0.0022229119367751515,MODE_1_ACCEPT,simple,four_mode_relocalization_v2,0.0,0,0,0,False,0,0,0.387174132194377,0,0,precomputed,0,0.0,2.1757157519459724,0,496,cache_read_only_not_online_fps,157ff887794c6cb410230016d2d4aa63b09139d0c130484af891fca7557bb682,cached_perception_v2,0,0,0,,,0,0.0,0,9.660412557423115,0.589689239859581,2.7654049918055534,0.387174132194377,0.4084584175054214,0.387174132194377,0.38711297789819743,0.387174132194377,0.387174132194377
sugar_box1_clean,496,0.4049822807617073,0.3502809657258647,0.25298762098828453,0.24965623507741974,0.012314944032928293,0.012152778663397087,0.0,0.0,-0.05470131503584258,-0.0033313859108647925,MODE_1_ACCEPT,simple,four_mode_relocalization_v2,0.0,0,0,0,False,0,0,0.3502809657258647,0,0,precomputed,0,0.0,1.9013900309801102,0,497,cache_read_only_not_online_fps,157ff887794c6cb410230016d2d4aa63b09139d0c130484af891fca7557bb682,cached_perception_v2,0,0,0,,,0,0.0,0,9.982256218791008,0.6040995940566063,2.5054896250367165,0.4049822807617073,0.39795114738942683,0.4049822807617073,0.4049219508713812,0.4049822807617073,0.3502809657258647
sugar_box1_clean,497,0.413277056782073,0.43970392704322836,0.2522449389259131,0.25363906972160993,0.012278791718452843,0.012346655286861921,0.0,0.0,0.026426870261155366,0.0013941307956968352,MODE_1_ACCEPT,simple,four_mode_relocalization_v2,0.0,0,0,0,False,0,0,0.413277056782073,0,0,precomputed,0,0.0,2.2104214876890182,0,498,cache_read_only_not_online_fps,157ff887794c6cb410230016d2d4aa63b09139d0c130484af891fca7557bb682,cached_perception_v2,0,0,0,,,0,0.0,0,10.255868546664715,0.5928836762905121,2.8033051639795303,0.413277056782073,0.4085062140099352,0.413277056782073,0.4132275259876336,0.413277056782073,0.3318069466813177
sugar_box1_clean,498,0.43002818351723543,0.4071237313577825,0.2579749265619292,0.25013039263583153,0.012557716342397893,0.012175859728675381,0.0,0.0,-0.022904452159452915,-0.007844533926097685,MODE_1_ACCEPT,simple,four_mode_relocalization_v2,0.0,0,0,0,False,0,0,0.4071237313577825,0,0,precomputed,0,0.0,2.055276185274124,0,499,cache_read_only_not_online_fps,157ff887794c6cb410230016d2d4aa63b09139d0c130484af891fca7557bb682,cached_perception_v2,0,0,0,,,0,0.0,0,10.221604257822037,0.6593260914087296,2.7146022766828537,0.43002818351723543,0.4165684558507828,0.43002818351723543,0.4299760902985609,0.43002818351723543,0.3110454100136036
sugar_box1_clean,499,0.40055698569935244,0.45184266638726267,0.2567636124828396,0.26515550497871176,0.012498751935238311,0.012907252896721334,0.0,0.0,0.05128568068791023,0.008391892495872189,MODE_1_ACCEPT,simple,four_mode_relocalization_v2,0.0,0,0,0,False,0,0,0.40055698569935244,0,0,precomputed,0,0.0,2.3005176335573196,0,500,cache_read_only_not_online_fps,157ff887794c6cb410230016d2d4aa63b09139d0c130484af891fca7557bb682,cached_perception_v2,0,0,0,,,0,0.0,0,10.31635794788599,0.6270129233598709,2.9275305569171906,0.40055698569935244,0.4135955300560331,0.40055698569935244,0.4004964620162967,0.40055698569935244,0.3147062618367158
sugar_box1_clean,500,0.4144748926914472,0.36754266342808806,0.25864400751282957,0.24574638628765066,0.01259028589829809,0.011962454848994135,0.0,0.0,-0.04693222926335916,-0.012897621225178901,MODE_1_ACCEPT,simple,four_mode_relocalization_v2,0.0,0,0,0,False,0,0,0.36754266342808806,0,0,precomputed,0,0.0,1.983952708542347,0,501,cache_read_only_not_online_fps,157ff887794c6cb410230016d2d4aa63b09139d0c130484af891fca7557bb682,cached_perception_v2,0,0,0,,,0,0.0,0,10.012567974627018,0.6199413910508156,2.6038940995931625,0.4144748926914472,0.40646854108970004,0.4144748926914472,0.4143832404386507,0.4144748926914472,0.3299122515491919
sugar_box1_clean,501,0.4125730209897355,0.4528365426540747,0.26148353381293127,0.2651110019688478,0.012728508501163706,0.012905086576987464,0.0,0.0,0.04026352166433922,0.0036274681559165245,MODE_1_ACCEPT,simple,four_mode_relocalization_v2,0.0,0,0,0,False,0,0,0.4125730209897355,0,0,precomputed,0,0.0,1.933826133608818,0,502,cache_read_only_not_online_fps,157ff887794c6cb410230016d2d4aa63b09139d0c130484af891fca7557bb682,cached_perception_v2,0,0,0,,,0,0.0,0,9.775335900485516,0.6067072972655296,2.5405334308743477,0.4125730209897355,0.4157984026130473,0.4125730209897355,0.4125103422686238,0.4125730209897355,0.3618559160099763
sugar_box1_clean,502,0.41254534912505597,0.41638282595709597,0.24974320722905954,0.25014319006425734,0.012157012298132586,0.0121764826825346,0.0,0.0,0.003837476832039999,0.000399982835197793,MODE_1_ACCEPT,simple,four_mode_relocalization_v2,0.0,0,0,0,False,0,0,0.41254534912505597,0,0,precomputed,0,0.0,1.8310416489839554,0,503,cache_read_only_not_online_fps,157ff887794c6cb410230016d2d4aa63b09139d0c130484af891fca7557bb682,cached_perception_v2,0,0,0,,,0,0.0,0,10.228162631392479,0.5986317992210388,2.429673448204994,0.41254534912505597,0.41868486697806634,0.41254534912505597,0.41248073590187523,0.41254534912505597,0.3997718819517264
sugar_box1_clean,503,0.37905205007505244,0.3840847910281025,0.2487803978972907,0.24776267953614264,0.012110144617457953,0.012060604072312455,0.0,0.0,0.005032740953050063,-0.0010177183611480567,MODE_1_ACCEPT,simple,four_mode_relocalization_v2,0.0,0,0,0,False,0,0,0.37905205007505244,0,0,precomputed,0,0.0,1.6633206978440285,0,504,cache_read_only_not_online_fps,157ff887794c6cb410230016d2d4aa63b09139d0c130484af891fca7557bb682,cached_perception_v2,0,0,0,,,0,0.0,0,10.156210511922836,0.6153667345643044,2.278687432408333,0.37905205007505244,0.38663445065401975,0.37905205007505244,0.3789910536100901,0.37905205007505244,0.37905205007505244
sugar_box1_clean,504,0.40892834655493526,0.3760494633112866,0.25852876057007607,0.24602482928291564,0.012584675901870476,0.011976008911005762,0.0,0.0,-0.03287888324364868,-0.01250393128716043,MODE_1_ACCEPT,simple,four_mode_relocalization_v2,0.0,0,0,0,False,0,0,0.3760494633112866,0,0,precomputed,0,0.0,2.0039407536387444,0,505,cache_read_only_not_online_fps,157ff887794c6cb410230016d2d4aa63b09139d0c130484af891fca7557bb682,cached_perception_v2,0,0,0,,,0,0.0,0,10.7114864513278,0.6302036345005035,2.634144388139248,0.40892834655493526,0.39459140881428706,0.40892834655493526,0.40885036023511007,0.40892834655493526,0.40892834655493526
sugar_box1_clean,505,0.39879648869157447,0.4444120426656783,0.25461561578014996,0.2708547186720199,0.012394191644607483,0.013184679505148306,0.0,0.0,0.04561555397410383,0.016239102891869917,MODE_1_ACCEPT,simple,four_mode_relocalization_v2,0.0,0,0,0,False,0,0,0.39879648869157447,0,0,precomputed,0,0.0,2.3050056770443916,0,506,cache_read_only_not_online_fps,157ff887794c6cb410230016d2d4aa63b09139d0c130484af891fca7557bb682,cached_perception_v2,0,0,0,,,0,0.0,0,10.528241284191608,0.6057564169168472,2.910762093961239,0.39879648869157447,0.4012623561419395,0.39879648869157447,0.3987211102652076,0.39879648869157447,0.39879648869157447
sugar_box1_clean,506,0.40365154269115255,0.3687657379828838,0.25374254879789176,0.2550255536417854,0.012351692446498475,0.012414146620282961,0.0,0.0,-0.03488580470826874,0.0012830048438936537,MODE_1_ACCEPT,simple,four_mode_relocalization_v2,0.0,0,0,0,False,0,0,0.3687657379828838,0,0,precomputed,0,0.0,1.86090636998415,0,507,cache_read_only_not_online_fps,157ff887794c6cb410230016d2d4aa63b09139d0c130484af891fca7557bb682,cached_perception_v2,0,0,0,,,0,0.0,0,11.615819297730923,0.6101727485656738,2.4710791185498238,0.40365154269115255,0.39463862313962844,0.40365154269115255,0.4035825098915876,0.40365154269115255,0.3687657379828838
sugar_box1_clean,507,0.40545111029444025,0.4240589362353526,0.26145532725399195,0.2582236674239147,0.012727135460880779,0.012569824562484264,0.0,0.0,0.01860782594091237,-0.003231659830077227,MODE_1_ACCEPT,simple,four_mode_relocalization_v2,0.0,0,0,0,False,0,0,0.40545111029444025,0,0,precomputed,0,0.0,2.2268369793891907,0,508,cache_read_only_not_online_fps,157ff887794c6cb410230016d2d4aa63b09139d0c130484af891fca7557bb682,cached_perception_v2,0,0,0,,,0,0.0,0,10.202420875430107,0.5998425185680389,2.8266794979572296,0.40545111029444025,0.40007249262850364,0.40545111029444025,0.40538315110997136,0.40545111029444025,0.3487252961987362
sugar_box1_clean,508,0.4136305193361041,0.4199289422858797,0.2628875872599682,0.26645153884426337,0.012796855084889636,0.012970341297871946,0.0,0.0,0.006298422949775562,0.0035639515842951774,MODE_1_ACCEPT,simple,four_mode_relocalization_v2,0.0,0,0,0,False,0,0,0.4136305193361041,0,0,precomputed,0,0.0,1.8548956140875816,0,509,cache_read_only_not_online_fps,157ff887794c6cb410230016d2d4aa63b09139d0c130484af891fca7557bb682,cached_perception_v2,0,0,0,,,0,0.0,0,9.944894351065159,0.6255107000470161,2.480406314134598,0.4136305193361041,0.41103756355222565,0.4136305193361041,0.4135641078413338,0.4136305193361041,0.3353058696911383
sugar_box1_clean,509,0.39012610808836806,0.413631485881739,0.2529478407154934,0.2684654157677078,0.012313007606825214,0.013068372899199081,0.0,0.0,0.02350537779337092,0.015517575052214405,MODE_1_ACCEPT,simple,four_mode_relocalization_v2,0.0,0,0,0,False,0,0,0.39012610808836806,0,0,precomputed,0,0.0,2.1613333374261856,0,510,cache_read_only_not_online_fps,157ff887794c6cb410230016d2d4aa63b09139d0c130484af891fca7557bb682,cached_perception_v2,0,0,0,,,0,0.0,0,9.966760873794556,0.6225872784852982,2.7839206159114838,0.39012610808836806,0.4005037668412847,0.39012610808836806,0.39004069473802105,0.39012610808836806,0.31724675499902094
sugar_box1_clean,510,0.390019971134476,0.39779915235441077,0.24883661073768631,0.25110517899926865,0.012112880948906501,0.012223310427894953,0.0,0.0,0.007779181219934761,0.0022685682615823377,MODE_1_ACCEPT,simple,four_mode_relocalization_v2,0.0,0,0,0,False,0,0,0.390019971134476,0,0,precomputed,0,0.0,2.307184971868992,0,511,cache_read_only_not_online_fps,157ff887794c6cb410230016d2d4aa63b09139d0c130484af891fca7557bb682,cached_perception_v2,0,0,0,,,0,0.0,0,10.50583180040121,0.6512785330414772,2.958463504910469,0.390019971134476,0.40291578370370534,0.390019971134476,0.38993381232165,0.390019971134476,0.32385902283918544
sugar_box1_clean,511,0.3802450016971882,0.3670931354059251,0.25735074921779844,0.2516945814038512,0.012527332606507714,0.012252001387543303,0.0,0.0,-0.013151866291263137,-0.005656167813947233,MODE_1_ACCEPT,simple,four_mode_relocalization_v2,0.0,0,0,0,False,0,0,0.3670931354059251,0,0,precomputed,0,0.0,1.6469163820147514,0,512,cache_read_only_not_online_fps,157ff887794c6cb410230016d2d4aa63b09139d0c130484af891fca7557bb682,cached_perception_v2,0,0,0,,,0,0.0,0,10.52629854530096,0.6483690813183784,2.29528546333313,0.3802450016971882,0.3790853310819343,0.3802450016971882,0.3801537229130135,0.3802450016971882,0.31803579948601085
sugar_box1_clean,512,0.4126765000289908,0.3774991966562487,0.2642747062242,0.2556652995801967,0.012864377331016927,0.012445288204982051,0.0,0.0,-0.03517730337274211,-0.008609406644003337,MODE_1_ACCEPT,simple,four_mode_relocalization_v2,0.0,0,0,0,False,0,0,0.3774991966562487,0,0,precomputed,0,0.0,2.244948409497738,0,513,cache_read_only_not_online_fps,157ff887794c6cb410230016d2d4aa63b09139d0c130484af891fca7557bb682,cached_perception_v2,0,0,0,,,0,0.0,0,10.308708064258099,0.6003296002745628,2.8452780097723007,0.4126765000289908,0.3850422098058391,0.4126765000289908,0.41259839623877775,0.4126765000289908,0.31840292290538547
sugar_box1_clean,513,0.4156515045782903,0.4657125144558245,0.25939684699412874,0.27648657545927086,0.012626932656118733,0.013458827310742617,0.0,0.0,0.0500610098775342,0.017089728465142118,MODE_1_ACCEPT,simple,four_mode_relocalization_v2,0.0,0,0,0,False,0,0,0.4156515045782903,0,0,precomputed,0,0.0,1.9560270011425018,0,514,cache_read_only_not_online_fps,157ff887794c6cb410230016d2d4aa63b09139d0c130484af891fca7557bb682,cached_perception_v2,0,0,0,,,0,0.0,0,9.924556128680706,0.6027678027749062,2.558794803917408,0.4156515045782903,0.40904155937863074,0.4156515045782903,0.415544001499005,0.4156515045782903,0.3315749817395579
sugar_box1_clean,514,0.3825750408920638,0.41134468712620365,0.2568697816725313,0.26937737445733506,0.012503920044349609,0.01311276526977923,0.0,0.0,0.028769646234139856,0.012507592784803734,MODE_1_ACCEPT,simple,four_mode_relocalization_v2,0.0,0,0,0,False,0,0,0.3825750408920638,0,0,precomputed,0,0.0,2.1687475964426994,0,515,cache_read_only_not_online_fps,157ff887794c6cb410230016d2d4aa63b09139d0c130484af891fca7557bb682,cached_perception_v2,0,0,0,,,0,0.0,0,10.025730356574059,0.5960017442703247,2.764749340713024,0.3825750408920638,0.4022123978402271,0.3825750408920638,0.3824845076765212,0.3825750408920638,0.3434411375244343
sugar_box1_clean,515,0.3994049135698811,0.3532974522215843,0.26329100924325055,0.26172423523910404,0.012816492880313647,0.012740225377192596,0.0,0.0,-0.0461074613482968,-0.0015667740041465095,MODE_1_ACCEPT,simple,four_mode_relocalization_v2,0.0,0,0,0,False,0,0,0.3532974522215843,0,0,precomputed,0,0.0,2.15175561606884,0,516,cache_read_only_not_online_fps,157ff887794c6cb410230016d2d4aa63b09139d0c130484af891fca7557bb682,cached_perception_v2,0,0,0,,,0,0.0,0,10.190810076892376,0.5989493802189827,2.7507049962878227,0.3994049135698811,0.39563402933469277,0.3994049135698811,0.39934551975177857,0.3994049135698811,0.36062637500812544
sugar_box1_clean,516,0.3898694795420864,0.43778194794426506,0.2864127846264924,0.29303746467112274,0.01394201581568189,0.01426449232131873,0.0,0.0,0.047912468402178665,0.006624680044630349,MODE_1_ACCEPT,simple,four_mode_relocalization_v2,0.0,0,0,0,False,0,0,0.3898694795420864,0,0,precomputed,0,0.0,1.912836916744709,0,517,cache_read_only_not_online_fps,157ff887794c6cb410230016d2d4aa63b09139d0c130484af891fca7557bb682,cached_perception_v2,0,0,0,,,0,0.0,0,10.180522687733173,0.5963332951068878,2.509170211851597,0.3898694795420864,0.3966242979640476,0.3898694795420864,0.38982604566974444,0.3898694795420864,0.37524008228347133
sugar_box1_clean,517,0.4437975813412109,0.3752672382767028,0.32482815919222563,0.3064092462726962,0.015812001334866203,0.014915404573074888,0.0,0.0,-0.06853034306450811,-0.018418912919529407,MODE_1_ACCEPT,simple,four_mode_relocalization_v2,0.0,0,0,0,False,0,0,0.3752672382767028,0,0,precomputed,0,0.0,1.9144779071211815,0,518,cache_read_only_not_online_fps,157ff887794c6cb410230016d2d4aa63b09139d0c130484af891fca7557bb682,cached_perception_v2,0,0,0,,,0,0.0,0,9.763439185917377,0.5915258079767227,2.506003715097904,0.4437975813412109,0.41157091009396896,0.4437975813412109,0.44372747867300905,0.4437975813412109,0.3941857527012172
sugar_box1_clean,518,0.4623993587282496,0.5107954040737137,0.3377694246937206,0.3515590817267478,0.016441956902429555,0.017113210515280714,0.0,0.0,0.0483960453454641,0.013789657033027203,MODE_1_ACCEPT,simple,four_mode_relocalization_v2,0.0,0,0,0,False,0,0,0.4623993587282496,0,0,precomputed,0,0.0,2.20671109855175,0,519,cache_read_only_not_online_fps,157ff887794c6cb410230016d2d4aa63b09139d0c130484af891fca7557bb682,cached_perception_v2,0,0,0,,,0,0.0,0,10.277356952428818,0.6072185933589935,2.8139296919107437,0.4623993587282496,0.44530234129006063,0.4623993587282496,0.4623124427151397,0.4623993587282496,0.42019316828748676
sugar_box1_clean,519,0.4684701621825012,0.5060436198979203,0.3452923037916043,0.3639669192424878,0.016808155986380836,0.01771719984874728,0.0,0.0,0.037573457715419145,0.018674615450883503,MODE_1_ACCEPT,simple,four_mode_relocalization_v2,0.0,0,0,0,False,0,0,0.4684701621825012,0,0,precomputed,0,0.0,2.1659759804606438,0,520,cache_read_only_not_online_fps,157ff887794c6cb410230016d2d4aa63b09139d0c130484af891fca7557bb682,cached_perception_v2,0,0,0,,,0,0.0,0,10.211062617599964,0.5890540778636932,2.755030058324337,0.4684701621825012,0.4900870233785721,0.4684701621825012,0.46841074054331644,0.4684701621825012,0.4408284675835468
sugar_box1_clean,520,0.5022079523654572,0.4624063138319717,0.3672143350227712,0.35462504217384216,0.0178752777160738,0.01726245549084767,0.0,0.0,-0.039801638533485506,-0.012589292848929012,MODE_1_ACCEPT,simple,four_mode_relocalization_v2,0.0,0,0,0,False,0,0,0.4624063138319717,0,0,precomputed,0,0.0,1.9462620839476585,0,521,cache_read_only_not_online_fps,157ff887794c6cb410230016d2d4aa63b09139d0c130484af891fca7557bb682,cached_perception_v2,0,0,0,,,0,0.0,0,9.73680429160595,0.6007114425301552,2.5469735264778137,0.5022079523654572,0.5099912779265654,0.5022079523654572,0.5021570382597852,0.5022079523654572,0.4657865818350277
sugar_box1_clean,521,0.46801598290677393,0.545744657372455,0.36038289255720474,0.37292536282757804,0.01754273641899778,0.01815327941240957,0.0,0.0,0.0777286744656811,0.012542470270373307,MODE_1_ACCEPT,simple,four_mode_relocalization_v2,0.0,0,0,0,False,0,0,0.46801598290677393,0,0,precomputed,0,0.0,1.9606854766607285,0,522,cache_read_only_not_online_fps,157ff887794c6cb410230016d2d4aa63b09139d0c130484af891fca7557bb682,cached_perception_v2,0,0,0,,,0,0.0,0,9.65779460966587,0.6040958687663078,2.5647813454270363,0.46801598290677393,0.5033858996595437,0.46801598290677393,0.4679929018896253,0.46801598290677393,0.46801598290677393
sugar_box1_clean,522,0.48408561754112545,0.4451979173364802,0.3664221624402572,0.3635858732938853,0.017836716299590376,0.01769865127505548,0.0,0.0,-0.03888770020464527,-0.0028362891463719064,MODE_1_ACCEPT,simple,four_mode_relocalization_v2,0.0,0,0,0,False,0,0,0.4451979173364802,0,0,precomputed,0,0.0,1.9718455150723457,0,523,cache_read_only_not_online_fps,157ff887794c6cb410230016d2d4aa63b09139d0c130484af891fca7557bb682,cached_perception_v2,0,0,0,,,0,0.0,0,9.938197210431099,0.5930662155151367,2.5649117305874825,0.48408561754112545,0.4941870985392195,0.48408561754112545,0.4840433208696422,0.48408561754112545,0.48408561754112545
sugar_box1_clean,523,0.4636518614028149,0.4989841009881508,0.3731497468784907,0.366471355700067,0.018164201990431672,0.017839110931545048,0.0,0.0,0.035332239585335934,-0.0066783911784236705,MODE_1_ACCEPT,simple,four_mode_relocalization_v2,0.0,0,0,0,False,0,0,0.4636518614028149,0,0,precomputed,0,0.0,1.8338989466428757,0,524,cache_read_only_not_online_fps,157ff887794c6cb410230016d2d4aa63b09139d0c130484af891fca7557bb682,cached_perception_v2,0,0,0,,,0,0.0,0,9.984482079744339,0.6009917706251144,2.43489071726799,0.4636518614028149,0.4679890595608342,0.4636518614028149,0.46357730989337687,0.4636518614028149,0.4636518614028149
sugar_box1_clean,524,0.5124874421407477,0.474146065337977,0.36214232723065826,0.3794165270054899,0.017628382267788845,0.018469256626026814,0.0,0.0,-0.03834137680277072,0.017274199774831633,MODE_1_ACCEPT,simple,four_mode_relocalization_v2,0.0,0,0,0,False,0,0,0.474146065337977,0,0,precomputed,0,0.0,1.8815631046891212,0,525,cache_read_only_not_online_fps,157ff887794c6cb410230016d2d4aa63b09139d0c130484af891fca7557bb682,cached_perception_v2,0,0,0,,,0,0.0,0,9.86340083181858,0.5944818258285522,2.4760449305176735,0.5124874421407477,0.47930525717599864,0.5124874421407477,0.5124281584164508,0.5124874421407477,0.474146065337977
sugar_box1_clean,525,0.48050845145815485,0.5689442675957234,0.35828797818770286,0.3741838894510286,0.017440760072829492,0.01821454203415841,0.0,0.0,0.08843581613756851,0.015895911263325735,MODE_1_ACCEPT,simple,four_mode_relocalization_v2,0.0,0,0,0,False,0,0,0.48050845145815485,0,0,precomputed,0,0.0,1.9248146563768387,0,526,cache_read_only_not_online_fps,157ff887794c6cb410230016d2d4aa63b09139d0c130484af891fca7557bb682,cached_perception_v2,0,0,0,,,0,0.0,0,10.003318078815937,0.5923118442296982,2.517126500606537,0.48050845145815485,0.4815908624444778,0.48050845145815485,0.48047651304161976,0.48050845145815485,0.48050845145815485
sugar_box1_clean,526,0.5128479420539731,0.46995707761142347,0.3676084791644731,0.36679696976797077,0.0178944638842626,0.017854961189383373,0.0,0.0,-0.04289086444254964,-0.000811509396502319,MODE_1_ACCEPT,simple,four_mode_relocalization_v2,0.0,0,0,0,False,0,0,0.46995707761142347,0,0,precomputed,0,0.0,2.1773474290966988,0,527,cache_read_only_not_online_fps,157ff887794c6cb410230016d2d4aa63b09139d0c130484af891fca7557bb682,cached_perception_v2,0,0,0,,,0,0.0,0,10.288888588547707,0.6113499402999878,2.7886973693966866,0.5128479420539731,0.5037874881134113,0.5128479420539731,0.5128097749903191,0.5128479420539731,0.5128479420539731
sugar_box1_clean,527,0.4694673465110182,0.5220328132824266,0.3588021809188201,0.3724727389196215,0.017465790459022107,0.018131246563242186,0.0,0.0,0.05256546677140839,0.013670558000801414,MODE_1_ACCEPT,simple,four_mode_relocalization_v2,0.0,0,0,0,False,0,0,0.4694673465110182,0,0,precomputed,0,0.0,1.911139115691185,0,528,cache_read_only_not_online_fps,157ff887794c6cb410230016d2d4aa63b09139d0c130484af891fca7557bb682,cached_perception_v2,0,0,0,,,0,0.0,0,10.02968568354845,0.6142323836684227,2.5253714993596077,0.4694673465110182,0.4844557689155325,0.4694673465110182,0.46943814834486197,0.4694673465110182,0.4694673465110182
sugar_box1_clean,528,0.49540725670208907,0.4562452332654417,0.3709656353626418,0.35304292425071315,0.01805788370112455,0.017185441075673068,0.0,0.0,-0.039162023436647375,-0.01792271111192867,MODE_1_ACCEPT,simple,four_mode_relocalization_v2,0.0,0,0,0,False,0,0,0.4562452332654417,0,0,precomputed,0,0.0,2.162669785320759,0,529,cache_read_only_not_online_fps,157ff887794c6cb410230016d2d4aa63b09139d0c130484af891fca7557bb682,cached_perception_v2,0,0,0,,,0,0.0,0,9.866130538284779,0.611722469329834,2.774392254650593,0.49540725670208907,0.4917283340791433,0.49540725670208907,0.4953631043650594,0.49540725670208907,0.4562452332654417
sugar_box1_clean,529,0.5016960559854523,0.529778847522108,0.35944845522212093,0.3647811926168661,0.017497249831792912,0.017756837088679412,0.0,0.0,0.028082791536655716,0.005332737394745157,MODE_1_ACCEPT,simple,four_mode_relocalization_v2,0.0,0,0,0,False,0,0,0.5016960559854523,0,0,precomputed,0,0.0,1.8827719613909721,0,530,cache_read_only_not_online_fps,157ff887794c6cb410230016d2d4aa63b09139d0c130484af891fca7557bb682,cached_perception_v2,0,0,0,,,0,0.0,0,9.710309095680714,0.5940347909927368,2.476806752383709,0.5016960559854523,0.5037033047218177,0.5016960559854523,0.5016637064891377,0.5016960559854523,0.4669014261955299
sugar_box1_clean,530,0.4563084362181158,0.49307896588574546,0.3485625900437847,0.3611529090890341,0.016967347143679087,0.017580219322140885,0.0,0.0,0.03677052966762967,0.012590319045249376,MODE_1_ACCEPT,simple,four_mode_relocalization_v2,0.0,0,0,0,False,0,0,0.4563084362181158,0,0,precomputed,0,0.0,2.1101217716932297,0,531,cache_read_only_not_online_fps,157ff887794c6cb410230016d2d4aa63b09139d0c130484af891fca7557bb682,cached_perception_v2,0,0,0,,,0,0.0,0,10.138265788555145,0.6156144663691521,2.7257362380623817,0.4563084362181158,0.4763934225385524,0.4563084362181158,0.4562712564325899,0.4563084362181158,0.4563084362181158
sugar_box1_clean,531,0.5100039285806042,0.42410296210257503,0.3686294814737338,0.35533360883935716,0.01794416428559812,0.01729694713433334,0.0,0.0,-0.08590096647802914,-0.013295872634376649,MODE_1_ACCEPT,simple,four_mode_relocalization_v2,0.0,0,0,0,False,0,0,0.42410296210257503,0,0,precomputed,0,0.0,1.8452871590852737,0,532,cache_read_only_not_online_fps,157ff887794c6cb410230016d2d4aa63b09139d0c130484af891fca7557bb682,cached_perception_v2,0,0,0,,,0,0.0,0,9.981018491089344,0.6072577089071274,2.452544867992401,0.5100039285806042,0.48326443411064723,0.5100039285806042,0.5099511548464863,0.5100039285806042,0.5069572330563604
sugar_box1_clean,532,0.47766123144159833,0.5669236627402728,0.3635926163586015,0.3970311225329521,0.017698979514296068,0.019326700785689516,0.0,0.0,0.0892624312986745,0.03343850617435057,MODE_1_ACCEPT,simple,four_mode_relocalization_v2,0.0,0,0,0,False,0,0,0.47766123144159833,0,0,precomputed,0,0.0,1.9039139151573181,0,533,cache_read_only_not_online_fps,157ff887794c6cb410230016d2d4aa63b09139d0c130484af891fca7557bb682,cached_perception_v2,0,0,0,,,0,0.0,0,9.935028851032257,0.602060928940773,2.505974844098091,0.47766123144159833,0.48171008487319456,0.47766123144159833,0.4776126530134632,0.47766123144159833,0.47766123144159833
sugar_box1_clean,533,0.4973821907497524,0.45470624881384497,0.35879775988698015,0.3527527255775621,0.017465575251813692,0.017171314770186956,0.0,0.0,-0.0426759419359074,-0.006045034309418051,MODE_1_ACCEPT,simple,four_mode_relocalization_v2,0.0,0,0,0,False,0,0,0.45470624881384497,0,0,precomputed,0,0.0,1.8302341923117638,0,534,cache_read_only_not_online_fps,157ff887794c6cb410230016d2d4aa63b09139d0c130484af891fca7557bb682,cached_perception_v2,0,0,0,,,0,0.0,0,10.14047022908926,0.6382828578352928,2.4685170501470566,0.4973821907497524,0.49245752656150416,0.4973821907497524,0.4973277160834054,0.4973821907497524,0.4973821907497524
sugar_box1_clean,534,0.4987457287693896,0.5161928930366471,0.3671222212525297,0.3652213733262154,0.017870793797371554,0.017778264227204355,0.0,0.0,0.017447164267257453,-0.0019008479263142863,MODE_1_ACCEPT,simple,four_mode_relocalization_v2,0.0,0,0,0,False,0,0,0.4987457287693896,0,0,precomputed,0,0.0,1.9504781812429428,0,535,cache_read_only_not_online_fps,157ff887794c6cb410230016d2d4aa63b09139d0c130484af891fca7557bb682,cached_perception_v2,0,0,0,,,0,0.0,0,10.85150521248579,0.5957623943686485,2.5462405756115913,0.4987457287693896,0.4996540965594869,0.4987457287693896,0.49871416729321427,0.4987457287693896,0.4987457287693896
sugar_box1_clean,535,0.47037551571219455,0.5008848736596307,0.3526109484554013,0.36215256405197854,0.017164413336362885,0.017628880576287663,0.0,0.0,0.0305093579474362,0.009541615596577235,MODE_1_ACCEPT,simple,four_mode_relocalization_v2,0.0,0,0,0,False,0,0,0.47037551571219455,0,0,precomputed,0,0.0,1.674329861998558,0,536,cache_read_only_not_online_fps,157ff887794c6cb410230016d2d4aa63b09139d0c130484af891fca7557bb682,cached_perception_v2,0,0,0,,,0,0.0,0,9.989040903747082,0.6238836795091629,2.298213541507721,0.47037551571219455,0.48569559490597963,0.47037551571219455,0.47033972191519724,0.47037551571219455,0.47037551571219455
sugar_box1_clean,536,0.4896852086499888,0.4475401621564862,0.36165529037867156,0.3576360010323988,0.01760467426361552,0.017409023096344428,0.0,0.0,-0.04214504649350265,-0.00401928934627277,MODE_1_ACCEPT,simple,four_mode_relocalization_v2,0.0,0,0,0,False,0,0,0.4475401621564862,0,0,precomputed,0,0.0,2.29023490101099,0,537,cache_read_only_not_online_fps,157ff887794c6cb410230016d2d4aa63b09139d0c130484af891fca7557bb682,cached_perception_v2,0,0,0,,,0,0.0,0,9.852346032857895,1.164523884654045,3.4547587856650352,0.4896852086499888,0.4780153174850315,0.4896852086499888,0.4896456111856704,0.4896852086499888,0.4475401621564862
sugar_box1_clean,537,0.4698279152133878,0.5340519540199145,0.36151777556078485,0.37861696280988366,0.017597980310451497,0.018430335400232607,0.0,0.0,0.06422403880652666,0.017099187249098813,MODE_1_ACCEPT,simple,four_mode_relocalization_v2,0.0,0,0,0,False,0,0,0.4698279152133878,0,0,precomputed,0,0.0,2.724187448620796,0,538,cache_read_only_not_online_fps,157ff887794c6cb410230016d2d4aa63b09139d0c130484af891fca7557bb682,cached_perception_v2,0,0,0,,,0,0.0,0,13.187631964683533,0.59541966766119,3.3196071162819862,0.4698279152133878,0.4769074978592614,0.4698279152133878,0.4697864855051451,0.4698279152133878,0.4453563777851807
sugar_box1_clean,538,0.4736366558682649,0.4580153462449864,0.36386989641688966,0.36090097646055663,0.01771247696680353,0.01756795573308602,0.0,0.0,-0.015621309623278512,-0.002968919956333027,MODE_1_ACCEPT,simple,four_mode_relocalization_v2,0.0,0,0,0,False,0,0,0.4580153462449864,0,0,precomputed,0,0.0,1.9410569220781326,0,539,cache_read_only_not_online_fps,157ff887794c6cb410230016d2d4aa63b09139d0c130484af891fca7557bb682,cached_perception_v2,0,0,0,,,0,0.0,0,9.989692829549313,0.6520804017782211,2.5931373238563538,0.4736366558682649,0.4665159354477121,0.4736366558682649,0.4736138742050074,0.4736366558682649,0.43609019325112863
sugar_box1_clean,539,0.5056360409500396,0.5017592539892104,0.3619166406415035,0.3675205725495261,0.01761739628474522,0.017890184761675622,0.0,0.0,-0.0038767869608291594,0.005603931908022608,MODE_1_ACCEPT,simple,four_mode_relocalization_v2,0.0,0,0,0,False,0,0,0.5017592539892104,0,0,precomputed,0,0.0,1.950060948729515,0,540,cache_read_only_not_online_fps,157ff887794c6cb410230016d2d4aa63b09139d0c130484af891fca7557bb682,cached_perception_v2,0,0,0,,,0,0.0,0,9.971600025892258,0.6129313260316849,2.5629922747612,0.5056360409500396,0.49046340611539463,0.5056360409500396,0.50558816273412,0.5056360409500396,0.4390483845627847
sugar_box1_clean,540,0.47672038925024274,0.525041578206555,0.3625452110077442,0.3670108555410429,0.01764799386438478,0.017865372731713125,0.0,0.0,0.04832118895631221,0.004465644533298729,MODE_1_ACCEPT,simple,four_mode_relocalization_v2,0.0,0,0,0,False,0,0,0.47672038925024274,0,0,precomputed,0,0.0,1.9635995849967003,0,541,cache_read_only_not_online_fps,157ff887794c6cb410230016d2d4aa63b09139d0c130484af891fca7557bb682,cached_perception_v2,0,0,0,,,0,0.0,0,10.020370595157146,0.6022369489073753,2.5658365339040756,0.47672038925024274,0.48314230538377656,0.47672038925024274,0.4766979356073515,0.47672038925024274,0.4320529911687794
sugar_box1_clean,541,0.5098529394073885,0.4770177750625551,0.3681077227337861,0.37225655502168276,0.01791876608763078,0.01812072315267555,0.0,0.0,-0.03283516434483341,0.004148832287896642,MODE_1_ACCEPT,simple,four_mode_relocalization_v2,0.0,0,0,0,False,0,0,0.4770177750625551,0,0,precomputed,0,0.0,2.053951844573021,0,542,cache_read_only_not_online_fps,157ff887794c6cb410230016d2d4aa63b09139d0c130484af891fca7557bb682,cached_perception_v2,0,0,0,,,0,0.0,0,10.049610398709774,0.665958970785141,2.719910815358162,0.5098529394073885,0.5035501680313783,0.5098529394073885,0.5098074037566477,0.5098529394073885,0.43775661593039294
sugar_box1_clean,542,0.4803294443918779,0.5204086901526431,0.36575885005653797,0.3682256382874461,0.017804427546291142,0.017924505986833206,0.0,0.0,0.040079245760765214,0.0024667882309081235,MODE_1_ACCEPT,simple,four_mode_relocalization_v2,0.0,0,0,0,False,0,0,0.4803294443918779,0,0,precomputed,0,0.0,3.9225388318300247,0,543,cache_read_only_not_online_fps,157ff887794c6cb410230016d2d4aa63b09139d0c130484af891fca7557bb682,cached_perception_v2,0,0,0,,,0,0.0,0,18.91359966248274,0.6650499999523163,4.587588831782341,0.4803294443918779,0.48913477498216784,0.4803294443918779,0.48028836604369163,0.4803294443918779,0.4279625714861991
sugar_box1_clean,543,0.47610626256844485,0.4843093179448834,0.36279980334557316,0.3620824345077575,0.01766038692290412,0.017625466806836167,0.0,0.0,0.008203055376438562,-0.0007173688378156462,MODE_1_ACCEPT,simple,four_mode_relocalization_v2,0.0,0,0,0,False,0,0,0.47610626256844485,0,0,precomputed,0,0.0,1.8129562959074974,0,544,cache_read_only_not_online_fps,157ff887794c6cb410230016d2d4aa63b09139d0c130484af891fca7557bb682,cached_perception_v2,0,0,0,,,0,0.0,0,11.160804890096188,0.6202636286616325,2.43321992456913,0.47610626256844485,0.4906196182013531,0.47610626256844485,0.4760788353781144,0.47610626256844485,0.4422593661152954
sugar_box1_clean,544,0.49392089188903776,0.4526679390376385,0.36114452734740315,0.34437281458822594,0.01757981131530371,0.016763397045076706,0.0,0.0,-0.04125295285139924,-0.016771712759177215,MODE_1_ACCEPT,simple,four_mode_relocalization_v2,0.0,0,0,0,False,0,0,0.4526679390376385,0,0,precomputed,0,0.0,1.9862009212374687,0,545,cache_read_only_not_online_fps,157ff887794c6cb410230016d2d4aa63b09139d0c130484af891fca7557bb682,cached_perception_v2,0,0,0,,,0,0.0,0,9.743941016495228,0.6176130846142769,2.6038140058517456,0.49392089188903776,0.4782801730643541,0.49392089188903776,0.4938815320701307,0.49392089188903776,0.4403057795981125
sugar_box1_clean,545,0.48902898789126725,0.5399369688924778,0.36362279404025294,0.376113542718223,0.01770044850498869,0.018308473792145716,0.0,0.0,0.05090798100121052,0.012490748677970065,MODE_1_ACCEPT,simple,four_mode_relocalization_v2,0.0,0,0,0,False,0,0,0.48902898789126725,0,0,precomputed,0,0.0,1.986585557460785,0,546,cache_read_only_not_online_fps,157ff887794c6cb410230016d2d4aa63b09139d0c130484af891fca7557bb682,cached_perception_v2,0,0,0,,,0,0.0,0,10.688360780477524,0.6906008347868919,2.677186392247677,0.48902898789126725,0.4887559921323343,0.48902898789126725,0.4889836967208969,0.48902898789126725,0.4536790764886133
sugar_box1_clean,546,0.4971602540978136,0.4780048781255727,0.37143168947029226,0.36291659959379957,0.018080570306222503,0.01766607233650082,0.0,0.0,-0.01915537597224093,-0.008515089876492687,MODE_1_ACCEPT,simple,four_mode_relocalization_v2,0.0,0,0,0,False,0,0,0.4780048781255727,0,0,precomputed,0,0.0,2.007768489420414,0,547,cache_read_only_not_online_fps,157ff887794c6cb410230016d2d4aa63b09139d0c130484af891fca7557bb682,cached_perception_v2,0,0,0,,,0,0.0,0,10.874021798372269,1.3872487470507622,3.395017236471176,0.4971602540978136,0.49186868267168654,0.4971602540978136,0.4971006218371671,0.4971602540978136,0.46439489463092315
sugar_box1_clean,547,0.47971441772951,0.49448228471781225,0.3687324034673079,0.37572292145196584,0.01794917432753484,0.018289459110663528,0.0,0.0,0.014767866988302236,0.00699051798465794,MODE_1_ACCEPT,simple,four_mode_relocalization_v2,0.0,0,0,0,False,0,0,0.47971441772951,0,0,precomputed,0,0.0,2.887079492211342,0,548,cache_read_only_not_online_fps,157ff887794c6cb410230016d2d4aa63b09139d0c130484af891fca7557bb682,cached_perception_v2,0,0,0,,,0,0.0,0,14.951705001294613,0.5956552922725677,3.4827347844839096,0.47971441772951,0.48019927657362727,0.47971441772951,0.47967301538448326,0.47971441772951,0.4791509840772169
sugar_box1_clean,548,0.4925259248840795,0.5037462612483593,0.35753853297445903,0.3646925201535474,0.017404278541358547,0.017752520686087202,0.0,0.0,0.011220336364279826,0.0071539871790883836,MODE_1_ACCEPT,simple,four_mode_relocalization_v2,0.0,0,0,0,False,0,0,0.4925259248840795,0,0,precomputed,0,0.0,2.220273017883301,0,549,cache_read_only_not_online_fps,157ff887794c6cb410230016d2d4aa63b09139d0c130484af891fca7557bb682,cached_perception_v2,0,0,0,,,0,0.0,0,9.763524867594242,0.600089319050312,2.820362336933613,0.4925259248840795,0.5001767658539336,0.4925259248840795,0.49248556102795626,0.4925259248840795,0.4925259248840795
sugar_box1_clean,549,0.5290514526645982,0.49206938148402113,0.3730433400373141,0.3596680446508627,0.018159022312909542,0.017507939016957838,0.0,0.0,-0.03698207118057706,-0.01337529538645138,MODE_1_ACCEPT,simple,four_mode_relocalization_v2,0.0,0,0,0,False,0,0,0.49206938148402113,0,0,precomputed,0,0.0,2.0080450922250748,0,550,cache_read_only_not_online_fps,157ff887794c6cb410230016d2d4aa63b09139d0c130484af891fca7557bb682,cached_perception_v2,0,0,0,,,0,0.0,0,9.72837209701538,0.606754794716835,2.61479988694191,0.5290514526645982,0.5169436890952428,0.5290514526645982,0.5289914020901257,0.5290514526645982,0.5290514526645982
sugar_box1_clean,550,0.49239492918850364,0.536419518841471,0.36244438928206807,0.3771303373108329,0.017643086059393555,0.018357969370040236,0.0,0.0,0.04402458965296735,0.014685948028764828,MODE_1_ACCEPT,simple,four_mode_relocalization_v2,0.0,0,0,0,False,0,0,0.49239492918850364,0,0,precomputed,0,0.0,2.1239249035716057,0,551,cache_read_only_not_online_fps,157ff887794c6cb410230016d2d4aa63b09139d0c130484af891fca7557bb682,cached_perception_v2,0,0,0,,,0,0.0,0,9.764743968844414,0.5946019664406776,2.7185268700122833,0.49239492918850364,0.494589983646638,0.49239492918850364,0.4923510805604778,0.49239492918850364,0.49239492918850364
sugar_box1_clean,551,0.4946517476471765,0.49581126263255443,0.3654712790371458,0.3573261524764774,0.01779042914986577,0.017393940272884732,0.0,0.0,0.0011595149853779185,-0.008145126560668403,MODE_1_ACCEPT,simple,four_mode_relocalization_v2,0.0,0,0,0,False,0,0,0.4946517476471765,0,0,precomputed,0,0.0,2.1518366411328316,0,552,cache_read_only_not_online_fps,157ff887794c6cb410230016d2d4aa63b09139d0c130484af891fca7557bb682,cached_perception_v2,0,0,0,,,0,0.0,0,9.942349046468735,0.6053093820810318,2.7571460232138634,0.4946517476471765,0.5005484703828348,0.4946517476471765,0.4946169044461316,0.4946517476471765,0.4946517476471765
sugar_box1_clean,552,0.47366107682361064,0.48785989456871376,0.36314928045085176,0.36277957391387156,0.017677398786866014,0.01765940219361875,0.0,0.0,0.01419881774510312,-0.0003697065369802077,MODE_1_ACCEPT,simple,four_mode_relocalization_v2,0.0,0,0,0,False,0,0,0.47366107682361064,0,0,precomputed,0,0.0,1.9329162314534187,0,553,cache_read_only_not_online_fps,157ff887794c6cb410230016d2d4aa63b09139d0c130484af891fca7557bb682,cached_perception_v2,0,0,0,,,0,0.0,0,9.88166406750679,0.608726404607296,2.5416426360607147,0.47366107682361064,0.4852489017830752,0.47366107682361064,0.4736296960064433,0.47366107682361064,0.47366107682361064
sugar_box1_clean,553,0.5049574348392004,0.45921772254591453,0.3665693708507475,0.351484295758518,0.01784388211793865,0.017109570080189065,0.0,0.0,-0.045739712293285884,-0.015085075092229505,MODE_1_ACCEPT,simple,four_mode_relocalization_v2,0.0,0,0,0,False,0,0,0.45921772254591453,0,0,precomputed,0,0.0,2.144450321793556,0,554,cache_read_only_not_online_fps,157ff887794c6cb410230016d2d4aa63b09139d0c130484af891fca7557bb682,cached_perception_v2,0,0,0,,,0,0.0,0,9.823927655816078,0.6149476394057274,2.7593979611992836,0.5049574348392004,0.48921733233388565,0.5049574348392004,0.5049171694508057,0.5049574348392004,0.45921772254591453
sugar_box1_clean,554,0.48982201967850353,0.5450067077051977,0.3594679502533773,0.36798593637748445,0.01749819881189678,0.017912837765304293,0.0,0.0,0.05518468802669413,0.008517986124107146,MODE_1_ACCEPT,simple,four_mode_relocalization_v2,0.0,0,0,0,False,0,0,0.48982201967850353,0,0,precomputed,0,0.0,1.8802275881171227,0,555,cache_read_only_not_online_fps,157ff887794c6cb410230016d2d4aa63b09139d0c130484af891fca7557bb682,cached_perception_v2,0,0,0,,,0,0.0,0,9.788610972464085,0.5916440859436989,2.4718716740608215,0.48982201967850353,0.4953902555643344,0.48982201967850353,0.4898064094588994,0.48982201967850353,0.45544606558028045
sugar_box1_clean,555,0.49811966732946583,0.45952848220668274,0.3635317465790591,0.3659176970034238,0.017696016492131452,0.017812159905894583,0.0,0.0,-0.03859118512278309,0.00238595042436468,MODE_1_ACCEPT,simple,four_mode_relocalization_v2,0.0,0,0,0,False,0,0,0.45952848220668274,0,0,precomputed,0,0.0,2.1869465708732605,0,556,cache_read_only_not_online_fps,157ff887794c6cb410230016d2d4aa63b09139d0c130484af891fca7557bb682,cached_perception_v2,0,0,0,,,0,0.0,0,10.079647414386272,0.5933865904808044,2.780333161354065,0.49811966732946583,0.4899319490570048,0.49811966732946583,0.49807525246153206,0.49811966732946583,0.44465945639808185
sugar_box1_clean,556,0.47825436387225856,0.5339111814697576,0.3587374800197289,0.3769575653694607,0.017462640945429007,0.01834955916886064,0.0,0.0,0.05565681759749902,0.018220085349731796,MODE_1_ACCEPT,simple,four_mode_relocalization_v2,0.0,0,0,0,False,0,0,0.47825436387225856,0,0,precomputed,0,0.0,2.063431777060032,0,557,cache_read_only_not_online_fps,157ff887794c6cb410230016d2d4aa63b09139d0c130484af891fca7557bb682,cached_perception_v2,0,0,0,,,0,0.0,0,10.152860544621944,0.6060302257537842,2.669462002813816,0.47825436387225856,0.4906054242140742,0.47825436387225856,0.4782115029013641,0.47825436387225856,0.4585814366151137
sugar_box1_clean,557,0.46958798007284436,0.4370388358890977,0.3696703135779658,0.34997784132774706,0.01799482996268232,0.017036238816269398,0.0,0.0,-0.03254914418374666,-0.01969247225021875,MODE_1_ACCEPT,simple,four_mode_relocalization_v2,0.0,0,0,0,False,0,0,0.4370388358890977,0,0,precomputed,0,0.0,2.1430011838674545,0,558,cache_read_only_not_online_fps,157ff887794c6cb410230016d2d4aa63b09139d0c130484af891fca7557bb682,cached_perception_v2,0,0,0,,,0,0.0,0,9.972003288567066,0.5851956084370613,2.728196792304516,0.46958798007284436,0.4674874498246645,0.46958798007284436,0.4695736264038054,0.46958798007284436,0.45289611961596987
sugar_box1_clean,558,0.5019218281813639,0.4863148504541639,0.3665977608352584,0.3738909182977982,0.017845264087020703,0.01820028076974871,0.0,0.0,-0.015606977727199989,0.007293157462539779,MODE_1_ACCEPT,simple,four_mode_relocalization_v2,0.0,0,0,0,False,0,0,0.4863148504541639,0,0,precomputed,0,0.0,1.881508156657219,0,559,cache_read_only_not_online_fps,157ff887794c6cb410230016d2d4aa63b09139d0c130484af891fca7557bb682,cached_perception_v2,0,0,0,,,0,0.0,0,10.164217092096806,0.6006313487887383,2.482139505445957,0.5019218281813639,0.48351169735026783,0.5019218281813639,0.5018936353893259,0.5019218281813639,0.4805323781331042
sugar_box1_clean,559,0.48359921437474523,0.5495688384657075,0.36087320518811966,0.371212302459554,0.017566603881701164,0.01806989097437125,0.0,0.0,0.06596962409096224,0.010339097271434339,MODE_1_ACCEPT,simple,four_mode_relocalization_v2,0.0,0,0,0,False,0,0,0.48359921437474523,0,0,precomputed,0,0.0,1.9000424072146416,0,560,cache_read_only_not_online_fps,157ff887794c6cb410230016d2d4aa63b09139d0c130484af891fca7557bb682,cached_perception_v2,0,0,0,,,0,0.0,0,9.922841563820839,0.5911774933338165,2.491219900548458,0.48359921437474523,0.495939666770869,0.48359921437474523,0.4835511918724759,0.48359921437474523,0.48359921437474523
sugar_box1_clean,560,0.49348664064194453,0.4553280311229575,0.36480134388974744,0.3523879410867552,0.017757818013345833,0.017153557772548816,0.0,0.0,-0.03815860951898703,-0.012413402802992246,MODE_1_ACCEPT,simple,four_mode_relocalization_v2,0.0,0,0,0,False,0,0,0.4553280311229575,0,0,precomputed,0,0.0,2.2695818915963173,0,561,cache_read_only_not_online_fps,157ff887794c6cb410230016d2d4aa63b09139d0c130484af891fca7557bb682,cached_perception_v2,0,0,0,,,0,0.0,0,9.972002357244492,0.6061075255274773,2.8756894171237946,0.49348664064194453,0.49345243984059906,0.49348664064194453,0.49343783044330836,0.49348664064194453,0.49348664064194453
sugar_box1_clean,561,0.4966601192016433,0.5052646063857015,0.3659377848934197,0.3738397901767029,0.017813137745205744,0.018197791952519873,0.0,0.0,0.008604487184058152,0.007902005283283164,MODE_1_ACCEPT,simple,four_mode_relocalization_v2,0.0,0,0,0,False,0,0,0.4966601192016433,0,0,precomputed,0,0.0,3.7326961755752563,0,562,cache_read_only_not_online_fps,157ff887794c6cb410230016d2d4aa63b09139d0c130484af891fca7557bb682,cached_perception_v2,0,0,0,,,0,0.0,0,18.539677374064922,0.6149141117930412,4.347610287368298,0.4966601192016433,0.4940128131431016,0.4966601192016433,0.4966111918348132,0.4966601192016433,0.4966601192016433
sugar_box1_clean,562,0.4881630501949782,0.5029556308531764,0.3591218082787091,0.36418020159973663,0.017481349295589088,0.017727582017971488,0.0,0.0,0.014792580658198218,0.005058393321027532,MODE_1_ACCEPT,simple,four_mode_relocalization_v2,0.0,0,0,0,False,0,0,0.4881630501949782,0,0,precomputed,0,0.0,1.9826069474220276,0,563,cache_read_only_not_online_fps,157ff887794c6cb410230016d2d4aa63b09139d0c130484af891fca7557bb682,cached_perception_v2,0,0,0,,,0,0.0,0,10.786193422973156,0.6401138380169868,2.6227207854390144,0.4881630501949782,0.4912437566684109,0.4881630501949782,0.48811875627282036,0.4881630501949782,0.4881630501949782
sugar_box1_clean,563,0.4985882260998979,0.49148789581915325,0.3643015297845428,0.356958491795518,0.017733488037403062,0.01737604326791889,0.0,0.0,-0.007100330280744638,-0.007343037989024803,MODE_1_ACCEPT,simple,four_mode_relocalization_v2,0.0,0,0,0,False,0,0,0.49148789581915325,0,0,precomputed,0,0.0,2.1665776148438454,0,564,cache_read_only_not_online_fps,157ff887794c6cb410230016d2d4aa63b09139d0c130484af891fca7557bb682,cached_perception_v2,0,0,0,,,0,0.0,0,12.927859090268612,0.7735518738627434,2.9401294887065887,0.4985882260998979,0.49864808039907255,0.4985882260998979,0.49854927468278787,0.4985882260998979,0.49148789581915325
sugar_box1_clean,564,0.4972550674876303,0.4997095649266357,0.36442631155227495,0.36754102639881436,0.017739562170516567,0.01789118041517147,0.0,0.0,0.0024544974390053875,0.0031147148465394126,MODE_1_ACCEPT,simple,four_mode_relocalization_v2,0.0,0,0,0,False,0,0,0.4972550674876303,0,0,precomputed,0,0.0,2.4128807708621025,0,565,cache_read_only_not_online_fps,157ff887794c6cb410230016d2d4aa63b09139d0c130484af891fca7557bb682,cached_perception_v2,0,0,0,,,0,0.0,0,11.490137316286564,0.584830529987812,2.9977113008499146,0.4972550674876303,0.49664366838905055,0.4972550674876303,0.497214369527908,0.4972550674876303,0.4851173661879926
sugar_box1_clean,565,0.4983012441165078,0.49433894335714396,0.3724304300472885,0.3629386045807873,0.018129187049844488,0.01766714349635497,0.0,0.0,-0.003962300759363824,-0.00949182546650118,MODE_1_ACCEPT,simple,four_mode_relocalization_v2,0.0,0,0,0,False,0,0,0.49433894335714396,0,0,precomputed,0,0.0,3.167894668877125,0,566,cache_read_only_not_online_fps,157ff887794c6cb410230016d2d4aa63b09139d0c130484af891fca7557bb682,cached_perception_v2,0,0,0,,,0,0.0,0,16.507728956639767,0.5956068634986877,3.7635015323758125,0.4983012441165078,0.4956199583026873,0.4983012441165078,0.4982647093100915,0.4983012441165078,0.4771524796916093
sugar_box1_clean,566,0.49205288461416796,0.5179173100782254,0.35722435982343803,0.3834997257723837,0.017388985205042888,0.018668018779262555,0.0,0.0,0.025864425464057428,0.026275365948945695,MODE_1_ACCEPT,simple,four_mode_relocalization_v2,0.0,0,0,0,False,0,0,0.49205288461416796,0,0,precomputed,0,0.0,1.9055353477597237,0,567,cache_read_only_not_online_fps,157ff887794c6cb410230016d2d4aa63b09139d0c130484af891fca7557bb682,cached_perception_v2,0,0,0,,,0,0.0,0,10.55795792490244,0.5986019968986511,2.504137344658375,0.49205288461416796,0.4991099616760214,0.49205288461416796,0.4920117699207206,0.49205288461416796,0.4859405291896247
sugar_box1_clean,567,0.48672654728900355,0.4980507509698382,0.35822050122886373,0.3538012538308707,0.01743747542606152,0.01722235508079977,0.0,0.0,0.011324203680834644,-0.0044192473979930424,MODE_1_ACCEPT,simple,four_mode_relocalization_v2,0.0,0,0,0,False,0,0,0.48672654728900355,0,0,precomputed,0,0.0,2.3062163963913918,0,568,cache_read_only_not_online_fps,157ff887794c6cb410230016d2d4aa63b09139d0c130484af891fca7557bb682,cached_perception_v2,0,0,0,,,0,0.0,0,10.323616676032543,0.5973363295197487,2.9035527259111404,0.48672654728900355,0.4964474492450298,0.48672654728900355,0.4866921040046589,0.48672654728900355,0.48672654728900355
sugar_box1_clean,568,0.48385871758489873,0.4526042425049305,0.3707657047094567,0.36474584136359556,0.01804815146681671,0.01775511625860947,0.0,0.0,-0.03125447507996826,-0.006019863345861132,MODE_1_ACCEPT,simple,four_mode_relocalization_v2,0.0,0,0,0,False,0,0,0.4526042425049305,0,0,precomputed,0,0.0,2.002580091357231,0,569,cache_read_only_not_online_fps,157ff887794c6cb410230016d2d4aa63b09139d0c130484af891fca7557bb682,cached_perception_v2,0,0,0,,,0,0.0,0,10.42705588042736,0.624840147793293,2.627420239150524,0.48385871758489873,0.47453410966883824,0.48385871758489873,0.4838076975773781,0.48385871758489873,0.47248359930179684
sugar_box1_clean,569,0.5081095676130161,0.518299921304781,0.3671458814149066,0.3687904378654866,0.017871945527935855,0.01795199932886401,0.0,0.0,0.010190353691764908,0.0016445564505799815,MODE_1_ACCEPT,simple,four_mode_relocalization_v2,0.0,0,0,0,False,0,0,0.5081095676130161,0,0,precomputed,0,0.0,1.9205212593078613,0,570,cache_read_only_not_online_fps,157ff887794c6cb410230016d2d4aa63b09139d0c130484af891fca7557bb682,cached_perception_v2,0,0,0,,,0,0.0,0,9.942109696567059,0.6157280877232552,2.5362493470311165,0.5081095676130161,0.4979532129310284,0.5081095676130161,0.5080794777197839,0.5081095676130161,0.49556341610715643
sugar_box1_clean,570,0.49441370921748184,0.5087725631268983,0.3737979668328765,0.37722631835451975,0.018195756073703037,0.018362641540072146,0.0,0.0,0.014358853909416491,0.0034283515216432248,MODE_1_ACCEPT,simple,four_mode_relocalization_v2,0.0,0,0,0,False,0,0,0.49441370921748184,0,0,precomputed,0,0.0,1.921684481203556,0,571,cache_read_only_not_online_fps,157ff887794c6cb410230016d2d4aa63b09139d0c130484af891fca7557bb682,cached_perception_v2,0,0,0,,,0,0.0,0,9.984230622649193,0.6235633045434952,2.5452477857470512,0.49441370921748184,0.49354020540800425,0.49441370921748184,0.49437832917650637,0.49441370921748184,0.49441370921748184
sugar_box1_clean,571,0.4914240956896832,0.508164919891506,0.3567469482728988,0.37330351874522494,0.017365745741773513,0.01817168730503036,0.0,0.0,0.016740824201822824,0.016556570472326115,MODE_1_ACCEPT,simple,four_mode_relocalization_v2,0.0,0,0,0,False,0,0,0.4914240956896832,0,0,precomputed,0,0.0,1.9673118367791176,0,572,cache_read_only_not_online_fps,157ff887794c6cb410230016d2d4aa63b09139d0c130484af891fca7557bb682,cached_perception_v2,0,0,0,,,0,0.0,0,9.953898377716541,0.6011594086885452,2.568471245467663,0.4914240956896832,0.5025305754464842,0.4914240956896832,0.49137546997874637,0.4914240956896832,0.4914240956896832
sugar_box1_clean,572,0.49905937952328117,0.4821095024487345,0.3704308567350964,0.3523423094499311,0.018031851720419326,0.01715133651345549,0.0,0.0,-0.01694987707454665,-0.01808854728516529,MODE_1_ACCEPT,simple,four_mode_relocalization_v2,0.0,0,0,0,False,0,0,0.4821095024487345,0,0,precomputed,0,0.0,2.1072933450341225,0,573,cache_read_only_not_online_fps,157ff887794c6cb410230016d2d4aa63b09139d0c130484af891fca7557bb682,cached_perception_v2,0,0,0,,,0,0.0,0,10.31930185854435,0.5909288302063942,2.6982221752405167,0.49905937952328117,0.4929662607026628,0.49905937952328117,0.4989968683185894,0.49905937952328117,0.4821095024487345
sugar_box1_clean,573,0.49938588082337565,0.5267988643565158,0.3576642173482806,0.37887806405101737,0.01741039661157629,0.018443045299471664,0.0,0.0,0.027412983533140145,0.021213846702736794,MODE_1_ACCEPT,simple,four_mode_relocalization_v2,0.0,0,0,0,False,0,0,0.49938588082337565,0,0,precomputed,0,0.0,1.9160807132720947,0,574,cache_read_only_not_online_fps,157ff887794c6cb410230016d2d4aa63b09139d0c130484af891fca7557bb682,cached_perception_v2,0,0,0,,,0,0.0,0,10.041273199021816,0.6295405328273773,2.545621246099472,0.49938588082337565,0.49854504522855914,0.49938588082337565,0.49931646297263377,0.49938588082337565,0.49938588082337565
sugar_box1_clean,574,0.49185988574234063,0.48534118520483027,0.3743063337440916,0.3578420791436646,0.01822050238356338,0.017419054576923346,0.0,0.0,-0.006518700537510358,-0.016464254600426997,MODE_1_ACCEPT,simple,four_mode_relocalization_v2,0.0,0,0,0,False,0,0,0.48534118520483027,0,0,precomputed,0,0.0,1.9249245524406433,0,575,cache_read_only_not_online_fps,157ff887794c6cb410230016d2d4aa63b09139d0c130484af891fca7557bb682,cached_perception_v2,0,0,0,,,0,0.0,0,10.31867042183876,0.6033238023519516,2.528248354792595,0.49185988574234063,0.4877026087542859,0.49185988574234063,0.49178872937614865,0.49185988574234063,0.49185988574234063
sugar_box1_clean,575,0.5155932335692032,0.5131632372364091,0.37174728157980635,0.37575268773720916,0.018095932714670464,0.01829090807538128,0.0,0.0,-0.00242999633279406,0.004005406157402802,MODE_1_ACCEPT,simple,four_mode_relocalization_v2,0.0,0,0,0,False,0,0,0.5131632372364091,0,0,precomputed,0,0.0,1.7050337046384811,0,576,cache_read_only_not_online_fps,157ff887794c6cb410230016d2d4aa63b09139d0c130484af891fca7557bb682,cached_perception_v2,0,0,0,,,0,0.0,0,9.765894152224064,0.5949102342128754,2.2999439388513565,0.5155932335692032,0.5045933312494908,0.5155932335692032,0.5155118663731276,0.5155932335692032,0.5131632372364091
sugar_box1_clean,576,0.5047747326269527,0.5424557677184263,0.37385235036221576,0.37431888950419634,0.018198403357856743,0.01822111357348001,0.0,0.0,0.03768103509147358,0.000466539141980582,MODE_1_ACCEPT,simple,four_mode_relocalization_v2,0.0,0,0,0,False,0,0,0.5047747326269527,0,0,precomputed,0,0.0,1.936669461429119,0,577,cache_read_only_not_online_fps,157ff887794c6cb410230016d2d4aa63b09139d0c130484af891fca7557bb682,cached_perception_v2,0,0,0,,,0,0.0,0,10.195132344961166,0.6048092618584633,2.5414787232875824,0.5047747326269527,0.5055066289800282,0.5047747326269527,0.5047464263590135,0.5047747326269527,0.5047747326269527
sugar_box1_clean,577,0.4901665417170323,0.5229879882644564,0.3571686442494266,0.3803275542652483,0.017386273079552192,0.018513603656417348,0.0,0.0,0.03282144654742408,0.023158910015821654,MODE_1_ACCEPT,simple,four_mode_relocalization_v2,0.0,0,0,0,False,0,0,0.4901665417170323,0,0,precomputed,0,0.0,2.0282650366425514,0,578,cache_read_only_not_online_fps,157ff887794c6cb410230016d2d4aa63b09139d0c130484af891fca7557bb682,cached_perception_v2,0,0,0,,,0,0.0,0,10.119123384356499,0.5905888974666595,2.618853934109211,0.4901665417170323,0.503756795363443,0.4901665417170323,0.49013587716813756,0.4901665417170323,0.4901665417170323
sugar_box1_clean,578,0.5100821749896949,0.46447184813090747,0.37363745508901386,0.3544232608295576,0.018187942675029323,0.01725263316850618,0.0,0.0,-0.04561032685878741,-0.019214194259456252,MODE_1_ACCEPT,simple,four_mode_relocalization_v2,0.0,0,0,0,False,0,0,0.46447184813090747,0,0,precomputed,0,0.0,1.8421588465571404,0,579,cache_read_only_not_online_fps,157ff887794c6cb410230016d2d4aa63b09139d0c130484af891fca7557bb682,cached_perception_v2,0,0,0,,,0,0.0,0,9.819580242037773,0.6102519109845161,2.4524107575416565,0.5100821749896949,0.4997555814423813,0.5100821749896949,0.5100271514688676,0.5100821749896949,0.46447184813090747
sugar_box1_clean,579,0.49138524507886555,0.5464294792606305,0.3698421104187096,0.3796927149199411,0.018003192697864892,0.01848270091510211,0.0,0.0,0.055044234181764906,0.009850604501231486,MODE_1_ACCEPT,simple,four_mode_relocalization_v2,0.0,0,0,0,False,0,0,0.49138524507886555,0,0,precomputed,0,0.0,2.160875126719475,0,580,cache_read_only_not_online_fps,157ff887794c6cb410230016d2d4aa63b09139d0c130484af891fca7557bb682,cached_perception_v2,0,0,0,,,0,0.0,0,9.948170743882656,0.6025005131959915,2.7633756399154663,0.49138524507886555,0.499980909110224,0.49138524507886555,0.4913652271870395,0.49138524507886555,0.45423753397231875
sugar_box1_clean,580,0.4967238410600841,0.47215218505363143,0.3630748921942351,0.3706013718272662,0.017673777711600107,0.01804015206258088,0.0,0.0,-0.02457165600645267,0.007526479633031102,MODE_1_ACCEPT,simple,four_mode_relocalization_v2,0.0,0,0,0,False,0,0,0.47215218505363143,0,0,precomputed,0,0.0,1.9151177257299423,0,581,cache_read_only_not_online_fps,157ff887794c6cb410230016d2d4aa63b09139d0c130484af891fca7557bb682,cached_perception_v2,0,0,0,,,0,0.0,0,9.887087158858776,0.5987593904137611,2.5138771161437035,0.4967238410600841,0.49419373917384535,0.4967238410600841,0.49669808034376145,0.4967238410600841,0.4382740786200874
sugar_box1_clean,581,0.4657633599395805,0.4933814506641122,0.3581372355258798,0.36923604539131094,0.01743342221401856,0.017973690634232,0.0,0.0,0.027618090724531696,0.011098809865431158,MODE_1_ACCEPT,simple,four_mode_relocalization_v2,0.0,0,0,0,False,0,0,0.4657633599395805,0,0,precomputed,0,0.0,1.8636016175150871,0,582,cache_read_only_not_online_fps,157ff887794c6cb410230016d2d4aa63b09139d0c130484af891fca7557bb682,cached_perception_v2,0,0,0,,,0,0.0,0,9.933831170201302,0.6092768162488937,2.472878433763981,0.4657633599395805,0.47171574049999837,0.4657633599395805,0.46572223749915576,0.4657633599395805,0.42108155116847645
sugar_box1_clean,582,0.5022410799318888,0.4589087463989173,0.3737615556974052,0.3584107225594521,0.01819398365063446,0.01744673502947972,0.0,0.0,-0.0433323335329715,-0.015350833137953102,MODE_1_ACCEPT,simple,four_mode_relocalization_v2,0.0,0,0,0,False,0,0,0.4589087463989173,0,0,precomputed,0,0.0,1.9398294389247894,0,583,cache_read_only_not_online_fps,157ff887794c6cb410230016d2d4aa63b09139d0c130484af891fca7557bb682,cached_perception_v2,0,0,0,,,0,0.0,0,9.884160943329334,0.5938559770584106,2.5336854159832,0.5022410799318888,0.48386629290361427,0.5022410799318888,0.5021839154363108,0.5022410799318888,0.4222692683846387
sugar_box1_clean,583,0.48922622298261337,0.5527466661168785,0.3697567577645986,0.3816198651381888,0.017999037897110874,0.01857651082954794,0.0,0.0,0.06352044313426514,0.011863107373590198,MODE_1_ACCEPT,simple,four_mode_relocalization_v2,0.0,0,0,0,False,0,0,0.48922622298261337,0,0,precomputed,0,0.0,2.1605445072054863,0,584,cache_read_only_not_online_fps,157ff887794c6cb410230016d2d4aa63b09139d0c130484af891fca7557bb682,cached_perception_v2,0,0,0,,,0,0.0,0,10.0804278627038,0.6061382591724396,2.766682766377926,0.48922622298261337,0.49796273280866077,0.48922622298261337,0.48916982135751086,0.48922622298261337,0.43371745485856256
sugar_box1_clean,584,0.4975780214305002,0.45694746997769475,0.3660058152151588,0.3604594155589173,0.01781644932860056,0.017546461409491943,0.0,0.0,-0.04063055145280542,-0.005546399656241485,MODE_1_ACCEPT,simple,four_mode_relocalization_v2,0.0,0,0,0,False,0,0,0.45694746997769475,0,0,precomputed,0,0.0,2.165832556784153,0,585,cache_read_only_not_online_fps,157ff887794c6cb410230016d2d4aa63b09139d0c130484af891fca7557bb682,cached_perception_v2,0,0,0,,,0,0.0,0,9.790507145226002,0.5927244201302528,2.758556976914406,0.4975780214305002,0.4933986114160428,0.4975780214305002,0.4975219058339325,0.4975780214305002,0.4258914195655889
sugar_box1_clean,585,0.4797009153340518,0.526436985350477,0.36491783442262965,0.3709089700458129,0.017763488545315762,0.018055125344005614,0.0,0.0,0.04673607001642521,0.0059911356231832635,MODE_1_ACCEPT,simple,four_mode_relocalization_v2,0.0,0,0,0,False,0,0,0.4797009153340518,0,0,precomputed,0,0.0,1.8179919570684433,0,586,cache_read_only_not_online_fps,157ff887794c6cb410230016d2d4aa63b09139d0c130484af891fca7557bb682,cached_perception_v2,0,0,0,,,0,0.0,0,9.697221219539642,0.5987957119941711,2.4167876690626144,0.4797009153340518,0.4911846094955148,0.4797009153340518,0.47964751134474387,0.4797009153340518,0.4337227618220244
sugar_box1_clean,586,0.5319165367544647,0.4713618960654138,0.371857674900381,0.3711007525783608,0.01810130644623557,0.018064460943690665,0.0,0.0,-0.06055464068905092,-0.000756922322020237,MODE_1_ACCEPT,simple,four_mode_relocalization_v2,0.0,0,0,0,False,0,0,0.4713618960654138,0,0,precomputed,0,0.0,2.0255660638213158,0,587,cache_read_only_not_online_fps,157ff887794c6cb410230016d2d4aa63b09139d0c130484af891fca7557bb682,cached_perception_v2,0,0,0,,,0,0.0,0,9.975284337997437,0.6102649495005608,2.6358310133218765,0.5319165367544647,0.5055923718296942,0.5319165367544647,0.5318417694531723,0.5319165367544647,0.4340591028120256
sugar_box1_clean,587,0.4840310347931382,0.5984173071784394,0.36226671035706004,0.39363268684666225,0.017634436995819784,0.019161271563845877,0.0,0.0,0.11438627238530125,0.03136597648960221,MODE_1_ACCEPT,simple,four_mode_relocalization_v2,0.0,0,0,0,False,0,0,0.4840310347931382,0,0,precomputed,0,0.0,2.135257236659527,0,588,cache_read_only_not_online_fps,157ff887794c6cb410230016d2d4aa63b09139d0c130484af891fca7557bb682,cached_perception_v2,0,0,0,,,0,0.0,0,10.189419612288475,0.588378868997097,2.723636105656624,0.4840310347931382,0.5042804071704062,0.4840310347931382,0.4839623591186069,0.4840310347931382,0.4417011680321467
sugar_box1_clean,588,0.48752293269578384,0.44209935172733733,0.36414551455722877,0.3643975917449532,0.017725893520386178,0.017738164146303276,0.0,0.0,-0.04542358096844651,0.0002520771877244088,MODE_1_ACCEPT,simple,four_mode_relocalization_v2,0.0,0,0,0,False,0,0,0.44209935172733733,0,0,precomputed,0,0.0,2.1384935826063156,0,589,cache_read_only_not_online_fps,157ff887794c6cb410230016d2d4aa63b09139d0c130484af891fca7557bb682,cached_perception_v2,0,0,0,,,0,0.0,0,10.206255130469799,0.6063561886548996,2.744849771261215,0.48752293269578384,0.4978475125092112,0.48752293269578384,0.4874757525378838,0.48752293269578384,0.4553958148292313
sugar_box1_clean,589,0.5007574024981531,0.47166678468277545,0.37027886724744496,0.3574607934655365,0.01802445316855853,0.017400494333665743,0.0,0.0,-0.029090617815377695,-0.012818073781908468,MODE_1_ACCEPT,simple,four_mode_relocalization_v2,0.0,0,0,0,False,0,0,0.47166678468277545,0,0,precomputed,0,0.0,1.8028849735856056,0,590,cache_read_only_not_online_fps,157ff887794c6cb410230016d2d4aa63b09139d0c130484af891fca7557bb682,cached_perception_v2,0,0,0,,,0,0.0,0,9.857654571533203,0.6120111793279648,2.4148961529135704,0.5007574024981531,0.48544694241175296,0.5007574024981531,0.5007045169516532,0.5007574024981531,0.4468775154410656
sugar_box1_clean,590,0.551954567848528,0.5278094000668434,0.3944547800894965,0.38971013929311543,0.019201289459724748,0.018970329598386366,0.0,0.0,-0.02414516778168463,-0.004744640796381094,MODE_1_ACCEPT,simple,four_mode_relocalization_v2,0.0,0,0,0,False,0,0,0.5278094000668434,0,0,precomputed,0,0.0,1.9362829625606537,0,591,cache_read_only_not_online_fps,157ff887794c6cb410230016d2d4aa63b09139d0c130484af891fca7557bb682,cached_perception_v2,0,0,0,,,0,0.0,0,10.494447313249111,0.6056884303689003,2.541971392929554,0.551954567848528,0.5192232661203886,0.551954567848528,0.5518852054001437,0.551954567848528,0.45261292463224645
sugar_box1_clean,591,0.5224277891539573,0.6004739160723148,0.39477148422825425,0.4272501828133364,0.019216705999587694,0.020797705709277664,0.0,0.0019588638589618022,0.07804612691835755,0.03247869858508212,MODE_1_ACCEPT,simple,four_mode_relocalization_v2,0.0,0,0,0,False,0,0,0.5224277891539573,0,0,precomputed,0,0.0,2.1033836528658867,0,592,cache_read_only_not_online_fps,157ff887794c6cb410230016d2d4aa63b09139d0c130484af891fca7557bb682,cached_perception_v2,0,0,0,,,0,0.0,0,10.293745435774326,1.382065936923027,3.4854495897889137,0.5224277891539573,0.5345738991766171,0.5224277891539573,0.5223949015975665,0.5224277891539573,0.45114288158812216
sugar_box1_clean,592,0.5711635619646078,0.5102888087863416,0.4174019662682403,0.39651635836085664,0.02031831373308831,0.01930164306964496,0.0019588638589618022,0.0,-0.06087475317826618,-0.02088560790738364,MODE_1_ACCEPT,simple,four_mode_relocalization_v2,0.0,0,0,0,False,0,0,0.5102888087863416,0,0,precomputed,0,0.0,3.2252660021185875,0,593,cache_read_only_not_online_fps,157ff887794c6cb410230016d2d4aa63b09139d0c130484af891fca7557bb682,cached_perception_v2,0,0,0,,,0,0.0,0,15.178924426436424,0.6122542545199394,3.837520256638527,0.5711635619646078,0.5663899831725991,0.5711635619646078,0.5711003913202886,0.5711635619646078,0.46675925612646163
sugar_box1_clean,593,0.5409011731844804,0.622494968797889,0.40662291045885535,0.43447630524363456,0.01979361031676371,0.021149459257362654,0.0019588638589618022,0.0019588638589618022,0.08159379561340863,0.027853394784779217,MODE_1_ACCEPT,simple,four_mode_relocalization_v2,0.0,0,0,0,False,0,0,0.5409011731844804,0,0,precomputed,0,0.0,3.85474506765604,0,594,cache_read_only_not_online_fps,157ff887794c6cb410230016d2d4aa63b09139d0c130484af891fca7557bb682,cached_perception_v2,0,0,0,,,0,0.0,0,18.651206977665424,0.6445962935686111,4.499341361224651,0.5409011731844804,0.5698124764668667,0.5409011731844804,0.54088304292549,0.5409011731844804,0.4802512347347067
sugar_box1_clean,594,0.38702791006412396,0.36667062633102876,0.40761889294097053,0.3909345996825572,0.019842092801705506,0.019029933942296975,0.0019588638589618022,0.0,-0.0203572837330952,-0.016684293258413307,MODE_1_ACCEPT,simple,four_mode_relocalization_v2,0.0,0,0,0,False,0,0,0.36667062633102876,0,0,precomputed,0,0.0,3.970254212617874,0,595,cache_read_only_not_online_fps,157ff887794c6cb410230016d2d4aa63b09139d0c130484af891fca7557bb682,cached_perception_v2,0,0,0,,,0,0.0,0,15.760211274027824,0.613783486187458,4.584037698805332,0.38702791006412396,0.3951143786501825,0.38702791006412396,0.38703145715566306,0.38702791006412396,0.38702791006412396
sugar_box1_clean,595,0.35938602698509925,0.40091247635839655,0.40543124113700324,0.432240392519647,0.019735602178076773,0.02104061938626203,0.0,0.0019588638589618022,0.0415264493732973,0.02680915138264378,MODE_1_ACCEPT,simple,four_mode_relocalization_v2,0.0,0,0,0,False,0,0,0.35938602698509925,0,0,precomputed,0,0.0,2.216254360973835,0,596,cache_read_only_not_online_fps,157ff887794c6cb410230016d2d4aa63b09139d0c130484af891fca7557bb682,cached_perception_v2,0,0,0,,,0,0.0,0,10.422157123684883,0.5972478538751602,2.813502214848995,0.35938602698509925,0.3628112029658678,0.35938602698509925,0.35949761182475454,0.35938602698509925,0.35938602698509925
sugar_box1_clean,596,0.44383638644112594,0.4536898577561444,0.40703536802580853,0.37082907285504435,0.019813687946780324,0.018051236104568286,0.0019588638589618022,0.0,0.009853471315018458,-0.03620629517076418,MODE_1_ACCEPT,simple,four_mode_relocalization_v2,0.0,0,0,0,False,0,0,0.44383638644112594,0,0,precomputed,0,0.0,1.9012866541743279,0,597,cache_read_only_not_online_fps,157ff887794c6cb410230016d2d4aa63b09139d0c130484af891fca7557bb682,cached_perception_v2,0,0,0,,,0,0.0,0,9.830406866967678,0.6010700017213821,2.50235665589571,0.44383638644112594,0.43004040958974316,0.44383638644112594,0.44384208409491865,0.44383638644112594,0.44383638644112594
sugar_box1_clean,597,0.47529316848794023,0.5034099980744011,0.38935090619219825,0.4024695974311326,0.01895284283158217,0.019591435138042193,0.0,0.0,0.02811682958646089,0.013118691238934332,MODE_1_ACCEPT,simple,four_mode_relocalization_v2,0.0,0,0,0,False,0,0,0.47529316848794023,0,0,precomputed,0,0.0,1.8876027315855026,0,598,cache_read_only_not_online_fps,157ff887794c6cb410230016d2d4aa63b09139d0c130484af891fca7557bb682,cached_perception_v2,0,0,0,,,0,0.0,0,9.900322183966637,0.5996813997626305,2.487284131348133,0.47529316848794023,0.45491991099615403,0.47529316848794023,0.47523777884607327,0.47529316848794023,0.47529316848794023
sugar_box1_clean,598,0.735604133271413,0.5902583364033167,0.47307833037831687,0.38376990636036346,0.023028530562251986,0.01868117064340024,0.0019588638589618022,0.0,-0.14534579686809634,-0.08930842401795341,MODE_1_ACCEPT,simple,four_mode_relocalization_v2,0.0,0,0,0,False,0,0,0.5902583364033167,0,0,precomputed,0,0.0,4.914500750601292,0,599,cache_read_only_not_online_fps,157ff887794c6cb410230016d2d4aa63b09139d0c130484af891fca7557bb682,cached_perception_v2,0,0,0,,,0,0.0,0,26.432429440319538,0.6210319697856903,5.535532720386982,0.735604133271413,0.647037676163681,0.735604133271413,0.7356409342816648,0.735604133271413,0.5902583364033167
sugar_box1_clean,599,0.5394940785606475,0.598644514677647,0.500959063379852,0.535014407979001,0.024385710273929745,0.026043458036932064,0.017080745341614908,0.017080745341614908,0.05915043611699955,0.03405534459914905,MODE_1_ACCEPT,simple,four_mode_relocalization_v2,0.0,0,0,0,False,0,0,0.5394940785606475,0,0,precomputed,0,0.0,1.8982002511620522,0,600,cache_read_only_not_online_fps,157ff887794c6cb410230016d2d4aa63b09139d0c130484af891fca7557bb682,cached_perception_v2,0,0,0,,,0,0.0,0,9.766544215381145,0.6007496267557144,2.4989498779177666,0.5394940785606475,0.47475579051121913,0.5394940785606475,0.5392027589282969,0.5394940785606475,0.4051762905757157
sugar_box1_clean,600,0.5961517900686226,0.5194299369993094,0.5808139251242508,0.5513666506602113,0.028272889216906714,0.02683945332178156,0.04219409282700422,0.0375,-0.07672185306931323,-0.029447274464039497,MODE_1_ACCEPT,simple,four_mode_relocalization_v2,0.0,0,0,0,False,0,0,0.5194299369993094,0,0,precomputed,0,0.0,1.8560299649834633,0,601,cache_read_only_not_online_fps,157ff887794c6cb410230016d2d4aa63b09139d0c130484af891fca7557bb682,cached_perception_v2,0,0,0,,,0,0.0,0,9.954514913260937,0.6020395085215569,2.45806947350502,0.5961517900686226,0.5460649114245779,0.5961517900686226,0.5960912962421233,0.5961517900686226,0.3815079275477742
sugar_box1_clean,601,0.6458090173738534,0.8156687818170676,0.6017352164195707,0.6708254569424562,0.029291296878087833,0.03265447505232858,0.04219409282700422,0.0891009055627426,0.16985976444321416,0.06909024052288548,MODE_1_ACCEPT,simple,four_mode_relocalization_v2,0.0,0,0,0,False,0,0,0.6458090173738534,0,0,precomputed,0,0.0,2.246752381324768,0,602,cache_read_only_not_online_fps,157ff887794c6cb410230016d2d4aa63b09139d0c130484af891fca7557bb682,cached_perception_v2,0,0,0,,,0,0.0,0,10.165308602154255,0.6206873804330826,2.8674397617578506,0.6458090173738534,0.7277905437078084,0.6458090173738534,0.6457382714180041,0.6458090173738534,0.31160921301966
sugar_box1_clean,602,0.6292355652034646,0.7376198129605169,0.5882162142438248,0.6242371142749799,0.028633218215879074,0.030386645384238124,0.04219409282700422,0.04219409282700422,0.10838424775705235,0.0360209000311551,MODE_1_ACCEPT,simple,four_mode_relocalization_v2,0.0,0,0,0,False,0,0,0.6292355652034646,0,0,precomputed,0,0.0,2.165769226849079,0,603,cache_read_only_not_online_fps,157ff887794c6cb410230016d2d4aa63b09139d0c130484af891fca7557bb682,cached_perception_v2,0,0,0,,,0,0.0,0,10.348393581807613,0.6550159305334091,2.8207851573824883,0.6292355652034646,0.7732934332594666,0.6292355652034646,0.6291719923515832,0.6292355652034646,0.3441479051611408
sugar_box1_clean,603,0.6413508830794123,0.6059382122590309,0.5902244279011416,0.5804136715210056,0.028730974140455178,0.028253405652044185,0.04219409282700422,0.04219409282700422,-0.035412670820381464,-0.009810756380135954,MODE_1_ACCEPT,simple,four_mode_relocalization_v2,0.0,0,0,0,False,0,0,0.6059382122590309,0,0,precomputed,0,0.0,2.0201625302433968,0,604,cache_read_only_not_online_fps,157ff887794c6cb410230016d2d4aa63b09139d0c130484af891fca7557bb682,cached_perception_v2,0,0,0,,,0,0.0,0,10.337887331843376,0.6282404065132141,2.648402936756611,0.6413508830794123,0.7220925959239175,0.6413508830794123,0.6412761811977895,0.6413508830794123,0.38830447547229996
sugar_box1_clean,604,0.6088315144474192,0.6669032718299381,0.5845054169136121,0.5825014881637173,0.028452583838352655,0.028355036494713756,0.04219409282700422,0.04219409282700422,0.05807175738251891,-0.0020039287498948566,MODE_1_ACCEPT,simple,four_mode_relocalization_v2,0.0,0,0,0,False,0,0,0.6088315144474192,0,0,precomputed,0,0.0,1.971372403204441,0,605,cache_read_only_not_online_fps,157ff887794c6cb410230016d2d4aa63b09139d0c130484af891fca7557bb682,cached_perception_v2,0,0,0,,,0,0.0,0,9.905156679451466,0.6229234859347343,2.5942958891391754,0.6088315144474192,0.6419012343804887,0.6088315144474192,0.6104868743084363,0.6088315144474192,0.46918839941397333
sugar_box1_clean,605,0.4566756223161334,0.4805159056030159,0.5145187494387785,0.5689912626529251,0.02504576934823319,0.027697385063439377,0.017080745341614908,0.04219409282700422,0.02384028328688248,0.05447251321414659,MODE_1_ACCEPT,simple,four_mode_relocalization_v2,0.0,0,0,0,False,0,0,0.4566756223161334,0,0,precomputed,0,0.0,2.181766554713249,0,606,cache_read_only_not_online_fps,157ff887794c6cb410230016d2d4aa63b09139d0c130484af891fca7557bb682,cached_perception_v2,0,0,0,,,0,0.0,0,9.923124685883522,0.6186682730913162,2.8004348278045654,0.4566756223161334,0.4576212071167167,0.4566756223161334,0.45667757399778885,0.4566756223161334,0.4566756223161334
sugar_box1_clean,606,0.7728816656234525,0.7254598947808418,0.5427399641126686,0.486512469022243,0.02641952304374031,0.023682478233226018,0.02702702702702703,0.0019588638589618022,-0.04742177084261068,-0.05622749509042557,MODE_1_ACCEPT,simple,four_mode_relocalization_v2,0.0,0,0,0,False,0,0,0.7254598947808418,0,0,precomputed,0,0.0,2.585234120488167,0,607,cache_read_only_not_online_fps,157ff887794c6cb410230016d2d4aa63b09139d0c130484af891fca7557bb682,cached_perception_v2,0,0,0,,,0,0.0,0,16.407777555286884,0.6384523585438728,3.2236864790320396,0.7728816656234525,0.726047088111303,0.7728816656234525,0.7728564843072504,0.7728816656234525,0.7728816656234525
sugar_box1_clean,607,0.747035463088374,0.6905537656888455,0.5730955038474874,0.5649603396843015,0.027897171521018716,0.027501167594119236,0.04219409282700422,0.04219409282700422,-0.05648169739952846,-0.008135164163185937,MODE_1_ACCEPT,simple,four_mode_relocalization_v2,0.0,0,0,0,False,0,0,0.6905537656888455,0,0,precomputed,0,0.0,1.9296929240226746,0,608,cache_read_only_not_online_fps,157ff887794c6cb410230016d2d4aa63b09139d0c130484af891fca7557bb682,cached_perception_v2,0,0,0,,,0,0.0,0,11.752579361200333,0.6260853260755539,2.5557782500982285,0.747035463088374,0.6790446192978863,0.747035463088374,0.7469961997454788,0.747035463088374,0.6905537656888455
sugar_box1_clean,608,0.4905631519446765,0.6017728388871076,0.5290751458842892,0.6016997002505676,0.02575434634044848,0.029289568020241637,0.017080745341614908,0.04219409282700422,0.11120968694243116,0.07262455436627846,MODE_1_ACCEPT,simple,four_mode_relocalization_v2,0.0,0,0,0,False,0,0,0.4905631519446765,0,0,precomputed,0,0.0,2.247573807835579,0,609,cache_read_only_not_online_fps,157ff887794c6cb410230016d2d4aa63b09139d0c130484af891fca7557bb682,cached_perception_v2,0,0,0,,,0,0.0,0,10.026806965470314,0.6095981225371361,2.857171930372715,0.4905631519446765,0.49271913825281144,0.4905631519446765,0.4905354880955999,0.4905631519446765,0.4905631519446765
sugar_box1_clean,609,0.5239721897555509,0.44259234703221745,0.5485497485988882,0.49342071445666646,0.026702332022739653,0.02401875814905082,0.0375,0.017080745341614908,-0.08137984272333348,-0.0551290341422217,MODE_1_ACCEPT,simple,four_mode_relocalization_v2,0.0,0,0,0,False,0,0,0.44259234703221745,0,0,precomputed,0,0.0,1.8943101167678833,0,610,cache_read_only_not_online_fps,157ff887794c6cb410230016d2d4aa63b09139d0c130484af891fca7557bb682,cached_perception_v2,0,0,0,,,0,0.0,0,9.9271759390831,0.6071198731660843,2.5014299899339676,0.5239721897555509,0.5182790409721485,0.5239721897555509,0.5238888309714043,0.5239721897555509,0.4962850976448839
sugar_box1_clean,610,0.5811551856052456,0.6095882410561526,0.5252770827253997,0.5663783661469816,0.025569464032561107,0.027570194356997587,0.017080745341614908,0.04219409282700422,0.02843305545090702,0.041101283421581813,MODE_1_ACCEPT,simple,four_mode_relocalization_v2,0.0,0,0,0,False,0,0,0.5811551856052456,0,0,precomputed,0,0.0,1.8941974267363548,0,611,cache_read_only_not_online_fps,157ff887794c6cb410230016d2d4aa63b09139d0c130484af891fca7557bb682,cached_perception_v2,0,0,0,,,0,0.0,0,9.794918820261955,0.6079953163862228,2.5021927431225777,0.5811551856052456,0.6042153773505969,0.5811551856052456,0.5810871792304539,0.5811551856052456,0.5811551856052456
sugar_box1_clean,611,0.5157022557207733,0.5658486477673779,0.48950395114521333,0.5118741005572072,0.023828097749216452,0.02491703299806685,0.017080745341614908,0.017080745341614908,0.05014639204660454,0.022370149411993834,MODE_1_ACCEPT,simple,four_mode_relocalization_v2,0.0,0,0,0,False,0,0,0.5157022557207733,0,0,precomputed,0,0.0,1.479482278227806,0,612,cache_read_only_not_online_fps,157ff887794c6cb410230016d2d4aa63b09139d0c130484af891fca7557bb682,cached_perception_v2,0,0,0,,,0,0.0,0,9.967554360628128,0.619746744632721,2.099229022860527,0.5157022557207733,0.5566955044795396,0.5157022557207733,0.5156600380172305,0.5157022557207733,0.5157022557207733
sugar_box1_clean,612,0.5715336721347305,0.44930160146984266,0.5069952357476408,0.4743481352076979,0.024679539373519837,0.023090342185071642,0.017080745341614908,0.0019588638589618022,-0.12223207066488784,-0.03264710053994291,MODE_1_ACCEPT,simple,four_mode_relocalization_v2,0.0,0,0,0,False,0,0,0.44930160146984266,0,0,precomputed,0,0.0,1.933237537741661,0,613,cache_read_only_not_online_fps,157ff887794c6cb410230016d2d4aa63b09139d0c130484af891fca7557bb682,cached_perception_v2,0,0,0,,,0,0.0,0,10.45371312648058,0.6076470017433167,2.5408845394849777,0.5715336721347305,0.5346126029638756,0.5715336721347305,0.5714476435461846,0.5715336721347305,0.44930160146984266
sugar_box1_clean,613,0.5732281263418921,0.6296049347442595,0.5074111553586266,0.5070513386785099,0.024699785529088553,0.024682270354786973,0.017080745341614908,0.017080745341614908,0.05637680840236736,-0.0003598166801166425,MODE_1_ACCEPT,simple,four_mode_relocalization_v2,0.0,0,0,0,False,0,0,0.5732281263418921,0,0,precomputed,0,0.0,2.04421766102314,0,614,cache_read_only_not_online_fps,157ff887794c6cb410230016d2d4aa63b09139d0c130484af891fca7557bb682,cached_perception_v2,0,0,0,,,0,0.0,0,10.661225765943527,0.6066858768463135,2.6509035378694534,0.5732281263418921,0.5410664063554506,0.5732281263418921,0.5731482421497517,0.5732281263418921,0.3978614523507348
sugar_box1_clean,614,0.6356339916878978,0.5814216952045084,0.5484039774307411,0.5426545989147994,0.02669523616654585,0.02641536763238061,0.0375,0.02702702702702703,-0.05421229648338943,-0.0057493785159417055,MODE_1_ACCEPT,simple,four_mode_relocalization_v2,0.0,0,0,0,False,0,0,0.5814216952045084,0,0,precomputed,0,0.0,1.8628137186169624,0,615,cache_read_only_not_online_fps,157ff887794c6cb410230016d2d4aa63b09139d0c130484af891fca7557bb682,cached_perception_v2,0,0,0,,,0,0.0,0,9.716823697090149,0.6593866273760796,2.522200345993042,0.6356339916878978,0.5891496312128448,0.6356339916878978,0.6355797710816715,0.6356339916878978,0.38735727252619295
sugar_box1_clean,615,0.6077606868719584,0.723612072490382,0.5093583381916947,0.5838344302581921,0.024794570592157797,0.028419921516472796,0.017080745341614908,0.04219409282700422,0.11585138561842356,0.07447609206649741,MODE_1_ACCEPT,simple,four_mode_relocalization_v2,0.0,0,0,0,False,0,0,0.6077606868719584,0,0,precomputed,0,0.0,2.25006602704525,0,616,cache_read_only_not_online_fps,157ff887794c6cb410230016d2d4aa63b09139d0c130484af891fca7557bb682,cached_perception_v2,0,0,0,,,0,0.0,0,10.056531988084316,0.608392059803009,2.858458086848259,0.6077606868719584,0.6327386811683982,0.6077606868719584,0.6077210538535183,0.6077606868719584,0.41408784570794044
sugar_box1_clean,616,0.6178270956904808,0.5601822661059729,0.5374370709633935,0.46739611549643384,0.02616138854652337,0.022751931422815428,0.017080745341614908,0.0019588638589618022,-0.057644829584507895,-0.07004095546695971,MODE_1_ACCEPT,simple,four_mode_relocalization_v2,0.0,0,0,0,False,0,0,0.5601822661059729,0,0,precomputed,0,0.0,1.8420815467834473,0,617,cache_read_only_not_online_fps,157ff887794c6cb410230016d2d4aa63b09139d0c130484af891fca7557bb682,cached_perception_v2,0,0,0,,,0,0.0,0,9.802566841244698,0.6093280389904976,2.451409585773945,0.6178270956904808,0.6323688175077611,0.6178270956904808,0.6177600464895733,0.6178270956904808,0.44620995072575803
sugar_box1_clean,617,0.6389313828654186,0.6498064178958294,0.5425213621217861,0.564479353691758,0.026408881925124757,0.027477754133983685,0.02702702702702703,0.04219409282700422,0.010875035030410762,0.021957991569971802,MODE_1_ACCEPT,simple,four_mode_relocalization_v2,0.0,0,0,0,False,0,0,0.6389313828654186,0,0,precomputed,0,0.0,1.9601183012127876,0,618,cache_read_only_not_online_fps,157ff887794c6cb410230016d2d4aa63b09139d0c130484af891fca7557bb682,cached_perception_v2,0,0,0,,,0,0.0,0,10.184901766479015,0.6030360236763954,2.563154324889183,0.6389313828654186,0.6440159475181637,0.6389313828654186,0.6388700505496157,0.6389313828654186,0.4987064234818601
sugar_box1_clean,618,0.6006579977448014,0.6510404894854779,0.5224774932797553,0.540290314315044,0.025433185477888726,0.026300278868708452,0.017080745341614908,0.02702702702702703,0.05038249174067644,0.017812821035288695,MODE_1_ACCEPT,simple,four_mode_relocalization_v2,0.0,0,0,0,False,0,0,0.6006579977448014,0,0,precomputed,0,0.0,1.8061455339193344,0,619,cache_read_only_not_online_fps,157ff887794c6cb410230016d2d4aa63b09139d0c130484af891fca7557bb682,cached_perception_v2,0,0,0,,,0,0.0,0,9.990883991122246,0.6050132215023041,2.4111587554216385,0.6006579977448014,0.6219202302804793,0.6006579977448014,0.6006085460611043,0.6006579977448014,0.5676598674527958
sugar_box1_clean,619,0.6077454481834871,0.5835590464000034,0.5371708367586298,0.5226843671157583,0.02614842878462471,0.025443255692796082,0.017080745341614908,0.017080745341614908,-0.024186401783483635,-0.01448646964287148,MODE_1_ACCEPT,simple,four_mode_relocalization_v2,0.0,0,0,0,False,0,0,0.5835590464000034,0,0,precomputed,0,0.0,1.4927946031093597,0,620,cache_read_only_not_online_fps,157ff887794c6cb410230016d2d4aa63b09139d0c130484af891fca7557bb682,cached_perception_v2,0,0,0,,,0,0.0,0,9.679359383881092,0.6056716665625572,2.098466269671917,0.6077454481834871,0.6133047589429607,0.6077454481834871,0.6076953728135646,0.6077454481834871,0.6077454481834871
sugar_box1_clean,620,0.6452301502676987,0.6039304702994956,0.552931828787589,0.5428440213503,0.026915643140733657,0.026424588347143875,0.0375,0.02702702702702703,-0.04129967996820305,-0.010087807437288987,MODE_1_ACCEPT,simple,four_mode_relocalization_v2,0.0,0,0,0,False,0,0,0.6039304702994956,0,0,precomputed,0,0.0,1.9198963418602943,0,621,cache_read_only_not_online_fps,157ff887794c6cb410230016d2d4aa63b09139d0c130484af891fca7557bb682,cached_perception_v2,0,0,0,,,0,0.0,0,9.645404294133186,0.6013195961713791,2.5212159380316734,0.6452301502676987,0.618902648661489,0.6452301502676987,0.6451750449443739,0.6452301502676987,0.6452301502676987
sugar_box1_clean,621,0.6457717154724308,0.6817855167589345,0.5628494712643709,0.5639942623128353,0.027398414635888425,0.027454140831645213,0.04219409282700422,0.04219409282700422,0.036013801286503666,0.001144791048464433,MODE_1_ACCEPT,simple,four_mode_relocalization_v2,0.0,0,0,0,False,0,0,0.6457717154724308,0,0,precomputed,0,0.0,1.7185080796480179,0,622,cache_read_only_not_online_fps,157ff887794c6cb410230016d2d4aa63b09139d0c130484af891fca7557bb682,cached_perception_v2,0,0,0,,,0,0.0,0,9.89375077188015,0.6047915667295456,2.3232996463775635,0.6457717154724308,0.6343003191412433,0.6457717154724308,0.6457190793070222,0.6457717154724308,0.6457717154724308
sugar_box1_clean,622,0.5925417149780621,0.65112247851434,0.5060951155232335,0.5796990282378679,0.024635723276340143,0.028218618210662787,0.017080745341614908,0.04219409282700422,0.05858076353627795,0.0736039127146344,MODE_1_ACCEPT,simple,four_mode_relocalization_v2,0.0,0,0,0,False,0,0,0.5925417149780621,0,0,precomputed,0,0.0,1.788778230547905,0,623,cache_read_only_not_online_fps,157ff887794c6cb410230016d2d4aa63b09139d0c130484af891fca7557bb682,cached_perception_v2,0,0,0,,,0,0.0,0,9.687470272183418,0.6006034091114998,2.3893816396594048,0.5925417149780621,0.613879294591093,0.5925417149780621,0.5925264378578533,0.5925417149780621,0.5925417149780621
sugar_box1_clean,623,0.5930814916471174,0.5811570888502449,0.5114432111269035,0.4618454605177773,0.024896058140886718,0.022481736362910044,0.017080745341614908,0.0019588638589618022,-0.011924402796872569,-0.04959775060912619,MODE_1_ACCEPT,simple,four_mode_relocalization_v2,0.0,0,0,0,False,0,0,0.5811570888502449,0,0,precomputed,0,0.0,1.883368007838726,0,624,cache_read_only_not_online_fps,157ff887794c6cb410230016d2d4aa63b09139d0c130484af891fca7557bb682,cached_perception_v2,0,0,0,,,0,0.0,0,9.647656232118607,0.6070779636502266,2.4904459714889526,0.5930814916471174,0.6063693305382498,0.5930814916471174,0.5930397359416038,0.5930814916471174,0.5811570888502449
sugar_box1_clean,624,0.5859589990818576,0.5754987415877841,0.5101520672419071,0.5245090318308734,0.024833207774453477,0.025532076812808682,0.017080745341614908,0.017080745341614908,-0.010460257494073422,0.014356964588966292,MODE_1_ACCEPT,simple,four_mode_relocalization_v2,0.0,0,0,0,False,0,0,0.5754987415877841,0,0,precomputed,0,0.0,1.8762992694973946,0,625,cache_read_only_not_online_fps,157ff887794c6cb410230016d2d4aa63b09139d0c130484af891fca7557bb682,cached_perception_v2,0,0,0,,,0,0.0,0,9.725057519972324,0.6056465208530426,2.481945790350437,0.5859589990818576,0.582332747248056,0.5859589990818576,0.5858857355524129,0.5859589990818576,0.579840467131731
sugar_box1_clean,625,0.6452859015887846,0.5928018242035302,0.5510812376732548,0.5197569469092645,0.026825559974166725,0.025300754585971162,0.0375,0.017080745341614908,-0.0524840773852544,-0.03132429076399024,MODE_1_ACCEPT,simple,four_mode_relocalization_v2,0.0,0,0,0,False,0,0,0.5928018242035302,0,0,precomputed,0,0.0,2.23527941852808,0,626,cache_read_only_not_online_fps,157ff887794c6cb410230016d2d4aa63b09139d0c130484af891fca7557bb682,cached_perception_v2,0,0,0,,,0,0.0,0,9.719455614686012,0.6124367937445641,2.847716212272644,0.6452859015887846,0.6038485080087094,0.6452859015887846,0.6451929890219787,0.6452859015887846,0.6133142097894226
sugar_box1_clean,626,0.6010583457815747,0.7220118485491065,0.530374071457098,0.5933034004406004,0.02581757550426919,0.028880852519303262,0.017080745341614908,0.04219409282700422,0.1209535027675318,0.06292932898350234,MODE_1_ACCEPT,simple,four_mode_relocalization_v2,0.0,0,0,0,False,0,0,0.6010583457815747,0,0,precomputed,0,0.0,1.763039268553257,0,627,cache_read_only_not_online_fps,157ff887794c6cb410230016d2d4aa63b09139d0c130484af891fca7557bb682,cached_perception_v2,0,0,0,,,0,0.0,0,10.161158628761768,0.6334204226732254,2.3964596912264824,0.6010583457815747,0.6106140478906927,0.6010583457815747,0.600977745963816,0.6010583457815747,0.6010583457815747
sugar_box1_clean,627,0.6431647055507788,0.5720086802083446,0.549010422387809,0.5128414772067608,0.026724756724414125,0.02496412300686442,0.0375,0.017080745341614908,-0.07115602534243415,-0.036168945181048184,MODE_1_ACCEPT,simple,four_mode_relocalization_v2,0.0,0,0,0,False,0,0,0.5720086802083446,0,0,precomputed,0,0.0,1.7784610390663147,0,628,cache_read_only_not_online_fps,157ff887794c6cb410230016d2d4aa63b09139d0c130484af891fca7557bb682,cached_perception_v2,0,0,0,,,0,0.0,0,10.14102715998888,0.6823437288403511,2.460804767906666,0.6431647055507788,0.6347171414684563,0.6431647055507788,0.6430960352502983,0.6431647055507788,0.6431647055507788
sugar_box1_clean,628,0.6258155794537844,0.6821879780064668,0.5343447645460642,0.5820475779020214,0.026010861100503234,0.028332941028354895,0.017080745341614908,0.04219409282700422,0.05637239855268239,0.047702813355957274,MODE_1_ACCEPT,simple,four_mode_relocalization_v2,0.0,0,0,0,False,0,0,0.6258155794537844,0,0,precomputed,0,0.0,2.05825362354517,0,629,cache_read_only_not_online_fps,157ff887794c6cb410230016d2d4aa63b09139d0c130484af891fca7557bb682,cached_perception_v2,0,0,0,,,0,0.0,0,9.990125894546509,0.6548352539539337,2.7130888774991035,0.6258155794537844,0.6387372268007753,0.6258155794537844,0.6257557378759657,0.6258155794537844,0.6258155794537844
sugar_box1_clean,629,0.5661326728685881,0.6087512927680031,0.5268309411819245,0.5174331251452267,0.025645102832010828,0.025187635474234263,0.017080745341614908,0.017080745341614908,0.042618619899414956,-0.00939781603669787,MODE_1_ACCEPT,simple,four_mode_relocalization_v2,0.0,0,0,0,False,0,0,0.5661326728685881,0,0,precomputed,0,0.0,2.004707232117653,0,630,cache_read_only_not_online_fps,157ff887794c6cb410230016d2d4aa63b09139d0c130484af891fca7557bb682,cached_perception_v2,0,0,0,,,0,0.0,0,10.191526263952255,0.6301244720816612,2.634831704199314,0.5661326728685881,0.6042249199408674,0.5661326728685881,0.5660615967693455,0.5661326728685881,0.5661326728685881
sugar_box1_clean,630,0.6671185297518665,0.5131019972706927,0.5739272503153118,0.5169159493385244,0.027937659317065138,0.025162460364520023,0.04219409282700422,0.017080745341614908,-0.15401653248117375,-0.057011300976787416,MODE_1_ACCEPT,simple,four_mode_relocalization_v2,0.0,0,0,0,False,0,0,0.5131019972706927,0,0,precomputed,0,0.0,3.482918255031109,0,631,cache_read_only_not_online_fps,157ff887794c6cb410230016d2d4aa63b09139d0c130484af891fca7557bb682,cached_perception_v2,0,0,0,,,0,0.0,0,17.73175597190857,0.6456365808844566,4.1285548359155655,0.6671185297518665,0.6205636469431017,0.6671185297518665,0.6670713249109554,0.6671185297518665,0.5131019972706927
sugar_box1_clean,631,0.5885162347573125,0.7670145884726077,0.5233361347483856,0.6347181043853297,0.025474982470125838,0.030896839543598238,0.017080745341614908,0.04219409282700422,0.1784983537152952,0.11138196963694413,MODE_1_ACCEPT,simple,four_mode_relocalization_v2,0.0,0,0,0,False,0,0,0.5885162347573125,0,0,precomputed,0,0.0,1.9232258200645447,0,632,cache_read_only_not_online_fps,157ff887794c6cb410230016d2d4aa63b09139d0c130484af891fca7557bb682,cached_perception_v2,0,0,0,,,0,0.0,0,10.055502876639366,0.6326455622911453,2.55587138235569,0.5885162347573125,0.6093385975815863,0.5885162347573125,0.5884483853877973,0.5885162347573125,0.47540772933816616
sugar_box1_clean,632,0.6116707999791094,0.5295288761301211,0.5327718264029377,0.4831028218333867,0.025934293539117467,0.023516503257301244,0.017080745341614908,0.0019588638589618022,-0.08214192384898833,-0.049669004569551034,MODE_1_ACCEPT,simple,four_mode_relocalization_v2,0.0,0,0,0,False,0,0,0.5295288761301211,0,0,precomputed,0,0.0,1.9294125959277153,0,633,cache_read_only_not_online_fps,157ff887794c6cb410230016d2d4aa63b09139d0c130484af891fca7557bb682,cached_perception_v2,0,0,0,,,0,0.0,0,10.185856372117996,0.6432170048356056,2.572629600763321,0.6116707999791094,0.6108609715647816,0.6116707999791094,0.6116047323833546,0.6116707999791094,0.4848503308647616
sugar_box1_clean,633,0.6115178682688011,0.62024494083964,0.5272437107256932,0.5467402530834065,0.025665195648450427,0.026614249309783417,0.017080745341614908,0.02702702702702703,0.008727072570838934,0.019496542357713254,MODE_1_ACCEPT,simple,four_mode_relocalization_v2,0.0,0,0,0,False,0,0,0.6115178682688011,0,0,precomputed,0,0.0,1.8393602222204208,0,634,cache_read_only_not_online_fps,157ff887794c6cb410230016d2d4aa63b09139d0c130484af891fca7557bb682,cached_perception_v2,0,0,0,,,0,0.0,0,9.823276661336422,0.6860960274934769,2.5254562497138977,0.6115178682688011,0.6038900419512634,0.6115178682688011,0.6114749464024031,0.6115178682688011,0.5024752967712068
sugar_box1_clean,634,0.5845249255811716,0.6520940110574748,0.5221289012828984,0.5297103589570142,0.025416216699278724,0.025785267274085606,0.017080745341614908,0.017080745341614908,0.06756908547630314,0.007581457674115888,MODE_1_ACCEPT,simple,four_mode_relocalization_v2,0.0,0,0,0,False,0,0,0.5845249255811716,0,0,precomputed,0,0.0,2.6814397424459457,0,635,cache_read_only_not_online_fps,157ff887794c6cb410230016d2d4aa63b09139d0c130484af891fca7557bb682,cached_perception_v2,0,0,0,,,0,0.0,0,18.168608658015728,0.6391890347003937,3.3206287771463394,0.5845249255811716,0.6031399518123808,0.5845249255811716,0.5844738362574335,0.5845249255811716,0.5482491732398923
sugar_box1_clean,635,0.6015665186677295,0.5436991353732672,0.5229928887303937,0.5153730189441385,0.02545827392334168,0.025087353521824167,0.017080745341614908,0.017080745341614908,-0.05786738329446228,-0.0076198697862552844,MODE_1_ACCEPT,simple,four_mode_relocalization_v2,0.0,0,0,0,False,0,0,0.5436991353732672,0,0,precomputed,0,0.0,2.0890608429908752,0,636,cache_read_only_not_online_fps,157ff887794c6cb410230016d2d4aa63b09139d0c130484af891fca7557bb682,cached_perception_v2,0,0,0,,,0,0.0,0,10.158930905163288,0.6331373006105423,2.7221981436014175,0.6015665186677295,0.5848634974685535,0.6015665186677295,0.6015058766540593,0.6015665186677295,0.5897087120393997
sugar_box1_clean,636,0.5545530875840197,0.641453561509159,0.5162216836251349,0.5444871218090952,0.02512866486349522,0.026504571273231314,0.017080745341614908,0.02702702702702703,0.08690047392513933,0.028265438183960323,MODE_1_ACCEPT,simple,four_mode_relocalization_v2,0.0,0,0,0,False,0,0,0.5545530875840197,0,0,precomputed,0,0.0,2.2317497059702873,0,637,cache_read_only_not_online_fps,157ff887794c6cb410230016d2d4aa63b09139d0c130484af891fca7557bb682,cached_perception_v2,0,0,0,,,0,0.0,0,10.199147276580334,0.6254883483052254,2.8572380542755127,0.5545530875840197,0.5707854284058311,0.5545530875840197,0.5545090245537072,0.5545530875840197,0.5545530875840197
sugar_box1_clean,637,0.6201906533690236,0.5069787307133198,0.5072336218723028,0.5128275884472686,0.024691143545186305,0.024963446929137118,0.017080745341614908,0.017080745341614908,-0.11321192265570379,0.005593966574965803,MODE_1_ACCEPT,simple,four_mode_relocalization_v2,0.0,0,0,0,False,0,0,0.5069787307133198,0,0,precomputed,0,0.0,2.087182365357876,0,638,cache_read_only_not_online_fps,157ff887794c6cb410230016d2d4aa63b09139d0c130484af891fca7557bb682,cached_perception_v2,0,0,0,,,0,0.0,0,10.202509351074696,0.6362153217196465,2.7233976870775223,0.6201906533690236,0.585079931852554,0.6201906533690236,0.6201707750689874,0.6201906533690236,0.6201906533690236
sugar_box1_clean,638,0.6786532105703831,0.701723005560273,0.5707926416110012,0.5364295196759801,0.027785072678209385,0.026112342914700236,0.04219409282700422,0.017080745341614908,0.023069794989889925,-0.03436312193502111,MODE_1_ACCEPT,simple,four_mode_relocalization_v2,0.0,0,0,0,False,0,0,0.6786532105703831,0,0,precomputed,0,0.0,1.7718244343996048,0,639,cache_read_only_not_online_fps,157ff887794c6cb410230016d2d4aa63b09139d0c130484af891fca7557bb682,cached_perception_v2,0,0,0,,,0,0.0,0,9.851768612861633,0.6466060876846313,2.418430522084236,0.6786532105703831,0.6394119708963513,0.6786532105703831,0.6785849254661971,0.6786532105703831,0.6786532105703831
sugar_box1_clean,639,0.6092078626733104,0.6357165504824402,0.5657584320999354,0.5899962848519739,0.027540017176534537,0.028719868581728526,0.04219409282700422,0.04219409282700422,0.02650868780912985,0.02423785275203849,MODE_1_ACCEPT,simple,four_mode_relocalization_v2,0.0,0,0,0,False,0,0,0.6092078626733104,0,0,precomputed,0,0.0,2.8201062232255936,0,640,cache_read_only_not_online_fps,157ff887794c6cb410230016d2d4aa63b09139d0c130484af891fca7557bb682,cached_perception_v2,0,0,0,,,0,0.0,0,19.643530249595642,0.7282709702849388,3.5483771935105324,0.6092078626733104,0.5931361597406456,0.6092078626733104,0.6091385114432782,0.6092078626733104,0.6092078626733104
sugar_box1_clean,640,0.611360187762051,0.541189683064413,0.5783451468511094,0.474372773589682,0.02815271390498956,0.02309154153345877,0.04219409282700422,0.0019588638589618022,-0.07017050469763808,-0.10397237326142739,MODE_1_ACCEPT,simple,four_mode_relocalization_v2,0.0,0,0,0,False,0,0,0.541189683064413,0,0,precomputed,0,0.0,2.3798542097210884,0,641,cache_read_only_not_online_fps,157ff887794c6cb410230016d2d4aa63b09139d0c130484af891fca7557bb682,cached_perception_v2,0,0,0,,,0,0.0,0,10.525539517402649,0.6293291226029396,3.009183332324028,0.611360187762051,0.5750810064815881,0.611360187762051,0.6112663879546305,0.611360187762051,0.541189683064413
sugar_box1_clean,641,0.8027226064904371,0.7883877934915937,0.6257945923156477,0.6939238987378809,0.030462460377985296,0.03377886215414523,0.04219409282700422,0.0891009055627426,-0.014334812998843427,0.06812930642223314,MODE_1_ACCEPT,simple,four_mode_relocalization_v2,0.0,0,0,0,False,0,0,0.7883877934915937,0,0,precomputed,0,0.0,1.97621900588274,0,642,cache_read_only_not_online_fps,157ff887794c6cb410230016d2d4aa63b09139d0c130484af891fca7557bb682,cached_perception_v2,0,0,0,,,0,0.0,0,9.866946376860142,0.6299968808889389,2.606215886771679,0.8027226064904371,0.7425675883507642,0.8027226064904371,0.8025674071797093,0.8027226064904371,0.5928836215013413
sugar_box1_clean,642,0.8749089532848078,0.9965975903110649,0.6735724615529203,0.6491767844380597,0.03278819387977124,0.031600659892371874,0.0891009055627426,0.04219409282700422,0.1216886370262571,-0.02439567711486057,MODE_1_ACCEPT,simple,four_mode_relocalization_v2,0.0,0,0,0,False,0,0,0.8749089532848078,0,0,precomputed,0,0.0,1.9066892564296722,0,643,cache_read_only_not_online_fps,157ff887794c6cb410230016d2d4aa63b09139d0c130484af891fca7557bb682,cached_perception_v2,0,0,0,,,0,0.0,0,15.479032881557941,0.6367107853293419,2.543400041759014,0.8749089532848078,0.8824467413914523,0.8749089532848078,0.8748421735908426,0.8749089532848078,0.6343267908015793
sugar_box1_clean,643,1.0159808590373314,0.9978238615241207,0.7138337407091864,0.7273126793245392,0.034748034434683134,0.0354041628809008,0.0891009055627426,0.0891009055627426,-0.01815699751321065,0.013478938615352876,MODE_1_ACCEPT,simple,four_mode_relocalization_v2,0.0,0,0,0,False,0,0,0.9978238615241207,0,0,precomputed,0,0.0,1.8592821434140205,0,644,cache_read_only_not_online_fps,157ff887794c6cb410230016d2d4aa63b09139d0c130484af891fca7557bb682,cached_perception_v2,0,0,0,,,0,0.0,0,15.612063929438591,0.6481437012553215,2.507425844669342,1.0159808590373314,1.0316707253922757,1.0159808590373314,1.0158862832498121,1.0159808590373314,0.7113983875673686
sugar_box1_clean,644,1.0055516019693866,1.1398252557135562,0.7134665254259833,0.7586252882249075,0.034730159110811495,0.036928399618756304,0.0891009055627426,0.0891009055627426,0.13427365374416955,0.04515876279892417,MODE_1_ACCEPT,simple,four_mode_relocalization_v2,0.0,0,0,0,False,0,1,1.0055516019693866,0,0,precomputed,0,0.0,1.9547585397958755,0,645,cache_read_only_not_online_fps,157ff887794c6cb410230016d2d4aa63b09139d0c130484af891fca7557bb682,cached_perception_v2,0,0,0,,,0,0.0,0,9.98309813439846,0.6273305043578148,2.5820890441536903,1.0055516019693866,1.0849634626390916,1.0055516019693866,1.0054714465890486,1.0055516019693866,0.7831713947017029
sugar_box1_clean,645,0.9745220295682703,1.0070598234741583,0.6982114407949997,0.7195424849834503,0.03398757134025474,0.03502592497320524,0.0891009055627426,0.0891009055627426,0.03253779390588807,0.021331044188450554,MODE_1_ACCEPT,simple,four_mode_relocalization_v2,0.0,0,0,0,False,0,0,0.9745220295682703,0,0,precomputed,0,0.0,2.197807654738426,0,646,cache_read_only_not_online_fps,157ff887794c6cb410230016d2d4aa63b09139d0c130484af891fca7557bb682,cached_perception_v2,0,0,0,,,0,0.0,0,9.717932902276516,0.6294120103120804,2.8272196650505066,0.9745220295682703,1.0573140110849755,0.9745220295682703,0.9744260258236447,0.9745220295682703,0.8699966365243342
sugar_box1_clean,646,1.118867073186944,0.9683800586173729,0.7354762460092535,0.69421021844701,0.035801549387159896,0.03379279963922721,0.0891009055627426,0.0891009055627426,-0.15048701456957103,-0.04126602756224351,MODE_1_ACCEPT,simple,four_mode_relocalization_v2,0.0,0,0,0,False,0,0,0.9683800586173729,0,0,precomputed,0,0.0,1.9440483301877975,0,647,cache_read_only_not_online_fps,157ff887794c6cb410230016d2d4aa63b09139d0c130484af891fca7557bb682,cached_perception_v2,0,0,0,,,0,0.0,0,9.892476722598076,0.6855744868516922,2.6296228170394897,1.118867073186944,1.073000625043229,1.118867073186944,1.1187626812293212,1.118867073186944,0.9572586134718338
sugar_box1_clean,647,1.0902415633625633,1.2758606084105764,0.754181808402504,0.7745254413507529,0.03671209968633044,0.03770238806568052,0.0891009055627426,0.0891009055627426,0.18561904504801308,0.020343632948248813,MODE_1_ACCEPT,simple,four_mode_relocalization_v2,0.0,0,0,0,False,0,1,1.0902415633625633,0,0,precomputed,0,0.0,3.376958891749382,0,648,cache_read_only_not_online_fps,157ff887794c6cb410230016d2d4aa63b09139d0c130484af891fca7557bb682,cached_perception_v2,0,0,0,,,0,0.0,0,16.836147755384445,0.7605338469147682,4.13749273866415,1.0902415633625633,1.0937980448341984,1.0902415633625633,1.0901574503234477,1.0902415633625633,1.0461189314232093
sugar_box1_clean,648,1.091147825215818,1.0617085490519282,0.7348225303306347,0.7535580879175231,0.0357697277827502,0.03668173818945275,0.0891009055627426,0.0891009055627426,-0.02943927616388975,0.018735557586888385,MODE_1_ACCEPT,simple,four_mode_relocalization_v2,0.0,0,0,0,False,0,1,1.0617085490519282,0,0,precomputed,0,0.0,2.4246452376246452,0,649,cache_read_only_not_online_fps,157ff887794c6cb410230016d2d4aa63b09139d0c130484af891fca7557bb682,cached_perception_v2,0,0,0,,,0,0.0,0,12.879844754934311,0.6542196497321129,3.078864887356758,1.091147825215818,1.0986318946827063,1.091147825215818,1.0910328119552515,1.091147825215818,1.091147825215818
sugar_box1_clean,649,1.175373837536984,1.099945117632415,0.7408311996219961,0.6969726840190635,0.03606221808621417,0.03392727107612928,0.0891009055627426,0.0891009055627426,-0.0754287199045689,-0.043858515602932524,MODE_1_ACCEPT,simple,four_mode_relocalization_v2,0.0,0,0,0,False,0,1,1.099945117632415,0,0,precomputed,0,0.0,2.089863643050194,0,650,cache_read_only_not_online_fps,157ff887794c6cb410230016d2d4aa63b09139d0c130484af891fca7557bb682,cached_perception_v2,0,0,0,,,0,0.0,0,12.005133554339409,0.7234383374452591,2.813301980495453,1.175373837536984,1.138700642596297,1.175373837536984,1.1752268905083747,1.175373837536984,1.175373837536984
sugar_box1_clean,650,1.115664066939116,1.2486235596037727,0.7631113793885218,0.7651644954911955,0.037146773788174985,0.0372467154762258,0.0891009055627426,0.0891009055627426,0.13295949266465668,0.002053116102673669,MODE_1_ACCEPT,simple,four_mode_relocalization_v2,0.0,0,0,0,False,0,1,1.115664066939116,0,0,precomputed,0,0.0,3.620849922299385,0,651,cache_read_only_not_online_fps,157ff887794c6cb410230016d2d4aa63b09139d0c130484af891fca7557bb682,cached_perception_v2,0,0,0,,,0,0.0,0,17.904169857501984,0.7350780069828033,4.355927929282188,1.115664066939116,1.1428134253750146,1.115664066939116,1.1155643408686213,1.115664066939116,1.115664066939116
sugar_box1_clean,651,1.0317046352846404,1.05357440767405,0.7262495473898831,0.7584065413249367,0.03535241169155895,0.03691775144624891,0.0891009055627426,0.0891009055627426,0.02186977238940968,0.03215699393505356,MODE_1_ACCEPT,simple,four_mode_relocalization_v2,0.0,0,0,0,False,0,1,1.0317046352846404,0,0,precomputed,0,0.0,2.8526131063699722,0,652,cache_read_only_not_online_fps,157ff887794c6cb410230016d2d4aa63b09139d0c130484af891fca7557bb682,cached_perception_v2,0,0,0,,,0,0.0,0,19.69822309911251,0.6502214819192886,3.502834588289261,1.0317046352846404,1.0866360505477974,1.0317046352846404,1.0316457627642392,1.0317046352846404,1.0317046352846404
sugar_box1_clean,652,0.9868679300558841,0.9876095842037514,0.6984742958604573,0.6902809638453379,0.034000366612241706,0.033601531187744525,0.0891009055627426,0.0891009055627426,0.00074165414786731,-0.008193332015119403,MODE_1_ACCEPT,simple,four_mode_relocalization_v2,0.0,0,0,0,False,0,0,0.9868679300558841,0,0,precomputed,0,0.0,1.979626715183258,0,653,cache_read_only_not_online_fps,157ff887794c6cb410230016d2d4aa63b09139d0c130484af891fca7557bb682,cached_perception_v2,0,0,0,,,0,0.0,0,12.746063061058521,0.860879197716713,2.840505912899971,0.9868679300558841,1.021502877636449,0.9868679300558841,0.9867502687100093,0.9868679300558841,0.9868679300558841
sugar_box1_clean,653,0.9592084452515437,0.935676856849137,0.6785079707014505,0.6683942277734336,0.03302844484027563,0.03253612755757459,0.0891009055627426,0.0891009055627426,-0.023531588402406656,-0.010113742928016922,MODE_1_ACCEPT,simple,four_mode_relocalization_v2,0.0,0,0,0,False,0,0,0.935676856849137,0,0,precomputed,0,0.0,2.3647891357541084,0,654,cache_read_only_not_online_fps,157ff887794c6cb410230016d2d4aa63b09139d0c130484af891fca7557bb682,cached_perception_v2,0,0,0,,,0,0.0,0,14.97170701622963,0.734301283955574,3.0990904197096825,0.9592084452515437,0.9415607120007403,0.9592084452515437,0.9591155995323501,0.9592084452515437,0.935676856849137
sugar_box1_clean,654,0.8960470794206773,0.9691185407504221,0.6546947558130943,0.6438689339863114,0.03186926397818996,0.031342284083337876,0.0891009055627426,0.04219409282700422,0.07307146132974485,-0.010825821826782933,MODE_1_ACCEPT,simple,four_mode_relocalization_v2,0.0,0,0,0,False,0,0,0.8960470794206773,0,0,precomputed,0,0.0,1.917676068842411,0,655,cache_read_only_not_online_fps,157ff887794c6cb410230016d2d4aa63b09139d0c130484af891fca7557bb682,cached_perception_v2,0,0,0,,,0,0.0,0,9.685073047876358,0.6324527785181999,2.550128847360611,0.8960470794206773,0.8952766525556581,0.8960470794206773,0.8959476782306155,0.8960470794206773,0.8960470794206773
sugar_box1_clean,655,0.8988328452949298,0.8091588702726402,0.6672798635319722,0.6422990640526826,0.03248188247944672,0.03126586587640707,0.0891009055627426,0.04219409282700422,-0.08967397502228958,-0.02498079947928966,MODE_1_ACCEPT,simple,four_mode_relocalization_v2,0.0,0,0,0,False,0,0,0.8091588702726402,0,0,precomputed,0,0.0,2.236437052488327,0,656,cache_read_only_not_online_fps,157ff887794c6cb410230016d2d4aa63b09139d0c130484af891fca7557bb682,cached_perception_v2,0,0,0,,,0,0.0,0,9.742951020598412,0.6366195157170296,2.8730565682053566,0.8988328452949298,0.8606749397521837,0.8988328452949298,0.8987292927848288,0.8988328452949298,0.8709289266772995
sugar_box1_clean,656,1.1535854259929585,0.9230265381096022,0.7156437754511716,0.6598668884285186,0.03483614339613401,0.03212103330761807,0.0891009055627426,0.0891009055627426,-0.23055888788335632,-0.05577688702265304,MODE_1_ACCEPT,simple,four_mode_relocalization_v2,0.0,0,0,0,False,0,0,0.9230265381096022,0,0,precomputed,0,0.0,1.9895201548933983,0,657,cache_read_only_not_online_fps,157ff887794c6cb410230016d2d4aa63b09139d0c130484af891fca7557bb682,cached_perception_v2,0,0,0,,,0,0.0,0,10.202951729297638,0.629715621471405,2.6192357763648033,1.1535854259929585,0.9936209912126668,1.1535854259929585,1.1534270635085264,1.1535854259929585,0.8937111090342043
sugar_box1_clean,657,1.1398242575819832,1.4084173299256426,0.7515714772284703,0.7610398130880446,0.03658503385524331,0.037045933980475225,0.0891009055627426,0.0891009055627426,0.26859307234365937,0.009468335859574295,MODE_1_ACCEPT,simple,four_mode_relocalization_v2,0.0,0,0,0,False,0,1,1.1398242575819832,0,0,precomputed,0,0.0,1.829058863222599,0,658,cache_read_only_not_online_fps,157ff887794c6cb410230016d2d4aa63b09139d0c130484af891fca7557bb682,cached_perception_v2,0,0,0,,,0,0.0,0,9.720499627292156,0.6328225135803223,2.4618813768029213,1.1398242575819832,1.135416789482546,1.1398242575819832,1.1701252507907844,1.1398242575819832,0.943603668196409
sugar_box1_clean,658,1.1813681431820828,1.1228489438419325,0.7636713285918874,0.7439673408490838,0.03717403102342543,0.0362148793252901,0.0891009055627426,0.0891009055627426,-0.058519199340150374,-0.019703987742803575,MODE_1_ACCEPT,simple,four_mode_relocalization_v2,0.0,0,0,0,False,0,1,1.1228489438419325,0,0,precomputed,0,0.0,2.1434910595417023,0,659,cache_read_only_not_online_fps,157ff887794c6cb410230016d2d4aa63b09139d0c130484af891fca7557bb682,cached_perception_v2,0,0,0,,,0,0.0,0,12.051485478878021,0.6288858130574226,2.772376872599125,1.1813681431820828,1.2232200357892717,1.1813681431820828,1.181226856170119,1.1813681431820828,1.011050858649461
sugar_box1_clean,659,1.2648846731310592,1.2157338513433116,0.8179548585119272,0.8018768102087039,0.039816447400415025,0.03903379936317339,0.0891009055627426,0.0891009055627426,-0.049150821787747656,-0.016078048303223236,MODE_1_ACCEPT,simple,four_mode_relocalization_v2,0.0,0,0,0,False,0,1,1.2157338513433116,0,0,precomputed,0,0.0,2.353547140955925,0,660,cache_read_only_not_online_fps,157ff887794c6cb410230016d2d4aa63b09139d0c130484af891fca7557bb682,cached_perception_v2,0,0,0,,,0,0.0,0,17.9263548925519,0.6373776122927666,2.9909247532486916,1.2648846731310592,1.281628002590926,1.2648846731310592,1.2647308635632393,1.2648846731310592,1.081529943240955
sugar_box1_clean,660,1.2090046872405755,1.3682943541680759,0.731585389398612,0.8441215321969587,0.0356121500749998,0.04109019004719055,0.0891009055627426,0.0891009055627426,0.15928966692750035,0.11253614279834678,MODE_1_ACCEPT,simple,four_mode_relocalization_v2,0.0,0,0,0,False,0,1,1.2090046872405755,0,0,precomputed,0,0.0,1.9097086042165756,0,661,cache_read_only_not_online_fps,157ff887794c6cb410230016d2d4aa63b09139d0c130484af891fca7557bb682,cached_perception_v2,0,0,0,,,0,0.0,0,9.84165072441101,0.622444786131382,2.5321533903479576,1.2090046872405755,1.2868636402790838,1.2090046872405755,1.2088384769658835,1.2090046872405755,1.1743664770262678
sugar_box1_clean,661,1.2124408216600846,1.1296307217765618,0.7776546663517044,0.6691919317490517,0.037854712636355634,0.03257495823148743,0.0891009055627426,0.0891009055627426,-0.08281009988352284,-0.10846273460265277,MODE_1_ACCEPT,simple,four_mode_relocalization_v2,0.0,0,0,0,False,0,1,1.1296307217765618,0,0,precomputed,0,0.0,2.1500298753380775,0,662,cache_read_only_not_online_fps,157ff887794c6cb410230016d2d4aa63b09139d0c130484af891fca7557bb682,cached_perception_v2,0,0,0,,,0,0.0,0,10.883881710469723,0.634542666375637,2.7845725417137146,1.2124408216600846,1.2389170999091998,1.2124408216600846,1.2123018169128115,1.2124408216600846,1.2124408216600846
sugar_box1_clean,662,1.1915256440401076,1.2318628004544792,0.7848197594269468,0.8053631754986909,0.03820349539445121,0.03920350882665153,0.0891009055627426,0.0891009055627426,0.04033715641437152,0.020543416071744036,MODE_1_ACCEPT,simple,four_mode_relocalization_v2,0.0,0,0,0,False,0,1,1.1915256440401076,0,0,precomputed,0,0.0,2.1333815529942513,0,663,cache_read_only_not_online_fps,157ff887794c6cb410230016d2d4aa63b09139d0c130484af891fca7557bb682,cached_perception_v2,0,0,0,,,0,0.0,0,10.886733420193195,0.6322851404547691,2.7656666934490204,1.1915256440401076,1.1947458613673205,1.1915256440401076,1.1913605433312173,1.1915256440401076,1.1915256440401076
sugar_box1_clean,663,0.9394708418911215,1.1707833761301136,0.698759568994417,0.7917142747960356,0.034014253152085394,0.03853910695747083,0.0891009055627426,0.0891009055627426,0.23131253423899212,0.09295470580161858,MODE_1_ACCEPT,simple,four_mode_relocalization_v2,0.0,0,0,0,False,0,0,0.9394708418911215,0,0,precomputed,0,0.0,2.3617492988705635,0,664,cache_read_only_not_online_fps,157ff887794c6cb410230016d2d4aa63b09139d0c130484af891fca7557bb682,cached_perception_v2,0,0,0,,,0,0.0,0,12.585598044097424,0.6488887593150139,3.0106380581855774,0.9394708418911215,1.044847631972608,0.9394708418911215,0.9394146615006023,0.9394708418911215,0.9394708418911215
sugar_box1_clean,664,1.0395230118229346,0.7033121625541862,0.7099967316174515,0.5856803139330023,0.034561256314734175,0.028509775534063787,0.0891009055627426,0.04219409282700422,-0.33621084926874845,-0.12431641768444912,MODE_1_ACCEPT,simple,four_mode_relocalization_v2,0.0,0,0,0,False,0,0,0.7033121625541862,0,0,precomputed,0,0.0,2.1781865507364273,0,665,cache_read_only_not_online_fps,157ff887794c6cb410230016d2d4aa63b09139d0c130484af891fca7557bb682,cached_perception_v2,0,0,0,,,0,0.0,0,12.02669832855463,0.6676102057099342,2.8457967564463615,1.0395230118229346,0.952769475498883,1.0395230118229346,1.0393788329998705,1.0395230118229346,0.7033121625541862
sugar_box1_clean,665,1.245160042884218,1.2224114126615744,0.7992594589148158,0.7422034483202565,0.03890639180634183,0.03612901647679281,0.0891009055627426,0.0891009055627426,-0.022748630222643618,-0.057056010594559226,MODE_1_ACCEPT,simple,four_mode_relocalization_v2,0.0,0,0,0,False,0,1,1.2224114126615744,0,0,precomputed,0,0.0,2.0567290484905243,0,666,cache_read_only_not_online_fps,157ff887794c6cb410230016d2d4aa63b09139d0c130484af891fca7557bb682,cached_perception_v2,0,0,0,,,0,0.0,0,10.928449220955372,0.6775809451937675,2.734309993684292,1.245160042884218,1.0722269357291754,1.245160042884218,1.2404901255762135,1.245160042884218,0.5395696738490391
sugar_box1_clean,666,1.2016586559213382,1.410182531390023,0.744205241216839,0.8672910404497105,0.03622645985125763,0.04221803652556161,0.0891009055627426,0.0891009055627426,0.20852387546868467,0.12308579923287155,MODE_1_ACCEPT,simple,four_mode_relocalization_v2,0.0,0,0,0,False,0,1,1.2016586559213382,0,0,precomputed,0,0.0,1.810416579246521,0,667,cache_read_only_not_online_fps,157ff887794c6cb410230016d2d4aa63b09139d0c130484af891fca7557bb682,cached_perception_v2,0,0,0,,,0,0.0,0,10.521265678107738,0.6450265645980835,2.4554431438446045,1.2016586559213382,1.1843530386912917,1.2016586559213382,1.201525177652275,1.2016586559213382,0.46050264610667513
sugar_box1_clean,667,1.2829919989057113,1.1797666181345554,0.7964919097989871,0.6968934877077196,0.03877167291244232,0.03392341595413555,0.0891009055627426,0.0891009055627426,-0.10322538077115584,-0.09959842209126746,MODE_1_ACCEPT,simple,four_mode_relocalization_v2,0.0,0,0,0,False,0,1,1.1797666181345554,0,0,precomputed,0,0.0,1.8280576914548874,0,668,cache_read_only_not_online_fps,157ff887794c6cb410230016d2d4aa63b09139d0c130484af891fca7557bb682,cached_perception_v2,0,0,0,,,0,0.0,0,13.153347186744213,0.6301021203398705,2.458159811794758,1.2829919989057113,1.2944674651220671,1.2829919989057113,1.282859361112558,1.2829919989057113,0.6133623878639236
sugar_box1_clean,668,1.2843480648421324,1.3585154395437806,0.7710372597156078,0.865941168600703,0.03753259018606218,0.04215232739636701,0.0891009055627426,0.0891009055627426,0.07416737470164825,0.09490390888509526,MODE_1_ACCEPT,simple,four_mode_relocalization_v2,0.0,0,0,0,False,0,1,1.2843480648421324,0,0,precomputed,0,0.0,1.8972065299749374,0,669,cache_read_only_not_online_fps,157ff887794c6cb410230016d2d4aa63b09139d0c130484af891fca7557bb682,cached_perception_v2,0,0,0,,,0,0.0,0,9.816193953156471,0.6389999762177467,2.536206506192684,1.2843480648421324,1.3340821400830132,1.2843480648421324,1.2842053569128766,1.2843480648421324,0.8510305287153007
sugar_box1_clean,669,1.285030670531421,1.2939745545872317,0.82855830210638,0.7670286702307204,0.040332602356582016,0.03733745986717729,0.0891009055627426,0.0891009055627426,0.008943884055810702,-0.06152963187565963,MODE_1_ACCEPT,simple,four_mode_relocalization_v2,0.0,0,0,0,False,0,1,1.285030670531421,0,0,precomputed,0,0.0,2.192944288253784,0,670,cache_read_only_not_online_fps,157ff887794c6cb410230016d2d4aa63b09139d0c130484af891fca7557bb682,cached_perception_v2,0,0,0,,,0,0.0,0,10.261138901114464,0.6502857431769371,2.8432300314307213,1.285030670531421,1.32776291819007,1.285030670531421,1.2852672549635507,1.285030670531421,1.1113072096782177
sugar_box1_clean,670,1.2399942181716976,1.301574927925064,0.8009147600727674,0.860275771622335,0.03898696863867135,0.0418765469196766,0.0891009055627426,0.0891009055627426,0.06158070975336627,0.05936101154956763,MODE_1_ACCEPT,simple,four_mode_relocalization_v2,0.0,0,0,0,False,0,1,1.2399942181716976,0,0,precomputed,0,0.0,2.042568288743496,0,671,cache_read_only_not_online_fps,157ff887794c6cb410230016d2d4aa63b09139d0c130484af891fca7557bb682,cached_perception_v2,0,0,0,,,0,0.0,0,12.277252972126007,0.6558764725923538,2.6984447613358498,1.2399942181716976,1.2888784185662943,1.2399942181716976,1.2398535036461198,1.2399942181716976,1.2399942181716976
sugar_box1_clean,671,1.1963297700983981,1.1804842142547582,0.7436693592150954,0.7818859208596756,0.03620037416044815,0.03806068185434023,0.0891009055627426,0.0891009055627426,-0.01584555584363989,0.038216561644580205,MODE_1_ACCEPT,simple,four_mode_relocalization_v2,0.0,0,0,0,False,0,1,1.1804842142547582,0,0,precomputed,0,0.0,3.5751014947891235,0,672,cache_read_only_not_online_fps,157ff887794c6cb410230016d2d4aa63b09139d0c130484af891fca7557bb682,cached_perception_v2,0,0,0,,,0,0.0,0,19.252603873610497,0.7019275799393654,4.277029074728489,1.1963297700983981,1.2098251491180778,1.1963297700983981,1.1961983830633571,1.1963297700983981,1.1963297700983981
sugar_box1_clean,672,1.1719102335808698,1.1937863142290648,0.7357048390606034,0.6862080569949752,0.035812676851115215,0.033403270024935025,0.0891009055627426,0.0891009055627426,0.021876080648195018,-0.04949678206562813,MODE_1_ACCEPT,simple,four_mode_relocalization_v2,0.0,0,0,0,False,0,1,1.1719102335808698,0,0,precomputed,0,0.0,2.5226445868611336,0,673,cache_read_only_not_online_fps,157ff887794c6cb410230016d2d4aa63b09139d0c130484af891fca7557bb682,cached_perception_v2,0,0,0,,,0,0.0,0,13.24570830911398,0.6958553567528725,3.218499943614006,1.1719102335808698,1.1569791085585541,1.1719102335808698,1.1717768772135473,1.1719102335808698,1.1719102335808698
sugar_box1_clean,673,1.304359108293362,1.1368909950337958,0.8194852502168095,0.7326645176439103,0.03989094388415783,0.03566467993354895,0.0891009055627426,0.0891009055627426,-0.16746811325956634,-0.08682073257289924,MODE_1_ACCEPT,simple,four_mode_relocalization_v2,0.0,0,0,0,False,0,1,1.1368909950337958,0,0,precomputed,0,0.0,2.332538366317749,0,674,cache_read_only_not_online_fps,157ff887794c6cb410230016d2d4aa63b09139d0c130484af891fca7557bb682,cached_perception_v2,0,0,0,,,0,0.0,0,12.382750399410725,0.8817510679364204,3.2142894342541695,1.304359108293362,1.2006851841586288,1.304359108293362,1.2990702330972297,1.304359108293362,1.1368909950337958
sugar_box1_clean,674,1.2806960715220774,1.4344722234012757,0.7956899527784304,0.8980424562339251,0.03873263520859582,0.043714955476917915,0.0891009055627426,0.0891009055627426,0.15377615187919824,0.10235250345549474,MODE_1_ACCEPT,simple,four_mode_relocalization_v2,0.0,0,0,0,False,0,1,1.2806960715220774,0,0,precomputed,0,0.0,1.7334586009383202,0,675,cache_read_only_not_online_fps,157ff887794c6cb410230016d2d4aa63b09139d0c130484af891fca7557bb682,cached_perception_v2,0,0,0,,,0,0.0,0,12.36807182431221,0.6977114826440811,2.4311700835824013,1.2806960715220774,1.2670262714630283,1.2806960715220774,1.280576201513958,1.2806960715220774,1.1249950823488228
sugar_box1_clean,675,1.2779604450871027,1.2424368489867643,0.7595621823241633,0.7777090142727567,0.03697400579645007,0.03785735818716737,0.0891009055627426,0.0891009055627426,-0.035523596100338395,0.018146831948593456,MODE_1_ACCEPT,simple,four_mode_relocalization_v2,0.0,0,0,0,False,0,1,1.2424368489867643,0,0,precomputed,0,0.0,2.2204965353012085,0,676,cache_read_only_not_online_fps,157ff887794c6cb410230016d2d4aa63b09139d0c130484af891fca7557bb682,cached_perception_v2,0,0,0,,,0,0.0,0,12.294596061110497,0.7149623706936836,2.935458905994892,1.2779604450871027,1.297937430216473,1.2779604450871027,1.2778162383413303,1.2779604450871027,1.1035493632042106
sugar_box1_clean,676,1.3379099943551254,1.300556643280455,0.8287369758774497,0.7221252036840685,0.040341299847321994,0.035151646682934204,0.0891009055627426,0.0891009055627426,-0.037353351074670416,-0.10661177219338114,MODE_1_ACCEPT,simple,four_mode_relocalization_v2,0.0,0,0,0,False,0,1,1.300556643280455,0,0,precomputed,0,0.0,2.2580306977033615,0,677,cache_read_only_not_online_fps,157ff887794c6cb410230016d2d4aa63b09139d0c130484af891fca7557bb682,cached_perception_v2,0,0,0,,,0,0.0,0,11.649890802800655,0.7553836330771446,3.013414330780506,1.3379099943551254,1.3371843740609954,1.3379099943551254,1.337764669767433,1.3379099943551254,1.1015620079469761
sugar_box1_clean,677,1.2901771263188635,1.4037655519624366,0.8270892398223245,0.8836939347984394,0.040261091269445194,0.04301649743480897,0.0891009055627426,0.0891009055627426,0.11358842564357308,0.05660469497611487,MODE_1_ACCEPT,simple,four_mode_relocalization_v2,0.0,0,0,0,False,0,1,1.2901771263188635,0,0,precomputed,0,0.0,2.260924316942692,0,678,cache_read_only_not_online_fps,157ff887794c6cb410230016d2d4aa63b09139d0c130484af891fca7557bb682,cached_perception_v2,0,0,0,,,0,0.0,0,12.882339768111706,0.7145889103412628,2.9755132272839546,1.2901771263188635,1.327039364513267,1.2901771263188635,1.290006631776948,1.2901771263188635,1.0903396913044157
sugar_box1_clean,678,1.2090593374541925,1.2446407221508229,0.7911176435455961,0.8251762083891743,0.03851006411170329,0.04016796862992455,0.0891009055627426,0.0891009055627426,0.035581384696630414,0.034058564843578165,MODE_1_ACCEPT,simple,four_mode_relocalization_v2,0.0,0,0,0,False,0,1,1.2090593374541925,0,0,precomputed,0,0.0,2.1942416206002235,0,679,cache_read_only_not_online_fps,157ff887794c6cb410230016d2d4aa63b09139d0c130484af891fca7557bb682,cached_perception_v2,0,0,0,,,0,0.0,0,12.614293955266476,0.6406502798199654,2.834891900420189,1.2090593374541925,1.2633342721307939,1.2090593374541925,1.2089259998074076,1.2090593374541925,1.098966835936819
sugar_box1_clean,679,1.09707916961627,1.1260306945561178,0.7468857306947602,0.7712301574452548,0.036356940851760736,0.03754198007136725,0.0891009055627426,0.0891009055627426,0.02895152493984776,0.02434442675049464,MODE_1_ACCEPT,simple,four_mode_relocalization_v2,0.0,0,0,0,False,0,1,1.09707916961627,0,0,precomputed,0,0.0,2.590184099972248,0,680,cache_read_only_not_online_fps,157ff887794c6cb410230016d2d4aa63b09139d0c130484af891fca7557bb682,cached_perception_v2,0,0,0,,,0,0.0,0,11.912798509001732,0.8494779467582703,3.4396620467305183,1.09707916961627,1.150887809362511,1.09707916961627,1.0969151107208026,1.09707916961627,1.09707916961627
sugar_box1_clean,680,0.8753699900236506,0.9811128153969408,0.6218381917402712,0.6809584561475526,0.03026987051344065,0.033147729693045754,0.04219409282700422,0.0891009055627426,0.10574282537329027,0.05912026440728135,MODE_1_ACCEPT,simple,four_mode_relocalization_v2,0.0,0,0,0,False,0,0,0.8753699900236506,0,0,precomputed,0,0.0,2.0886221900582314,0,681,cache_read_only_not_online_fps,157ff887794c6cb410230016d2d4aa63b09139d0c130484af891fca7557bb682,cached_perception_v2,0,0,0,,,0,0.0,0,12.06451840698719,1.4316840097308159,3.5203061997890472,0.8753699900236506,0.9514995271216125,0.8753699900236506,0.8752452060594483,0.8753699900236506,0.8753699900236506
sugar_box1_clean,681,0.8279958804314879,0.6831402873664602,0.6015674420148727,0.5022387197478241,0.02928312994724773,0.02444800145043631,0.04219409282700422,0.017080745341614908,-0.1448555930650277,-0.09932872226704859,MODE_1_ACCEPT,simple,four_mode_relocalization_v2,0.0,0,0,0,False,0,0,0.6831402873664602,0,0,precomputed,0,0.0,3.2042739912867546,0,682,cache_read_only_not_online_fps,157ff887794c6cb410230016d2d4aa63b09139d0c130484af891fca7557bb682,cached_perception_v2,0,0,0,,,0,0.0,0,16.120705753564835,1.2710057199001312,4.475279711186886,0.8279958804314879,0.7975431624191988,0.8279958804314879,0.8278621340668244,0.8279958804314879,0.6831402873664602
sugar_box1_clean,682,0.8301747180068949,0.7936033318413631,0.6284050875142687,0.5907548064572212,0.03058953419346947,0.028756791934262126,0.04219409282700422,0.04219409282700422,-0.036571386165531794,-0.037650281057047486,MODE_1_ACCEPT,simple,four_mode_relocalization_v2,0.0,0,0,0,False,0,0,0.7936033318413631,0,0,precomputed,0,0.0,2.738342620432377,0,683,cache_read_only_not_online_fps,157ff887794c6cb410230016d2d4aa63b09139d0c130484af891fca7557bb682,cached_perception_v2,0,0,0,,,0,0.0,0,14.394106343388557,0.6417501717805862,3.380092792212963,0.8301747180068949,0.7457277951496046,0.8301747180068949,0.8300033557687171,0.8301747180068949,0.5515945810756978
sugar_box1_clean,683,0.7095067905115299,0.8123668200437624,0.5442250042052776,0.6333417402880537,0.026491811899438836,0.030829840823421054,0.02702702702702703,0.04219409282700422,0.1028600295322325,0.08911673608277604,MODE_1_ACCEPT,simple,four_mode_relocalization_v2,0.0,0,0,0,False,0,0,0.7095067905115299,0,0,precomputed,0,0.0,2.171236090362072,0,684,cache_read_only_not_online_fps,157ff887794c6cb410230016d2d4aa63b09139d0c130484af891fca7557bb682,cached_perception_v2,0,0,0,,,0,0.0,0,11.031092144548893,0.5627833306789398,2.734019421041012,0.7095067905115299,0.6822116462140833,0.7095067905115299,0.7094065312642598,0.7095067905115299,0.5328282857594492
sugar_box1_clean,684,0.6359215550985408,0.6354570165455098,0.5354587121683198,0.4834505183144754,0.026065085898420628,0.023533428443950007,0.017080745341614908,0.0019588638589618022,-0.0004645385530309687,-0.052008193853844364,MODE_1_ACCEPT,simple,four_mode_relocalization_v2,0.0,0,0,0,False,0,0,0.6354570165455098,0,0,precomputed,0,0.0,1.976577565073967,0,685,cache_read_only_not_online_fps,157ff887794c6cb410230016d2d4aa63b09139d0c130484af891fca7557bb682,cached_perception_v2,0,0,0,,,0,0.0,0,9.920448996126652,0.5648555234074593,2.5414330884814262,0.6359215550985408,0.6278399113284996,0.6359215550985408,0.6358223872068978,0.6359215550985408,0.6359215550985408
sugar_box1_clean,685,0.7053993562601254,0.5890334076368517,0.5792028168841965,0.5487896438884382,0.02819446360963885,0.026714009657609814,0.04219409282700422,0.0375,-0.11636594862327365,-0.030413172995758297,MODE_1_ACCEPT,simple,four_mode_relocalization_v2,0.0,0,0,0,False,0,0,0.5890334076368517,0,0,precomputed,0,0.0,1.6331067308783531,0,686,cache_read_only_not_online_fps,157ff887794c6cb410230016d2d4aa63b09139d0c130484af891fca7557bb682,cached_perception_v2,0,0,0,,,0,0.0,0,8.784415200352669,0.5498798564076424,2.1829865872859955,0.7053993562601254,0.6502712388254325,0.7053993562601254,0.6656377492935912,0.7053993562601254,0.7053993562601254
sugar_box1_clean,686,0.723620188570483,0.8057474044579445,0.5627626950346561,0.5901868458156851,0.027394190538250165,0.02872914471782482,0.04219409282700422,0.04219409282700422,0.08212721588746141,0.027424150781029,MODE_1_ACCEPT,simple,four_mode_relocalization_v2,0.0,0,0,0,False,0,0,0.723620188570483,0,0,precomputed,0,0.0,1.7726076766848564,0,687,cache_read_only_not_online_fps,157ff887794c6cb410230016d2d4aa63b09139d0c130484af891fca7557bb682,cached_perception_v2,0,0,0,,,0,0.0,0,9.273792617022991,0.5499469116330147,2.322554588317871,0.723620188570483,0.6988722113534432,0.723620188570483,0.7235011793915368,0.723620188570483,0.723620188570483
sugar_box1_clean,687,0.676039245366321,0.7499414093726348,0.5278250311909688,0.5620722832136995,0.025693493195054085,0.02736058263719343,0.017080745341614908,0.04219409282700422,0.07390216400631378,0.03424725202273071,MODE_1_ACCEPT,simple,four_mode_relocalization_v2,0.0,0,0,0,False,0,0,0.676039245366321,0,0,precomputed,0,0.0,1.7034318298101425,0,688,cache_read_only_not_online_fps,157ff887794c6cb410230016d2d4aa63b09139d0c130484af891fca7557bb682,cached_perception_v2,0,0,0,,,0,0.0,0,10.40815282613039,0.5482807755470276,2.25171260535717,0.676039245366321,0.7064820216312792,0.676039245366321,0.675912185068569,0.676039245366321,0.676039245366321
sugar_box1_clean,688,0.7481099232795363,0.658463041409342,0.5758217550106189,0.5015675295083823,0.028029880111116987,0.024415329218483287,0.04219409282700422,0.017080745341614908,-0.08964688187019432,-0.07425422550223659,MODE_1_ACCEPT,simple,four_mode_relocalization_v2,0.0,0,0,0,False,0,0,0.658463041409342,0,0,precomputed,0,0.0,1.6870200634002686,0,689,cache_read_only_not_online_fps,157ff887794c6cb410230016d2d4aa63b09139d0c130484af891fca7557bb682,cached_perception_v2,0,0,0,,,0,0.0,0,9.271317161619663,0.5672154948115349,2.2542355582118034,0.7481099232795363,0.7381157943783828,0.7481099232795363,0.7479845318265473,0.7481099232795363,0.658463041409342
sugar_box1_clean,689,0.6896114550714183,0.8034441688406632,0.5732403174458405,0.6231108649617949,0.02790422076458233,0.03033182176399609,0.04219409282700422,0.04219409282700422,0.11383271376924486,0.04987054751595443,MODE_1_ACCEPT,simple,four_mode_relocalization_v2,0.0,0,0,0,False,0,0,0.6896114550714183,0,0,precomputed,0,0.0,1.8872488290071487,0,690,cache_read_only_not_online_fps,157ff887794c6cb410230016d2d4aa63b09139d0c130484af891fca7557bb682,cached_perception_v2,0,0,0,,,0,0.0,0,9.302766062319279,0.5608247593045235,2.448073588311672,0.6896114550714183,0.7179727450001361,0.6896114550714183,0.6895079783630518,0.6896114550714183,0.6398576738908126
sugar_box1_clean,690,0.6561627654188394,0.6570516754091426,0.5188694765096002,0.5413956450801872,0.025257554257591255,0.02635408421482554,0.017080745341614908,0.02702702702702703,0.0008889099903031106,0.02252616857058698,MODE_1_ACCEPT,simple,four_mode_relocalization_v2,0.0,0,0,0,False,0,0,0.6561627654188394,0,0,precomputed,0,0.0,1.812913455069065,0,691,cache_read_only_not_online_fps,157ff887794c6cb410230016d2d4aa63b09139d0c130484af891fca7557bb682,cached_perception_v2,0,0,0,,,0,0.0,0,9.931018576025963,0.5493927747011185,2.3623062297701836,0.6561627654188394,0.6853166723942172,0.6561627654188394,0.6560533815161413,0.6561627654188394,0.6561627654188394
sugar_box1_clean,691,0.6763731725962208,0.6235184608639642,0.5443057482439011,0.49123284326545613,0.026495742361778284,0.02391225684607893,0.02702702702702703,0.017080745341614908,-0.05285471173225653,-0.05307290497844497,MODE_1_ACCEPT,simple,four_mode_relocalization_v2,0.0,0,0,0,False,0,0,0.6235184608639642,0,0,precomputed,0,0.0,1.5417682006955147,0,692,cache_read_only_not_online_fps,157ff887794c6cb410230016d2d4aa63b09139d0c130484af891fca7557bb682,cached_perception_v2,0,0,0,,,0,0.0,0,9.684154763817787,0.5550328642129898,2.0968010649085045,0.6763731725962208,0.6547081904058638,0.6763731725962208,0.6762605502850816,0.6763731725962208,0.6763731725962208
sugar_box1_clean,692,0.7019627673163952,0.7128954278803602,0.5738166633100973,0.5468371356275009,0.027932276157309473,0.026618965363097134,0.04219409282700422,0.02702702702702703,0.010932660563965024,-0.02697952768259637,MODE_1_ACCEPT,simple,four_mode_relocalization_v2,0.0,0,0,0,False,0,0,0.7019627673163952,0,0,precomputed,0,0.0,1.70036219060421,0,693,cache_read_only_not_online_fps,157ff887794c6cb410230016d2d4aa63b09139d0c130484af891fca7557bb682,cached_perception_v2,0,0,0,,,0,0.0,0,8.701667189598083,1.1354973539710045,2.8358595445752144,0.7019627673163952,0.667908219073192,0.7019627673163952,0.7018480143420524,0.7019627673163952,0.7019627673163952
sugar_box1_clean,693,0.6555593866252435,0.750202935768979,0.5345799316549132,0.6044904817602664,0.026022308576757403,0.029425417821768735,0.017080745341614908,0.04219409282700422,0.09464354914373552,0.06991055010535319,MODE_1_ACCEPT,simple,four_mode_relocalization_v2,0.0,0,0,0,False,0,0,0.6555593866252435,0,0,precomputed,0,0.0,2.8076795861124992,0,694,cache_read_only_not_online_fps,157ff887794c6cb410230016d2d4aa63b09139d0c130484af891fca7557bb682,cached_perception_v2,0,0,0,,,0,0.0,0,14.039803296327591,0.6246836856007576,3.432363271713257,0.6555593866252435,0.6730352912886188,0.6555593866252435,0.655453897575922,0.6555593866252435,0.6555593866252435
sugar_box1_clean,694,0.6418365355056153,0.5921394262068307,0.5234786044233334,0.4779581636979695,0.025481917616069015,0.023266071331981285,0.017080745341614908,0.0019588638589618022,-0.04969710929878457,-0.045520440725363875,MODE_1_ACCEPT,simple,four_mode_relocalization_v2,0.0,0,0,0,False,0,0,0.5921394262068307,0,0,precomputed,0,0.0,1.8799351528286934,0,695,cache_read_only_not_online_fps,157ff887794c6cb410230016d2d4aa63b09139d0c130484af891fca7557bb682,cached_perception_v2,0,0,0,,,0,0.0,0,10.343406349420547,0.6259176880121231,2.5058528408408165,0.6418365355056153,0.6450735531068732,0.6418365355056153,0.6417211420036141,0.6418365355056153,0.5921394262068307
sugar_box1_clean,695,0.5761300659306402,0.6709444656256585,0.5037767012428318,0.5194074801855667,0.024522867390361393,0.025283743227364378,0.017080745341614908,0.017080745341614908,0.09481439969501826,0.015630778942734902,MODE_1_ACCEPT,simple,four_mode_relocalization_v2,0.0,0,0,0,False,0,0,0.5761300659306402,0,0,precomputed,0,0.0,2.173943445086479,0,696,cache_read_only_not_online_fps,157ff887794c6cb410230016d2d4aa63b09139d0c130484af891fca7557bb682,cached_perception_v2,0,0,0,,,0,0.0,0,10.616288520395756,0.6228024140000343,2.7967458590865135,0.5761300659306402,0.6084715279980101,0.5761300659306402,0.57602518285443,0.5761300659306402,0.5588027117110993
sugar_box1_clean,696,0.7036651934557763,0.5228400257339296,0.5754456354153894,0.47794752424116765,0.02801157134270039,0.02326555342397241,0.04219409282700422,0.0019588638589618022,-0.18082516772184665,-0.09749811117422175,MODE_1_ACCEPT,simple,four_mode_relocalization_v2,0.0,0,0,0,False,0,0,0.5228400257339296,0,0,precomputed,0,0.0,2.102920785546303,0,697,cache_read_only_not_online_fps,157ff887794c6cb410230016d2d4aa63b09139d0c130484af891fca7557bb682,cached_perception_v2,0,0,0,,,0,0.0,0,10.150426998734474,0.6209714338183403,2.723892219364643,0.7036651934557763,0.6342661980846145,0.7036651934557763,0.7035412752850098,0.7036651934557763,0.5319344337608936
sugar_box1_clean,697,0.6597556305937606,0.8283321787927125,0.5206451125642888,0.6497359955326854,0.025343988758026167,0.03162788119792827,0.017080745341614908,0.057270126863639643,0.16857654819895185,0.12909088296839655,MODE_1_ACCEPT,simple,four_mode_relocalization_v2,0.0,0,0,0,False,0,0,0.6597556305937606,0,0,precomputed,0,0.0,1.8771113827824593,0,698,cache_read_only_not_online_fps,157ff887794c6cb410230016d2d4aa63b09139d0c130484af891fca7557bb682,cached_perception_v2,0,0,0,,,0,0.0,0,10.123420506715775,0.6321873515844345,2.5092987343668938,0.6597556305937606,0.6553433187660584,0.6597556305937606,0.6596285192696603,0.6597556305937606,0.5272736166198392
sugar_box1_clean,698,0.6778049977449244,0.6404622711881204,0.544561468597784,0.4893876339110809,0.02650819032991936,0.02382243565309171,0.02702702702702703,0.017080745341614908,-0.03734272655680404,-0.05517383468670306,MODE_1_ACCEPT,simple,four_mode_relocalization_v2,0.0,0,0,0,False,0,0,0.6404622711881204,0,0,precomputed,0,0.0,1.7218263819813728,0,699,cache_read_only_not_online_fps,157ff887794c6cb410230016d2d4aa63b09139d0c130484af891fca7557bb682,cached_perception_v2,0,0,0,,,0,0.0,0,10.060137137770653,0.6487295031547546,2.3705558851361275,0.6778049977449244,0.686176511127587,0.6778049977449244,0.6776728949200718,0.6778049977449244,0.5499473287681863
sugar_box1_clean,699,0.8147889702851207,0.657485080400246,0.6189735506403644,0.5459030108052544,0.03013042537109745,0.026573493988407745,0.04219409282700422,0.02702702702702703,-0.15730388988487465,-0.07307053983511003,MODE_1_ACCEPT,simple,four_mode_relocalization_v2,0.0,0,0,0,False,0,0,0.657485080400246,0,0,precomputed,0,0.0,2.3243706673383713,0,700,cache_read_only_not_online_fps,157ff887794c6cb410230016d2d4aa63b09139d0c130484af891fca7557bb682,cached_perception_v2,0,0,0,,,0,0.0,0,10.150888003408909,0.653410330414772,2.9777809977531433,0.8147889702851207,0.7448071083480476,0.8147889702851207,0.8146400986754062,0.8147889702851207,0.5687459738170612
sugar_box1_clean,700,0.8144211910690811,1.0037113616626019,0.6187136168926523,0.7000819424310245,0.0301177723031614,0.03407862371218962,0.04219409282700422,0.0891009055627426,0.18929017059352082,0.08136832553837225,MODE_1_ACCEPT,simple,four_mode_relocalization_v2,0.0,0,0,0,False,0,0,0.8144211910690811,0,0,precomputed,0,0.0,1.9454676657915115,0,701,cache_read_only_not_online_fps,157ff887794c6cb410230016d2d4aa63b09139d0c130484af891fca7557bb682,cached_perception_v2,0,0,0,,,0,0.0,0,9.684409946203232,0.7354011759161949,2.6808688417077065,0.8144211910690811,0.8271928731325974,0.8144211910690811,0.8143013131083607,0.8144211910690811,0.6123434449223067
sugar_box1_clean,701,0.8724529562701446,0.8293993121882831,0.6280643006484211,0.6108419184458471,0.03057294535341605,0.029734593373544983,0.04219409282700422,0.04219409282700422,-0.04305364408186152,-0.017222382202573994,MODE_1_ACCEPT,simple,four_mode_relocalization_v2,0.0,0,0,0,False,0,0,0.8293993121882831,0,0,precomputed,0,0.0,2.243388444185257,0,702,cache_read_only_not_online_fps,157ff887794c6cb410230016d2d4aa63b09139d0c130484af891fca7557bb682,cached_perception_v2,0,0,0,,,0,0.0,0,10.079558938741684,0.6511947140097618,2.8945831581950188,0.8724529562701446,0.8900096146027417,0.8724529562701446,0.8723120670557176,0.8724529562701446,0.658829082331442
sugar_box1_clean,702,0.984363900738082,0.9337073502639263,0.6719229150700924,0.6296726881863643,0.03270789717380443,0.030651238522210852,0.0891009055627426,0.04219409282700422,-0.05065655047415574,-0.04225022688372804,MODE_1_ACCEPT,simple,four_mode_relocalization_v2,0.0,0,0,0,False,0,0,0.9337073502639263,0,0,precomputed,0,0.0,2.1188566461205482,0,703,cache_read_only_not_online_fps,157ff887794c6cb410230016d2d4aa63b09139d0c130484af891fca7557bb682,cached_perception_v2,0,0,0,,,0,0.0,0,9.717841632664204,0.631461851298809,2.7503184974193573,0.984363900738082,0.9633694013883748,0.984363900738082,0.9842214271915833,0.984363900738082,0.7065567030815549
sugar_box1_clean,703,1.1539134550452501,1.1023707520949597,0.7756706044518245,0.7210356374433101,0.037758132372232675,0.03509860872312142,0.0891009055627426,0.0891009055627426,-0.0515427029502904,-0.054634967008514335,MODE_1_ACCEPT,simple,four_mode_relocalization_v2,0.0,0,0,0,False,0,1,1.1023707520949597,0,0,precomputed,0,0.0,1.552932895720005,0,704,cache_read_only_not_online_fps,157ff887794c6cb410230016d2d4aa63b09139d0c130484af891fca7557bb682,cached_perception_v2,0,0,0,,,0,0.0,0,10.050123557448387,0.6323223933577538,2.185255289077759,1.1539134550452501,1.097340303515942,1.1539134550452501,1.153764734635529,1.1539134550452501,0.7596639176159502
sugar_box1_clean,704,1.0250002669681624,1.3068632211797957,0.7070967860403898,0.858579313186163,0.034420092619291125,0.04179396663130504,0.0891009055627426,0.0891009055627426,0.2818629542116333,0.15148252714577315,MODE_1_ACCEPT,simple,four_mode_relocalization_v2,0.0,0,0,0,False,0,1,1.0250002669681624,0,0,precomputed,0,0.0,1.9363826140761375,0,705,cache_read_only_not_online_fps,157ff887794c6cb410230016d2d4aa63b09139d0c130484af891fca7557bb682,cached_perception_v2,0,0,0,,,0,0.0,0,9.974955581128597,0.6529828533530235,2.589365467429161,1.0250002669681624,1.121176232790525,1.0250002669681624,1.0248962388281597,1.0250002669681624,0.8184997065456908
sugar_box1_clean,705,0.997637155684305,0.9219190968253829,0.6764387282569777,0.6556889151442106,0.032927718153354366,0.0319176577156965,0.0891009055627426,0.0891009055627426,-0.07571805885892213,-0.020749813112767135,MODE_1_ACCEPT,simple,four_mode_relocalization_v2,0.0,0,0,0,False,0,0,0.9219190968253829,0,0,precomputed,0,0.0,2.1246401593089104,0,706,cache_read_only_not_online_fps,157ff887794c6cb410230016d2d4aa63b09139d0c130484af891fca7557bb682,cached_perception_v2,0,0,0,,,0,0.0,0,10.191925801336765,0.6586983799934387,2.783338539302349,0.997637155684305,1.07578496390161,0.997637155684305,0.9974953807233499,0.997637155684305,0.8782620475707886
sugar_box1_clean,706,0.9239260543745003,0.975005455002599,0.6516288527257615,0.6274342640511935,0.031720021794784344,0.030542276400511378,0.0891009055627426,0.04219409282700422,0.05107940062809879,-0.02419458867456803,MODE_1_ACCEPT,simple,four_mode_relocalization_v2,0.0,0,0,0,False,0,0,0.9239260543745003,0,0,precomputed,0,0.0,1.5772134065628052,0,707,cache_read_only_not_online_fps,157ff887794c6cb410230016d2d4aa63b09139d0c130484af891fca7557bb682,cached_perception_v2,0,0,0,,,0,0.0,0,9.651684202253819,0.636574812233448,2.213788218796253,0.9239260543745003,0.9767062799915229,0.9239260543745003,0.9238378189616776,0.9239260543745003,0.9239260543745003
sugar_box1_clean,707,1.036493777971079,0.8661248414452528,0.7076523365551901,0.6316052324157311,0.034447135734960194,0.03074531100659898,0.0891009055627426,0.04219409282700422,-0.1703689365258262,-0.07604710413945903,MODE_1_ACCEPT,simple,four_mode_relocalization_v2,0.0,0,0,0,False,0,0,0.8661248414452528,0,0,precomputed,0,0.0,1.853330060839653,0,708,cache_read_only_not_online_fps,157ff887794c6cb410230016d2d4aa63b09139d0c130484af891fca7557bb682,cached_perception_v2,0,0,0,,,0,0.0,0,10.040327906608582,0.6493981927633286,2.5027282536029816,1.036493777971079,0.953834453732625,1.036493777971079,1.0363519454161476,1.036493777971079,1.036493777971079
sugar_box1_clean,708,1.0495620964557562,1.1748555345508953,0.6791932485166661,0.7734495529111216,0.033061802827944825,0.03765001591455323,0.0891009055627426,0.0891009055627426,0.12529343809513915,0.09425630439445554,MODE_1_ACCEPT,simple,four_mode_relocalization_v2,0.0,0,0,0,False,0,1,1.0495620964557562,0,0,precomputed,0,0.0,2.411236986517906,0,709,cache_read_only_not_online_fps,157ff887794c6cb410230016d2d4aa63b09139d0c130484af891fca7557bb682,cached_perception_v2,0,0,0,,,0,0.0,0,10.929349809885025,0.9721545502543449,3.383391536772251,1.0495620964557562,0.9947122952363431,1.0495620964557562,1.0494314802713325,1.0495620964557562,1.0495620964557562
sugar_box1_clean,709,1.0504965864151719,1.0634558602245534,0.7279110926829467,0.6521032395466043,0.03543329247620889,0.03174311402011069,0.0891009055627426,0.0891009055627426,0.012959273809381555,-0.07580785313634242,MODE_1_ACCEPT,simple,four_mode_relocalization_v2,0.0,0,0,0,False,0,1,1.0504965864151719,0,0,precomputed,0,0.0,1.7666881904006004,0,710,cache_read_only_not_online_fps,157ff887794c6cb410230016d2d4aa63b09139d0c130484af891fca7557bb682,cached_perception_v2,0,0,0,,,0,0.0,0,10.470610111951828,0.9250734001398087,2.691761590540409,1.0504965864151719,1.0374264901690005,1.0504965864151719,1.050365372515521,1.0504965864151719,1.0504965864151719
sugar_box1_clean,710,1.199481334319855,1.059985331017313,0.8069065142434313,0.7886987398761645,0.03927863554704631,0.03839231659823315,0.0891009055627426,0.0891009055627426,-0.13949600330254186,-0.018207774367266838,MODE_1_ACCEPT,simple,four_mode_relocalization_v2,0.0,0,0,0,False,0,1,1.059985331017313,0,0,precomputed,0,0.0,1.7315084114670753,0,711,cache_read_only_not_online_fps,157ff887794c6cb410230016d2d4aa63b09139d0c130484af891fca7557bb682,cached_perception_v2,0,0,0,,,0,0.0,0,9.862556122243404,0.6322590634226799,2.3637674748897552,1.199481334319855,1.1406166544615544,1.199481334319855,1.1993568284456344,1.199481334319855,1.059985331017313
sugar_box1_clean,711,1.1261704374974524,1.350514847789924,0.7264304722746565,0.8795204026537136,0.03536121876212408,0.04281333802890149,0.0891009055627426,0.0891009055627426,0.22434441029247165,0.15308993037905705,MODE_1_ACCEPT,simple,four_mode_relocalization_v2,0.0,0,0,0,False,0,1,1.1261704374974524,0,0,precomputed,0,0.0,1.6362052410840988,0,712,cache_read_only_not_online_fps,157ff887794c6cb410230016d2d4aa63b09139d0c130484af891fca7557bb682,cached_perception_v2,0,0,0,,,0,0.0,0,11.015387251973152,1.4362242072820663,3.072429448366165,1.1261704374974524,1.1855972185734358,1.1261704374974524,1.126030413491088,1.1261704374974524,1.0782339714622005
sugar_box1_clean,712,1.042359512845625,1.0614544519414337,0.7023589665343812,0.6532636413014717,0.034189464805065725,0.031799600114612386,0.0891009055627426,0.0891009055627426,0.01909493909580884,-0.04909532523290949,MODE_1_ACCEPT,simple,four_mode_relocalization_v2,0.0,0,0,0,False,0,1,1.042359512845625,0,0,precomputed,0,0.0,2.918718382716179,0,713,cache_read_only_not_online_fps,157ff887794c6cb410230016d2d4aa63b09139d0c130484af891fca7557bb682,cached_perception_v2,0,0,0,,,0,0.0,0,15.891095623373985,0.679762102663517,3.598480485379696,1.042359512845625,1.130668555647964,1.042359512845625,1.0421133130780447,1.042359512845625,1.042359512845625
sugar_box1_clean,713,1.1485653381682064,0.9860662992345743,0.7150657417130322,0.6672323773904402,0.034808005840997816,0.03247957094668072,0.0891009055627426,0.0891009055627426,-0.16249903893363205,-0.047833364322592,MODE_1_ACCEPT,simple,four_mode_relocalization_v2,0.0,0,0,0,False,0,0,0.9860662992345743,0,0,precomputed,0,0.0,2.1763425320386887,0,714,cache_read_only_not_online_fps,157ff887794c6cb410230016d2d4aa63b09139d0c130484af891fca7557bb682,cached_perception_v2,0,0,0,,,0,0.0,0,12.565563432872295,0.6810436025261879,2.8573861345648766,1.1485653381682064,1.1136828513328434,1.1485653381682064,1.1484252000688273,1.1485653381682064,1.063157501276192
sugar_box1_clean,714,1.1800904918144772,1.2504548618130833,0.7430814135532166,0.7505075070335661,0.03617175411219379,0.03653324186102729,0.0891009055627426,0.0891009055627426,0.07036436999860607,0.007426093480349505,MODE_1_ACCEPT,simple,four_mode_relocalization_v2,0.0,0,0,0,False,0,1,1.1800904918144772,0,0,precomputed,0,0.0,2.045854926109314,0,715,cache_read_only_not_online_fps,157ff887794c6cb410230016d2d4aa63b09139d0c130484af891fca7557bb682,cached_perception_v2,0,0,0,,,0,0.0,0,11.242068372666836,1.2639034539461136,3.3097583800554276,1.1800904918144772,1.1341886615945187,1.1800904918144772,1.1799399768599235,1.1800904918144772,1.1608575036715445
sugar_box1_clean,715,1.103952239507039,1.2442916569751137,0.731151038847897,0.7623024017393705,0.035591006737227655,0.037107394333819585,0.0891009055627426,0.0891009055627426,0.14033941746807477,0.031151362891473466,MODE_1_ACCEPT,simple,four_mode_relocalization_v2,0.0,0,0,0,False,0,1,1.103952239507039,0,0,precomputed,0,0.0,2.0924387499690056,0,716,cache_read_only_not_online_fps,157ff887794c6cb410230016d2d4aa63b09139d0c130484af891fca7557bb682,cached_perception_v2,0,0,0,,,0,0.0,0,11.190252378582954,1.3010567054152489,3.3934954553842545,1.103952239507039,1.1459265279783868,1.103952239507039,1.103787544001516,1.103952239507039,1.103952239507039
sugar_box1_clean,716,1.0343629076520664,0.9828582317969906,0.7178876752552191,0.7114437320997392,0.03494537206271617,0.034631693476384146,0.0891009055627426,0.0891009055627426,-0.05150467585507579,-0.006443943155479914,MODE_1_ACCEPT,simple,four_mode_relocalization_v2,0.0,0,0,0,False,0,0,0.9828582317969906,0,0,precomputed,0,0.0,2.272237092256546,0,717,cache_read_only_not_online_fps,157ff887794c6cb410230016d2d4aa63b09139d0c130484af891fca7557bb682,cached_perception_v2,0,0,0,,,0,0.0,0,10.792864486575127,1.2326044961810112,3.504841588437557,1.0343629076520664,1.0566947971114458,1.0343629076520664,1.034287296469674,1.0343629076520664,1.0343629076520664
sugar_box1_clean,717,0.9823895448462242,1.053627279177801,0.666688037626018,0.7012044849482328,0.03245307354847772,0.03413326689283221,0.0891009055627426,0.0891009055627426,0.07123773433157676,0.034516447322214816,MODE_1_ACCEPT,simple,four_mode_relocalization_v2,0.0,0,0,0,False,0,0,0.9823895448462242,0,0,precomputed,0,0.0,2.154429443180561,0,718,cache_read_only_not_online_fps,157ff887794c6cb410230016d2d4aa63b09139d0c130484af891fca7557bb682,cached_perception_v2,0,0,0,,,0,0.0,0,11.24859694391489,1.1774152517318726,3.3318446949124336,0.9823895448462242,0.999840719224781,0.9823895448462242,0.9822369336825056,0.9823895448462242,0.9823895448462242
sugar_box1_clean,718,0.9623953116775953,0.9525032341747255,0.6577415411607356,0.6101591864869136,0.03201757554730933,0.029701359313194866,0.0891009055627426,0.04219409282700422,-0.0098920775028698,-0.04758235467382199,MODE_1_ACCEPT,simple,four_mode_relocalization_v2,0.0,0,0,0,False,0,0,0.9525032341747255,0,0,precomputed,0,0.0,2.331751398742199,0,719,cache_read_only_not_online_fps,157ff887794c6cb410230016d2d4aa63b09139d0c130484af891fca7557bb682,cached_perception_v2,0,0,0,,,0,0.0,0,10.956333950161934,1.1249519884586334,3.4567033872008324,0.9623953116775953,0.9428583662153812,0.9623953116775953,0.9622496375827978,0.9623953116775953,0.9525032341747255
sugar_box1_clean,719,1.130623068426615,0.9585845119745109,0.7305812561559011,0.6532201154976992,0.03556327082692718,0.031797481363365375,0.0891009055627426,0.0891009055627426,-0.17203855645210409,-0.07736114065820188,MODE_1_ACCEPT,simple,four_mode_relocalization_v2,0.0,0,0,0,False,0,0,0.9585845119745109,0,0,precomputed,0,0.0,2.093088813126087,0,720,cache_read_only_not_online_fps,157ff887794c6cb410230016d2d4aa63b09139d0c130484af891fca7557bb682,cached_perception_v2,0,0,0,,,0,0.0,0,10.780657641589642,1.2082578614354134,3.3013466745615005,1.130623068426615,1.0126494088024882,1.130623068426615,1.1304675210347008,1.130623068426615,0.9540415407222176
sugar_box1_clean,720,1.1299767654910478,1.3007859518268168,0.7299469820262874,0.7960223859519222,0.03553239559920966,0.03874881740719609,0.0891009055627426,0.0891009055627426,0.17080918633576903,0.06607540392563482,MODE_1_ACCEPT,simple,four_mode_relocalization_v2,0.0,0,0,0,False,0,1,1.1299767654910478,0,0,precomputed,0,0.0,2.2142278030514717,0,721,cache_read_only_not_online_fps,157ff887794c6cb410230016d2d4aa63b09139d0c130484af891fca7557bb682,cached_perception_v2,0,0,0,,,0,0.0,0,10.616770945489407,1.2720869854092598,3.4863147884607315,1.1299767654910478,1.1063224162455398,1.1299767654910478,1.1298396623436993,1.1299767654910478,0.9779432773812621
sugar_box1_clean,721,1.1278485673306506,1.1384669253343824,0.695264207614165,0.7402875570548425,0.03384410577647662,0.03603575462621458,0.0891009055627426,0.0891009055627426,0.010618358003731787,0.04502334944067754,MODE_1_ACCEPT,simple,four_mode_relocalization_v2,0.0,0,0,0,False,0,1,1.1278485673306506,0,0,precomputed,0,0.0,1.9624140113592148,0,722,cache_read_only_not_online_fps,157ff887794c6cb410230016d2d4aa63b09139d0c130484af891fca7557bb682,cached_perception_v2,0,0,0,,,0,0.0,0,11.82636246085167,0.6355466321110725,2.5979606434702873,1.1278485673306506,1.1650356862963847,1.1278485673306506,1.127699053111325,1.1278485673306506,1.0248478961983796
sugar_box1_clean,722,1.1073500115959547,1.1113947477493602,0.6993355740484137,0.6509958041941204,0.034042291954833694,0.03168920622678606,0.0891009055627426,0.0891009055627426,0.004044736153405504,-0.048339769854293335,MODE_1_ACCEPT,simple,four_mode_relocalization_v2,0.0,0,0,0,False,0,1,1.1073500115959547,0,0,precomputed,0,0.0,2.5203758850693703,0,723,cache_read_only_not_online_fps,157ff887794c6cb410230016d2d4aa63b09139d0c130484af891fca7557bb682,cached_perception_v2,0,0,0,,,0,0.0,0,11.377089656889439,0.9866245090961456,3.507000394165516,1.1073500115959547,1.1554384886197486,1.1073500115959547,1.1072007586535564,1.1073500115959547,1.0768826415419865
sugar_box1_clean,723,1.1730867943042618,1.1034419229750136,0.750500577223112,0.7119526377926969,0.036532904531368364,0.03465646601308903,0.0891009055627426,0.0891009055627426,-0.06964487132924813,-0.038547939430415123,MODE_1_ACCEPT,simple,four_mode_relocalization_v2,0.0,0,0,0,False,0,1,1.1034419229750136,0,0,precomputed,0,0.0,2.3025106638669968,0,724,cache_read_only_not_online_fps,157ff887794c6cb410230016d2d4aa63b09139d0c130484af891fca7557bb682,cached_perception_v2,0,0,0,,,0,0.0,0,12.237424962222576,0.6131250411272049,2.9156357049942017,1.1730867943042618,1.1663297237015118,1.1730867943042618,1.172936087098953,1.1730867943042618,1.1436924445149295
sugar_box1_clean,724,1.1709841065759472,1.2355327311461042,0.7428068532137672,0.7872835714600335,0.036158389050295614,0.038323428959487274,0.0891009055627426,0.0891009055627426,0.06454862457015698,0.04447671824626631,MODE_1_ACCEPT,simple,four_mode_relocalization_v2,0.0,0,0,0,False,0,1,1.1709841065759472,0,0,precomputed,0,0.0,2.491157501935959,0,725,cache_read_only_not_online_fps,157ff887794c6cb410230016d2d4aa63b09139d0c130484af891fca7557bb682,cached_perception_v2,0,0,0,,,0,0.0,0,11.503132991492748,0.6358511745929718,3.1270086765289307,1.1709841065759472,1.1713884150024967,1.1709841065759472,1.1708218401792603,1.1709841065759472,1.1709841065759472
sugar_box1_clean,725,1.0762339870011601,1.1657988143004647,0.6954633554984456,0.7167659258430338,0.03385379990712069,0.03489076748887944,0.0891009055627426,0.0891009055627426,0.0895648272993046,0.021302570344588156,MODE_1_ACCEPT,simple,four_mode_relocalization_v2,0.0,0,0,0,False,0,1,1.0762339870011601,0,0,precomputed,0,0.0,3.8093822076916695,0,726,cache_read_only_not_online_fps,157ff887794c6cb410230016d2d4aa63b09139d0c130484af891fca7557bb682,cached_perception_v2,0,0,0,,,0,0.0,0,17.801889218389988,0.7562907412648201,4.56567294895649,1.0762339870011601,1.13198237809041,1.0762339870011601,1.0761107700985648,1.0762339870011601,1.0762339870011601
sugar_box1_clean,726,1.0823873542586964,0.9864057080635898,0.7372312272048972,0.6526820943333186,0.035886978449336,0.03177129154229036,0.0891009055627426,0.0891009055627426,-0.09598164619510652,-0.08454913287157861,MODE_1_ACCEPT,simple,four_mode_relocalization_v2,0.0,0,0,0,False,0,0,0.9864057080635898,0,0,precomputed,0,0.0,2.532266080379486,0,727,cache_read_only_not_online_fps,157ff887794c6cb410230016d2d4aa63b09139d0c130484af891fca7557bb682,cached_perception_v2,0,0,0,,,0,0.0,0,12.30790838599205,0.7065888494253159,3.238854929804802,1.0823873542586964,1.0874385644459506,1.0823873542586964,1.082255992472827,1.0823873542586964,0.9864057080635898
sugar_box1_clean,727,1.050627395186755,1.0795664658240234,0.6960528951940194,0.7565311966801073,0.03388249754982676,0.03682646332608988,0.0891009055627426,0.0891009055627426,0.028939070637268305,0.060478301486087904,MODE_1_ACCEPT,simple,four_mode_relocalization_v2,0.0,0,0,0,False,0,1,1.050627395186755,0,0,precomputed,0,0.0,2.2949501872062683,0,728,cache_read_only_not_online_fps,157ff887794c6cb410230016d2d4aa63b09139d0c130484af891fca7557bb682,cached_perception_v2,0,0,0,,,0,0.0,0,11.376232840120792,0.637599267065525,2.9325494542717934,1.050627395186755,1.0422741296818856,1.050627395186755,1.0505182708831673,1.050627395186755,0.9106148206716081
sugar_box1_clean,728,1.1313877509763628,1.027479680752178,0.7316902946648481,0.6824237300784749,0.035617256658782084,0.033219056370539804,0.0891009055627426,0.0891009055627426,-0.1039080702241848,-0.04926656458637324,MODE_1_ACCEPT,simple,four_mode_relocalization_v2,0.0,0,0,0,False,0,1,1.027479680752178,0,0,precomputed,0,0.0,1.9895369186997414,0,729,cache_read_only_not_online_fps,157ff887794c6cb410230016d2d4aa63b09139d0c130484af891fca7557bb682,cached_perception_v2,0,0,0,,,0,0.0,0,10.09649969637394,0.6410153582692146,2.630552276968956,1.1313877509763628,1.065824709359891,1.1313877509763628,1.131267749319897,1.1313877509763628,0.8662445405230587
sugar_box1_clean,729,1.2372846566659637,1.2169296286778895,0.7773902696752872,0.7479017550663352,0.03784184232175348,0.036406398936797306,0.0891009055627426,0.0891009055627426,-0.020355027988074204,-0.029488514608952077,MODE_1_ACCEPT,simple,four_mode_relocalization_v2,0.0,0,0,0,False,0,1,1.2169296286778895,0,0,precomputed,0,0.0,1.9028866663575172,0,730,cache_read_only_not_online_fps,157ff887794c6cb410230016d2d4aa63b09139d0c130484af891fca7557bb682,cached_perception_v2,0,0,0,,,0,0.0,0,10.04806999117136,1.2842919677495956,3.187178634107113,1.2372846566659637,1.1623124338379929,1.2372846566659637,1.2371485322510627,1.2372846566659637,0.8665514595369199
sugar_box1_clean,730,1.2111379321562,1.3422018540190066,0.7337831615354147,0.8179354984034539,0.035719133336695075,0.039815504988089126,0.0891009055627426,0.0891009055627426,0.1310639218628067,0.08415233686803925,MODE_1_ACCEPT,simple,four_mode_relocalization_v2,0.0,0,0,0,False,0,1,1.2111379321562,0,0,precomputed,0,0.0,1.7647799104452133,0,731,cache_read_only_not_online_fps,157ff887794c6cb410230016d2d4aa63b09139d0c130484af891fca7557bb682,cached_perception_v2,0,0,0,,,0,0.0,0,10.466041043400764,0.6341887637972832,2.3989686742424965,1.2111379321562,1.236815777485001,1.2111379321562,1.2109911577237849,1.2111379321562,0.9185274714552845
sugar_box1_clean,731,1.1030721329998252,1.1753497148180627,0.71716008735014,0.6899076810733423,0.03490995450238226,0.03358336051035081,0.0891009055627426,0.0891009055627426,0.07227758181823751,-0.027252406276797703,MODE_1_ACCEPT,simple,four_mode_relocalization_v2,0.0,0,0,0,False,0,1,1.1030721329998252,0,0,precomputed,0,0.0,1.9582649692893028,0,732,cache_read_only_not_online_fps,157ff887794c6cb410230016d2d4aa63b09139d0c130484af891fca7557bb682,cached_perception_v2,0,0,0,,,0,0.0,0,11.24641578644514,0.7180804386734962,2.676345407962799,1.1030721329998252,1.2040743343851903,1.1030721329998252,1.102925331348123,1.1030721329998252,0.9889555638534254
sugar_box1_clean,732,1.1308936940938037,1.0250877471528808,0.7376687847630207,0.6897125170802937,0.03590827789797473,0.03357386030776284,0.0891009055627426,0.0891009055627426,-0.10580594694092293,-0.04795626768272698,MODE_1_ACCEPT,simple,four_mode_relocalization_v2,0.0,0,0,0,False,0,1,1.0250877471528808,0,0,precomputed,0,0.0,1.9802479073405266,0,733,cache_read_only_not_online_fps,157ff887794c6cb410230016d2d4aa63b09139d0c130484af891fca7557bb682,cached_perception_v2,0,0,0,,,0,0.0,0,10.745292529463768,0.6574960425496101,2.6377439498901367,1.1308936940938037,1.162162880869009,1.1308936940938037,1.1307454822567728,1.1308936940938037,1.084389642562141
sugar_box1_clean,733,0.9992004018510272,1.1514169388115352,0.6637542297113627,0.7508008140930299,0.032310261500476306,0.03654751947669738,0.0891009055627426,0.0891009055627426,0.15221653696050796,0.08704658438166724,MODE_1_ACCEPT,simple,four_mode_relocalization_v2,0.0,0,0,0,False,0,0,0.9992004018510272,0,0,precomputed,0,0.0,2.205333672463894,0,734,cache_read_only_not_online_fps,157ff887794c6cb410230016d2d4aa63b09139d0c130484af891fca7557bb682,cached_perception_v2,0,0,0,,,0,0.0,0,11.581478640437126,0.6805369630455971,2.885870635509491,0.9992004018510272,1.0513049231622285,0.9992004018510272,0.9990745210840701,0.9992004018510272,0.9992004018510272
sugar_box1_clean,734,1.0581222545952098,0.8812187175545438,0.7151990324639134,0.6039943059126399,0.034814494174817454,0.029401264949109822,0.0891009055627426,0.04219409282700422,-0.17690353704066597,-0.11120472655127345,MODE_1_ACCEPT,simple,four_mode_relocalization_v2,0.0,0,0,0,False,0,0,0.8812187175545438,0,0,precomputed,0,0.0,2.0407773554325104,0,735,cache_read_only_not_online_fps,157ff887794c6cb410230016d2d4aa63b09139d0c130484af891fca7557bb682,cached_perception_v2,0,0,0,,,0,0.0,0,11.264048516750336,0.6473129615187645,2.688090316951275,1.0581222545952098,1.0034867929119788,1.0581222545952098,1.0579931953599995,1.0581222545952098,1.0581222545952098
sugar_box1_clean,735,1.0646873303105397,1.1067007674234983,0.7078373756572459,0.7563548895933059,0.03445614307759941,0.03681788104092476,0.0891009055627426,0.0891009055627426,0.042013437112958574,0.048517513936059964,MODE_1_ACCEPT,simple,four_mode_relocalization_v2,0.0,0,0,0,False,0,1,1.0646873303105397,0,0,precomputed,0,0.0,1.8432214856147766,0,736,cache_read_only_not_online_fps,157ff887794c6cb410230016d2d4aa63b09139d0c130484af891fca7557bb682,cached_perception_v2,0,0,0,,,0,0.0,0,12.021249160170555,0.6612110882997513,2.504432573914528,1.0646873303105397,1.0066254074267569,1.0646873303105397,1.0645550263376362,1.0646873303105397,1.0646873303105397
sugar_box1_clean,736,1.0573860994773154,1.096978803387481,0.700483800724801,0.6785506480748599,0.03409818539025787,0.0330305222915871,0.0891009055627426,0.0891009055627426,0.03959270391016556,-0.021933152649941112,MODE_1_ACCEPT,simple,four_mode_relocalization_v2,0.0,0,0,0,False,0,1,1.0573860994773154,0,0,precomputed,0,0.0,2.03792005777359,0,737,cache_read_only_not_online_fps,157ff887794c6cb410230016d2d4aa63b09139d0c130484af891fca7557bb682,cached_perception_v2,0,0,0,,,0,0.0,0,10.538069531321526,0.6394758820533752,2.6773959398269653,1.0573860994773154,1.0444037436591924,1.0573860994773154,1.0572686893192935,1.0573860994773154,1.0573860994773154
sugar_box1_clean,737,0.9750410643461136,1.027838782174024,0.6632477900794176,0.6923228153824964,0.0322856090068124,0.033700924538713345,0.0891009055627426,0.0891009055627426,0.05279771782791043,0.029075025303078816,MODE_1_ACCEPT,simple,four_mode_relocalization_v2,0.0,0,0,0,False,0,0,0.9750410643461136,0,0,precomputed,0,0.0,1.935672014951706,0,738,cache_read_only_not_online_fps,157ff887794c6cb410230016d2d4aa63b09139d0c130484af891fca7557bb682,cached_perception_v2,0,0,0,,,0,0.0,0,10.564293712377548,0.6377613171935081,2.573433332145214,0.9750410643461136,1.0137101993854905,0.9750410643461136,0.9749212657236612,0.9750410643461136,0.9750410643461136
sugar_box1_clean,738,0.9567701418619691,0.9282000630701883,0.6672370160522662,0.6230903015758186,0.03247979674769245,0.030330820778467882,0.0891009055627426,0.04219409282700422,-0.02857007879178075,-0.04414671447644758,MODE_1_ACCEPT,simple,four_mode_relocalization_v2,0.0,0,0,0,False,0,0,0.9282000630701883,0,0,precomputed,0,0.0,1.9060298800468445,0,739,cache_read_only_not_online_fps,157ff887794c6cb410230016d2d4aa63b09139d0c130484af891fca7557bb682,cached_perception_v2,0,0,0,,,0,0.0,0,11.360399425029755,0.634118914604187,2.5401487946510315,0.9567701418619691,0.9813228868819724,0.9567701418619691,0.9566293181803911,0.9567701418619691,0.9282000630701883
sugar_box1_clean,739,1.0855416473603332,0.9368831739969943,0.7057405839079404,0.6868440899519024,0.034354075344243395,0.03343423086893624,0.0891009055627426,0.0891009055627426,-0.14865847336333893,-0.018896493956037985,MODE_1_ACCEPT,simple,four_mode_relocalization_v2,0.0,0,0,0,False,0,0,0.9368831739969943,0,0,precomputed,0,0.0,2.165932208299637,0,740,cache_read_only_not_online_fps,157ff887794c6cb410230016d2d4aa63b09139d0c130484af891fca7557bb682,cached_perception_v2,0,0,0,,,0,0.0,0,10.653914883732796,0.6335768848657608,2.7995090931653976,1.0855416473603332,1.0151766490211938,1.0855416473603332,1.0854022743227245,1.0855416473603332,0.8811921960739935
sugar_box1_clean,740,1.084657933132829,1.2172135575459826,0.717123851861209,0.7452181831476834,0.034908190629444724,0.036275767889090565,0.0891009055627426,0.0891009055627426,0.1325556244131536,0.028094331286474428,MODE_1_ACCEPT,simple,four_mode_relocalization_v2,0.0,0,0,0,False,0,1,1.084657933132829,0,0,precomputed,0,0.0,2.0500123500823975,0,741,cache_read_only_not_online_fps,157ff887794c6cb410230016d2d4aa63b09139d0c130484af891fca7557bb682,cached_perception_v2,0,0,0,,,0,0.0,0,9.73553117364645,0.6356397643685341,2.6856521144509315,1.084657933132829,1.0664175544829684,1.084657933132829,1.0845157777931038,1.084657933132829,0.8460537221896537
sugar_box1_clean,741,1.057902923723143,1.068586359163255,0.6897597723763179,0.7218810743068554,0.0335761606034197,0.03513976294093359,0.0891009055627426,0.0891009055627426,0.010683435440111966,0.03212130193053753,MODE_1_ACCEPT,simple,four_mode_relocalization_v2,0.0,0,0,0,False,0,1,1.057902923723143,0,0,precomputed,0,0.0,1.803174614906311,0,742,cache_read_only_not_online_fps,157ff887794c6cb410230016d2d4aa63b09139d0c130484af891fca7557bb682,cached_perception_v2,0,0,0,,,0,0.0,0,9.876443073153496,0.6375862285494804,2.4407608434557915,1.057902923723143,1.0789289187385542,1.057902923723143,1.0577739920004832,1.057902923723143,0.8217233072999337
sugar_box1_clean,742,0.9945501923489338,1.065374661035676,0.6832518688959475,0.6523364275709556,0.033259368553202454,0.031754465158390956,0.0891009055627426,0.0891009055627426,0.07082446868674219,-0.03091544132499191,MODE_1_ACCEPT,simple,four_mode_relocalization_v2,0.0,0,0,0,False,0,0,0.9945501923489338,0,0,precomputed,0,0.0,1.8914798274636269,0,743,cache_read_only_not_online_fps,157ff887794c6cb410230016d2d4aa63b09139d0c130484af891fca7557bb682,cached_perception_v2,0,0,0,,,0,0.0,0,10.024103336036205,0.6289556622505188,2.5204354897141457,0.9945501923489338,1.0532647007424834,0.9945501923489338,0.9944314266922771,0.9945501923489338,0.8514419339344927
sugar_box1_clean,743,0.9829069882388982,0.9334019732402807,0.670807607165768,0.6585884724563088,0.03265360616000865,0.032058802511158294,0.0891009055627426,0.0891009055627426,-0.04950501499861748,-0.012219134709459234,MODE_1_ACCEPT,simple,four_mode_relocalization_v2,0.0,0,0,0,False,0,0,0.9334019732402807,0,0,precomputed,0,0.0,3.867301158607006,0,744,cache_read_only_not_online_fps,157ff887794c6cb410230016d2d4aa63b09139d0c130484af891fca7557bb682,cached_perception_v2,0,0,0,,,0,0.0,0,19.83659714460373,1.3049887493252754,5.1722899079322815,0.9829069882388982,1.0011410731394654,0.9829069882388982,0.9827838546854496,0.9829069882388982,0.9179887411914244
sugar_box1_clean,744,0.9636830243123976,0.9654557752507086,0.6690728670147575,0.6456504037809196,0.032569162392412775,0.03142900255885558,0.0891009055627426,0.04219409282700422,0.001772750938310974,-0.023422463233837898,MODE_1_ACCEPT,simple,four_mode_relocalization_v2,0.0,0,0,0,False,0,0,0.9636830243123976,0,0,precomputed,0,0.0,2.665391191840172,0,745,cache_read_only_not_online_fps,157ff887794c6cb410230016d2d4aa63b09139d0c130484af891fca7557bb682,cached_perception_v2,0,0,0,,,0,0.0,0,14.48522973805666,0.6625540554523468,3.3279452472925186,0.9636830243123976,0.9514752888226838,0.9636830243123976,0.9635673808712936,0.9636830243123976,0.9636830243123976
sugar_box1_clean,745,1.0264903608625948,0.9614198282867232,0.6899353520310638,0.6743955924205828,0.03358470747861094,0.032828262285203254,0.0891009055627426,0.0891009055627426,-0.06507053257587159,-0.015539759610481041,MODE_1_ACCEPT,simple,four_mode_relocalization_v2,0.0,0,0,0,False,0,0,0.9614198282867232,0,0,precomputed,0,0.0,2.3725833743810654,0,746,cache_read_only_not_online_fps,157ff887794c6cb410230016d2d4aa63b09139d0c130484af891fca7557bb682,cached_perception_v2,0,0,0,,,0,0.0,0,11.873985640704632,0.6970036774873734,3.0695870518684387,1.0264903608625948,0.9690234172519238,1.0264903608625948,1.0263428667403227,1.0264903608625948,1.0264903608625948
sugar_box1_clean,746,1.061950937158838,1.1097864016202934,0.7566510113276294,0.6997661225469192,0.03683229566947805,0.034063250216118744,0.0891009055627426,0.0891009055627426,0.04783546446145537,-0.056884888780710186,MODE_1_ACCEPT,simple,four_mode_relocalization_v2,0.0,0,0,0,False,0,1,1.061950937158838,0,0,precomputed,0,0.0,2.449563704431057,0,747,cache_read_only_not_online_fps,157ff887794c6cb410230016d2d4aa63b09139d0c130484af891fca7557bb682,cached_perception_v2,0,0,0,,,0,0.0,0,11.357730254530907,0.7011983543634415,3.1507620587944984,1.061950937158838,1.0229570319352308,1.061950937158838,1.0618700803959045,1.061950937158838,1.061950937158838
sugar_box1_clean,747,0.9591830808526671,1.1313191727990932,0.6720540553536507,0.8191187954599481,0.03271428082706847,0.03987310558122538,0.0891009055627426,0.0891009055627426,0.1721360919464261,0.14706474010629744,MODE_1_ACCEPT,simple,four_mode_relocalization_v2,0.0,0,0,0,False,0,0,0.9591830808526671,0,0,precomputed,0,0.0,1.9618533551692963,0,748,cache_read_only_not_online_fps,157ff887794c6cb410230016d2d4aa63b09139d0c130484af891fca7557bb682,cached_perception_v2,0,0,0,,,0,0.0,0,11.278095655143261,0.6680069491267204,2.6298603042960167,0.9591830808526671,1.0164508739934162,0.9591830808526671,0.9590464577637708,0.9591830808526671,0.9591830808526671
sugar_box1_clean,748,0.8574146378435659,0.881157342155075,0.600408754427624,0.5959159952703759,0.029226727295082872,0.0290080285407375,0.04219409282700422,0.04219409282700422,0.023742704311509155,-0.004492759157248116,MODE_1_ACCEPT,simple,four_mode_relocalization_v2,0.0,0,0,0,False,0,0,0.8574146378435659,0,0,precomputed,0,0.0,2.229497767984867,0,749,cache_read_only_not_online_fps,157ff887794c6cb410230016d2d4aa63b09139d0c130484af891fca7557bb682,cached_perception_v2,0,0,0,,,0,0.0,0,11.008940637111664,0.6769923493266106,2.9064901173114777,0.8574146378435659,0.9339925723173286,0.8574146378435659,0.8572828255714916,0.8574146378435659,0.8574146378435659
sugar_box1_clean,749,0.9851013993929406,0.7355146677359666,0.6991323951957674,0.5407668710332548,0.034032401604510466,0.02632347672040711,0.0891009055627426,0.02702702702702703,-0.24958673165697398,-0.1583655241625126,MODE_1_ACCEPT,simple,four_mode_relocalization_v2,0.0,0,0,0,False,0,0,0.7355146677359666,0,0,precomputed,0,0.0,1.9811438396573067,0,750,cache_read_only_not_online_fps,157ff887794c6cb410230016d2d4aa63b09139d0c130484af891fca7557bb682,cached_perception_v2,0,0,0,,,0,0.0,0,10.176236741244793,0.6696674972772598,2.6508113369345665,0.9851013993929406,0.9059865310274872,0.9851013993929406,0.9849577238005067,0.9851013993929406,0.7355146677359666
sugar_box1_clean,750,0.9486717151250167,1.1578106951823388,0.6802352545164554,0.782637914181595,0.03311252564797552,0.03809728742277238,0.0891009055627426,0.0891009055627426,0.20913898005732212,0.10240265966513962,MODE_1_ACCEPT,simple,four_mode_relocalization_v2,0.0,0,0,0,False,0,0,0.9486717151250167,0,0,precomputed,0,0.0,1.9053341820836067,0,751,cache_read_only_not_online_fps,157ff887794c6cb410230016d2d4aa63b09139d0c130484af891fca7557bb682,cached_perception_v2,0,0,0,,,0,0.0,0,10.902157053351402,0.6840378046035767,2.5893719866871834,0.9486717151250167,0.9299468494837043,0.9486717151250167,0.9485693729343153,0.9486717151250167,0.648443587254805
sugar_box1_clean,751,0.8885701279731673,0.9140814739898121,0.626843072867741,0.6833709992375036,0.030513498366595976,0.03326516758591068,0.04219409282700422,0.0891009055627426,0.025511346016644842,0.05652792636976256,MODE_1_ACCEPT,simple,four_mode_relocalization_v2,0.0,0,0,0,False,0,0,0.8885701279731673,0,0,precomputed,0,0.0,2.0113885402679443,0,752,cache_read_only_not_online_fps,157ff887794c6cb410230016d2d4aa63b09139d0c130484af891fca7557bb682,cached_perception_v2,0,0,0,,,0,0.0,0,10.237354785203934,1.4901161193847656,3.50150465965271,0.8885701279731673,0.910324453235389,0.8885701279731673,0.8884512086870968,0.8885701279731673,0.563333507598961
sugar_box1_clean,752,0.9307173066160767,0.841630295318309,0.6328601605129227,0.5593488733853733,0.030806398459107095,0.027228012357732537,0.04219409282700422,0.04219409282700422,-0.08908701129776764,-0.0735112871275494,MODE_1_ACCEPT,simple,four_mode_relocalization_v2,0.0,0,0,0,False,0,0,0.841630295318309,0,0,precomputed,0,0.0,2.8804680332541466,0,753,cache_read_only_not_online_fps,157ff887794c6cb410230016d2d4aa63b09139d0c130484af891fca7557bb682,cached_perception_v2,0,0,0,,,0,0.0,0,14.416598714888096,0.7009068503975868,3.5813748836517334,0.9307173066160767,0.9078230395359257,0.9307173066160767,0.9305594812820752,0.9307173066160767,0.4927764640954938
sugar_box1_clean,753,0.8877079961243182,0.9765411846602361,0.6431162153182461,0.6576970618829118,0.03130564320646986,0.03201541038280489,0.04219409282700422,0.0891009055627426,0.08883318853591793,0.014580846564665628,MODE_1_ACCEPT,simple,four_mode_relocalization_v2,0.0,0,0,0,False,0,0,0.8877079961243182,0,0,precomputed,0,0.0,2.178207039833069,0,754,cache_read_only_not_online_fps,157ff887794c6cb410230016d2d4aa63b09139d0c130484af891fca7557bb682,cached_perception_v2,0,0,0,,,0,0.0,0,11.400568298995495,0.7146410644054413,2.89284810423851,0.8877079961243182,0.8930855429313317,0.8877079961243182,0.8875459808534883,0.8877079961243182,0.44830677702427313
sugar_box1_clean,754,1.0631776233781278,0.8585806921543754,0.7028637433573138,0.6483374828479249,0.034214036356429584,0.03155980432770479,0.0891009055627426,0.04219409282700422,-0.20459693122375244,-0.05452626050938891,MODE_1_ACCEPT,simple,four_mode_relocalization_v2,0.0,0,0,0,False,0,0,0.8585806921543754,0,0,precomputed,0,0.0,2.0364364609122276,0,755,cache_read_only_not_online_fps,157ff887794c6cb410230016d2d4aa63b09139d0c130484af891fca7557bb682,cached_perception_v2,0,0,0,,,0,0.0,0,10.095200501382351,0.6630038842558861,2.6994403451681137,1.0631776233781278,0.9752586245852426,1.0631776233781278,1.0117847180342852,1.0631776233781278,0.4363016022123474
sugar_box1_clean,755,1.2388030681126019,1.2505702152612768,0.7841067191542486,0.7643093321447569,0.03816878598449194,0.03720508779219422,0.0891009055627426,0.0891009055627426,0.011767147148674884,-0.01979738700949163,MODE_1_ACCEPT,simple,four_mode_relocalization_v2,0.0,0,0,0,False,0,1,1.2388030681126019,0,0,precomputed,0,0.0,2.1371766924858093,0,756,cache_read_only_not_online_fps,157ff887794c6cb410230016d2d4aa63b09139d0c130484af891fca7557bb682,cached_perception_v2,0,0,0,,,0,0.0,0,22.067994810640812,0.8163228631019592,2.9534995555877686,1.2388030681126019,1.1522360176423323,1.2388030681126019,1.2386457104253457,1.2388030681126019,0.4439100725185805
sugar_box1_clean,756,1.0580377709284126,1.3868642164830132,0.6855897776872304,0.8461855068625616,0.03337317339395422,0.041190660308909235,0.0891009055627426,0.0891009055627426,0.3288264455546006,0.16059572917533116,MODE_1_ACCEPT,simple,four_mode_relocalization_v2,0.0,0,0,0,False,0,1,1.0580377709284126,0,0,precomputed,0,0.0,2.5774864479899406,0,757,cache_read_only_not_online_fps,157ff887794c6cb410230016d2d4aa63b09139d0c130484af891fca7557bb682,cached_perception_v2,0,0,0,,,0,0.0,0,13.264688663184643,0.7217573001980782,3.299243748188019,1.0580377709284126,1.1849794238456568,1.0580377709284126,1.0578996239866154,1.0580377709284126,0.4689912707059438
sugar_box1_clean,757,1.1787683894015486,0.9119124915816259,0.7635735899053621,0.6037579057796137,0.03716927329476777,0.02938975745164326,0.0891009055627426,0.04219409282700422,-0.2668558978199227,-0.15981568412574831,MODE_1_ACCEPT,simple,four_mode_relocalization_v2,0.0,0,0,0,False,0,0,0.9119124915816259,0,0,precomputed,0,0.0,2.1555060520768166,0,758,cache_read_only_not_online_fps,157ff887794c6cb410230016d2d4aa63b09139d0c130484af891fca7557bb682,cached_perception_v2,0,0,0,,,0,0.0,0,12.04469334334135,0.655144453048706,2.8106505051255226,1.1787683894015486,1.212589435123585,1.1787683894015486,1.1786379101729587,1.1787683894015486,0.49999856642087154
sugar_box1_clean,758,1.1291990788112352,1.2634321106568462,0.7444309295671995,0.8210896885258833,0.036237445920033313,0.03996904481219274,0.0891009055627426,0.0891009055627426,0.13423303184561108,0.07665875895868379,MODE_1_ACCEPT,simple,four_mode_relocalization_v2,0.0,0,0,0,False,0,1,1.1291990788112352,0,0,precomputed,0,0.0,2.0731184631586075,0,759,cache_read_only_not_online_fps,157ff887794c6cb410230016d2d4aa63b09139d0c130484af891fca7557bb682,cached_perception_v2,0,0,0,,,0,0.0,0,10.47225296497345,0.6492463871836662,2.7223648503422737,1.1291990788112352,1.1661998262933995,1.1291990788112352,1.1290479515708325,1.1291990788112352,0.5600152521612939
sugar_box1_clean,759,1.0315751233304995,1.1107429649529015,0.6877997616945479,0.7277992649714968,0.03348075110569152,0.03542784892129321,0.0891009055627426,0.0891009055627426,0.07916784162240198,0.0399995032769489,MODE_1_ACCEPT,simple,four_mode_relocalization_v2,0.0,0,0,0,False,0,1,1.0315751233304995,0,0,precomputed,0,0.0,2.170128747820854,0,760,cache_read_only_not_online_fps,157ff887794c6cb410230016d2d4aa63b09139d0c130484af891fca7557bb682,cached_perception_v2,0,0,0,,,0,0.0,0,10.263376869261265,0.64864382147789,2.818772569298744,1.0315751233304995,1.0931343497014538,1.0315751233304995,1.031452484794578,1.0315751233304995,0.6081794552595456
sugar_box1_clean,760,1.1062989614680725,0.9122673741270003,0.734937018138336,0.6127042451280511,0.035775300825963884,0.02982524780467003,0.0891009055627426,0.04219409282700422,-0.19403158734107218,-0.1222327730102849,MODE_1_ACCEPT,simple,four_mode_relocalization_v2,0.0,0,0,0,False,0,0,0.9122673741270003,0,0,precomputed,0,0.0,1.857624389231205,0,761,cache_read_only_not_online_fps,157ff887794c6cb410230016d2d4aa63b09139d0c130484af891fca7557bb682,cached_perception_v2,0,0,0,,,0,0.0,0,11.09953224658966,0.6544282659888268,2.5120526552200317,1.1062989614680725,1.0467451648420627,1.1062989614680725,1.106156072992577,1.1062989614680725,0.6833740015438176
sugar_box1_clean,761,1.0067456207579564,1.195668749166104,0.6772217975950676,0.7636478549722591,0.032965836441651665,0.037172888373398355,0.0891009055627426,0.0891009055627426,0.18892312840814762,0.08642605737719145,MODE_1_ACCEPT,simple,four_mode_relocalization_v2,0.0,0,0,0,False,0,1,1.0067456207579564,0,0,precomputed,0,0.0,2.262670546770096,0,762,cache_read_only_not_online_fps,157ff887794c6cb410230016d2d4aa63b09139d0c130484af891fca7557bb682,cached_perception_v2,0,0,0,,,0,0.0,0,10.38075890392065,0.6543667986989021,2.917037345468998,1.0067456207579564,1.0088270192169206,1.0067456207579564,1.0066278618085054,1.0067456207579564,0.7546284291928638
sugar_box1_clean,762,1.0298910709877873,0.9050144702416234,0.7185794288193723,0.6251023914539555,0.03497904527721515,0.030428765389914403,0.0891009055627426,0.04219409282700422,-0.12487660074616391,-0.09347703736541679,MODE_1_ACCEPT,simple,four_mode_relocalization_v2,0.0,0,0,0,False,0,0,0.9050144702416234,0,0,precomputed,0,0.0,1.844571903347969,0,763,cache_read_only_not_online_fps,157ff887794c6cb410230016d2d4aa63b09139d0c130484af891fca7557bb682,cached_perception_v2,0,0,0,,,0,0.0,0,11.903676204383373,1.8951641395688057,3.7397360429167747,1.0298910709877873,0.9926718027451913,1.0298910709877873,1.0297559304168442,1.0298910709877873,0.8400626061086736
sugar_box1_clean,763,0.9567373790794791,1.0922421597743928,0.6671953844319268,0.7509106707408304,0.03247777020160108,0.036552867084078414,0.0891009055627426,0.0891009055627426,0.13550478069491367,0.08371528630890357,MODE_1_ACCEPT,simple,four_mode_relocalization_v2,0.0,0,0,0,False,0,0,0.9567373790794791,0,0,precomputed,0,0.0,3.449399024248123,0,764,cache_read_only_not_online_fps,157ff887794c6cb410230016d2d4aa63b09139d0c130484af891fca7557bb682,cached_perception_v2,0,0,0,,,0,0.0,0,16.16986934095621,0.7061529904603958,4.155552014708519,0.9567373790794791,0.9780896640795728,0.9567373790794791,0.956647357882659,0.9567373790794791,0.9093946280822891
sugar_box1_clean,764,1.0271282449009853,0.8921478286266697,0.7132293384944433,0.6263446760885286,0.03471861331352763,0.030489237383318553,0.0891009055627426,0.04219409282700422,-0.13498041627431556,-0.08688466240591464,MODE_1_ACCEPT,simple,four_mode_relocalization_v2,0.0,0,0,0,False,0,0,0.8921478286266697,0,0,precomputed,0,0.0,2.2233575582504272,0,765,cache_read_only_not_online_fps,157ff887794c6cb410230016d2d4aa63b09139d0c130484af891fca7557bb682,cached_perception_v2,0,0,0,,,0,0.0,0,11.771551333367825,0.6410349160432816,2.864392474293709,1.0271282449009853,0.9864496318883577,1.0271282449009853,1.0269940439130074,1.0271282449009853,0.9907705435227031
sugar_box1_clean,765,1.0798976806152585,1.1189163601090795,0.699822809969173,0.7582436032171403,0.03406600964928666,0.036909819936910615,0.0891009055627426,0.0891009055627426,0.039018679493820985,0.05842079324796734,MODE_1_ACCEPT,simple,four_mode_relocalization_v2,0.0,0,0,0,False,0,1,1.0798976806152585,0,0,precomputed,0,0.0,2.395235002040863,0,766,cache_read_only_not_online_fps,157ff887794c6cb410230016d2d4aa63b09139d0c130484af891fca7557bb682,cached_perception_v2,0,0,0,,,0,0.0,0,11.561890132725239,0.817648135125637,3.2128831371665,1.0798976806152585,1.0392215726257048,1.0798976806152585,1.0797792016541614,1.0798976806152585,1.0656343765742375
sugar_box1_clean,766,1.121301172371319,1.135515065683986,0.701272152298504,0.7045351471494073,0.03413656080748381,0.03429539703358702,0.0891009055627426,0.0891009055627426,0.01421389331266698,0.0032629948509033113,MODE_1_ACCEPT,simple,four_mode_relocalization_v2,0.0,0,0,0,False,0,1,1.121301172371319,0,0,precomputed,0,0.0,2.4130912497639656,0,767,cache_read_only_not_online_fps,157ff887794c6cb410230016d2d4aa63b09139d0c130484af891fca7557bb682,cached_perception_v2,0,0,0,,,0,0.0,0,10.709388181567192,0.6349096074700356,3.048000857234001,1.121301172371319,1.100015543878403,1.121301172371319,1.1211616573190486,1.121301172371319,1.121301172371319
sugar_box1_clean,767,1.1387147516450529,1.1721579933776813,0.7418043549071591,0.7119014813016546,0.036109589387724156,0.0346539758148665,0.0891009055627426,0.0891009055627426,0.03344324173262847,-0.029902873605504476,MODE_1_ACCEPT,simple,four_mode_relocalization_v2,0.0,0,0,0,False,0,1,1.1387147516450529,0,0,precomputed,0,0.0,2.2292379289865494,0,768,cache_read_only_not_online_fps,157ff887794c6cb410230016d2d4aa63b09139d0c130484af891fca7557bb682,cached_perception_v2,0,0,0,,,0,0.0,0,11.698264628648758,1.446734182536602,3.6759721115231514,1.1387147516450529,1.1574985364372412,1.1387147516450529,1.1385549634600447,1.1387147516450529,1.1387147516450529
sugar_box1_clean,768,1.0351057911502721,1.1426322527782775,0.7139997273217097,0.7511492305445472,0.03475611433928659,0.03656447971010257,0.0891009055627426,0.0891009055627426,0.10752646162800539,0.0371495032228375,MODE_1_ACCEPT,simple,four_mode_relocalization_v2,0.0,0,0,0,False,0,1,1.0351057911502721,0,0,precomputed,0,0.0,3.1512780115008354,0,769,cache_read_only_not_online_fps,157ff887794c6cb410230016d2d4aa63b09139d0c130484af891fca7557bb682,cached_perception_v2,0,0,0,,,0,0.0,0,16.80850889533758,0.8231699466705322,3.9744479581713676,1.0351057911502721,1.1150331393766706,1.0351057911502721,1.035003251124148,1.0351057911502721,1.0351057911502721
sugar_box1_clean,769,0.9628321241426507,0.9710121450187421,0.6784175453444032,0.6862007848264241,0.03302404311023507,0.033402916029951574,0.0891009055627426,0.0891009055627426,0.008180020876091376,0.007783239482020865,MODE_1_ACCEPT,simple,four_mode_relocalization_v2,0.0,0,0,0,False,0,0,0.9628321241426507,0,0,precomputed,0,0.0,2.234627492725849,0,770,cache_read_only_not_online_fps,157ff887794c6cb410230016d2d4aa63b09139d0c130484af891fca7557bb682,cached_perception_v2,0,0,0,,,0,0.0,0,12.816572561860085,0.6636437028646469,2.898271195590496,0.9628321241426507,1.0196013582060892,0.9628321241426507,0.9626748924230732,0.9628321241426507,0.9628321241426507
sugar_box1_clean,770,1.030045172424498,0.9225032498720516,0.6831450012631887,0.6579283141152876,0.033254166445244704,0.032026667290506836,0.0891009055627426,0.0891009055627426,-0.10754192255244632,-0.02521668714790104,MODE_1_ACCEPT,simple,four_mode_relocalization_v2,0.0,0,0,0,False,0,0,0.9225032498720516,0,0,precomputed,0,0.0,1.9904524087905884,0,771,cache_read_only_not_online_fps,157ff887794c6cb410230016d2d4aa63b09139d0c130484af891fca7557bb682,cached_perception_v2,0,0,0,,,0,0.0,0,11.027397587895393,0.6479453295469284,2.638397738337517,1.030045172424498,0.9886556121218409,1.030045172424498,1.0212342306971296,1.030045172424498,0.9225032498720516
sugar_box1_clean,771,0.9693027984246263,1.0785169721565642,0.7065782887689813,0.6607105136354752,0.03439485318325201,0.032162099337520456,0.0891009055627426,0.0891009055627426,0.10921417373193787,-0.04586777513350615,MODE_1_ACCEPT,simple,four_mode_relocalization_v2,0.0,0,0,0,False,0,0,0.9693027984246263,0,0,precomputed,0,0.0,2.3954659700393677,0,772,cache_read_only_not_online_fps,157ff887794c6cb410230016d2d4aa63b09139d0c130484af891fca7557bb682,cached_perception_v2,0,0,0,,,0,0.0,0,10.60059480369091,1.2569790706038475,3.652445040643215,0.9693027984246263,0.9472038748755024,0.9693027984246263,0.9818844276218262,0.9693027984246263,0.8535563803072534
sugar_box1_clean,772,0.9580194640589571,0.9197398896800669,0.6844593396654947,0.6990713300749589,0.03331814587554843,0.03402942907351396,0.0891009055627426,0.0891009055627426,-0.03827957437889018,0.01461199040946426,MODE_1_ACCEPT,simple,four_mode_relocalization_v2,0.0,0,0,0,False,0,0,0.9197398896800669,0,0,precomputed,0,0.0,2.711786888539791,0,773,cache_read_only_not_online_fps,157ff887794c6cb410230016d2d4aa63b09139d0c130484af891fca7557bb682,cached_perception_v2,0,0,0,,,0,0.0,0,14.393182471394539,0.6301319226622581,3.3419188112020493,0.9580194640589571,0.93233307333155,0.9580194640589571,0.9578585525450986,0.9580194640589571,0.802293007075262
sugar_box1_clean,773,1.0148409547004487,0.982198862419944,0.6836441251236024,0.6595375429673116,0.03327846282141711,0.03210500141283042,0.0891009055627426,0.0891009055627426,-0.03264209228050463,-0.0241065821562908,MODE_1_ACCEPT,simple,four_mode_relocalization_v2,0.0,0,0,0,False,0,0,0.982198862419944,0,0,precomputed,0,0.0,2.4653812870383263,0,774,cache_read_only_not_online_fps,157ff887794c6cb410230016d2d4aa63b09139d0c130484af891fca7557bb682,cached_perception_v2,0,0,0,,,0,0.0,0,10.923211462795734,0.6333477795124054,3.0987290665507317,1.0148409547004487,0.9714494157893457,1.0148409547004487,1.0146817657385139,1.0148409547004487,0.7722042589331813
sugar_box1_clean,774,1.0698065754609354,1.0732604947134075,0.7188297614176298,0.713987397978744,0.03499123097991916,0.03475551417091474,0.0891009055627426,0.0891009055627426,0.0034539192524720708,-0.004842363438885777,MODE_1_ACCEPT,simple,four_mode_relocalization_v2,0.0,0,0,0,False,0,1,1.0698065754609354,0,0,precomputed,0,0.0,3.5505592823028564,0,775,cache_read_only_not_online_fps,157ff887794c6cb410230016d2d4aa63b09139d0c130484af891fca7557bb682,cached_perception_v2,0,0,0,,,0,0.0,0,17.13051088154316,0.7183048874139786,4.268864169716835,1.0698065754609354,1.0415281277668826,1.0698065754609354,1.069685378997397,1.0698065754609354,0.7540034450381417
sugar_box1_clean,775,1.0676234295054599,1.1237289031662736,0.7078446046670994,0.7538999239438412,0.034456494971701626,0.036698378100591886,0.0891009055627426,0.0891009055627426,0.056105473660813754,0.04605531927674178,MODE_1_ACCEPT,simple,four_mode_relocalization_v2,0.0,0,0,0,False,0,1,1.0676234295054599,0,0,precomputed,0,0.0,2.12731771171093,0,776,cache_read_only_not_online_fps,157ff887794c6cb410230016d2d4aa63b09139d0c130484af891fca7557bb682,cached_perception_v2,0,0,0,,,0,0.0,0,12.215400114655495,0.649462454020977,2.776780165731907,1.0676234295054599,1.0857193792669755,1.0676234295054599,1.0674902344999115,1.0676234295054599,0.7507748754849262
sugar_box1_clean,776,1.1908741084285854,1.0784162677189568,0.7647376241991842,0.7113586331290529,0.03722593621418189,0.03462755102444453,0.0891009055627426,0.0891009055627426,-0.11245784070962861,-0.05337899107013133,MODE_1_ACCEPT,simple,four_mode_relocalization_v2,0.0,0,0,0,False,0,1,1.0784162677189568,0,0,precomputed,0,0.0,2.508752979338169,0,777,cache_read_only_not_online_fps,157ff887794c6cb410230016d2d4aa63b09139d0c130484af891fca7557bb682,cached_perception_v2,0,0,0,,,0,0.0,0,11.372516863048077,1.3534780591726303,3.8622310385107994,1.1908741084285854,1.166392908773391,1.1908741084285854,1.1907499407897952,1.1908741084285854,0.776395814628201
sugar_box1_clean,777,1.08328438500185,1.2900370784065756,0.6930123313914169,0.8058393382352234,0.03373448883338711,0.039226687500090396,0.0891009055627426,0.0891009055627426,0.20675269340472546,0.11282700684380642,MODE_1_ACCEPT,simple,four_mode_relocalization_v2,0.0,0,0,0,False,0,1,1.08328438500185,0,0,precomputed,0,0.0,2.810870297253132,0,778,cache_read_only_not_online_fps,157ff887794c6cb410230016d2d4aa63b09139d0c130484af891fca7557bb682,cached_perception_v2,0,0,0,,,0,0.0,0,14.6426847204566,0.6961692124605179,3.5070395097136497,1.08328438500185,1.1554365902594,1.08328438500185,1.0831680310725078,1.08328438500185,0.8121903718222715
sugar_box1_clean,778,1.179246583680662,0.9805787664452268,0.7490772457506766,0.6364978321410244,0.03646361953096054,0.03098347322005881,0.0891009055627426,0.04219409282700422,-0.19866781723543525,-0.11257941360965218,MODE_1_ACCEPT,simple,four_mode_relocalization_v2,0.0,0,0,0,False,0,0,0.9805787664452268,0,0,precomputed,0,0.0,2.2482508793473244,0,779,cache_read_only_not_online_fps,157ff887794c6cb410230016d2d4aa63b09139d0c130484af891fca7557bb682,cached_perception_v2,0,0,0,,,0,0.0,0,11.145839467644691,0.6254492327570915,2.873700112104416,1.179246583680662,1.163482981173605,1.179246583680662,1.1791145611458145,1.179246583680662,0.8607142146486075
sugar_box1_clean,779,1.212843286234132,1.2936844413925428,0.7553716087010849,0.8073723148836395,0.03677001684460936,0.039301309813843464,0.0891009055627426,0.0891009055627426,0.08084115515841073,0.05200070618255459,MODE_1_ACCEPT,simple,four_mode_relocalization_v2,0.0,0,0,0,False,0,1,1.212843286234132,0,0,precomputed,0,0.0,1.788870431482792,0,780,cache_read_only_not_online_fps,157ff887794c6cb410230016d2d4aa63b09139d0c130484af891fca7557bb682,cached_perception_v2,0,0,0,,,0,0.0,0,11.059758253395557,0.6333384662866592,2.422208897769451,1.212843286234132,1.1999084359647822,1.212843286234132,1.2127080771387384,1.212843286234132,0.9192890268995191
sugar_box1_clean,780,1.2590745436320043,1.237898093977252,0.7784708867353526,0.7514546089205243,0.03789444465290212,0.03657934493391998,0.0891009055627426,0.0891009055627426,-0.021176449654752405,-0.027016277814828293,MODE_1_ACCEPT,simple,four_mode_relocalization_v2,0.0,0,0,0,False,0,1,1.237898093977252,0,0,precomputed,0,0.0,2.0570624619722366,0,781,cache_read_only_not_online_fps,157ff887794c6cb410230016d2d4aa63b09139d0c130484af891fca7557bb682,cached_perception_v2,0,0,0,,,0,0.0,0,10.545625351369381,0.6322572007775307,2.6893196627497673,1.2590745436320043,1.2419145741557593,1.2590745436320043,1.258933054640586,1.2590745436320043,0.9861659443293039
sugar_box1_clean,781,0.9318772378665151,1.3211072768414087,0.6300233342171312,0.797705275301688,0.03066830728718596,0.03883073717890277,0.04219409282700422,0.0891009055627426,0.3892300389748936,0.1676819410845568,MODE_1_ACCEPT,simple,four_mode_relocalization_v2,0.0,0,0,0,False,0,0,0.9318772378665151,0,0,precomputed,0,0.0,1.9990894943475723,0,782,cache_read_only_not_online_fps,157ff887794c6cb410230016d2d4aa63b09139d0c130484af891fca7557bb682,cached_perception_v2,0,0,0,,,0,0.0,0,12.516391463577747,1.4725970104336739,3.471686504781246,0.9318772378665151,1.120044755850116,0.9318772378665151,0.9443252910345544,0.9318772378665151,0.9318772378665151
sugar_box1_clean,782,0.9857289525205313,0.6043189952582666,0.6839304979535304,0.4599928278732797,0.03329240289231599,0.02239155381863599,0.0891009055627426,0.0019588638589618022,-0.3814099572622647,-0.22393767008025073,MODE_1_ACCEPT,simple,four_mode_relocalization_v2,0.0,0,0,0,False,0,0,0.6043189952582666,0,0,precomputed,0,0.0,2.918836660683155,0,783,cache_read_only_not_online_fps,157ff887794c6cb410230016d2d4aa63b09139d0c130484af891fca7557bb682,cached_perception_v2,0,0,0,,,0,0.0,0,16.400388441979885,0.691673718392849,3.610510379076004,0.9857289525205313,0.9718291790376565,0.9857289525205313,0.9402279201821828,0.9857289525205313,0.9857289525205313
sugar_box1_clean,783,0.983816851701658,1.0818416172566134,0.6862985484674902,0.7255603831317674,0.03340767497334762,0.03531886451942841,0.0891009055627426,0.0891009055627426,0.09802476555495543,0.03926183466427724,MODE_1_ACCEPT,simple,four_mode_relocalization_v2,0.0,0,0,0,False,0,0,0.983816851701658,0,0,precomputed,0,0.0,2.1006260067224503,0,784,cache_read_only_not_online_fps,157ff887794c6cb410230016d2d4aa63b09139d0c130484af891fca7557bb682,cached_perception_v2,0,0,0,,,0,0.0,0,11.345845647156239,0.6698388606309891,2.7704648673534393,0.983816851701658,0.9186695235187016,0.983816851701658,0.9836974136785448,0.983816851701658,0.983816851701658
sugar_box1_clean,784,1.0163844957698316,0.9921441875526172,0.7135309186770634,0.6827461824191334,0.034733293648699363,0.033234752721661584,0.0891009055627426,0.0891009055627426,-0.024240308217214346,-0.03078473625792999,MODE_1_ACCEPT,simple,four_mode_relocalization_v2,0.0,0,0,0,False,0,0,0.9921441875526172,0,0,precomputed,0,0.0,1.9245482981204987,0,785,cache_read_only_not_online_fps,157ff887794c6cb410230016d2d4aa63b09139d0c130484af891fca7557bb682,cached_perception_v2,0,0,0,,,0,0.0,0,11.466765776276588,0.6763963028788567,2.6009446009993553,1.0163844957698316,0.9463388638377479,1.0163844957698316,1.016260232573165,1.0163844957698316,0.9921441875526172
sugar_box1_clean,785,1.001277578973703,1.0378033968834477,0.6930114302627105,0.7226843567655231,0.03373444496819899,0.035178865164522566,0.0891009055627426,0.0891009055627426,0.03652581790974474,0.029672926502812613,MODE_1_ACCEPT,simple,four_mode_relocalization_v2,0.0,0,0,0,False,0,1,1.001277578973703,0,0,precomputed,0,0.0,2.06722691655159,0,786,cache_read_only_not_online_fps,157ff887794c6cb410230016d2d4aa63b09139d0c130484af891fca7557bb682,cached_perception_v2,0,0,0,,,0,0.0,0,10.650958865880966,0.6596706807613373,2.7268975973129272,1.001277578973703,0.9800871806056022,1.001277578973703,1.0011852415334477,1.001277578973703,0.9975798727587167
sugar_box1_clean,786,0.9455835876368545,1.0030791715749006,0.6438735480615172,0.670460426312501,0.031342508687520886,0.03263670607311671,0.04219409282700422,0.0891009055627426,0.0574955839380461,0.026586878250983825,MODE_1_ACCEPT,simple,four_mode_relocalization_v2,0.0,0,0,0,False,0,0,0.9455835876368545,0,0,precomputed,0,0.0,1.9135959446430206,0,787,cache_read_only_not_online_fps,157ff887794c6cb410230016d2d4aa63b09139d0c130484af891fca7557bb682,cached_perception_v2,0,0,0,,,0,0.0,0,9.962821379303932,0.6609531119465828,2.5745490565896034,0.9455835876368545,0.9809762122887608,0.9455835876368545,0.9454359413921065,0.9455835876368545,0.9455835876368545
sugar_box1_clean,787,1.1355013945364363,0.9005322801104274,0.8080816691350529,0.5987734198127026,0.03933583979547478,0.029147122395130873,0.0891009055627426,0.04219409282700422,-0.23496911442600887,-0.20930824932235026,MODE_1_ACCEPT,simple,four_mode_relocalization_v2,0.0,0,0,0,False,0,0,0.9005322801104274,0,0,precomputed,0,0.0,2.159872092306614,0,788,cache_read_only_not_online_fps,157ff887794c6cb410230016d2d4aa63b09139d0c130484af891fca7557bb682,cached_perception_v2,0,0,0,,,0,0.0,0,10.13163011521101,0.6563505157828331,2.816222608089447,1.1355013945364363,1.0596605991935584,1.1355013945364363,1.1353801645423731,1.1355013945364363,0.9167075893811374
sugar_box1_clean,788,1.0668207613624516,1.3265328175838653,0.7097298671744833,0.9623020240852539,0.03454826587406876,0.04684298592590941,0.0891009055627426,0.0891009055627426,0.2597120562214137,0.2525721569107706,MODE_1_ACCEPT,simple,four_mode_relocalization_v2,0.0,0,0,0,False,0,1,1.0668207613624516,0,0,precomputed,0,0.0,2.2538984194397926,0,789,cache_read_only_not_online_fps,157ff887794c6cb410230016d2d4aa63b09139d0c130484af891fca7557bb682,cached_perception_v2,0,0,0,,,0,0.0,0,10.143295861780643,0.6486838683485985,2.902582287788391,1.0668207613624516,1.102964171011832,1.0668207613624516,1.0886427445878957,1.0668207613624516,0.9341076628945547
sugar_box1_clean,789,1.0622453258223907,1.014482447808886,0.7363135385822794,0.6167256366719962,0.035842307156791944,0.030021001302824264,0.0891009055627426,0.04219409282700422,-0.04776287801350465,-0.11958790191028323,MODE_1_ACCEPT,simple,four_mode_relocalization_v2,0.0,0,0,0,False,0,1,1.014482447808886,0,0,precomputed,0,0.0,1.8777577206492424,0,790,cache_read_only_not_online_fps,157ff887794c6cb410230016d2d4aa63b09139d0c130484af891fca7557bb682,cached_perception_v2,0,0,0,,,0,0.0,0,10.31928975135088,0.6543435156345367,2.532101236283779,1.0622453258223907,1.1044405408718265,1.0622453258223907,1.0621417336575312,1.0622453258223907,1.0377509956146784
sugar_box1_clean,790,1.0682977727991754,1.0775893651462776,0.7022637755505595,0.7697167600434179,0.034184831093607336,0.03746831083715573,0.0891009055627426,0.0891009055627426,0.009291592347102196,0.06745298449285841,MODE_1_ACCEPT,simple,four_mode_relocalization_v2,0.0,0,0,0,False,0,1,1.0682977727991754,0,0,precomputed,0,0.0,1.8933620303869247,0,791,cache_read_only_not_online_fps,157ff887794c6cb410230016d2d4aa63b09139d0c130484af891fca7557bb682,cached_perception_v2,0,0,0,,,0,0.0,0,10.470734909176826,0.6541227921843529,2.5474848225712776,1.0682977727991754,1.0925687954587622,1.0682977727991754,1.0682026410758847,1.0682977727991754,1.0682977727991754
sugar_box1_clean,791,1.2505277860693613,1.0608795883673778,0.834089494798212,0.6950080173775477,0.04060185003031862,0.033831634935360365,0.0891009055627426,0.0891009055627426,-0.1896481977019835,-0.13908147742066435,MODE_1_ACCEPT,simple,four_mode_relocalization_v2,0.0,0,0,0,False,0,1,1.0608795883673778,0,0,precomputed,0,0.0,1.5832781791687012,0,792,cache_read_only_not_online_fps,157ff887794c6cb410230016d2d4aa63b09139d0c130484af891fca7557bb682,cached_perception_v2,0,0,0,,,0,0.0,0,11.341082863509655,1.7299028113484383,3.3131809905171394,1.2505277860693613,1.1560849446718995,1.2505277860693613,1.2503741133266382,1.2505277860693613,1.2505277860693613
sugar_box1_clean,792,1.1859918395982554,1.4197881296266102,0.7711640504245953,0.9098701029747853,0.03753876211051831,0.04429070225490626,0.0891009055627426,0.0891009055627426,0.23379629002835478,0.13870605255018997,MODE_1_ACCEPT,simple,four_mode_relocalization_v2,0.0,0,0,0,False,0,1,1.1859918395982554,0,0,precomputed,0,0.0,2.631331793963909,0,793,cache_read_only_not_online_fps,157ff887794c6cb410230016d2d4aa63b09139d0c130484af891fca7557bb682,cached_perception_v2,0,0,0,,,0,0.0,0,12.537200003862381,1.042884774506092,3.674216568470001,1.1859918395982554,1.2016382056047465,1.1859918395982554,1.185850652192353,1.1859918395982554,1.1859918395982554
sugar_box1_clean,793,1.1379566267189107,1.143491574678392,0.7058478180487715,0.7158553747304591,0.034359295293099376,0.03484644363640527,0.0891009055627426,0.0891009055627426,0.0055349479594812845,0.010007556681687624,MODE_1_ACCEPT,simple,four_mode_relocalization_v2,0.0,0,0,0,False,0,1,1.1379566267189107,0,0,precomputed,0,0.0,2.67683994024992,0,794,cache_read_only_not_online_fps,157ff887794c6cb410230016d2d4aa63b09139d0c130484af891fca7557bb682,cached_perception_v2,0,0,0,,,0,0.0,0,11.574160307645798,0.7148608565330505,3.3917007967829704,1.1379566267189107,1.1916824138643518,1.1379566267189107,1.13781883881432,1.1379566267189107,1.1379566267189107
sugar_box1_clean,794,1.103967256442539,1.1225733347845614,0.7079685460152341,0.6545169725820583,0.03446252819482804,0.03186060983720216,0.0891009055627426,0.0891009055627426,0.018606078342022547,-0.05345157343317575,MODE_1_ACCEPT,simple,four_mode_relocalization_v2,0.0,0,0,0,False,0,1,1.103967256442539,0,0,precomputed,0,0.0,2.522876486182213,0,795,cache_read_only_not_online_fps,157ff887794c6cb410230016d2d4aa63b09139d0c130484af891fca7557bb682,cached_perception_v2,0,0,0,,,0,0.0,0,11.76921185106039,1.2951288372278214,3.818005323410034,1.103967256442539,1.153422776741104,1.103967256442539,1.1038515814815475,1.103967256442539,1.103967256442539
sugar_box1_clean,795,1.056407341211318,1.0467709881251877,0.6955111110675317,0.7221009170792175,0.033856124555094604,0.0351504644583719,0.0891009055627426,0.0891009055627426,-0.009636353086130311,0.026589806011685813,MODE_1_ACCEPT,simple,four_mode_relocalization_v2,0.0,0,0,0,False,0,1,1.0467709881251877,0,0,precomputed,0,0.0,2.474892884492874,0,796,cache_read_only_not_online_fps,157ff887794c6cb410230016d2d4aa63b09139d0c130484af891fca7557bb682,cached_perception_v2,0,0,0,,,0,0.0,0,10.440465062856674,1.2634648010134697,3.738357685506344,1.056407341211318,1.0739422701605208,1.056407341211318,1.0562947093857205,1.056407341211318,1.0467709881251877
sugar_box1_clean,796,0.9929653451705399,1.0091865867215581,0.6843020751163335,0.6877589571354037,0.03331049054398036,0.033478764819326254,0.0891009055627426,0.0891009055627426,0.01622124155101823,0.00345688201907024,MODE_1_ACCEPT,simple,four_mode_relocalization_v2,0.0,0,0,0,False,0,0,0.9929653451705399,0,0,precomputed,0,0.0,3.8655726239085197,0,797,cache_read_only_not_online_fps,157ff887794c6cb410230016d2d4aa63b09139d0c130484af891fca7557bb682,cached_perception_v2,0,0,0,,,0,0.0,0,17.4232954159379,1.3569537550210953,5.222526378929615,0.9929653451705399,0.9933865394156496,0.9929653451705399,0.9928349296908903,0.9929653451705399,0.9914506516671836
sugar_box1_clean,797,0.9690852270223809,0.9638115416735588,0.6593152002060046,0.6640334048671767,0.032094178200805554,0.03232385120263565,0.0891009055627426,0.0891009055627426,-0.00527368534882211,0.00471820466117201,MODE_1_ACCEPT,simple,four_mode_relocalization_v2,0.0,0,0,0,False,0,0,0.9638115416735588,0,0,precomputed,0,0.0,2.27366853505373,0,798,cache_read_only_not_online_fps,157ff887794c6cb410230016d2d4aa63b09139d0c130484af891fca7557bb682,cached_perception_v2,0,0,0,,,0,0.0,0,11.908982880413532,0.6358493119478226,2.9095178470015526,0.9690852270223809,0.9565016484605395,0.9690852270223809,0.9689385190069656,0.9690852270223809,0.9685152477193747
sugar_box1_clean,798,0.8275178431807438,0.8314287303776381,0.6451401512533173,0.6278845195005585,0.03140416446086668,0.030564193957733306,0.04219409282700422,0.04219409282700422,0.003910887196894253,-0.017255631752758793,MODE_1_ACCEPT,simple,four_mode_relocalization_v2,0.0,0,0,0,False,0,0,0.8275178431807438,0,0,precomputed,0,0.0,2.009177580475807,0,799,cache_read_only_not_online_fps,157ff887794c6cb410230016d2d4aa63b09139d0c130484af891fca7557bb682,cached_perception_v2,0,0,0,,,0,0.0,0,9.798050858080387,1.247071661055088,3.2562492415308952,0.8275178431807438,0.815206113475102,0.8275178431807438,0.8274057451555566,0.8275178431807438,0.8275178431807438
sugar_box1_clean,799,0.9059548565256506,0.8157696606202522,0.6350778451124953,0.619509128020588,0.030914351020658277,0.03015649623352538,0.04219409282700422,0.04219409282700422,-0.09018519590539831,-0.015568717091907325,MODE_1_ACCEPT,simple,four_mode_relocalization_v2,0.0,0,0,0,False,0,0,0.8157696606202522,0,0,precomputed,0,0.0,1.967916265130043,0,800,cache_read_only_not_online_fps,157ff887794c6cb410230016d2d4aa63b09139d0c130484af891fca7557bb682,cached_perception_v2,0,0,0,,,0,0.0,0,10.759260505437851,1.2493543326854706,3.2172705978155136,0.9059548565256506,0.8542286689363793,0.9059548565256506,0.9058461984100288,0.9059548565256506,0.8223825879181732
sugar_box1_clean,800,0.7623709715387673,0.8440638215858297,0.6248634695991188,0.6419834405410915,0.03041713513994777,0.03125050193936724,0.04219409282700422,0.04219409282700422,0.08169285004706239,0.017119970941972706,MODE_1_ACCEPT,simple,four_mode_relocalization_v2,0.0,0,0,0,False,0,0,0.7623709715387673,0,0,precomputed,0,0.0,1.7715515568852425,0,801,cache_read_only_not_online_fps,157ff887794c6cb410230016d2d4aa63b09139d0c130484af891fca7557bb682,cached_perception_v2,0,0,0,,,0,0.0,0,10.386636480689049,0.9794868528842926,2.751038409769535,0.7623709715387673,0.7651291468798944,0.7623709715387673,0.7623693052029186,0.7623709715387673,0.7021640863364467
sugar_box1_clean,801,0.7679582186420816,0.868418999279178,0.5669478682626832,0.6344124876102887,0.02759791660939121,0.030881962714979307,0.04219409282700422,0.04219409282700422,0.1004607806370964,0.0674646193476055,MODE_1_ACCEPT,simple,four_mode_relocalization_v2,0.0,0,0,0,False,0,0,0.7679582186420816,0,0,precomputed,0,0.0,1.921071670949459,0,802,cache_read_only_not_online_fps,157ff887794c6cb410230016d2d4aa63b09139d0c130484af891fca7557bb682,cached_perception_v2,0,0,0,,,0,0.0,0,10.129107162356377,1.2561362236738205,3.1772078946232796,0.7679582186420816,0.8585894400645827,0.7679582186420816,0.7679829485487671,0.7679582186420816,0.7340275466007855
sugar_box1_clean,802,0.5060402373351278,0.5534532569149455,0.4285056180465002,0.47215474931152235,0.020858817848175934,0.022983572437016393,0.0019588638589618022,0.0019588638589618022,0.047413019579817695,0.04364913126502212,MODE_1_ACCEPT,simple,four_mode_relocalization_v2,0.0,0,0,0,False,0,0,0.5060402373351278,0,0,precomputed,0,0.0,1.9440269097685814,0,803,cache_read_only_not_online_fps,157ff887794c6cb410230016d2d4aa63b09139d0c130484af891fca7557bb682,cached_perception_v2,0,0,0,,,0,0.0,0,9.993824176490307,0.6121182814240456,2.556145191192627,0.5060402373351278,0.6079152378287723,0.5060402373351278,0.5060318827824882,0.5060402373351278,0.5060402373351278
sugar_box1_clean,803,0.6633212506114041,0.5373584518129164,0.4362178665686264,0.3499815805934382,0.021234235066405815,0.017036420836431216,0.0019588638589618022,0.0,-0.1259627987984877,-0.08623628597518818,MODE_1_ACCEPT,simple,four_mode_relocalization_v2,0.0,0,0,0,False,0,0,0.5373584518129164,0,0,precomputed,0,0.0,1.9538719207048416,0,804,cache_read_only_not_online_fps,157ff887794c6cb410230016d2d4aa63b09139d0c130484af891fca7557bb682,cached_perception_v2,0,0,0,,,0,0.0,0,10.438332334160805,0.6060302257537842,2.559902146458626,0.6633212506114041,0.6543861418551883,0.6633212506114041,0.6633342870228901,0.6633212506114041,0.6633212506114041
sugar_box1_clean,804,0.4171518780169277,0.4918137431056729,0.39899657098031904,0.44405742038089147,0.019422374983242646,0.021615849257898785,0.0,0.0019588638589618022,0.07466186508874517,0.04506084940057242,MODE_1_ACCEPT,simple,four_mode_relocalization_v2,0.0,0,0,0,False,0,0,0.4171518780169277,0,0,precomputed,0,0.0,4.631868563592434,0,805,cache_read_only_not_online_fps,157ff887794c6cb410230016d2d4aa63b09139d0c130484af891fca7557bb682,cached_perception_v2,0,0,0,,,0,0.0,0,19.53093707561493,0.7420852780342102,5.373953841626644,0.4171518780169277,0.4106867543631925,0.4171518780169277,0.417302693082123,0.4171518780169277,0.4171518780169277
sugar_box1_clean,805,0.5598486207768429,0.4577357099298626,0.39388980014457187,0.36436522648058206,0.01917378733778576,0.01773658866834991,0.0,0.0,-0.10211291084698032,-0.029524573663989806,MODE_1_ACCEPT,simple,four_mode_relocalization_v2,0.0,0,0,0,False,0,0,0.4577357099298626,0,0,precomputed,0,0.0,1.4634979888796806,0,806,cache_read_only_not_online_fps,157ff887794c6cb410230016d2d4aa63b09139d0c130484af891fca7557bb682,cached_perception_v2,0,0,0,,,0,0.0,0,10.904119350016117,1.2137750163674355,2.677273005247116,0.5598486207768429,0.48879183030571943,0.5598486207768429,0.5598197887966629,0.5598486207768429,0.4577357099298626
sugar_box1_clean,806,0.5113025530164281,0.5200133493956822,0.36838632419649475,0.3841903226284065,0.01793232786352853,0.01870163568746547,0.0,0.0,0.008710796379254093,0.01580399843191177,MODE_1_ACCEPT,simple,four_mode_relocalization_v2,0.0,0,0,0,False,0,0,0.5113025530164281,0,0,precomputed,0,0.0,1.7526494339108467,0,807,cache_read_only_not_online_fps,157ff887794c6cb410230016d2d4aa63b09139d0c130484af891fca7557bb682,cached_perception_v2,0,0,0,,,0,0.0,0,10.387592017650604,0.6455546244978905,2.398204058408737,0.5113025530164281,0.45479543167062325,0.5113025530164281,0.5112249054966926,0.5113025530164281,0.4353783620860474
sugar_box1_clean,807,0.46506506580610074,0.48940963592161807,0.4016602781481605,0.4083193382315114,0.01955203905361863,0.01987618911249511,0.0,0.0019588638589618022,0.024344570115517328,0.006659060083350876,MODE_1_ACCEPT,simple,four_mode_relocalization_v2,0.0,0,0,0,False,0,0,0.46506506580610074,0,0,precomputed,0,0.0,1.8365420401096344,0,808,cache_read_only_not_online_fps,157ff887794c6cb410230016d2d4aa63b09139d0c130484af891fca7557bb682,cached_perception_v2,0,0,0,,,0,0.0,0,10.076064616441727,0.639772042632103,2.4763140827417374,0.46506506580610074,0.507556882093405,0.46506506580610074,0.46504252822830533,0.46506506580610074,0.46506506580610074
sugar_box1_clean,808,0.4946837032514857,0.5488606263648632,0.41183577922033354,0.42744105034467594,0.02004736260234126,0.02080699676848826,0.0019588638589618022,0.0019588638589618022,0.05417692311337752,0.015605271124342401,MODE_1_ACCEPT,simple,four_mode_relocalization_v2,0.0,0,0,0,False,0,0,0.4946837032514857,0,0,precomputed,0,0.0,2.188893035054207,0,809,cache_read_only_not_online_fps,157ff887794c6cb410230016d2d4aa63b09139d0c130484af891fca7557bb682,cached_perception_v2,0,0,0,,,0,0.0,0,9.894151240587234,0.6323922425508499,2.8212852776050568,0.4946837032514857,0.48069299916380553,0.4946837032514857,0.4947338957963021,0.4946837032514857,0.4946837032514857
sugar_box1_clean,809,0.5160194280753138,0.5011046008600274,0.4364249423724738,0.44041705508621054,0.021244315112713984,0.021438643374510975,0.0019588638589618022,0.0019588638589618022,-0.014914827215286364,0.0039921127137367285,MODE_1_ACCEPT,simple,four_mode_relocalization_v2,0.0,0,0,0,False,0,0,0.5011046008600274,0,0,precomputed,0,0.0,2.1294448524713516,0,810,cache_read_only_not_online_fps,157ff887794c6cb410230016d2d4aa63b09139d0c130484af891fca7557bb682,cached_perception_v2,0,0,0,,,0,0.0,0,10.274437256157398,0.6107427179813385,2.74018757045269,0.5160194280753138,0.5213113073429383,0.5160194280753138,0.5160347323406194,0.5160194280753138,0.5011046008600274
sugar_box1_clean,810,0.4795873134308666,0.4940473309133442,0.47377449013082085,0.4975934940905345,0.02306241826140728,0.024221880924197227,0.0019588638589618022,0.017080745341614908,0.014460017482477605,0.023819003959713647,MODE_1_ACCEPT,simple,four_mode_relocalization_v2,0.0,0,0,0,False,0,0,0.4795873134308666,0,0,precomputed,0,0.0,1.9477764144539833,0,811,cache_read_only_not_online_fps,157ff887794c6cb410230016d2d4aa63b09139d0c130484af891fca7557bb682,cached_perception_v2,0,0,0,,,0,0.0,0,10.120300576090813,0.6241882219910622,2.5719646364450455,0.4795873134308666,0.48601170529545334,0.4795873134308666,0.47955804687511,0.4795873134308666,0.4520665373088874
sugar_box1_clean,811,0.9250277292236816,0.694287976191839,0.7222268137054383,0.5850224715691185,0.035156592860622525,0.02847775305066293,0.0891009055627426,0.04219409282700422,-0.23073975303184258,-0.13720434213631982,MODE_1_ACCEPT,simple,four_mode_relocalization_v2,0.0,0,0,0,False,0,0,0.694287976191839,0,0,precomputed,0,0.0,2.200382761657238,0,812,cache_read_only_not_online_fps,157ff887794c6cb410230016d2d4aa63b09139d0c130484af891fca7557bb682,cached_perception_v2,0,0,0,,,0,0.0,0,10.262444615364075,1.3739094138145447,3.5742921754717827,0.9250277292236816,0.8182825933976292,0.9250277292236816,0.9034001704995379,0.9250277292236816,0.6685825755200272
sugar_box1_clean,812,1.397668402888119,1.4127183890360806,0.8277261867797088,0.8395162716494321,0.040292096605206246,0.04086601494455788,0.0891009055627426,0.0891009055627426,0.015049986147961603,0.011790084869723327,MODE_1_ACCEPT,simple,four_mode_relocalization_v2,0.0,0,0,0,False,0,1,1.397668402888119,0,0,precomputed,0,0.0,3.1025903299450874,0,813,cache_read_only_not_online_fps,157ff887794c6cb410230016d2d4aa63b09139d0c130484af891fca7557bb682,cached_perception_v2,0,0,0,,,0,0.0,0,15.082241967320442,0.729978084564209,3.8325684145092964,1.397668402888119,1.3096073978708245,1.397668402888119,1.397638706323915,1.397668402888119,0.9417200473853885
sugar_box1_clean,813,1.3703569670248315,1.6221770232266834,0.8311241380215878,0.9216788134248486,0.040457502245240695,0.044865527251186685,0.0891009055627426,0.0891009055627426,0.251820056201852,0.09055467540326079,MODE_1_ACCEPT,simple,four_mode_relocalization_v2,0.0,0,0,0,False,0,1,1.3703569670248315,0,0,precomputed,0,0.0,2.6014111936092377,0,814,cache_read_only_not_online_fps,157ff887794c6cb410230016d2d4aa63b09139d0c130484af891fca7557bb682,cached_perception_v2,0,0,0,,,0,0.0,0,13.72088585048914,0.6101690232753754,3.211580216884613,1.3703569670248315,1.4244993335194307,1.3703569670248315,1.370211702942796,1.3703569670248315,0.9759462906694105
sugar_box1_clean,814,1.4002259396098276,1.6431786088222826,0.7732168219994271,0.7887915088379518,0.03763868702762566,0.03839683241038215,0.0891009055627426,0.0891009055627426,0.24295266921245506,0.015574686838524698,MODE_1_ACCEPT,simple,four_mode_relocalization_v2,0.0,0,0,0,False,0,1,1.4002259396098276,0,0,precomputed,0,0.0,2.502637915313244,0,815,cache_read_only_not_online_fps,157ff887794c6cb410230016d2d4aa63b09139d0c130484af891fca7557bb682,cached_perception_v2,0,0,0,,,0,0.0,0,12.617782689630985,0.6471890956163406,3.1498270109295845,1.4002259396098276,1.5518906253250564,1.4002259396098276,1.4000330018788283,1.4002259396098276,1.15903418286052
sugar_box1_clean,815,1.2894901860950203,1.4039347789659367,0.7591589179998026,0.7461744857606674,0.036954375675554915,0.03632231883538365,0.0891009055627426,0.0891009055627426,0.11444459287091635,-0.012984432239135257,MODE_1_ACCEPT,simple,four_mode_relocalization_v2,0.0,0,0,0,False,0,1,1.2894901860950203,0,0,precomputed,0,0.0,2.160250209271908,0,816,cache_read_only_not_online_fps,157ff887794c6cb410230016d2d4aa63b09139d0c130484af891fca7557bb682,cached_perception_v2,0,0,0,,,0,0.0,0,12.3806307092309,0.6172806024551392,2.777530811727047,1.2894901860950203,1.498497872092199,1.2894901860950203,1.2892729348875727,1.2894901860950203,1.2381746298117908
sugar_box1_clean,816,1.4647993099959093,1.4367941148209364,0.8343615483566875,0.7750650538529925,0.040615093067007516,0.03772865534997922,0.0891009055627426,0.0891009055627426,-0.028005195174972908,-0.05929649450369501,MODE_1_ACCEPT,simple,four_mode_relocalization_v2,0.0,0,0,0,False,0,1,1.4367941148209364,0,0,precomputed,0,0.0,2.027032896876335,0,817,cache_read_only_not_online_fps,157ff887794c6cb410230016d2d4aa63b09139d0c130484af891fca7557bb682,cached_perception_v2,0,0,0,,,0,0.0,0,11.250842362642288,0.6426069885492325,2.6696398854255676,1.4647993099959093,1.5803925920827688,1.4647993099959093,1.4646331696788062,1.4647993099959093,1.4647993099959093
sugar_box1_clean,817,1.239201057853777,1.2634344378372364,0.8561725100853107,0.8894983299334367,0.041676808149915756,0.043299044070700704,0.0891009055627426,0.0891009055627426,0.024233379983459313,0.03332581984812599,MODE_1_ACCEPT,simple,four_mode_relocalization_v2,0.0,0,0,0,False,0,1,1.239201057853777,0,0,precomputed,0,0.0,2.3250123485922813,0,818,cache_read_only_not_online_fps,157ff887794c6cb410230016d2d4aa63b09139d0c130484af891fca7557bb682,cached_perception_v2,0,0,0,,,0,0.0,0,12.46751844882965,0.5970802158117294,2.9220925644040108,1.239201057853777,1.24158323363784,1.239201057853777,1.2391325741474528,1.239201057853777,1.239201057853777
sugar_box1_clean,818,1.2778135023754105,1.372581265820067,0.7800155489705085,0.9298327796914947,0.03796963579822936,0.04526244642781621,0.0891009055627426,0.0891009055627426,0.09476776344465643,0.14981723072098618,MODE_1_ACCEPT,simple,four_mode_relocalization_v2,0.0,0,0,0,False,0,1,1.2778135023754105,0,0,precomputed,0,0.0,2.6752296835184097,0,819,cache_read_only_not_online_fps,157ff887794c6cb410230016d2d4aa63b09139d0c130484af891fca7557bb682,cached_perception_v2,0,0,0,,,0,0.0,0,12.617229484021664,0.6440998986363411,3.319329582154751,1.2778135023754105,1.2591432047277034,1.2778135023754105,1.2952006971309806,1.2778135023754105,1.2778135023754105
sugar_box1_clean,819,1.2857502871687667,1.27101981189223,0.7434416598042035,0.6900381555779451,0.036189290197167615,0.033589711754793646,0.0891009055627426,0.0891009055627426,-0.014730475276536703,-0.05340350422625839,MODE_1_ACCEPT,simple,four_mode_relocalization_v2,0.0,0,0,0,False,0,1,1.27101981189223,0,0,precomputed,0,0.0,2.1885521709918976,0,820,cache_read_only_not_online_fps,157ff887794c6cb410230016d2d4aa63b09139d0c130484af891fca7557bb682,cached_perception_v2,0,0,0,,,0,0.0,0,12.52368651330471,0.5886731669306755,2.777225337922573,1.2857502871687667,1.2476414604347847,1.2857502871687667,1.285655004955119,1.2857502871687667,1.27101981189223
sugar_box1_clean,820,1.006671262343619,1.2369429467012851,0.6973854962118136,0.7659890742112134,0.03394736596863812,0.03728685436028699,0.0891009055627426,0.0891009055627426,0.2302716843576662,0.06860357799939987,MODE_1_ACCEPT,simple,four_mode_relocalization_v2,0.0,0,0,0,False,0,1,1.006671262343619,0,0,precomputed,0,0.0,2.1390095353126526,0,821,cache_read_only_not_online_fps,157ff887794c6cb410230016d2d4aa63b09139d0c130484af891fca7557bb682,cached_perception_v2,0,0,0,,,0,0.0,0,11.33730262517929,0.601806677877903,2.7408162131905556,1.006671262343619,1.0535116328651568,1.006671262343619,1.0065842264925133,1.006671262343619,1.006671262343619
sugar_box1_clean,821,0.8364501558642955,0.7977185148292096,0.7528203870608309,0.7090877640398735,0.036645828350355805,0.03451700954565555,0.0891009055627426,0.0891009055627426,-0.03873164103508586,-0.04373262302095737,MODE_1_ACCEPT,simple,four_mode_relocalization_v2,0.0,0,0,0,False,0,0,0.7977185148292096,0,0,precomputed,0,0.0,2.0754849538207054,0,822,cache_read_only_not_online_fps,157ff887794c6cb410230016d2d4aa63b09139d0c130484af891fca7557bb682,cached_perception_v2,0,0,0,,,0,0.0,0,11.26251183450222,0.5922680720686913,2.6677530258893967,0.8364501558642955,0.8776758946660619,0.8364501558642955,0.8363286471001017,0.8364501558642955,0.827889486498699
sugar_box1_clean,822,1.0659521918138983,0.9475334163351788,0.7978491646679193,0.7712567309215563,0.038837741432649064,0.03754327361637208,0.0891009055627426,0.0891009055627426,-0.11841877547871948,-0.026592433746362998,MODE_1_ACCEPT,simple,four_mode_relocalization_v2,0.0,0,0,0,False,0,0,0.9475334163351788,0,0,precomputed,0,0.0,2.2321008145809174,0,823,cache_read_only_not_online_fps,157ff887794c6cb410230016d2d4aa63b09139d0c130484af891fca7557bb682,cached_perception_v2,0,0,0,,,0,0.0,0,10.169986635446548,0.6338236853480339,2.8659244999289513,1.0659521918138983,1.0108401519971202,1.0659521918138983,1.0658588898475263,1.0659521918138983,0.9024688896851584
sugar_box1_clean,823,0.7615968781223791,0.8967878806774656,0.7932588029274171,0.876216687004512,0.03861429157488785,0.04265251959374766,0.0891009055627426,0.0891009055627426,0.13519100255508654,0.08295788407709492,MODE_1_ACCEPT,simple,four_mode_relocalization_v2,0.0,0,0,0,False,0,0,0.7615968781223791,0,0,precomputed,0,0.0,1.7019286751747131,0,824,cache_read_only_not_online_fps,157ff887794c6cb410230016d2d4aa63b09139d0c130484af891fca7557bb682,cached_perception_v2,0,0,0,,,0,0.0,0,9.993084706366062,0.6056567654013634,2.3075854405760765,0.7615968781223791,0.7402254489760216,0.7615968781223791,0.7615202269673775,0.7615968781223791,0.7539261048821255
sugar_box1_clean,824,0.5272669269445789,0.7227733412887407,0.7875095724763037,0.8127351609966365,0.0383344302482297,0.039562362704418784,0.0891009055627426,0.0891009055627426,0.19550641434416183,0.025225588520332742,MODE_1_ACCEPT,simple,four_mode_relocalization_v2,0.0,0,0,0,False,0,0,0.5272669269445789,0,0,precomputed,0,0.0,2.15782318264246,0,825,cache_read_only_not_online_fps,157ff887794c6cb410230016d2d4aa63b09139d0c130484af891fca7557bb682,cached_perception_v2,0,0,0,,,0,0.0,0,9.65055637061596,0.6103916093707085,2.7682147920131683,0.5272669269445789,0.6434063831453469,0.5272669269445789,0.5272101244617745,0.5272669269445789,0.5272669269445789
sugar_box1_clean,825,0.7729555732646418,0.7475433110441546,0.8464647041466571,0.8238888272581246,0.04120425108823018,0.040105301427015606,0.0891009055627426,0.0891009055627426,-0.025412262220487203,-0.022575876888532465,MODE_1_ACCEPT,simple,four_mode_relocalization_v2,0.0,0,0,0,False,0,0,0.7475433110441546,0,0,precomputed,0,0.0,1.9128909334540367,0,826,cache_read_only_not_online_fps,157ff887794c6cb410230016d2d4aa63b09139d0c130484af891fca7557bb682,cached_perception_v2,0,0,0,,,0,0.0,0,9.931443259119987,0.5937907844781876,2.5066817179322243,0.7729555732646418,0.8065085844931372,0.7729555732646418,0.7484628773449427,0.7729555732646418,0.7729555732646418
sugar_box1_clean,826,0.8051714637865073,0.8266737076389526,0.7782303163302245,0.9216408085003435,0.03788273415472218,0.04486367724557602,0.0891009055627426,0.0891009055627426,0.02150224385244537,0.14341049217011892,MODE_1_ACCEPT,simple,four_mode_relocalization_v2,0.0,0,0,0,False,0,0,0.8051714637865073,0,0,precomputed,0,0.0,1.8931329250335693,0,827,cache_read_only_not_online_fps,157ff887794c6cb410230016d2d4aa63b09139d0c130484af891fca7557bb682,cached_perception_v2,0,0,0,,,0,0.0,0,9.921688586473465,0.61042420566082,2.5035571306943893,0.8051714637865073,0.743331744376283,0.8051714637865073,0.8050803587043229,0.8051714637865073,0.8051714637865073
sugar_box1_clean,827,0.8200282697871483,1.0251781500040442,0.8761798438700401,0.830233914639096,0.04265072614181018,0.04041416790702539,0.0891009055627426,0.0891009055627426,0.20514988021689595,-0.045945929230944094,MODE_1_ACCEPT,simple,four_mode_relocalization_v2,0.0,0,0,0,False,0,0,0.8200282697871483,0,0,precomputed,0,0.0,1.8574194982647896,0,828,cache_read_only_not_online_fps,157ff887794c6cb410230016d2d4aa63b09139d0c130484af891fca7557bb682,cached_perception_v2,0,0,0,,,0,0.0,0,9.947605431079865,0.5983812734484673,2.455800771713257,0.8200282697871483,0.8226037098712132,0.8200282697871483,0.8457695562758872,0.8200282697871483,0.8200282697871483
sugar_box1_clean,828,0.8674991505685039,1.0096497197365002,1.030751212523618,0.9911343707303972,0.05017495893480557,0.0482464883339951,0.12499999999999999,0.0891009055627426,0.1421505691679963,-0.03961684179322078,MODE_1_ACCEPT,simple,four_mode_relocalization_v2,0.0,0,0,0,False,0,0,0.8674991505685039,0,0,precomputed,0,0.0,1.8370263278484344,0,829,cache_read_only_not_online_fps,157ff887794c6cb410230016d2d4aa63b09139d0c130484af891fca7557bb682,cached_perception_v2,0,0,0,,,0,0.0,0,9.963423013687134,0.6867405027151108,2.5237668305635452,0.8674991505685039,0.8266220152536227,0.8674991505685039,0.8509720050717431,0.8674991505685039,0.8674991505685039
sugar_box1_clean,829,1.0019604614035469,0.9269863841429826,0.9395998881642392,1.1725655481217525,0.04573789022121414,0.05707820423643561,0.0891009055627426,0.7946843853820601,-0.07497407726056426,0.23296565995751328,MODE_1_ACCEPT,simple,four_mode_relocalization_v2,0.0,0,0,0,False,0,0,0.9269863841429826,0,0,precomputed,0,0.0,2.2161900997161865,0,830,cache_read_only_not_online_fps,157ff887794c6cb410230016d2d4aa63b09139d0c130484af891fca7557bb682,cached_perception_v2,0,0,0,,,0,0.0,0,10.652720928192139,0.5895011126995087,2.805691212415695,1.0019604614035469,0.9236758037277286,1.0019604614035469,0.967757227296663,1.0019604614035469,0.9269863841429826
sugar_box1_clean,830,0.9095680059103975,1.0248362273268765,1.0037345778558244,0.9388977074715832,0.048859841844916985,0.04570370943443382,0.0891009055627426,0.0891009055627426,0.11526822141647897,-0.06483687038424124,MODE_1_ACCEPT,simple,four_mode_relocalization_v2,0.0,0,0,0,False,0,0,0.9095680059103975,0,0,precomputed,0,0.0,1.8391571938991547,0,831,cache_read_only_not_online_fps,157ff887794c6cb410230016d2d4aa63b09139d0c130484af891fca7557bb682,cached_perception_v2,0,0,0,,,0,0.0,0,9.721723385155201,0.6147632375359535,2.453920431435108,0.9095680059103975,0.9070854645977505,0.9095680059103975,0.9095869466717529,0.9095680059103975,0.9095680059103975
sugar_box1_clean,831,1.1989500955181633,1.0755589016309515,1.0515062973708111,1.043729191400682,0.05118527599021476,0.05080670163789605,0.24242424242424243,0.1346153846153846,-0.12339119388721187,-0.007777105970129039,MODE_1_ACCEPT,simple,four_mode_relocalization_v2,0.0,0,0,0,False,0,1,1.0755589016309515,0,0,precomputed,0,0.0,1.6708346083760262,0,832,cache_read_only_not_online_fps,157ff887794c6cb410230016d2d4aa63b09139d0c130484af891fca7557bb682,cached_perception_v2,0,0,0,,,0,0.0,0,9.662401862442493,0.6026094779372215,2.2734440863132477,1.1989500955181633,1.169430637472001,1.1989500955181633,1.1990139903970065,1.1989500955181633,1.1845522167463964
sugar_box1_clean,832,0.8022356033298133,0.923567063566294,0.9745421020026103,1.041932933086786,0.04743880904927838,0.05071926328609884,0.0891009055627426,0.1346153846153846,0.12133146023648078,0.06739083108417565,MODE_1_ACCEPT,simple,four_mode_relocalization_v2,0.0,0,0,0,False,0,0,0.8022356033298133,0,0,precomputed,0,0.0,1.7363643273711205,0,833,cache_read_only_not_online_fps,157ff887794c6cb410230016d2d4aa63b09139d0c130484af891fca7557bb682,cached_perception_v2,0,0,0,,,0,0.0,0,10.00341959297657,0.6188768893480301,2.3552412167191505,0.8022356033298133,0.8327198660761823,0.8022356033298133,0.8019296278367616,0.8022356033298133,0.8022356033298133
sugar_box1_clean,833,0.9397285590349321,0.8756027997719681,0.9975203290459147,0.9751255096557584,0.048557344331395275,0.0474672081961174,0.0891009055627426,0.0891009055627426,-0.06412575926296404,-0.022394819390156306,MODE_1_ACCEPT,simple,four_mode_relocalization_v2,0.0,0,0,0,False,0,0,0.8756027997719681,0,0,precomputed,0,0.0,1.918461173772812,0,834,cache_read_only_not_online_fps,157ff887794c6cb410230016d2d4aa63b09139d0c130484af891fca7557bb682,cached_perception_v2,0,0,0,,,0,0.0,0,9.657102636992931,0.5853837355971336,2.5038449093699455,0.9397285590349321,0.9925212085990281,0.9397285590349321,0.9397271290622141,0.9397285590349321,0.9035686688939605
sugar_box1_clean,834,0.9457119297444497,0.8671288985179446,0.9993719882092509,1.027931398237258,0.0486474794885048,0.05003769587432806,0.0891009055627426,0.12499999999999999,-0.07858303122650512,0.028559410028007104,MODE_1_ACCEPT,simple,four_mode_relocalization_v2,0.0,0,0,0,False,0,0,0.8671288985179446,0,0,precomputed,0,0.0,1.8925182521343231,0,835,cache_read_only_not_online_fps,157ff887794c6cb410230016d2d4aa63b09139d0c130484af891fca7557bb682,cached_perception_v2,0,0,0,,,0,0.0,0,9.960630908608437,0.6083445623517036,2.5008628144860268,0.9457119297444497,0.9263319445925977,0.9457119297444497,0.9455440665344224,0.9457119297444497,0.9457119297444497
sugar_box1_clean,835,0.9994261992246145,1.103385538280346,1.0339621099000904,1.0356535945937893,0.050331259157449924,0.05041359733373729,0.12499999999999999,0.12499999999999999,0.1039593390557314,0.0016914846936988415,MODE_1_ACCEPT,simple,four_mode_relocalization_v2,0.0,0,0,0,False,0,0,0.9994261992246145,0,0,precomputed,0,0.0,2.011459320783615,0,836,cache_read_only_not_online_fps,157ff887794c6cb410230016d2d4aa63b09139d0c130484af891fca7557bb682,cached_perception_v2,0,0,0,,,0,0.0,0,9.982756339013577,0.6165513768792152,2.6280106976628304,0.9994261992246145,0.997983928101209,0.9994261992246145,1.0042571485868073,0.9994261992246145,0.9994261992246145
sugar_box1_clean,836,0.9936058263050819,0.8208922200060528,1.0582782060775169,1.1038836006960495,0.05151491930000755,0.05373490097394426,0.24242424242424243,0.3888888888888889,-0.1727136062990291,0.045605394618532635,MODE_1_ACCEPT,simple,four_mode_relocalization_v2,0.0,0,0,0,False,0,0,0.8208922200060528,0,0,precomputed,0,0.0,3.7428075447678566,0,837,cache_read_only_not_online_fps,157ff887794c6cb410230016d2d4aa63b09139d0c130484af891fca7557bb682,cached_perception_v2,0,0,0,,,0,0.0,0,16.854455694556236,0.7213559001684189,4.4641634449362755,0.9936058263050819,0.9164920811752554,0.9936058263050819,0.9866675437257373,0.9936058263050819,0.8208922200060528
sugar_box1_clean,837,0.9344150815113006,1.2161528117769362,1.061050734232319,1.1127374739451776,0.05164988056381455,0.05416589025757685,0.24242424242424243,0.5850998089674009,0.28173773026563564,0.05168673971285864,MODE_1_ACCEPT,simple,four_mode_relocalization_v2,0.0,0,0,0,False,0,0,0.9344150815113006,0,0,precomputed,0,0.0,2.147933468222618,0,838,cache_read_only_not_online_fps,157ff887794c6cb410230016d2d4aa63b09139d0c130484af891fca7557bb682,cached_perception_v2,0,0,0,,,0,0.0,0,11.59517839550972,0.6187818944454193,2.7667153626680374,0.9344150815113006,0.986985223434225,0.9344150815113006,0.9723610017974853,0.9344150815113006,0.8916049219534627
sugar_box1_clean,838,0.7984141334021061,0.752414479149266,1.0825794006295266,1.042790718350821,0.052697854060499885,0.050761018599965964,0.3888888888888889,0.1346153846153846,-0.04599965425284014,-0.03978868227870569,MODE_1_ACCEPT,simple,four_mode_relocalization_v2,0.0,0,0,0,False,0,0,0.752414479149266,0,0,precomputed,0,0.0,1.9462117925286293,0,839,cache_read_only_not_online_fps,157ff887794c6cb410230016d2d4aa63b09139d0c130484af891fca7557bb682,cached_perception_v2,0,0,0,,,0,0.0,0,10.485989972949028,0.6315596401691437,2.577771432697773,0.7984141334021061,0.84211394899493,0.7984141334021061,0.7981831118046228,0.7984141334021061,0.7984141334021061
sugar_box1_clean,839,0.8167325985493277,0.7012188143298919,1.0535113954504427,1.0866469518416704,0.05128288025454491,0.052895854521285035,0.24242424242424243,0.3888888888888889,-0.11551378421943581,0.03313555639122767,MODE_1_ACCEPT,simple,four_mode_relocalization_v2,0.0,0,0,0,False,0,0,0.7012188143298919,0,0,precomputed,0,0.0,1.966577023267746,0,840,cache_read_only_not_online_fps,157ff887794c6cb410230016d2d4aa63b09139d0c130484af891fca7557bb682,cached_perception_v2,0,0,0,,,0,0.0,0,9.797771461308002,0.6099408492445946,2.5765178725123405,0.8167325985493277,0.7802371709339697,0.8167325985493277,0.8163942839994862,0.8167325985493277,0.8167325985493277
sugar_box1_clean,840,0.8604485282167045,1.0204550702562385,1.1340922429439146,1.0409435383026602,0.05520539876802581,0.050671101477448355,0.66,0.1346153846153846,0.16000654203953402,-0.09314870464125447,MODE_3_RELOCALIZE,simple,four_mode_relocalization_v2,,0,0,0,False,1,0,0.8604485282167045,0,0,precomputed,1,0.0,1.79386418312788,0,841,cache_read_only_not_online_fps,157ff887794c6cb410230016d2d4aa63b09139d0c130484af891fca7557bb682,cached_perception_v2,1,1,1,0.39161087146691154,,1,27518.750329501927,0,9.921477176249027,27518.750329501927,27520.544193685055,0.8604485282167045,0.8583907347967678,0.8604485282167045,0.8912647186144382,0.39161087146691154,0.8604485282167045
sugar_box1_clean,841,0.48820691565242835,1.0787116052265653,0.9162247566693253,1.117982753568284,0.04460003440440509,0.05442122024069332,0.0891009055627426,0.6060606060606061,0.5905046895741369,0.20175799689895868,MODE_1_ACCEPT,simple,four_mode_relocalization_v2,0.0,0,0,0,False,0,0,0.48820691565242835,0,0,restarted_se3,0,11852.492596022785,2.56429985165596,0,842,cache_read_only_not_online_fps,157ff887794c6cb410230016d2d4aa63b09139d0c130484af891fca7557bb682,cached_perception_v2,0,0,0,,,0,0.0,0,24.265139363706112,0.7713707163929939,11855.828266590834,0.8148805628453699,0.7908632013348732,0.8148805628453699,0.8006963587157077,0.48820691565242835,0.7638693207516152
sugar_box1_clean,842,0.4313805039440387,0.7061329892328732,0.9697716644302852,1.076198576523053,0.04720659345119391,0.05238724798638363,0.0891009055627426,0.3888888888888889,0.27475248528883445,0.10642691209276789,MODE_1_ACCEPT,simple,four_mode_relocalization_v2,0.0,0,0,0,False,0,0,0.4313805039440387,0,0,restarted_se3,0,47.27593716233969,4.778528586030006,0,843,cache_read_only_not_online_fps,157ff887794c6cb410230016d2d4aa63b09139d0c130484af891fca7557bb682,cached_perception_v2,0,0,0,,,0,0.0,0,22.499514743685722,0.6584487855434418,52.712914533913136,0.639316189677245,0.6674202600102216,0.639316189677245,0.6410770132431087,0.4313805039440387,0.639316189677245
sugar_box1_clean,843,0.5047919755969809,0.438086929347888,1.0797593340034768,1.0782304958481521,0.05256057871661837,0.052486157856638425,0.3888888888888889,0.3888888888888889,-0.06670504624909285,-0.0015288381553246744,MODE_3_RELOCALIZE,simple,four_mode_relocalization_v2,,0,0,0,False,1,0,0.438086929347888,0,0,restarted_se3,1,45.546844601631165,2.0769061520695686,0,844,cache_read_only_not_online_fps,157ff887794c6cb410230016d2d4aa63b09139d0c130484af891fca7557bb682,cached_perception_v2,1,1,1,0.655847775576825,,1,2456.5903218463063,0,20.50722949206829,2456.5903218463063,2504.214072600007,0.6586630734374299,0.6445160999603186,0.7050631482249314,0.6583624040275068,0.655847775576825,0.6388364091226688
sugar_box1_clean,844,0.4738288267820724,0.9299789352238991,1.1635321709509403,1.2034623429826252,0.05663847705195002,0.05858219995773667,0.7946843853820601,0.7946843853820601,0.4561501084418267,0.03993017203168492,MODE_3_RELOCALIZE,simple,four_mode_relocalization_v2,,0,0,0,False,1,0,0.4738288267820724,0,0,restarted_se3,1,47.45520558208227,2.1269768476486206,0,845,cache_read_only_not_online_fps,157ff887794c6cb410230016d2d4aa63b09139d0c130484af891fca7557bb682,cached_perception_v2,1,1,1,0.4701364674776328,,1,2456.840164028108,0,20.241254940629005,2456.840164028108,2506.422346457839,0.6567080574589725,0.617887633212326,0.8901947916656728,0.656485851785177,0.4701364674776328,0.603268960700427
sugar_box1_clean,845,0.3732277437126529,0.49446856260159167,1.1883361726481625,1.1779263884998978,0.05784588748373591,0.05733915949174978,0.7946843853820601,0.7946843853820601,0.12124081888893878,-0.010409784148264656,MODE_3_RELOCALIZE,simple,four_mode_relocalization_v2,,0,0,0,False,1,0,0.3732277437126529,0,0,restarted_se3,1,49.33602083474398,1.8972409889101982,0,846,cache_read_only_not_online_fps,157ff887794c6cb410230016d2d4aa63b09139d0c130484af891fca7557bb682,cached_perception_v2,1,1,1,0.4506352777653729,,1,2452.734647318721,0,20.637596026062965,2452.734647318721,2503.967909142375,0.7246205226629379,0.7067561056891795,1.071398072898539,0.7243796779702284,0.4506352777653729,0.7246205226629379
sugar_box1_clean,846,0.5427577112639039,0.5671520072605206,1.280814010223355,1.2805917994910292,0.06234752827381025,0.06233671148869872,0.7946843853820601,0.7946843853820601,0.02439429599661669,-0.00022221073232575606,MODE_3_RELOCALIZE,simple,four_mode_relocalization_v2,,0,0,0,False,1,0,0.5427577112639039,0,0,restarted_se3,1,47.19259310513735,2.433239482343197,0,847,cache_read_only_not_online_fps,157ff887794c6cb410230016d2d4aa63b09139d0c130484af891fca7557bb682,cached_perception_v2,1,1,1,0.4120781986906204,,1,2465.276294387877,0,20.551172085106373,2465.276294387877,2514.9021269753575,0.6676015584143588,0.6904374162333181,1.4062990355850338,0.6675634396647508,0.4120781986906204,0.6676015584143588
sugar_box1_clean,847,0.4785394883966451,0.4464519766033135,1.2819707701292673,1.239771947118312,0.062403837090206866,0.06034968067889603,0.7946843853820601,0.7946843853820601,-0.032087511793331636,-0.042198823010955344,MODE_3_RELOCALIZE,simple,four_mode_relocalization_v2,,0,0,0,False,1,0,0.4464519766033135,0,0,restarted_se3,1,49.87987969070673,2.4475157260894775,0,848,cache_read_only_not_online_fps,157ff887794c6cb410230016d2d4aa63b09139d0c130484af891fca7557bb682,cached_perception_v2,1,1,1,0.3870774568108642,,1,2469.517884775996,0,20.946145989000797,2469.517884775996,2521.8452801927924,0.525933396022481,0.594386141279671,1.6821800758208105,0.5260810105329162,0.3870774568108642,0.525933396022481
sugar_box1_clean,848,0.450814206281262,0.6621991739957849,1.2924177505696075,1.2863407208849065,0.06291237572515393,0.06261655777105331,0.7946843853820601,0.7946843853820601,0.21138496771452286,-0.00607702968470103,MODE_3_RELOCALIZE,simple,four_mode_relocalization_v2,,0,0,0,False,1,0,0.450814206281262,0,0,restarted_se3,1,49.76608417928219,2.3847948759794235,0,849,cache_read_only_not_online_fps,157ff887794c6cb410230016d2d4aa63b09139d0c130484af891fca7557bb682,cached_perception_v2,1,1,1,0.4708837687419507,,1,2454.4649105519056,0,22.061272524297237,2454.4649105519056,2506.6157896071672,0.42283140397334484,0.4658794958390033,1.9384053313641594,0.4230951928427392,0.4708837687419507,0.42283140397334484
sugar_box1_clean,849,0.6340871464612111,0.4038900400817837,1.410624821883946,1.3132482511355268,0.06866646543849944,0.06392636387068085,0.7946843853820601,0.7946843853820601,-0.23019710637942742,-0.0973765707484191,MODE_3_RELOCALIZE,simple,four_mode_relocalization_v2,,0,0,0,False,1,0,0.4038900400817837,0,0,restarted_se3,1,48.30652195960283,1.9656354561448097,0,850,cache_read_only_not_online_fps,157ff887794c6cb410230016d2d4aa63b09139d0c130484af891fca7557bb682,cached_perception_v2,1,1,1,0.5009415704887643,,1,2464.172531850636,0,22.407351061701775,2464.172531850636,2514.4446892663836,0.6450675935554251,0.6160606580316031,2.2530177220066983,0.645305020417408,0.5009415704887643,0.5982407684513138
sugar_box1_clean,850,0.5769121117000504,0.6103217942408199,1.2396374836236346,1.2829854640179124,0.06034313525819538,0.062453230409929006,0.7946843853820601,0.7946843853820601,0.03340968254076948,0.043347980394277785,MODE_3_RELOCALIZE,simple,four_mode_relocalization_v2,,0,0,0,False,1,0,0.5769121117000504,0,0,restarted_se3,1,58.52093081921339,4.570547491312027,0,851,cache_read_only_not_online_fps,157ff887794c6cb410230016d2d4aa63b09139d0c130484af891fca7557bb682,cached_perception_v2,1,1,1,0.6171714655681408,,1,2460.9768809750676,0,22.0913365483284,2460.9768809750676,2524.068359285593,0.6820523190682339,0.7357023716612466,2.527434609074497,0.6823535263354094,0.6171714655681408,0.6820523190682339
sugar_box1_clean,851,0.6570353682121863,0.6655429691793028,1.2567645043509548,1.290506391141083,0.06117684522741763,0.06281933447555785,0.7946843853820601,0.7946843853820601,0.008507600967116447,0.03374188679012824,MODE_3_RELOCALIZE,simple,four_mode_relocalization_v2,,0,0,0,False,1,0,0.6570353682121863,0,0,restarted_se3,1,48.612384125590324,2.5764834135770798,0,852,cache_read_only_not_online_fps,157ff887794c6cb410230016d2d4aa63b09139d0c130484af891fca7557bb682,cached_perception_v2,1,1,1,0.6832782999575395,,1,2479.062918573618,0,14.973134733736515,2479.062918573618,2530.2517861127853,0.8298003092589495,0.8563041031972183,2.7772629496315475,0.8301377017421115,0.6832782999575395,0.8298003092589495
sugar_box1_clean,852,0.7448577222870267,0.5427853489741046,1.4015284487029829,1.3626849265476688,0.06822367173108963,0.06633284482218466,0.7946843853820601,0.7946843853820601,-0.20207237331292216,-0.03884352215531406,MODE_3_RELOCALIZE,simple,four_mode_relocalization_v2,,0,0,0,False,1,0,0.5427853489741046,0,0,restarted_se3,1,48.87814447283745,2.1569710224866867,0,853,cache_read_only_not_online_fps,157ff887794c6cb410230016d2d4aa63b09139d0c130484af891fca7557bb682,cached_perception_v2,1,1,1,0.8569328536124984,,1,2451.2099847197533,0,22.5994773209095,2451.2099847197533,2502.2451002150774,0.9273538156299351,0.9484903576882263,2.9819196473118663,0.9276800631167856,0.8569328536124984,0.9273538156299351
sugar_box1_clean,853,0.7377396954560509,0.938242108164275,1.3440190756590296,1.3675363425393208,0.06542422760161629,0.06656900229180414,0.7946843853820601,0.7946843853820601,0.2005024127082241,0.02351726688029121,MODE_3_RELOCALIZE,simple,four_mode_relocalization_v2,,0,0,0,False,1,0,0.7377396954560509,0,0,restarted_se3,1,49.528203904628754,2.3421216756105423,0,854,cache_read_only_not_online_fps,157ff887794c6cb410230016d2d4aa63b09139d0c130484af891fca7557bb682,cached_perception_v2,1,1,1,0.9754540360913684,,1,2458.4157075732946,0,22.26293832063675,2458.4157075732946,2510.286033153534,0.9324355530669906,0.9285232646670379,3.539550859324546,0.9327220203411736,0.9754540360913684,0.9117446788929378
sugar_box1_clean,854,0.5853333178288801,0.5576560280961961,1.373441662914331,1.437745330390292,0.06685646177156314,0.06998663890428208,0.7946843853820601,0.7946843853820601,-0.02767728973268402,0.06430366747596117,MODE_3_RELOCALIZE,simple,four_mode_relocalization_v2,,0,0,0,False,1,0,0.5576560280961961,0,0,restarted_se3,1,48.227302730083466,2.06611305475235,0,855,cache_read_only_not_online_fps,157ff887794c6cb410230016d2d4aa63b09139d0c130484af891fca7557bb682,cached_perception_v2,1,1,1,0.6007466230575265,,1,2459.235959686339,0,21.33205719292164,2459.235959686339,2509.5293754711747,0.8005271582754846,0.8096755552380344,3.715741970276824,0.8009586794904424,0.6007466230575265,0.8005271582754846
sugar_box1_clean,855,0.7889001195104599,0.7485979469029698,1.3424567477512763,1.4301781893677148,0.06534817652579723,0.06961828523615288,0.7946843853820601,0.7946843853820601,-0.04030217260749014,0.08772144161643847,MODE_3_RELOCALIZE,simple,four_mode_relocalization_v2,,0,0,0,False,1,0,0.7485979469029698,0,0,restarted_se3,1,47.47890681028366,2.0996686071157455,0,856,cache_read_only_not_online_fps,157ff887794c6cb410230016d2d4aa63b09139d0c130484af891fca7557bb682,cached_perception_v2,1,1,1,0.6676068673435783,,1,2462.9559740424156,0,21.27285860478878,2462.9559740424156,2512.534549459815,0.9579185352066132,0.9415274364463296,3.8183358084225523,0.9582491427844965,0.6676068673435783,0.9579185352066132
sugar_box1_clean,856,0.9952180468472271,0.799828283367831,1.3643582990516214,1.399608201603036,0.06641430133239616,0.06813019784698075,0.7946843853820601,0.7946843853820601,-0.19538976347939618,0.03524990255141458,MODE_3_RELOCALIZE,simple,four_mode_relocalization_v2,,0,0,0,False,1,0,0.799828283367831,0,0,restarted_se3,1,50.37391372025013,2.338740974664688,0,857,cache_read_only_not_online_fps,157ff887794c6cb410230016d2d4aa63b09139d0c130484af891fca7557bb682,cached_perception_v2,1,1,1,0.7710164668109003,,1,2469.4193489849567,0,21.86743263155222,2469.4193489849567,2522.1320036798716,1.1438208961030252,1.1954914724885155,3.8963430553062053,1.1441492242507805,0.7710164668109003,1.1438208961030252
sugar_box1_clean,857,0.7535051316852666,0.541390206948158,1.3608165942441266,1.4437799793129833,0.06624189804912456,0.07028039384553572,0.7946843853820601,0.7946843853820601,-0.21211492473710858,0.0829633850688567,MODE_3_RELOCALIZE,simple,four_mode_relocalization_v2,,0,0,0,False,1,0,0.541390206948158,0,0,restarted_se3,1,48.334457911551,2.1078847348690033,0,858,cache_read_only_not_online_fps,157ff887794c6cb410230016d2d4aa63b09139d0c130484af891fca7557bb682,cached_perception_v2,1,1,1,0.4731983261814795,,1,2463.1784753873944,0,22.332931868731976,2463.1784753873944,2513.6208180338144,1.14132703013369,1.128892040611775,4.32778241876499,1.1415621914187724,0.4731983261814795,1.14132703013369
sugar_box1_clean,858,0.8595199728696622,0.5353379653485534,1.3469038968090608,1.4359576586411158,0.06556465506944598,0.06989961852971058,0.7946843853820601,0.7946843853820601,-0.3241820075211088,0.08905376183205505,MODE_3_RELOCALIZE,simple,four_mode_relocalization_v2,,0,0,0,False,1,0,0.5353379653485534,0,0,restarted_se3,1,51.05200782418251,3.569989465177059,0,859,cache_read_only_not_online_fps,157ff887794c6cb410230016d2d4aa63b09139d0c130484af891fca7557bb682,cached_perception_v2,1,1,1,0.6182595165028519,,1,2456.6282592713833,0,22.343702614307404,2456.6282592713833,2511.250256560743,1.1439501566286379,1.1553177407479907,4.440405578445208,1.1441707678966715,0.6182595165028519,1.1439501566286379
sugar_box1_clean,859,0.9146605941309713,0.759631908490221,1.354776462641868,1.4790306285256833,0.06594787622172146,0.07199632670613562,0.7946843853820601,0.7946843853820601,-0.15502868564075034,0.12425416588381544,MODE_3_RELOCALIZE,simple,four_mode_relocalization_v2,,0,0,0,False,1,0,0.759631908490221,0,0,restarted_se3,1,48.34549222141504,2.4009989574551582,0,860,cache_read_only_not_online_fps,157ff887794c6cb410230016d2d4aa63b09139d0c130484af891fca7557bb682,cached_perception_v2,1,1,1,0.6467751429458947,,1,2462.3021837323904,0,21.5662969276309,2462.3021837323904,2513.0486749112606,1.2413039495082216,1.268144929579528,4.895821638667783,1.24141751481114,0.6467751429458947,1.2413039495082216
sugar_box1_clean,860,0.9752913964416521,0.6713460571803302,1.4299771348745556,1.5338437646333711,0.06960849829550672,0.07466452327954312,0.7946843853820601,0.7946843853820601,-0.30394533926132183,0.10386662975881555,MODE_3_RELOCALIZE,simple,four_mode_relocalization_v2,,0,0,0,False,1,0,0.6713460571803302,0,0,restarted_se3,1,46.82047478854656,2.711443230509758,0,861,cache_read_only_not_online_fps,157ff887794c6cb410230016d2d4aa63b09139d0c130484af891fca7557bb682,cached_perception_v2,1,1,1,1.9050140506794644,,1,2475.7649013772607,0,22.712940350174904,2475.7649013772607,2525.296819396317,1.1849055486371833,1.224619241677043,5.034525217041573,1.1850029480860373,1.9050140506794644,1.1849055486371833
sugar_box1_clean,861,1.3595424127670426,1.9165110467733344,1.5102288395984738,1.832020453804265,0.07351499478083438,0.08917918302739482,0.7946843853820601,0.9274193548387096,0.5569686340062918,0.3217916142057913,MODE_3_RELOCALIZE,simple,four_mode_relocalization_v2,,0,0,0,False,1,1,1.3595424127670426,0,0,restarted_se3,1,47.430901788175106,2.340140752494335,0,862,cache_read_only_not_online_fps,157ff887794c6cb410230016d2d4aa63b09139d0c130484af891fca7557bb682,cached_perception_v2,1,1,1,0.6100331861707103,,1,2458.9900579303503,0,22.91193325072527,2458.9900579303503,2508.7611004710197,1.3193536630695935,1.3256599058968117,5.653291305876431,1.3194403088627906,0.6100331861707103,1.3193536630695935
sugar_box1_clean,862,0.9262240094386025,1.5774201978763298,1.3512349124293677,1.882311242655992,0.06577548046383272,0.09162724055551202,0.7946843853820601,0.9274193548387096,0.6511961884377273,0.5310763302266244,MODE_3_RELOCALIZE,simple,four_mode_relocalization_v2,,0,0,0,False,1,0,0.9262240094386025,0,0,restarted_se3,1,46.806213445961475,2.072044648230076,0,863,cache_read_only_not_online_fps,157ff887794c6cb410230016d2d4aa63b09139d0c130484af891fca7557bb682,cached_perception_v2,1,1,1,1.8209319758298852,,1,2460.4184171184897,0,20.54800745099783,2460.4184171184897,2509.2966752126813,1.3987359146848646,1.3676504121788784,6.216858636566048,1.3988209839983508,1.8209319758298852,1.3681833965781405
sugar_box1_clean,863,2.0167319261791836,2.019650224823175,1.5467878302595828,1.8388894632021884,0.07529461515171709,0.08951355300947786,0.7946843853820601,0.9274193548387096,0.0029182986439915126,0.2921016329426056,MODE_3_RELOCALIZE,simple,four_mode_relocalization_v2,,0,0,0,False,1,1,2.0167319261791836,0,0,restarted_se3,1,46.82074021548033,3.005562350153923,0,864,cache_read_only_not_online_fps,157ff887794c6cb410230016d2d4aa63b09139d0c130484af891fca7557bb682,cached_perception_v2,1,1,1,1.7193745340054147,,1,2462.1158968657255,0,22.257846780121326,2462.1158968657255,2511.9421994313598,1.894598541907876,1.8143186439290078,7.400869022794779,1.8284882819116575,1.7193745340054147,1.8776766611107905
sugar_box1_clean,864,1.2024608667119354,2.2666558631259934,1.3132562788678939,1.5056641865217038,0.06392675464503741,0.07329279637068861,0.7946843853820601,0.7946843853820601,1.064194996414058,0.19240790765380988,MODE_3_RELOCALIZE,simple,four_mode_relocalization_v2,,0,0,0,False,1,1,1.2024608667119354,0,0,restarted_se3,1,46.52703646570444,2.0726853981614113,0,865,cache_read_only_not_online_fps,157ff887794c6cb410230016d2d4aa63b09139d0c130484af891fca7557bb682,cached_perception_v2,1,1,1,2.411476018810741,,1,2475.1402949914336,0,24.234180338680744,2475.1402949914336,2523.7400168552995,1.4694828420914385,1.515267686737393,7.780926847725649,1.5002809736228675,2.411476018810741,1.4694828420914385
sugar_box1_clean,865,1.961570358600716,3.8132846903685147,1.6291713264254368,1.8799210491232157,0.07930488308718432,0.09151089059550599,0.7946843853820601,0.9274193548387096,1.8517143317677986,0.25074972269777884,MODE_3_RELOCALIZE,simple,four_mode_relocalization_v2,,0,0,0,False,1,1,1.961570358600716,0,0,restarted_se3,1,48.15197363495827,2.2722966969013214,0,866,cache_read_only_not_online_fps,157ff887794c6cb410230016d2d4aa63b09139d0c130484af891fca7557bb682,cached_perception_v2,1,1,1,0.2578637867428572,,1,2473.686154000461,0,23.109635338187218,2473.686154000461,2524.1104243323207,1.992434105134723,1.9435536047320436,9.160208189234384,1.9923390771317446,0.2578637867428572,1.992434105134723
sugar_box1_clean,866,0.9426063888457128,2.51528438059699,1.3146016032698746,1.865158810525706,0.06399224241337882,0.09079229360874874,0.7946843853820601,0.9274193548387096,1.5726779917512774,0.5505572072558313,MODE_3_RELOCALIZE,simple,four_mode_relocalization_v2,,0,0,0,False,1,0,0.9426063888457128,0,0,restarted_se3,1,46.66915349662304,2.3147733882069588,0,867,cache_read_only_not_online_fps,157ff887794c6cb410230016d2d4aa63b09139d0c130484af891fca7557bb682,cached_perception_v2,1,1,1,0.464719197776493,,1,2451.930587179959,0,21.86642959713936,2451.930587179959,2500.914514064789,1.8738806189657726,1.8584013401145787,9.391664903408321,1.8738095900719818,0.464719197776493,1.8738806189657726
sugar_box1_clean,867,0.8566300352236097,0.3522109291354432,1.3340616468674271,1.3757269419683358,0.06493951938624423,0.06696770469933863,0.7946843853820601,0.7946843853820601,-0.5044191060881664,0.04166529510090866,MODE_3_RELOCALIZE,simple,four_mode_relocalization_v2,,0,0,0,False,1,0,0.3522109291354432,0,0,restarted_se3,1,52.95027978718281,2.034018747508526,0,868,cache_read_only_not_online_fps,157ff887794c6cb410230016d2d4aa63b09139d0c130484af891fca7557bb682,cached_perception_v2,1,1,1,0.2782343873670034,,1,2461.4262804389,0,17.92767085134983,2461.4262804389,2516.4105789735913,2.069097590339622,2.130752528368388,10.486897708122042,2.069007533879262,0.2782343873670034,2.069097590339622
sugar_box1_clean,868,0.6403085474154699,0.44523738994233925,1.3562164245194523,1.3929730335823043,0.06601797075782062,0.06780721080712014,0.7946843853820601,0.7946843853820601,-0.1950711574731307,0.03675660906285194,MODE_3_RELOCALIZE,simple,four_mode_relocalization_v2,,0,0,0,False,1,0,0.44523738994233925,0,0,restarted_se3,1,49.25484023988247,2.060331404209137,0,869,cache_read_only_not_online_fps,157ff887794c6cb410230016d2d4aa63b09139d0c130484af891fca7557bb682,cached_perception_v2,1,1,1,0.28430068087715027,,1,2463.546139188111,0,24.499032646417618,2463.546139188111,2514.8613108322024,2.1630597341496043,2.223662791919033,11.463068038699783,2.162946716291995,0.28430068087715027,2.16293952304375
sugar_box1_clean,869,0.9808663251033366,0.33182941144763806,1.2911810916988526,1.4508849286876617,0.06285217758296152,0.07062624892557541,0.7946843853820601,0.7946843853820601,-0.6490369136556986,0.15970383698880908,MODE_3_RELOCALIZE,simple,four_mode_relocalization_v2,,0,0,0,False,1,0,0.33182941144763806,0,0,restarted_se3,1,49.85406994819641,1.9115293398499489,0,870,cache_read_only_not_online_fps,157ff887794c6cb410230016d2d4aa63b09139d0c130484af891fca7557bb682,cached_perception_v2,1,1,1,0.3613221522244485,,1,2471.246713772416,0,20.477966405451298,2471.246713772416,2523.0123130604625,2.1138569053266756,2.171849398768873,12.23539134606933,2.1137305600097087,0.3613221522244485,2.1138569053266756
sugar_box1_clean,870,0.9667945753508673,0.45186535557234064,1.2712467673317576,1.375204025222342,0.06188181354714025,0.06694225013189523,0.7946843853820601,0.7946843853820601,-0.5149292197785267,0.10395725789058452,MODE_3_RELOCALIZE,simple,four_mode_relocalization_v2,,0,0,0,False,1,0,0.45186535557234064,0,0,restarted_se3,1,47.43136651813984,2.673032693564892,0,871,cache_read_only_not_online_fps,157ff887794c6cb410230016d2d4aa63b09139d0c130484af891fca7557bb682,cached_perception_v2,1,1,1,0.476256678229524,,1,2464.8882960900664,0,21.602923050522804,2464.8882960900664,2514.992695301771,2.073000754318516,2.10954504567618,12.934788287101096,2.0729233762079127,0.476256678229524,2.073000754318516
sugar_box1_clean,871,1.2936538406985656,0.7861709990674391,1.2063527569699475,1.3011106938579056,0.05872289967397897,0.0633355312521264,0.7946843853820601,0.7946843853820601,-0.5074828416311264,0.09475793688795808,MODE_3_RELOCALIZE,simple,four_mode_relocalization_v2,,0,0,0,False,1,0,0.7861709990674391,0,0,restarted_se3,1,48.41393791139126,2.1140938624739647,0,872,cache_read_only_not_online_fps,157ff887794c6cb410230016d2d4aa63b09139d0c130484af891fca7557bb682,cached_perception_v2,1,1,1,0.6331066543197584,,1,2466.8547827750444,0,19.78524774312973,2466.8547827750444,2517.3828145489097,2.3481631724462053,2.3595559615941686,14.544402061696712,2.348028021680097,0.6331066543197584,2.346584952263112
sugar_box1_clean,872,1.1820231643332635,0.5387915658897466,1.282183615038447,1.392392755729839,0.06241419796531215,0.06777896401287486,0.7946843853820601,0.7946843853820601,-0.6432315984435168,0.1102091406913921,MODE_3_RELOCALIZE,simple,four_mode_relocalization_v2,,0,0,0,False,1,0,0.5387915658897466,0,0,restarted_se3,1,48.46156761050224,2.514415420591831,0,873,cache_read_only_not_online_fps,157ff887794c6cb410230016d2d4aa63b09139d0c130484af891fca7557bb682,cached_perception_v2,1,1,1,0.5800561177268303,,1,2467.7927838638425,0,22.582481615245342,2467.7927838638425,2518.7687668949366,2.726820806992724,2.6019620321270467,15.423296506251457,2.726689410017794,0.5800561177268303,2.4882331843111585
sugar_box1_clean,873,1.2916904935268914,0.6492645437259608,1.2980361243151801,1.3065727985559947,0.06318586720257291,0.06360141585705764,0.7946843853820601,0.7946843853820601,-0.6424259498009306,0.008536674240814612,MODE_3_RELOCALIZE,simple,four_mode_relocalization_v2,,0,0,0,False,1,0,0.6492645437259608,0,0,restarted_se3,1,47.539020888507366,2.087297849357128,0,874,cache_read_only_not_online_fps,157ff887794c6cb410230016d2d4aa63b09139d0c130484af891fca7557bb682,cached_perception_v2,1,1,1,0.3602494590877955,,1,2469.3144746124744,0,20.39281092584133,2469.3144746124744,2518.940793350339,3.1788707129070297,3.171723328977094,16.207731148452265,3.1787632661067424,0.3602494590877955,2.8529892311820015
sugar_box1_clean,874,1.325087009192969,0.35568926286203534,1.368847531523831,1.4342450521041816,0.06663282841459132,0.06981625218328469,0.7946843853820601,0.7946843853820601,-0.9693977463309336,0.06539752058035053,MODE_3_RELOCALIZE,simple,four_mode_relocalization_v2,,0,0,0,False,1,0,0.35568926286203534,0,0,restarted_se3,1,48.32049086689949,2.169639803469181,0,875,cache_read_only_not_online_fps,157ff887794c6cb410230016d2d4aa63b09139d0c130484af891fca7557bb682,cached_perception_v2,1,1,1,2.333089416689794,,1,2471.2224332615733,0,23.225221782922745,2471.2224332615733,2521.712563931942,3.5580601028480077,3.6084905165221914,17.078118920154424,3.5535634188860716,2.333089416689794,3.177619615652926
sugar_box1_clean,875,2.088255707187798,2.1721469322836495,1.4771111643723516,1.702353103073461,0.07190289093434113,0.08286722926100132,0.7946843853820601,0.7946843853820601,0.08389122509585167,0.22524193870110953,MODE_3_RELOCALIZE,simple,four_mode_relocalization_v2,,0,0,0,False,1,1,2.088255707187798,0,0,restarted_se3,1,45.98491359502077,2.525673247873783,0,876,cache_read_only_not_online_fps,157ff887794c6cb410230016d2d4aa63b09139d0c130484af891fca7557bb682,cached_perception_v2,1,1,1,0.4905885717588472,,1,2472.188455052674,0,21.72703482210636,2472.188455052674,2520.6990418955684,3.518625586621913,3.4798503588818,16.982208248362177,3.5185123290789924,0.4905885717588472,2.9128178032710146
sugar_box1_clean,876,0.9212618348590409,2.4597137531746363,1.3935770561701684,1.421626711606815,0.06783661344877949,0.06920201597517908,0.7946843853820601,0.7946843853820601,1.5384519183155954,0.028049655436646725,MODE_3_RELOCALIZE,simple,four_mode_relocalization_v2,,0,0,0,False,1,0,0.9212618348590409,0,0,restarted_se3,1,46.20662797242403,1.9042380154132843,0,877,cache_read_only_not_online_fps,157ff887794c6cb410230016d2d4aa63b09139d0c130484af891fca7557bb682,cached_perception_v2,1,1,1,0.45538939700808634,,1,2490.0631746277213,0,22.28645049035549,2490.0631746277213,2538.1740406155586,4.1032099827402995,4.096207757114829,17.157646046420304,4.103157871392205,0.45538939700808634,3.2599771490218368
sugar_box1_clean,877,1.3019573183516202,0.8030912788076201,1.370456482759551,1.3543346491818968,0.0667111490230946,0.06592636960408031,0.7946843853820601,0.7946843853820601,-0.4988660395440001,-0.016121833577654066,MODE_3_RELOCALIZE,simple,four_mode_relocalization_v2,,0,0,0,False,1,0,0.8030912788076201,0,0,restarted_se3,1,47.59612400084734,2.162260003387928,0,878,cache_read_only_not_online_fps,157ff887794c6cb410230016d2d4aa63b09139d0c130484af891fca7557bb682,cached_perception_v2,1,1,1,0.5843129547254686,,1,2461.3798735663295,0,22.565415129065514,2461.3798735663295,2511.1382575705647,5.211138785171415,5.059831020756866,17.168110258713263,5.211248454919771,0.5843129547254686,3.6025489567317033
sugar_box1_clean,878,1.5219349458897822,1.3251883175247778,1.3885160036138025,1.5129559280979095,0.06759025128000665,0.07364774413083103,0.7946843853820601,0.7946843853820601,-0.19674662836500434,0.12443992448410701,MODE_3_RELOCALIZE,simple,four_mode_relocalization_v2,,0,0,0,False,1,1,1.3251883175247778,0,0,restarted_se3,1,48.93825855106115,1.7998795956373215,0,879,cache_read_only_not_online_fps,157ff887794c6cb410230016d2d4aa63b09139d0c130484af891fca7557bb682,cached_perception_v2,1,1,1,0.6092575089491556,,1,2474.0368900820613,0,22.48408365994692,2474.0368900820613,2524.7750282287598,6.487953171532512,6.456350390018102,16.52901907541549,6.48820504946667,0.6092575089491556,3.9665366746592006
sugar_box1_clean,879,1.5055277152012547,0.6917485986090375,1.4089418255768944,1.519124994109738,0.06858454046032067,0.07394804223385412,0.7946843853820601,0.7946843853820601,-0.8137791165922172,0.1101831685328436,MODE_3_RELOCALIZE,simple,four_mode_relocalization_v2,,0,0,0,False,1,0,0.6917485986090375,0,0,restarted_se3,1,46.802314929664135,1.795000396668911,0,880,cache_read_only_not_online_fps,157ff887794c6cb410230016d2d4aa63b09139d0c130484af891fca7557bb682,cached_perception_v2,1,1,1,1.8238565305879417,,1,2460.8053490519524,0,22.366291843354702,2460.8053490519524,2509.4026643782854,8.195327144501057,8.470151305847201,16.329338200860477,8.195568608823613,1.8238565305879417,4.825419675435361
sugar_box1_clean,880,1.7023263498280607,4.975036144247361,1.4125089515834852,1.9531150183998103,0.06875818119798982,0.09507383028270466,0.7946843853820601,0.9274193548387096,3.2727097944193,0.5406060668163251,MODE_3_RELOCALIZE,simple,four_mode_relocalization_v2,,0,0,0,False,1,1,1.7023263498280607,0,0,restarted_se3,1,45.740884728729725,2.073882147669792,0,881,cache_read_only_not_online_fps,157ff887794c6cb410230016d2d4aa63b09139d0c130484af891fca7557bb682,cached_perception_v2,1,1,1,1.9110410099302935,,1,2455.195289105177,0,21.987739950418472,2455.195289105177,2503.0100559815764,9.20808649795339,9.429958287303265,15.340249450156868,9.208153842749264,1.9110410099302935,4.975356147039157
sugar_box1_clean,881,1.8926433953084698,1.6491247777100184,1.4192585454935642,1.5833245134552574,0.06908673826699939,0.07707314963868474,0.7946843853820601,0.7946843853820601,-0.2435186175984514,0.16406596796169315,MODE_3_RELOCALIZE,simple,four_mode_relocalization_v2,,0,0,0,False,1,1,1.6491247777100184,0,0,restarted_se3,1,45.18565442413092,2.1378742530941963,0,882,cache_read_only_not_online_fps,157ff887794c6cb410230016d2d4aa63b09139d0c130484af891fca7557bb682,cached_perception_v2,1,1,1,1.7323540767813443,,1,2462.0349621400237,0,22.360600531101227,2462.0349621400237,2509.358490817249,11.15085146590666,11.39289873201233,15.164960606154123,11.160388457949797,1.7323540767813443,6.011632280965999
sugar_box1_clean,882,1.8502885222556003,1.7513260871221632,1.448511145480034,1.6266081383507425,0.07051069778819548,0.07918011209023823,0.7946843853820601,0.7946843853820601,-0.09896243513343705,0.17809699287070857,MODE_3_RELOCALIZE,simple,four_mode_relocalization_v2,,0,0,0,False,1,1,1.7513260871221632,0,0,restarted_se3,1,49.39533304423094,2.606978639960289,0,883,cache_read_only_not_online_fps,157ff887794c6cb410230016d2d4aa63b09139d0c130484af891fca7557bb682,cached_perception_v2,1,1,1,1.6754750093617887,,1,2462.8191543743014,0,22.391649894416332,2462.8191543743014,2514.8214660584927,12.784706621467807,12.995353858383949,14.207321775236279,12.78440726553841,1.6754750093617887,6.784934852447785
sugar_box1_clean,883,1.7970196857110197,1.8611503276072066,1.4344470120236097,1.447213173273689,0.06982608319831592,0.07044751503239505,0.7946843853820601,0.7946843853820601,0.06413064189618689,0.012766161250079344,MODE_3_RELOCALIZE,simple,four_mode_relocalization_v2,,0,0,0,False,1,1,1.7970196857110197,0,0,restarted_se3,1,47.560119070112705,2.099478617310524,0,884,cache_read_only_not_online_fps,157ff887794c6cb410230016d2d4aa63b09139d0c130484af891fca7557bb682,cached_perception_v2,1,1,1,0.6198766673360513,,1,2471.295659430325,0,22.044471465051174,2471.295659430325,2520.9552571177483,13.044460153945506,13.4392249387537,13.823034616739124,13.044091452213364,0.6198766673360513,6.711635966760028
sugar_box1_clean,884,1.4277632376101548,3.4923776143367093,1.326444645868267,1.6957412280026043,0.06456873863168804,0.0825453760765165,0.7946843853820601,0.7946843853820601,2.0646143767265546,0.36929658213433725,MODE_3_RELOCALIZE,simple,four_mode_relocalization_v2,,0,0,0,False,1,1,1.4277632376101548,0,0,restarted_se3,1,49.14900194853544,2.3085325956344604,0,885,cache_read_only_not_online_fps,157ff887794c6cb410230016d2d4aa63b09139d0c130484af891fca7557bb682,cached_perception_v2,1,1,1,0.5459203514909389,,1,2460.505477152765,0,20.5690311267972,2460.505477152765,2511.9630116969347,14.61591929657106,14.93033607309119,14.279251266480971,14.615532227954617,0.5459203514909389,7.838085306985394
sugar_box1_clean,885,0.9254699753185951,1.6523822268985053,1.2157929766634707,1.4681932401507232,0.05918243115907748,0.07146878377427444,0.7946843853820601,0.7946843853820601,0.7269122515799102,0.2524002634872524,MODE_3_RELOCALIZE,simple,four_mode_relocalization_v2,,0,0,0,False,1,0,0.9254699753185951,0,0,restarted_se3,1,46.41210101544857,2.8206994757056236,0,886,cache_read_only_not_online_fps,157ff887794c6cb410230016d2d4aa63b09139d0c130484af891fca7557bb682,cached_perception_v2,1,1,1,0.5739953412613648,,1,2464.8122806102037,0,22.35176134854555,2464.8122806102037,2514.045081101358,17.244142002475005,17.047668702079235,14.233030317596086,16.990148842898655,0.5739953412613648,9.069762638343784
sugar_box1_clean,886,0.8349226345037829,1.5172604939436352,1.1399304145686022,1.3496687578298459,0.05548958957756739,0.06569924311212089,0.7272727272727273,0.7946843853820601,0.6823378594398523,0.20973834326124363,MODE_3_RELOCALIZE,simple,four_mode_relocalization_v2,,0,0,0,False,1,0,0.8349226345037829,0,0,restarted_se3,1,47.350795939564705,2.467712387442589,0,887,cache_read_only_not_online_fps,157ff887794c6cb410230016d2d4aa63b09139d0c130484af891fca7557bb682,cached_perception_v2,1,1,1,0.594572985654661,,1,2472.482644021511,0,21.411634981632233,2472.482644021511,2522.3011523485184,18.967060879439543,18.89456943017987,14.787622917484528,18.966477182871312,0.594572985654661,10.044345912974501
sugar_box1_clean,887,0.7750225375477162,1.5661949413927556,0.9800714308541931,1.4054854412925715,0.04770796599490637,0.06841629041373162,0.0891009055627426,0.7946843853820601,0.7911724038450394,0.42541401043837834,MODE_1_ACCEPT,simple,four_mode_relocalization_v2,0.0,0,0,0,False,0,0,0.7750225375477162,0,0,restarted_se3,0,45.727736316621304,1.8142154440283775,0,888,cache_read_only_not_online_fps,157ff887794c6cb410230016d2d4aa63b09139d0c130484af891fca7557bb682,cached_perception_v2,0,0,0,,,0,0.0,0,21.769397892057896,1.0764114558696747,48.618363216519356,20.828768106102363,20.68878293656752,14.799202483540055,20.8281526341158,0.7750225375477162,10.460032636510054
sugar_box1_clean,888,1.0249331872647918,1.0286620066245276,0.9464251094402528,1.1384029129462288,0.04607012868291481,0.05541523377740511,0.0891009055627426,0.7272727272727273,0.003728819359735791,0.19197780350597593,MODE_1_ACCEPT,simple,four_mode_relocalization_v2,0.0,0,0,0,False,0,1,1.0249331872647918,0,0,restarted_se3,0,47.62829840183258,4.635749384760857,0,889,cache_read_only_not_online_fps,157ff887794c6cb410230016d2d4aa63b09139d0c130484af891fca7557bb682,cached_perception_v2,0,0,0,,,0,0.0,0,21.762864664196968,0.9082835167646408,53.17233130335808,22.737295003755964,22.58039580767682,15.484338202156794,22.736635598097187,1.0249331872647918,11.158530154953242
sugar_box1_clean,889,1.1175147744145795,1.2912302762097867,0.9954898325390134,0.9872314474340158,0.04845850372115568,0.0480565016391047,0.0891009055627426,0.0891009055627426,0.17371550179520723,-0.008258385104997545,MODE_1_ACCEPT,simple,four_mode_relocalization_v2,0.0,0,0,0,False,0,1,1.1175147744145795,0,0,restarted_se3,0,46.46544624119997,4.018285311758518,0,890,cache_read_only_not_online_fps,157ff887794c6cb410230016d2d4aa63b09139d0c130484af891fca7557bb682,cached_perception_v2,0,0,0,,,0,0.0,0,23.105058819055557,0.849318690598011,51.3330502435565,23.501188986394244,23.793706851333052,23.501188986394244,23.500519859802438,1.1175147744145795,11.430024750613663
sugar_box1_clean,890,1.2998242863676674,1.1639951657433398,1.0046496557103093,1.0573479391097063,0.04890438605035965,0.05146963571814882,0.0891009055627426,0.24242424242424243,-0.13582912062432762,0.05269828339939697,MODE_1_ACCEPT,simple,four_mode_relocalization_v2,0.0,0,0,0,False,0,1,1.1639951657433398,0,0,restarted_se3,0,47.34246525913477,3.6022216081619263,0,891,cache_read_only_not_online_fps,157ff887794c6cb410230016d2d4aa63b09139d0c130484af891fca7557bb682,cached_perception_v2,0,0,0,,,0,0.0,0,21.764163859188557,0.8252831175923347,51.76996998488903,23.49937843780618,24.028639154846175,23.49937843780618,23.49876494731702,1.2998242863676674,11.29374924129799
sugar_box1_clean,891,1.660973504481723,1.7438831346515176,1.0498953683276275,1.0536386226313927,0.05110685910590111,0.051289073425605,0.24242424242424243,0.24242424242424243,0.08290963016979447,0.003743254303765209,MODE_1_ACCEPT,simple,four_mode_relocalization_v2,0.0,0,0,0,False,0,1,1.660973504481723,0,0,restarted_se3,0,46.4959517121315,4.038992337882519,0,892,cache_read_only_not_online_fps,157ff887794c6cb410230016d2d4aa63b09139d0c130484af891fca7557bb682,cached_perception_v2,0,0,0,,,0,0.0,0,21.17215469479561,0.9602485224604607,51.49519257247448,24.306051877334454,24.22555489486969,24.306051877334454,24.177407028015164,1.660973504481723,10.900501371644603
sugar_box1_clean,892,1.8352282383146752,1.8408615007254845,1.085377489473574,1.1048786868179539,0.052834059568812874,0.05378333982581901,0.3888888888888889,0.5121951219512195,0.005633262410809303,0.01950119734437994,MODE_1_ACCEPT,simple,four_mode_relocalization_v2,0.0,0,0,0,True,0,1,1.8352282383146752,0,0,restarted_se3,0,46.07236944139004,3.566044382750988,0,893,cache_read_only_not_online_fps,157ff887794c6cb410230016d2d4aa63b09139d0c130484af891fca7557bb682,cached_perception_v2,0,0,0,,,0,0.0,0,20.327575504779816,0.9023025631904602,50.540716387331486,25.049629255647876,24.741193321765177,25.049629255647876,25.04891008071754,1.8352282383146752,10.631651840880055
sugar_box1_clean,893,1.5548373214235445,1.4355100486421177,1.1605241458014681,1.1634317483067498,0.05649205225369041,0.05663358867346726,0.7946843853820601,0.7946843853820601,-0.11932727278142674,0.002907602505281659,MODE_3_RELOCALIZE,simple,four_mode_relocalization_v2,,0,0,0,False,1,1,1.4355100486421177,0,0,restarted_se3,1,46.04845214635134,3.91255971044302,0,894,cache_read_only_not_online_fps,157ff887794c6cb410230016d2d4aa63b09139d0c130484af891fca7557bb682,cached_perception_v2,1,1,1,3.782362435372413,,1,2461.0987845808268,0,20.27750574052334,2461.0987845808268,2511.059796437621,24.90495848151062,24.946912080243298,24.90495848151062,25.133506688093632,3.782362435372413,10.177763483929981
sugar_box1_clean,894,3.308985898970435,4.006454002403376,1.5374464725832653,1.6868378052477817,0.07483989607682313,0.0821119748195743,0.7946843853820601,0.7946843853820601,0.6974681034329411,0.14939133266451643,MODE_3_RELOCALIZE,simple,four_mode_relocalization_v2,,0,0,0,False,1,1,3.308985898970435,0,0,restarted_se3,1,45.065803453326225,1.8011881038546562,0,895,cache_read_only_not_online_fps,157ff887794c6cb410230016d2d4aa63b09139d0c130484af891fca7557bb682,cached_perception_v2,1,1,1,3.569915897716654,,1,2475.2598917111754,0,21.001887507736683,2475.2598917111754,2522.1268832683563,25.436312390728627,25.550273883791707,25.436312390728627,25.435676047470963,3.569915897716654,9.826976316995745
sugar_box1_clean,895,3.4445505343130045,3.4896764040755146,1.4950488330224427,1.513294649178763,0.07277606166358133,0.07366423241249948,0.7946843853820601,0.7946843853820601,0.045125869762510096,0.01824581615632037,MODE_3_RELOCALIZE,simple,four_mode_relocalization_v2,,0,0,0,False,1,1,3.4445505343130045,0,0,restarted_se3,1,45.859016478061676,2.7630366384983063,0,896,cache_read_only_not_online_fps,157ff887794c6cb410230016d2d4aa63b09139d0c130484af891fca7557bb682,cached_perception_v2,1,1,1,0.3573506336638496,,1,2472.7254835888743,0,21.894536912441254,2472.7254835888743,2521.3475367054343,26.315403605739522,26.181229052390442,26.315403605739522,26.168180876538717,0.3573506336638496,9.427648570465543
sugar_box1_clean,896,0.5542918019150247,5.207601038028373,0.8672688641479972,1.6914365826521833,0.0422169570264407,0.08233583433544256,0.0891009055627426,0.7946843853820601,4.653309236113348,0.8241677185041861,MODE_1_ACCEPT,simple,four_mode_relocalization_v2,0.0,0,0,0,False,0,0,0.5542918019150247,0,0,restarted_se3,0,46.00249696522951,2.176905982196331,0,897,cache_read_only_not_online_fps,157ff887794c6cb410230016d2d4aa63b09139d0c130484af891fca7557bb682,cached_perception_v2,0,0,0,,,0,0.0,0,20.539337769150734,1.726670190691948,49.90607313811779,27.03438841371258,26.92245600560932,27.03438841371258,27.033648048510162,0.5542918019150247,8.989796130041269
sugar_box1_clean,897,0.8100524876929867,0.922108510332309,0.9769700506180277,1.0152434921765696,0.04755699685308035,0.0494200733502613,0.0891009055627426,0.0891009055627426,0.11205602263932235,0.038273441558541954,MODE_1_ACCEPT,simple,four_mode_relocalization_v2,0.0,0,0,0,False,0,0,0.8100524876929867,0,0,restarted_se3,0,45.52458878606558,4.458237439393997,0,898,cache_read_only_not_online_fps,157ff887794c6cb410230016d2d4aa63b09139d0c130484af891fca7557bb682,cached_perception_v2,0,0,0,,,0,0.0,0,23.28534796833992,0.858992338180542,50.84181856364012,27.97283050647501,27.886151982643653,27.97283050647501,27.972118279448082,0.8100524876929867,8.634918475259619
sugar_box1_clean,898,0.9156473357842267,1.1135788195776024,1.0164990858658238,1.1527523731673501,0.04948119320249304,0.056113737517768054,0.09302325581395349,0.7946843853820601,0.19793148379337566,0.1362532873015263,MODE_1_ACCEPT,simple,four_mode_relocalization_v2,0.0,0,0,0,False,0,0,0.9156473357842267,0,0,restarted_se3,0,45.60839384794235,3.8698511198163033,0,899,cache_read_only_not_online_fps,157ff887794c6cb410230016d2d4aa63b09139d0c130484af891fca7557bb682,cached_perception_v2,0,0,0,,,0,0.0,0,20.73810901492834,0.9949849918484688,50.473229959607124,28.934647794869672,28.893003713216675,28.934647794869672,28.933938521160705,0.9156473357842267,8.3033636188076
sugar_box1_clean,899,1.0033801087219547,1.0713440836368566,1.0686021053838857,1.0531732290193532,0.052017466585376135,0.051266418972145344,0.24242424242424243,0.24242424242424243,0.06796397491490191,-0.015428876364532496,MODE_1_ACCEPT,simple,four_mode_relocalization_v2,0.0,0,0,0,False,0,1,1.0033801087219547,0,0,restarted_se3,0,48.50490018725395,3.138533793389797,0,900,cache_read_only_not_online_fps,157ff887794c6cb410230016d2d4aa63b09139d0c130484af891fca7557bb682,cached_perception_v2,0,0,0,,,0,0.0,0,20.951300859451294,0.9860163554549217,52.62945033609867,29.921669086254845,29.924603879490903,29.921669086254845,29.925127766872638,1.0033801087219547,7.988879556395975
sugar_box1_clean,900,1.1670340329578124,1.1522270829923789,1.1939415796183768,1.1858432216295796,0.05811874776381726,0.05772453548971048,0.7946843853820601,0.7946843853820601,-0.014806949965433525,-0.008098357988797211,MODE_3_RELOCALIZE,simple,four_mode_relocalization_v2,,0,0,0,False,1,1,1.1522270829923789,0,0,restarted_se3,1,46.54367920011282,3.124815411865711,0,901,cache_read_only_not_online_fps,157ff887794c6cb410230016d2d4aa63b09139d0c130484af891fca7557bb682,cached_perception_v2,1,1,1,4.236976791771747,,1,2470.879903063178,0,21.124400198459625,2470.879903063178,2520.5483976751566,31.02146843245897,30.968442376877103,31.02146843245897,31.020724392256533,4.236976791771747,7.591137312835191
sugar_box1_clean,901,4.228183209778058,11.457425193289259,1.6500222329642158,2.12293871868165,0.08031986455567591,0.103340516835453,0.7946843853820601,0.9274193548387096,7.229241983511201,0.4729164857174344,MODE_3_RELOCALIZE,simple,four_mode_relocalization_v2,,0,0,0,False,1,1,4.228183209778058,0,0,restarted_se3,1,44.097076170146465,1.323116011917591,0,902,cache_read_only_not_online_fps,157ff887794c6cb410230016d2d4aa63b09139d0c130484af891fca7557bb682,cached_perception_v2,1,1,1,3.809786215208343,,1,2468.5525335371494,0,21.585206501185894,2468.5525335371494,2513.9727257192135,32.17405159355033,32.206914638489515,32.35227143278524,32.17335324074057,3.809786215208343,7.800414894463968
sugar_box1_clean,902,4.147883006938201,3.4122244439227982,1.6253337336400369,1.6329900551920127,0.07911807655416603,0.07949077135655341,0.7946843853820601,0.7946843853820601,-0.7356585630154031,0.00765632155197582,MODE_3_RELOCALIZE,simple,four_mode_relocalization_v2,,0,0,0,False,1,1,3.4122244439227982,0,0,restarted_se3,1,46.64905834943056,1.4822790399193764,0,903,cache_read_only_not_online_fps,157ff887794c6cb410230016d2d4aa63b09139d0c130484af891fca7557bb682,cached_perception_v2,1,1,1,1.0615306874364858,,1,2480.584381148219,0,20.564015954732895,2480.584381148219,2528.715718537569,32.43755535510463,32.718178883470415,33.251638182086104,32.43687541363836,1.0615306874364858,7.622621749921798
sugar_box1_clean,903,0.9771306739865503,2.8745106049060736,1.1199058338496022,1.6528014211695137,0.0545148320385463,0.08045515001775314,0.6060606060606061,0.7946843853820601,1.8973799309195232,0.5328955873199115,MODE_3_RELOCALIZE,simple,four_mode_relocalization_v2,,0,0,0,False,1,0,0.9771306739865503,0,0,restarted_se3,1,48.26195631176233,1.334252767264843,0,904,cache_read_only_not_online_fps,157ff887794c6cb410230016d2d4aa63b09139d0c130484af891fca7557bb682,cached_perception_v2,1,1,1,0.6245997296378594,,1,2475.5041413009167,0,23.192533291876316,2475.5041413009167,2525.100350379944,33.43772750919177,33.7293570042448,34.951606789468386,33.43706411214792,0.6245997296378594,8.126147796018076
sugar_box1_clean,904,0.8418093540858462,0.5280466527758143,1.1697489845074842,1.2337627852801665,0.05694109941233632,0.060057166399215135,0.7946843853820601,0.7946843853820601,-0.3137627013100319,0.06401380077268226,MODE_3_RELOCALIZE,simple,four_mode_relocalization_v2,,0,0,0,False,1,0,0.5280466527758143,0,0,restarted_se3,1,47.57865518331528,3.1118113547563553,0,905,cache_read_only_not_online_fps,157ff887794c6cb410230016d2d4aa63b09139d0c130484af891fca7557bb682,cached_perception_v2,1,1,1,0.9663424286799999,,1,2480.729667469859,0,20.9729028865695,2480.729667469859,2531.4201340079308,33.96342459203573,34.072992905596465,36.04439021397908,33.96278726360965,0.9663424286799999,8.602061948165671
sugar_box1_clean,905,1.0466109410775244,1.3288869097749536,1.059131714424748,1.1902076340131538,0.05155646642190517,0.0579369865734053,0.24242424242424243,0.7946843853820601,0.2822759686974292,0.1310759195884057,MODE_1_ACCEPT,simple,four_mode_relocalization_v2,0.0,0,0,0,False,0,1,1.0466109410775244,0,0,restarted_se3,0,45.472883619368076,1.2983260676264763,0,906,cache_read_only_not_online_fps,157ff887794c6cb410230016d2d4aa63b09139d0c130484af891fca7557bb682,cached_perception_v2,0,0,0,,,0,0.0,0,21.935420110821724,2.7394965291023254,49.51070621609688,34.474077525489776,34.46505724243856,37.10643407793154,34.473448105609855,1.0466109410775244,9.367184601856676
sugar_box1_clean,906,0.8888232733354564,1.1982782003785486,0.9610590002532055,1.374806092278255,0.04678247794981368,0.06692287953219495,0.0891009055627426,0.7946843853820601,0.3094549270430922,0.41374709202504956,MODE_1_ACCEPT,simple,four_mode_relocalization_v2,0.0,0,0,0,False,0,0,0.8888232733354564,0,0,restarted_se3,0,46.932618133723736,3.140772692859173,0,907,cache_read_only_not_online_fps,157ff887794c6cb410230016d2d4aa63b09139d0c130484af891fca7557bb682,cached_perception_v2,0,0,0,,,0,0.0,0,21.531537175178528,2.8533777222037315,52.92676854878664,34.85197684790592,34.84111932342167,38.12978970798797,34.851394565068574,0.8888232733354564,10.155098580136896
