episode,frame_id,E_obs_cm,E_prior_cm,E_obs_hat_cm,E_prior_hat_cm,e_obs_hat_norm,e_prior_hat_norm,p_obs_risk,p_prior_risk,delta_E_gt_cm,delta_E_hat_cm,selected_mode,policy_variant,policy_version,fusion_alpha,forced_streak_reset,motion_history_reset,restart_zero_velocity_prior,output_uncertain,output_quality_unverified,both_candidates_bad,local_candidate_oracle_cm,is_blackout,recovery_attempted,observer_source,observer_restart,observer_wall_ms,sam2_frame_wall_ms,sam2_propagated_frames_total,sam2_cached_frames_consumed,sam2_timing_scope,sam2_cache_receipt_sha256,perception_runtime_version,relocalization_attempted,relocalization_generated,relocalization_used,relocalization_raw_error_cm,relocalization_failure_reason,relocalization_cache_hit,relocalization_wall_ms,sam2_cache_hit,quality_wall_ms,transition_wall_ms,policy_wall_ms,error_b1_obs_cm,error_b2_cm,error_b3_cm,error_b4_cm,error_b5_ours_cm,error_b6_oracle_cm
sugar_box_yalehand0_drop60,0,0.9948403937746332,0.9948403937746332,15.600655652645585,15.600655652645585,0.7594094939855323,0.7594094939855323,0.9985082048731975,0.9985082048731975,0.0,0.0,MODE_3_RELOCALIZE,no_rollout,four_mode_relocalization_v2,,0,0,0,False,1,0,0.9948403937746332,0,0,precomputed,1,0.0,3.627913072705269,0,1,cache_read_only_not_online_fps,75af0ef3fc918763f0b62d63899bd6f7a427eaf26ec2562352624519f5cf2837,cached_perception_v2,1,1,1,1.2069374502617125,,1,29009.172211401165,0,19.745641387999058,29009.172211401165,29032.54576586187,0.9948403937746332,0.9948403937746341,0.9948403937746332,0.9948403937746347,1.2069374502617125,0.9948403937746332
sugar_box_yalehand0_drop60,1,1.457782856139536,1.457782856139536,15.746758107505418,15.746758107505418,0.7665214765704651,0.7665214765704651,0.9985082048731975,0.9985082048731975,0.0,0.0,MODE_3_RELOCALIZE,no_rollout,four_mode_relocalization_v2,,0,0,0,False,1,1,1.457782856139536,0,0,restarted_se3,1,13953.742807731032,3.9484985172748566,0,2,cache_read_only_not_online_fps,75af0ef3fc918763f0b62d63899bd6f7a427eaf26ec2562352624519f5cf2837,cached_perception_v2,1,1,1,3.5761654924710387,,1,2431.4187467098236,0,23.580008186399937,2431.4187467098236,16412.69006114453,1.3183479620917666,1.318347962091766,1.3183479620917666,1.3183479620917655,3.5761654924710387,1.3183479620917666
sugar_box_yalehand0_drop60,2,3.799452733397662,2.7903239644859066,6.900249111965755,18.34050631654503,0.33589067044136733,0.8927800812604947,0.5901639344262295,0.9985082048731975,-1.0091287689117556,11.440257204579275,MODE_1_ACCEPT,no_rollout,four_mode_relocalization_v2,0.0,0,0,0,False,0,1,2.7903239644859066,0,0,restarted_se3,0,48.76707121729851,2.639087848365307,0,3,cache_read_only_not_online_fps,75af0ef3fc918763f0b62d63899bd6f7a427eaf26ec2562352624519f5cf2837,cached_perception_v2,0,0,0,,,0,0.0,0,20.761918276548386,1.1071227490901947,73.2752000913024,1.6982990056379548,1.64871641540772,1.614216463432805,1.6896972671988582,3.799452733397662,1.614216463432805
sugar_box_yalehand0_drop60,3,3.7976423677900004,4.0410581985157075,6.599782869942686,18.980080893121716,0.32126455972557966,0.9239133243996538,0.4393939393939394,0.9985082048731975,0.24341583072570705,12.38029802317903,MODE_1_ACCEPT,no_rollout,four_mode_relocalization_v2,0.0,0,0,0,False,0,1,3.7976423677900004,0,0,restarted_se3,0,36.023964174091816,3.669681027531624,0,4,cache_read_only_not_online_fps,75af0ef3fc918763f0b62d63899bd6f7a427eaf26ec2562352624519f5cf2837,cached_perception_v2,0,0,0,,,0,0.0,0,20.979072898626328,1.0435599833726883,61.716278083622456,2.1116197060481983,1.9816213839604024,2.1116197060481983,2.1113130441224053,3.7976423677900004,1.8765949516672475
sugar_box_yalehand0_drop60,4,4.031805022708037,3.7387926272129057,5.816714132865073,9.557337919079144,0.2831463006843864,0.4652325719237204,0.14634146341463414,0.8,-0.2930123954951309,3.740623786214071,MODE_1_ACCEPT,no_rollout,four_mode_relocalization_v2,0.0,0,0,0,False,0,1,3.7387926272129057,0,0,restarted_se3,0,47.880636528134346,3.9395755156874657,0,5,cache_read_only_not_online_fps,75af0ef3fc918763f0b62d63899bd6f7a427eaf26ec2562352624519f5cf2837,cached_perception_v2,0,0,0,,,0,0.0,0,21.440207958221436,1.2036049738526344,74.46402497589588,2.5969750929303603,2.59101690831861,2.5969750929303603,2.5963856548568405,4.031805022708037,2.2194835165134656
sugar_box_yalehand0_drop60,5,3.988274358799547,4.332985582315939,5.0046469732406464,15.150971701151633,0.2436164549840825,0.737519756165473,0.05,0.9985082048731975,0.3447112235163923,10.146324727910986,MODE_1_ACCEPT,no_rollout,four_mode_relocalization_v2,0.0,0,0,0,False,0,1,3.988274358799547,0,0,restarted_se3,0,51.698655821383,4.084349609911442,0,6,cache_read_only_not_online_fps,75af0ef3fc918763f0b62d63899bd6f7a427eaf26ec2562352624519f5cf2837,cached_perception_v2,0,0,0,,,0,0.0,0,21.122979000210762,1.075628213584423,77.98161264508963,2.779150598776044,3.016464656192187,3.0811592519816235,2.7784864527417454,3.988274358799547,2.5939172408335898
sugar_box_yalehand0_drop60,6,4.035624337543534,3.909844567358024,4.897678093204967,5.12539651178666,0.23840941850633557,0.24949430704414405,0.05,0.11650485436893204,-0.12577977018550968,0.22771841858169228,MODE_4_TRUSTED_FUSION,no_rollout,four_mode_relocalization_v2,0.48866291312480586,0,0,0,False,0,1,3.909844567358024,0,0,restarted_se3,0,46.51376232504845,3.9583519101142883,0,7,cache_read_only_not_online_fps,75af0ef3fc918763f0b62d63899bd6f7a427eaf26ec2562352624519f5cf2837,cached_perception_v2,0,0,0,,,0,0.0,0,21.818618290126324,1.5461146831512451,73.8368472084403,2.6702604859158394,3.098612950442471,3.6442568856316595,2.6694551285149424,3.9707555583888254,2.6702604859158394
sugar_box_yalehand0_drop60,7,4.04644528891586,3.9713364902152937,5.655000211438282,5.707953957140759,0.2752743823512419,0.2778520674257623,0.11650485436893204,0.14634146341463414,-0.07510879870056675,0.05295374570247713,MODE_4_TRUSTED_FUSION,no_rollout,four_mode_relocalization_v2,0.49767398933008755,0,0,0,False,0,1,3.9713364902152937,0,0,restarted_se3,0,46.55460640788078,3.2492168247699738,0,8,cache_read_only_not_online_fps,75af0ef3fc918763f0b62d63899bd6f7a427eaf26ec2562352624519f5cf2837,cached_perception_v2,0,0,0,,,0,0.0,0,22.259367629885674,1.581781543791294,73.64497240632772,2.6991525411218213,2.91312837348761,4.267074981000383,2.698426279268887,4.006983798661158,2.6991525411218213
sugar_box_yalehand0_drop60,8,4.087139525691805,4.048856238103676,5.008208662446033,5.591021948575626,0.24378983106887142,0.27216004528051985,0.05,0.11650485436893204,-0.038283287588129156,0.5828132861295927,MODE_4_TRUSTED_FUSION,no_rollout,four_mode_relocalization_v2,0.47255859169662,0,0,0,False,0,1,4.048856238103676,0,0,restarted_se3,0,47.386898659169674,3.683227114379406,0,9,cache_read_only_not_online_fps,75af0ef3fc918763f0b62d63899bd6f7a427eaf26ec2562352624519f5cf2837,cached_perception_v2,0,0,0,,,0,0.0,0,21.818839944899082,1.3693161308765411,74.2582818493247,2.828370273410532,2.7888304968862996,4.990688299721644,2.8275448013174995,4.0695749397197005,2.747877337888746
sugar_box_yalehand0_drop60,9,4.23134391221467,4.116576144253321,6.088206837488532,4.907430805368395,0.2963620361015002,0.2388841615154705,0.25925925925925924,0.05,-0.11476776796134924,-1.1807760321201375,MODE_4_TRUSTED_FUSION,no_rollout,four_mode_relocalization_v2,0.5535954463283299,0,0,0,False,0,1,4.116576144253321,0,0,restarted_se3,0,47.248258255422115,4.202327691018581,0,10,cache_read_only_not_online_fps,75af0ef3fc918763f0b62d63899bd6f7a427eaf26ec2562352624519f5cf2837,cached_perception_v2,0,0,0,,,0,0.0,0,22.184601053595543,1.2947320938110352,74.92991909384727,2.7379717770235072,2.7069453057079573,5.816004520399875,2.7372819321107054,4.166209539829111,2.7379717770235072
sugar_box_yalehand0_drop60,10,4.014502515936064,4.295257302950869,3.841066923995422,6.461254932187422,0.18697564731013522,0.31452128986206307,0.041666666666666664,0.4393939393939394,0.2807547870148053,2.6201880081919997,MODE_4_TRUSTED_FUSION,no_rollout,four_mode_relocalization_v2,0.3730814614823038,0,0,0,False,0,1,4.014502515936064,0,0,restarted_se3,0,46.93024978041649,3.8082031533122063,0,11,cache_read_only_not_online_fps,75af0ef3fc918763f0b62d63899bd6f7a427eaf26ec2562352624519f5cf2837,cached_perception_v2,0,0,0,,,0,0.0,0,23.962270468473434,1.4057066291570663,76.1064300313592,2.6991817340616624,2.6903142144358445,6.835206732700448,2.6981238198439157,4.1143826516109145,2.6991817340616624
sugar_box_yalehand0_drop60,11,3.898473641671286,4.031999483045659,4.61069561130264,4.779415777810374,0.22443967093824538,0.23265263961889593,0.05,0.05,0.1335258413743734,0.16872016650773336,MODE_4_TRUSTED_FUSION,no_rollout,four_mode_relocalization_v2,0.49103516634760913,0,0,0,False,0,1,3.898473641671286,0,0,restarted_se3,0,46.9101769849658,4.620187915861607,0,12,cache_read_only_not_online_fps,75af0ef3fc918763f0b62d63899bd6f7a427eaf26ec2562352624519f5cf2837,cached_perception_v2,0,0,0,,,0,0.0,0,20.457039587199688,1.4635957777500153,73.45100026577711,2.7663077613704483,2.727252267611021,8.073137800486172,2.765539283696655,3.9624042444539493,2.6851607289174493
sugar_box_yalehand0_drop60,12,3.7873360718558944,3.807735056909224,3.608208935246789,3.9897130919441475,0.17564057451939005,0.19421145288768396,0.041666666666666664,0.04838709677419355,0.02039898505332971,0.38150415669735827,MODE_4_TRUSTED_FUSION,no_rollout,four_mode_relocalization_v2,0.47496009047246474,0,0,0,False,0,1,3.7873360718558944,0,0,restarted_se3,0,45.67145835608244,3.863910213112831,0,13,cache_read_only_not_online_fps,75af0ef3fc918763f0b62d63899bd6f7a427eaf26ec2562352624519f5cf2837,cached_perception_v2,0,0,0,,,0,0.0,0,19.97753605246544,1.4982633292675018,71.01116795092821,2.7157462017716174,2.7179300445484933,9.283493749448594,2.715001802786503,3.797043349857554,2.6453213949968286
sugar_box_yalehand0_drop60,13,3.7763901345171242,3.658115319515702,4.954154132759894,5.817941652138583,0.24115856197668967,0.28320605392880827,0.05,0.14634146341463414,-0.11827481500142234,0.8637875193786897,MODE_4_TRUSTED_FUSION,no_rollout,four_mode_relocalization_v2,0.4599805479586552,0,0,0,False,0,1,3.658115319515702,0,0,restarted_se3,0,46.37652728706598,4.034894518554211,0,14,cache_read_only_not_online_fps,75af0ef3fc918763f0b62d63899bd6f7a427eaf26ec2562352624519f5cf2837,cached_perception_v2,0,0,0,,,0,0.0,0,19.931037910282612,1.4620320871472359,71.80449180305004,2.7467952117295398,2.722195811864194,10.406685848675897,2.745994001607971,3.7201867072674983,2.5917069533835924
sugar_box_yalehand0_drop60,14,3.8323155367801913,3.651268703750686,6.890582066460073,7.001773495394959,0.335420097518071,0.34083267944174483,0.5901639344262295,0.5901639344262295,-0.1810468330295052,0.11119142893488565,MODE_4_TRUSTED_FUSION,no_rollout,four_mode_relocalization_v2,0.49600386043756134,0,0,0,False,0,1,3.651268703750686,0,0,restarted_se3,0,44.02065556496382,3.043382428586483,0,15,cache_read_only_not_online_fps,75af0ef3fc918763f0b62d63899bd6f7a427eaf26ec2562352624519f5cf2837,cached_perception_v2,0,0,0,,,0,0.0,0,20.212636329233646,1.7765611410140991,69.05323546379805,2.7074383347628364,2.7324184229721316,11.556657449222369,2.7066248115706477,3.7433257955875403,2.5596568556545014
sugar_box_yalehand0_drop60,15,3.814418531653991,3.7436931049649353,5.494048489737983,7.108181871355695,0.26743956641440036,0.346012431674175,0.11650485436893204,0.6923076923076923,-0.07072542668905557,1.6141333816177124,MODE_1_ACCEPT,no_rollout,four_mode_relocalization_v2,0.0,0,0,0,False,0,1,3.7436931049649353,0,0,restarted_se3,0,46.35284934192896,3.5157836973667145,0,16,cache_read_only_not_online_fps,75af0ef3fc918763f0b62d63899bd6f7a427eaf26ec2562352624519f5cf2837,cached_perception_v2,0,0,0,,,0,0.0,0,21.327316761016846,1.2130988761782646,72.40904867649078,2.603585242634793,2.6652583909959855,12.600253128028365,2.6181975273775295,3.814418531653991,2.5523463863914233
sugar_box_yalehand0_drop60,16,3.8312716231997714,3.9235757025671134,4.143038641791876,2.5360172267982453,0.20167504165070957,0.12344837305699105,0.04838709677419355,0.041666666666666664,0.09230407936734197,-1.607021414993631,MODE_4_TRUSTED_FUSION,no_rollout,four_mode_relocalization_v2,0.6199438731753587,0,0,0,False,0,1,3.8312716231997714,0,0,restarted_se3,0,44.58411131054163,4.151287488639355,0,17,cache_read_only_not_online_fps,75af0ef3fc918763f0b62d63899bd6f7a427eaf26ec2562352624519f5cf2837,cached_perception_v2,0,0,0,,,0,0.0,0,22.247571498155594,1.3762442395091057,72.35921453684568,2.5241145124338886,2.5565359368981406,2.5241145124338886,2.5238815214931782,3.8872322517024784,2.5241145124338886
sugar_box_yalehand0_drop60,17,3.785960387182029,3.9381283424652684,5.3714659796050155,2.25941231716305,0.26147248887200447,0.10998378546933052,0.11650485436893204,0.041666666666666664,0.15216795528323956,-3.1120536624419657,MODE_4_TRUSTED_FUSION,no_rollout,four_mode_relocalization_v2,0.7033788502266844,0,0,0,False,0,1,3.785960387182029,0,0,restarted_se3,0,46.488214284181595,4.515902139246464,0,18,cache_read_only_not_online_fps,75af0ef3fc918763f0b62d63899bd6f7a427eaf26ec2562352624519f5cf2837,cached_perception_v2,0,0,0,,,0,0.0,0,20.971973426640034,1.371871680021286,73.34796153008938,2.7811392847161946,2.614567000724032,3.937883789287503,2.7803928595952283,3.8910375663185275,2.7811392847161946
sugar_box_yalehand0_drop60,18,3.70347210494393,3.8648958469636856,4.311676440806928,3.8280492122081853,0.20988400084244305,0.18634197048646156,0.04838709677419355,0.041666666666666664,0.1614237420197555,-0.48362722859874285,MODE_4_TRUSTED_FUSION,no_rollout,four_mode_relocalization_v2,0.5296350177177855,0,0,0,False,0,1,3.70347210494393,0,0,restarted_se3,0,37.96151001006365,3.3903028815984726,0,19,cache_read_only_not_online_fps,75af0ef3fc918763f0b62d63899bd6f7a427eaf26ec2562352624519f5cf2837,cached_perception_v2,0,0,0,,,0,0.0,0,20.636708475649357,1.8204636871814728,63.80898505449295,2.529720447567564,2.597421304910306,17.71513627894302,2.5295455694041813,3.7884854353834165,2.529720447567564
sugar_box_yalehand0_drop60,19,3.8085519868788027,3.761620210611621,3.485021725760079,4.4134963633483695,0.16964406139169158,0.2148403961104669,0.041666666666666664,0.05,-0.04693177626718148,0.9284746375882906,MODE_4_TRUSTED_FUSION,no_rollout,four_mode_relocalization_v2,0.44137320726302537,0,0,0,False,0,1,3.761620210611621,0,0,restarted_se3,0,45.29729764908552,3.858405165374279,0,20,cache_read_only_not_online_fps,75af0ef3fc918763f0b62d63899bd6f7a427eaf26ec2562352624519f5cf2837,cached_perception_v2,0,0,0,,,0,0.0,0,22.28634338825941,1.8346114084124565,73.27665761113167,2.675812456279653,2.647132585032103,20.549421818285488,2.675253548532684,3.7861964352388524,2.3711233477680733
sugar_box_yalehand0_drop60,20,3.574799555295537,3.6964555027194166,7.458969463733075,4.2936695795459885,0.363088087592427,0.2090074619518408,0.8,0.04838709677419355,0.12165594742387942,-3.1652998841870863,MODE_2_PRIOR,no_rollout,four_mode_relocalization_v2,1.0,0,0,0,False,0,1,3.574799555295537,0,0,restarted_se3,0,44.49505265802145,3.9018671959638596,0,21,cache_read_only_not_online_fps,75af0ef3fc918763f0b62d63899bd6f7a427eaf26ec2562352624519f5cf2837,cached_perception_v2,0,0,0,,,0,0.0,0,21.772894077003002,0.8072229102253914,70.9770368412137,2.616803029297171,2.6283628248042605,11.885365754774977,2.616265981521524,3.6964555027194166,2.227187837713638
sugar_box_yalehand0_drop60,21,3.6527479289128286,3.6420996057306034,7.183803665750449,5.414030376454117,0.3496935531535699,0.2635444407048426,0.8,0.11650485436893204,-0.010648323182225194,-1.7697732892963316,MODE_2_PRIOR,no_rollout,four_mode_relocalization_v2,1.0,0,0,0,False,0,1,3.6420996057306034,0,0,restarted_se3,0,44.66362949460745,2.5621699169278145,0,22,cache_read_only_not_online_fps,75af0ef3fc918763f0b62d63899bd6f7a427eaf26ec2562352624519f5cf2837,cached_perception_v2,0,0,0,,,0,0.0,0,21.643965505063534,0.9734677150845528,69.84323263168335,2.4706376153277323,2.543158163535255,11.365908146895578,2.47083775316231,3.6420996057306034,2.148345867221125
sugar_box_yalehand0_drop60,22,3.674202842395819,3.61066744199431,5.885291706428833,7.897080126645255,0.2864845232308202,0.3844144602936528,0.14634146341463414,0.8,-0.06353540040150918,2.011788420216422,MODE_1_ACCEPT,no_rollout,four_mode_relocalization_v2,0.0,0,0,0,False,0,1,3.61066744199431,0,0,restarted_se3,0,43.93400624394417,2.9478659853339195,0,23,cache_read_only_not_online_fps,75af0ef3fc918763f0b62d63899bd6f7a427eaf26ec2562352624519f5cf2837,cached_perception_v2,0,0,0,,,0,0.0,0,22.322491742670536,1.0820934548974037,70.28645742684603,2.549938157436088,2.5200142638448253,17.599588209800597,2.5499071906195137,3.674202842395819,2.1339354211465276
sugar_box_yalehand0_drop60,23,3.693720018607913,3.680067820342684,5.591874405548569,13.384179106462646,0.27220154122356743,0.6515157381175125,0.11650485436893204,0.9985082048731975,-0.013652198265228677,7.792304700914078,MODE_1_ACCEPT,no_rollout,four_mode_relocalization_v2,0.0,0,0,0,False,0,1,3.680067820342684,0,0,restarted_se3,0,46.05676420032978,2.305261790752411,0,24,cache_read_only_not_online_fps,75af0ef3fc918763f0b62d63899bd6f7a427eaf26ec2562352624519f5cf2837,cached_perception_v2,0,0,0,,,0,0.0,0,20.719788037240505,0.9848484769463539,70.06666250526905,2.6382195099201957,2.5605760376018702,27.82357330154464,2.637727018079511,3.693720018607913,2.1828397096807755
sugar_box_yalehand0_drop60,24,3.7532509932169624,3.7436201564444676,2.6376279822188327,3.07725639423985,0.12839458647747318,0.1497948402455209,0.041666666666666664,0.041666666666666664,-0.009630836772494877,0.4396284120210172,MODE_4_TRUSTED_FUSION,no_rollout,four_mode_relocalization_v2,0.4616706821653055,0,0,0,False,0,1,3.7436201564444676,0,0,restarted_se3,0,46.76789417862892,2.6510991156101227,0,25,cache_read_only_not_online_fps,75af0ef3fc918763f0b62d63899bd6f7a427eaf26ec2562352624519f5cf2837,cached_perception_v2,0,0,0,,,0,0.0,0,20.274431444704533,1.1860476806759834,70.87947241961956,2.562648887939659,2.5688292939565227,26.995726433723394,2.5622455324430238,3.748270797660692,2.2742625298969603
sugar_box_yalehand0_drop60,25,3.727068076424732,3.825681479784245,6.895178082139259,4.815047613094596,0.3356438225985415,0.2343871278740981,0.5901639344262295,0.05,0.09861340335951319,-2.080130469044663,MODE_4_TRUSTED_FUSION,no_rollout,four_mode_relocalization_v2,0.5886654069192312,0,0,0,False,0,1,3.727068076424732,0,0,restarted_se3,0,45.980378054082394,3.0365819111466408,0,26,cache_read_only_not_online_fps,75af0ef3fc918763f0b62d63899bd6f7a427eaf26ec2562352624519f5cf2837,cached_perception_v2,0,0,0,,,0,0.0,0,21.550102159380913,1.1898251250386238,71.75688724964857,2.5297119587339623,2.5716364394077216,25.703744207624496,2.5293954105579823,3.7857012093830007,2.4205537937021147
sugar_box_yalehand0_drop60,26,3.708567411196021,3.809018464596247,8.438238779181649,6.080493726211425,0.4107570081736109,0.2959865768860403,0.8,0.25925925925925924,0.10045105340022564,-2.357745052970224,MODE_2_PRIOR,no_rollout,four_mode_relocalization_v2,1.0,0,0,0,False,0,1,3.708567411196021,0,0,restarted_se3,0,45.52445188164711,3.674674779176712,0,27,cache_read_only_not_online_fps,75af0ef3fc918763f0b62d63899bd6f7a427eaf26ec2562352624519f5cf2837,cached_perception_v2,0,0,0,,,0,0.0,0,22.679753601551056,1.1223722249269485,73.00125248730183,2.547602152761631,2.5490407324260413,27.454599598523743,2.547636597334545,3.809018464596247,2.547602152761631
sugar_box_yalehand0_drop60,27,3.7053291099519465,3.831599687806195,6.442469323277276,3.182205491306636,0.31360684305455055,0.15490355762716576,0.4393939393939394,0.041666666666666664,0.12627057785424833,-3.26026383197064,MODE_4_TRUSTED_FUSION,no_rollout,four_mode_relocalization_v2,0.6690188572786677,0,0,0,False,0,1,3.7053291099519465,0,0,restarted_se3,0,46.6526048257947,3.365296870470047,0,28,cache_read_only_not_online_fps,75af0ef3fc918763f0b62d63899bd6f7a427eaf26ec2562352624519f5cf2837,cached_perception_v2,0,0,0,,,0,0.0,0,21.872100420296192,1.5261182561516762,73.41612037271261,2.475533963298067,2.4940387047691517,34.80975887900579,2.4912029539905016,3.797890965950821,2.475533963298067
sugar_box_yalehand0_drop60,28,3.79217252779296,3.7820241068931804,5.64192944802167,6.257097707099962,0.2746381230777074,0.3045833142763468,0.11650485436893204,0.35,-0.01014842089977952,0.6151682590782919,MODE_4_TRUSTED_FUSION,no_rollout,four_mode_relocalization_v2,0.47419385613137255,0,0,0,False,0,1,3.7820241068931804,0,0,restarted_se3,0,45.943109318614006,2.9919231310486794,0,29,cache_read_only_not_online_fps,75af0ef3fc918763f0b62d63899bd6f7a427eaf26ec2562352624519f5cf2837,cached_perception_v2,0,0,0,,,0,0.0,0,21.382959559559822,1.1860979720950127,71.50408998131752,2.5335477048325576,2.506180495544752,40.78355834851893,2.533666155928797,3.784567767411239,2.4433743017190865
sugar_box_yalehand0_drop60,29,3.596164698302419,3.7348956823945336,10.041792844005476,12.982487927504204,0.48881489292282,0.6319621948727097,0.8,0.9985082048731975,0.1387309840921147,2.9406950834987278,MODE_3_RELOCALIZE,no_rollout,four_mode_relocalization_v2,,0,0,0,False,1,1,3.596164698302419,0,0,restarted_se3,1,46.4483629912138,3.23509331792593,0,30,cache_read_only_not_online_fps,75af0ef3fc918763f0b62d63899bd6f7a427eaf26ec2562352624519f5cf2837,cached_perception_v2,1,1,1,0.9427530702880866,,1,2425.292467698455,0,21.651641465723515,2425.292467698455,2496.627565473318,2.6369135230448637,2.5634217067805767,40.21624398287539,2.6209851401808195,0.9427530702880866,2.3866923467515573
sugar_box_yalehand0_drop60,30,1.1315047660449549,4.400139656976772,15.7234721852002,26.847688348104032,0.7653879632830416,1.3068931125120666,0.9985082048731975,1.0,3.268634890931817,11.124216162903833,MODE_3_RELOCALIZE,no_rollout,four_mode_relocalization_v2,,0,0,0,False,1,1,1.1315047660449549,0,0,restarted_se3,1,48.37281722575426,2.270153723657131,0,31,cache_read_only_not_online_fps,75af0ef3fc918763f0b62d63899bd6f7a427eaf26ec2562352624519f5cf2837,cached_perception_v2,1,1,1,0.8385017428912022,,1,2425.8776353672147,0,23.007964715361595,2425.8776353672147,2499.5285710319877,2.963213416150438,2.7960055027777417,41.32367801907869,2.953425234244404,0.8385017428912022,2.3739770122376536
sugar_box_yalehand0_drop60,31,1.4153761477357851,0.8127880352051408,19.62129424159117,12.816345718254357,0.9551263397587473,0.6238747161240413,0.9985082048731975,0.9985082048731975,-0.6025881125306444,-6.804948523336812,MODE_3_RELOCALIZE,no_rollout,four_mode_relocalization_v2,,0,0,0,False,1,0,0.8127880352051408,0,0,restarted_se3,1,45.73127720504999,1.7033237963914871,0,32,cache_read_only_not_online_fps,75af0ef3fc918763f0b62d63899bd6f7a427eaf26ec2562352624519f5cf2837,cached_perception_v2,1,1,1,0.7682303442255394,,1,2430.8106480166316,0,23.316938430070877,2430.8106480166316,2501.562187448144,3.004787966655889,3.0151225890766558,44.56208338474751,3.0044596812459385,0.7682303442255394,2.359794286163333
sugar_box_yalehand0_drop60,32,1.1289317705063926,0.769997525974464,19.12748572606655,19.681482811884297,0.931088704209968,0.9580562019855483,0.9985082048731975,0.9985082048731975,-0.35893424453192857,0.5539970858177483,MODE_3_RELOCALIZE,no_rollout,four_mode_relocalization_v2,,0,0,0,False,1,0,0.769997525974464,0,0,restarted_se3,1,46.8662828207016,2.042097970843315,0,33,cache_read_only_not_online_fps,75af0ef3fc918763f0b62d63899bd6f7a427eaf26ec2562352624519f5cf2837,cached_perception_v2,1,1,1,0.4368619962707375,,1,2416.3016686215997,0,23.019575513899326,2416.3016686215997,2488.229624927044,2.993980649538276,3.0352853379851803,51.66350945653997,2.9941887930613253,0.4368619962707375,2.167485188152129
sugar_box_yalehand0_drop60,33,0.7981657780947295,0.5350409124047152,18.73596324115218,15.415461238604115,0.9120301531610344,0.7503945910617356,0.9985082048731975,0.9985082048731975,-0.26312486569001436,-3.320502002548066,MODE_3_RELOCALIZE,no_rollout,four_mode_relocalization_v2,,0,0,0,False,1,0,0.5350409124047152,0,0,restarted_se3,1,46.469349414110184,2.156423404812813,0,34,cache_read_only_not_online_fps,75af0ef3fc918763f0b62d63899bd6f7a427eaf26ec2562352624519f5cf2837,cached_perception_v2,1,1,1,1.3166968875397784,,1,2428.557189181447,0,22.482761181890965,2428.557189181447,2499.665723182261,3.266221421384705,3.207682538800517,54.68939818406173,3.2663681821005888,1.3166968875397784,2.165985035829199
sugar_box_yalehand0_drop60,34,1.5900120497109642,0.6659643720511093,16.255059822243098,9.501193787691781,0.7912646127934263,0.46249958509570177,0.9985082048731975,0.8,-0.924047677659855,-6.753866034551317,MODE_3_RELOCALIZE,no_rollout,four_mode_relocalization_v2,,0,0,0,False,1,0,0.6659643720511093,0,0,restarted_se3,1,44.8605390265584,1.675969921052456,0,35,cache_read_only_not_online_fps,75af0ef3fc918763f0b62d63899bd6f7a427eaf26ec2562352624519f5cf2837,cached_perception_v2,1,1,1,1.419966604628648,,1,2433.284946717322,0,21.853772923350334,2433.284946717322,2501.675228588283,3.7021701487886487,3.607892445162328,55.521288748925414,3.701533789924088,1.419966604628648,2.196709253990548
sugar_box_yalehand0_drop60,35,1.7308442762334169,1.5071342748131311,21.122356651273613,15.248325102026808,1.028195130606928,0.7422587298690462,0.9985082048731975,0.9985082048731975,-0.22371000142028574,-5.874031549246805,MODE_3_RELOCALIZE,no_rollout,four_mode_relocalization_v2,,0,0,0,False,1,1,1.5071342748131311,0,0,restarted_se3,1,46.357179060578346,2.0693130791187286,0,36,cache_read_only_not_online_fps,75af0ef3fc918763f0b62d63899bd6f7a427eaf26ec2562352624519f5cf2837,cached_perception_v2,1,1,1,0.35735813325059707,,1,2423.517777584493,0,21.747976541519165,2423.517777584493,2493.6922462657094,4.123410643800143,4.1022812801438855,57.25816138798352,4.123225450880835,0.35735813325059707,2.23826167770498
sugar_box_yalehand0_drop60,36,0.6470068901686968,1.3031359909742404,15.849432871893642,18.65048333137614,0.7715194838725443,0.9078691578494082,0.9985082048731975,0.9985082048731975,0.6561291008055435,2.8010504594824983,MODE_3_RELOCALIZE,no_rollout,four_mode_relocalization_v2,,0,0,0,False,1,0,0.6470068901686968,0,0,restarted_se3,1,45.89863587170839,2.180800773203373,0,37,cache_read_only_not_online_fps,75af0ef3fc918763f0b62d63899bd6f7a427eaf26ec2562352624519f5cf2837,cached_perception_v2,1,1,1,0.3053847409801387,,1,2431.272600777447,0,21.89510315656662,2431.272600777447,2501.2471405789256,4.455652106059612,4.564071997367524,62.26756422186626,4.456046289371991,0.3053847409801387,2.3311301908949096
sugar_box_yalehand0_drop60,37,0.8412818254932206,0.3931458530008511,14.710714522219243,14.964003270442788,0.716088895250352,0.7284184975698579,0.9985082048731975,0.9985082048731975,-0.4481359724923695,0.25328874822354486,MODE_3_RELOCALIZE,no_rollout,four_mode_relocalization_v2,,0,0,0,False,1,0,0.3931458530008511,0,0,restarted_se3,1,39.61644694209099,1.9692732021212578,0,38,cache_read_only_not_online_fps,75af0ef3fc918763f0b62d63899bd6f7a427eaf26ec2562352624519f5cf2837,cached_perception_v2,1,1,1,0.28279098242647044,,1,2427.9371108859777,0,11.728852987289429,2427.9371108859777,2481.2516840174794,5.061058281981663,5.033010275923458,68.09881030752145,5.062816256571302,0.28279098242647044,2.3913127699019197
sugar_box_yalehand0_drop60,38,0.8110949001186274,0.4788546442393897,15.475760721322851,13.89391379464727,0.7533298522891225,0.6763286286933976,0.9985082048731975,0.9985082048731975,-0.33224025587923767,-1.5818469266755812,MODE_3_RELOCALIZE,no_rollout,four_mode_relocalization_v2,,0,0,0,False,1,0,0.4788546442393897,0,0,restarted_se3,1,44.0272931009531,1.9482895731925964,0,39,cache_read_only_not_online_fps,75af0ef3fc918763f0b62d63899bd6f7a427eaf26ec2562352624519f5cf2837,cached_perception_v2,1,1,1,0.49741590128552077,,1,2446.8323355540633,0,11.12152636051178,2446.8323355540633,2503.929444588721,5.7666028014486965,6.00613681148081,5.7666028014486965,6.185492132386802,0.49741590128552077,2.6113076845889287
sugar_box_yalehand0_drop60,39,0.9479541816556558,0.5337605021135957,12.041160711429582,10.504752529749762,0.5861402216973186,0.5113508675968811,0.9985082048731975,0.9985082048731975,-0.4141936795420601,-1.5364081816798194,MODE_3_RELOCALIZE,no_rollout,four_mode_relocalization_v2,,0,0,0,False,1,0,0.5337605021135957,0,0,restarted_se3,1,43.29493269324303,4.407763481140137,0,40,cache_read_only_not_online_fps,75af0ef3fc918763f0b62d63899bd6f7a427eaf26ec2562352624519f5cf2837,cached_perception_v2,1,1,1,0.4970991424371406,,1,2426.806351169944,0,28.59029732644558,2426.806351169944,2503.0993446707726,6.108950252309773,6.282342860365203,62.33917524075914,6.433878949960148,0.4970991424371406,2.6718472504659156
sugar_box_yalehand0_drop60,40,0.5825840742769759,0.4692172441345538,18.30662926671814,15.403117620695634,0.8911310125393093,0.7497937278135143,0.9985082048731975,0.9985082048731975,-0.1133668301424221,-2.9035116460225066,MODE_3_RELOCALIZE,no_rollout,four_mode_relocalization_v2,,0,0,0,False,1,0,0.4692172441345538,0,0,restarted_se3,1,44.5063840597868,1.4610104262828827,0,41,cache_read_only_not_online_fps,75af0ef3fc918763f0b62d63899bd6f7a427eaf26ec2562352624519f5cf2837,cached_perception_v2,1,1,1,0.4246496140526651,,1,2428.222792223096,0,23.513419553637505,2428.222792223096,2497.703606262803,6.355926297188175,6.459470161967968,115.17497564461232,6.361632271864664,0.4246496140526651,2.737660325208205
sugar_box_yalehand0_drop60,41,0.5261566072977133,0.4343196250739827,12.647473928351106,13.271272571016983,0.6156543667121811,0.6460196681535613,0.9985082048731975,0.9985082048731975,-0.0918369822237306,0.6237986426658768,MODE_3_RELOCALIZE,no_rollout,four_mode_relocalization_v2,,0,0,0,False,1,0,0.4343196250739827,0,0,restarted_se3,1,44.78401876986027,1.6921572387218475,0,42,cache_read_only_not_online_fps,75af0ef3fc918763f0b62d63899bd6f7a427eaf26ec2562352624519f5cf2837,cached_perception_v2,1,1,1,1.2228352622126293,,1,2434.7434006631374,0,24.67029169201851,2434.7434006631374,2505.889868363738,6.693912149677672,6.742997070563001,170.32679224073894,6.600915347731783,1.2228352622126293,2.8067969881244665
sugar_box_yalehand0_drop60,42,1.8418333358835965,0.6451880650363017,20.528841422102186,16.328552544694002,0.9993039666781001,0.7948420952025452,0.9985082048731975,0.9985082048731975,-1.196645270847295,-4.200288877408184,MODE_3_RELOCALIZE,no_rollout,four_mode_relocalization_v2,,0,0,0,False,1,0,0.6451880650363017,0,0,restarted_se3,1,49.34645723551512,2.2052694112062454,0,43,cache_read_only_not_online_fps,75af0ef3fc918763f0b62d63899bd6f7a427eaf26ec2562352624519f5cf2837,cached_perception_v2,1,1,1,0.7782236252456732,,1,2448.6715076491237,0,24.454649537801743,2448.6715076491237,2524.677883833647,7.545446376655055,7.169716170247533,7.545446376655055,7.55061741486344,0.7782236252456732,2.853209367225912
sugar_box_yalehand0_drop60,43,1.0870653827710648,1.6243297398179752,15.77480950592881,19.930042594886743,0.7678869639420605,0.9701556075001512,0.9985082048731975,0.9985082048731975,0.5372643570469104,4.155233088957933,MODE_3_RELOCALIZE,no_rollout,four_mode_relocalization_v2,,0,0,0,False,1,1,1.0870653827710648,0,0,restarted_se3,1,54.15249615907669,2.259066328406334,0,44,cache_read_only_not_online_fps,75af0ef3fc918763f0b62d63899bd6f7a427eaf26ec2562352624519f5cf2837,cached_perception_v2,1,1,1,0.6756052588882416,,1,2452.671212144196,0,20.56934218853712,2452.671212144196,2529.652116820216,8.253602476581197,8.072298275069297,180.80097393003734,8.368453796636285,0.6756052588882416,2.8907280707397716
sugar_box_yalehand0_drop60,44,0.9917887542957832,0.6227412805402763,15.677230582855222,12.52731879563249,0.7631370122576644,0.6098054491686332,0.9985082048731975,0.9985082048731975,-0.36904747375550684,-3.149911787222731,MODE_3_RELOCALIZE,no_rollout,four_mode_relocalization_v2,,0,0,0,False,1,0,0.6227412805402763,0,0,restarted_se3,1,62.241156585514545,2.3178616538643837,0,45,cache_read_only_not_online_fps,75af0ef3fc918763f0b62d63899bd6f7a427eaf26ec2562352624519f5cf2837,cached_perception_v2,1,1,1,0.7655978217949025,,1,2456.444232724607,0,20.46819031238556,2456.444232724607,2541.4714412763715,9.518240644590444,9.270824465995195,9.518240644590444,9.464658811399682,0.7655978217949025,2.919884207061405
sugar_box_yalehand0_drop60,45,0.9329195091677271,0.8107669118531515,12.64299678274351,8.819571039886394,0.6154364279949844,0.4293195189802026,0.9985082048731975,0.8,-0.12215259731457562,-3.823425742857115,MODE_3_RELOCALIZE,no_rollout,four_mode_relocalization_v2,,0,0,0,False,1,0,0.8107669118531515,0,0,restarted_se3,1,50.001442432403564,3.211590461432934,0,46,cache_read_only_not_online_fps,75af0ef3fc918763f0b62d63899bd6f7a427eaf26ec2562352624519f5cf2837,cached_perception_v2,1,1,1,0.8678282067331943,,1,2438.8646418228745,0,21.259773522615433,2438.8646418228745,2513.3374482393265,10.362406433473433,10.526850848703395,10.362406433473433,10.57320894968305,0.8678282067331943,2.9389680744451794
sugar_box_yalehand0_drop60,46,1.129901970660092,1.0140272390905607,14.540170071745717,10.274787309161537,0.7077871239838234,0.5001566091189331,0.9985082048731975,0.8,-0.11587473156953121,-4.26538276258418,MODE_3_RELOCALIZE,no_rollout,four_mode_relocalization_v2,,0,0,0,False,1,1,1.0140272390905607,0,0,restarted_se3,1,48.60962461680174,2.338169142603874,0,47,cache_read_only_not_online_fps,75af0ef3fc918763f0b62d63899bd6f7a427eaf26ec2562352624519f5cf2837,cached_perception_v2,1,1,1,0.7563323503157786,,1,2429.6443089842796,0,21.95985522121191,2429.6443089842796,2502.551957964897,10.801495283620556,11.499820807293435,10.801495283620556,11.332012297521974,0.7563323503157786,2.940008219960563
sugar_box_yalehand0_drop60,47,1.0465624050211602,0.6232628827400061,13.342250337490706,9.56371156750955,0.6494747274101825,0.4655428286999192,0.9985082048731975,0.8,-0.4232995222811541,-3.7785387699811555,MODE_3_RELOCALIZE,no_rollout,four_mode_relocalization_v2,,0,0,0,False,1,0,0.6232628827400061,0,0,restarted_se3,1,46.15231975913048,2.279031090438366,0,48,cache_read_only_not_online_fps,75af0ef3fc918763f0b62d63899bd6f7a427eaf26ec2562352624519f5cf2837,cached_perception_v2,1,1,1,0.8101288392036287,,1,2432.440724223852,0,21.21793571859598,2432.440724223852,2502.090010792017,11.237211638904867,11.89571835321837,11.237211638904867,11.613427803229003,0.8101288392036287,2.926901841842663
sugar_box_yalehand0_drop60,48,1.237533926557424,0.8567836534692419,19.66295359220431,16.43478326704225,0.9571542357057696,0.8000131996035657,0.9985082048731975,0.9985082048731975,-0.380750273088182,-3.2281703251620613,MODE_3_RELOCALIZE,no_rollout,four_mode_relocalization_v2,,0,0,0,False,1,0,0.8567836534692419,0,0,restarted_se3,1,46.311935409903526,2.2412315011024475,0,49,cache_read_only_not_online_fps,75af0ef3fc918763f0b62d63899bd6f7a427eaf26ec2562352624519f5cf2837,cached_perception_v2,1,1,1,0.8627262878445013,,1,2433.06381162256,0,21.615369245409966,2433.06381162256,2503.232347778976,11.382374669962104,11.867607457401437,11.382374669962104,11.3905834342047,0.8627262878445013,2.9054226578866227
sugar_box_yalehand0_drop60,49,1.0433098577937627,0.7933472035788983,10.611613922737337,9.832392163560957,0.5165526718147392,0.47862167615570084,0.9985082048731975,0.8,-0.2499626542148644,-0.7792217591763801,MODE_3_RELOCALIZE,no_rollout,four_mode_relocalization_v2,,0,0,0,False,1,0,0.7933472035788983,0,0,restarted_se3,1,48.755817115306854,4.0046460926532745,0,50,cache_read_only_not_online_fps,75af0ef3fc918763f0b62d63899bd6f7a427eaf26ec2562352624519f5cf2837,cached_perception_v2,1,1,1,0.7301673166311844,,1,2432.0719512179494,0,23.14422558993101,2432.0719512179494,2507.9766400158405,11.198621391338982,11.670164145148293,11.198621391338982,11.206244294878411,0.7301673166311844,2.9050925437621222
sugar_box_yalehand0_drop60,50,1.2174761801890936,0.8364294296488148,15.938921494449486,10.665959979932333,0.7758756155048114,0.5191981318975378,0.9985082048731975,0.9985082048731975,-0.3810467505402788,-5.272961514517153,MODE_3_RELOCALIZE,no_rollout,four_mode_relocalization_v2,,0,0,0,False,1,0,0.8364294296488148,0,0,restarted_se3,1,44.57193799316883,2.4063363671302795,0,51,cache_read_only_not_online_fps,75af0ef3fc918763f0b62d63899bd6f7a427eaf26ec2562352624519f5cf2837,cached_perception_v2,1,1,1,0.8068218332815741,,1,2433.142534457147,0,21.05504833161831,2433.142534457147,2501.1758571490645,11.883250077526391,11.608601504521477,11.883250077526391,11.335280541439326,0.8068218332815741,2.8672585493713245
sugar_box_yalehand0_drop60,51,1.1989059567324754,0.9253089953345107,9.517464122532555,8.767886321520136,0.4632915932666092,0.42680360768165093,0.8,0.8,-0.27359696139796463,-0.7495778010124194,MODE_3_RELOCALIZE,no_rollout,four_mode_relocalization_v2,,0,0,0,False,1,0,0.9253089953345107,0,0,restarted_se3,1,52.96275019645691,1.9867364317178726,0,52,cache_read_only_not_online_fps,75af0ef3fc918763f0b62d63899bd6f7a427eaf26ec2562352624519f5cf2837,cached_perception_v2,1,1,1,0.7702054491940507,,1,2439.217275939882,0,20.001696422696114,2439.217275939882,2514.1684589907527,11.935025684428542,11.726947154718136,11.935025684428542,11.942812406087825,0.7702054491940507,2.811435604829443
sugar_box_yalehand0_drop60,52,1.196491375920103,0.7278480748937479,19.64689466788744,14.715103786097014,0.9563725185868897,0.7163025560563209,0.9985082048731975,0.9985082048731975,-0.4686433010263551,-4.931790881790427,MODE_3_RELOCALIZE,no_rollout,four_mode_relocalization_v2,,0,0,0,False,1,0,0.7278480748937479,0,0,restarted_se3,1,51.69488117098808,4.9442388117313385,0,53,cache_read_only_not_online_fps,75af0ef3fc918763f0b62d63899bd6f7a427eaf26ec2562352624519f5cf2837,cached_perception_v2,1,1,1,0.8098700672581696,,1,2455.5942798033357,0,24.884898215532303,2455.5942798033357,2537.1182980015874,12.328054526182353,12.159674081354046,12.328054526182353,12.422517675819211,0.8098700672581696,2.7548524276025335
sugar_box_yalehand0_drop60,53,1.2662768651080971,0.8431708103263438,17.212681901652957,12.184274252092587,0.8378797881390017,0.5931067097678979,0.9985082048731975,0.9985082048731975,-0.42310605478175334,-5.02840764956037,MODE_3_RELOCALIZE,no_rollout,four_mode_relocalization_v2,,0,0,0,False,1,0,0.8431708103263438,0,0,restarted_se3,1,54.983568377792835,3.041100688278675,0,54,cache_read_only_not_online_fps,75af0ef3fc918763f0b62d63899bd6f7a427eaf26ec2562352624519f5cf2837,cached_perception_v2,1,1,1,0.8867031784365395,,1,2459.521713666618,0,21.097814664244652,2459.521713666618,2538.644197396934,12.663107116012515,12.621146858889384,12.663107116012515,12.66932494209654,0.8867031784365395,2.681092746004158
sugar_box_yalehand0_drop60,54,1.1089926560654977,0.9797149275960754,14.042013609686732,12.571685091255581,0.6835378388767783,0.6119651139198663,0.9985082048731975,0.9985082048731975,-0.12927772846942231,-1.4703285184311508,MODE_3_RELOCALIZE,no_rollout,four_mode_relocalization_v2,,0,0,0,False,1,0,0.9797149275960754,0,0,restarted_se3,1,54.92498353123665,2.418861724436283,0,55,cache_read_only_not_online_fps,75af0ef3fc918763f0b62d63899bd6f7a427eaf26ec2562352624519f5cf2837,cached_perception_v2,1,1,1,6.478885245860004,,1,2462.7117682248354,0,21.556779742240906,2462.7117682248354,2541.6123932227492,12.601785881014257,12.811518035189184,12.601785881014257,12.706517453103075,6.478885245860004,2.58817990310803
sugar_box_yalehand0_drop60,55,8.061755308093236,15.310658504812096,25.611509141799964,47.39773892763851,1.2467183194497242,2.307229499613521,0.9985082048731975,1.0,7.24890319671886,21.786229785838543,MODE_3_RELOCALIZE,no_rollout,four_mode_relocalization_v2,,0,0,0,False,1,1,8.061755308093236,0,0,restarted_se3,1,50.79697538167238,3.469918854534626,0,56,cache_read_only_not_online_fps,75af0ef3fc918763f0b62d63899bd6f7a427eaf26ec2562352624519f5cf2837,cached_perception_v2,1,1,1,0.7867079254017546,,1,2449.0292286500335,0,19.233739003539085,2449.0292286500335,2522.5298618897796,12.450774346274548,12.749942970178003,12.450774346274548,12.63504134676515,0.7867079254017546,2.4789701287393164
sugar_box_yalehand0_drop60,56,1.2299668362896374,4.610077376685255,12.670473415227354,15.696126695668962,0.6167739368815064,0.7640568381797078,0.9985082048731975,0.9985082048731975,3.3801105403956173,3.025653280441608,MODE_3_RELOCALIZE,no_rollout,four_mode_relocalization_v2,,0,0,0,False,1,1,1.2299668362896374,0,0,restarted_se3,1,48.84874541312456,3.365839831531048,0,57,cache_read_only_not_online_fps,75af0ef3fc918763f0b62d63899bd6f7a427eaf26ec2562352624519f5cf2837,cached_perception_v2,1,1,1,0.7996116172669019,,1,2439.4963113591075,0,21.40153758227825,2439.4963113591075,2513.1124341860414,12.109167733153098,12.262536596514144,12.109167733153098,12.188046321102396,0.7996116172669019,2.3787961767607197
sugar_box_yalehand0_drop60,57,1.3403419822997737,0.7678106765118906,17.205089702988765,10.081880116776324,0.8375102147137441,0.4907662631862234,0.9985082048731975,0.8,-0.5725313057878831,-7.123209586212441,MODE_3_RELOCALIZE,no_rollout,four_mode_relocalization_v2,,0,0,0,False,1,0,0.7678106765118906,0,0,restarted_se3,1,51.00154411047697,2.2168224677443504,0,58,cache_read_only_not_online_fps,75af0ef3fc918763f0b62d63899bd6f7a427eaf26ec2562352624519f5cf2837,cached_perception_v2,1,1,1,0.8354005816205295,,1,2444.631331600249,0,19.106785766780376,2444.631331600249,2516.9564839452505,11.39128861658117,11.561929869262809,11.39128861658117,11.391301329692565,0.8354005816205295,2.276519162936772
sugar_box_yalehand0_drop60,58,1.4398328136227225,0.9224379477167246,17.953615861672247,10.275958553026976,0.8739470084009608,0.500213622986234,0.9985082048731975,0.8,-0.5173948659059979,-7.677657308645271,MODE_3_RELOCALIZE,no_rollout,four_mode_relocalization_v2,,0,0,0,False,1,0,0.9224379477167246,0,0,restarted_se3,1,56.325290352106094,2.3223645985126495,0,59,cache_read_only_not_online_fps,75af0ef3fc918763f0b62d63899bd6f7a427eaf26ec2562352624519f5cf2837,cached_perception_v2,1,1,1,0.876530565276608,,1,2459.559950977564,0,21.76776807755232,2459.559950977564,2539.975374005735,11.262072235522648,11.018242140347954,11.262072235522648,11.196787604325415,0.876530565276608,2.182932142662173
sugar_box_yalehand0_drop60,59,1.176629921598398,0.9266712993249302,8.336940262429353,6.91903276715966,0.40582599392259766,0.33680502214578323,0.8,0.5901639344262295,-0.24995862227346777,-1.4179074952696933,MODE_2_PRIOR,no_rollout,four_mode_relocalization_v2,1.0,0,0,0,False,0,0,0.9266712993249302,0,0,restarted_se3,0,53.12508251518011,2.864450216293335,0,60,cache_read_only_not_online_fps,75af0ef3fc918763f0b62d63899bd6f7a427eaf26ec2562352624519f5cf2837,cached_perception_v2,0,0,0,,,0,0.0,0,21.96426596492529,1.677781343460083,79.63158003985882,11.483483535115765,10.99811802536724,11.483483535115765,11.483584738112464,0.9266712993249302,2.1015899564317997
sugar_box_yalehand0_drop60,60,1.3571812923475302,0.9331025584396087,16.08007088961476,11.710390974277379,0.7827464928028849,0.570038995934164,0.9985082048731975,0.9985082048731975,-0.4240787339079215,-4.369679915337381,MODE_3_RELOCALIZE,no_rollout,four_mode_relocalization_v2,,0,0,0,False,1,0,0.9331025584396087,0,0,restarted_se3,1,55.27489818632603,5.656782537698746,0,61,cache_read_only_not_online_fps,75af0ef3fc918763f0b62d63899bd6f7a427eaf26ec2562352624519f5cf2837,cached_perception_v2,1,1,1,0.9301952949356577,,1,2447.493798099458,0,11.920568533241749,2447.493798099458,2520.3460473567247,11.35217432540479,11.174635885933428,11.35217432540479,11.372788565559627,0.9301952949356577,2.032878834132406
sugar_box_yalehand0_drop60,61,1.2331195071259726,0.9434078486882731,11.062315215778604,10.224414480012385,0.5384919318373813,0.4977045580291258,0.9985082048731975,0.8,-0.2897116584376995,-0.8379007357662189,MODE_3_RELOCALIZE,no_rollout,four_mode_relocalization_v2,,0,0,0,False,1,0,0.9434078486882731,0,0,restarted_se3,1,51.43431015312672,1.9006561487913132,0,62,cache_read_only_not_online_fps,75af0ef3fc918763f0b62d63899bd6f7a427eaf26ec2562352624519f5cf2837,cached_perception_v2,1,1,1,0.864676105445848,,1,2425.521711818874,0,23.172670044004917,2425.521711818874,2502.029348164797,11.143295628691813,11.23903767441273,11.143295628691813,11.142547884681784,0.864676105445848,1.9851546967197389
sugar_box_yalehand0_drop60,62,1.1263282045086804,0.8763508707355525,8.423519761051356,6.018214286826883,0.41004051507491257,0.2929549352293195,0.8,0.16666666666666666,-0.24997733377312792,-2.4053054742244733,MODE_2_PRIOR,no_rollout,four_mode_relocalization_v2,1.0,0,0,0,False,0,0,0.8763508707355525,0,0,restarted_se3,0,46.898928470909595,2.676120027899742,0,63,cache_read_only_not_online_fps,75af0ef3fc918763f0b62d63899bd6f7a427eaf26ec2562352624519f5cf2837,cached_perception_v2,0,0,0,,,0,0.0,0,19.445830956101418,1.4148689806461334,70.43574843555689,11.243355116546956,11.31158792262777,11.243355116546956,11.24246866219013,0.8763508707355525,1.9427434959387808
sugar_box_yalehand0_drop60,63,1.3588852946083225,0.8574651364495389,15.48619005091924,12.903546727136654,0.7538375317154072,0.6281194911838064,0.9985082048731975,0.9985082048731975,-0.5014201581587836,-2.5826433237825857,MODE_3_RELOCALIZE,no_rollout,four_mode_relocalization_v2,,0,0,0,False,1,0,0.8574651364495389,0,0,restarted_se3,1,45.48569489270449,6.2637245282530785,0,64,cache_read_only_not_online_fps,75af0ef3fc918763f0b62d63899bd6f7a427eaf26ec2562352624519f5cf2837,cached_perception_v2,1,1,1,0.9730542544108003,,1,2414.7914135828614,0,23.89038633555174,2414.7914135828614,2490.4312193393707,11.18915245126809,11.261497095020632,11.18915245126809,11.188076318513824,0.9730542544108003,1.8952240575938744
sugar_box_yalehand0_drop60,64,1.1400928058418631,1.0513920780755546,14.51177419767481,13.00267134795161,0.7064048682094767,0.6329446844199527,0.9985082048731975,0.9985082048731975,-0.08870072776630855,-1.5091028497232006,MODE_3_RELOCALIZE,no_rollout,four_mode_relocalization_v2,,0,0,0,False,1,1,1.0513920780755546,0,0,restarted_se3,1,46.44245561212301,2.4244002997875214,0,65,cache_read_only_not_online_fps,75af0ef3fc918763f0b62d63899bd6f7a427eaf26ec2562352624519f5cf2837,cached_perception_v2,1,1,1,0.8637476563773847,,1,2423.321070149541,0,21.209503524005413,2423.321070149541,2493.397429585457,11.420613816551562,11.334039681007974,11.420613816551562,11.419246802515321,0.8637476563773847,1.8520474289678523
sugar_box_yalehand0_drop60,65,1.1859438056283405,0.773152366443841,12.39317210464547,9.493893559434818,0.6032754498538281,0.4621442242204902,0.9985082048731975,0.8,-0.41279143918449945,-2.8992785452106524,MODE_3_RELOCALIZE,no_rollout,four_mode_relocalization_v2,,0,0,0,False,1,0,0.773152366443841,0,0,restarted_se3,1,46.931314282119274,2.0663533359766006,0,66,cache_read_only_not_online_fps,75af0ef3fc918763f0b62d63899bd6f7a427eaf26ec2562352624519f5cf2837,cached_perception_v2,1,1,1,0.9163936895923646,,1,2421.2692184373736,0,24.01438821107149,2421.2692184373736,2494.281274266541,11.131229565232692,11.239588072599627,11.131229565232692,11.129856805935818,0.9163936895923646,1.8070365009236176
sugar_box_yalehand0_drop60,66,1.29814565106946,0.9641294024676104,11.598688984824898,6.4619888862490225,0.564601560920149,0.31455701731448166,0.9985082048731975,0.4393939393939394,-0.33401624860184964,-5.136700098575876,MODE_2_PRIOR,no_rollout,four_mode_relocalization_v2,1.0,0,0,0,False,0,0,0.9641294024676104,0,0,restarted_se3,0,46.7032827436924,2.1652383729815483,0,67,cache_read_only_not_online_fps,75af0ef3fc918763f0b62d63899bd6f7a427eaf26ec2562352624519f5cf2837,cached_perception_v2,0,0,0,,,0,0.0,0,17.68873818218708,2.798520028591156,69.35577932745218,11.34454269664876,11.274775264393151,11.34454269664876,11.342985181319499,0.9641294024676104,1.7702486692285782
sugar_box_yalehand0_drop60,67,1.6705613779900885,1.0187782136290549,16.485743610076714,8.31738942003803,0.8024938497235861,0.4048742970415202,0.9985082048731975,0.8,-0.6517831643610337,-8.168354190038684,MODE_3_RELOCALIZE,no_rollout,four_mode_relocalization_v2,,0,0,0,False,1,1,1.0187782136290549,0,0,restarted_se3,1,45.81786599010229,3.918825648725033,0,68,cache_read_only_not_online_fps,75af0ef3fc918763f0b62d63899bd6f7a427eaf26ec2562352624519f5cf2837,cached_perception_v2,1,1,1,0.9125247184427205,,1,2426.6877863556147,0,20.964977331459522,2426.6877863556147,2497.3894553259015,11.233756809998937,11.26515972309236,11.233756809998937,11.232103038139362,0.9125247184427205,1.7487595424997238
sugar_box_yalehand0_drop60,68,1.2712678679756264,0.884945918803338,12.196869628202156,15.138228915379381,0.593719828114389,0.7368994622040695,0.9985082048731975,0.9985082048731975,-0.38632194917228846,2.9413592871772245,MODE_3_RELOCALIZE,no_rollout,four_mode_relocalization_v2,,0,0,0,False,1,0,0.884945918803338,0,0,restarted_se3,1,47.04787861555815,1.8203062936663628,0,69,cache_read_only_not_online_fps,75af0ef3fc918763f0b62d63899bd6f7a427eaf26ec2562352624519f5cf2837,cached_perception_v2,1,1,1,0.861525257714166,,1,2430.767985060811,0,10.888295248150826,2430.767985060811,2490.5244652181864,11.51599420437349,11.334436837653712,11.51599420437349,11.513962501523958,0.861525257714166,1.7382543005803668
sugar_box_yalehand0_drop60,69,1.3148757685795274,0.8420903912426277,16.41417006666588,12.233188616724197,0.7990097892075041,0.5954877656491753,0.9985082048731975,0.9985082048731975,-0.4727853773368996,-4.180981449941681,MODE_3_RELOCALIZE,no_rollout,four_mode_relocalization_v2,,0,0,0,False,1,0,0.8420903912426277,0,0,restarted_se3,1,45.750110410153866,5.498380400240421,0,70,cache_read_only_not_online_fps,75af0ef3fc918763f0b62d63899bd6f7a427eaf26ec2562352624519f5cf2837,cached_perception_v2,1,1,1,0.9276147838205467,,1,2446.856029331684,0,22.785811685025692,2446.856029331684,2520.890331827104,11.636802756707656,11.593044222398367,11.636802756707656,11.634619473469805,0.9276147838205467,1.7347899949126409
sugar_box_yalehand0_drop60,70,1.1571288674867373,0.8596368485102241,12.493625671496728,9.785557945338573,0.6081653335914143,0.47634187774508485,0.9985082048731975,0.8,-0.2974920189765131,-2.7080677261581556,MODE_3_RELOCALIZE,no_rollout,four_mode_relocalization_v2,,0,0,0,False,1,0,0.8596368485102241,0,0,restarted_se3,1,50.428275018930435,3.4637553617358208,0,71,cache_read_only_not_online_fps,75af0ef3fc918763f0b62d63899bd6f7a427eaf26ec2562352624519f5cf2837,cached_perception_v2,1,1,1,0.8831226049201831,,1,2447.9862190783024,0,24.473844096064568,2447.9862190783024,2526.352093555033,11.733061823814003,11.7379880726141,11.733061823814003,11.730685352004631,0.8831226049201831,1.7674421320080624
sugar_box_yalehand0_drop60,71,1.0862139324024547,0.8527083610765016,13.632320976093842,10.595440444639605,0.6635948004241851,0.5157653784412006,0.9985082048731975,0.9985082048731975,-0.23350557132595307,-3.036880531454237,MODE_3_RELOCALIZE,no_rollout,four_mode_relocalization_v2,,0,0,0,False,1,0,0.8527083610765016,0,0,restarted_se3,1,51.64800398051739,2.5168871507048607,0,72,cache_read_only_not_online_fps,75af0ef3fc918763f0b62d63899bd6f7a427eaf26ec2562352624519f5cf2837,cached_perception_v2,1,1,1,1.02631684845932,,1,2464.022564701736,0,21.583862602710724,2464.022564701736,2539.771318435669,11.625029792639275,11.834095902382638,11.625029792639275,11.62246274830985,1.02631684845932,1.799155062190932
sugar_box_yalehand0_drop60,72,1.4085021215485827,0.9189365329909447,17.283191265945845,13.390075474079602,0.8413120464909014,0.6518027617944684,0.9985082048731975,0.9985082048731975,-0.489565588557638,-3.8931157918662436,MODE_3_RELOCALIZE,no_rollout,four_mode_relocalization_v2,,0,0,0,False,1,0,0.9189365329909447,0,0,restarted_se3,1,48.47112204879522,4.877286031842232,0,73,cache_read_only_not_online_fps,75af0ef3fc918763f0b62d63899bd6f7a427eaf26ec2562352624519f5cf2837,cached_perception_v2,1,1,1,0.9633000103257368,,1,2462.00414840132,0,42.44011081755161,2462.00414840132,2557.792667299509,11.703480164564876,11.730325294986615,11.703480164564876,11.700407213742414,0.9633000103257368,1.8664601084557542
sugar_box_yalehand0_drop60,73,1.439291790271328,1.018579961612139,16.061308556992977,14.864589606836049,0.7818331790396982,0.7235792342942763,0.9985082048731975,0.9985082048731975,-0.4207118286591891,-1.196718950156928,MODE_3_RELOCALIZE,no_rollout,four_mode_relocalization_v2,,0,0,0,False,1,1,1.018579961612139,0,0,restarted_se3,1,54.58317790180445,3.052149899303913,0,74,cache_read_only_not_online_fps,75af0ef3fc918763f0b62d63899bd6f7a427eaf26ec2562352624519f5cf2837,cached_perception_v2,1,1,1,0.8847842794365618,,1,2459.7151298075914,0,19.425340928137302,2459.7151298075914,2536.775798536837,11.583330094004873,11.651772076561025,11.583330094004873,11.579933508260892,0.8847842794365618,1.9293061548368395
sugar_box_yalehand0_drop60,74,1.3366811759829873,0.998417407975816,13.139589868068422,9.95170248267894,0.6396096109713905,0.4844294698206597,0.9985082048731975,0.8,-0.3382637680071713,-3.187887385389482,MODE_3_RELOCALIZE,no_rollout,four_mode_relocalization_v2,,0,0,0,False,1,0,0.998417407975816,0,0,restarted_se3,1,51.88688263297081,2.3003211244940758,0,75,cache_read_only_not_online_fps,75af0ef3fc918763f0b62d63899bd6f7a427eaf26ec2562352624519f5cf2837,cached_perception_v2,1,1,1,1.9259061790418455,,1,2458.553765900433,0,22.84091804176569,2458.553765900433,2535.5818876996636,11.823824870813114,11.70521482280445,11.823824870813114,11.820138271122001,1.9259061790418455,2.035769573813974
sugar_box_yalehand0_drop60,75,2.1237888556911115,0.7929285120940776,13.502278896602338,11.281325511963594,0.6572646055924876,0.5491529259588214,0.9985082048731975,0.9985082048731975,-1.3308603435970339,-2.2209533846387437,MODE_3_RELOCALIZE,no_rollout,four_mode_relocalization_v2,,0,0,0,False,1,0,0.7929285120940776,0,0,restarted_se3,1,53.55392023921013,3.01967840641737,0,76,cache_read_only_not_online_fps,75af0ef3fc918763f0b62d63899bd6f7a427eaf26ec2562352624519f5cf2837,cached_perception_v2,1,1,1,6.4025612376447425,,1,2460.338529199362,0,21.46559488028288,2460.338529199362,2538.377722725272,11.862214261677119,11.812220347453376,11.862214261677119,11.858221377714287,6.4025612376447425,2.1652148745917814
sugar_box_yalehand0_drop60,76,7.885828365151229,3.1774954879280557,30.45404868782723,18.19892859563912,1.4824437010063554,0.8858883539006546,1.0,0.9985082048731975,-4.708332877223174,-12.255120092188108,MODE_3_RELOCALIZE,no_rollout,four_mode_relocalization_v2,,0,0,0,False,1,1,3.1774954879280557,0,0,restarted_se3,1,50.43070297688246,5.070064216852188,0,77,cache_read_only_not_online_fps,75af0ef3fc918763f0b62d63899bd6f7a427eaf26ec2562352624519f5cf2837,cached_perception_v2,1,1,1,1.152924167136545,,1,2437.1692491695285,0,25.570379570126534,2437.1692491695285,2518.2403959333897,11.7979891293991,11.829202899129482,11.7979891293991,11.79385614985676,1.152924167136545,2.3190868883514453
sugar_box_yalehand0_drop60,77,1.4271232015702016,4.212198200760818,16.419964251448757,8.299974161258728,0.7992918388233661,0.4040265562060269,0.9985082048731975,0.8,2.7850749991906163,-8.11999009019003,MODE_3_RELOCALIZE,no_rollout,four_mode_relocalization_v2,,0,0,0,False,1,1,1.4271232015702016,0,0,restarted_se3,1,48.09297900646925,2.2654617205262184,0,78,cache_read_only_not_online_fps,75af0ef3fc918763f0b62d63899bd6f7a427eaf26ec2562352624519f5cf2837,cached_perception_v2,1,1,1,1.2286808601070176,,1,2460.088831372559,0,22.321438416838646,2460.088831372559,2532.768710516393,11.93983138486822,11.925359658873466,11.93983138486822,11.93571403836611,1.2286808601070176,2.4403825034428364
sugar_box_yalehand0_drop60,78,1.4343973998354083,1.3461295067715282,15.43768769495092,19.30158561525137,0.7514765316123917,0.9395635472994224,0.9985082048731975,0.9985082048731975,-0.08826789306388005,3.863897920300449,MODE_3_RELOCALIZE,no_rollout,four_mode_relocalization_v2,,0,0,0,False,1,1,1.3461295067715282,0,0,restarted_se3,1,53.05054225027561,4.588864743709564,0,79,cache_read_only_not_online_fps,75af0ef3fc918763f0b62d63899bd6f7a427eaf26ec2562352624519f5cf2837,cached_perception_v2,1,1,1,3.0110007252047564,,1,2456.152223981917,0,22.752579301595688,2456.152223981917,2536.5442102774978,11.909795120751415,11.910035263199376,11.909795120751415,11.905672301272212,3.0110007252047564,2.6022287648265343
sugar_box_yalehand0_drop60,79,2.902254321345422,3.3807078641533943,12.007736142988362,27.173011891281302,0.5845131788875937,1.3227292281732654,0.9985082048731975,1.0,0.47845354280797237,15.16527574829294,MODE_3_RELOCALIZE,no_rollout,four_mode_relocalization_v2,,0,0,0,False,1,1,2.902254321345422,0,0,restarted_se3,1,53.90334129333496,2.751566469669342,0,80,cache_read_only_not_online_fps,75af0ef3fc918763f0b62d63899bd6f7a427eaf26ec2562352624519f5cf2837,cached_perception_v2,1,1,1,2.6700436219245383,,1,2448.6877359449863,0,19.803102128207684,2448.6877359449863,2525.1457458361983,11.84213787637657,11.901981736878419,11.84213787637657,11.83789007590325,2.6700436219245383,2.775123011754909
sugar_box_yalehand0_drop60,80,2.4771316177269807,2.9194352054424866,19.221894876715794,20.47764962871995,0.9356843575541907,0.9968120500065065,0.9985082048731975,0.9985082048731975,0.44230358771550593,1.2557547520041545,MODE_3_RELOCALIZE,no_rollout,four_mode_relocalization_v2,,0,0,0,False,1,1,2.4771316177269807,0,0,restarted_se3,1,49.016961827874184,2.5081895291805267,0,81,cache_read_only_not_online_fps,75af0ef3fc918763f0b62d63899bd6f7a427eaf26ec2562352624519f5cf2837,cached_perception_v2,1,1,1,1.1468553820763738,,1,2437.2452069073915,0,22.005989216268063,2437.2452069073915,2510.7763474807143,12.000222463719167,11.943495163654278,12.000222463719167,11.99584937648908,1.1468553820763738,2.906084951501774
sugar_box_yalehand0_drop60,81,1.5031122296194606,1.5953092550723722,14.00826251232082,12.97761473684694,0.6818949012757707,0.6317249774548315,0.9985082048731975,0.9985082048731975,0.09219702545291164,-1.0306477754738808,MODE_3_RELOCALIZE,no_rollout,four_mode_relocalization_v2,,0,0,0,False,1,1,1.5031122296194606,0,0,restarted_se3,1,51.0574234649539,2.293475903570652,0,82,cache_read_only_not_online_fps,75af0ef3fc918763f0b62d63899bd6f7a427eaf26ec2562352624519f5cf2837,cached_perception_v2,1,1,1,0.9758228871877366,,1,2443.7638288363814,0,21.519934758543968,2443.7638288363814,2518.63466296345,12.224336669233743,12.115037536732165,12.224336669233743,12.219942034126584,0.9758228871877366,3.120756463125938
sugar_box_yalehand0_drop60,82,1.233038555189758,0.8889646576289054,15.887592551344127,14.19835192277089,0.773377022652155,0.6911480830788967,0.9985082048731975,0.9985082048731975,-0.3440738975608526,-1.6892406285732378,MODE_3_RELOCALIZE,no_rollout,four_mode_relocalization_v2,,0,0,0,False,1,0,0.8889646576289054,0,0,restarted_se3,1,48.13205450773239,2.700858749449253,0,83,cache_read_only_not_online_fps,75af0ef3fc918763f0b62d63899bd6f7a427eaf26ec2562352624519f5cf2837,cached_perception_v2,1,1,1,0.9608248499926506,,1,2437.3319037258625,0,21.017376333475113,2437.3319037258625,2509.1821933165193,12.286069040060376,12.278719206233534,12.286069040060376,12.281523897017639,0.9608248499926506,3.295136684652737
sugar_box_yalehand0_drop60,83,1.2992643462387905,1.0075204727087244,14.429163405358532,11.438035526201592,0.702383535940662,0.556781263848246,0.9985082048731975,0.9985082048731975,-0.29174387353006614,-2.99112787915694,MODE_3_RELOCALIZE,no_rollout,four_mode_relocalization_v2,,0,0,0,False,1,1,1.0075204727087244,0,0,restarted_se3,1,49.703639931976795,3.2577579841017723,0,84,cache_read_only_not_online_fps,75af0ef3fc918763f0b62d63899bd6f7a427eaf26ec2562352624519f5cf2837,cached_perception_v2,1,1,1,0.9500889301934554,,1,2440.8564157783985,0,21.501747891306877,2440.8564157783985,2515.319561585784,12.505328420410294,12.47571631586636,12.505328420410294,12.500776161861044,0.9500889301934554,3.5070078845214683
sugar_box_yalehand0_drop60,84,1.1877810247005707,1.0231180875618282,14.547240593507956,10.096428143512824,0.7081313031948275,0.49147443275732605,0.9985082048731975,0.8,-0.16466293713874247,-4.450812449995132,MODE_3_RELOCALIZE,no_rollout,four_mode_relocalization_v2,,0,0,0,False,1,1,1.0231180875618282,0,0,restarted_se3,1,53.69151942431927,5.268845707178116,0,85,cache_read_only_not_online_fps,75af0ef3fc918763f0b62d63899bd6f7a427eaf26ec2562352624519f5cf2837,cached_perception_v2,1,1,1,0.9702002033702732,,1,2461.931513622403,0,22.51300122588873,2461.931513622403,2543.4048799797893,12.472640286174995,12.53520974709936,12.472640286174995,12.467851534165073,0.9702002033702732,3.6599077398136144
sugar_box_yalehand0_drop60,85,1.370564420398634,1.0724381740574804,13.237502548409099,14.411307870304997,0.644375809308681,0.7015143633147316,0.9985082048731975,0.9985082048731975,-0.2981262463411536,1.1738053218958981,MODE_3_RELOCALIZE,no_rollout,four_mode_relocalization_v2,,0,0,0,False,1,1,1.0724381740574804,0,0,restarted_se3,1,52.87540052086115,2.897520549595356,0,86,cache_read_only_not_online_fps,75af0ef3fc918763f0b62d63899bd6f7a427eaf26ec2562352624519f5cf2837,cached_perception_v2,1,1,1,1.012360982788133,,1,2455.859825015068,0,26.044175028800964,2455.859825015068,2537.6769211143255,12.665428072993565,12.671461870859352,12.665428072993565,12.66009943070006,1.012360982788133,3.882134642304464
sugar_box_yalehand0_drop60,86,1.4445668195694972,1.0234446902352528,20.73739111489228,16.54354874395836,1.0094557590257316,0.8053076909138686,0.9985082048731975,0.9985082048731975,-0.4211221293342444,-4.193842370933918,MODE_3_RELOCALIZE,no_rollout,four_mode_relocalization_v2,,0,0,0,False,1,1,1.0234446902352528,0,0,restarted_se3,1,50.6465882062912,2.3094452917575836,0,87,cache_read_only_not_online_fps,75af0ef3fc918763f0b62d63899bd6f7a427eaf26ec2562352624519f5cf2837,cached_perception_v2,1,1,1,10.725957957837824,,1,2436.999403871596,0,22.197183221578598,2436.999403871596,2512.1526205912232,12.773811397313386,12.78369872498724,12.773811397313386,12.768304722974138,10.725957957837824,4.067632572984746
sugar_box_yalehand0_drop60,87,10.525517854610971,11.824441970583258,31.71375374792229,31.591463645224977,1.543763686752953,1.5378108430342945,1.0,1.0,1.2989241159722873,-0.12229010269731333,MODE_3_RELOCALIZE,no_rollout,four_mode_relocalization_v2,,0,0,0,False,1,1,10.525517854610971,0,0,restarted_se3,1,50.20386166870594,3.397522494196892,0,88,cache_read_only_not_online_fps,75af0ef3fc918763f0b62d63899bd6f7a427eaf26ec2562352624519f5cf2837,cached_perception_v2,1,1,1,0.959903898428014,,1,2438.971996307373,0,20.667845383286476,2438.971996307373,2513.2412258535624,12.959626039774866,12.93243194805202,12.959626039774866,12.95379606535931,0.959903898428014,4.262695365638893
sugar_box_yalehand0_drop60,88,1.3250826684436305,9.737754407293705,14.271513322756476,20.180766256530752,0.6947094373565232,0.9823603464071977,0.9985082048731975,0.9985082048731975,8.412671738850074,5.909252933774276,MODE_3_RELOCALIZE,no_rollout,four_mode_relocalization_v2,,0,0,0,False,1,1,1.3250826684436305,0,0,restarted_se3,1,49.58811402320862,2.506846562027931,0,89,cache_read_only_not_online_fps,75af0ef3fc918763f0b62d63899bd6f7a427eaf26ec2562352624519f5cf2837,cached_perception_v2,1,1,1,1.011521208133713,,1,2424.803290516138,0,20.880669355392456,2424.803290516138,2497.778920456767,13.099098294373693,13.088404306285092,13.099098294373693,13.092952064829467,1.011521208133713,4.416575153593196
sugar_box_yalehand0_drop60,89,1.3363246763155865,0.9537918003803969,16.267921697102345,12.458823478984606,0.7918907037793466,0.6064712307284532,0.9985082048731975,0.9985082048731975,-0.3825328759351896,-3.8090982181177395,MODE_3_RELOCALIZE,no_rollout,four_mode_relocalization_v2,,0,0,0,False,1,0,0.9537918003803969,0,0,restarted_se3,1,49.29286427795887,2.7379412204027176,0,90,cache_read_only_not_online_fps,75af0ef3fc918763f0b62d63899bd6f7a427eaf26ec2562352624519f5cf2837,cached_perception_v2,1,1,1,2.304206733493602,,1,2438.524558208883,0,24.36747681349516,2438.524558208883,2514.9228405207396,13.230095344152348,13.22473314933199,13.230095344152348,13.223353777848951,2.304206733493602,4.592293231126711
sugar_box_yalehand0_drop60,90,2.3765979272967686,4.91806639403032,17.704633839946062,30.910581552818414,0.8618270491287034,1.5046668305792414,0.9985082048731975,1.0,2.5414684667335514,13.205947712872351,MODE_3_RELOCALIZE,no_rollout,four_mode_relocalization_v2,,0,0,0,False,1,1,2.3765979272967686,0,0,restarted_se3,1,48.95535856485367,4.156114533543587,0,91,cache_read_only_not_online_fps,75af0ef3fc918763f0b62d63899bd6f7a427eaf26ec2562352624519f5cf2837,cached_perception_v2,1,1,1,0.9852957585100037,,1,2442.9825097322464,0,23.104755207896233,2442.9825097322464,2519.19873803854,13.38041516109875,13.37611973906083,13.38041516109875,13.373200308400271,0.9852957585100037,4.689622367998054
sugar_box_yalehand0_drop60,91,1.2845927659263487,1.298980693162336,9.285801528435982,8.240853570635858,0.4520147099563606,0.4011486811468831,0.8,0.8,0.014387927235987252,-1.0449479578001242,MODE_3_RELOCALIZE,no_rollout,four_mode_relocalization_v2,,0,0,0,False,1,1,1.2845927659263487,0,0,restarted_se3,1,48.23766928166151,5.009514279663563,0,92,cache_read_only_not_online_fps,75af0ef3fc918763f0b62d63899bd6f7a427eaf26ec2562352624519f5cf2837,cached_perception_v2,1,1,1,0.8119868228271185,,1,2448.5183861106634,0,20.884673111140728,2448.5183861106634,2522.650242783129,13.567228062116332,13.589331544659789,13.567228062116332,13.559352879886433,0.8119868228271185,4.8848274739041075
sugar_box_yalehand0_drop60,92,1.3192571015948629,0.9818211970131423,13.602573406640252,5.749460693699313,0.6621467467545805,0.2798725344182234,0.9985082048731975,0.14634146341463414,-0.33743590458172057,-7.853112712940939,MODE_2_PRIOR,no_rollout,four_mode_relocalization_v2,1.0,0,0,0,False,0,0,0.9818211970131423,0,0,restarted_se3,0,56.03080429136753,2.5074733421206474,0,93,cache_read_only_not_online_fps,75af0ef3fc918763f0b62d63899bd6f7a427eaf26ec2562352624519f5cf2837,cached_perception_v2,0,0,0,,,0,0.0,0,22.845201194286346,2.864978276193142,84.24845710396767,13.72427719804812,13.716589494321008,13.72427719804812,13.715757951580363,0.9818211970131423,4.947172030066754
sugar_box_yalehand0_drop60,93,1.4315990656399802,0.8214597030705965,15.362483677019176,12.150422860667556,0.7478157466765009,0.591458890047678,0.9985082048731975,0.9985082048731975,-0.6101393625693837,-3.21206081635162,MODE_3_RELOCALIZE,no_rollout,four_mode_relocalization_v2,,0,0,0,False,1,0,0.8214597030705965,0,0,restarted_se3,1,50.703139975667,4.363603889942169,0,94,cache_read_only_not_online_fps,75af0ef3fc918763f0b62d63899bd6f7a427eaf26ec2562352624519f5cf2837,cached_perception_v2,1,1,1,1.0971547954282705,,1,2457.5795605778694,0,22.746003232896328,2457.5795605778694,2535.392307676375,14.048886559255253,14.012872674937535,14.048886559255253,14.03970634833166,1.0971547954282705,5.101442822991101
sugar_box_yalehand0_drop60,94,1.271645566943954,1.0209806940646717,11.399690679216384,7.790137336715176,0.5549147114741443,0.3792086938313676,0.9985082048731975,0.8,-0.2506648728792822,-3.609553342501208,MODE_3_RELOCALIZE,no_rollout,four_mode_relocalization_v2,,0,0,0,False,1,1,1.0209806940646717,0,0,restarted_se3,1,47.09790926426649,3.3871307969093323,0,95,cache_read_only_not_online_fps,75af0ef3fc918763f0b62d63899bd6f7a427eaf26ec2562352624519f5cf2837,cached_perception_v2,1,1,1,1.0144007783046147,,1,2471.1649920791388,0,22.304301150143147,2471.1649920791388,2543.9543332904577,14.245380412435631,14.22135527387841,14.245380412435631,14.235757226124967,1.0144007783046147,5.155669913118309
sugar_box_yalehand0_drop60,95,1.2132867525649258,1.0899253470464871,12.135942072375038,10.815736511468538,0.5907539935129053,0.5264889613701779,0.9985082048731975,0.9985082048731975,-0.12336140551843866,-1.3202055609064995,MODE_3_RELOCALIZE,no_rollout,four_mode_relocalization_v2,,0,0,0,False,1,1,1.0899253470464871,0,0,restarted_se3,1,51.28318443894386,2.1792901679873466,0,96,cache_read_only_not_online_fps,75af0ef3fc918763f0b62d63899bd6f7a427eaf26ec2562352624519f5cf2837,cached_perception_v2,1,1,1,0.9572189938591213,,1,2435.932505875826,0,24.561256170272827,2435.932505875826,2513.95623665303,14.56578649880606,14.539322587225477,14.56578649880606,14.55585238727482,0.9572189938591213,5.233217713061622
sugar_box_yalehand0_drop60,96,1.3334333109547727,0.8786795050541321,3.700651142899472,3.1287498310386437,0.1801404809143193,0.15230144033039084,0.041666666666666664,0.041666666666666664,-0.45475380590064063,-0.5719013118608283,MODE_4_TRUSTED_FUSION,no_rollout,four_mode_relocalization_v2,0.5417482721508717,0,0,0,False,0,0,0.8786795050541321,0,0,restarted_se3,0,50.00037048012018,4.095136187970638,0,97,cache_read_only_not_online_fps,75af0ef3fc918763f0b62d63899bd6f7a427eaf26ec2562352624519f5cf2837,cached_perception_v2,0,0,0,,,0,0.0,0,21.880008280277252,2.1222345530986786,78.09774950146675,14.90347698475535,14.893487461192246,14.90347698475535,14.893349861687394,1.0945405146870602,5.306872749609162
sugar_box_yalehand0_drop60,97,1.3150714121768463,1.2443263953228703,8.952090950742576,9.015791366734826,0.43577032981065866,0.4388711418375646,0.8,0.8,-0.07074501685397605,0.0637004159922494,MODE_3_RELOCALIZE,no_rollout,four_mode_relocalization_v2,,0,0,0,False,1,1,1.2443263953228703,0,0,restarted_se3,1,34.476516768336296,3.6632027477025986,0,98,cache_read_only_not_online_fps,75af0ef3fc918763f0b62d63899bd6f7a427eaf26ec2562352624519f5cf2837,cached_perception_v2,1,1,1,2.5167444870661204,,1,2432.349913753569,0,20.97347192466259,2432.349913753569,2491.4631051942706,15.249419226581463,15.23809639262557,15.249419226581463,15.239167693105976,2.5167444870661204,5.352548460284416
sugar_box_yalehand0_drop60,98,2.5997630386788524,4.957796023214678,21.50896919558822,33.157740051774795,1.0470146753224494,1.6140541240747144,0.9985082048731975,1.0,2.358032984535826,11.648770856186573,MODE_3_RELOCALIZE,no_rollout,four_mode_relocalization_v2,,0,0,0,False,1,1,2.5997630386788524,0,0,restarted_se3,1,52.68617160618305,2.955191768705845,0,99,cache_read_only_not_online_fps,75af0ef3fc918763f0b62d63899bd6f7a427eaf26ec2562352624519f5cf2837,cached_perception_v2,1,1,1,0.922504762481384,,1,2459.8177233710885,0,23.184840567409992,2459.8177233710885,2538.6439273133874,15.646638941367147,15.585506953628084,15.646638941367147,15.636217510728489,0.922504762481384,5.3533670480113
sugar_box_yalehand0_drop60,99,1.5094059435696319,2.5318551924125203,11.882943240569146,19.393563584734128,0.5784385037592383,0.9440408554855608,0.9985082048731975,0.9985082048731975,1.0224492488428885,7.510620344164982,MODE_3_RELOCALIZE,no_rollout,four_mode_relocalization_v2,,0,0,0,False,1,1,1.5094059435696319,0,0,restarted_se3,1,50.330386497080326,2.2280793637037277,0,100,cache_read_only_not_online_fps,75af0ef3fc918763f0b62d63899bd6f7a427eaf26ec2562352624519f5cf2837,cached_perception_v2,1,1,1,1.0670193704648516,,1,2450.519150123,0,22.808706387877464,2450.519150123,2525.8863223716617,16.215481777767582,16.10077833446265,16.215481777767582,16.204860655511503,1.0670193704648516,5.358162973200821
sugar_box_yalehand0_drop60,100,1.32089821966185,0.9294329308481518,10.00069032998639,10.723601320822347,0.4868141026952968,0.5220039999644039,0.8,0.9985082048731975,-0.39146528881369813,0.7229109908359561,MODE_3_RELOCALIZE,no_rollout,four_mode_relocalization_v2,,0,0,0,False,1,0,0.9294329308481518,0,0,restarted_se3,1,46.64444271475077,2.1634064614772797,0,101,cache_read_only_not_online_fps,75af0ef3fc918763f0b62d63899bd6f7a427eaf26ec2562352624519f5cf2837,cached_perception_v2,1,1,1,0.9334438697570916,,1,2453.4535882994533,0,21.93405106663704,2453.4535882994533,2524.1954885423183,16.534498303128558,16.56547218120948,16.534498303128558,16.523650007259192,0.9334438697570916,5.34555480822607
sugar_box_yalehand0_drop60,101,1.4619833584386983,1.2115895692457248,13.043379841251797,7.754238116014687,0.6349262944872684,0.3774611897755358,0.9985082048731975,0.8,-0.2503937891929735,-5.28914172523711,MODE_3_RELOCALIZE,no_rollout,four_mode_relocalization_v2,,0,0,0,False,1,1,1.2115895692457248,0,0,restarted_se3,1,47.98600543290377,2.9792338609695435,0,102,cache_read_only_not_online_fps,75af0ef3fc918763f0b62d63899bd6f7a427eaf26ec2562352624519f5cf2837,cached_perception_v2,1,1,1,1.1015758340705708,,1,2444.736729376018,0,23.955433629453182,2444.736729376018,2519.6574022993445,16.91293134063003,16.968904583012105,16.91293134063003,16.902004107364345,1.1015758340705708,5.348025877576547
sugar_box_yalehand0_drop60,102,1.4079594268894515,1.207034753471883,17.1073155637688,12.268459137095105,0.8327507602880377,0.5972046657990056,0.9985082048731975,0.9985082048731975,-0.20092467341756848,-4.838856426673695,MODE_3_RELOCALIZE,no_rollout,four_mode_relocalization_v2,,0,0,0,False,1,1,1.207034753471883,0,0,restarted_se3,1,50.6086116656661,2.610446885228157,0,103,cache_read_only_not_online_fps,75af0ef3fc918763f0b62d63899bd6f7a427eaf26ec2562352624519f5cf2837,cached_perception_v2,1,1,1,0.8745231265565334,,1,2450.055263005197,0,22.787091322243214,2450.055263005197,2526.0614128783345,17.279267800245357,17.342072865912204,17.279267800245357,17.268031364351938,0.8745231265565334,5.341227032978512
sugar_box_yalehand0_drop60,103,1.237804698846413,0.8012153580772605,10.840203412832944,11.456567954126683,0.5276799624151491,0.5576833862991399,0.9985082048731975,0.9985082048731975,-0.43658934076915257,0.6163645412937395,MODE_3_RELOCALIZE,no_rollout,four_mode_relocalization_v2,,0,0,0,False,1,0,0.8012153580772605,0,0,restarted_se3,1,48.132880590856075,4.192345775663853,0,104,cache_read_only_not_online_fps,75af0ef3fc918763f0b62d63899bd6f7a427eaf26ec2562352624519f5cf2837,cached_perception_v2,1,1,1,1.052464690744916,,1,2416.6590683162212,0,20.394654013216496,2416.6590683162212,2489.3789486959577,17.65469962494577,17.648844417344275,17.65469962494577,17.643068488023868,1.052464690744916,5.280933663646352
sugar_box_yalehand0_drop60,104,1.2362795771177806,0.8729154246420114,4.026958609180653,6.358050519607309,0.19602449203344624,0.30949750031888146,0.04838709677419355,0.4393939393939394,-0.36336415247576914,2.3310919104266556,MODE_4_TRUSTED_FUSION,no_rollout,four_mode_relocalization_v2,0.3879822265615736,0,0,0,False,0,0,0.8729154246420114,0,0,restarted_se3,0,46.047777868807316,3.016190603375435,0,105,cache_read_only_not_online_fps,75af0ef3fc918763f0b62d63899bd6f7a427eaf26ec2562352624519f5cf2837,cached_perception_v2,0,0,0,,,0,0.0,0,20.93386836349964,3.087516874074936,73.08535370975733,17.99120193317367,17.979796201765915,17.99120193317367,17.979300862558105,3.094795842489826,5.236048727231134
sugar_box_yalehand0_drop60,105,1.2526064996477417,1.770999798104107,12.803298054399058,7.9570025219484,0.6232395812921045,0.3873313656410153,0.9985082048731975,0.8,0.5183932984563653,-4.846295532450657,MODE_3_RELOCALIZE,no_rollout,four_mode_relocalization_v2,,0,0,0,False,1,1,1.2526064996477417,0,0,restarted_se3,1,46.84669245034456,5.259891971945763,0,106,cache_read_only_not_online_fps,75af0ef3fc918763f0b62d63899bd6f7a427eaf26ec2562352624519f5cf2837,cached_perception_v2,1,1,1,1.2317004380620808,,1,2414.5439323037863,0,17.061510123312473,2414.5439323037863,2483.712026849389,18.223381066616064,18.273467923917984,18.223381066616064,18.211121422067,1.2317004380620808,5.208427739330041
sugar_box_yalehand0_drop60,106,1.1189845725805128,2.8992425011444762,7.606113308466863,15.28002812079392,0.37025076300558646,0.7438019709978678,0.8,0.9985082048731975,1.7802579285639635,7.673914812327057,MODE_3_RELOCALIZE,no_rollout,four_mode_relocalization_v2,,0,0,0,False,1,1,1.1189845725805128,0,0,restarted_se3,1,46.157571487128735,3.9241937920451164,0,107,cache_read_only_not_online_fps,75af0ef3fc918763f0b62d63899bd6f7a427eaf26ec2562352624519f5cf2837,cached_perception_v2,1,1,1,0.898564437702797,,1,2408.086758106947,0,20.539761520922184,2408.086758106947,2478.708284907043,18.56101745968631,18.590518602218754,18.56101745968631,18.548356257100227,0.898564437702797,5.231216722275222
sugar_box_yalehand0_drop60,107,1.153562562658379,0.6123912183493806,12.12143999382548,6.821862397881018,0.5900480606099384,0.3320749580633953,0.9985082048731975,0.5901639344262295,-0.5411713443089984,-5.299577595944461,MODE_2_PRIOR,no_rollout,four_mode_relocalization_v2,1.0,0,0,0,False,0,0,0.6123912183493806,0,0,restarted_se3,0,45.17127852886915,2.5018826127052307,0,108,cache_read_only_not_online_fps,75af0ef3fc918763f0b62d63899bd6f7a427eaf26ec2562352624519f5cf2837,cached_perception_v2,0,0,0,,,0,0.0,0,20.296229980885983,2.640383318066597,70.60977444052696,18.918487502432868,18.898429400683497,18.918487502432868,18.905618837319377,0.6123912183493806,5.1976411883204845
sugar_box_yalehand0_drop60,108,1.3941750067872496,0.47617476541604986,10.99424968520106,6.668886391258112,0.5351786345449702,0.3246283843829021,0.9985082048731975,0.5714285714285714,-0.9180002413711997,-4.3253632939429485,MODE_2_PRIOR,no_rollout,four_mode_relocalization_v2,1.0,0,0,0,False,0,0,0.47617476541604986,0,0,restarted_se3,0,45.80853972584009,3.5028355196118355,0,109,cache_read_only_not_online_fps,75af0ef3fc918763f0b62d63899bd6f7a427eaf26ec2562352624519f5cf2837,cached_perception_v2,0,0,0,,,0,0.0,0,14.573418535292149,1.4990521594882011,65.38384594023228,19.014659295572812,19.112733464068267,19.014659295572812,19.001575798242936,0.47617476541604986,5.200129301749685
sugar_box_yalehand0_drop60,109,1.3796026769691818,0.5904930979336284,10.729226277970705,3.120705369010973,0.5222778119090321,0.15190985160656797,0.9985082048731975,0.041666666666666664,-0.7891095790355535,-7.608520908959732,MODE_2_PRIOR,no_rollout,four_mode_relocalization_v2,1.0,0,0,0,False,0,0,0.5904930979336284,0,0,restarted_se3,0,47.47622460126877,4.339453764259815,0,110,cache_read_only_not_online_fps,75af0ef3fc918763f0b62d63899bd6f7a427eaf26ec2562352624519f5cf2837,cached_perception_v2,0,0,0,,,0,0.0,0,14.303519390523434,1.4231381937861443,67.54233594983816,19.05038089331634,19.18954178769684,19.05038089331634,19.037093087289612,0.5904930979336284,5.188938882827807
sugar_box_yalehand0_drop60,110,1.535972764487435,0.8427293272157769,14.964793146812504,9.720340066413469,0.7284569472111802,0.47316719858184575,0.9985082048731975,0.8,-0.6932434372716582,-5.244453080399035,MODE_3_RELOCALIZE,no_rollout,four_mode_relocalization_v2,,0,0,0,False,1,0,0.8427293272157769,0,0,restarted_se3,1,44.46937143802643,2.235117368400097,0,111,cache_read_only_not_online_fps,75af0ef3fc918763f0b62d63899bd6f7a427eaf26ec2562352624519f5cf2837,cached_perception_v2,1,1,1,1.2234448805176201,,1,2426.0423313826323,0,20.166439935564995,2426.0423313826323,2492.913260124624,19.076144370971505,19.158395769994026,19.076144370971505,19.06277602912217,1.2234448805176201,5.193332133857165
sugar_box_yalehand0_drop60,111,1.429866368326918,2.054526832753104,16.072843599276297,22.021300951351357,0.7823946824033079,1.0719539860834573,0.9985082048731975,0.9985082048731975,0.624660464426186,5.94845735207506,MODE_3_RELOCALIZE,no_rollout,four_mode_relocalization_v2,,0,0,0,False,1,1,1.429866368326918,0,0,restarted_se3,1,49.39148295670748,1.6687549650669098,0,112,cache_read_only_not_online_fps,75af0ef3fc918763f0b62d63899bd6f7a427eaf26ec2562352624519f5cf2837,cached_perception_v2,1,1,1,1.5310709989981246,,1,2440.7256599515676,0,21.699821576476097,2440.7256599515676,2513.485719449818,19.131038482622145,19.112484681534788,19.131038482622145,19.117642237250656,1.5310709989981246,5.190786482605744
sugar_box_yalehand0_drop60,112,1.6535443729155275,1.6885110712795341,14.685953548777727,18.02679378727989,0.7148835793501436,0.8775091671136419,0.9985082048731975,0.9985082048731975,0.034966698364006676,3.340840238502162,MODE_3_RELOCALIZE,no_rollout,four_mode_relocalization_v2,,0,0,0,False,1,1,1.6535443729155275,0,0,restarted_se3,1,44.570266269147396,1.9403863698244095,0,113,cache_read_only_not_online_fps,75af0ef3fc918763f0b62d63899bd6f7a427eaf26ec2562352624519f5cf2837,cached_perception_v2,1,1,1,2.216956573729607,,1,2432.0366997271776,0,21.283896639943123,2432.0366997271776,2499.8312490060925,19.189129824451687,19.121449372100336,19.189129824451687,19.175647182590357,2.216956573729607,5.2142400842411405
sugar_box_yalehand0_drop60,113,2.53950788947981,3.031917787758712,12.23798354422645,16.903656585018954,0.5957211733692903,0.8228370383623953,0.9985082048731975,0.9985082048731975,0.4924098982789018,4.665673040792504,MODE_3_RELOCALIZE,no_rollout,four_mode_relocalization_v2,,0,0,0,False,1,1,2.53950788947981,0,0,restarted_se3,1,48.12170471996069,2.7971453964710236,0,114,cache_read_only_not_online_fps,75af0ef3fc918763f0b62d63899bd6f7a427eaf26ec2562352624519f5cf2837,cached_perception_v2,1,1,1,2.5572360368295164,,1,2439.8639304563403,0,17.630117014050484,2439.8639304563403,2508.4128975868225,19.335107129305527,19.239673518117378,19.335107129305527,19.321594520984444,2.5572360368295164,5.243930550049313
sugar_box_yalehand0_drop60,114,2.6962797931338613,2.962530807847196,13.047043972462923,19.40249324124889,0.6351046572491224,0.944475533750778,0.9985082048731975,0.9985082048731975,0.26625101471333457,6.355449268785968,MODE_3_RELOCALIZE,no_rollout,four_mode_relocalization_v2,,0,0,0,False,1,1,2.6962797931338613,0,0,restarted_se3,1,47.51849640160799,2.63415090739727,0,115,cache_read_only_not_online_fps,75af0ef3fc918763f0b62d63899bd6f7a427eaf26ec2562352624519f5cf2837,cached_perception_v2,1,1,1,1.1340970996234767,,1,2445.548706687987,0,15.843389555811882,2445.548706687987,2511.544743552804,19.52932011586127,19.469560731240936,19.52932011586127,19.5158382883847,1.1340970996234767,5.353719567069477
sugar_box_yalehand0_drop60,115,1.5745864767626268,1.4359709249311892,11.223757998264627,20.091962030462657,0.5463506516556433,0.9780375298612973,0.9985082048731975,0.9985082048731975,-0.1386155518314376,8.86820403219803,MODE_3_RELOCALIZE,no_rollout,four_mode_relocalization_v2,,0,0,0,False,1,1,1.4359709249311892,0,0,restarted_se3,1,53.64116095006466,2.2137602791190147,0,116,cache_read_only_not_online_fps,75af0ef3fc918763f0b62d63899bd6f7a427eaf26ec2562352624519f5cf2837,cached_perception_v2,1,1,1,1.0270024158562419,,1,2440.673725679517,0,20.388356409966946,2440.673725679517,2516.9170033186674,19.555529782440587,19.54268969481807,19.555529782440587,19.542050740235588,1.0270024158562419,5.359808563254211
sugar_box_yalehand0_drop60,116,1.072971008462071,1.1756767375967305,9.934839449593534,9.2085038586061,0.4836086102550377,0.44825201012894555,0.8,0.8,0.10270572913465958,-0.7263355909874338,MODE_3_RELOCALIZE,no_rollout,four_mode_relocalization_v2,,0,0,0,False,1,1,1.072971008462071,0,0,restarted_se3,1,46.74437362700701,2.387245185673237,0,117,cache_read_only_not_online_fps,75af0ef3fc918763f0b62d63899bd6f7a427eaf26ec2562352624519f5cf2837,cached_perception_v2,1,1,1,0.8770211566238152,,1,2439.4662072882056,0,20.236228592693806,2439.4662072882056,2508.8340546935797,19.743665654100408,19.755913264015593,19.743665654100408,19.73013318678097,0.8770211566238152,5.486383535241941
sugar_box_yalehand0_drop60,117,1.2621332476145513,0.7567349919041179,14.83166621498,10.31942131244217,0.7219765877833619,0.5023293053568727,0.9985082048731975,0.8,-0.5053982557104334,-4.51224490253783,MODE_3_RELOCALIZE,no_rollout,four_mode_relocalization_v2,,0,0,0,False,1,0,0.7567349919041179,0,0,restarted_se3,1,47.85630851984024,2.967558801174164,0,118,cache_read_only_not_online_fps,75af0ef3fc918763f0b62d63899bd6f7a427eaf26ec2562352624519f5cf2837,cached_perception_v2,1,1,1,1.289641353485872,,1,2431.202090345323,0,22.854703478515148,2431.202090345323,2504.8806611448526,19.88719659485007,19.882801339556323,19.88719659485007,19.87363223712757,1.289641353485872,5.590303767971539
sugar_box_yalehand0_drop60,118,1.1535159846509544,1.5085101303860744,11.60231245217838,8.341454032036767,0.5647779442447123,0.40604571542468415,0.9985082048731975,0.8,0.35499414573512,-3.260858420141613,MODE_3_RELOCALIZE,no_rollout,four_mode_relocalization_v2,,0,0,0,False,1,1,1.1535159846509544,0,0,restarted_se3,1,46.43971472978592,1.8804334104061127,0,119,cache_read_only_not_online_fps,75af0ef3fc918763f0b62d63899bd6f7a427eaf26ec2562352624519f5cf2837,cached_perception_v2,1,1,1,0.9769217743776268,,1,2422.641067765653,0,21.105093881487846,2422.641067765653,2492.066309787333,20.10538514455402,20.04549450291994,20.10538514455402,20.091941287192732,0.9769217743776268,5.6703608046750915
sugar_box_yalehand0_drop60,119,1.331449700966332,1.2397636904181397,6.237927237216539,11.633651902105361,0.3036501331871811,0.5663034875514,0.35,0.9985082048731975,-0.09168601054819225,5.395724664888823,MODE_1_ACCEPT,no_rollout,four_mode_relocalization_v2,0.0,0,0,0,False,0,1,1.2397636904181397,0,0,restarted_se3,0,45.734088867902756,1.5085740014910698,0,120,cache_read_only_not_online_fps,75af0ef3fc918763f0b62d63899bd6f7a427eaf26ec2562352624519f5cf2837,cached_perception_v2,0,0,0,,,0,0.0,0,22.61908072978258,2.055770717561245,71.91751431673765,20.293095807350365,20.22986659641826,20.293095807350365,20.279889064895247,1.331449700966332,5.755810049496084
sugar_box_yalehand0_drop60,120,1.42952907581233,1.624883366478146,14.603609896615515,19.64915412421179,0.7108752509430729,0.9564825045145429,0.9985082048731975,0.9985082048731975,0.1953542906658159,5.045544227596276,MODE_3_RELOCALIZE,no_rollout,four_mode_relocalization_v2,,0,0,0,False,1,1,1.42952907581233,0,0,restarted_se3,1,46.10599484294653,4.134218208491802,0,121,cache_read_only_not_online_fps,75af0ef3fc918763f0b62d63899bd6f7a427eaf26ec2562352624519f5cf2837,cached_perception_v2,1,1,1,1.1982151845207927,,1,2453.420555219054,0,22.116447798907757,2453.420555219054,2525.7772160694003,20.398321267586315,20.40587718840754,20.398321267586315,20.385367099395392,1.1982151845207927,5.850728643312008
sugar_box_yalehand0_drop60,121,1.5946791117762007,1.227167552413643,14.1422929689886,14.911195776012113,0.6884192425305864,0.725847931722041,0.9985082048731975,0.9985082048731975,-0.36751155936255775,0.7689028070235118,MODE_3_RELOCALIZE,no_rollout,four_mode_relocalization_v2,,0,0,0,False,1,1,1.227167552413643,0,0,restarted_se3,1,49.258749932050705,2.9143020510673523,0,122,cache_read_only_not_online_fps,75af0ef3fc918763f0b62d63899bd6f7a427eaf26ec2562352624519f5cf2837,cached_perception_v2,1,1,1,0.978071355354364,,1,2444.917671382427,0,16.87096618115902,2444.917671382427,2513.9616895467043,20.62328676783047,20.6136981515019,20.62328676783047,20.61050832379714,0.978071355354364,5.96494744922307
sugar_box_yalehand0_drop60,122,1.2078068109080604,0.8031190234993463,12.629182405965128,12.042496156789188,0.614763971073136,0.5862052285731426,0.9985082048731975,0.9985082048731975,-0.40468778740871414,-0.5866862491759406,MODE_3_RELOCALIZE,no_rollout,four_mode_relocalization_v2,,0,0,0,False,1,0,0.8031190234993463,0,0,restarted_se3,1,44.58821006119251,1.7957743257284164,0,123,cache_read_only_not_online_fps,75af0ef3fc918763f0b62d63899bd6f7a427eaf26ec2562352624519f5cf2837,cached_perception_v2,1,1,1,1.0466392115845053,,1,2438.08398488909,0,20.11445164680481,2438.08398488909,2504.582420922816,20.74920032000182,20.779465928775227,20.74920032000182,20.736585932631957,1.0466392115845053,6.078845539563528
sugar_box_yalehand0_drop60,123,1.34291513231522,1.0720505052146252,10.757914410929033,8.73163560252891,0.5236742942760779,0.4250389933744907,0.9985082048731975,0.8,-0.2708646271005948,-2.0262788084001233,MODE_3_RELOCALIZE,no_rollout,four_mode_relocalization_v2,,0,0,0,False,1,1,1.0720505052146252,0,0,restarted_se3,1,34.58345029503107,2.4870019406080246,0,124,cache_read_only_not_online_fps,75af0ef3fc918763f0b62d63899bd6f7a427eaf26ec2562352624519f5cf2837,cached_perception_v2,1,1,1,3.768197325068727,,1,2437.5583874061704,0,21.241504698991776,2437.5583874061704,2495.8703443408012,20.866738967357893,20.931526326323237,20.866738967357893,20.85418121251779,3.768197325068727,6.224682876253134
sugar_box_yalehand0_drop60,124,3.5932749356165266,6.989790472503124,20.28133208449307,33.328334190370256,0.9872556947967475,1.622358314062121,0.9985082048731975,1.0,3.3965155368865974,13.047002105877187,MODE_3_RELOCALIZE,no_rollout,four_mode_relocalization_v2,,0,0,0,False,1,1,3.5932749356165266,0,0,restarted_se3,1,46.46100476384163,2.0789485424757004,0,125,cache_read_only_not_online_fps,75af0ef3fc918763f0b62d63899bd6f7a427eaf26ec2562352624519f5cf2837,cached_perception_v2,1,1,1,0.9082525628882115,,1,2435.131687670946,0,21.37149590998888,2435.131687670946,2505.0431368872523,20.85613114656177,20.916000827605586,20.85613114656177,20.84370171994643,0.9082525628882115,6.327713295749955
sugar_box_yalehand0_drop60,125,1.199257226704697,5.145315034929474,17.9047353539448,16.004857764674213,0.8715676006077531,0.7790852645555653,0.9985082048731975,0.9985082048731975,3.9460578082247766,-1.899877589270588,MODE_3_RELOCALIZE,no_rollout,four_mode_relocalization_v2,,0,0,0,False,1,1,1.199257226704697,0,0,restarted_se3,1,47.42413014173508,2.0515955984592438,0,126,cache_read_only_not_online_fps,75af0ef3fc918763f0b62d63899bd6f7a427eaf26ec2562352624519f5cf2837,cached_perception_v2,1,1,1,2.8263948175659035,,1,2438.2977774366736,0,21.094871684908867,2438.2977774366736,2508.868374861777,20.95878565115815,20.973021132663543,20.95878565115815,20.946326226762586,2.8263948175659035,6.470991290004615
sugar_box_yalehand0_drop60,126,2.8433893286878464,4.689155487629498,3.102347495143106,32.01620767878508,0.15101622610677798,1.5584865542852222,0.041666666666666664,1.0,1.8457661589416516,28.913860183641972,MODE_1_ACCEPT,no_rollout,four_mode_relocalization_v2,0.0,0,0,0,False,0,1,2.8433893286878464,0,0,restarted_se3,0,47.51106258481741,2.078491263091564,0,127,cache_read_only_not_online_fps,75af0ef3fc918763f0b62d63899bd6f7a427eaf26ec2562352624519f5cf2837,cached_perception_v2,0,0,0,,,0,0.0,0,21.598145365715027,0.7635839283466339,71.95128314197063,20.9315459416565,20.934894735692872,20.9315459416565,20.919229751113765,2.8433893286878464,6.587836757247084
sugar_box_yalehand0_drop60,127,2.766145841825702,2.85986158780105,12.378609956807548,12.645230541510031,0.6025665928950461,0.6155451630156361,0.9985082048731975,0.9985082048731975,0.09371574597534815,0.2666205847024834,MODE_3_RELOCALIZE,no_rollout,four_mode_relocalization_v2,,0,0,0,False,1,1,2.766145841825702,0,0,restarted_se3,1,45.314813032746315,3.6913342773914337,0,128,cache_read_only_not_online_fps,75af0ef3fc918763f0b62d63899bd6f7a427eaf26ec2562352624519f5cf2837,cached_perception_v2,1,1,1,1.0384073115656942,,1,2435.547194443643,0,20.89545875787735,2435.547194443643,2505.448800511658,20.93585063417218,20.898966459208992,20.93585063417218,20.92365800598315,1.0384073115656942,6.642322330115746
sugar_box_yalehand0_drop60,128,1.261110558460101,3.1024925714295337,9.576542175328235,17.651764541615158,0.4661673976672794,0.8592534747875484,0.8,0.9985082048731975,1.8413820129694327,8.075222366286923,MODE_3_RELOCALIZE,no_rollout,four_mode_relocalization_v2,,0,0,0,False,1,1,1.261110558460101,0,0,restarted_se3,1,45.94865255057812,2.5402233004570007,0,129,cache_read_only_not_online_fps,75af0ef3fc918763f0b62d63899bd6f7a427eaf26ec2562352624519f5cf2837,cached_perception_v2,1,1,1,1.055590827683023,,1,2427.3198191076517,0,20.509752444922924,2427.3198191076517,2496.3184474036098,21.019454258740577,20.998183077096908,21.019454258740577,21.007377883454048,1.055590827683023,6.792292336514411
sugar_box_yalehand0_drop60,129,1.5806202271309773,1.224381332388029,8.773582811286094,3.6650786318903963,0.4270809016946065,0.1784088804491417,0.8,0.041666666666666664,-0.35623889474294823,-5.108504179395697,MODE_2_PRIOR,no_rollout,four_mode_relocalization_v2,1.0,0,0,0,False,0,1,1.224381332388029,0,0,restarted_se3,0,46.61704134196043,2.1282415837049484,0,130,cache_read_only_not_online_fps,75af0ef3fc918763f0b62d63899bd6f7a427eaf26ec2562352624519f5cf2837,cached_perception_v2,0,0,0,,,0,0.0,0,22.643741220235825,0.8532712236046791,72.24229536950588,20.94479748890944,20.950204977064057,20.94479748890944,20.932913873303924,1.224381332388029,6.841053698623602
sugar_box_yalehand0_drop60,130,1.678138064585632,1.6693895766179336,22.31168542850521,18.796599870007565,1.0860893361460853,0.9149818260048772,0.9985082048731975,0.9985082048731975,-0.008748487967698448,-3.5150855584976455,MODE_3_RELOCALIZE,no_rollout,four_mode_relocalization_v2,,0,0,0,False,1,1,1.6693895766179336,0,0,restarted_se3,1,44.5062480866909,3.4996457397937775,0,131,cache_read_only_not_online_fps,75af0ef3fc918763f0b62d63899bd6f7a427eaf26ec2562352624519f5cf2837,cached_perception_v2,1,1,1,1.057263539536706,,1,2440.013526007533,0,21.877171471714973,2440.013526007533,2509.8965913057327,20.90859468241102,20.916822955648303,20.90859468241102,20.896698071896836,1.057263539536706,6.923990362797412
sugar_box_yalehand0_drop60,131,1.1529696599500558,0.8692297928165285,18.294670860788745,19.00467519842843,0.8905489006590195,0.9251105272200832,0.9985082048731975,0.9985082048731975,-0.2837398671335274,0.7100043376396847,MODE_3_RELOCALIZE,no_rollout,four_mode_relocalization_v2,,0,0,0,False,1,0,0.8692297928165285,0,0,restarted_se3,1,50.335838459432125,2.220911905169487,0,132,cache_read_only_not_online_fps,75af0ef3fc918763f0b62d63899bd6f7a427eaf26ec2562352624519f5cf2837,cached_perception_v2,1,1,1,1.0845299686575194,,1,2454.400240443647,0,22.012462839484215,2454.400240443647,2528.9694536477327,21.579181353216605,21.55496289159437,21.579181353216605,21.56764062863186,1.0845299686575194,7.574845261482189
sugar_box_yalehand0_drop60,132,1.2574686383743998,1.4422052594385686,16.508550534726876,13.768638821709677,0.8036040463392653,0.6702304873123041,0.9985082048731975,0.9985082048731975,0.18473662106416877,-2.7399117130171984,MODE_3_RELOCALIZE,no_rollout,four_mode_relocalization_v2,,0,0,0,False,1,1,1.2574686383743998,0,0,restarted_se3,1,51.363490521907806,3.4492947161197662,0,133,cache_read_only_not_online_fps,75af0ef3fc918763f0b62d63899bd6f7a427eaf26ec2562352624519f5cf2837,cached_perception_v2,1,1,1,0.8841114045931414,,1,2447.0472279936075,0,22.92018197476864,2447.0472279936075,2524.7801952064037,21.693559653403533,21.64893686550214,21.693559653403533,21.682166863029632,0.8841114045931414,7.748746001423595
sugar_box_yalehand0_drop60,133,1.0513130489249447,1.0261982616676584,13.57916531095132,17.874992538659015,0.6610072863050909,0.870119778361766,0.9985082048731975,0.9985082048731975,-0.02511478725728633,4.295827227707695,MODE_3_RELOCALIZE,no_rollout,four_mode_relocalization_v2,,0,0,0,False,1,1,1.0261982616676584,0,0,restarted_se3,1,45.9856279194355,2.380263991653919,0,134,cache_read_only_not_online_fps,75af0ef3fc918763f0b62d63899bd6f7a427eaf26ec2562352624519f5cf2837,cached_perception_v2,1,1,1,0.924717000995387,,1,2429.496550001204,0,23.631022311747074,2429.496550001204,2501.4934642240405,21.82855486433441,21.769683702592165,21.82855486433441,21.817324539560843,0.924717000995387,7.820492348285575
sugar_box_yalehand0_drop60,134,1.1526864262528482,0.8196218174644239,11.167778728195547,14.153886922456815,0.543625689955099,0.6889836135757927,0.9985082048731975,0.9985082048731975,-0.33306460878842437,2.986108194261268,MODE_3_RELOCALIZE,no_rollout,four_mode_relocalization_v2,,0,0,0,False,1,0,0.8196218174644239,0,0,restarted_se3,1,41.06322769075632,2.011478878557682,0,135,cache_read_only_not_online_fps,75af0ef3fc918763f0b62d63899bd6f7a427eaf26ec2562352624519f5cf2837,cached_perception_v2,1,1,1,6.772809758907143,,1,2437.274414114654,0,20.795146003365517,2437.274414114654,2501.1442666873336,21.805966816440176,21.844418828719988,21.805966816440176,21.795038277773653,6.772809758907143,7.916570165365759
sugar_box_yalehand0_drop60,135,7.639692601788677,5.15149645206519,25.15360779284866,25.21211795066921,1.2244285747463706,1.2272767351271159,0.9985082048731975,0.9985082048731975,-2.4881961497234872,0.05851015782054958,MODE_3_RELOCALIZE,no_rollout,four_mode_relocalization_v2,,0,0,0,False,1,1,5.15149645206519,0,0,restarted_se3,1,37.43704315274954,2.5809379294514656,0,136,cache_read_only_not_online_fps,75af0ef3fc918763f0b62d63899bd6f7a427eaf26ec2562352624519f5cf2837,cached_perception_v2,1,1,1,0.9608310177926125,,1,2442.155262455344,0,24.074246175587177,2442.155262455344,2506.2474897131324,21.78677951592557,21.820807467387638,21.78677951592557,21.776098199672113,0.9608310177926125,7.915689145066008
sugar_box_yalehand0_drop60,136,1.3784507988816812,5.195625826092792,17.731432411614673,33.4195387706631,0.8631315513370412,1.6267979751706982,0.9985082048731975,1.0,3.817175027211111,15.68810635904843,MODE_3_RELOCALIZE,no_rollout,four_mode_relocalization_v2,,0,0,0,False,1,1,1.3784507988816812,0,0,restarted_se3,1,45.92800047248602,3.1109116971492767,0,137,cache_read_only_not_online_fps,75af0ef3fc918763f0b62d63899bd6f7a427eaf26ec2562352624519f5cf2837,cached_perception_v2,1,1,1,0.8746710801205558,,1,2445.6342859193683,0,20.346643403172493,2445.6342859193683,2515.019841492176,21.768359417848682,21.790033088239483,21.768359417848682,21.757858482752447,0.8746710801205558,7.9426625966434194
sugar_box_yalehand0_drop60,137,1.0217531180964987,0.9667148313836131,13.095315970007253,13.664912885202638,0.6374544439532852,0.6651813110013951,0.9985082048731975,0.9985082048731975,-0.055038286712885576,0.569596915195385,MODE_3_RELOCALIZE,no_rollout,four_mode_relocalization_v2,,0,0,0,False,1,0,0.9667148313836131,0,0,restarted_se3,1,44.737739488482475,2.3711146786808968,0,138,cache_read_only_not_online_fps,75af0ef3fc918763f0b62d63899bd6f7a427eaf26ec2562352624519f5cf2837,cached_perception_v2,1,1,1,0.7998546767327613,,1,2449.4296051561832,0,18.344448879361153,2449.4296051561832,2514.8829082027078,21.73026617379356,21.73307495486242,21.73026617379356,21.719856380891002,0.7998546767327613,7.9416436198005504
sugar_box_yalehand0_drop60,138,1.0803545934075924,0.7948317518436585,5.683144260070439,1.986922648458671,0.27664437975432066,0.09671951978495938,0.11650485436893204,0.041666666666666664,-0.2855228415639339,-3.6962216116117683,MODE_4_TRUSTED_FUSION,no_rollout,four_mode_relocalization_v2,0.7403244117104015,0,0,0,False,0,0,0.7948317518436585,0,0,restarted_se3,0,53.36266476660967,2.9142089188098907,0,139,cache_read_only_not_online_fps,75af0ef3fc918763f0b62d63899bd6f7a427eaf26ec2562352624519f5cf2837,cached_perception_v2,0,0,0,,,0,0.0,0,22.44733739644289,3.1332075595855713,81.85741864144802,21.712481340078824,21.689673967769238,21.712481340078824,21.702210259786323,1.1032602148691915,7.9231335073192595
sugar_box_yalehand0_drop60,139,1.2476642347587283,1.6212148245875073,6.8299309175990315,20.139703439336902,0.33246771786866863,0.9803614885437133,0.5901639344262295,0.9985082048731975,0.373550589828779,13.30977252173787,MODE_1_ACCEPT,no_rollout,four_mode_relocalization_v2,0.0,0,0,0,False,0,1,1.2476642347587283,0,0,restarted_se3,0,49.33648370206356,3.913087770342827,0,140,cache_read_only_not_online_fps,75af0ef3fc918763f0b62d63899bd6f7a427eaf26ec2562352624519f5cf2837,cached_perception_v2,0,0,0,,,0,0.0,0,21.936308592557907,2.19025369733572,77.37613376230001,21.647084412302544,21.65492355470306,21.647084412302544,21.636890196015774,1.2476642347587283,7.890091295828173
sugar_box_yalehand0_drop60,140,1.360357671697037,1.404013528087932,15.362510450464365,22.308245212567137,0.7478170499556012,1.0859218731430613,0.9985082048731975,0.9985082048731975,0.04365585639089509,6.945734762102772,MODE_3_RELOCALIZE,no_rollout,four_mode_relocalization_v2,,0,0,0,False,1,1,1.360357671697037,0,0,restarted_se3,1,48.354655504226685,4.8568835482001305,0,141,cache_read_only_not_online_fps,75af0ef3fc918763f0b62d63899bd6f7a427eaf26ec2562352624519f5cf2837,cached_perception_v2,1,1,1,0.7393768947084381,,1,2460.535679012537,0,22.18359988182783,2460.535679012537,2535.9308179467916,21.613167185842542,21.611551605133922,21.613167185842542,21.602989488437697,0.7393768947084381,7.878647955857597
sugar_box_yalehand0_drop60,141,1.0622858761559983,1.143444801821247,8.633566025620263,10.707405709185375,0.42026515761823896,0.5212156291733383,0.8,0.9985082048731975,0.08115892566524874,2.0738396835651116,MODE_3_RELOCALIZE,no_rollout,four_mode_relocalization_v2,,0,0,0,False,1,1,1.0622858761559983,0,0,restarted_se3,1,49.55847095698118,3.5434989258646965,0,142,cache_read_only_not_online_fps,75af0ef3fc918763f0b62d63899bd6f7a427eaf26ec2562352624519f5cf2837,cached_perception_v2,1,1,1,0.5452227926378631,,1,2463.9717657119036,0,22.96569664031267,2463.9717657119036,2540.039432235062,21.68997406446441,21.662900540694473,21.68997406446441,21.679933986488518,0.5452227926378631,7.919982967677906
sugar_box_yalehand0_drop60,142,0.9038172309157851,0.4268407512474641,3.0702210598836426,2.1318564383716825,0.1494523738888226,0.10377461403932045,0.041666666666666664,0.041666666666666664,-0.476976479668321,-0.9383646215119601,MODE_4_TRUSTED_FUSION,no_rollout,four_mode_relocalization_v2,0.5898459111173153,0,0,0,False,0,0,0.4268407512474641,0,0,restarted_se3,0,49.74694084376097,2.6596831157803535,0,143,cache_read_only_not_online_fps,75af0ef3fc918763f0b62d63899bd6f7a427eaf26ec2562352624519f5cf2837,cached_perception_v2,0,0,0,,,0,0.0,0,23.20723608136177,2.0677251741290092,77.6815852150321,21.642718767218735,21.627212400922367,21.642718767218735,21.63277599554871,0.5824882501556268,7.90424470285597
sugar_box_yalehand0_drop60,143,1.3834456465212022,0.8193152606003321,7.070308553845094,8.81877151910834,0.344168832435357,0.4292805998678902,0.6923076923076923,0.8,-0.5641303859208701,1.7484629652632462,MODE_3_RELOCALIZE,no_rollout,four_mode_relocalization_v2,,0,0,0,False,1,0,0.8193152606003321,0,0,restarted_se3,1,47.56168182939291,4.264531657099724,0,144,cache_read_only_not_online_fps,75af0ef3fc918763f0b62d63899bd6f7a427eaf26ec2562352624519f5cf2837,cached_perception_v2,1,1,1,1.036566184711879,,1,2452.537151053548,0,21.81590534746647,2452.537151053548,2526.179269887507,21.774077536613472,21.766153689626453,21.774077536613472,21.764294147778536,1.036566184711879,8.200500881372564
sugar_box_yalehand0_drop60,144,1.3230628885316176,1.3568574995913962,15.750414417586926,14.587095014248122,0.7666994586149815,0.7100713386754673,0.9985082048731975,0.9985082048731975,0.033794611059778656,-1.1633194033388037,MODE_3_RELOCALIZE,no_rollout,four_mode_relocalization_v2,,0,0,0,False,1,1,1.3230628885316176,0,0,restarted_se3,1,48.34982566535473,2.3350724950432777,0,145,cache_read_only_not_online_fps,75af0ef3fc918763f0b62d63899bd6f7a427eaf26ec2562352624519f5cf2837,cached_perception_v2,1,1,1,1.0949690594800132,,1,2407.12998714298,0,21.02323528379202,2407.12998714298,2478.83812058717,21.969367479533883,21.93053844333812,21.969367479533883,21.95988785197889,1.0949690594800132,8.475804352786747
sugar_box_yalehand0_drop60,145,1.403426932157362,1.2873063104743478,9.843715401145907,12.615371023924316,0.479172869279639,0.6140916599292723,0.8,0.9985082048731975,-0.11612062168301418,2.7716556227784093,MODE_3_RELOCALIZE,no_rollout,four_mode_relocalization_v2,,0,0,0,False,1,1,1.2873063104743478,0,0,restarted_se3,1,46.80485185235739,3.304477781057358,0,146,cache_read_only_not_online_fps,75af0ef3fc918763f0b62d63899bd6f7a427eaf26ec2562352624519f5cf2837,cached_perception_v2,1,1,1,1.2327493479592733,,1,2460.974533110857,0,24.084636010229588,2460.974533110857,2535.1684987545013,22.008127149191044,21.985796446202215,22.008127149191044,21.998710561374445,1.2327493479592733,8.492085999230376
sugar_box_yalehand0_drop60,146,1.4395121408442073,1.3233949892610422,11.35045818580371,12.58018751658709,0.5525181697041948,0.6123789954042356,0.9985082048731975,0.9985082048731975,-0.11611715158316516,1.22972933078338,MODE_3_RELOCALIZE,no_rollout,four_mode_relocalization_v2,,0,0,0,False,1,1,1.3233949892610422,0,0,restarted_se3,1,49.54634699970484,3.6907419562339783,0,147,cache_read_only_not_online_fps,75af0ef3fc918763f0b62d63899bd6f7a427eaf26ec2562352624519f5cf2837,cached_perception_v2,1,1,1,1.0610214376941096,,1,2433.9208537712693,0,22.731619887053967,2433.9208537712693,2509.889562614262,22.222152171281586,22.186077763257977,22.222152171281586,22.213143790875613,1.0610214376941096,8.768288225307453
sugar_box_yalehand0_drop60,147,1.3113894092628025,0.9141080204366575,8.073497688924803,6.259961529322139,0.3930021231896128,0.304722719557319,0.8,0.35,-0.39728138882614494,-1.8135361596026645,MODE_2_PRIOR,no_rollout,four_mode_relocalization_v2,1.0,0,0,0,False,0,0,0.9141080204366575,0,0,restarted_se3,0,45.920783653855324,2.5135893374681473,0,148,cache_read_only_not_online_fps,75af0ef3fc918763f0b62d63899bd6f7a427eaf26ec2562352624519f5cf2837,cached_perception_v2,0,0,0,,,0,0.0,0,23.149866610765457,1.196606084704399,72.78084568679333,22.168282258980756,22.18780138346493,22.168282258980756,22.159272100923666,0.9141080204366575,8.667471052346722
sugar_box_yalehand0_drop60,148,1.7761931407386824,0.7653926585860623,17.25310303658695,9.878553923719146,0.839847410161435,0.4808687406191272,0.9985082048731975,0.8,-1.0108004821526202,-7.374549112867804,MODE_3_RELOCALIZE,no_rollout,four_mode_relocalization_v2,,0,0,0,False,1,0,0.7653926585860623,0,0,restarted_se3,1,47.26181272417307,2.6948750019073486,0,149,cache_read_only_not_online_fps,75af0ef3fc918763f0b62d63899bd6f7a427eaf26ec2562352624519f5cf2837,cached_perception_v2,1,1,1,1.1690087233275128,,1,2442.41679366678,0,21.48427627980709,2442.41679366678,2513.8577576726675,22.167366227327097,22.203296993818018,22.167366227327097,22.15837599139514,1.1690087233275128,8.657765076857839
sugar_box_yalehand0_drop60,149,1.5641519319948938,1.58143014728622,9.107904331491595,6.948653604404125,0.4433550213303847,0.33824690673859087,0.8,0.5901639344262295,0.017278215291326227,-2.1592507270874695,MODE_2_PRIOR,no_rollout,four_mode_relocalization_v2,1.0,0,0,0,False,0,1,1.5641519319948938,0,0,restarted_se3,0,43.42998191714287,2.2666724398732185,0,150,cache_read_only_not_online_fps,75af0ef3fc918763f0b62d63899bd6f7a427eaf26ec2562352624519f5cf2837,cached_perception_v2,0,0,0,,,0,0.0,0,20.75805328786373,2.135992981493473,68.59070062637329,22.183225714447865,22.16525092404015,22.183225714447865,22.174280108280158,1.58143014728622,8.623505680733109
sugar_box_yalehand0_drop60,150,1.9421390352489627,1.9695984508902622,12.615011107212876,15.223502014652958,0.6140741398856409,0.7410503903837414,0.9985082048731975,0.9985082048731975,0.0274594156412995,2.608490907440082,MODE_3_RELOCALIZE,no_rollout,four_mode_relocalization_v2,,0,0,0,False,1,1,1.9421390352489627,0,0,restarted_se3,1,46.65186908096075,3.211531788110733,0,151,cache_read_only_not_online_fps,75af0ef3fc918763f0b62d63899bd6f7a427eaf26ec2562352624519f5cf2837,cached_perception_v2,1,1,1,1.3082960694795287,,1,2434.1512229293585,0,23.407683707773685,2434.1512229293585,2507.4223075062037,22.42036995357451,22.39315656245459,22.42036995357451,22.4116807458975,1.3082960694795287,8.936213981090178
sugar_box_yalehand0_drop60,151,1.789702580823761,1.1246894342017866,8.891778510408084,6.043561148856164,0.4328344378318057,0.294188771043426,0.8,0.16666666666666666,-0.6650131466219744,-2.84821736155192,MODE_2_PRIOR,no_rollout,four_mode_relocalization_v2,1.0,0,0,0,False,0,1,1.1246894342017866,0,0,restarted_se3,0,46.896894462406635,4.05002199113369,0,152,cache_read_only_not_online_fps,75af0ef3fc918763f0b62d63899bd6f7a427eaf26ec2562352624519f5cf2837,cached_perception_v2,0,0,0,,,0,0.0,0,22.642352618277073,2.835141494870186,76.42441056668758,22.611235613555113,22.6194272713118,22.611235613555113,22.602887648969137,1.1246894342017866,9.222341053991443
sugar_box_yalehand0_drop60,152,1.9009002595786333,0.7109909389646888,8.723377898250604,16.7813258770576,0.4246370244337554,0.8168822180586686,0.8,0.9985082048731975,-1.1899093206139444,8.057947978806997,MODE_3_RELOCALIZE,no_rollout,four_mode_relocalization_v2,,0,0,0,False,1,0,0.7109909389646888,0,0,restarted_se3,1,46.201848424971104,5.033949390053749,0,153,cache_read_only_not_online_fps,75af0ef3fc918763f0b62d63899bd6f7a427eaf26ec2562352624519f5cf2837,cached_perception_v2,1,1,1,1.2603079147852063,,1,2461.4000925794244,0,20.278288051486015,2461.4000925794244,2532.9141784459352,23.53818357779969,23.491547411573276,23.53818357779969,23.529998112563135,1.2603079147852063,10.035159917421879
sugar_box_yalehand0_drop60,153,1.4726473590538511,1.424822497719428,13.572750334685152,11.651054395371256,0.6606950177704416,0.5671506069865949,0.9985082048731975,0.9985082048731975,-0.04782486133442321,-1.9216959393138957,MODE_3_RELOCALIZE,no_rollout,four_mode_relocalization_v2,,0,0,0,False,1,1,1.424822497719428,0,0,restarted_se3,1,49.69565197825432,4.471501335501671,0,154,cache_read_only_not_online_fps,75af0ef3fc918763f0b62d63899bd6f7a427eaf26ec2562352624519f5cf2837,cached_perception_v2,1,1,1,0.9885343790171802,,1,2476.735341362655,0,22.388710640370846,2476.735341362655,2553.291205316782,24.56399254702809,24.559286904731227,24.56399254702809,24.555713058900377,0.9885343790171802,10.959078270309488
sugar_box_yalehand0_drop60,154,1.7102085976749546,1.5658466167842764,8.514431636796537,10.108551370665715,0.41446592789691894,0.4920645678133541,0.8,0.8,-0.1443619808906782,1.594119733869178,MODE_3_RELOCALIZE,no_rollout,four_mode_relocalization_v2,,0,0,0,False,1,1,1.5658466167842764,0,0,restarted_se3,1,49.096186645329,2.8314637020230293,0,155,cache_read_only_not_online_fps,75af0ef3fc918763f0b62d63899bd6f7a427eaf26ec2562352624519f5cf2837,cached_perception_v2,1,1,1,1.3299943099615599,,1,2450.831742025912,0,17.057479359209538,2450.831742025912,2519.8168717324734,23.90465002186219,23.90496078015095,23.90465002186219,23.896531789036665,1.3299943099615599,10.261214699098463
sugar_box_yalehand0_drop60,155,1.4745754261380937,1.1427447783810574,11.115150318005629,9.966202413964607,0.541063841578886,0.48513529819900786,0.9985082048731975,0.8,-0.3318306477570363,-1.1489479040410213,MODE_3_RELOCALIZE,no_rollout,four_mode_relocalization_v2,,0,0,0,False,1,1,1.1427447783810574,0,0,restarted_se3,1,49.29180443286896,3.0224723741412163,0,156,cache_read_only_not_online_fps,75af0ef3fc918763f0b62d63899bd6f7a427eaf26ec2562352624519f5cf2837,cached_perception_v2,1,1,1,1.2400989269537996,,1,2449.529274366796,0,18.890978768467903,2449.529274366796,2520.734529942274,24.331847561321595,24.32300708796027,24.331847561321595,24.323925129006987,1.2400989269537996,10.58867207828451
sugar_box_yalehand0_drop60,156,1.7379163705919187,1.3235254377778525,14.45309135482205,11.191017369051167,0.7035483018581201,0.5447569016737607,0.9985082048731975,0.9985082048731975,-0.41439093281406625,-3.2620739857708827,MODE_3_RELOCALIZE,no_rollout,four_mode_relocalization_v2,,0,0,0,False,1,1,1.3235254377778525,0,0,restarted_se3,1,45.83028703927994,2.200325019657612,0,157,cache_read_only_not_online_fps,75af0ef3fc918763f0b62d63899bd6f7a427eaf26ec2562352624519f5cf2837,cached_perception_v2,1,1,1,1.2507866819144629,,1,2438.6904491111636,0,20.342519506812096,2438.6904491111636,2507.0635806769133,24.291575421243373,24.29472566245247,24.291575421243373,24.283682503521845,1.2507866819144629,10.502786741061813
sugar_box_yalehand0_drop60,157,1.7605906621292466,1.266743286110022,10.394878493917737,12.240774004554206,0.5060024138003769,0.5958570075363068,0.8,0.9985082048731975,-0.49384737601922457,1.8458955106364687,MODE_3_RELOCALIZE,no_rollout,four_mode_relocalization_v2,,0,0,0,False,1,1,1.266743286110022,0,0,restarted_se3,1,43.93946751952171,2.37356498837471,0,158,cache_read_only_not_online_fps,75af0ef3fc918763f0b62d63899bd6f7a427eaf26ec2562352624519f5cf2837,cached_perception_v2,1,1,1,1.2500280170322275,,1,2435.2387990802526,0,21.234974265098572,2435.2387990802526,2502.7868058532476,24.358499593286822,24.324704586552233,24.358499593286822,24.350535354666906,1.2500280170322275,10.417001367929458
sugar_box_yalehand0_drop60,158,1.501086565292967,1.2468560503404675,13.755678031258103,10.528837915558434,0.6695995813082469,0.5125232972086011,0.9985082048731975,0.9985082048731975,-0.2542305149524995,-3.2268401156996696,MODE_3_RELOCALIZE,no_rollout,four_mode_relocalization_v2,,0,0,0,False,1,1,1.2468560503404675,0,0,restarted_se3,1,45.21420784294605,2.3751696571707726,0,159,cache_read_only_not_online_fps,75af0ef3fc918763f0b62d63899bd6f7a427eaf26ec2562352624519f5cf2837,cached_perception_v2,1,1,1,1.5287295789340138,,1,2442.7834348753095,0,21.955288015305996,2442.7834348753095,2512.3281003907323,24.44918505506994,24.44448913331051,24.44918505506994,24.44147594478294,1.5287295789340138,10.512428004712675
sugar_box_yalehand0_drop60,159,1.7295192592479012,1.9190072511754273,7.492374915557808,10.814122032139275,0.3647141998425411,0.5264103716648614,0.8,0.9985082048731975,0.18948799192752608,3.3217471165814674,MODE_3_RELOCALIZE,no_rollout,four_mode_relocalization_v2,,0,0,0,False,1,1,1.7295192592479012,0,0,restarted_se3,1,43.70561335235834,2.4353377521038055,0,160,cache_read_only_not_online_fps,75af0ef3fc918763f0b62d63899bd6f7a427eaf26ec2562352624519f5cf2837,cached_perception_v2,1,1,1,1.2321681467215087,,1,2449.8507669195533,0,23.366003297269344,2449.8507669195533,2519.3577213212848,24.598559176896124,24.615835617292454,24.598559176896124,24.590783889132172,1.2321681467215087,10.5927939048515
sugar_box_yalehand0_drop60,160,1.6751260133103043,1.349312424266349,8.764233558392382,5.616191640053574,0.4266257982959264,0.27338525677769177,0.8,0.11650485436893204,-0.3258135890439553,-3.1480419183388078,MODE_2_PRIOR,no_rollout,four_mode_relocalization_v2,1.0,0,0,0,False,0,1,1.349312424266349,0,0,restarted_se3,0,47.268942929804325,2.2971676662564278,0,161,cache_read_only_not_online_fps,75af0ef3fc918763f0b62d63899bd6f7a427eaf26ec2562352624519f5cf2837,cached_perception_v2,0,0,0,,,0,0.0,0,19.303851760923862,2.083522267639637,70.95348462462425,25.137365006237644,25.13524733377767,25.137365006237644,25.129901991940034,1.349312424266349,11.125329166316291
sugar_box_yalehand0_drop60,161,1.8276495898536638,1.6796568191604897,11.35884169373033,7.455487175257172,0.5529262625211975,0.3629185765803082,0.9985082048731975,0.8,-0.14799277069317407,-3.903354518473158,MODE_3_RELOCALIZE,no_rollout,four_mode_relocalization_v2,,0,0,0,False,1,1,1.6796568191604897,0,0,restarted_se3,1,44.313717633485794,3.687409684062004,0,162,cache_read_only_not_online_fps,75af0ef3fc918763f0b62d63899bd6f7a427eaf26ec2562352624519f5cf2837,cached_perception_v2,1,1,1,1.2892379438914467,,1,2439.29972499609,0,21.110632456839085,2439.29972499609,2508.411484770477,25.761938395062888,25.716504667930877,25.761938395062888,25.754751900675338,1.2892379438914467,11.649463220201662
sugar_box_yalehand0_drop60,162,1.2459321388206046,0.8783626860637679,12.579829961406789,13.321036336931694,0.6123615903153348,0.6484420712328637,0.9985082048731975,0.9985082048731975,-0.3675694527568367,0.7412063755249054,MODE_3_RELOCALIZE,no_rollout,four_mode_relocalization_v2,,0,0,0,False,1,0,0.8783626860637679,0,0,restarted_se3,1,46.24395910650492,2.6537608355283737,0,163,cache_read_only_not_online_fps,75af0ef3fc918763f0b62d63899bd6f7a427eaf26ec2562352624519f5cf2837,cached_perception_v2,1,1,1,1.19988815196545,,1,2463.0335802212358,0,22.423583082854748,2463.0335802212358,2534.354883246124,26.466635724452832,26.487642182402993,26.466635724452832,26.459471518956594,1.19988815196545,12.285154991320555
sugar_box_yalehand0_drop60,163,1.646190487057441,1.3788315855947115,15.908317203639871,8.563918075426832,0.7743858583103069,0.41687483122483804,0.9985082048731975,0.8,-0.26735890146272956,-7.344399128213039,MODE_3_RELOCALIZE,no_rollout,four_mode_relocalization_v2,,0,0,0,False,1,1,1.3788315855947115,0,0,restarted_se3,1,46.25667538493872,2.2269468754529953,0,164,cache_read_only_not_online_fps,75af0ef3fc918763f0b62d63899bd6f7a427eaf26ec2562352624519f5cf2837,cached_perception_v2,1,1,1,1.3080842676925173,,1,2441.817995160818,0,23.48787523806095,2441.817995160818,2513.7894926592708,27.085602904432704,27.05728406493545,27.085602904432704,27.078751562273794,1.3080842676925173,12.786503248559974
sugar_box_yalehand0_drop60,164,1.2213819882024035,1.038383344969727,14.30892354441515,14.388133205163237,0.6965304939923629,0.7003862658090603,0.9985082048731975,0.9985082048731975,-0.18299864323267645,0.07920966074808788,MODE_3_RELOCALIZE,no_rollout,four_mode_relocalization_v2,,0,0,0,False,1,1,1.038383344969727,0,0,restarted_se3,1,46.46783322095871,2.057058736681938,0,165,cache_read_only_not_online_fps,75af0ef3fc918763f0b62d63899bd6f7a427eaf26ec2562352624519f5cf2837,cached_perception_v2,1,1,1,1.006175326317556,,1,2440.4562981799245,0,23.042283952236176,2440.4562981799245,2512.0234740898013,28.50055757222712,28.507582571679745,28.50055757222712,28.494122563026238,1.006175326317556,14.181014501314465
sugar_box_yalehand0_drop60,165,1.5409858127909257,1.1035957296978938,7.061529306437721,7.03325381168184,0.3437414757921715,0.3423650798481259,0.6923076923076923,0.5901639344262295,-0.43739008309303196,-0.028275494755880537,MODE_2_PRIOR,no_rollout,four_mode_relocalization_v2,1.0,0,0,0,False,0,1,1.1035957296978938,0,0,restarted_se3,0,48.13493601977825,2.142133191227913,0,166,cache_read_only_not_online_fps,75af0ef3fc918763f0b62d63899bd6f7a427eaf26ec2562352624519f5cf2837,cached_perception_v2,0,0,0,,,0,0.0,0,22.704795002937317,2.7305670082569122,75.7124312222004,28.848691265157573,28.854403456794387,28.848691265157573,28.842293357151622,1.1035957296978938,14.37358251682748
sugar_box_yalehand0_drop60,166,1.852570612481264,1.168587280787954,9.372475702395082,9.850764995283411,0.4562338397194569,0.47951602977468255,0.8,0.8,-0.6839833316933099,0.4782892928883289,MODE_3_RELOCALIZE,no_rollout,four_mode_relocalization_v2,,0,0,0,False,1,1,1.168587280787954,0,0,restarted_se3,1,47.887823544442654,3.086421638727188,0,167,cache_read_only_not_online_fps,75af0ef3fc918763f0b62d63899bd6f7a427eaf26ec2562352624519f5cf2837,cached_perception_v2,1,1,1,1.1503718300397459,,1,2438.4138071909547,0,15.243220143020153,2438.4138071909547,2504.6312725171447,28.855812826562243,28.86926934353597,28.855812826562243,28.849334880270742,1.1503718300397459,14.378918502752894
sugar_box_yalehand0_drop60,167,1.542806795053517,1.0574253827567999,12.02673323340346,10.52416025771485,0.5854379202023525,0.51229559794678,0.9985082048731975,0.9985082048731975,-0.48538141229671705,-1.5025729756886097,MODE_3_RELOCALIZE,no_rollout,four_mode_relocalization_v2,,0,0,0,False,1,1,1.0574253827567999,0,0,restarted_se3,1,44.34247873723507,1.583535224199295,0,168,cache_read_only_not_online_fps,75af0ef3fc918763f0b62d63899bd6f7a427eaf26ec2562352624519f5cf2837,cached_perception_v2,1,1,1,0.7058502040842078,,1,2441.878498531878,0,22.32456672936678,2441.878498531878,2510.129079222679,29.766549910168344,29.779210523750148,29.766549910168344,29.760172071309043,0.7058502040842078,15.224553373351501
sugar_box_yalehand0_drop60,168,1.242318100334192,0.990623847326592,6.464583668557445,4.884423999488179,0.31468332625711304,0.237764235071305,0.4393939393939394,0.05,-0.25169425300760007,-1.5801596690692659,MODE_4_TRUSTED_FUSION,no_rollout,four_mode_relocalization_v2,0.5694941772935272,0,0,0,False,0,0,0.990623847326592,0,0,restarted_se3,0,48.70054963976145,4.743220284581184,0,169,cache_read_only_not_online_fps,75af0ef3fc918763f0b62d63899bd6f7a427eaf26ec2562352624519f5cf2837,cached_perception_v2,0,0,0,,,0,0.0,0,21.100196987390518,2.1197600290179253,76.66372694075108,29.91334747585837,29.929769463774146,29.91334747585837,29.907134984237416,3.608037452479455,15.392856717214364
sugar_box_yalehand0_drop60,169,2.0989742566043663,1.5283291124251106,11.032364607996632,12.27780721811295,0.5370339946579007,0.5976597121530537,0.9985082048731975,0.9985082048731975,-0.5706451441792557,1.2454426101163172,MODE_3_RELOCALIZE,no_rollout,four_mode_relocalization_v2,,0,0,0,False,1,1,1.5283291124251106,0,0,restarted_se3,1,46.79464176297188,3.901014104485512,0,170,cache_read_only_not_online_fps,75af0ef3fc918763f0b62d63899bd6f7a427eaf26ec2562352624519f5cf2837,cached_perception_v2,1,1,1,1.5228230029384677,,1,2443.161345086992,0,20.32908983528614,2443.161345086992,2514.1860907897353,29.711820573779868,29.65416743576972,29.711820573779868,29.705698514714406,1.5228230029384677,15.100335084760113
sugar_box_yalehand0_drop60,170,1.8689815994437302,3.438432167141618,13.379984304049598,19.94800989318234,0.6513115433164227,0.9710302205427532,0.9985082048731975,0.9985082048731975,1.5694505676978878,6.568025589132743,MODE_3_RELOCALIZE,no_rollout,four_mode_relocalization_v2,,0,0,0,False,1,1,1.8689815994437302,0,0,restarted_se3,1,47.01526649296284,2.6191789656877518,0,171,cache_read_only_not_online_fps,75af0ef3fc918763f0b62d63899bd6f7a427eaf26ec2562352624519f5cf2837,cached_perception_v2,1,1,1,1.5584821401691518,,1,2444.604767486453,0,22.302644327282906,2444.604767486453,2516.5418572723866,29.862079902960243,29.819255958371027,29.862079902960243,29.856143148589105,1.5584821401691518,15.246579307150979
sugar_box_yalehand0_drop60,171,1.8728574330696697,1.5783222882217391,9.275954893781341,9.460952059202414,0.4515353949835137,0.46054069622912835,0.8,0.8,-0.29453514484793053,0.18499716542107336,MODE_3_RELOCALIZE,no_rollout,four_mode_relocalization_v2,,0,0,0,False,1,1,1.5783222882217391,0,0,restarted_se3,1,47.5279726088047,2.7004899457097054,0,172,cache_read_only_not_online_fps,75af0ef3fc918763f0b62d63899bd6f7a427eaf26ec2562352624519f5cf2837,cached_perception_v2,1,1,1,1.4715949078633834,,1,2441.4212349802256,0,25.07086005061865,2441.4212349802256,2516.7205575853586,29.931776725527477,29.90242494593768,29.931776725527477,29.925742538733857,1.4715949078633834,15.337936689550974
sugar_box_yalehand0_drop60,172,1.7960666126784288,1.3953753989097184,13.205138692749344,9.841471352424623,0.6428003999286382,0.4790636333640562,0.9985082048731975,0.8,-0.4006912137687104,-3.363667340324721,MODE_3_RELOCALIZE,no_rollout,four_mode_relocalization_v2,,0,0,0,False,1,1,1.3953753989097184,0,0,restarted_se3,1,45.01212574541569,2.2149551659822464,0,173,cache_read_only_not_online_fps,75af0ef3fc918763f0b62d63899bd6f7a427eaf26ec2562352624519f5cf2837,cached_perception_v2,1,1,1,1.556297701386492,,1,2441.8530352413654,0,24.1007125005126,2441.8530352413654,2513.180828653276,29.87107777395639,29.910116007724064,29.87107777395639,29.865039932138572,1.556297701386492,15.417595656546581
sugar_box_yalehand0_drop60,173,1.9666894882352182,1.7019358732919025,13.538321833449668,8.87815045694239,0.6590191054700836,0.4321710507654656,0.9985082048731975,0.8,-0.2647536149433156,-4.660171376507279,MODE_3_RELOCALIZE,no_rollout,four_mode_relocalization_v2,,0,0,0,False,1,1,1.7019358732919025,0,0,restarted_se3,1,44.42489892244339,2.2827433422207832,0,174,cache_read_only_not_online_fps,75af0ef3fc918763f0b62d63899bd6f7a427eaf26ec2562352624519f5cf2837,cached_perception_v2,1,1,1,1.5951761335974952,,1,2445.4962965101004,0,20.334205590188503,2445.4962965101004,2512.538144364953,29.906099949426263,29.890178911477832,29.906099949426263,29.90018185726312,1.5951761335974952,15.481997173105624
sugar_box_yalehand0_drop60,174,1.8420688903538713,1.5683713785647309,8.625803574636569,5.907505766815412,0.41988729664208085,0.287565860370306,0.8,0.14634146341463414,-0.2736975117891405,-2.7182978078211573,MODE_2_PRIOR,no_rollout,four_mode_relocalization_v2,1.0,0,0,0,False,0,1,1.5683713785647309,0,0,restarted_se3,0,46.63196858018637,3.2149534672498703,0,175,cache_read_only_not_online_fps,75af0ef3fc918763f0b62d63899bd6f7a427eaf26ec2562352624519f5cf2837,cached_perception_v2,0,0,0,,,0,0.0,0,20.902707241475582,2.7575595304369926,73.50718881934881,29.953228787373178,29.987844849904878,29.953228787373178,29.947281198321246,1.5683713785647309,15.75507425569809
sugar_box_yalehand0_drop60,175,1.7424018710467388,1.62124880818004,6.527823540398956,4.897444316854741,0.31776171989287844,0.238398038729499,0.4393939393939394,0.05,-0.1211530628666988,-1.6303792235442156,MODE_4_TRUSTED_FUSION,no_rollout,four_mode_relocalization_v2,0.5712250357037701,0,0,0,False,0,1,1.62124880818004,0,0,restarted_se3,0,44.334095902740955,4.341380670666695,0,176,cache_read_only_not_online_fps,75af0ef3fc918763f0b62d63899bd6f7a427eaf26ec2562352624519f5cf2837,cached_perception_v2,0,0,0,,,0,0.0,0,20.532318390905857,3.1996583566069603,72.40745332092047,30.29432721731768,30.31139210996563,30.29432721731768,30.288325395708437,1.6265511444228171,16.257218833781433
sugar_box_yalehand0_drop60,176,1.829192433015427,1.638286821675205,12.118027969957813,9.724309296756317,0.589881969941924,0.4733604129744513,0.9985082048731975,0.8,-0.1909056113402221,-2.393718673201496,MODE_3_RELOCALIZE,no_rollout,four_mode_relocalization_v2,,0,0,0,False,1,1,1.638286821675205,0,0,restarted_se3,1,47.08838649094105,4.908708855509758,0,177,cache_read_only_not_online_fps,75af0ef3fc918763f0b62d63899bd6f7a427eaf26ec2562352624519f5cf2837,cached_perception_v2,1,1,1,1.3969720773917038,,1,2436.8567559868097,0,21.4438084512949,2436.8567559868097,2510.2976597845554,30.37721991646588,30.32632074676292,30.37721991646588,30.371292692397343,1.3969720773917038,16.4590515544541
sugar_box_yalehand0_drop60,177,1.4661306489820831,0.6085350278072826,11.561648331909156,5.866003326912323,0.562798494170011,0.285545602530654,0.9985082048731975,0.14634146341463414,-0.8575956211748005,-5.695645004996833,MODE_2_PRIOR,no_rollout,four_mode_relocalization_v2,1.0,0,0,0,False,0,0,0.6085350278072826,0,0,restarted_se3,0,43.97844336926937,2.523297443985939,0,178,cache_read_only_not_online_fps,75af0ef3fc918763f0b62d63899bd6f7a427eaf26ec2562352624519f5cf2837,cached_perception_v2,0,0,0,,,0,0.0,0,21.788401529192924,2.6894109323620796,70.97955327481031,31.931517171306123,31.881521263999517,31.931517171306123,31.92554075232498,0.6085350278072826,18.045612579237506
sugar_box_yalehand0_drop60,178,1.8771613877319755,0.6318795847147028,11.567470722303476,4.4550272672321505,0.5630819167800336,0.21686203952119085,0.9985082048731975,0.05,-1.2452818030172725,-7.112443455071325,MODE_2_PRIOR,no_rollout,four_mode_relocalization_v2,1.0,0,0,0,False,0,0,0.6318795847147028,0,0,restarted_se3,0,47.028087079524994,3.857770934700966,0,179,cache_read_only_not_online_fps,75af0ef3fc918763f0b62d63899bd6f7a427eaf26ec2562352624519f5cf2837,cached_perception_v2,0,0,0,,,0,0.0,0,20.523197948932648,2.782347612082958,74.19140357524157,32.28334546378913,32.26149484571413,32.28334546378913,32.277258563328616,0.6318795847147028,18.63826917350322
sugar_box_yalehand0_drop60,179,2.0100889085150095,0.6138522179026982,3.6910355571648394,0.0,0.1796724129523248,0.0,0.041666666666666664,0.0034344590726960505,-1.3962366906123114,-3.6910355571648394,MODE_4_TRUSTED_FUSION,no_rollout,four_mode_relocalization_v2,0.75,0,0,0,False,0,0,0.6138522179026982,0,0,restarted_se3,0,47.0719188451767,4.004264250397682,0,180,cache_read_only_not_online_fps,75af0ef3fc918763f0b62d63899bd6f7a427eaf26ec2562352624519f5cf2837,cached_perception_v2,0,0,0,,,0,0.0,0,20.944401621818542,3.116583451628685,75.1371681690216,32.7405231362308,32.79371467766691,32.7405231362308,32.73470665124587,0.8641805925074554,19.320420020616677
sugar_box_yalehand0_drop60,180,2.0522960262400485,1.0837270437184692,3.6227737834023324,1.590170769325479,0.17634956292436785,0.07740641202341142,0.041666666666666664,0.041666666666666664,-0.9685689825215793,-2.0326030140768534,MODE_4_TRUSTED_FUSION,no_rollout,four_mode_relocalization_v2,0.694212168082051,0,0,0,False,0,1,1.0837270437184692,0,0,restarted_se3,0,47.34644666314125,4.393566399812698,0,181,cache_read_only_not_online_fps,75af0ef3fc918763f0b62d63899bd6f7a427eaf26ec2562352624519f5cf2837,cached_perception_v2,0,0,0,,,0,0.0,0,20.756510086357594,3.2371515408158302,75.73367469012737,33.3260113479139,33.35734016183331,33.3260113479139,33.32029702446508,1.3903326265414282,20.15716416818153
sugar_box_yalehand0_drop60,181,2.182227184738785,2.0072670162257884,9.502818227604642,3.7898686406894773,0.46257865966280354,0.1844834147217118,0.8,0.041666666666666664,-0.17496016851299645,-5.712949586915165,MODE_2_PRIOR,no_rollout,four_mode_relocalization_v2,1.0,0,0,0,False,0,1,2.0072670162257884,0,0,restarted_se3,0,43.43195538967848,3.892296925187111,0,182,cache_read_only_not_online_fps,75af0ef3fc918763f0b62d63899bd6f7a427eaf26ec2562352624519f5cf2837,cached_perception_v2,0,0,0,,,0,0.0,0,20.490972325205803,1.4001242816448212,69.21534892171621,33.86174112263781,33.847569539622725,33.86174112263781,33.85634221276974,2.0072670162257884,20.915591043520266
sugar_box_yalehand0_drop60,182,2.125191071688306,2.388424881166961,7.255189234785033,11.033600554501728,0.35316846344358904,0.537094158123522,0.8,0.9985082048731975,0.2632338094786548,3.778411319716695,MODE_3_RELOCALIZE,no_rollout,four_mode_relocalization_v2,,0,0,0,False,1,1,2.125191071688306,0,0,restarted_se3,1,46.38294130563736,3.685503266751766,0,183,cache_read_only_not_online_fps,75af0ef3fc918763f0b62d63899bd6f7a427eaf26ec2562352624519f5cf2837,cached_perception_v2,1,1,1,1.3641278703116162,,1,2446.229014545679,0,20.24427056312561,2446.229014545679,2516.541729681194,34.54050730001419,34.532508981303124,34.54050730001419,34.53510564348971,1.3641278703116162,21.923014974417807
sugar_box_yalehand0_drop60,183,1.7661561592528248,1.4985859730627462,1.6383586361494435,9.265269363158284,0.07975210340817213,0.451015244190874,0.041666666666666664,0.8,-0.26757018619007855,7.62691072700884,MODE_1_ACCEPT,no_rollout,four_mode_relocalization_v2,0.0,0,0,0,False,0,1,1.4985859730627462,0,0,restarted_se3,0,45.736915431916714,2.2641606628894806,0,184,cache_read_only_not_online_fps,75af0ef3fc918763f0b62d63899bd6f7a427eaf26ec2562352624519f5cf2837,cached_perception_v2,0,0,0,,,0,0.0,0,20.741461776196957,1.4708265662193298,70.21336443722248,35.25361437236253,35.20363973513024,35.25361437236253,35.248197879076734,1.7661561592528248,22.977899653778554
sugar_box_yalehand0_drop60,184,1.7981053023023184,2.0754756287535763,4.824294422144719,9.046172817002178,0.23483724450625032,0.44035005158903806,0.05,0.8,0.2773703264512579,4.221878394857459,MODE_1_ACCEPT,no_rollout,four_mode_relocalization_v2,0.0,0,0,0,False,0,1,1.7981053023023184,0,0,restarted_se3,0,45.212397351861,3.923201933503151,0,185,cache_read_only_not_online_fps,75af0ef3fc918763f0b62d63899bd6f7a427eaf26ec2562352624519f5cf2837,cached_perception_v2,0,0,0,,,0,0.0,0,21.04737889021635,1.4392612501978874,71.62223942577839,36.2603609138077,36.16048910255463,36.2603609138077,36.255134303315295,1.7981053023023184,24.20070512521862
sugar_box_yalehand0_drop60,185,1.7909371136774745,1.857810958211004,5.438210410678826,6.5096900186731395,0.26472147761687936,0.31687901541784935,0.11650485436893204,0.4393939393939394,0.06687384453352951,1.0714796079943136,MODE_4_TRUSTED_FUSION,no_rollout,four_mode_relocalization_v2,0.45523527228859423,0,0,0,False,0,1,1.7909371136774745,0,0,restarted_se3,0,42.88809280842543,2.97527015209198,0,186,cache_read_only_not_online_fps,75af0ef3fc918763f0b62d63899bd6f7a427eaf26ec2562352624519f5cf2837,cached_perception_v2,0,0,0,,,0,0.0,0,20.471803843975067,1.8598437309265137,68.19501053541899,37.206081360842816,37.140706150824776,37.206081360842816,37.200881121809566,1.8125355733774824,25.5107959276518
sugar_box_yalehand0_drop60,186,1.7413381226165596,1.7558019903373603,0.0,0.0,0.0,0.0,0.0034344590726960505,0.0034344590726960505,0.01446386772080066,0.0,MODE_4_TRUSTED_FUSION,no_rollout,four_mode_relocalization_v2,0.5,0,0,0,False,0,1,1.7413381226165596,0,0,restarted_se3,0,47.953445464372635,3.666786476969719,0,187,cache_read_only_not_online_fps,75af0ef3fc918763f0b62d63899bd6f7a427eaf26ec2562352624519f5cf2837,cached_perception_v2,0,0,0,,,0,0.0,0,21.27312868833542,1.7564063891768456,74.64976701885462,37.7878485942107,37.80564864771778,37.7878485942107,37.783020277828506,1.7486833300077016,26.26920947783565
sugar_box_yalehand0_drop60,187,1.8630534157358971,1.7104048446924414,0.0,1.229054921369978,0.0,0.05982799676497719,0.0034344590726960505,0.041666666666666664,-0.15264857104345575,1.229054921369978,MODE_4_TRUSTED_FUSION,no_rollout,four_mode_relocalization_v2,0.25,0,0,0,False,0,1,1.7104048446924414,0,0,restarted_se3,0,45.439520850777626,4.175291396677494,0,188,cache_read_only_not_online_fps,75af0ef3fc918763f0b62d63899bd6f7a427eaf26ec2562352624519f5cf2837,cached_perception_v2,0,0,0,,,0,0.0,0,20.81312984228134,1.75491813570261,72.18286022543907,38.679826693677505,38.74507960346313,38.679826693677505,38.6751717580112,1.8255981908364836,27.534910507665057
sugar_box_yalehand0_drop60,188,1.7636490872181048,2.0183975154436853,9.28144703420935,8.596748589308563,0.4518027416692041,0.418472956617086,0.8,0.8,0.2547484282255805,-0.6846984449007874,MODE_3_RELOCALIZE,no_rollout,four_mode_relocalization_v2,,0,0,0,False,1,1,1.7636490872181048,0,0,restarted_se3,1,46.27407994121313,3.5721715539693832,0,189,cache_read_only_not_online_fps,75af0ef3fc918763f0b62d63899bd6f7a427eaf26ec2562352624519f5cf2837,cached_perception_v2,1,1,1,1.19635170124183,,1,2446.0249189287424,0,21.35513164103031,2446.0249189287424,2517.2263020649552,39.187290005441945,39.15994652075501,39.187290005441945,39.18248257812784,1.19635170124183,28.322481943050104
sugar_box_yalehand0_drop60,189,1.3578960175428847,1.223550777749107,0.4175955859635895,3.906849551518275,0.020327738762275838,0.190177817333784,0.008333333333333333,0.041666666666666664,-0.13434523979377766,3.4892539655546853,MODE_4_TRUSTED_FUSION,no_rollout,four_mode_relocalization_v2,0.25,0,0,0,False,0,1,1.223550777749107,0,0,restarted_se3,0,46.78835440427065,2.5529051199555397,0,190,cache_read_only_not_online_fps,75af0ef3fc918763f0b62d63899bd6f7a427eaf26ec2562352624519f5cf2837,cached_perception_v2,0,0,0,,,0,0.0,0,20.884261466562748,1.890944316983223,72.11646530777216,39.35298646637278,39.358220535367366,39.35298646637278,39.34832434444119,1.2694744642256532,28.912349943759402
sugar_box_yalehand0_drop60,190,1.4492138134910824,1.2827032918458543,4.327588329938455,8.28357333091131,0.2106585605752372,0.4032281957683383,0.04838709677419355,0.8,-0.16651052164522806,3.9559850009728548,MODE_1_ACCEPT,no_rollout,four_mode_relocalization_v2,0.0,0,0,0,False,0,1,1.2827032918458543,0,0,restarted_se3,0,46.737668104469776,4.469512961804867,0,191,cache_read_only_not_online_fps,75af0ef3fc918763f0b62d63899bd6f7a427eaf26ec2562352624519f5cf2837,cached_perception_v2,0,0,0,,,0,0.0,0,21.14745043218136,1.4283368363976479,73.78296833485365,39.5844540838813,39.55156126089923,39.5844540838813,39.57981903543041,1.4492138134910824,29.397057270554576
sugar_box_yalehand0_drop60,191,1.5947482673985498,1.9146410013386894,9.44940250450058,6.718616422606558,0.45997848642928635,0.32704914532930524,0.8,0.5901639344262295,0.3198927339401396,-2.7307860818940215,MODE_2_PRIOR,no_rollout,four_mode_relocalization_v2,1.0,0,0,0,False,0,1,1.5947482673985498,0,0,restarted_se3,0,46.8877088278532,4.097742959856987,0,192,cache_read_only_not_online_fps,75af0ef3fc918763f0b62d63899bd6f7a427eaf26ec2562352624519f5cf2837,cached_perception_v2,0,0,0,,,0,0.0,0,19.73136141896248,1.3807239010930061,72.09753710776567,39.41239766265128,39.51793658475607,39.41239766265128,39.40766047252192,1.9146410013386894,29.752100170658384
sugar_box_yalehand0_drop60,192,1.4867328842752778,2.4620527437850646,5.1590717865247715,7.7736062493039055,0.2511335537474938,0.37840399273382785,0.11650485436893204,0.8,0.9753198595097867,2.614534462779134,MODE_1_ACCEPT,no_rollout,four_mode_relocalization_v2,0.0,0,0,0,False,0,1,1.4867328842752778,0,0,restarted_se3,0,45.333546586334705,4.173038527369499,0,193,cache_read_only_not_online_fps,75af0ef3fc918763f0b62d63899bd6f7a427eaf26ec2562352624519f5cf2837,cached_perception_v2,0,0,0,,,0,0.0,0,20.83389274775982,1.4054086059331894,71.74588646739721,39.36156225224489,39.452587985487895,39.36156225224489,39.35651860856937,1.4867328842752778,30.109566391393805
sugar_box_yalehand0_drop60,193,1.650889476715216,1.3581475503453009,0.0,2.1279813901636007,0.0,0.10358598424936866,0.0034344590726960505,0.041666666666666664,-0.29274192636991514,2.1279813901636007,MODE_4_TRUSTED_FUSION,no_rollout,four_mode_relocalization_v2,0.25,0,0,0,False,0,1,1.3581475503453009,0,0,restarted_se3,0,45.32427527010441,3.7036342546343803,0,194,cache_read_only_not_online_fps,75af0ef3fc918763f0b62d63899bd6f7a427eaf26ec2562352624519f5cf2837,cached_perception_v2,0,0,0,,,0,0.0,0,21.400260739028454,1.8319059163331985,72.26007618010044,39.353382601012434,39.41171330637698,39.353382601012434,39.34791512681415,1.5487158302614201,30.652319971142155
sugar_box_yalehand0_drop60,194,1.5455891904235,1.5231263037679073,0.0,0.0,0.0,0.0,0.0034344590726960505,0.0034344590726960505,-0.022462886655592706,0.0,MODE_4_TRUSTED_FUSION,no_rollout,four_mode_relocalization_v2,0.5,0,0,0,False,0,1,1.5231263037679073,0,0,restarted_se3,0,45.05992028862238,4.577413201332092,0,195,cache_read_only_not_online_fps,75af0ef3fc918763f0b62d63899bd6f7a427eaf26ec2562352624519f5cf2837,cached_perception_v2,0,0,0,,,0,0.0,0,20.50870656967163,1.9759824499487877,72.12202250957489,39.58054508638716,39.50289472467185,39.58054508638716,39.57511283264736,1.5502710181831363,31.072124854433607
sugar_box_yalehand0_drop60,195,1.7298457843864217,1.3889962719974298,3.403611756698032,0.0,0.16568118285714084,0.0,0.041666666666666664,0.0034344590726960505,-0.34084951238899186,-3.403611756698032,MODE_4_TRUSTED_FUSION,no_rollout,four_mode_relocalization_v2,0.75,0,0,0,False,0,1,1.3889962719974298,0,0,restarted_se3,0,45.67269794642925,4.252640530467033,0,196,cache_read_only_not_online_fps,75af0ef3fc918763f0b62d63899bd6f7a427eaf26ec2562352624519f5cf2837,cached_perception_v2,0,0,0,,,0,0.0,0,20.735801197588444,1.7935000360012054,72.45463971048594,40.38242228848268,40.28570792280004,40.38242228848268,40.37681949361028,1.456158145279673,32.160785692639756
sugar_box_yalehand0_drop60,196,1.4589257173050767,1.4506460789119724,0.0,0.0,0.0,0.0,0.0034344590726960505,0.0034344590726960505,-0.008279638393104305,0.0,MODE_4_TRUSTED_FUSION,no_rollout,four_mode_relocalization_v2,0.5,0,0,0,False,0,1,1.4506460789119724,0,0,restarted_se3,0,46.18906695395708,4.274275153875351,0,197,cache_read_only_not_online_fps,75af0ef3fc918763f0b62d63899bd6f7a427eaf26ec2562352624519f5cf2837,cached_perception_v2,0,0,0,,,0,0.0,0,20.09056694805622,1.809929497539997,72.36383855342865,40.90970531833802,40.86395716283267,40.90970531833802,40.904111680195776,1.4447581649434418,32.892972702308434
sugar_box_yalehand0_drop60,197,1.4615694263781642,1.5651373203567551,1.2639056674059062,5.559765391274778,0.061524463118791894,0.27063853702522156,0.041666666666666664,0.11650485436893204,0.1035678939785909,4.2958597238688725,MODE_4_TRUSTED_FUSION,no_rollout,four_mode_relocalization_v2,0.25,0,0,0,False,0,1,1.4615694263781642,0,0,restarted_se3,0,44.79374457150698,4.045912064611912,0,198,cache_read_only_not_online_fps,75af0ef3fc918763f0b62d63899bd6f7a427eaf26ec2562352624519f5cf2837,cached_perception_v2,0,0,0,,,0,0.0,0,20.591980777680874,1.8022088333964348,71.2338462471962,40.89412282063585,40.902556858167486,40.89412282063585,40.88828041837994,1.4329039523663716,33.10815477167497
sugar_box_yalehand0_drop60,198,0.9030839473532632,0.8697899760684126,16.55547592440798,14.017340948382797,0.8058882827986964,0.6823368218392079,0.9985082048731975,0.9985082048731975,-0.033293971284850676,-2.538134976025182,MODE_3_RELOCALIZE,no_rollout,four_mode_relocalization_v2,,0,0,0,False,1,0,0.8697899760684126,0,0,restarted_se3,1,46.886724419891834,4.683983512222767,0,199,cache_read_only_not_online_fps,75af0ef3fc918763f0b62d63899bd6f7a427eaf26ec2562352624519f5cf2837,cached_perception_v2,1,1,1,0.3089932105311734,,1,2449.2195267230272,0,20.895752124488354,2449.2195267230272,2521.68598677963,42.77652981237094,42.7657701701991,42.77652981237094,42.77023684685951,0.3089932105311734,35.02069570961368
sugar_box_yalehand0_drop60,199,0.7259767816222549,0.6992582755712274,9.259712544791833,7.822253012914264,0.45074474910927015,0.3807720223192454,0.8,0.8,-0.026718506051027435,-1.4374595318775691,MODE_3_RELOCALIZE,no_rollout,four_mode_relocalization_v2,,0,0,0,False,1,0,0.6992582755712274,0,0,restarted_se3,1,50.03884807229042,2.2227903828024864,0,200,cache_read_only_not_online_fps,75af0ef3fc918763f0b62d63899bd6f7a427eaf26ec2562352624519f5cf2837,cached_perception_v2,1,1,1,0.5706243234620666,,1,2448.2365138828754,0,20.467231050133705,2448.2365138828754,2520.965383388102,42.56673597736537,42.56270744036201,42.56673597736537,42.56051648377022,0.5706243234620666,34.96023593859866
sugar_box_yalehand0_drop60,200,0.9127303083467339,0.7945395241130486,7.631891310667775,7.55899780224978,0.3715055858824719,0.3679572720439345,0.8,0.8,-0.11819078423368523,-0.07289350841799447,MODE_3_RELOCALIZE,no_rollout,four_mode_relocalization_v2,,0,0,0,False,1,0,0.7945395241130486,0,0,restarted_se3,1,46.60769831389189,2.189311198890209,0,201,cache_read_only_not_online_fps,75af0ef3fc918763f0b62d63899bd6f7a427eaf26ec2562352624519f5cf2837,cached_perception_v2,1,1,1,0.5477818510689713,,1,2441.1074742674828,0,21.29448764026165,2441.1074742674828,2511.1989714205265,42.721945485953384,42.7184118077056,42.721945485953384,42.715557203353235,0.5477818510689713,35.22321192445296
sugar_box_yalehand0_drop60,201,0.5840656805349907,0.5187146573199501,11.855582042926438,12.334254599885195,0.5771066140156709,0.6004074606184331,0.9985082048731975,0.9985082048731975,-0.0653510232150406,0.47867255695875777,MODE_3_RELOCALIZE,no_rollout,four_mode_relocalization_v2,,0,0,0,False,1,0,0.5187146573199501,0,0,restarted_se3,1,42.63012483716011,2.0804330706596375,0,202,cache_read_only_not_online_fps,75af0ef3fc918763f0b62d63899bd6f7a427eaf26ec2562352624519f5cf2837,cached_perception_v2,1,1,1,0.5185195302315055,,1,2445.3693283721805,0,21.29779662936926,2445.3693283721805,2511.3776829093695,42.78695042826049,42.753462027753734,42.78695042826049,42.780474406582236,0.5185195302315055,35.274908776551186
sugar_box_yalehand0_drop60,202,0.8333267161146857,0.4786457674027587,2.2728099624406144,0.6491880100400168,0.1106359567143966,0.03160120633278385,0.041666666666666664,0.008333333333333333,-0.35468094871192696,-1.6236219524005975,MODE_4_TRUSTED_FUSION,no_rollout,four_mode_relocalization_v2,0.75,0,0,0,False,0,0,0.4786457674027587,0,0,restarted_se3,0,44.36077177524567,2.8465352952480316,0,203,cache_read_only_not_online_fps,75af0ef3fc918763f0b62d63899bd6f7a427eaf26ec2562352624519f5cf2837,cached_perception_v2,0,0,0,,,0,0.0,0,21.820126101374626,3.544728271663189,72.57216144353151,43.0694322959561,42.95498526005032,43.0694322959561,43.063012505706496,0.5592973940195496,35.38955410901537
sugar_box_yalehand0_drop60,203,1.108574976407067,0.6104854113989326,6.852694966221757,4.35861946492995,0.33357582736294583,0.21216909571211728,0.5901639344262295,0.05,-0.4980895650081343,-2.4940755012918077,MODE_4_TRUSTED_FUSION,no_rollout,four_mode_relocalization_v2,0.6110322178486127,0,0,0,False,0,0,0.6104854113989326,0,0,restarted_se3,0,45.57391256093979,4.410266876220703,0,204,cache_read_only_not_online_fps,75af0ef3fc918763f0b62d63899bd6f7a427eaf26ec2562352624519f5cf2837,cached_perception_v2,0,0,0,,,0,0.0,0,22.472795099020004,3.2049352303147316,75.66190976649523,43.160493822014466,43.114641641059976,43.160493822014466,43.154173255805475,0.800142906534026,35.37287206548241
sugar_box_yalehand0_drop60,204,1.1427883557251965,1.0582770381146986,7.20506993278799,9.80035218504319,0.35072875356113753,0.47706203248333,0.8,0.8,-0.0845113176104979,2.5952822522552,MODE_3_RELOCALIZE,no_rollout,four_mode_relocalization_v2,,0,0,0,False,1,1,1.0582770381146986,0,0,restarted_se3,1,47.027685679495335,3.7930943071842194,0,205,cache_read_only_not_online_fps,75af0ef3fc918763f0b62d63899bd6f7a427eaf26ec2562352624519f5cf2837,cached_perception_v2,1,1,1,0.511332881308894,,1,2443.634352646768,0,21.44570555537939,2443.634352646768,2515.900838188827,43.040797657665756,43.17384923559838,43.040797657665756,43.03445987830436,0.511332881308894,35.38339043031849
sugar_box_yalehand0_drop60,205,0.8773626200434675,0.37930218675836863,7.375400285394815,3.739694594693232,0.3590201029610322,0.18204104000813662,0.8,0.041666666666666664,-0.4980604332850989,-3.6357056907015832,MODE_2_PRIOR,no_rollout,four_mode_relocalization_v2,1.0,0,0,0,False,0,0,0.37930218675836863,0,0,restarted_se3,0,47.403027303516865,2.6778569445014,0,206,cache_read_only_not_online_fps,75af0ef3fc918763f0b62d63899bd6f7a427eaf26ec2562352624519f5cf2837,cached_perception_v2,0,0,0,,,0,0.0,0,21.26530185341835,2.7114618569612503,74.05764795839787,43.07556299675645,43.23346225316254,43.07556299675645,43.06912622930114,0.37930218675836863,35.5667264926516
sugar_box_yalehand0_drop60,206,1.237164967187059,0.54440083421582,5.2348746299349465,5.74963974183149,0.2548234883398917,0.279881250132132,0.11650485436893204,0.14634146341463414,-0.6927641329712391,0.5147651118965433,MODE_4_TRUSTED_FUSION,no_rollout,four_mode_relocalization_v2,0.4766111845327204,0,0,0,False,0,0,0.54440083421582,0,0,restarted_se3,0,46.42771743237972,4.246066324412823,0,207,cache_read_only_not_online_fps,75af0ef3fc918763f0b62d63899bd6f7a427eaf26ec2562352624519f5cf2837,cached_perception_v2,0,0,0,,,0,0.0,0,21.0019638761878,3.076511435210705,74.75225906819105,42.99558991452117,43.072518533964995,42.99558991452117,42.98901402348025,0.6806353609193725,35.58793806299294
sugar_box_yalehand0_drop60,207,1.321182626384854,1.0805096208041451,18.497663144161038,10.511662176787253,0.9004301691538201,0.5116872157400099,0.9985082048731975,0.9985082048731975,-0.24067300558070892,-7.986000967373785,MODE_3_RELOCALIZE,no_rollout,four_mode_relocalization_v2,,0,0,0,False,1,1,1.0805096208041451,0,0,restarted_se3,1,49.52710494399071,3.8652820512652397,0,208,cache_read_only_not_online_fps,75af0ef3fc918763f0b62d63899bd6f7a427eaf26ec2562352624519f5cf2837,cached_perception_v2,1,1,1,0.493453087343234,,1,2447.6976869627833,0,20.778569392859936,2447.6976869627833,2521.868643350899,43.155663074427295,43.05654269257328,43.155663074427295,43.1490323956049,0.493453087343234,35.66768135122869
sugar_box_yalehand0_drop60,208,0.8658463234782834,0.4504826794994291,8.819712633582517,6.111351034984049,0.42932641148520484,0.29748865050156814,0.8,0.25925925925925924,-0.4153636439788543,-2.7083615985984677,MODE_2_PRIOR,no_rollout,four_mode_relocalization_v2,1.0,0,0,0,False,0,0,0.4504826794994291,0,0,restarted_se3,0,44.557852670550346,2.106904983520508,0,209,cache_read_only_not_online_fps,75af0ef3fc918763f0b62d63899bd6f7a427eaf26ec2562352624519f5cf2837,cached_perception_v2,0,0,0,,,0,0.0,0,20.41824162006378,2.83881276845932,69.92181204259396,42.88176842613149,42.8530254437833,42.88176842613149,42.875171168800115,0.4504826794994291,35.53506219095675
sugar_box_yalehand0_drop60,209,0.966169757643148,0.7089515246122128,2.5916338702832085,2.1656721718090552,0.1261556828025867,0.10542069799823856,0.041666666666666664,0.041666666666666664,-0.2572182330309353,-0.4259616984741532,MODE_4_TRUSTED_FUSION,no_rollout,four_mode_relocalization_v2,0.5445817888493073,0,0,0,False,0,0,0.7089515246122128,0,0,restarted_se3,0,48.11191465705633,3.936321474611759,0,210,cache_read_only_not_online_fps,75af0ef3fc918763f0b62d63899bd6f7a427eaf26ec2562352624519f5cf2837,cached_perception_v2,0,0,0,,,0,0.0,0,20.558292046189308,3.1433654949069023,75.7498936727643,42.6664996567452,42.602288037404,42.6664996567452,42.659994070479925,0.758737457170511,35.30653796487971
sugar_box_yalehand0_drop60,210,1.1409850359699052,0.828374869012848,8.047210712605061,14.16991548377629,0.3917225244451844,0.6897638526831712,0.8,0.9985082048731975,-0.31261016695705723,6.122704771171229,MODE_3_RELOCALIZE,no_rollout,four_mode_relocalization_v2,,0,0,0,False,1,0,0.828374869012848,0,0,restarted_se3,1,45.120819471776485,4.021905362606049,0,211,cache_read_only_not_online_fps,75af0ef3fc918763f0b62d63899bd6f7a427eaf26ec2562352624519f5cf2837,cached_perception_v2,1,1,1,0.4130901412745313,,1,2434.9892428144813,0,25.997566059231758,2434.9892428144813,2510.1295337080956,42.99432490297524,42.933911244456034,42.99432490297524,42.9879919698261,0.4130901412745313,35.59271595921473
sugar_box_yalehand0_drop60,211,0.9274535731689858,0.42284903818437847,11.51770812795193,4.309566045080169,0.5606595707301414,0.20978127089399404,0.9985082048731975,0.04838709677419355,-0.5046045349846073,-7.2081420828717615,MODE_2_PRIOR,no_rollout,four_mode_relocalization_v2,1.0,0,0,0,False,0,0,0.42284903818437847,0,0,restarted_se3,0,44.39268819987774,2.0923810079693794,0,212,cache_read_only_not_online_fps,75af0ef3fc918763f0b62d63899bd6f7a427eaf26ec2562352624519f5cf2837,cached_perception_v2,0,0,0,,,0,0.0,0,21.93884178996086,1.4384686946868896,69.86237969249487,43.68754603119302,43.64540770483938,43.68754603119302,43.68143924461369,0.42284903818437847,36.24200612174621
sugar_box_yalehand0_drop60,212,0.9308691637636738,0.8592254558890834,14.828177253435365,3.3875844021780486,0.7218067519392706,0.16490100249440826,0.9985082048731975,0.041666666666666664,-0.0716437078745904,-11.440592851257318,MODE_2_PRIOR,no_rollout,four_mode_relocalization_v2,1.0,0,0,0,False,0,0,0.8592254558890834,0,0,restarted_se3,0,47.383418306708336,3.710181452333927,0,213,cache_read_only_not_online_fps,75af0ef3fc918763f0b62d63899bd6f7a427eaf26ec2562352624519f5cf2837,cached_perception_v2,0,0,0,,,0,0.0,0,21.399546414613724,1.4121262356638908,73.90527240931988,43.38588469713011,43.43942554332521,43.38588469713011,43.37980087064285,0.8592254558890834,36.0258515802486
sugar_box_yalehand0_drop60,213,1.19200409700688,1.4325231877007236,10.031979635170917,0.5694896049005471,0.48833720505371025,0.027721643392225326,0.8,0.008333333333333333,0.2405190906938437,-9.46249003027037,MODE_2_PRIOR,no_rollout,four_mode_relocalization_v2,1.0,0,0,0,False,0,1,1.19200409700688,0,0,restarted_se3,0,46.579888090491295,3.665948286652565,0,214,cache_read_only_not_online_fps,75af0ef3fc918763f0b62d63899bd6f7a427eaf26ec2562352624519f5cf2837,cached_perception_v2,0,0,0,,,0,0.0,0,20.1927050948143,1.4333389699459076,71.87188044190407,43.35846385981246,43.402780415571215,43.35846385981246,43.35223137786946,1.4325231877007236,36.042009571218166
sugar_box_yalehand0_drop60,214,1.1785420154581796,2.011612391772379,4.759185581743368,4.037367866837689,0.23166787312570897,0.19653119439686612,0.05,0.04838709677419355,0.8330703763141993,-0.7218177149056784,MODE_4_TRUSTED_FUSION,no_rollout,four_mode_relocalization_v2,0.540935367721377,0,0,0,False,0,1,1.1785420154581796,0,0,restarted_se3,0,43.20596158504486,3.941136412322521,0,215,cache_read_only_not_online_fps,75af0ef3fc918763f0b62d63899bd6f7a427eaf26ec2562352624519f5cf2837,cached_perception_v2,0,0,0,,,0,0.0,0,21.184821613132954,1.8499577417969704,70.1818773522973,43.382935428683105,43.390153661740705,43.382935428683105,43.37663367250357,1.129481324220786,36.113125894178005
sugar_box_yalehand0_drop60,215,0.981478719529328,1.2088347374522554,6.486341310769011,2.1860521302171456,0.3157424458499105,0.10641275463013464,0.4393939393939394,0.041666666666666664,0.22735601792292748,-4.300289180551865,MODE_4_TRUSTED_FUSION,no_rollout,four_mode_relocalization_v2,0.7473593268497978,0,0,0,False,0,0,0.981478719529328,0,0,restarted_se3,0,45.31005956232548,4.002858884632587,0,216,cache_read_only_not_online_fps,75af0ef3fc918763f0b62d63899bd6f7a427eaf26ec2562352624519f5cf2837,cached_perception_v2,0,0,0,,,0,0.0,0,21.305141039192677,1.8429523333907127,72.46101181954145,43.34667876816105,43.35176897973299,43.34667876816105,43.34023706036712,1.137858167409473,36.18788213892548
sugar_box_yalehand0_drop60,216,1.1078736622869731,1.364463682027573,0.685796477321456,6.656581211636101,0.033383235129058775,0.3240293922355068,0.008333333333333333,0.5714285714285714,0.2565900197405999,5.970784734314645,MODE_4_TRUSTED_FUSION,no_rollout,four_mode_relocalization_v2,0.25,0,0,0,False,0,1,1.1078736622869731,0,0,restarted_se3,0,49.02324732393026,4.062638618052006,0,217,cache_read_only_not_online_fps,75af0ef3fc918763f0b62d63899bd6f7a427eaf26ec2562352624519f5cf2837,cached_perception_v2,0,0,0,,,0,0.0,0,21.236799657344818,1.35079026222229,75.67347586154938,43.14207048463648,43.22129410982411,43.14207048463648,43.13529037480501,1.1501201970301151,36.271843463546304
sugar_box_yalehand0_drop60,217,0.8528344792364967,1.4973377001150776,3.01739428731825,8.126243335018737,0.14688086961900235,0.395569678381009,0.041666666666666664,0.8,0.6445032208785809,5.108849047700486,MODE_1_ACCEPT,no_rollout,four_mode_relocalization_v2,0.0,0,0,0,False,0,0,0.8528344792364967,0,0,restarted_se3,0,46.19966167956591,3.7459731101989746,0,218,cache_read_only_not_online_fps,75af0ef3fc918763f0b62d63899bd6f7a427eaf26ec2562352624519f5cf2837,cached_perception_v2,0,0,0,,,0,0.0,0,23.103080689907074,1.4268187806010246,74.47553426027298,43.13251129948903,43.125144210659435,43.13251129948903,43.125386050418165,0.8528344792364967,36.408244835942185
sugar_box_yalehand0_drop60,218,0.9576681527956266,1.0413994781073375,13.379770491508204,8.539606739539973,0.6513011353388682,0.41569140280394207,0.9985082048731975,0.8,0.0837313253117109,-4.84016375196823,MODE_3_RELOCALIZE,no_rollout,four_mode_relocalization_v2,,0,0,0,False,1,0,0.9576681527956266,0,0,restarted_se3,1,46.49101849645376,3.973187878727913,0,219,cache_read_only_not_online_fps,75af0ef3fc918763f0b62d63899bd6f7a427eaf26ec2562352624519f5cf2837,cached_perception_v2,1,1,1,0.40645540627378934,,1,2445.309470407665,0,21.070627495646477,2445.309470407665,2516.844304278493,43.092154057051694,43.009360090610016,43.092154057051694,43.08477226195308,0.40645540627378934,36.459774433309924
sugar_box_yalehand0_drop60,219,0.5107019947092253,0.8103550592417739,8.317084130399024,2.6884147069214457,0.4048594361372455,0.130866785195676,0.8,0.041666666666666664,0.2996530645325486,-5.628669423477579,MODE_2_PRIOR,no_rollout,four_mode_relocalization_v2,1.0,0,0,0,False,0,0,0.5107019947092253,0,0,restarted_se3,0,46.918910928070545,2.237117849290371,0,220,cache_read_only_not_online_fps,75af0ef3fc918763f0b62d63899bd6f7a427eaf26ec2562352624519f5cf2837,cached_perception_v2,0,0,0,,,0,0.0,0,20.750933326780796,1.2652361765503883,71.1721982806921,42.884299515156435,42.88746943053256,42.884299515156435,42.87656022354092,0.8103550592417739,36.456228909598956
sugar_box_yalehand0_drop60,220,0.7602784651960157,1.280137076994892,7.8747469365132305,4.057424496240142,0.3833273241504762,0.1975075120032988,0.8,0.04838709677419355,0.5198586117988764,-3.817322440273089,MODE_2_PRIOR,no_rollout,four_mode_relocalization_v2,1.0,0,0,0,False,0,0,0.7602784651960157,0,0,restarted_se3,0,44.48614735156298,3.907337784767151,0,221,cache_read_only_not_online_fps,75af0ef3fc918763f0b62d63899bd6f7a427eaf26ec2562352624519f5cf2837,cached_perception_v2,0,0,0,,,0,0.0,0,21.536001935601234,0.9320033714175224,70.86149044334888,42.79647745002777,42.832149650948516,42.79647745002777,42.78811262259205,1.280137076994892,36.623288360976275
sugar_box_yalehand0_drop60,221,0.9607937005919334,1.8338497008565418,9.332243959827652,10.201094617209089,0.45427543694808964,0.496569392584444,0.8,0.8,0.8730560002646084,0.8688506573814365,MODE_3_RELOCALIZE,no_rollout,four_mode_relocalization_v2,,0,0,0,False,1,0,0.9607937005919334,0,0,restarted_se3,1,46.39178980141878,4.243084229528904,0,222,cache_read_only_not_online_fps,75af0ef3fc918763f0b62d63899bd6f7a427eaf26ec2562352624519f5cf2837,cached_perception_v2,1,1,1,0.3574197474655571,,1,2443.1475950405,0,20.326738245785236,2443.1475950405,2514.109207317233,42.674455759108824,42.77360985469947,42.674455759108824,42.66632419659837,0.3574197474655571,36.8375319994824
sugar_box_yalehand0_drop60,222,0.8731007084158243,1.2660678363212927,3.18807906185705,3.7028281540974692,0.15518947158737945,0.1802464535739999,0.041666666666666664,0.041666666666666664,0.3929671279054684,0.5147490922404194,MODE_4_TRUSTED_FUSION,no_rollout,four_mode_relocalization_v2,0.46275821132050005,0,0,0,False,0,0,0.8731007084158243,0,0,restarted_se3,0,46.37347999960184,2.1623820066452026,0,223,cache_read_only_not_online_fps,75af0ef3fc918763f0b62d63899bd6f7a427eaf26ec2562352624519f5cf2837,cached_perception_v2,0,0,0,,,0,0.0,0,20.857193507254124,0.9091505780816078,70.30220609158278,42.65109101204686,42.70691438442022,42.65109101204686,42.642676194609535,0.9275892876924288,37.17806660433776
sugar_box_yalehand0_drop60,223,0.8443557408425957,1.500084442552685,5.964152782144064,12.436572334856425,0.29032332660790144,0.605388088424744,0.16666666666666666,0.9985082048731975,0.6557287017100892,6.472419552712362,MODE_1_ACCEPT,no_rollout,four_mode_relocalization_v2,0.0,0,0,0,False,0,0,0.8443557408425957,0,0,restarted_se3,0,44.842781499028206,2.8741443529725075,0,224,cache_read_only_not_online_fps,75af0ef3fc918763f0b62d63899bd6f7a427eaf26ec2562352624519f5cf2837,cached_perception_v2,0,0,0,,,0,0.0,0,20.24364471435547,0.6617102771997452,68.62228084355593,42.493511294578916,42.49155921785244,42.493511294578916,42.484585765631536,0.8443557408425957,37.38460021659059
sugar_box_yalehand0_drop60,224,1.161415322782286,1.036575785912773,11.641913027628354,4.4739784093471515,0.5667056230316548,0.21778454416230572,0.9985082048731975,0.05,-0.12483953686951299,-7.167934618281202,MODE_2_PRIOR,no_rollout,four_mode_relocalization_v2,1.0,0,0,0,False,0,1,1.036575785912773,0,0,restarted_se3,0,44.226416386663914,3.1590452417731285,0,225,cache_read_only_not_online_fps,75af0ef3fc918763f0b62d63899bd6f7a427eaf26ec2562352624519f5cf2837,cached_perception_v2,0,0,0,,,0,0.0,0,18.392687663435936,0.6919298321008682,66.47007912397385,42.30667616531251,42.27152391235276,42.30667616531251,42.297263459851436,1.036575785912773,37.55450462568351
sugar_box_yalehand0_drop60,225,1.0249326578921387,1.3779828025200775,7.040866720406351,14.178309845186453,0.3427356613987326,0.6901724738265872,0.6289010140995119,0.9985082048731975,0.3530501446279388,7.137443124780102,MODE_3_RELOCALIZE,no_rollout,four_mode_relocalization_v2,,0,0,0,False,1,1,1.0249326578921387,0,0,restarted_se3,1,45.2857231721282,3.002651035785675,0,226,cache_read_only_not_online_fps,75af0ef3fc918763f0b62d63899bd6f7a427eaf26ec2562352624519f5cf2837,cached_perception_v2,1,1,1,0.392913331080556,,1,2432.4178798124194,0,20.91849222779274,2432.4178798124194,2501.624746248126,42.19216659683942,42.15620424718754,42.19216659683942,42.18239785426237,0.392913331080556,37.79759415987874
sugar_box_yalehand0_drop60,226,0.7818666797218192,0.4829186670003592,5.0757065112454995,1.444036660765843,0.24707549471937462,0.07029288859810073,0.08333333333333333,0.041666666666666664,-0.29894801272146004,-3.6316698504796565,MODE_4_TRUSTED_FUSION,no_rollout,four_mode_relocalization_v2,0.75,0,0,0,False,0,0,0.4829186670003592,0,0,restarted_se3,0,45.00505141913891,2.314814366400242,0,227,cache_read_only_not_online_fps,75af0ef3fc918763f0b62d63899bd6f7a427eaf26ec2562352624519f5cf2837,cached_perception_v2,0,0,0,,,0,0.0,0,21.068857051432133,0.8717961609363556,69.26051899790764,42.253720456817824,42.24379343923764,42.253720456817824,42.243859494886784,0.3720101156092149,38.19665703924063
sugar_box_yalehand0_drop60,227,1.06396244555034,0.7502400111246567,2.183301919559806,0.07297546939913233,0.10627887973858224,0.003552303539265278,0.041666666666666664,0.008333333333333333,-0.31372243442568337,-2.1103264501606733,MODE_4_TRUSTED_FUSION,no_rollout,four_mode_relocalization_v2,0.75,0,0,0,False,0,0,0.7502400111246567,0,0,restarted_se3,0,44.813902117311954,2.704678103327751,0,228,cache_read_only_not_online_fps,75af0ef3fc918763f0b62d63899bd6f7a427eaf26ec2562352624519f5cf2837,cached_perception_v2,0,0,0,,,0,0.0,0,20.220955833792686,0.8618384599685669,68.60137451440096,41.989264160227755,41.8885116303859,41.989264160227755,41.97928065163848,0.6659993396732106,38.13668191453177
sugar_box_yalehand0_drop60,228,1.4550929657705327,0.9300075723982153,9.187121836028572,1.5573782302503991,0.4472111749674288,0.07581013517069568,0.8,0.041666666666666664,-0.5250853933723174,-7.629743605778173,MODE_2_PRIOR,no_rollout,four_mode_relocalization_v2,1.0,0,0,0,False,0,0,0.9300075723982153,0,0,restarted_se3,0,45.257036574184895,2.6564709842205048,0,229,cache_read_only_not_online_fps,75af0ef3fc918763f0b62d63899bd6f7a427eaf26ec2562352624519f5cf2837,cached_perception_v2,0,0,0,,,0,0.0,0,20.179269835352898,0.7103011012077332,68.80307849496603,42.03582854164786,41.9768897898943,42.03582854164786,42.02620711503991,0.9300075723982153,38.38012782037305
sugar_box_yalehand0_drop60,229,1.7759378859341868,1.1820878547993665,5.5557053269013315,3.5598537817768383,0.2704409010091439,0.17328673994693214,0.11650485436893204,0.041666666666666664,-0.5938500311348203,-1.9958515451244931,MODE_4_TRUSTED_FUSION,no_rollout,four_mode_relocalization_v2,0.6092353254673032,0,0,0,False,0,1,1.1820878547993665,0,0,restarted_se3,0,45.42947746813297,3.0990131199359894,0,230,cache_read_only_not_online_fps,75af0ef3fc918763f0b62d63899bd6f7a427eaf26ec2562352624519f5cf2837,cached_perception_v2,0,0,0,,,0,0.0,0,20.46917285770178,0.8843261748552322,69.88198962062597,42.17589427137844,42.13884060256987,42.17589427137844,42.166360813633986,1.2915246505150138,38.75531564518702
sugar_box_yalehand0_drop60,230,1.8724201632079356,1.5954924815745275,14.422930214209728,14.37396480037815,0.7020801163510229,0.6996965754942432,0.9985082048731975,0.9985082048731975,-0.2769276816334081,-0.04896541383157782,MODE_3_RELOCALIZE,no_rollout,four_mode_relocalization_v2,,0,0,0,False,1,1,1.5954924815745275,0,0,restarted_se3,1,44.98974792659283,3.021230921149254,0,231,cache_read_only_not_online_fps,75af0ef3fc918763f0b62d63899bd6f7a427eaf26ec2562352624519f5cf2837,cached_perception_v2,1,1,1,0.3908689307594555,,1,2436.0352642834187,0,20.526481792330742,2436.0352642834187,2504.5727249234915,42.90670989854908,42.971213184003695,42.90670989854908,42.89747067290087,0.3908689307594555,39.88252586067884
sugar_box_yalehand0_drop60,231,0.8163358011988706,1.1211878289803725,1.1701420490729357,0.4122064224907743,0.05696023302885855,0.02006540479394664,0.041666666666666664,0.008333333333333333,0.3048520277815019,-0.7579356265821614,MODE_4_TRUSTED_FUSION,no_rollout,four_mode_relocalization_v2,0.7365077384953919,0,0,0,False,0,0,0.8163358011988706,0,0,restarted_se3,0,46.58553563058376,1.8116645514965057,0,232,cache_read_only_not_online_fps,75af0ef3fc918763f0b62d63899bd6f7a427eaf26ec2562352624519f5cf2837,cached_perception_v2,0,0,0,,,0,0.0,0,22.208934649825096,0.8961809799075127,71.50231581181288,43.299442107117656,43.235896228163575,43.299442107117656,43.29053222702285,0.9098973950851762,40.37010566856343
sugar_box_yalehand0_drop60,232,0.8506084936848575,1.7144768960080472,2.002438614046579,6.458651135436711,0.09747480673174946,0.3143945421139604,0.041666666666666664,0.4393939393939394,0.8638684023231897,4.456212521390132,MODE_4_TRUSTED_FUSION,no_rollout,four_mode_relocalization_v2,0.25,0,0,0,False,0,0,0.8506084936848575,0,0,restarted_se3,0,44.925146736204624,3.0105775222182274,0,233,cache_read_only_not_online_fps,75af0ef3fc918763f0b62d63899bd6f7a427eaf26ec2562352624519f5cf2837,cached_perception_v2,0,0,0,,,0,0.0,0,24.28163681179285,1.3153459876775742,73.53270705789328,43.38686268364538,43.424452220273025,43.38686268364538,43.37805615548807,0.434272387993363,40.786672205009964
sugar_box_yalehand0_drop60,233,1.2400681417761759,0.7117477625356824,6.679921270513505,3.494967933493641,0.3251655407856914,0.17012822338784067,0.5901639344262295,0.041666666666666664,-0.5283203792404935,-3.184953337019864,MODE_4_TRUSTED_FUSION,no_rollout,four_mode_relocalization_v2,0.6562034306252198,0,0,0,False,0,0,0.7117477625356824,0,0,restarted_se3,0,45.650385320186615,2.933901734650135,0,234,cache_read_only_not_online_fps,75af0ef3fc918763f0b62d63899bd6f7a427eaf26ec2562352624519f5cf2837,cached_perception_v2,0,0,0,,,0,0.0,0,20.174354314804077,0.8488558232784271,69.60749719291925,43.61312210800442,43.60182584967065,43.61312210800442,43.604452074647995,0.904136348717926,41.143784872409825
sugar_box_yalehand0_drop60,234,1.0622779243474252,1.6692670261928098,10.20209410660654,12.883215842566775,0.49661804577918545,0.6271298233706545,0.8,0.9985082048731975,0.6069891018453846,2.681121735960236,MODE_3_RELOCALIZE,no_rollout,four_mode_relocalization_v2,,0,0,0,False,1,1,1.0622779243474252,0,0,restarted_se3,1,45.0498778373003,2.856491133570671,0,235,cache_read_only_not_online_fps,75af0ef3fc918763f0b62d63899bd6f7a427eaf26ec2562352624519f5cf2837,cached_perception_v2,1,1,1,0.4252036882207622,,1,2440.9710951149464,0,23.119487799704075,2440.9710951149464,2511.9969518855214,43.72807000017176,43.74499473380116,43.72807000017176,43.71932485355916,0.4252036882207622,41.48157040487923
sugar_box_yalehand0_drop60,235,0.7111696666673417,0.6826099613963005,5.994948880847783,1.3814453004284208,0.2918224206366421,0.06724606323767768,0.16666666666666666,0.041666666666666664,-0.028559705271041236,-4.613503580419362,MODE_4_TRUSTED_FUSION,no_rollout,four_mode_relocalization_v2,0.75,0,0,0,False,0,0,0.6826099613963005,0,0,restarted_se3,0,44.808623380959034,2.395207993686199,0,236,cache_read_only_not_online_fps,75af0ef3fc918763f0b62d63899bd6f7a427eaf26ec2562352624519f5cf2837,cached_perception_v2,0,0,0,,,0,0.0,0,20.85859142243862,1.4517353847622871,69.51415818184614,43.69977790972711,43.70671635922105,43.69977790972711,43.69128904494561,0.5807500740974194,41.62310071010337
sugar_box_yalehand0_drop60,236,1.1662180283585408,0.9215481641442569,13.83712673405039,0.0,0.6735643453252502,0.0,0.9985082048731975,0.0034344590726960505,-0.24466986421428394,-13.83712673405039,MODE_2_PRIOR,no_rollout,four_mode_relocalization_v2,1.0,0,0,0,False,0,0,0.9215481641442569,0,0,restarted_se3,0,46.982419677078724,2.991890534758568,0,237,cache_read_only_not_online_fps,75af0ef3fc918763f0b62d63899bd6f7a427eaf26ec2562352624519f5cf2837,cached_perception_v2,0,0,0,,,0,0.0,0,21.044936031103134,1.2258952483534813,72.24514149129391,43.80739967831499,43.76348636309027,43.80739967831499,43.79911555716435,0.9215481641442569,41.800459363903556
sugar_box_yalehand0_drop60,237,1.1385692035237076,1.2455142555383654,8.603093481889955,3.957612813455082,0.4187818136146322,0.19264887393030264,0.8,0.04838709677419355,0.10694505201465776,-4.645480668434873,MODE_2_PRIOR,no_rollout,four_mode_relocalization_v2,1.0,0,0,0,False,0,1,1.1385692035237076,0,0,restarted_se3,0,46.67116701602936,3.583271987736225,0,238,cache_read_only_not_online_fps,75af0ef3fc918763f0b62d63899bd6f7a427eaf26ec2562352624519f5cf2837,cached_perception_v2,0,0,0,,,0,0.0,0,21.434507332742214,1.2816693633794785,72.97061569988728,44.17809141647789,44.179835789007484,44.17809141647789,44.16989052762473,1.2455142555383654,42.29169014904255
sugar_box_yalehand0_drop60,238,1.0219996943390717,1.5528478292847758,12.166151683691153,5.879559591818483,0.5922245384793394,0.2862054950699124,0.9985082048731975,0.14634146341463414,0.5308481349457042,-6.28659209187267,MODE_2_PRIOR,no_rollout,four_mode_relocalization_v2,1.0,0,0,0,False,0,1,1.0219996943390717,0,0,restarted_se3,0,46.87941633164883,3.735557198524475,0,239,cache_read_only_not_online_fps,75af0ef3fc918763f0b62d63899bd6f7a427eaf26ec2562352624519f5cf2837,cached_perception_v2,0,0,0,,,0,0.0,0,24.129463359713554,1.1838851496577263,75.92832203954458,44.27238589586714,44.27965959126988,44.27238589586714,44.264474059499214,1.5528478292847758,42.44706578053861
sugar_box_yalehand0_drop60,239,1.4477539940310555,1.8739090228616968,9.490257403757944,11.065415757098869,0.461967223253088,0.5386428601424172,0.8,0.9985082048731975,0.42615502883064127,1.5751583533409246,MODE_3_RELOCALIZE,no_rollout,four_mode_relocalization_v2,,0,0,0,False,1,1,1.4477539940310555,0,0,restarted_se3,1,46.42605781555176,4.15608286857605,0,240,cache_read_only_not_online_fps,75af0ef3fc918763f0b62d63899bd6f7a427eaf26ec2562352624519f5cf2837,cached_perception_v2,1,1,1,0.387206312107526,,1,2446.471489034593,0,20.243987441062927,2446.471489034593,2517.297617159784,44.43115098862849,44.37400776590811,44.43115098862849,44.423297207675496,0.387206312107526,42.49195996411898
sugar_box_yalehand0_drop60,240,1.0585910513088321,1.2967360917851227,7.302378796374735,6.566454524054932,0.3554655592763631,0.3196422008421117,0.8,0.4393939393939394,0.2381450404762906,-0.735924272319803,MODE_2_PRIOR,no_rollout,four_mode_relocalization_v2,1.0,0,0,0,False,0,1,1.0585910513088321,0,0,restarted_se3,0,47.52486106008291,2.159855328500271,0,241,cache_read_only_not_online_fps,75af0ef3fc918763f0b62d63899bd6f7a427eaf26ec2562352624519f5cf2837,cached_perception_v2,0,0,0,,,0,0.0,0,21.94761112332344,1.210779882967472,72.8431073948741,44.405559839174,44.392936206187095,44.405559839174,44.397719102215916,1.2967360917851227,42.39490562212293
sugar_box_yalehand0_drop60,241,0.9281906671731739,2.220549351296288,11.690634594923647,9.420828430020759,0.5690772939145787,0.4585875562065463,0.9985082048731975,0.8,1.2923586841231143,-2.2698061649028887,MODE_3_RELOCALIZE,no_rollout,four_mode_relocalization_v2,,0,0,0,False,1,0,0.9281906671731739,0,0,restarted_se3,1,44.76162698119879,3.156728111207485,0,242,cache_read_only_not_online_fps,75af0ef3fc918763f0b62d63899bd6f7a427eaf26ec2562352624519f5cf2837,cached_perception_v2,1,1,1,0.34996320634424194,,1,2436.128173954785,0,21.89863659441471,2436.128173954785,2505.945165641606,44.47902947224144,44.45656774331819,44.47902947224144,44.47117231188978,0.34996320634424194,42.23810787246922
sugar_box_yalehand0_drop60,242,0.8205208339165583,1.4874564417914662,13.089655797421338,3.8564461587302943,0.6371789177898313,0.1877242784656414,0.9985082048731975,0.041666666666666664,0.6669356078749079,-9.233209638691044,MODE_2_PRIOR,no_rollout,four_mode_relocalization_v2,1.0,0,0,0,False,0,0,0.8205208339165583,0,0,restarted_se3,0,47.05475829541683,2.182820811867714,0,243,cache_read_only_not_online_fps,75af0ef3fc918763f0b62d63899bd6f7a427eaf26ec2562352624519f5cf2837,cached_perception_v2,0,0,0,,,0,0.0,0,21.407760679721832,1.23650673776865,71.88184652477503,44.475249047361906,44.52970236150392,44.475249047361906,44.46750012188341,1.4874564417914662,42.11351692472945
sugar_box_yalehand0_drop60,243,0.9840273868734308,2.5760245885170523,11.644801610725738,6.551540566452479,0.5668462336237454,0.3189162184700644,0.9985082048731975,0.4393939393939394,1.5919972016436215,-5.093261044273259,MODE_2_PRIOR,no_rollout,four_mode_relocalization_v2,1.0,0,0,0,False,0,0,0.9840273868734308,0,0,restarted_se3,0,44.669996947050095,3.543528728187084,0,244,cache_read_only_not_online_fps,75af0ef3fc918763f0b62d63899bd6f7a427eaf26ec2562352624519f5cf2837,cached_perception_v2,0,0,0,,,0,0.0,0,21.044177003204823,0.7303021848201752,69.98800486326218,44.524256672083,44.49462768128933,44.524256672083,44.51648533897191,2.5760245885170523,41.79194103838515
sugar_box_yalehand0_drop60,244,1.0119365978930575,3.241596974153234,4.408381857465675,11.762983121706638,0.2145914319380089,0.5725990791099049,0.05,0.9985082048731975,2.2296603762601768,7.354601264240963,MODE_1_ACCEPT,no_rollout,four_mode_relocalization_v2,0.0,0,0,0,False,0,1,1.0119365978930575,0,0,restarted_se3,0,44.967157766222954,3.3753477036952972,0,245,cache_read_only_not_online_fps,75af0ef3fc918763f0b62d63899bd6f7a427eaf26ec2562352624519f5cf2837,cached_perception_v2,0,0,0,,,0,0.0,0,20.47505136579275,0.7396889850497246,69.55724582076073,44.51464981846131,44.51559898441309,44.51464981846131,44.506767241548154,1.0119365978930575,41.50806139389829
sugar_box_yalehand0_drop60,245,1.0959477201027579,2.8333614137169327,4.611104988202328,9.844682715921246,0.22445959860738715,0.4792199562765205,0.05,0.8,1.7374136936141749,5.233577727718918,MODE_1_ACCEPT,no_rollout,four_mode_relocalization_v2,0.0,0,0,0,False,0,1,1.0959477201027579,0,0,restarted_se3,0,46.666476875543594,3.762294538319111,0,246,cache_read_only_not_online_fps,75af0ef3fc918763f0b62d63899bd6f7a427eaf26ec2562352624519f5cf2837,cached_perception_v2,0,0,0,,,0,0.0,0,17.62680523097515,0.9172661229968071,68.97284276783466,44.52392301755943,44.5177446504379,44.52392301755943,44.516051684122445,1.0959477201027579,41.19479896159432
sugar_box_yalehand0_drop60,246,1.34567400132685,1.1742582261289778,16.43784529280479,15.446770793696247,0.8001622530463617,0.7519186791461615,0.9985082048731975,0.9985082048731975,-0.1714157751978722,-0.9910744991085441,MODE_3_RELOCALIZE,no_rollout,four_mode_relocalization_v2,,0,0,0,False,1,1,1.1742582261289778,0,0,restarted_se3,1,45.71428429335356,4.30856179445982,0,247,cache_read_only_not_online_fps,75af0ef3fc918763f0b62d63899bd6f7a427eaf26ec2562352624519f5cf2837,cached_perception_v2,1,1,1,0.5391743894027439,,1,2448.970585130155,0,19.935081712901592,2448.970585130155,2518.92851293087,44.504414178810855,44.513662513957,44.504414178810855,44.49641270661605,0.5391743894027439,40.873948796423356
sugar_box_yalehand0_drop60,247,1.0783368765914993,0.6529694877554506,2.0721500371965496,1.0721428623245346,0.10086822286489466,0.052189823728338136,0.041666666666666664,0.041666666666666664,-0.42536738883604874,-1.000007174872015,MODE_4_TRUSTED_FUSION,no_rollout,four_mode_relocalization_v2,0.6580143189373155,0,0,0,False,0,0,0.6529694877554506,0,0,restarted_se3,0,45.16170732676983,2.1990640088915825,0,248,cache_read_only_not_online_fps,75af0ef3fc918763f0b62d63899bd6f7a427eaf26ec2562352624519f5cf2837,cached_perception_v2,0,0,0,,,0,0.0,0,20.781107246875763,0.8722329512238503,69.01411153376102,44.4821834917982,44.467123000525994,44.4821834917982,44.47420237632878,0.6715290150130863,40.49962974414903
sugar_box_yalehand0_drop60,248,0.7738533589489178,0.9325876318509405,3.414407452801136,0.0,0.16620669629051307,0.0,0.041666666666666664,0.0034344590726960505,0.1587342729020227,-3.414407452801136,MODE_4_TRUSTED_FUSION,no_rollout,four_mode_relocalization_v2,0.75,0,0,0,False,0,0,0.7738533589489178,0,0,restarted_se3,0,46.558838337659836,3.145621158182621,0,249,cache_read_only_not_online_fps,75af0ef3fc918763f0b62d63899bd6f7a427eaf26ec2562352624519f5cf2837,cached_perception_v2,0,0,0,,,0,0.0,0,21.115077659487724,0.897139310836792,71.71667646616697,44.590179459826544,44.52987950361555,44.590179459826544,44.582275909541444,0.7019031507617646,40.19683838746137
sugar_box_yalehand0_drop60,249,1.1529447130897825,0.7659110342884057,12.180883949492856,2.577278475812064,0.5929416764488474,0.12545689019450518,0.9985082048731975,0.041666666666666664,-0.38703367880137685,-9.60360547368079,MODE_2_PRIOR,no_rollout,four_mode_relocalization_v2,1.0,0,0,0,False,0,0,0.7659110342884057,0,0,restarted_se3,0,46.8578077852726,2.268262207508087,0,250,cache_read_only_not_online_fps,75af0ef3fc918763f0b62d63899bd6f7a427eaf26ec2562352624519f5cf2837,cached_perception_v2,0,0,0,,,0,0.0,0,22.271509282290936,0.6923815235495567,72.08996079862118,44.550731811433195,44.5727005920797,44.550731811433195,44.54278645665409,0.7659110342884057,39.93219014024207
sugar_box_yalehand0_drop60,250,1.3741907322745,0.8273526731250785,0.0,0.5047660280998727,0.0,0.024571025892453857,0.0034344590726960505,0.008333333333333333,-0.5468380591494214,0.5047660280998727,MODE_4_TRUSTED_FUSION,no_rollout,four_mode_relocalization_v2,0.25,0,0,0,False,0,0,0.8273526731250785,0,0,restarted_se3,0,47.401935793459415,2.46475450694561,0,251,cache_read_only_not_online_fps,75af0ef3fc918763f0b62d63899bd6f7a427eaf26ec2562352624519f5cf2837,cached_perception_v2,0,0,0,,,0,0.0,0,21.311850287020206,0.8904663845896721,72.0690069720149,44.57147503914618,44.56303966571169,44.57147503914618,44.56348611529707,0.9458080413565507,39.649390280448046
sugar_box_yalehand0_drop60,251,1.3511449483682267,2.0161541022847853,13.625131008802766,7.905314684108184,0.6632448068377705,0.3848153024925547,0.9985082048731975,0.8,0.6650091539165586,-5.719816324694582,MODE_3_RELOCALIZE,no_rollout,four_mode_relocalization_v2,,0,0,0,False,1,1,1.3511449483682267,0,0,restarted_se3,1,46.411714516580105,3.807184286415577,0,252,cache_read_only_not_online_fps,75af0ef3fc918763f0b62d63899bd6f7a427eaf26ec2562352624519f5cf2837,cached_perception_v2,1,1,1,0.48467132638930993,,1,2442.202450707555,0,21.115527488291264,2442.202450707555,2513.5368769988418,44.573257369232635,44.579099404533764,44.573257369232635,44.565354509974284,0.48467132638930993,39.43479081287325
sugar_box_yalehand0_drop60,252,0.6341212115102884,0.7558227719991291,5.868107078875084,0.0,0.28564800907362775,0.0,0.14634146341463414,0.0034344590726960505,0.12170156048884062,-5.868107078875084,MODE_4_TRUSTED_FUSION,no_rollout,four_mode_relocalization_v2,0.75,0,0,0,False,0,0,0.6341212115102884,0,0,restarted_se3,0,48.01842104643583,2.5302814319729805,0,253,cache_read_only_not_online_fps,75af0ef3fc918763f0b62d63899bd6f7a427eaf26ec2562352624519f5cf2837,cached_perception_v2,0,0,0,,,0,0.0,0,23.72322790324688,0.8798521012067795,75.15178248286247,44.72576882131578,44.6471079961381,44.72576882131578,44.717877698548044,0.5620664237444912,39.237152379805465
sugar_box_yalehand0_drop60,253,0.7675271623953518,0.7866584668251161,2.9113486303467098,0.0,0.1417187738396199,0.0,0.041666666666666664,0.0034344590726960505,0.019131304429764295,-2.9113486303467098,MODE_4_TRUSTED_FUSION,no_rollout,four_mode_relocalization_v2,0.75,0,0,0,False,0,0,0.7675271623953518,0,0,restarted_se3,0,47.155980952084064,2.475624904036522,0,254,cache_read_only_not_online_fps,75af0ef3fc918763f0b62d63899bd6f7a427eaf26ec2562352624519f5cf2837,cached_perception_v2,0,0,0,,,0,0.0,0,19.963894970715046,0.8607488125562668,70.4562496393919,44.36436650712685,44.405937840372715,44.36436650712685,44.356572335681896,0.5334961505830871,38.816068527662914
sugar_box_yalehand0_drop60,254,0.7470258642322413,0.7343380599247438,8.807751903496616,0.0,0.42874418646950874,0.0,0.8,0.0034344590726960505,-0.012687804307497497,-8.807751903496616,MODE_2_PRIOR,no_rollout,four_mode_relocalization_v2,1.0,0,0,0,False,0,0,0.7343380599247438,0,0,restarted_se3,0,46.3454881682992,2.2609466686844826,0,255,cache_read_only_not_online_fps,75af0ef3fc918763f0b62d63899bd6f7a427eaf26ec2562352624519f5cf2837,cached_perception_v2,0,0,0,,,0,0.0,0,22.022484801709652,0.6535463035106659,71.282465942204,44.58201025868165,44.552725471833114,44.58201025868165,44.574272425108994,0.7343380599247438,38.79334407787029
sugar_box_yalehand0_drop60,255,1.012540003662798,0.9427023445662963,10.907238018156306,0.0,0.530943076276617,0.0,0.9985082048731975,0.0034344590726960505,-0.06983765909650175,-10.907238018156306,MODE_2_PRIOR,no_rollout,four_mode_relocalization_v2,1.0,0,0,0,False,0,0,0.9427023445662963,0,0,restarted_se3,0,45.38258817046881,2.448546700179577,0,256,cache_read_only_not_online_fps,75af0ef3fc918763f0b62d63899bd6f7a427eaf26ec2562352624519f5cf2837,cached_perception_v2,0,0,0,,,0,0.0,0,21.028807386755943,0.7080957293510437,69.56803798675537,44.55013705903751,44.59186903491775,44.55013705903751,44.542184489494566,0.9427023445662963,38.74299565896507
sugar_box_yalehand0_drop60,256,1.119513508314877,1.1202519027215714,9.72288428843955,0.0,0.4732910463485315,0.0,0.8,0.0034344590726960505,0.0007383944066943204,-9.72288428843955,MODE_2_PRIOR,no_rollout,four_mode_relocalization_v2,1.0,0,0,0,False,0,1,1.119513508314877,0,0,restarted_se3,0,46.75903730094433,3.960846923291683,0,257,cache_read_only_not_online_fps,75af0ef3fc918763f0b62d63899bd6f7a427eaf26ec2562352624519f5cf2837,cached_perception_v2,0,0,0,,,0,0.0,0,18.93898006528616,0.7613925263285637,70.42025681585073,44.73591886169644,44.677615687907654,44.73591886169644,44.727893769902984,1.1202519027215714,38.69778263923192
sugar_box_yalehand0_drop60,257,1.3155453532326786,1.2190937597596796,14.425974771419206,0.0,0.7022283194587216,0.0,0.9985082048731975,0.0034344590726960505,-0.09645159347299903,-14.425974771419206,MODE_2_PRIOR,no_rollout,four_mode_relocalization_v2,1.0,0,0,0,False,0,1,1.2190937597596796,0,0,restarted_se3,0,46.07301391661167,2.416914328932762,0,258,cache_read_only_not_online_fps,75af0ef3fc918763f0b62d63899bd6f7a427eaf26ec2562352624519f5cf2837,cached_perception_v2,0,0,0,,,0,0.0,0,21.840819157660007,0.7254388183355331,71.05618622153997,44.61584131778324,44.639574424433505,44.61584131778324,44.60775222649112,1.2190937597596796,38.56316746767928
sugar_box_yalehand0_drop60,258,1.132080757404741,1.348641404174555,3.2968295490968633,0.0,0.16048323322947183,0.0,0.041666666666666664,0.0034344590726960505,0.216560646769814,-3.2968295490968633,MODE_4_TRUSTED_FUSION,no_rollout,four_mode_relocalization_v2,0.75,0,0,0,False,0,1,1.132080757404741,0,0,restarted_se3,0,46.646212227642536,3.8987621665000916,0,259,cache_read_only_not_online_fps,75af0ef3fc918763f0b62d63899bd6f7a427eaf26ec2562352624519f5cf2837,cached_perception_v2,0,0,0,,,0,0.0,0,22.55331166088581,0.8485699072480202,73.94685596227646,44.570086203339876,44.57938401981084,44.570086203339876,44.56218736040195,1.18883673043519,38.43158003667575
sugar_box_yalehand0_drop60,259,1.7129676961062132,1.297125604280245,7.624964147941216,0.0,0.371168385109757,0.0,0.8,0.0034344590726960505,-0.4158420918259682,-7.624964147941216,MODE_2_PRIOR,no_rollout,four_mode_relocalization_v2,1.0,0,0,0,False,0,1,1.297125604280245,0,0,restarted_se3,0,41.01109970360994,3.3368421718478203,0,260,cache_read_only_not_online_fps,75af0ef3fc918763f0b62d63899bd6f7a427eaf26ec2562352624519f5cf2837,cached_perception_v2,0,0,0,,,0,0.0,0,21.50923293083906,0.6969841197133064,66.55415892601013,44.52898180763463,44.52297883280802,44.52898180763463,44.52139285862496,1.297125604280245,38.32593822087354
sugar_box_yalehand0_drop60,260,1.8127898481920572,1.366813503942029,10.718836240536188,7.047938934902271,0.5217720451485627,0.3430799230087114,0.9985082048731975,0.6923076923076923,-0.4459763442500282,-3.6708973056339165,MODE_3_RELOCALIZE,no_rollout,four_mode_relocalization_v2,,0,0,0,False,1,1,1.366813503942029,0,0,restarted_se3,1,47.319560311734676,2.4271048605442047,0,261,cache_read_only_not_online_fps,75af0ef3fc918763f0b62d63899bd6f7a427eaf26ec2562352624519f5cf2837,cached_perception_v2,1,1,1,0.300777942892843,,1,2436.319344677031,0,20.45528031885624,2436.319344677031,2506.521290168166,44.57950858120107,44.477354702199484,44.57950858120107,44.57205905087977,0.300777942892843,38.147263712972745
sugar_box_yalehand0_drop60,261,0.8635206063529804,1.2441360533543115,5.402475840790498,0.9833849077422723,0.26298198844149434,0.04786925958813315,0.11650485436893204,0.041666666666666664,0.3806154470013311,-4.419090933048225,MODE_4_TRUSTED_FUSION,no_rollout,four_mode_relocalization_v2,0.75,0,0,0,False,0,0,0.8635206063529804,0,0,restarted_se3,0,47.83599264919758,2.66470480710268,0,262,cache_read_only_not_online_fps,75af0ef3fc918763f0b62d63899bd6f7a427eaf26ec2562352624519f5cf2837,cached_perception_v2,0,0,0,,,0,0.0,0,23.461537435650826,0.850834883749485,74.81306977570057,44.526441125575914,44.55538508394968,44.526441125575914,44.51918167884632,1.0306445592027929,38.13258113104678
sugar_box_yalehand0_drop60,262,1.1552582080420262,1.880973235993334,14.476630949870257,7.637915733093979,0.7046941634399795,0.3717988430178195,0.9985082048731975,0.8,0.7257150279513078,-6.838715216776278,MODE_3_RELOCALIZE,no_rollout,four_mode_relocalization_v2,,0,0,0,False,1,1,1.1552582080420262,0,0,restarted_se3,1,47.09767270833254,2.522394061088562,0,263,cache_read_only_not_online_fps,75af0ef3fc918763f0b62d63899bd6f7a427eaf26ec2562352624519f5cf2837,cached_perception_v2,1,1,1,0.3877719442767091,,1,2435.3095116093755,0,22.454340010881424,2435.3095116093755,2507.383918389678,44.712287060264075,44.70829922083775,44.712287060264075,44.705096148201754,0.3877719442767091,38.203186648657564
sugar_box_yalehand0_drop60,263,0.6081356536159148,1.1389711993142402,11.745778276485998,0.0,0.5717615807961152,0.0,0.9985082048731975,0.0034344590726960505,0.5308355456983254,-11.745778276485998,MODE_2_PRIOR,no_rollout,four_mode_relocalization_v2,1.0,0,0,0,False,0,0,0.6081356536159148,0,0,restarted_se3,0,46.3793370872736,4.596938379108906,0,264,cache_read_only_not_online_fps,75af0ef3fc918763f0b62d63899bd6f7a427eaf26ec2562352624519f5cf2837,cached_perception_v2,0,0,0,,,0,0.0,0,24.158344604074955,0.8483370766043663,75.98295714706182,44.604010683279824,44.63404437459957,44.604010683279824,44.59663252161993,1.1389711993142402,38.090719542473224
sugar_box_yalehand0_drop60,264,0.69364351124867,2.0196651766318117,12.578861631279135,0.09384675915217816,0.6123144538930827,0.004568277222877615,0.9985082048731975,0.008333333333333333,1.3260216653831418,-12.485014872126957,MODE_2_PRIOR,no_rollout,four_mode_relocalization_v2,1.0,0,0,0,False,0,0,0.69364351124867,0,0,restarted_se3,0,44.43990532308817,2.0892731845378876,0,265,cache_read_only_not_online_fps,75af0ef3fc918763f0b62d63899bd6f7a427eaf26ec2562352624519f5cf2837,cached_perception_v2,0,0,0,,,0,0.0,0,20.31767088919878,2.7367044240236282,69.58355382084846,44.577693305875115,44.59105364541767,44.577693305875115,44.57047197629061,2.0196651766318117,38.04023663557853
sugar_box_yalehand0_drop60,265,0.8971386529479332,3.1200399211089755,10.85601984253585,4.556443250988372,0.5284498753691156,0.22179877183688018,0.9985082048731975,0.05,2.2229012681610425,-6.299576591547479,MODE_2_PRIOR,no_rollout,four_mode_relocalization_v2,1.0,0,0,0,False,0,0,0.8971386529479332,0,0,restarted_se3,0,47.306119464337826,3.1654750928282738,0,266,cache_read_only_not_online_fps,75af0ef3fc918763f0b62d63899bd6f7a427eaf26ec2562352624519f5cf2837,cached_perception_v2,0,0,0,,,0,0.0,0,21.145638078451157,1.3202093541622162,72.93744198977947,44.59727818211833,44.59397093414152,44.59727818211833,44.58992744789103,3.1200399211089755,38.057833528268276
sugar_box_yalehand0_drop60,266,0.7897215252275772,4.481273498776142,10.710633835310988,19.222681996308996,0.5213727680578927,0.9357226730010082,0.9985082048731975,0.9985082048731975,3.691551973548565,8.512048160998008,MODE_3_RELOCALIZE,no_rollout,four_mode_relocalization_v2,,0,0,0,False,1,0,0.7897215252275772,0,0,restarted_se3,1,45.855279080569744,2.35745869576931,0,267,cache_read_only_not_online_fps,75af0ef3fc918763f0b62d63899bd6f7a427eaf26ec2562352624519f5cf2837,cached_perception_v2,1,1,1,0.28329577926132204,,1,2437.7367505803704,0,19.762681797146797,2437.7367505803704,2505.7121701538563,44.496258618454945,44.53516884270741,44.496258618454945,44.488900266750164,0.28329577926132204,38.08652329260628
sugar_box_yalehand0_drop60,267,0.6352572613582104,3.144308045646422,8.221049257750428,4.030005283315326,0.400184645816451,0.19617279818893518,0.8,0.04838709677419355,2.5090507842882115,-4.191043974435102,MODE_2_PRIOR,no_rollout,four_mode_relocalization_v2,1.0,0,0,0,False,0,0,0.6352572613582104,0,0,restarted_se3,0,48.09719603508711,2.153524197638035,0,268,cache_read_only_not_online_fps,75af0ef3fc918763f0b62d63899bd6f7a427eaf26ec2562352624519f5cf2837,cached_perception_v2,0,0,0,,,0,0.0,0,23.07180780917406,1.3823918998241425,74.70491994172335,44.66982471219582,44.589414650974255,44.66982471219582,44.66251263481735,3.144308045646422,38.187327709386636
sugar_box_yalehand0_drop60,268,0.61332736983527,8.164096618354991,12.173921027448584,11.489767905633746,0.5926027349822813,0.5592994951945406,0.9985082048731975,0.9985082048731975,7.550769248519721,-0.6841531218148376,MODE_3_RELOCALIZE,no_rollout,four_mode_relocalization_v2,,0,0,0,False,1,0,0.61332736983527,0,0,restarted_se3,1,47.421432100236416,2.401379868388176,0,269,cache_read_only_not_online_fps,75af0ef3fc918763f0b62d63899bd6f7a427eaf26ec2562352624519f5cf2837,cached_perception_v2,1,1,1,0.287498863117812,,1,2439.6213302388787,0,14.822925440967083,2439.6213302388787,2504.2670676484704,44.60671811044082,44.56130211564447,44.60671811044082,44.59930455370925,0.287498863117812,38.2083435603229
sugar_box_yalehand0_drop60,269,0.7962117820681971,3.277210622685707,3.9049178530696618,5.3148563158631,0.19008378602035358,0.25871684083681123,0.041666666666666664,0.11650485436893204,2.4809988406175103,1.4099384627934382,MODE_4_TRUSTED_FUSION,no_rollout,four_mode_relocalization_v2,0.42370276388712363,0,0,0,False,0,0,0.7962117820681971,0,0,restarted_se3,0,48.780327662825584,2.3657558485865593,0,270,cache_read_only_not_online_fps,75af0ef3fc918763f0b62d63899bd6f7a427eaf26ec2562352624519f5cf2837,cached_perception_v2,0,0,0,,,0,0.0,0,15.55522158741951,1.2727640569210052,67.97406915575266,44.679418681372994,44.68175234599395,44.679418681372994,44.67209671923279,1.5133261257337103,38.41802487502075
sugar_box_yalehand0_drop60,270,0.6873836521978014,2.988910864584248,9.029463586424196,7.3841347448037,0.4395366788295437,0.35944527941179333,0.8,0.8,2.3015272123864463,-1.645328841620496,MODE_3_RELOCALIZE,no_rollout,four_mode_relocalization_v2,,0,0,0,False,1,0,0.6873836521978014,0,0,restarted_se3,1,45.562551356852055,2.1280236542224884,0,271,cache_read_only_not_online_fps,75af0ef3fc918763f0b62d63899bd6f7a427eaf26ec2562352624519f5cf2837,cached_perception_v2,1,1,1,0.3412749417979425,,1,2434.7861632704735,0,19.841916859149933,2434.7861632704735,2502.318655140698,44.662677545005785,44.66240183234554,44.662677545005785,44.65544330151649,0.3412749417979425,38.538536797719914
sugar_box_yalehand0_drop60,271,0.7946029296790758,1.5717093546775869,10.410131452670296,0.9881816449533882,0.5067448980873177,0.04810275540134645,0.9985082048731975,0.041666666666666664,0.7771064249985111,-9.421949807716908,MODE_2_PRIOR,no_rollout,four_mode_relocalization_v2,1.0,0,0,0,False,0,0,0.7946029296790758,0,0,restarted_se3,0,46.16633616387844,2.4485159665346146,0,272,cache_read_only_not_online_fps,75af0ef3fc918763f0b62d63899bd6f7a427eaf26ec2562352624519f5cf2837,cached_perception_v2,0,0,0,,,0,0.0,0,20.63837554305792,1.2379232794046402,70.49115095287561,44.69804858585158,44.73316377925404,44.69804858585158,44.69084658462406,1.5717093546775869,38.81598026155964
sugar_box_yalehand0_drop60,272,1.1144299234953339,3.31089194926545,8.828341387882318,4.788356837940323,0.4297464424173937,0.23308787298986183,0.8,0.05,2.196462025770116,-4.0399845499419955,MODE_2_PRIOR,no_rollout,four_mode_relocalization_v2,1.0,0,0,0,False,0,1,1.1144299234953339,0,0,restarted_se3,0,43.227157555520535,3.4877806901931763,0,273,cache_read_only_not_online_fps,75af0ef3fc918763f0b62d63899bd6f7a427eaf26ec2562352624519f5cf2837,cached_perception_v2,0,0,0,,,0,0.0,0,14.830234460532665,1.469932496547699,63.015105202794075,44.73616339418377,44.71167319699782,44.73616339418377,44.7289503931963,3.31089194926545,39.02472827382165
sugar_box_yalehand0_drop60,273,1.0065028190746945,5.761129438997568,12.948220631524427,0.0,0.6302941297298295,0.0,0.9985082048731975,0.0034344590726960505,4.754626619922873,-12.948220631524427,MODE_2_PRIOR,no_rollout,four_mode_relocalization_v2,1.0,0,0,0,False,0,1,1.0065028190746945,0,0,restarted_se3,0,45.45984696596861,2.3589972406625748,0,274,cache_read_only_not_online_fps,75af0ef3fc918763f0b62d63899bd6f7a427eaf26ec2562352624519f5cf2837,cached_perception_v2,0,0,0,,,0,0.0,0,14.74048849195242,0.8726576343178749,63.43199033290148,44.70670190278142,44.676904180707126,44.70670190278142,44.69942725026693,5.761129438997568,39.225687391566694
sugar_box_yalehand0_drop60,274,1.1547649964117745,8.398664257018924,6.529668621142345,11.163869523485083,0.3178515348253336,0.5434353974932206,0.4393939393939394,0.9985082048731975,7.243899260607149,4.634200902342738,MODE_1_ACCEPT,no_rollout,four_mode_relocalization_v2,0.0,0,0,0,False,0,1,1.1547649964117745,0,0,restarted_se3,0,46.7790924012661,2.430618740618229,0,275,cache_read_only_not_online_fps,75af0ef3fc918763f0b62d63899bd6f7a427eaf26ec2562352624519f5cf2837,cached_perception_v2,0,0,0,,,0,0.0,0,14.781496487557888,0.844794325530529,64.83600195497274,44.72307302860882,44.73351474872054,44.72307302860882,44.71573979726289,1.1547649964117745,39.57431638889774
sugar_box_yalehand0_drop60,275,1.0997993730050646,5.22900581817901,11.287269804609267,23.583426000103152,0.5494422825327155,1.1479951871219247,0.9985082048731975,0.9985082048731975,4.129206445173946,12.296156195493886,MODE_3_RELOCALIZE,no_rollout,four_mode_relocalization_v2,,0,0,0,False,1,1,1.0997993730050646,0,0,restarted_se3,1,50.04793219268322,2.4351421743631363,0,276,cache_read_only_not_online_fps,75af0ef3fc918763f0b62d63899bd6f7a427eaf26ec2562352624519f5cf2837,cached_perception_v2,1,1,1,0.31186303580416747,,1,2442.5883907824755,0,14.750286005437374,2442.5883907824755,2509.821751154959,44.67491037073349,44.657600120183325,44.67491037073349,44.6676731577217,0.31186303580416747,39.80117734435776
sugar_box_yalehand0_drop60,276,0.6779683580014856,0.8501590502596177,6.487117179096038,3.5621251448685998,0.3157802136070321,0.17339730547280344,0.4393939393939394,0.041666666666666664,0.1721906922581321,-2.9249920342274383,MODE_4_TRUSTED_FUSION,no_rollout,four_mode_relocalization_v2,0.6452438991991484,0,0,0,False,0,0,0.6779683580014856,0,0,restarted_se3,0,47.26662114262581,2.322215586900711,0,277,cache_read_only_not_online_fps,75af0ef3fc918763f0b62d63899bd6f7a427eaf26ec2562352624519f5cf2837,cached_perception_v2,0,0,0,,,0,0.0,0,23.3187023550272,1.0345540940761566,73.94209317862988,44.712619588711945,44.6802358771896,44.712619588711945,44.705461658778106,0.5136137071382113,40.1491608945123
sugar_box_yalehand0_drop60,277,1.2183012257818047,0.8239360045581887,5.8108087872783,3.1902189371297953,0.28285883997736794,0.1552936365426384,0.14634146341463414,0.041666666666666664,-0.39436522122361595,-2.6205898501485048,MODE_4_TRUSTED_FUSION,no_rollout,four_mode_relocalization_v2,0.6452489633225494,0,0,0,False,0,0,0.8239360045581887,0,0,restarted_se3,0,47.05426283180714,2.176053822040558,0,278,cache_read_only_not_online_fps,75af0ef3fc918763f0b62d63899bd6f7a427eaf26ec2562352624519f5cf2837,cached_perception_v2,0,0,0,,,0,0.0,0,14.57969844341278,1.0129418224096298,64.8229569196701,44.52421700567047,44.56704301178406,44.52421700567047,44.517167150432265,0.863582511262969,40.46287361927249
sugar_box_yalehand0_drop60,278,1.6573826157090517,1.116053124291802,6.459403863837005,0.0,0.31443118346457427,0.0,0.4393939393939394,0.0034344590726960505,-0.5413294914172497,-6.459403863837005,MODE_4_TRUSTED_FUSION,no_rollout,four_mode_relocalization_v2,0.75,0,0,0,False,0,1,1.116053124291802,0,0,restarted_se3,0,44.86293438822031,2.550342120230198,0,279,cache_read_only_not_online_fps,75af0ef3fc918763f0b62d63899bd6f7a427eaf26ec2562352624519f5cf2837,cached_perception_v2,0,0,0,,,0,0.0,0,14.70782607793808,1.0992111638188362,63.220313750207424,44.65915240413991,44.67331517179196,44.65915240413991,44.652283371456576,1.2218946024061619,41.01589039692383
sugar_box_yalehand0_drop60,279,2.42173197755345,1.620424940055447,6.598302635825364,1.2541702593204822,0.32119250481538586,0.0610505624384291,0.4393939393939394,0.041666666666666664,-0.8013070374980031,-5.3441323765048825,MODE_4_TRUSTED_FUSION,no_rollout,four_mode_relocalization_v2,0.75,0,0,0,False,0,1,1.620424940055447,0,0,restarted_se3,0,47.6403571665287,2.4654166772961617,0,280,cache_read_only_not_online_fps,75af0ef3fc918763f0b62d63899bd6f7a427eaf26ec2562352624519f5cf2837,cached_perception_v2,0,0,0,,,0,0.0,0,21.622848697006702,1.2240083888173103,72.95263092964888,44.6141977418959,44.588440941576444,44.6141977418959,44.60747175380689,1.8033588694628413,41.396018870781184
sugar_box_yalehand0_drop60,280,3.2012122913866943,2.331090101500597,7.002523445643044,10.50813501331844,0.340869185557327,0.511515520300748,0.5901639344262295,0.9985082048731975,-0.8701221898860974,3.5056115676753965,MODE_1_ACCEPT,no_rollout,four_mode_relocalization_v2,0.0,0,0,0,False,0,1,2.331090101500597,0,0,restarted_se3,0,45.916165225207806,2.4632075801491737,0,281,cache_read_only_not_online_fps,75af0ef3fc918763f0b62d63899bd6f7a427eaf26ec2562352624519f5cf2837,cached_perception_v2,0,0,0,,,0,0.0,0,21.72315027564764,0.6983419880270958,70.80086506903172,44.7578246002013,44.722146515252994,44.7578246002013,44.75123063919448,3.2012122913866943,41.98520201368347
sugar_box_yalehand0_drop60,281,3.880871904994112,4.95713172982985,5.211909668768515,14.6789737208988,0.25370559881479093,0.7145438149405148,0.11650485436893204,0.9985082048731975,1.0762598248357382,9.467064052130285,MODE_1_ACCEPT,no_rollout,four_mode_relocalization_v2,0.0,0,0,0,False,0,1,3.880871904994112,0,0,restarted_se3,0,45.822981745004654,2.0078131929039955,0,282,cache_read_only_not_online_fps,75af0ef3fc918763f0b62d63899bd6f7a427eaf26ec2562352624519f5cf2837,cached_perception_v2,0,0,0,,,0,0.0,0,21.354333497583866,0.7142806425690651,69.89940907806158,44.94179178980169,44.85764082084848,44.94179178980169,44.93513673629472,3.880871904994112,42.49642621693896
sugar_box_yalehand0_drop60,282,4.268121802108488,4.762015637555029,3.6766134550959255,8.24951010233039,0.1789703731484718,0.40157006422847813,0.041666666666666664,0.8,0.4938938354465412,4.572896647234465,MODE_1_ACCEPT,no_rollout,four_mode_relocalization_v2,0.0,0,0,0,False,0,1,4.268121802108488,0,0,restarted_se3,0,45.16272060573101,2.270100638270378,0,283,cache_read_only_not_online_fps,75af0ef3fc918763f0b62d63899bd6f7a427eaf26ec2562352624519f5cf2837,cached_perception_v2,0,0,0,,,0,0.0,0,22.925724275410175,0.8205622434616089,71.17910776287317,44.8846238263753,44.88820842546054,44.8846238263753,44.87801570665164,4.268121802108488,42.93944353543009
sugar_box_yalehand0_drop60,283,4.597617823874889,4.710894787646302,3.7789554587084337,1.6227762636581964,0.18395218230491328,0.07899358390282907,0.041666666666666664,0.041666666666666664,0.11327696377141283,-2.156179195050237,MODE_4_TRUSTED_FUSION,no_rollout,four_mode_relocalization_v2,0.6988459873581726,0,0,0,False,0,1,4.597617823874889,0,0,restarted_se3,0,46.594757586717606,2.4164896458387375,0,284,cache_read_only_not_online_fps,75af0ef3fc918763f0b62d63899bd6f7a427eaf26ec2562352624519f5cf2837,cached_perception_v2,0,0,0,,,0,0.0,0,20.054037682712078,0.9269043803215027,69.99218929558992,44.732259921742575,44.83375490958799,44.732259921742575,44.72578469488537,4.675768643525712,43.42239745702281
sugar_box_yalehand0_drop60,284,4.9303844355966335,5.298788547135801,2.441302556412925,0.11768015258495683,0.11883784760781704,0.0057284403371551385,0.041666666666666664,0.008333333333333333,0.3684041115391672,-2.3236224038279683,MODE_4_TRUSTED_FUSION,no_rollout,four_mode_relocalization_v2,0.75,0,0,0,False,0,1,4.9303844355966335,0,0,restarted_se3,0,45.43404281139374,2.7051782235503197,0,285,cache_read_only_not_online_fps,75af0ef3fc918763f0b62d63899bd6f7a427eaf26ec2562352624519f5cf2837,cached_perception_v2,0,0,0,,,0,0.0,0,21.05618827044964,1.012321561574936,70.20773086696863,45.031670349545294,44.97156574285056,45.031670349545294,45.025200291442346,5.2018906781907805,44.031028223429175
sugar_box_yalehand0_drop60,285,5.487210803269891,5.718488165273623,9.492844424342037,5.8302727054577606,0.4620931543701153,0.2838063055573247,0.8,0.14634146341463414,0.23127736200373228,-3.6625717188842764,MODE_2_PRIOR,no_rollout,four_mode_relocalization_v2,1.0,0,0,0,False,0,1,5.487210803269891,0,0,restarted_se3,0,46.98419105261564,2.6319772005081177,0,286,cache_read_only_not_online_fps,75af0ef3fc918763f0b62d63899bd6f7a427eaf26ec2562352624519f5cf2837,cached_perception_v2,0,0,0,,,0,0.0,0,22.93817326426506,0.7689427584409714,73.32328427582979,44.848728226561306,44.882324466217035,44.848728226561306,44.842066766913376,5.718488165273623,44.49115149692898
sugar_box_yalehand0_drop60,286,5.222240536505717,6.4301862928791325,6.3158609098005,10.552943100727159,0.3074437923883816,0.5136966906145575,0.4128802381716012,0.9985082048731975,1.207945756373415,4.237082190926659,MODE_1_ACCEPT,no_rollout,four_mode_relocalization_v2,0.0,0,0,0,False,0,1,5.222240536505717,0,0,restarted_se3,0,47.51055594533682,3.0239131301641464,0,287,cache_read_only_not_online_fps,75af0ef3fc918763f0b62d63899bd6f7a427eaf26ec2562352624519f5cf2837,cached_perception_v2,0,0,0,,,0,0.0,0,20.72274126112461,0.9207045659422874,72.17791490256786,44.94611238344346,44.92706426745177,44.94611238344346,44.93964184067859,5.222240536505717,44.94611238344346
sugar_box_yalehand0_drop60,287,5.389242180023607,5.080299848828607,9.416779622539273,7.912935610779043,0.45839046815401696,0.38518627434115366,0.8,0.8,-0.30894233119500036,-1.50384401176023,MODE_3_RELOCALIZE,no_rollout,four_mode_relocalization_v2,,0,0,0,False,1,1,5.080299848828607,0,0,restarted_se3,1,47.936015762388706,2.9840385541319847,0,288,cache_read_only_not_online_fps,75af0ef3fc918763f0b62d63899bd6f7a427eaf26ec2562352624519f5cf2837,cached_perception_v2,1,1,1,0.3593760811418782,,1,2444.1546304151416,0,22.19016943126917,2444.1546304151416,2517.2648541629314,44.95729925139718,44.97312033093236,44.95729925139718,44.950867406135096,0.3593760811418782,44.95729925139718
sugar_box_yalehand0_drop60,288,0.7830159686916003,5.52384703302102,11.296300399544501,0.0,0.5498818742833989,0.0,0.9985082048731975,0.0034344590726960505,4.740831064329419,-11.296300399544501,MODE_2_PRIOR,no_rollout,four_mode_relocalization_v2,1.0,0,0,0,False,0,0,0.7830159686916003,0,0,restarted_se3,0,48.11020288616419,2.131067216396332,0,289,cache_read_only_not_online_fps,75af0ef3fc918763f0b62d63899bd6f7a427eaf26ec2562352624519f5cf2837,cached_perception_v2,0,0,0,,,0,0.0,0,22.059972397983074,1.014113426208496,73.31535592675209,44.94929779387892,44.89156152549425,44.94929779387892,44.94321733444942,5.52384703302102,44.793738005894355
sugar_box_yalehand0_drop60,289,1.169878257935312,11.026741930662077,10.733054692372026,50.082905907275766,0.5224641716562124,2.437938191778468,0.9985082048731975,1.0,9.856863672726764,39.34985121490374,MODE_3_RELOCALIZE,no_rollout,four_mode_relocalization_v2,,0,0,0,False,1,1,1.169878257935312,0,0,restarted_se3,1,49.08815957605839,2.389882691204548,0,290,cache_read_only_not_online_fps,75af0ef3fc918763f0b62d63899bd6f7a427eaf26ec2562352624519f5cf2837,cached_perception_v2,1,1,1,0.3425233550246946,,1,2448.0176381766796,0,19.367034547030926,2448.0176381766796,2518.8627149909735,45.0037778867312,44.97911508910363,45.0037778867312,44.997869917191366,0.3425233550246946,44.78250072569205
sugar_box_yalehand0_drop60,290,1.0362407342890474,5.106241715674209,8.11735837093951,4.023182126124324,0.39513717565639805,0.19584066020286764,0.8,0.04838709677419355,4.070000981385161,-4.094176244815186,MODE_2_PRIOR,no_rollout,four_mode_relocalization_v2,1.0,0,0,0,False,0,1,1.0362407342890474,0,0,restarted_se3,0,49.24079496413469,2.26522795855999,0,291,cache_read_only_not_online_fps,75af0ef3fc918763f0b62d63899bd6f7a427eaf26ec2562352624519f5cf2837,cached_perception_v2,0,0,0,,,0,0.0,0,22.09478337317705,0.8119689300656319,74.41277522593737,45.0507450219809,45.02794966057089,45.0507450219809,45.04511386747838,5.106241715674209,44.71709567715801
sugar_box_yalehand0_drop60,291,1.4371526564985229,12.006845126166617,6.112585907086143,20.3017617596453,0.29754876166734656,0.9882501715427945,0.25925925925925924,0.9985082048731975,10.569692469668095,14.189175852559156,MODE_1_ACCEPT,no_rollout,four_mode_relocalization_v2,0.0,0,0,0,False,0,1,1.4371526564985229,0,0,restarted_se3,0,44.99238822609186,2.3618750274181366,0,292,cache_read_only_not_online_fps,75af0ef3fc918763f0b62d63899bd6f7a427eaf26ec2562352624519f5cf2837,cached_perception_v2,0,0,0,,,0,0.0,0,21.191969513893127,0.8966606110334396,69.44289337843657,45.19404198080236,45.19126640892599,45.19404198080236,45.188399669220736,1.4371526564985229,44.772073538794736
sugar_box_yalehand0_drop60,292,1.424669576883091,3.6418367040391573,14.187713698416724,0.0,0.6906302350631737,0.0,0.9985082048731975,0.0034344590726960505,2.217167127156066,-14.187713698416724,MODE_2_PRIOR,no_rollout,four_mode_relocalization_v2,1.0,0,0,0,False,0,1,1.424669576883091,0,0,restarted_se3,0,47.13012184947729,2.399301156401634,0,293,cache_read_only_not_online_fps,75af0ef3fc918763f0b62d63899bd6f7a427eaf26ec2562352624519f5cf2837,cached_perception_v2,0,0,0,,,0,0.0,0,20.639979280531406,0.8048079907894135,70.97421027719975,45.18810837963579,45.21695262114896,45.18810837963579,45.182389963126454,3.6418367040391573,44.726504904081736
sugar_box_yalehand0_drop60,293,1.6452456513927172,9.658241083855689,16.661969517297933,42.37460522651143,0.8110721832250574,2.062713146767306,0.9985082048731975,1.0,8.012995432462972,25.712635709213494,MODE_3_RELOCALIZE,no_rollout,four_mode_relocalization_v2,,0,0,0,False,1,1,1.6452456513927172,0,0,restarted_se3,1,47.315677627921104,2.749631181359291,0,294,cache_read_only_not_online_fps,75af0ef3fc918763f0b62d63899bd6f7a427eaf26ec2562352624519f5cf2837,cached_perception_v2,1,1,1,0.27004526219896174,,1,2439.5425310358405,0,20.46739775687456,2439.5425310358405,2510.0752376019955,45.161584717745505,45.18094913642532,45.161584717745505,45.15583543748109,0.27004526219896174,44.64496067325033
sugar_box_yalehand0_drop60,294,0.6329657722093839,3.7452925458410085,5.055616910922031,7.731689446648662,0.2460975721528042,0.3763635645234589,0.06954719054073046,0.8,3.1123267736316245,2.6760725357266315,MODE_1_ACCEPT,no_rollout,four_mode_relocalization_v2,0.0,0,0,0,False,0,0,0.6329657722093839,0,0,restarted_se3,0,46.9084931537509,2.1981699392199516,0,295,cache_read_only_not_online_fps,75af0ef3fc918763f0b62d63899bd6f7a427eaf26ec2562352624519f5cf2837,cached_perception_v2,0,0,0,,,0,0.0,0,18.33915989845991,0.7501821964979172,68.19600518792868,45.12468222867782,45.15751636335704,45.12468222867782,45.11893573742309,0.6329657722093839,44.61783232252882
sugar_box_yalehand0_drop60,295,0.8748848270092634,1.0476476612588868,0.0,7.190418034732902,0.0,0.35001552773680783,0.0034344590726960505,0.8,0.17276283424962335,7.190418034732902,MODE_1_ACCEPT,no_rollout,four_mode_relocalization_v2,0.0,0,0,0,False,0,0,0.8748848270092634,0,0,restarted_se3,0,46.9370624050498,2.0870082080364227,0,296,cache_read_only_not_online_fps,75af0ef3fc918763f0b62d63899bd6f7a427eaf26ec2562352624519f5cf2837,cached_perception_v2,0,0,0,,,0,0.0,0,20.785094238817692,0.9525716304779053,70.76173648238182,45.15865055681781,45.17242084159047,45.15865055681781,45.1529600683356,0.8748848270092634,44.65195091244675
sugar_box_yalehand0_drop60,296,0.9853605233447299,1.1410213117591552,11.193672471013452,6.285704647858585,0.5448861468595113,0.3059758443654457,0.9985082048731975,0.35,0.15566078841442532,-4.907967823154866,MODE_2_PRIOR,no_rollout,four_mode_relocalization_v2,1.0,0,0,0,False,0,0,0.9853605233447299,0,0,restarted_se3,0,45.43805029243231,2.587216906249523,0,297,cache_read_only_not_online_fps,75af0ef3fc918763f0b62d63899bd6f7a427eaf26ec2562352624519f5cf2837,cached_perception_v2,0,0,0,,,0,0.0,0,21.419739350676537,0.8364012464880943,70.28140779584646,45.125709339252055,45.10910761511383,45.125709339252055,45.11986925882638,1.1410213117591552,44.59724736548292
sugar_box_yalehand0_drop60,297,1.3087579989395728,1.5095553352593907,8.146533024728592,13.969505187288586,0.3965573409087099,0.6800082702747223,0.8,0.9985082048731975,0.2007973363198179,5.822972162559994,MODE_3_RELOCALIZE,no_rollout,four_mode_relocalization_v2,,0,0,0,False,1,1,1.3087579989395728,0,0,restarted_se3,1,48.75927232205868,3.518710844218731,0,298,cache_read_only_not_online_fps,75af0ef3fc918763f0b62d63899bd6f7a427eaf26ec2562352624519f5cf2837,cached_perception_v2,1,1,1,0.283580134534955,,1,2447.9713505133986,0,24.796897545456886,2447.9713505133986,2525.046231225133,45.182434390294766,45.12823530036868,45.182434390294766,45.17659160994179,0.283580134534955,44.58247527536498
sugar_box_yalehand0_drop60,298,0.8423620678437389,1.0359581829204,6.322616465824553,0.0,0.3077726396814726,0.0,0.4393939393939394,0.0034344590726960505,0.1935961150766612,-6.322616465824553,MODE_4_TRUSTED_FUSION,no_rollout,four_mode_relocalization_v2,0.75,0,0,0,False,0,0,0.8423620678437389,0,0,restarted_se3,0,48.74884430319071,2.330389805138111,0,299,cache_read_only_not_online_fps,75af0ef3fc918763f0b62d63899bd6f7a427eaf26ec2562352624519f5cf2837,cached_perception_v2,0,0,0,,,0,0.0,0,23.925472050905228,1.1337725445628166,76.13847870379686,45.15253832724279,45.13901710600699,45.15253832724279,45.1466910108714,0.6629496935179722,44.55458079345851
sugar_box_yalehand0_drop60,299,1.1619460762686618,1.3043730184673412,1.808111942249469,0.0,0.088015363309427,0.0,0.041666666666666664,0.0034344590726960505,0.14242694219867946,-1.808111942249469,MODE_4_TRUSTED_FUSION,no_rollout,four_mode_relocalization_v2,0.75,0,0,0,False,0,1,1.1619460762686618,0,0,restarted_se3,0,46.95865884423256,3.889077343046665,0,300,cache_read_only_not_online_fps,75af0ef3fc918763f0b62d63899bd6f7a427eaf26ec2562352624519f5cf2837,cached_perception_v2,0,0,0,,,0,0.0,0,21.158646792173386,1.165676862001419,73.17205984145403,45.22752180470138,45.20821108115578,45.22752180470138,45.221706627785565,0.8201479700199138,44.570724115073354
sugar_box_yalehand0_drop60,300,1.5042688314067743,1.0399546287798918,18.15182652435362,0.0,0.8835955169252723,0.0,0.9985082048731975,0.0034344590726960505,-0.4643142026268825,-18.15182652435362,MODE_2_PRIOR,no_rollout,four_mode_relocalization_v2,1.0,0,0,0,False,0,1,1.0399546287798918,0,0,restarted_se3,0,47.24928364157677,2.569745294749737,0,301,cache_read_only_not_online_fps,75af0ef3fc918763f0b62d63899bd6f7a427eaf26ec2562352624519f5cf2837,cached_perception_v2,0,0,0,,,0,0.0,0,22.406199015676975,1.4582322910428047,73.68346024304628,45.175684164463576,45.20087163973614,45.175684164463576,45.16986933445402,1.0399546287798918,44.5431544555474
sugar_box_yalehand0_drop60,301,1.5261008542969965,1.2584508905819378,11.247745267877168,0.0,0.5475183051622743,0.0,0.9985082048731975,0.0034344590726960505,-0.26764996371505867,-11.247745267877168,MODE_2_PRIOR,no_rollout,four_mode_relocalization_v2,1.0,0,0,0,False,0,1,1.2584508905819378,0,0,restarted_se3,0,48.09695389121771,4.57400269806385,0,302,cache_read_only_not_online_fps,75af0ef3fc918763f0b62d63899bd6f7a427eaf26ec2562352624519f5cf2837,cached_perception_v2,0,0,0,,,0,0.0,0,21.12232707440853,0.9198756888508797,74.71315935254097,45.286673001504084,45.24889497261445,45.286673001504084,45.280881987133135,1.2584508905819378,44.5470450017308
sugar_box_yalehand0_drop60,302,1.7343921122113237,1.495650523111867,11.032217200346677,1.0546407990006255,0.5370268191409638,0.05133785741689284,0.9985082048731975,0.041666666666666664,-0.23874158909945664,-9.977576401346052,MODE_2_PRIOR,no_rollout,four_mode_relocalization_v2,1.0,0,0,0,False,0,1,1.495650523111867,0,0,restarted_se3,0,53.480819799005985,3.7389639765024185,0,303,cache_read_only_not_online_fps,75af0ef3fc918763f0b62d63899bd6f7a427eaf26ec2562352624519f5cf2837,cached_perception_v2,0,0,0,,,0,0.0,0,21.225723437964916,0.9783757850527763,79.4238829985261,45.25849407577407,45.24775700179015,45.25849407577407,45.25265851380482,1.495650523111867,44.49453622585865
sugar_box_yalehand0_drop60,303,2.0073608431404577,1.7264367817076867,8.638141162130436,3.2422305917144785,0.42048786634147883,0.15782546245873738,0.8,0.041666666666666664,-0.28092406143277104,-5.395910570415958,MODE_2_PRIOR,no_rollout,four_mode_relocalization_v2,1.0,0,0,0,False,0,1,1.7264367817076867,0,0,restarted_se3,0,45.67359760403633,4.318524152040482,0,304,cache_read_only_not_online_fps,75af0ef3fc918763f0b62d63899bd6f7a427eaf26ec2562352624519f5cf2837,cached_perception_v2,0,0,0,,,0,0.0,0,20.830552093684673,0.9802766144275665,71.80295046418905,45.27343554287196,45.258699660862064,45.27343554287196,45.26771501632603,1.7264367817076867,44.45046192006572
sugar_box_yalehand0_drop60,304,2.094446910405579,1.9030138818982758,5.385842241936774,7.5997828618377925,0.2621722972868458,0.36994260920882793,0.11650485436893204,0.8,-0.19143302850730315,2.2139406199010185,MODE_1_ACCEPT,no_rollout,four_mode_relocalization_v2,0.0,0,0,0,False,0,1,1.9030138818982758,0,0,restarted_se3,0,44.66329514980316,3.7547796964645386,0,305,cache_read_only_not_online_fps,75af0ef3fc918763f0b62d63899bd6f7a427eaf26ec2562352624519f5cf2837,cached_perception_v2,0,0,0,,,0,0.0,0,20.780852995812893,1.011454500257969,70.21038234233856,45.310477939815456,45.33935609638522,45.310477939815456,45.30475619167754,2.094446910405579,44.51224371717431
sugar_box_yalehand0_drop60,305,2.8666164794905487,5.185144256451663,8.622653580770779,11.366909731464766,0.4197339610835672,0.5533189988644501,0.8,0.9985082048731975,2.318527776961114,2.744256150693987,MODE_3_RELOCALIZE,no_rollout,four_mode_relocalization_v2,,0,0,0,False,1,1,2.8666164794905487,0,0,restarted_se3,1,47.86471463739872,3.575814887881279,0,306,cache_read_only_not_online_fps,75af0ef3fc918763f0b62d63899bd6f7a427eaf26ec2562352624519f5cf2837,cached_perception_v2,1,1,1,0.25930470143993034,,1,2447.6526211947203,0,20.463602617383003,2447.6526211947203,2519.5567533373833,45.241730553563514,45.28969541894356,45.241730553563514,45.23592638409589,0.25930470143993034,44.50065492862382
sugar_box_yalehand0_drop60,306,0.6314476603470199,2.5617265534017033,4.940822490754629,0.0,0.2405096036422047,0.0,0.05,0.0034344590726960505,1.9302788930546835,-4.940822490754629,MODE_4_TRUSTED_FUSION,no_rollout,four_mode_relocalization_v2,0.75,0,0,0,False,0,0,0.6314476603470199,0,0,restarted_se3,0,46.553732827305794,2.1998509764671326,0,307,cache_read_only_not_online_fps,75af0ef3fc918763f0b62d63899bd6f7a427eaf26ec2562352624519f5cf2837,cached_perception_v2,0,0,0,,,0,0.0,0,20.282565616071224,1.3854075223207474,70.4215569421649,45.21366589724412,45.217517028256964,45.21366589724412,45.20791171837761,1.7472880243634186,44.47221566066655
sugar_box_yalehand0_drop60,307,0.9106547939891478,3.6906477717761157,8.923972355910005,0.0,0.4344015714489057,0.0,0.8,0.0034344590726960505,2.779992977786968,-8.923972355910005,MODE_2_PRIOR,no_rollout,four_mode_relocalization_v2,1.0,0,0,0,False,0,0,0.9106547939891478,0,0,restarted_se3,0,46.0057882592082,4.116537049412727,0,308,cache_read_only_not_online_fps,75af0ef3fc918763f0b62d63899bd6f7a427eaf26ec2562352624519f5cf2837,cached_perception_v2,0,0,0,,,0,0.0,0,21.018436178565025,1.0026702657341957,72.14343175292015,45.29105670570442,45.23511813786935,45.29105670570442,45.28527790161309,3.6906477717761157,44.4946547157799
sugar_box_yalehand0_drop60,308,0.870700422363293,5.984984039529392,7.934967760659335,0.0,0.3862587564319412,0.0,0.8,0.0034344590726960505,5.114283617166099,-7.934967760659335,MODE_2_PRIOR,no_rollout,four_mode_relocalization_v2,1.0,0,0,0,False,0,0,0.870700422363293,0,0,restarted_se3,0,45.59041280299425,4.440316930413246,0,309,cache_read_only_not_online_fps,75af0ef3fc918763f0b62d63899bd6f7a427eaf26ec2562352624519f5cf2837,cached_perception_v2,0,0,0,,,0,0.0,0,23.95308669656515,0.8946014568209648,74.87841788679361,45.197118493396296,45.208146991105714,45.197118493396296,45.1912836101274,5.984984039529392,44.479730459953565
sugar_box_yalehand0_drop60,309,1.0414165208921797,8.236388015587579,10.366710118613485,10.719925097783683,0.5046312322223405,0.521825048595966,0.8,0.9985082048731975,7.194971494695399,0.3532149791701986,MODE_3_RELOCALIZE,no_rollout,four_mode_relocalization_v2,,0,0,0,False,1,1,1.0414165208921797,0,0,restarted_se3,1,46.59717436879873,4.500133916735649,0,310,cache_read_only_not_online_fps,75af0ef3fc918763f0b62d63899bd6f7a427eaf26ec2562352624519f5cf2837,cached_perception_v2,1,1,1,0.28677889972354137,,1,2448.846089653671,0,22.828511893749237,2448.846089653671,2522.7719098329544,45.26466596610696,45.227904758826696,45.26466596610696,45.25884160535244,0.28677889972354137,44.49138661930026
sugar_box_yalehand0_drop60,310,0.7779196518481272,4.821120532809204,6.591819255625073,20.227855835805464,0.3208769065106195,0.9846525752958557,0.4393939393939394,0.9985082048731975,4.043200880961077,13.636036580180392,MODE_1_ACCEPT,no_rollout,four_mode_relocalization_v2,0.0,0,0,0,False,0,0,0.7779196518481272,0,0,restarted_se3,0,45.66412605345249,5.204349756240845,0,311,cache_read_only_not_online_fps,75af0ef3fc918763f0b62d63899bd6f7a427eaf26ec2562352624519f5cf2837,cached_perception_v2,0,0,0,,,0,0.0,0,14.93020635098219,0.8924705907702446,66.69115275144577,45.23449085715793,45.24700883642051,45.23449085715793,45.228550181198536,0.7779196518481272,44.51240734891922
sugar_box_yalehand0_drop60,311,1.190530791035609,1.3127091487723361,9.173102061628319,8.79471542869632,0.44652871968989805,0.4281095962989495,0.8,0.8,0.12217835773672703,-0.37838663293199915,MODE_3_RELOCALIZE,no_rollout,four_mode_relocalization_v2,,0,0,0,False,1,1,1.190530791035609,0,0,restarted_se3,1,45.55414244532585,2.6657385751605034,0,312,cache_read_only_not_online_fps,75af0ef3fc918763f0b62d63899bd6f7a427eaf26ec2562352624519f5cf2837,cached_perception_v2,1,1,1,0.2628020405667791,,1,2457.8192066401243,0,14.975236728787422,2457.8192066401243,2521.014324389398,45.337169413281075,45.28370122176216,45.337169413281075,45.33127444573392,0.2628020405667791,44.51241167347945
sugar_box_yalehand0_drop60,312,0.5859315482160441,0.6901678226792279,8.452076585428193,0.529589819441216,0.4114306055962792,0.025779399645523338,0.8,0.008333333333333333,0.10423627446318384,-7.922486765986977,MODE_2_PRIOR,no_rollout,four_mode_relocalization_v2,1.0,0,0,0,False,0,0,0.5859315482160441,0,0,restarted_se3,0,45.95252778381109,2.410298213362694,0,313,cache_read_only_not_online_fps,75af0ef3fc918763f0b62d63899bd6f7a427eaf26ec2562352624519f5cf2837,cached_perception_v2,0,0,0,,,0,0.0,0,14.981720596551895,1.0988414287567139,64.4433880224824,45.2798178021526,45.27968569124722,45.2798178021526,45.27387337791911,0.6901678226792279,44.47252956787563
sugar_box_yalehand0_drop60,313,0.9906433273623512,1.2985281562136666,2.60364726738072,0.0,0.12674047154570095,0.0,0.041666666666666664,0.0034344590726960505,0.3078848288513154,-2.60364726738072,MODE_4_TRUSTED_FUSION,no_rollout,four_mode_relocalization_v2,0.75,0,0,0,False,0,0,0.9906433273623512,0,0,restarted_se3,0,48.6735412850976,3.659459762275219,0,314,cache_read_only_not_online_fps,75af0ef3fc918763f0b62d63899bd6f7a427eaf26ec2562352624519f5cf2837,cached_perception_v2,0,0,0,,,0,0.0,0,21.032534539699554,1.279815100133419,74.64535068720579,45.412066726760344,45.388488858724145,45.412066726760344,45.40642910609488,0.8908076915096076,44.529007787129636
sugar_box_yalehand0_drop60,314,0.7855339272676062,1.1361326188175693,2.8859594008704166,0.0,0.14048287566081452,0.0,0.041666666666666664,0.0034344590726960505,0.35059869154996315,-2.8859594008704166,MODE_4_TRUSTED_FUSION,no_rollout,four_mode_relocalization_v2,0.75,0,0,0,False,0,0,0.7855339272676062,0,0,restarted_se3,0,47.79398255050182,4.126559942960739,0,315,cache_read_only_not_online_fps,75af0ef3fc918763f0b62d63899bd6f7a427eaf26ec2562352624519f5cf2837,cached_perception_v2,0,0,0,,,0,0.0,0,21.315842866897583,1.1317813768982887,74.36816673725843,45.37481631792574,45.37055315173377,45.37481631792574,45.36890629137462,0.8913027863646777,44.45839440852948
sugar_box_yalehand0_drop60,315,0.9968025351307287,0.9759891513824794,10.45860162891736,0.0,0.5091043317442571,0.0,0.9985082048731975,0.0034344590726960505,-0.02081338374824926,-10.45860162891736,MODE_2_PRIOR,no_rollout,four_mode_relocalization_v2,1.0,0,0,0,False,0,0,0.9759891513824794,0,0,restarted_se3,0,46.73147667199373,4.321654327213764,0,316,cache_read_only_not_online_fps,75af0ef3fc918763f0b62d63899bd6f7a427eaf26ec2562352624519f5cf2837,cached_perception_v2,0,0,0,,,0,0.0,0,20.435973070561886,0.9131710976362228,72.4022751674056,45.4154718300306,45.43697435215344,45.4154718300306,45.409672563125994,0.9759891513824794,44.49438836042068
sugar_box_yalehand0_drop60,316,1.2569429089675868,1.222617701466162,3.884189226525553,1.801879702147364,0.1890747569035416,0.08771199001488644,0.041666666666666664,0.041666666666666664,-0.03432520750142465,-2.0823095243781893,MODE_4_TRUSTED_FUSION,no_rollout,four_mode_relocalization_v2,0.6824644558633539,0,0,0,False,0,1,1.222617701466162,0,0,restarted_se3,0,49.33770000934601,3.8063861429691315,0,317,cache_read_only_not_online_fps,75af0ef3fc918763f0b62d63899bd6f7a427eaf26ec2562352624519f5cf2837,cached_perception_v2,0,0,0,,,0,0.0,0,21.6254573315382,1.379847526550293,76.14939101040363,45.42712868149877,45.42190937625083,45.42712868149877,45.421286480209254,1.07574243662035,44.457391925421874
sugar_box_yalehand0_drop60,317,1.026114313717863,1.3512028536829113,5.60958738791302,3.335247094859554,0.2730637746625884,0.16235332443828993,0.11650485436893204,0.041666666666666664,0.3250885399650483,-2.2743402930534664,MODE_4_TRUSTED_FUSION,no_rollout,four_mode_relocalization_v2,0.6268478686039319,0,0,0,False,0,1,1.026114313717863,0,0,restarted_se3,0,47.36851807683706,4.135829396545887,0,318,cache_read_only_not_online_fps,75af0ef3fc918763f0b62d63899bd6f7a427eaf26ec2562352624519f5cf2837,cached_perception_v2,0,0,0,,,0,0.0,0,18.486695364117622,1.2125605717301369,71.20360340923071,45.47205793593862,45.467695024048716,45.47205793593862,45.466276053545,1.190716864604139,44.47163672953419
sugar_box_yalehand0_drop60,318,1.320671265420571,1.5470643298695819,11.477923528705062,14.504335079611643,0.5587229340236349,0.706042746449351,0.9985082048731975,0.9985082048731975,0.22639306444901086,3.0264115509065803,MODE_3_RELOCALIZE,no_rollout,four_mode_relocalization_v2,,0,0,0,False,1,1,1.320671265420571,0,0,restarted_se3,1,46.546963043510914,3.611268475651741,0,319,cache_read_only_not_online_fps,75af0ef3fc918763f0b62d63899bd6f7a427eaf26ec2562352624519f5cf2837,cached_perception_v2,1,1,1,0.27045370447694617,,1,2441.85668323189,0,22.664700634777546,2441.85668323189,2514.6796153858304,45.436958048423826,45.45670626369852,45.436958048423826,45.43119586628858,0.27045370447694617,44.45402168785234
sugar_box_yalehand0_drop60,319,0.8155932605896588,1.2409616500052598,0.0,0.0,0.0,0.0,0.0034344590726960505,0.0034344590726960505,0.42536838941560107,0.0,MODE_4_TRUSTED_FUSION,no_rollout,four_mode_relocalization_v2,0.5,0,0,0,False,0,0,0.8155932605896588,0,0,restarted_se3,0,46.00203596055508,2.33614444732666,0,320,cache_read_only_not_online_fps,75af0ef3fc918763f0b62d63899bd6f7a427eaf26ec2562352624519f5cf2837,cached_perception_v2,0,0,0,,,0,0.0,0,20.42967453598976,0.8765682578086853,69.64442320168018,45.56057228024954,45.516317851144436,45.56057228024954,45.55470557598989,0.6757722575308246,44.46861394404365
sugar_box_yalehand0_drop60,320,0.9482449240837456,1.1043679611920816,2.735166342374363,4.34403665175063,0.13314256363812083,0.21145923280481604,0.041666666666666664,0.04838709677419355,0.15612303710833597,1.6088703093762673,MODE_4_TRUSTED_FUSION,no_rollout,four_mode_relocalization_v2,0.3866865540605261,0,0,0,False,0,0,0.9482449240837456,0,0,restarted_se3,0,45.16953229904175,3.535858355462551,0,321,cache_read_only_not_online_fps,75af0ef3fc918763f0b62d63899bd6f7a427eaf26ec2562352624519f5cf2837,cached_perception_v2,0,0,0,,,0,0.0,0,21.21696248650551,1.771148294210434,71.69350143522024,45.55581540224413,45.55835702380829,45.55581540224413,45.54986776045311,0.6933523743187603,44.4665125015144
sugar_box_yalehand0_drop60,321,1.183232186312588,1.076428182971957,9.135664698530947,6.658279800944632,0.44470634186175173,0.32411207625058935,0.8,0.5714285714285714,-0.106804003340631,-2.4773848975863153,MODE_2_PRIOR,no_rollout,four_mode_relocalization_v2,1.0,0,0,0,False,0,1,1.076428182971957,0,0,restarted_se3,0,49.747418612241745,3.5879723727703094,0,322,cache_read_only_not_online_fps,75af0ef3fc918763f0b62d63899bd6f7a427eaf26ec2562352624519f5cf2837,cached_perception_v2,0,0,0,,,0,0.0,0,22.0439825206995,0.6996225565671921,76.07899606227875,45.48158012762658,45.5108379762024,45.48158012762658,45.4757552149114,1.076428182971957,44.4111001978924
sugar_box_yalehand0_drop60,322,1.3225270111912595,1.4251993519272663,12.304792128347284,10.92629217257021,0.5989732849593881,0.5318705953555559,0.9985082048731975,0.9985082048731975,0.10267234073600684,-1.3784999557770732,MODE_3_RELOCALIZE,no_rollout,four_mode_relocalization_v2,,0,0,0,False,1,1,1.3225270111912595,0,0,restarted_se3,1,46.80003225803375,3.3953124657273293,0,323,cache_read_only_not_online_fps,75af0ef3fc918763f0b62d63899bd6f7a427eaf26ec2562352624519f5cf2837,cached_perception_v2,1,1,1,0.28538677225971953,,1,2440.8095804974437,0,17.13044848293066,2440.8095804974437,2508.1353737041354,45.55888909191218,45.539684488765936,45.55888909191218,45.55308205499657,0.28538677225971953,44.415656819787266
sugar_box_yalehand0_drop60,323,0.6646505946300786,1.0917873614862577,8.354787456295012,0.0,0.4066947605157686,0.0,0.8,0.0034344590726960505,0.4271367668561791,-8.354787456295012,MODE_2_PRIOR,no_rollout,four_mode_relocalization_v2,1.0,0,0,0,False,0,0,0.6646505946300786,0,0,restarted_se3,0,46.899544075131416,2.3319320753216743,0,324,cache_read_only_not_online_fps,75af0ef3fc918763f0b62d63899bd6f7a427eaf26ec2562352624519f5cf2837,cached_perception_v2,0,0,0,,,0,0.0,0,22.826440632343292,0.8702632039785385,72.92817998677492,45.55548433391565,45.54111416421311,45.55548433391565,45.54967481893566,1.0917873614862577,44.38711842570973
sugar_box_yalehand0_drop60,324,0.9518406853357567,2.1061653192052967,9.460282234356972,0.0,0.46050809046189256,0.0,0.8,0.0034344590726960505,1.1543246338695399,-9.460282234356972,MODE_2_PRIOR,no_rollout,four_mode_relocalization_v2,1.0,0,0,0,False,0,0,0.9518406853357567,0,0,restarted_se3,0,46.516998670995235,2.399449236690998,0,325,cache_read_only_not_online_fps,75af0ef3fc918763f0b62d63899bd6f7a427eaf26ec2562352624519f5cf2837,cached_perception_v2,0,0,0,,,0,0.0,0,14.55027051270008,1.8932763487100601,65.35999476909637,45.67433012489113,45.61376670544193,45.67433012489113,45.668582049585076,2.1061653192052967,44.36254810488344
sugar_box_yalehand0_drop60,325,1.0213995134145675,3.3492740064585447,7.951592690797714,0.0,0.3870680256104318,0.0,0.8,0.0034344590726960505,2.327874493043977,-7.951592690797714,MODE_2_PRIOR,no_rollout,four_mode_relocalization_v2,1.0,0,0,0,False,0,1,1.0213995134145675,0,0,restarted_se3,0,46.25615105032921,3.963833674788475,0,326,cache_read_only_not_online_fps,75af0ef3fc918763f0b62d63899bd6f7a427eaf26ec2562352624519f5cf2837,cached_perception_v2,0,0,0,,,0,0.0,0,21.774091757833958,0.7469551637768745,72.74103164672852,45.708571107409675,45.70328310663591,45.708571107409675,45.70261823228357,3.3492740064585447,44.35812503555495
sugar_box_yalehand0_drop60,326,1.0757400232094432,4.869942265754488,11.691315067773974,0.0,0.5691104180059274,0.0,0.9985082048731975,0.0034344590726960505,3.794202242545045,-11.691315067773974,MODE_2_PRIOR,no_rollout,four_mode_relocalization_v2,1.0,0,0,0,False,0,1,1.0757400232094432,0,0,restarted_se3,0,46.136763878166676,4.116278141736984,0,327,cache_read_only_not_online_fps,75af0ef3fc918763f0b62d63899bd6f7a427eaf26ec2562352624519f5cf2837,cached_perception_v2,0,0,0,,,0,0.0,0,21.752106957137585,0.9102439507842064,72.91539292782545,45.585449814207955,45.68251994995277,45.585449814207955,45.57956258656123,4.869942265754488,44.349682963389846
sugar_box_yalehand0_drop60,327,1.1689981999623396,6.62686745148086,10.28581587660062,0.0,0.5006934582748132,0.0,0.8,0.0034344590726960505,5.45786925151852,-10.28581587660062,MODE_2_PRIOR,no_rollout,four_mode_relocalization_v2,1.0,0,0,0,False,0,1,1.1689981999623396,0,0,restarted_se3,0,52.150520496070385,3.7187980487942696,0,328,cache_read_only_not_online_fps,75af0ef3fc918763f0b62d63899bd6f7a427eaf26ec2562352624519f5cf2837,cached_perception_v2,0,0,0,,,0,0.0,0,18.281842581927776,2.184005454182625,76.33516658097506,45.646457025051674,45.620919040656496,45.646457025051674,45.64062738849375,6.62686745148086,44.268537034625155
sugar_box_yalehand0_drop60,328,1.2724064534438846,8.653623522440931,8.540589466532435,0.0,0.41573924003749735,0.0,0.8,0.0034344590726960505,7.381217068997047,-8.540589466532435,MODE_2_PRIOR,no_rollout,four_mode_relocalization_v2,1.0,0,0,0,False,0,1,1.2724064534438846,0,0,restarted_se3,0,46.0702171549201,3.8521578535437584,0,329,cache_read_only_not_online_fps,75af0ef3fc918763f0b62d63899bd6f7a427eaf26ec2562352624519f5cf2837,cached_perception_v2,0,0,0,,,0,0.0,0,22.231774404644966,1.3340087607502937,73.48815817385912,45.58116882773777,45.596880294472875,45.58116882773777,45.575287515737266,8.653623522440931,44.25664971110345
sugar_box_yalehand0_drop60,329,1.34331433412923,10.603467565324062,2.762810826075396,0.0,0.13448824319456515,0.0,0.041666666666666664,0.0034344590726960505,9.260153231194831,-2.762810826075396,MODE_4_TRUSTED_FUSION,no_rollout,four_mode_relocalization_v2,0.75,0,0,0,False,0,1,1.34331433412923,0,0,restarted_se3,0,48.47445338964462,3.570340573787689,0,330,cache_read_only_not_online_fps,75af0ef3fc918763f0b62d63899bd6f7a427eaf26ec2562352624519f5cf2837,cached_perception_v2,0,0,0,,,0,0.0,0,22.06851728260517,1.9173575565218925,76.03066880255938,45.55503582331475,45.54470109555258,45.55503582331475,45.54921127935616,5.4339827609665265,44.197786631552106
sugar_box_yalehand0_drop60,330,1.6442622714313995,3.366597281509451,14.362545254782024,2.152251143442383,0.6991406942841334,0.10476738850999459,0.9985082048731975,0.041666666666666664,1.7223350100780515,-12.21029411133964,MODE_2_PRIOR,no_rollout,four_mode_relocalization_v2,1.0,0,0,0,False,0,1,1.6442622714313995,0,0,restarted_se3,0,46.44761700183153,4.241158254444599,0,331,cache_read_only_not_online_fps,75af0ef3fc918763f0b62d63899bd6f7a427eaf26ec2562352624519f5cf2837,cached_perception_v2,0,0,0,,,0,0.0,0,22.754241712391376,2.3231487721204758,75.76616574078798,45.513299664534095,45.492747705255695,45.513299664534095,45.50750466707197,3.366597281509451,44.121806034177965
sugar_box_yalehand0_drop60,331,2.2128591984648494,3.2129945078550124,12.900343572732911,13.984784332623232,0.6279635678739748,0.680752029273412,0.9985082048731975,0.9985082048731975,1.000135309390163,1.0844407598903203,MODE_3_RELOCALIZE,no_rollout,four_mode_relocalization_v2,,0,0,0,False,1,1,2.2128591984648494,0,0,restarted_se3,1,45.731501653790474,3.6736978217959404,0,332,cache_read_only_not_online_fps,75af0ef3fc918763f0b62d63899bd6f7a427eaf26ec2562352624519f5cf2837,cached_perception_v2,1,1,1,0.3202994239292578,,1,2437.9771733656526,0,21.843896247446537,2437.9771733656526,2509.2262690886855,45.49314390685116,45.4624364263866,45.49314390685116,45.48731496689338,0.3202994239292578,44.056140153879234
sugar_box_yalehand0_drop60,332,1.0097156673457637,3.649632599694661,3.1532647691349576,20.767912682313334,0.15349477970979386,1.0109414894070017,0.041666666666666664,0.9985082048731975,2.639916932348897,17.614647913178377,MODE_1_ACCEPT,no_rollout,four_mode_relocalization_v2,0.0,0,0,0,False,0,1,1.0097156673457637,0,0,restarted_se3,0,48.37207403033972,2.23745871335268,0,333,cache_read_only_not_online_fps,75af0ef3fc918763f0b62d63899bd6f7a427eaf26ec2562352624519f5cf2837,cached_perception_v2,0,0,0,,,0,0.0,0,23.96446280181408,1.7459681257605553,76.31996367126703,45.498511056801696,45.50553558882913,45.498511056801696,45.492654280055724,1.0097156673457637,44.06144800736008
sugar_box_yalehand0_drop60,333,1.1746018228146644,1.4680386154930973,7.529433726468739,3.6207824059747136,0.3665181504884746,0.17625262655462073,0.8,0.041666666666666664,0.2934367926784329,-3.908651320494026,MODE_2_PRIOR,no_rollout,four_mode_relocalization_v2,1.0,0,0,0,False,0,1,1.1746018228146644,0,0,restarted_se3,0,47.90052957832813,4.339213483035564,0,334,cache_read_only_not_online_fps,75af0ef3fc918763f0b62d63899bd6f7a427eaf26ec2562352624519f5cf2837,cached_perception_v2,0,0,0,,,0,0.0,0,23.34623783826828,1.8779318779706955,77.46391277760267,45.63923910466702,45.584634053577986,45.63923910466702,45.63342557727055,1.4680386154930973,44.06834150615629
sugar_box_yalehand0_drop60,334,1.359379301520757,2.0594892600506656,4.761268654354258,5.159287525468733,0.23176927303816092,0.25114405549856855,0.05,0.11650485436893204,0.7001099585299086,0.3980188711144752,MODE_4_TRUSTED_FUSION,no_rollout,four_mode_relocalization_v2,0.47998005021477763,0,0,0,False,0,1,1.359379301520757,0,0,restarted_se3,0,50.41442159563303,4.550834186375141,0,335,cache_read_only_not_online_fps,75af0ef3fc918763f0b62d63899bd6f7a427eaf26ec2562352624519f5cf2837,cached_perception_v2,0,0,0,,,0,0.0,0,22.739466279745102,2.2338423877954483,79.93856444954872,45.54004077660145,45.563090824530406,45.54004077660145,45.53419441522869,1.578645388483076,43.978366739676716
sugar_box_yalehand0_drop60,335,1.720057114795817,1.7162294636954785,0.9219739077125375,1.0473424437347003,0.04487989186564145,0.0509825877152324,0.041666666666666664,0.041666666666666664,-0.0038276511003385583,0.1253685360221628,MODE_4_TRUSTED_FUSION,no_rollout,four_mode_relocalization_v2,0.46848954266852616,0,0,0,False,0,1,1.7162294636954785,0,0,restarted_se3,0,49.66234415769577,2.86786537617445,0,336,cache_read_only_not_online_fps,75af0ef3fc918763f0b62d63899bd6f7a427eaf26ec2562352624519f5cf2837,cached_perception_v2,0,0,0,,,0,0.0,0,18.326549790799618,1.860584132373333,72.71734345704317,45.581720133190295,45.58279926437847,45.581720133190295,45.575838913623954,1.7011537521135494,43.96357268349437
sugar_box_yalehand0_drop60,336,2.1325891184291046,2.115506496387342,1.9801904185505619,3.468642096605198,0.09639180796170377,0.16884673298671077,0.041666666666666664,0.041666666666666664,-0.017082622041762807,1.4884516780546362,MODE_4_TRUSTED_FUSION,no_rollout,four_mode_relocalization_v2,0.3639150427509259,0,0,0,False,0,1,2.115506496387342,0,0,restarted_se3,0,45.08685600012541,3.825526684522629,0,337,cache_read_only_not_online_fps,75af0ef3fc918763f0b62d63899bd6f7a427eaf26ec2562352624519f5cf2837,cached_perception_v2,0,0,0,,,0,0.0,0,20.57623118162155,2.2801393643021584,71.76875323057175,45.47630553267269,45.50461080091372,45.47630553267269,45.47052606358618,2.1119761686949707,43.86966297861866
sugar_box_yalehand0_drop60,337,1.9787377485597717,2.3164735397130385,1.481217345787131,7.171949637811448,0.07210277183805697,0.34911652219030265,0.041666666666666664,0.7142857142857143,0.3377357911532668,5.690732292024316,MODE_1_ACCEPT,no_rollout,four_mode_relocalization_v2,0.0,0,0,0,False,0,1,1.9787377485597717,0,0,restarted_se3,0,51.00301280617714,4.634124226868153,0,338,cache_read_only_not_online_fps,75af0ef3fc918763f0b62d63899bd6f7a427eaf26ec2562352624519f5cf2837,cached_perception_v2,0,0,0,,,0,0.0,0,21.060464903712273,1.1925669386982918,77.89016887545586,45.49149881357892,45.49136694293245,45.49149881357892,45.48568651035594,1.9787377485597717,43.82696282242636
sugar_box_yalehand0_drop60,338,2.1676292173544,2.333598728650958,3.424618348823341,9.578840808049113,0.16670374279637878,0.46627929062551693,0.041666666666666664,0.8,0.16596951129655801,6.154222459225773,MODE_1_ACCEPT,no_rollout,four_mode_relocalization_v2,0.0,0,0,0,False,0,1,2.1676292173544,0,0,restarted_se3,0,48.3957277610898,4.035095684230328,0,339,cache_read_only_not_online_fps,75af0ef3fc918763f0b62d63899bd6f7a427eaf26ec2562352624519f5cf2837,cached_perception_v2,0,0,0,,,0,0.0,0,21.356001496315002,0.9482251480221748,74.7350500896573,45.54683708445689,45.52490393819534,45.54683708445689,45.54101115801076,2.1676292173544,43.843170140353635
sugar_box_yalehand0_drop60,339,2.4594583221490858,2.3841226994203173,8.638253298750115,10.041251093426455,0.4204933249334446,0.4887885215611131,0.8,0.8,-0.07533562272876848,1.40299779467634,MODE_3_RELOCALIZE,no_rollout,four_mode_relocalization_v2,,0,0,0,False,1,1,2.3841226994203173,0,0,restarted_se3,1,55.081901140511036,3.9174016565084457,0,340,cache_read_only_not_online_fps,75af0ef3fc918763f0b62d63899bd6f7a427eaf26ec2562352624519f5cf2837,cached_perception_v2,1,1,1,0.281237294229343,,1,2449.3829011917114,0,21.463303826749325,2449.3829011917114,2529.8455078154802,45.56383494263842,45.5177927998945,45.56383494263842,45.55800688114518,0.281237294229343,43.75709040377133
sugar_box_yalehand0_drop60,340,0.7233624899630282,2.204704617933829,3.2372096457195645,0.0,0.15758105259916333,0.0,0.041666666666666664,0.0034344590726960505,1.4813421279708008,-3.2372096457195645,MODE_4_TRUSTED_FUSION,no_rollout,four_mode_relocalization_v2,0.75,0,0,0,False,0,0,0.7233624899630282,0,0,restarted_se3,0,45.107475481927395,2.2202227264642715,0,341,cache_read_only_not_online_fps,75af0ef3fc918763f0b62d63899bd6f7a427eaf26ec2562352624519f5cf2837,cached_perception_v2,0,0,0,,,0,0.0,0,21.694380789995193,0.8672093972563744,69.88928839564323,45.68374756714731,45.620633626407184,45.68374756714731,45.67784518744579,1.6043953537757587,43.74590554479045
sugar_box_yalehand0_drop60,341,0.9367185039128195,3.287142229761396,1.032119463104264,0.0,0.05024156270481556,0.0,0.041666666666666664,0.0034344590726960505,2.3504237258485765,-1.032119463104264,MODE_4_TRUSTED_FUSION,no_rollout,four_mode_relocalization_v2,0.75,0,0,0,False,0,0,0.9367185039128195,0,0,restarted_se3,0,48.758761025965214,3.3671678975224495,0,342,cache_read_only_not_online_fps,75af0ef3fc918763f0b62d63899bd6f7a427eaf26ec2562352624519f5cf2837,cached_perception_v2,0,0,0,,,0,0.0,0,20.648249424993992,1.1534933000802994,73.92767164856195,45.603985379896585,45.618700110717405,45.603985379896585,45.598193187018175,2.189382293597372,43.64837538044393
sugar_box_yalehand0_drop60,342,1.1128130307428816,2.6115430671598574,0.0,7.8866646229181,0.0,0.38390745388372016,0.0034344590726960505,0.8,1.4987300364169758,7.8866646229181,MODE_1_ACCEPT,no_rollout,four_mode_relocalization_v2,0.0,0,0,0,False,0,1,1.1128130307428816,0,0,restarted_se3,0,46.71001061797142,3.193792887032032,0,343,cache_read_only_not_online_fps,75af0ef3fc918763f0b62d63899bd6f7a427eaf26ec2562352624519f5cf2837,cached_perception_v2,0,0,0,,,0,0.0,0,21.851014345884323,1.056130975484848,72.81094882637262,45.65741690734541,45.6820215668233,45.65741690734541,45.651724976445095,1.1128130307428816,43.651002806934756
sugar_box_yalehand0_drop60,343,0.8755561457319918,3.550735910192828,0.0,20.14897105475375,0.0,0.9808126179892227,0.0034344590726960505,0.9985082048731975,2.6751797644608364,20.14897105475375,MODE_1_ACCEPT,no_rollout,four_mode_relocalization_v2,0.0,0,0,0,False,0,0,0.8755561457319918,0,0,restarted_se3,0,47.24683053791523,4.009806551039219,0,344,cache_read_only_not_online_fps,75af0ef3fc918763f0b62d63899bd6f7a427eaf26ec2562352624519f5cf2837,cached_perception_v2,0,0,0,,,0,0.0,0,25.168603286147118,0.8346810936927795,77.25992146879435,45.650636221551395,45.66732169074707,45.650636221551395,45.64485809044968,0.8755561457319918,43.59926507404928
sugar_box_yalehand0_drop60,344,1.069675123139265,1.005919229055852,0.0,0.0,0.0,0.0,0.0034344590726960505,0.0034344590726960505,-0.06375589408341287,0.0,MODE_4_TRUSTED_FUSION,no_rollout,four_mode_relocalization_v2,0.5,0,0,0,False,0,1,1.005919229055852,0,0,restarted_se3,0,30.854898504912853,4.0355259552598,0,345,cache_read_only_not_online_fps,75af0ef3fc918763f0b62d63899bd6f7a427eaf26ec2562352624519f5cf2837,cached_perception_v2,0,0,0,,,0,0.0,0,21.323886699974537,1.2985114008188248,57.512822560966015,45.540619380755146,45.58227626634972,45.540619380755146,45.53477605732488,1.0177996421341349,43.518707559082856
sugar_box_yalehand0_drop60,345,1.1321842679638592,1.092790755146283,0.0,0.0,0.0,0.0,0.0034344590726960505,0.0034344590726960505,-0.03939351281757619,0.0,MODE_4_TRUSTED_FUSION,no_rollout,four_mode_relocalization_v2,0.5,0,0,0,False,0,1,1.092790755146283,0,0,restarted_se3,0,47.070459462702274,4.15582861751318,0,346,cache_read_only_not_online_fps,75af0ef3fc918763f0b62d63899bd6f7a427eaf26ec2562352624519f5cf2837,cached_perception_v2,0,0,0,,,0,0.0,0,20.740984939038754,1.0534925386309624,73.02076555788517,45.692631607351316,45.66149933826462,45.692631607351316,45.68677265504506,1.1022015371081484,43.60394610698973
sugar_box_yalehand0_drop60,346,1.1538407169012446,1.2805098302116957,2.081963861839233,0.0,0.10134594071034297,0.0,0.041666666666666664,0.0034344590726960505,0.12666911331045116,-2.081963861839233,MODE_4_TRUSTED_FUSION,no_rollout,four_mode_relocalization_v2,0.75,0,0,0,False,0,1,1.1538407169012446,0,0,restarted_se3,0,47.299386002123356,4.720781929790974,0,347,cache_read_only_not_online_fps,75af0ef3fc918763f0b62d63899bd6f7a427eaf26ec2562352624519f5cf2837,cached_perception_v2,0,0,0,,,0,0.0,0,19.11953091621399,1.181120052933693,72.32081890106201,45.57392819374161,45.55694323990803,45.57392819374161,45.56803515338005,1.22952731632923,43.456485268181375
sugar_box_yalehand0_drop60,347,1.2616647994111525,1.3454282966366287,5.786101766142933,2.159442555973433,0.2816561503702092,0.10511745244787274,0.14634146341463414,0.041666666666666664,0.08376349722547616,-3.6266592101694997,MODE_4_TRUSTED_FUSION,no_rollout,four_mode_relocalization_v2,0.7276466656584952,0,0,0,False,0,1,1.2616647994111525,0,0,restarted_se3,0,30.471570789813995,3.743213601410389,0,348,cache_read_only_not_online_fps,75af0ef3fc918763f0b62d63899bd6f7a427eaf26ec2562352624519f5cf2837,cached_perception_v2,0,0,0,,,0,0.0,0,20.807364024221897,1.3739075511693954,56.39605596661568,45.67068791839645,45.604973251071726,45.67068791839645,45.66497812530438,1.3101927662690849,43.41397559337706
sugar_box_yalehand0_drop60,348,1.4157854942113892,1.352396113232731,9.435600825926533,8.171739112153654,0.4593066476312619,0.39778432408961073,0.8,0.8,-0.06338938097865832,-1.2638617137728794,MODE_3_RELOCALIZE,no_rollout,four_mode_relocalization_v2,,0,0,0,False,1,1,1.352396113232731,0,0,restarted_se3,1,40.12307804077864,3.8071172311902046,0,349,cache_read_only_not_online_fps,75af0ef3fc918763f0b62d63899bd6f7a427eaf26ec2562352624519f5cf2837,cached_perception_v2,1,1,1,0.3422721154413559,,1,2445.9651187062263,0,21.370362490415573,2445.9651187062263,2511.2656764686108,45.62835170516252,45.62614769269717,45.62835170516252,45.622258929058056,0.3422721154413559,43.371992012897735
sugar_box_yalehand0_drop60,349,0.749769261021159,1.2280157108766419,2.5602537048299037,0.0,0.12462815754347781,0.0,0.041666666666666664,0.0034344590726960505,0.4782464498554828,-2.5602537048299037,MODE_4_TRUSTED_FUSION,no_rollout,four_mode_relocalization_v2,0.75,0,0,0,False,0,0,0.749769261021159,0,0,restarted_se3,0,41.42324533313513,2.0901868119835854,0,350,cache_read_only_not_online_fps,75af0ef3fc918763f0b62d63899bd6f7a427eaf26ec2562352624519f5cf2837,cached_perception_v2,0,0,0,,,0,0.0,0,21.666795946657658,0.8248062804341316,66.0050343722105,45.58884025766239,45.64865956297249,45.58884025766239,45.582901990468535,0.950338376601988,43.418638557375075
sugar_box_yalehand0_drop60,350,0.7669078819054795,1.5205752947293816,0.2991295067622797,0.0,0.014561041050089596,0.0,0.008333333333333333,0.0034344590726960505,0.753667412823902,-0.2991295067622797,MODE_4_TRUSTED_FUSION,no_rollout,four_mode_relocalization_v2,0.75,0,0,0,False,0,0,0.7669078819054795,0,0,restarted_se3,0,38.26933819800615,2.602100372314453,0,351,cache_read_only_not_online_fps,75af0ef3fc918763f0b62d63899bd6f7a427eaf26ec2562352624519f5cf2837,cached_perception_v2,0,0,0,,,0,0.0,0,20.165457390248775,0.8181985467672348,61.85509450733662,45.62540228367735,45.605740476077486,45.62540228367735,45.61950912263389,1.0110600436223103,43.371436194758324
sugar_box_yalehand0_drop60,351,1.1379420714425648,1.268624318479191,9.682486968876711,0.0,0.47132458361192303,0.0,0.8,0.0034344590726960505,0.13068224703662623,-9.682486968876711,MODE_2_PRIOR,no_rollout,four_mode_relocalization_v2,1.0,0,0,0,False,0,1,1.1379420714425648,0,0,restarted_se3,0,45.95330264419317,2.445532940328121,0,352,cache_read_only_not_online_fps,75af0ef3fc918763f0b62d63899bd6f7a427eaf26ec2562352624519f5cf2837,cached_perception_v2,0,0,0,,,0,0.0,0,23.389972746372223,0.7045278325676918,72.49333616346121,45.529865148777866,45.54941726955779,45.529865148777866,45.52377754051457,1.268624318479191,43.33549310033068
sugar_box_yalehand0_drop60,352,1.0218458826727466,1.6162727871280191,0.0,0.0,0.0,0.0,0.0034344590726960505,0.0034344590726960505,0.5944269044552726,0.0,MODE_4_TRUSTED_FUSION,no_rollout,four_mode_relocalization_v2,0.5,0,0,0,False,0,1,1.0218458826727466,0,0,restarted_se3,0,47.15623799711466,3.846351057291031,0,353,cache_read_only_not_online_fps,75af0ef3fc918763f0b62d63899bd6f7a427eaf26ec2562352624519f5cf2837,cached_perception_v2,0,0,0,,,0,0.0,0,20.6881919875741,1.7554201185703278,73.44620116055012,45.377021735815184,45.36953345496168,45.377021735815184,45.37106763767827,0.8461581285161693,43.162995424579805
sugar_box_yalehand0_drop60,353,1.1693887522203776,1.0873773214798856,0.0,1.6580480038167993,0.0,0.08071054342954559,0.0034344590726960505,0.041666666666666664,-0.082011430740492,1.6580480038167993,MODE_4_TRUSTED_FUSION,no_rollout,four_mode_relocalization_v2,0.25,0,0,0,False,0,1,1.0873773214798856,0,0,restarted_se3,0,46.17588594555855,3.6461912095546722,0,354,cache_read_only_not_online_fps,75af0ef3fc918763f0b62d63899bd6f7a427eaf26ec2562352624519f5cf2837,cached_perception_v2,0,0,0,,,0,0.0,0,21.23307902365923,1.1202488094568253,72.17540498822927,45.411265339053216,45.37887478244908,45.411265339053216,45.40527277626705,1.0940758546031244,43.191607855198576
sugar_box_yalehand0_drop60,354,1.198083289768457,2.151602826139029,3.0972919990323198,3.15176894399397,0.15077013441494022,0.15342196585897241,0.041666666666666664,0.041666666666666664,0.9535195363705722,0.05447694496165001,MODE_4_TRUSTED_FUSION,no_rollout,four_mode_relocalization_v2,0.4956550952800794,0,0,0,False,0,1,1.198083289768457,0,0,restarted_se3,0,44.11186743527651,2.5323769077658653,0,355,cache_read_only_not_online_fps,75af0ef3fc918763f0b62d63899bd6f7a427eaf26ec2562352624519f5cf2837,cached_perception_v2,0,0,0,,,0,0.0,0,21.823542192578316,2.10367888212204,70.57146541774273,45.35943616739922,45.35778590827022,45.35943616739922,45.3533705334559,1.6346145655614284,43.14296632989218
sugar_box_yalehand0_drop60,355,1.3368758111764107,2.1933644668622465,3.4193746529472566,0.0,0.16644848990697886,0.0,0.041666666666666664,0.0034344590726960505,0.8564886556858358,-3.4193746529472566,MODE_4_TRUSTED_FUSION,no_rollout,four_mode_relocalization_v2,0.75,0,0,0,False,0,1,1.3368758111764107,0,0,restarted_se3,0,45.18605675548315,4.273556172847748,0,356,cache_read_only_not_online_fps,75af0ef3fc918763f0b62d63899bd6f7a427eaf26ec2562352624519f5cf2837,cached_perception_v2,0,0,0,,,0,0.0,0,21.34357299655676,1.1166660115122795,71.91985193639994,45.362151579748364,45.329100982836664,45.362151579748364,45.35602622118305,1.9121064093375222,43.06025129683347
sugar_box_yalehand0_drop60,356,1.7081716630017314,2.216545041784884,4.4853597331835555,1.1300654741580485,0.21833856481168937,0.055009383516221144,0.05,0.041666666666666664,0.5083733787831526,-3.355294259025507,MODE_4_TRUSTED_FUSION,no_rollout,four_mode_relocalization_v2,0.75,0,0,0,False,0,1,1.7081716630017314,0,0,restarted_se3,0,46.38396017253399,2.879672683775425,0,357,cache_read_only_not_online_fps,75af0ef3fc918763f0b62d63899bd6f7a427eaf26ec2562352624519f5cf2837,cached_perception_v2,0,0,0,,,0,0.0,0,24.30067118257284,1.0121306404471397,74.5764346793294,45.279674283710726,45.30530310324956,45.279674283710726,45.27367952031232,2.065234368803242,43.03484573332195
sugar_box_yalehand0_drop60,357,1.7166565662175084,2.1053355116079318,8.828893980609767,1.9469960454391555,0.42977334155374247,0.09477597061172513,0.8,0.041666666666666664,0.38867894539042336,-6.8818979351706115,MODE_2_PRIOR,no_rollout,four_mode_relocalization_v2,1.0,0,0,0,False,0,1,1.7166565662175084,0,0,restarted_se3,0,47.33107518404722,2.9391273856163025,0,358,cache_read_only_not_online_fps,75af0ef3fc918763f0b62d63899bd6f7a427eaf26ec2562352624519f5cf2837,cached_perception_v2,0,0,0,,,0,0.0,0,23.26193731278181,1.09174195677042,74.62388183921576,45.21183796407154,45.213673503932114,45.21183796407154,45.20593296841667,2.1053355116079318,42.958475896006874
sugar_box_yalehand0_drop60,358,1.9143616576862057,2.379318023587254,11.247108774408998,6.094457913450722,0.5474873219014839,0.2966663262889775,0.9985082048731975,0.25925925925925924,0.4649563659010483,-5.152650860958276,MODE_2_PRIOR,no_rollout,four_mode_relocalization_v2,1.0,0,0,0,False,0,1,1.9143616576862057,0,0,restarted_se3,0,34.64352712035179,3.679988905787468,0,359,cache_read_only_not_online_fps,75af0ef3fc918763f0b62d63899bd6f7a427eaf26ec2562352624519f5cf2837,cached_perception_v2,0,0,0,,,0,0.0,0,21.925673820078373,0.7050270214676857,60.95421686768532,45.3760330679249,45.321895311156304,45.3760330679249,45.36989589512132,2.379318023587254,43.00076558352251
sugar_box_yalehand0_drop60,359,2.0041339729396013,2.3911716526302826,7.489951025588326,0.48893724513372566,0.3645962096057084,0.023800511605723218,0.8,0.008333333333333333,0.38703767969068137,-7.0010137804546,MODE_2_PRIOR,no_rollout,four_mode_relocalization_v2,1.0,0,0,0,False,0,1,2.0041339729396013,0,0,restarted_se3,0,46.15633375942707,2.413279376924038,0,360,cache_read_only_not_online_fps,75af0ef3fc918763f0b62d63899bd6f7a427eaf26ec2562352624519f5cf2837,cached_perception_v2,0,0,0,,,0,0.0,0,19.725087098777294,0.7812520489096642,69.07595228403807,45.28163394715251,45.29261736517728,45.28163394715251,45.2754595695691,2.3911716526302826,42.9593084093808
sugar_box_yalehand0_drop60,360,2.4365429920683286,2.668722249610275,14.940171672284178,11.471799372752075,0.7272584218460258,0.5584248220546961,0.9985082048731975,0.9985082048731975,0.23217925754194635,-3.4683722995321027,MODE_3_RELOCALIZE,no_rollout,four_mode_relocalization_v2,,0,0,0,False,1,1,2.4365429920683286,0,0,restarted_se3,1,44.82665657997131,2.4960944429039955,0,361,cache_read_only_not_online_fps,75af0ef3fc918763f0b62d63899bd6f7a427eaf26ec2562352624519f5cf2837,cached_perception_v2,1,1,1,0.32328033597484607,,1,2455.394017510116,0,19.74887028336525,2455.394017510116,2522.4656388163567,45.24026103226457,45.2667170503277,45.24026103226457,45.2343312587045,0.32328033597484607,42.93092313773539
sugar_box_yalehand0_drop60,361,0.8930771342860848,2.983586340028059,0.0,0.0,0.0,0.0,0.0034344590726960505,0.0034344590726960505,2.090509205741974,0.0,MODE_4_TRUSTED_FUSION,no_rollout,four_mode_relocalization_v2,0.5,0,0,0,False,0,0,0.8930771342860848,0,0,restarted_se3,0,47.511846758425236,2.1626679226756096,0,362,cache_read_only_not_online_fps,75af0ef3fc918763f0b62d63899bd6f7a427eaf26ec2562352624519f5cf2837,cached_perception_v2,0,0,0,,,0,0.0,0,20.306933671236038,0.9329523891210556,70.91440074145794,45.37231762285525,45.30347599901135,45.37231762285525,45.36628458327426,0.9739573398427598,42.93472610636523
sugar_box_yalehand0_drop60,362,0.965150103617457,1.9626330445089337,0.0,0.3967111953509428,0.0,0.01931112735436641,0.0034344590726960505,0.008333333333333333,0.9974829408914767,0.3967111953509428,MODE_4_TRUSTED_FUSION,no_rollout,four_mode_relocalization_v2,0.25,0,0,0,False,0,0,0.965150103617457,0,0,restarted_se3,0,46.396778896450996,3.9420779794454575,0,363,cache_read_only_not_online_fps,75af0ef3fc918763f0b62d63899bd6f7a427eaf26ec2562352624519f5cf2837,cached_perception_v2,0,0,0,,,0,0.0,0,21.830735728144646,0.9668059647083282,73.13639856874943,45.29520551147784,45.3235431123971,45.29520551147784,45.28912460350162,0.5597474859334263,42.93674065144692
sugar_box_yalehand0_drop60,363,1.102625941316068,1.2463801203323728,5.39800240828266,5.075190012332053,0.262764230470753,0.24705035255950406,0.11650485436893204,0.08333333333333333,0.14375417901630483,-0.3228123959506073,MODE_4_TRUSTED_FUSION,no_rollout,four_mode_relocalization_v2,0.5153819916289926,0,0,0,False,0,1,1.102625941316068,0,0,restarted_se3,0,46.953764744102955,2.0881248638033867,0,364,cache_read_only_not_online_fps,75af0ef3fc918763f0b62d63899bd6f7a427eaf26ec2562352624519f5cf2837,cached_perception_v2,0,0,0,,,0,0.0,0,20.080366171896458,0.8381986990571022,69.9604544788599,45.286465790545165,45.29885091131896,45.286465790545165,45.28063239756122,1.1479097696431682,42.9337536550794
sugar_box_yalehand0_drop60,364,1.1923601238663646,1.837860614034349,1.9300790027260286,11.655358708199772,0.09395248196275102,0.567360132541151,0.041666666666666664,0.9985082048731975,0.6455004901679844,9.725279705473744,MODE_1_ACCEPT,no_rollout,four_mode_relocalization_v2,0.0,0,0,0,False,0,1,1.1923601238663646,0,0,restarted_se3,0,45.708187855780125,2.446115016937256,0,365,cache_read_only_not_online_fps,75af0ef3fc918763f0b62d63899bd6f7a427eaf26ec2562352624519f5cf2837,cached_perception_v2,0,0,0,,,0,0.0,0,20.60931734740734,1.0647084563970566,69.82832867652178,45.27724287408365,45.26312785340983,45.27724287408365,45.27145940405891,1.1923601238663646,42.892287151505684
sugar_box_yalehand0_drop60,365,0.8473186510052583,1.3521544054090509,1.6043704908984655,0.0,0.07809762677839183,0.0,0.041666666666666664,0.0034344590726960505,0.5048357544037926,-1.6043704908984655,MODE_4_TRUSTED_FUSION,no_rollout,four_mode_relocalization_v2,0.75,0,0,0,False,0,0,0.8473186510052583,0,0,restarted_se3,0,48.2095330953598,4.007907584309578,0,366,cache_read_only_not_online_fps,75af0ef3fc918763f0b62d63899bd6f7a427eaf26ec2562352624519f5cf2837,cached_perception_v2,0,0,0,,,0,0.0,0,21.77031710743904,1.207113265991211,75.19487105309963,45.37961023340459,45.321147412008806,45.37961023340459,45.37364724755978,1.2175986658313076,42.91969455589931
sugar_box_yalehand0_drop60,366,0.8666471338319697,1.2559394635928491,0.0,0.0,0.0,0.0,0.0034344590726960505,0.0034344590726960505,0.38929232976087946,0.0,MODE_4_TRUSTED_FUSION,no_rollout,four_mode_relocalization_v2,0.5,0,0,0,False,0,0,0.8666471338319697,0,0,restarted_se3,0,45.37577461451292,3.435795195400715,0,367,cache_read_only_not_online_fps,75af0ef3fc918763f0b62d63899bd6f7a427eaf26ec2562352624519f5cf2837,cached_perception_v2,0,0,0,,,0,0.0,0,21.517256274819374,1.1949613690376282,71.52378745377064,45.23147206463196,45.25646431169982,45.23147206463196,45.2254440418807,1.030021341201492,42.85904049907134
sugar_box_yalehand0_drop60,367,0.7265895168104093,0.8249117443435048,0.0,0.0,0.0,0.0,0.0034344590726960505,0.0034344590726960505,0.0983222275330955,0.0,MODE_4_TRUSTED_FUSION,no_rollout,four_mode_relocalization_v2,0.5,0,0,0,False,0,0,0.7265895168104093,0,0,restarted_se3,0,44.609555043280125,3.32829263061285,0,368,cache_read_only_not_online_fps,75af0ef3fc918763f0b62d63899bd6f7a427eaf26ec2562352624519f5cf2837,cached_perception_v2,0,0,0,,,0,0.0,0,20.30852437019348,1.1876989156007767,69.43407095968723,45.32830020344101,45.320952116691714,45.32830020344101,45.32229690747607,0.7650857019303527,42.91468819172481
sugar_box_yalehand0_drop60,368,0.9741360128510519,0.600821558506306,0.0,0.0,0.0,0.0,0.0034344590726960505,0.0034344590726960505,-0.37331445434474586,0.0,MODE_4_TRUSTED_FUSION,no_rollout,four_mode_relocalization_v2,0.5,0,0,0,False,0,0,0.600821558506306,0,0,restarted_se3,0,47.75460343807936,3.6803530529141426,0,369,cache_read_only_not_online_fps,75af0ef3fc918763f0b62d63899bd6f7a427eaf26ec2562352624519f5cf2837,cached_perception_v2,0,0,0,,,0,0.0,0,21.864667534828186,1.1923285201191902,74.49195254594088,45.24949369339586,45.28030821807991,45.24949369339586,45.24366291304706,0.7159811572360615,42.89917750731632
sugar_box_yalehand0_drop60,369,0.8732654045794704,0.7690090492140798,0.0,0.0,0.0,0.0,0.0034344590726960505,0.0034344590726960505,-0.10425635536539068,0.0,MODE_4_TRUSTED_FUSION,no_rollout,four_mode_relocalization_v2,0.5,0,0,0,False,0,0,0.7690090492140798,0,0,restarted_se3,0,45.025563798844814,5.006542429327965,0,370,cache_read_only_not_online_fps,75af0ef3fc918763f0b62d63899bd6f7a427eaf26ec2562352624519f5cf2837,cached_perception_v2,0,0,0,,,0,0.0,0,22.125808522105217,1.0211970657110214,73.17911181598902,45.33656784327461,45.29147738564962,45.33656784327461,45.3306171477711,0.7257470857998809,42.92510810462532
sugar_box_yalehand0_drop60,370,1.0650596204635268,0.8150813191291328,0.0,0.0,0.0,0.0,0.0034344590726960505,0.0034344590726960505,-0.24997830133439392,0.0,MODE_4_TRUSTED_FUSION,no_rollout,four_mode_relocalization_v2,0.5,0,0,0,False,0,0,0.8150813191291328,0,0,restarted_se3,0,44.878347776830196,3.1076278537511826,0,371,cache_read_only_not_online_fps,75af0ef3fc918763f0b62d63899bd6f7a427eaf26ec2562352624519f5cf2837,cached_perception_v2,0,0,0,,,0,0.0,0,20.435825921595097,1.1030621826648712,69.52486373484135,45.2936045765372,45.27805707201763,45.2936045765372,45.28756164620438,0.8605782677351607,42.880430894600394
sugar_box_yalehand0_drop60,371,0.9490546738091995,1.1087457957478237,0.0,0.0,0.0,0.0,0.0034344590726960505,0.0034344590726960505,0.15969112193862423,0.0,MODE_4_TRUSTED_FUSION,no_rollout,four_mode_relocalization_v2,0.5,0,0,0,False,0,0,0.9490546738091995,0,0,restarted_se3,0,49.54198282212019,3.684195689857006,0,372,cache_read_only_not_online_fps,75af0ef3fc918763f0b62d63899bd6f7a427eaf26ec2562352624519f5cf2837,cached_perception_v2,0,0,0,,,0,0.0,0,21.103207021951675,1.1442778632044792,75.47366339713335,45.328106638554864,45.3526022134261,45.328106638554864,45.322079958822236,1.010505390629594,42.99092487713266
sugar_box_yalehand0_drop60,372,1.1294368345411459,1.1328616081412912,0.0,0.0,0.0,0.0,0.0034344590726960505,0.0034344590726960505,0.00342477360014537,0.0,MODE_4_TRUSTED_FUSION,no_rollout,four_mode_relocalization_v2,0.5,0,0,0,False,0,1,1.1294368345411459,0,0,restarted_se3,0,47.219013795256615,3.9263125509023666,0,373,cache_read_only_not_online_fps,75af0ef3fc918763f0b62d63899bd6f7a427eaf26ec2562352624519f5cf2837,cached_perception_v2,0,0,0,,,0,0.0,0,20.466169342398643,0.9899679571390152,72.60146364569664,45.34239590352965,45.317933278303286,45.34239590352965,45.33645491172128,1.1127598981701081,42.946471253512726
sugar_box_yalehand0_drop60,373,1.0263459893895572,1.2360332499744158,0.0,0.0,0.0,0.0,0.0034344590726960505,0.0034344590726960505,0.20968726058485854,0.0,MODE_4_TRUSTED_FUSION,no_rollout,four_mode_relocalization_v2,0.5,0,0,0,False,0,1,1.0263459893895572,0,0,restarted_se3,0,45.12162320315838,3.0200211331248283,0,374,cache_read_only_not_online_fps,75af0ef3fc918763f0b62d63899bd6f7a427eaf26ec2562352624519f5cf2837,cached_perception_v2,0,0,0,,,0,0.0,0,24.92296602576971,1.212993636727333,74.27760399878025,45.24005781453846,45.251843892197044,45.24005781453846,45.23416679583412,1.0839454913392075,42.93975845496295
sugar_box_yalehand0_drop60,374,0.7827778449356831,1.1561726124271638,0.0,3.018260231948749,0.0,0.14692302211491715,0.0034344590726960505,0.041666666666666664,0.3733947674914807,3.018260231948749,MODE_4_TRUSTED_FUSION,no_rollout,four_mode_relocalization_v2,0.25,0,0,0,False,0,0,0.7827778449356831,0,0,restarted_se3,0,45.296523720026016,4.6834796667099,0,375,cache_read_only_not_online_fps,75af0ef3fc918763f0b62d63899bd6f7a427eaf26ec2562352624519f5cf2837,cached_perception_v2,0,0,0,,,0,0.0,0,22.14054111391306,1.1544851586222649,73.27502965927124,45.33456391001575,45.27557745756441,45.33456391001575,45.32855489467088,0.8772986316005643,42.94969740168585
sugar_box_yalehand0_drop60,375,0.8874499347048531,0.8182323569272879,3.907841284186297,2.601533308309696,0.1902260929460634,0.12663756814060206,0.041666666666666664,0.041666666666666664,-0.06921757777756521,-1.3063079758766012,MODE_4_TRUSTED_FUSION,no_rollout,four_mode_relocalization_v2,0.6000331622402167,0,0,0,False,0,0,0.8182323569272879,0,0,restarted_se3,0,47.75881301611662,2.9164692386984825,0,376,cache_read_only_not_online_fps,75af0ef3fc918763f0b62d63899bd6f7a427eaf26ec2562352624519f5cf2837,cached_perception_v2,0,0,0,,,0,0.0,0,23.686127737164497,0.8367178961634636,75.19812788814306,45.277396020461126,45.30827077695078,45.277396020461126,45.271366242617475,0.8211751024255656,43.015483127705565
sugar_box_yalehand0_drop60,376,1.0239729552292924,0.9294799827659371,0.0,1.3572898365926258,0.0,0.06607022236425797,0.0034344590726960505,0.041666666666666664,-0.09449297246335531,1.3572898365926258,MODE_4_TRUSTED_FUSION,no_rollout,four_mode_relocalization_v2,0.25,0,0,0,False,0,0,0.9294799827659371,0,0,restarted_se3,0,47.27789480239153,2.4603204801678658,0,377,cache_read_only_not_online_fps,75af0ef3fc918763f0b62d63899bd6f7a427eaf26ec2562352624519f5cf2837,cached_perception_v2,0,0,0,,,0,0.0,0,22.533243522047997,1.99130829423666,74.26276709884405,45.30492321716958,45.28681690741572,45.30492321716958,45.29911371774925,0.8759286471917458,43.011870206194175
sugar_box_yalehand0_drop60,377,1.0312147428218843,1.19377683287693,7.052790509899814,1.7919275589263066,0.3433160882184275,0.08722753909078101,0.6923076923076923,0.041666666666666664,0.16256209005504574,-5.260862950973507,MODE_2_PRIOR,no_rollout,four_mode_relocalization_v2,1.0,0,0,0,False,0,1,1.0312147428218843,0,0,restarted_se3,0,49.06074982136488,3.313245251774788,0,378,cache_read_only_not_online_fps,75af0ef3fc918763f0b62d63899bd6f7a427eaf26ec2562352624519f5cf2837,cached_perception_v2,0,0,0,,,0,0.0,0,20.788025110960007,1.8222471699118614,74.98426735401154,45.27056786854388,45.28096426405021,45.27056786854388,45.26467553226264,1.19377683287693,43.00713371560249
sugar_box_yalehand0_drop60,378,1.1713900158491657,1.569559846882239,6.293116672812244,1.5947955939854976,0.30633664728583526,0.07763153946888779,0.35,0.041666666666666664,0.39816983103307324,-4.698321078826746,MODE_4_TRUSTED_FUSION,no_rollout,four_mode_relocalization_v2,0.75,0,0,0,False,0,1,1.1713900158491657,0,0,restarted_se3,0,44.30549778044224,3.8311872631311417,0,379,cache_read_only_not_online_fps,75af0ef3fc918763f0b62d63899bd6f7a427eaf26ec2562352624519f5cf2837,cached_perception_v2,0,0,0,,,0,0.0,0,22.21310045570135,1.4994144439697266,71.84919994324446,45.269442451921535,45.27196088865878,45.269442451921535,45.26362188123471,1.3999259116128995,43.05781806611344
sugar_box_yalehand0_drop60,379,1.1649339226891646,1.6075555855784727,2.6779850779770515,3.1149206501291813,0.13035909119771405,0.1516282627723112,0.041666666666666664,0.041666666666666664,0.44262166288930804,0.43693557215212975,MODE_4_TRUSTED_FUSION,no_rollout,four_mode_relocalization_v2,0.4624167677415201,0,0,0,False,0,1,1.1649339226891646,0,0,restarted_se3,0,48.564933240413666,2.226957120001316,0,380,cache_read_only_not_online_fps,75af0ef3fc918763f0b62d63899bd6f7a427eaf26ec2562352624519f5cf2837,cached_perception_v2,0,0,0,,,0,0.0,0,22.603517398238182,1.4881379902362823,74.88354574888945,45.334816635353135,45.299691170292135,45.334816635353135,45.32883010960106,1.1897152633391201,43.08239453399364
sugar_box_yalehand0_drop60,380,1.1883032817765926,1.1890196371837434,10.077147112382724,5.501813508480057,0.49053586976228003,0.26781755238402893,0.8,0.11650485436893204,0.0007163554071507594,-4.575333603902667,MODE_2_PRIOR,no_rollout,four_mode_relocalization_v2,1.0,0,0,0,False,0,1,1.1883032817765926,0,0,restarted_se3,0,46.97091598063707,2.2862134501338005,0,381,cache_read_only_not_online_fps,75af0ef3fc918763f0b62d63899bd6f7a427eaf26ec2562352624519f5cf2837,cached_perception_v2,0,0,0,,,0,0.0,0,22.9495782405138,1.2641847133636475,73.47089238464832,45.481827396609376,45.45732763069797,45.481827396609376,45.47601798901935,1.1890196371837434,43.26341150816301
sugar_box_yalehand0_drop60,381,0.8266336853348865,1.448214672972992,0.0,8.122106223586693,0.0,0.39536829186436995,0.0034344590726960505,0.8,0.6215809876381054,8.122106223586693,MODE_1_ACCEPT,no_rollout,four_mode_relocalization_v2,0.0,0,0,0,False,0,0,0.8266336853348865,0,0,restarted_se3,0,46.2824460119009,2.1601486951112747,0,382,cache_read_only_not_online_fps,75af0ef3fc918763f0b62d63899bd6f7a427eaf26ec2562352624519f5cf2837,cached_perception_v2,0,0,0,,,0,0.0,0,22.533493116497993,1.184605062007904,72.16069288551807,45.40033027969132,45.438672418837456,45.40033027969132,45.39447414427775,0.8266336853348865,43.29961415289298
sugar_box_yalehand0_drop60,382,0.9735652503518464,0.7129935977411282,0.993394135473093,0.0,0.04835648927485209,0.0,0.041666666666666664,0.0034344590726960505,-0.26057165261071813,-0.993394135473093,MODE_4_TRUSTED_FUSION,no_rollout,four_mode_relocalization_v2,0.75,0,0,0,False,0,0,0.7129935977411282,0,0,restarted_se3,0,45.94688210636377,2.42749135941267,0,383,cache_read_only_not_online_fps,75af0ef3fc918763f0b62d63899bd6f7a427eaf26ec2562352624519f5cf2837,cached_perception_v2,0,0,0,,,0,0.0,0,22.744759917259216,1.3612732291221619,72.48040661215782,45.31366142708054,45.328656947728895,45.31366142708054,45.30779734981516,0.6465641406284036,43.28001141779269
sugar_box_yalehand0_drop60,383,1.0739051859809845,0.6157642853111747,0.0,0.0,0.0,0.0,0.0034344590726960505,0.0034344590726960505,-0.45814090066980984,0.0,MODE_4_TRUSTED_FUSION,no_rollout,four_mode_relocalization_v2,0.5,0,0,0,False,0,0,0.6157642853111747,0,0,restarted_se3,0,46.59381229430437,2.4644387885928154,0,384,cache_read_only_not_online_fps,75af0ef3fc918763f0b62d63899bd6f7a427eaf26ec2562352624519f5cf2837,cached_perception_v2,0,0,0,,,0,0.0,0,22.447410970926285,1.3584373518824577,72.86409940570593,45.29400436621294,45.311887840536066,45.29400436621294,45.288080142917615,0.5315622420510868,43.395607731818906
sugar_box_yalehand0_drop60,384,0.8557631143191894,0.6871243624901754,0.0,0.0,0.0,0.0,0.0034344590726960505,0.0034344590726960505,-0.168638751829014,0.0,MODE_4_TRUSTED_FUSION,no_rollout,four_mode_relocalization_v2,0.5,0,0,0,False,0,0,0.6871243624901754,0,0,restarted_se3,0,46.85947112739086,2.4965032935142517,0,385,cache_read_only_not_online_fps,75af0ef3fc918763f0b62d63899bd6f7a427eaf26ec2562352624519f5cf2837,cached_perception_v2,0,0,0,,,0,0.0,0,22.778483107686043,1.3251546770334244,73.45961220562458,45.35440580032288,45.29891482407251,45.35440580032288,45.34849306485266,0.7559828112027966,43.462919717852365
sugar_box_yalehand0_drop60,385,0.8590614233710379,1.1015958859171806,0.0,5.548477015762155,0.0,0.270089040918979,0.0034344590726960505,0.11650485436893204,0.24253446254614275,5.548477015762155,MODE_4_TRUSTED_FUSION,no_rollout,four_mode_relocalization_v2,0.25,0,0,0,False,0,0,0.8590614233710379,0,0,restarted_se3,0,46.65110260248184,2.497972920536995,0,386,cache_read_only_not_online_fps,75af0ef3fc918763f0b62d63899bd6f7a427eaf26ec2562352624519f5cf2837,cached_perception_v2,0,0,0,,,0,0.0,0,23.009037598967552,0.7941508665680885,72.95226398855448,45.33324222818487,45.27561075764289,45.33324222818487,45.32716034618352,0.8619192566375463,43.449473970408484
sugar_box_yalehand0_drop60,386,1.2019553924504776,1.0265661890813673,0.0,0.0,0.0,0.0,0.0034344590726960505,0.0034344590726960505,-0.17538920336911024,0.0,MODE_4_TRUSTED_FUSION,no_rollout,four_mode_relocalization_v2,0.5,0,0,0,False,0,1,1.0265661890813673,0,0,restarted_se3,0,46.35540675371885,2.122459001839161,0,387,cache_read_only_not_online_fps,75af0ef3fc918763f0b62d63899bd6f7a427eaf26ec2562352624519f5cf2837,cached_perception_v2,0,0,0,,,0,0.0,0,22.72327058017254,0.8651344105601311,72.06627074629068,45.28826963510594,45.304399677758845,45.28826963510594,45.28221867231903,1.1001670126857899,43.53487812686302
sugar_box_yalehand0_drop60,387,1.3222478457146416,1.3558848918634778,0.0,2.1524891591662483,0.0,0.10477897465127262,0.0034344590726960505,0.041666666666666664,0.033637046148836225,2.1524891591662483,MODE_4_TRUSTED_FUSION,no_rollout,four_mode_relocalization_v2,0.25,0,0,0,False,0,1,1.3222478457146416,0,0,restarted_se3,0,50.51317531615496,2.60795745998621,0,388,cache_read_only_not_online_fps,75af0ef3fc918763f0b62d63899bd6f7a427eaf26ec2562352624519f5cf2837,cached_perception_v2,0,0,0,,,0,0.0,0,22.156065329909325,1.1373348534107208,76.41453295946121,45.24324525992318,45.27378547640563,45.24324525992318,45.237320636009564,1.3241411564843022,43.573118737954616
sugar_box_yalehand0_drop60,388,1.6941949553620148,1.6230806811010845,0.5265061603652498,0.0,0.02562929313521739,0.0,0.008333333333333333,0.0034344590726960505,-0.07111427426093031,-0.5265061603652498,MODE_4_TRUSTED_FUSION,no_rollout,four_mode_relocalization_v2,0.75,0,0,0,False,0,1,1.6230806811010845,0,0,restarted_se3,0,47.0568872988224,2.7565965428948402,0,389,cache_read_only_not_online_fps,75af0ef3fc918763f0b62d63899bd6f7a427eaf26ec2562352624519f5cf2837,cached_perception_v2,0,0,0,,,0,0.0,0,22.191191092133522,0.873291864991188,72.87796679884195,45.33868553819642,45.312691421159165,45.33868553819642,45.332560214812894,1.6136538863567855,43.69224987728434
sugar_box_yalehand0_drop60,389,1.5025982160710474,1.947693805765082,3.8802360303304266,2.665258977296021,0.1888823230219786,0.12973960943401322,0.041666666666666664,0.041666666666666664,0.44509558969403473,-1.2149770530344055,MODE_4_TRUSTED_FUSION,no_rollout,four_mode_relocalization_v2,0.5925274523568362,0,0,0,False,0,1,1.5025982160710474,0,0,restarted_se3,0,45.706977136433125,2.1965932101011276,0,390,cache_read_only_not_online_fps,75af0ef3fc918763f0b62d63899bd6f7a427eaf26ec2562352624519f5cf2837,cached_perception_v2,0,0,0,,,0,0.0,0,21.867288276553154,0.8438536897301674,70.61471231281757,45.28328905405801,45.324327270719316,45.28328905405801,45.277066006105336,1.6977107810367265,43.80399009612759
sugar_box_yalehand0_drop60,390,1.5529365019018055,1.826153023124761,1.752394955059936,4.6872760155952,0.08530316902797536,0.22816745567805902,0.041666666666666664,0.05,0.27321652122295537,2.9348810605352638,MODE_4_TRUSTED_FUSION,no_rollout,four_mode_relocalization_v2,0.2728304526757026,0,0,0,False,0,1,1.5529365019018055,0,0,restarted_se3,0,44.84290350228548,3.902955912053585,0,391,cache_read_only_not_online_fps,75af0ef3fc918763f0b62d63899bd6f7a427eaf26ec2562352624519f5cf2837,cached_perception_v2,0,0,0,,,0,0.0,0,21.925159730017185,0.8449023589491844,71.51592150330544,45.284519106328354,45.26134661499309,45.284519106328354,45.27849212174367,1.6031883719388733,43.864522157960494
sugar_box_yalehand0_drop60,391,1.8193271421681299,1.6696773484764955,9.898363172151397,7.4480459891473965,0.4818330162023537,0.3625563541517067,0.8,0.8,-0.14964979369163434,-2.4503171830040005,MODE_3_RELOCALIZE,no_rollout,four_mode_relocalization_v2,,0,0,0,False,1,1,1.6696773484764955,0,0,restarted_se3,1,44.905735179781914,2.1277042105793953,0,392,cache_read_only_not_online_fps,75af0ef3fc918763f0b62d63899bd6f7a427eaf26ec2562352624519f5cf2837,cached_perception_v2,1,1,1,0.4749664573162825,,1,2454.6667728573084,0,21.110374480485916,2454.6667728573084,2522.8105867281556,45.21450068920396,45.24132480326873,45.21450068920396,45.20842271391018,0.4749664573162825,43.989370952420316
sugar_box_yalehand0_drop60,392,0.45453026286351345,1.9156011427878377,0.0,0.0,0.0,0.0,0.0034344590726960505,0.0034344590726960505,1.4610708799243242,0.0,MODE_4_TRUSTED_FUSION,no_rollout,four_mode_relocalization_v2,0.5,0,0,0,False,0,0,0.45453026286351345,0,0,restarted_se3,0,46.675583347678185,1.7814747989177704,0,393,cache_read_only_not_online_fps,75af0ef3fc918763f0b62d63899bd6f7a427eaf26ec2562352624519f5cf2837,cached_perception_v2,0,0,0,,,0,0.0,0,22.432228550314903,0.8296528831124306,71.71893958002329,45.26507241809756,45.17293413469006,45.26507241809756,45.25894283529475,0.9578606631138763,43.995439581877115
sugar_box_yalehand0_drop60,393,0.6809316463575089,1.644627279121538,0.0,0.0,0.0,0.0,0.0034344590726960505,0.0034344590726960505,0.963695632764029,0.0,MODE_4_TRUSTED_FUSION,no_rollout,four_mode_relocalization_v2,0.5,0,0,0,False,0,0,0.6809316463575089,0,0,restarted_se3,0,46.2899561971426,2.1709026768803596,0,394,cache_read_only_not_online_fps,75af0ef3fc918763f0b62d63899bd6f7a427eaf26ec2562352624519f5cf2837,cached_perception_v2,0,0,0,,,0,0.0,0,21.251263096928596,0.818115659058094,70.53023763000965,45.17656633881823,45.19123893977474,45.17656633881823,45.170453202655935,0.7869377061080828,44.12910459536693
sugar_box_yalehand0_drop60,394,0.6149940492407703,0.6842546735056155,0.0,0.0,0.0,0.0,0.0034344590726960505,0.0034344590726960505,0.06926062426484525,0.0,MODE_4_TRUSTED_FUSION,no_rollout,four_mode_relocalization_v2,0.5,0,0,0,False,0,0,0.6149940492407703,0,0,restarted_se3,0,45.53378000855446,2.184448763728142,0,395,cache_read_only_not_online_fps,75af0ef3fc918763f0b62d63899bd6f7a427eaf26ec2562352624519f5cf2837,cached_perception_v2,0,0,0,,,0,0.0,0,21.546331234276295,0.8275946602225304,70.09215466678143,45.294498670175216,45.26680096062425,45.294498670175216,45.28850823401469,0.45924431631775764,44.24631740917755
sugar_box_yalehand0_drop60,395,0.5668174110375478,0.9159139372547491,0.0,2.269320097490992,0.0,0.11046607689431218,0.0034344590726960505,0.041666666666666664,0.34909652621720133,2.269320097490992,MODE_4_TRUSTED_FUSION,no_rollout,four_mode_relocalization_v2,0.25,0,0,0,False,0,0,0.5668174110375478,0,0,restarted_se3,0,49.334075301885605,2.3007066920399666,0,396,cache_read_only_not_online_fps,75af0ef3fc918763f0b62d63899bd6f7a427eaf26ec2562352624519f5cf2837,cached_perception_v2,0,0,0,,,0,0.0,0,22.272786125540733,0.7846252992749214,74.69219341874123,45.32532940454974,45.34580523357795,45.32532940454974,45.319127312053425,0.6415694745512122,44.42773106067358
sugar_box_yalehand0_drop60,396,0.7155662653911942,0.9870337339201816,0.0,0.0,0.0,0.0,0.0034344590726960505,0.0034344590726960505,0.2714674685289874,0.0,MODE_4_TRUSTED_FUSION,no_rollout,four_mode_relocalization_v2,0.5,0,0,0,False,0,0,0.7155662653911942,0,0,restarted_se3,0,46.48182913661003,2.1243607625365257,0,397,cache_read_only_not_online_fps,75af0ef3fc918763f0b62d63899bd6f7a427eaf26ec2562352624519f5cf2837,cached_perception_v2,0,0,0,,,0,0.0,0,22.576050832867622,0.8178148418664932,72.00005557388067,45.43312373877081,45.39363720321941,45.43312373877081,45.4270549566471,0.8447408535579195,44.55188367515901
sugar_box_yalehand0_drop60,397,0.7944088480889181,1.0794841255861598,0.058994641624319145,1.0277004457297056,0.002871744107510288,0.05002645355664603,0.007797959941373032,0.041666666666666664,0.2850752774972417,0.9687058041053865,MODE_4_TRUSTED_FUSION,no_rollout,four_mode_relocalization_v2,0.25,0,0,0,False,0,0,0.7944088480889181,0,0,restarted_se3,0,46.10839486122131,2.3989714682102203,0,398,cache_read_only_not_online_fps,75af0ef3fc918763f0b62d63899bd6f7a427eaf26ec2562352624519f5cf2837,cached_perception_v2,0,0,0,,,0,0.0,0,22.30817824602127,0.8068736642599106,71.62241823971272,45.41752283211642,45.4088010264368,45.41752283211642,45.41133185881231,0.8578936749909036,44.629805145211336
sugar_box_yalehand0_drop60,398,0.797595102322783,0.9157724189721621,0.0,0.0,0.0,0.0,0.0034344590726960505,0.0034344590726960505,0.11817731664937914,0.0,MODE_4_TRUSTED_FUSION,no_rollout,four_mode_relocalization_v2,0.5,0,0,0,False,0,0,0.797595102322783,0,0,restarted_se3,0,46.77477013319731,2.5464557111263275,0,399,cache_read_only_not_online_fps,75af0ef3fc918763f0b62d63899bd6f7a427eaf26ec2562352624519f5cf2837,cached_perception_v2,0,0,0,,,0,0.0,0,21.766209974884987,0.7850741967558861,71.87251001596451,45.41703641522389,45.440019527972964,45.41703641522389,45.41112446055959,0.8399218358265385,44.77866894660762
sugar_box_yalehand0_drop60,399,0.5926251029108854,0.8437240251316094,0.0,0.0,0.0,0.0,0.0034344590726960505,0.0034344590726960505,0.25109892222072394,0.0,MODE_4_TRUSTED_FUSION,no_rollout,four_mode_relocalization_v2,0.5,0,0,0,False,0,0,0.5926251029108854,0,0,restarted_se3,0,44.182914309203625,2.2656582295894623,0,400,cache_read_only_not_online_fps,75af0ef3fc918763f0b62d63899bd6f7a427eaf26ec2562352624519f5cf2837,cached_perception_v2,0,0,0,,,0,0.0,0,22.366154938936234,0.776488333940506,69.59121581166983,45.36920157304113,45.421371964232755,45.36920157304113,45.36299728764678,0.7004698196867122,44.924020404883436
sugar_box_yalehand0_drop60,400,0.6507641043901171,0.6273122411193026,0.0,0.0,0.0,0.0,0.0034344590726960505,0.0034344590726960505,-0.0234518632708145,0.0,MODE_4_TRUSTED_FUSION,no_rollout,four_mode_relocalization_v2,0.5,0,0,0,False,0,0,0.6273122411193026,0,0,restarted_se3,0,46.43597733229399,3.156992606818676,0,401,cache_read_only_not_online_fps,75af0ef3fc918763f0b62d63899bd6f7a427eaf26ec2562352624519f5cf2837,cached_perception_v2,0,0,0,,,0,0.0,0,21.44564874470234,0.812227837741375,71.85084652155638,45.29352290455171,45.31899753509636,45.29352290455171,45.28745581332756,0.595756066792998,45.00838593558084
sugar_box_yalehand0_drop60,401,0.628750572935287,0.5490895115183888,0.0,0.0,0.0,0.0,0.0034344590726960505,0.0034344590726960505,-0.07966106141689822,0.0,MODE_4_TRUSTED_FUSION,no_rollout,four_mode_relocalization_v2,0.5,0,0,0,False,0,0,0.5490895115183888,0,0,restarted_se3,0,46.38298135250807,2.5828955695033073,0,402,cache_read_only_not_online_fps,75af0ef3fc918763f0b62d63899bd6f7a427eaf26ec2562352624519f5cf2837,cached_perception_v2,0,0,0,,,0,0.0,0,22.26064819842577,0.7885061204433441,72.01503124088049,45.397341692276974,45.335557727039664,45.397341692276974,45.39125779496692,0.5852043479694228,45.1833875129415
sugar_box_yalehand0_drop60,402,0.7111764317380688,0.6474287298573789,0.0,0.0,0.0,0.0,0.0034344590726960505,0.0034344590726960505,-0.0637477018806899,0.0,MODE_4_TRUSTED_FUSION,no_rollout,four_mode_relocalization_v2,0.5,0,0,0,False,0,0,0.6474287298573789,0,0,restarted_se3,0,45.67992314696312,2.304626628756523,0,403,cache_read_only_not_online_fps,75af0ef3fc918763f0b62d63899bd6f7a427eaf26ec2562352624519f5cf2837,cached_perception_v2,0,0,0,,,0,0.0,0,22.51109667122364,1.2949369847774506,71.79058343172073,45.32739879253645,45.30815642586556,45.32739879253645,45.32131015268189,0.6747904473349242,45.27115295598955
sugar_box_yalehand0_drop60,403,0.695754251690779,0.7308189839082013,0.0,0.226772240197684,0.0,0.011038830419238477,0.0034344590726960505,0.008333333333333333,0.035064732217422345,0.226772240197684,MODE_4_TRUSTED_FUSION,no_rollout,four_mode_relocalization_v2,0.25,0,0,0,False,0,0,0.695754251690779,0,0,restarted_se3,0,53.06551232933998,2.7976343408226967,0,404,cache_read_only_not_online_fps,75af0ef3fc918763f0b62d63899bd6f7a427eaf26ec2562352624519f5cf2837,cached_perception_v2,0,0,0,,,0,0.0,0,22.43379969149828,0.8111260831356049,79.10807244479656,45.33007245747737,45.31962806533535,45.33007245747737,45.324071147266174,0.6342474100865717,45.33007245747737
sugar_box_yalehand0_drop60,404,1.0964609981463491,0.884478690523026,4.9220703926092035,0.0,0.23959678807336868,0.0,0.05,0.0034344590726960505,-0.21198230762332315,-4.9220703926092035,MODE_4_TRUSTED_FUSION,no_rollout,four_mode_relocalization_v2,0.75,0,0,0,False,0,0,0.884478690523026,0,0,restarted_se3,0,49.1481963545084,2.312847413122654,0,405,cache_read_only_not_online_fps,75af0ef3fc918763f0b62d63899bd6f7a427eaf26ec2562352624519f5cf2837,cached_perception_v2,0,0,0,,,0,0.0,0,21.88472170382738,0.8377712219953537,74.18353669345379,45.28032189488185,45.26688896689674,45.28032189488185,45.27412557383269,0.8478026637484289,45.28032189488185
sugar_box_yalehand0_drop60,405,1.0995269745085507,1.0615667642166962,0.0,0.0,0.0,0.0,0.0034344590726960505,0.0034344590726960505,-0.03796021029185459,0.0,MODE_4_TRUSTED_FUSION,no_rollout,four_mode_relocalization_v2,0.5,0,0,0,False,0,1,1.0615667642166962,0,0,restarted_se3,0,44.53801549971104,2.4148980155587196,0,406,cache_read_only_not_online_fps,75af0ef3fc918763f0b62d63899bd6f7a427eaf26ec2562352624519f5cf2837,cached_perception_v2,0,0,0,,,0,0.0,0,22.127000615000725,0.8347425609827042,69.91465669125319,45.36729661350219,45.341136375402655,45.36729661350219,45.36107312070034,1.0498470563440983,45.33782679236874
sugar_box_yalehand0_drop60,406,0.9504715820591418,1.2930268797289841,2.327216944829064,0.0,0.11328438251680098,0.0,0.041666666666666664,0.0034344590726960505,0.3425552976698423,-2.327216944829064,MODE_4_TRUSTED_FUSION,no_rollout,four_mode_relocalization_v2,0.75,0,0,0,False,0,0,0.9504715820591418,0,0,restarted_se3,0,45.854330994188786,2.3698601871728897,0,407,cache_read_only_not_online_fps,75af0ef3fc918763f0b62d63899bd6f7a427eaf26ec2562352624519f5cf2837,cached_perception_v2,0,0,0,,,0,0.0,0,22.167759016156197,0.832289457321167,71.22423965483904,45.26860633482846,45.29686656396376,45.26860633482846,45.26245697003933,1.1941154546082058,45.26860633482846
sugar_box_yalehand0_drop60,407,0.8097550471226826,1.316579916308318,0.7512023773694068,2.921471577613769,0.03656706679389393,0.14221153917159593,0.008333333333333333,0.041666666666666664,0.5068248691856354,2.1702692002443627,MODE_4_TRUSTED_FUSION,no_rollout,four_mode_relocalization_v2,0.25,0,0,0,False,0,0,0.8097550471226826,0,0,restarted_se3,0,46.73785250633955,2.1155504509806633,0,408,cache_read_only_not_online_fps,75af0ef3fc918763f0b62d63899bd6f7a427eaf26ec2562352624519f5cf2837,cached_perception_v2,0,0,0,,,0,0.0,0,22.96337392181158,0.828833319246769,72.64561019837856,45.32541808875318,45.367472529995304,45.32541808875318,45.31942517208446,0.9329621151780876,45.32541808875318
sugar_box_yalehand0_drop60,408,0.7698757573568746,0.7763796061663649,0.0,0.838479824436762,0.0,0.04081556271544384,0.0034344590726960505,0.041666666666666664,0.006503848809490287,0.838479824436762,MODE_4_TRUSTED_FUSION,no_rollout,four_mode_relocalization_v2,0.25,0,0,0,False,0,0,0.7698757573568746,0,0,restarted_se3,0,46.556197106838226,2.0382218062877655,0,409,cache_read_only_not_online_fps,75af0ef3fc918763f0b62d63899bd6f7a427eaf26ec2562352624519f5cf2837,cached_perception_v2,0,0,0,,,0,0.0,0,22.17326872050762,0.8338978514075279,71.60158548504114,45.33120042419069,45.257864855351414,45.33120042419069,45.3250134469594,0.7285851452944558,45.136168532377674
sugar_box_yalehand0_drop60,409,0.7340291497753462,0.6476116888948431,0.0,0.0,0.0,0.0,0.0034344590726960505,0.0034344590726960505,-0.08641746088050306,0.0,MODE_4_TRUSTED_FUSION,no_rollout,four_mode_relocalization_v2,0.5,0,0,0,False,0,0,0.6476116888948431,0,0,restarted_se3,0,46.00220452994108,2.379048615694046,0,410,cache_read_only_not_online_fps,75af0ef3fc918763f0b62d63899bd6f7a427eaf26ec2562352624519f5cf2837,cached_perception_v2,0,0,0,,,0,0.0,0,22.48507458716631,0.7995283231139183,71.66585605591536,45.26123677622603,45.28165850048509,45.26123677622603,45.25504071533643,0.663420283251357,45.10799856965589
sugar_box_yalehand0_drop60,410,0.7492633528381512,0.6968674528408341,0.0,0.0,0.0,0.0,0.0034344590726960505,0.0034344590726960505,-0.052395899997317086,0.0,MODE_4_TRUSTED_FUSION,no_rollout,four_mode_relocalization_v2,0.5,0,0,0,False,0,0,0.6968674528408341,0,0,restarted_se3,0,44.96680945158005,2.334384247660637,0,411,cache_read_only_not_online_fps,75af0ef3fc918763f0b62d63899bd6f7a427eaf26ec2562352624519f5cf2837,cached_perception_v2,0,0,0,,,0,0.0,0,21.762083284556866,0.8057178929448128,69.86899487674236,45.303960836465905,45.27762990845709,45.303960836465905,45.297713836396795,0.6703598083986598,45.032326651606084
sugar_box_yalehand0_drop60,411,0.5202319884025406,0.6344658931806756,0.0,0.0,0.0,0.0,0.0034344590726960505,0.0034344590726960505,0.114233904778135,0.0,MODE_4_TRUSTED_FUSION,no_rollout,four_mode_relocalization_v2,0.5,0,0,0,False,0,0,0.5202319884025406,0,0,restarted_se3,0,48.63745905458927,2.4003610014915466,0,412,cache_read_only_not_online_fps,75af0ef3fc918763f0b62d63899bd6f7a427eaf26ec2562352624519f5cf2837,cached_perception_v2,0,0,0,,,0,0.0,0,22.29311689734459,0.8025951683521271,74.13353212177753,45.17568742097801,45.20325339759307,45.17568742097801,45.169606423884744,0.5395635834469283,44.920294433102185
sugar_box_yalehand0_drop60,412,0.5033857544984804,0.4303598243234185,0.0,0.0,0.0,0.0,0.0034344590726960505,0.0034344590726960505,-0.07302593017506193,0.0,MODE_4_TRUSTED_FUSION,no_rollout,four_mode_relocalization_v2,0.5,0,0,0,False,0,0,0.4303598243234185,0,0,restarted_se3,0,44.09780725836754,2.4380385875701904,0,413,cache_read_only_not_online_fps,75af0ef3fc918763f0b62d63899bd6f7a427eaf26ec2562352624519f5cf2837,cached_perception_v2,0,0,0,,,0,0.0,0,22.31745235621929,0.7804399356245995,69.63373813778162,45.28090373705563,45.2444464868538,45.28090373705563,45.27467719964948,0.40564139043818687,44.89332997146385
sugar_box_yalehand0_drop60,413,0.9793732329969709,0.5629333952838904,0.0,0.0,0.0,0.0,0.0034344590726960505,0.0034344590726960505,-0.41643983771308046,0.0,MODE_4_TRUSTED_FUSION,no_rollout,four_mode_relocalization_v2,0.5,0,0,0,False,0,0,0.5629333952838904,0,0,restarted_se3,0,47.15659096837044,2.0549194887280464,0,414,cache_read_only_not_online_fps,75af0ef3fc918763f0b62d63899bd6f7a427eaf26ec2562352624519f5cf2837,cached_perception_v2,0,0,0,,,0,0.0,0,23.37564341723919,0.7837386801838875,73.37089255452156,45.35177963093318,45.323945805393414,45.35177963093318,45.34539700208517,0.7473146301223073,44.88516847015298
sugar_box_yalehand0_drop60,414,0.8814970672768568,1.095187174398815,0.0,0.0,0.0,0.0,0.0034344590726960505,0.0034344590726960505,0.21369010712195824,0.0,MODE_4_TRUSTED_FUSION,no_rollout,four_mode_relocalization_v2,0.5,0,0,0,False,0,0,0.8814970672768568,0,0,restarted_se3,0,44.28853280842304,1.9778115674853325,0,415,cache_read_only_not_online_fps,75af0ef3fc918763f0b62d63899bd6f7a427eaf26ec2562352624519f5cf2837,cached_perception_v2,0,0,0,,,0,0.0,0,21.9303946942091,0.8584102615714073,69.05514933168888,45.33086482623666,45.31036514840457,45.33086482623666,45.32470441568517,0.9634346805693753,44.76906279661845
sugar_box_yalehand0_drop60,415,0.7288012748144643,1.1945542406433178,0.0,0.0,0.0,0.0,0.0034344590726960505,0.0034344590726960505,0.4657529658288535,0.0,MODE_4_TRUSTED_FUSION,no_rollout,four_mode_relocalization_v2,0.5,0,0,0,False,0,0,0.7288012748144643,0,0,restarted_se3,0,45.046224258840084,2.401730976998806,0,416,cache_read_only_not_online_fps,75af0ef3fc918763f0b62d63899bd6f7a427eaf26ec2562352624519f5cf2837,cached_perception_v2,0,0,0,,,0,0.0,0,22.127087228000164,0.8690264075994492,70.4440688714385,45.37889901816743,45.39368978279294,45.37889901816743,45.37275053559305,0.964041769363222,44.77530584096932
sugar_box_yalehand0_drop60,416,0.8595282259946003,0.975080790107961,0.8331737756138394,0.0,0.04055727460618769,0.0,0.041666666666666664,0.0034344590726960505,0.11555256411336068,-0.8331737756138394,MODE_4_TRUSTED_FUSION,no_rollout,four_mode_relocalization_v2,0.75,0,0,0,False,0,0,0.8595282259946003,0,0,restarted_se3,0,45.92566937208176,2.0206281915307045,0,417,cache_read_only_not_online_fps,75af0ef3fc918763f0b62d63899bd6f7a427eaf26ec2562352624519f5cf2837,cached_perception_v2,0,0,0,,,0,0.0,0,22.29510899633169,0.7906341925263405,71.0320407524705,45.393630930612254,45.375338336688955,45.393630930612254,45.38738614566773,0.9382046528737479,44.66150915990417
sugar_box_yalehand0_drop60,417,1.0975537006792315,0.9187466380847541,0.8503883994637765,1.8241120167266542,0.04139524892458213,0.0887942157328756,0.041666666666666664,0.041666666666666664,-0.17880706259447743,0.9737236172628777,MODE_4_TRUSTED_FUSION,no_rollout,four_mode_relocalization_v2,0.3193127728962168,0,0,0,False,0,0,0.9187466380847541,0,0,restarted_se3,0,46.60186916589737,2.1340101957321167,0,418,cache_read_only_not_online_fps,75af0ef3fc918763f0b62d63899bd6f7a427eaf26ec2562352624519f5cf2837,cached_perception_v2,0,0,0,,,0,0.0,0,22.621091455221176,0.8567562326788902,72.21372704952955,45.405400524559894,45.40615540776904,45.405400524559894,45.399151516904105,1.0304285040081747,44.60942924211643
sugar_box_yalehand0_drop60,418,1.0618078998761329,1.140409250328831,2.014150144362825,0.9508552050266549,0.0980449011886288,0.046285777096833014,0.041666666666666664,0.041666666666666664,0.07860135045269812,-1.0632949393361701,MODE_4_TRUSTED_FUSION,no_rollout,four_mode_relocalization_v2,0.6781060358155883,0,0,0,False,0,1,1.0618078998761329,0,0,restarted_se3,0,47.6043950766325,2.195170149207115,0,419,cache_read_only_not_online_fps,75af0ef3fc918763f0b62d63899bd6f7a427eaf26ec2562352624519f5cf2837,cached_perception_v2,0,0,0,,,0,0.0,0,22.63725735247135,0.8768551051616669,73.31367768347263,45.417176466681155,45.384648429729154,45.417176466681155,45.41096974883396,1.1113312993995612,44.4774926474012
sugar_box_yalehand0_drop60,419,0.7793926976424872,1.1830264066552605,0.4609687475940279,0.0,0.02243905968747928,0.0,0.008333333333333333,0.0034344590726960505,0.4036337090127733,-0.4609687475940279,MODE_4_TRUSTED_FUSION,no_rollout,four_mode_relocalization_v2,0.75,0,0,0,False,0,0,0.7793926976424872,0,0,restarted_se3,0,51.47106107324362,2.072269096970558,0,420,cache_read_only_not_online_fps,75af0ef3fc918763f0b62d63899bd6f7a427eaf26ec2562352624519f5cf2837,cached_perception_v2,0,0,0,,,0,0.0,0,21.52168657630682,0.820075161755085,75.88509190827608,45.299809826665836,45.33287602732593,45.299809826665836,45.293689131559546,1.0748779994874162,44.35279883548095
sugar_box_yalehand0_drop60,420,0.9624210995546797,1.0520393252778986,0.0,1.530484612477244,0.0,0.07450100630334011,0.0034344590726960505,0.041666666666666664,0.08961822572321887,1.530484612477244,MODE_4_TRUSTED_FUSION,no_rollout,four_mode_relocalization_v2,0.25,0,0,0,False,0,0,0.9624210995546797,0,0,restarted_se3,0,45.074766501784325,2.3767510429024696,0,421,cache_read_only_not_online_fps,75af0ef3fc918763f0b62d63899bd6f7a427eaf26ec2562352624519f5cf2837,cached_perception_v2,0,0,0,,,0,0.0,0,21.73561602830887,0.8614063262939453,70.04853989928961,45.21949893219282,45.234101558685566,45.21949893219282,45.213517505751575,0.9697802262424966,44.20436325951576
sugar_box_yalehand0_drop60,421,1.013159607226195,0.940555450859289,3.274018348095931,0.0,0.15937282844937642,0.0,0.041666666666666664,0.0034344590726960505,-0.07260415636690598,-3.274018348095931,MODE_4_TRUSTED_FUSION,no_rollout,four_mode_relocalization_v2,0.75,0,0,0,False,0,0,0.940555450859289,0,0,restarted_se3,0,44.099655002355576,2.1515600383281708,0,422,cache_read_only_not_online_fps,75af0ef3fc918763f0b62d63899bd6f7a427eaf26ec2562352624519f5cf2837,cached_perception_v2,0,0,0,,,0,0.0,0,22.116818465292454,0.8885012939572334,69.25653479993343,45.21252608391845,45.25423632278628,45.21252608391845,45.20659081789944,0.9182440316265755,44.22560741114952
sugar_box_yalehand0_drop60,422,1.1297844551574838,0.9949523924245238,2.0250546655645554,4.379879369416249,0.09857571201557994,0.21320398640309815,0.041666666666666664,0.05,-0.13483206273296,2.354824703851693,MODE_4_TRUSTED_FUSION,no_rollout,four_mode_relocalization_v2,0.31674327774956457,0,0,0,False,0,0,0.9949523924245238,0,0,restarted_se3,0,45.36433331668377,2.381661906838417,0,423,cache_read_only_not_online_fps,75af0ef3fc918763f0b62d63899bd6f7a427eaf26ec2562352624519f5cf2837,cached_perception_v2,0,0,0,,,0,0.0,0,22.491165436804295,0.7806262001395226,71.017786860466,45.34690515307244,45.27053077375513,45.34690515307244,45.34097073079317,1.0208919549238236,44.17086711081788
sugar_box_yalehand0_drop60,423,1.545657853751115,1.1644892947118992,2.126583660802336,3.2021863575022085,0.10351794550980536,0.15587618722843505,0.041666666666666664,0.041666666666666664,-0.38116855903921576,1.0756026966998724,MODE_4_TRUSTED_FUSION,no_rollout,four_mode_relocalization_v2,0.39945326747841575,0,0,0,False,0,1,1.1644892947118992,0,0,restarted_se3,0,46.81787919253111,2.025095745921135,0,424,cache_read_only_not_online_fps,75af0ef3fc918763f0b62d63899bd6f7a427eaf26ec2562352624519f5cf2837,cached_perception_v2,0,0,0,,,0,0.0,0,22.882098332047462,0.8380897343158722,72.56316300481558,45.26380125442021,45.24426543326621,45.26380125442021,45.257777924919154,1.3863060761755694,44.0584805120969
sugar_box_yalehand0_drop60,424,1.1317798221056525,1.7083266478286265,1.418211506030459,2.0519343305122693,0.06903577042779035,0.09988416168660272,0.041666666666666664,0.041666666666666664,0.576546825722974,0.6337228244818103,MODE_4_TRUSTED_FUSION,no_rollout,four_mode_relocalization_v2,0.4092125581334498,0,0,0,False,0,1,1.1317798221056525,0,0,restarted_se3,0,45.07715068757534,2.326270565390587,0,425,cache_read_only_not_online_fps,75af0ef3fc918763f0b62d63899bd6f7a427eaf26ec2562352624519f5cf2837,cached_perception_v2,0,0,0,,,0,0.0,0,21.908010356128216,0.8539734408259392,70.16540504992008,45.228013481308274,45.221543379517584,45.228013481308274,45.22219042882464,1.3791810838062308,43.9527978084897
sugar_box_yalehand0_drop60,425,1.072830375311234,1.3722399127927798,3.6753928958497974,4.974194973513515,0.17891095870461,0.24213411102248705,0.041666666666666664,0.05,0.29940953748154575,1.2988020776637175,MODE_4_TRUSTED_FUSION,no_rollout,four_mode_relocalization_v2,0.4250943587380065,0,0,0,False,0,1,1.072830375311234,0,0,restarted_se3,0,44.90939062088728,2.538194879889488,0,426,cache_read_only_not_online_fps,75af0ef3fc918763f0b62d63899bd6f7a427eaf26ec2562352624519f5cf2837,cached_perception_v2,0,0,0,,,0,0.0,0,22.102204151451588,0.8570132777094841,70.40680292993784,45.245529389019595,45.23091576441649,45.245529389019595,45.23972887710953,1.1776059112807564,43.869330314367595
sugar_box_yalehand0_drop60,426,0.893013067831718,1.0485354020595945,4.247693495167595,4.172430337678011,0.2067694358232844,0.20310577208904732,0.04838709677419355,0.04838709677419355,0.15552233422787654,-0.07526315748958368,MODE_4_TRUSTED_FUSION,no_rollout,four_mode_relocalization_v2,0.5044586524427929,0,0,0,False,0,0,0.893013067831718,0,0,restarted_se3,0,44.661179184913635,2.4149902164936066,0,427,cache_read_only_not_online_fps,75af0ef3fc918763f0b62d63899bd6f7a427eaf26ec2562352624519f5cf2837,cached_perception_v2,0,0,0,,,0,0.0,0,22.162050008773804,0.8085807785391808,70.04680018872023,45.24853284148392,45.22708863116205,45.24853284148392,45.24265097938209,0.9655699443370891,43.76324528320387
sugar_box_yalehand0_drop60,427,0.9082748674117008,0.9224461427651798,2.100029146083673,3.955473655320637,0.10222532351785008,0.19254474388393766,0.041666666666666664,0.04838709677419355,0.014171275353478952,1.855444509236964,MODE_4_TRUSTED_FUSION,no_rollout,four_mode_relocalization_v2,0.3473011559793791,0,0,0,False,0,0,0.9082748674117008,0,0,restarted_se3,0,49.55038148909807,2.015547826886177,0,428,cache_read_only_not_online_fps,75af0ef3fc918763f0b62d63899bd6f7a427eaf26ec2562352624519f5cf2837,cached_perception_v2,0,0,0,,,0,0.0,0,21.301276981830597,0.8583134040236473,73.7255197018385,45.15250637672264,45.177053367279306,45.15250637672264,45.14660473090941,0.7928760391114749,43.630381648453465
sugar_box_yalehand0_drop60,428,1.2651473690782704,0.7456192576229685,7.154720308102708,3.0684519076207812,0.34827783201937995,0.14936625500672965,0.7142857142857143,0.041666666666666664,-0.5195281114553019,-4.086268400481927,MODE_2_PRIOR,no_rollout,four_mode_relocalization_v2,1.0,0,0,0,False,0,0,0.7456192576229685,0,0,restarted_se3,0,45.836190693080425,2.2038407623767853,0,429,cache_read_only_not_online_fps,75af0ef3fc918763f0b62d63899bd6f7a427eaf26ec2562352624519f5cf2837,cached_perception_v2,0,0,0,,,0,0.0,0,21.449762396514416,0.672217458486557,70.16201131045818,45.13533548734118,45.13404017584578,45.13533548734118,45.1294432633177,0.7456192576229685,43.51253006466036
sugar_box_yalehand0_drop60,429,1.1938209394341612,0.8358173604614506,6.614716299645989,0.0,0.3219914899615233,0.0,0.4393939393939394,0.0034344590726960505,-0.3580035789727106,-6.614716299645989,MODE_4_TRUSTED_FUSION,no_rollout,four_mode_relocalization_v2,0.75,0,0,0,False,0,0,0.8358173604614506,0,0,restarted_se3,0,45.9811482578516,2.227412536740303,0,430,cache_read_only_not_online_fps,75af0ef3fc918763f0b62d63899bd6f7a427eaf26ec2562352624519f5cf2837,cached_perception_v2,0,0,0,,,0,0.0,0,21.212473511695862,0.8076056838035583,70.22863999009132,45.06590319897389,45.048761552428516,45.06590319897389,45.06001079059522,0.9199825805727146,43.34658408213677
sugar_box_yalehand0_drop60,430,0.9587194383648323,1.0269687608140652,8.868230996394216,6.493726799861872,0.4316881907701409,0.3161019570563446,0.8,0.4393939393939394,0.06824932244923287,-2.3745041965323432,MODE_2_PRIOR,no_rollout,four_mode_relocalization_v2,1.0,0,0,0,False,0,0,0.9587194383648323,0,0,restarted_se3,0,43.85510925203562,2.2763870656490326,0,431,cache_read_only_not_online_fps,75af0ef3fc918763f0b62d63899bd6f7a427eaf26ec2562352624519f5cf2837,cached_perception_v2,0,0,0,,,0,0.0,0,22.168931551277637,0.6576050072908401,68.95803287625313,45.140831585997475,45.109080135739454,45.140831585997475,45.13493699083884,1.0269687608140652,43.3103812876348
sugar_box_yalehand0_drop60,431,0.9362635828483306,1.1382272444674464,3.3307328318496943,5.6075939220338284,0.16213357891833458,0.2729667366310915,0.041666666666666664,0.11650485436893204,0.20196366161911583,2.276861090184134,MODE_4_TRUSTED_FUSION,no_rollout,four_mode_relocalization_v2,0.3729192876785225,0,0,0,False,0,0,0.9362635828483306,0,0,restarted_se3,0,43.94594766199589,2.1566692739725113,0,432,cache_read_only_not_online_fps,75af0ef3fc918763f0b62d63899bd6f7a427eaf26ec2562352624519f5cf2837,cached_perception_v2,0,0,0,,,0,0.0,0,22.400629706680775,1.1318502947688103,69.63509693741798,45.199029681928096,45.20162982059029,45.199029681928096,45.19306493607631,0.9393927623804069,43.30103079052737
sugar_box_yalehand0_drop60,432,0.7524495014084062,1.018151775298595,1.559918789652508,4.228555048281537,0.07593380464798899,0.20583781355118166,0.041666666666666664,0.04838709677419355,0.26570227389018874,2.668636258629029,MODE_4_TRUSTED_FUSION,no_rollout,four_mode_relocalization_v2,0.27028077141359663,0,0,0,False,0,0,0.7524495014084062,0,0,restarted_se3,0,44.07896287739277,2.396419644355774,0,433,cache_read_only_not_online_fps,75af0ef3fc918763f0b62d63899bd6f7a427eaf26ec2562352624519f5cf2837,cached_perception_v2,0,0,0,,,0,0.0,0,13.866031542420387,1.0064393281936646,61.347853392362595,45.11278784234288,45.14817768542376,45.11278784234288,45.10686741844129,0.803302954959927,43.188826055065874
sugar_box_yalehand0_drop60,433,0.5285672556258199,0.7166272072043919,4.053843362863704,4.003409716154317,0.1973331894141816,0.19487817784414377,0.04838709677419355,0.04838709677419355,0.18805995157857203,-0.050433646709387325,MODE_4_TRUSTED_FUSION,no_rollout,four_mode_relocalization_v2,0.5031219553365486,0,0,0,False,0,0,0.5285672556258199,0,0,restarted_se3,0,48.81639964878559,2.3978250101208687,0,434,cache_read_only_not_online_fps,75af0ef3fc918763f0b62d63899bd6f7a427eaf26ec2562352624519f5cf2837,cached_perception_v2,0,0,0,,,0,0.0,0,21.929452195763588,0.8760252967476845,74.01970215141773,45.069190443855454,45.09555058846503,45.069190443855454,45.063298455418334,0.6106372685608643,43.10976253622368
sugar_box_yalehand0_drop60,434,0.43034953360784767,0.5228707285928157,0.5836059340316216,2.6793556513458676,0.028408798765758914,0.13042580803652243,0.008333333333333333,0.041666666666666664,0.09252119498496802,2.095749717314246,MODE_4_TRUSTED_FUSION,no_rollout,four_mode_relocalization_v2,0.25,0,0,0,False,0,0,0.43034953360784767,0,0,restarted_se3,0,44.90639828145504,2.1107960492372513,0,435,cache_read_only_not_online_fps,75af0ef3fc918763f0b62d63899bd6f7a427eaf26ec2562352624519f5cf2837,cached_perception_v2,0,0,0,,,0,0.0,0,22.271073423326015,0.7760431617498398,70.06431091576815,45.120366582812956,45.10868082805338,45.120366582812956,45.114409014598024,0.4434928081619708,43.09919111716568
sugar_box_yalehand0_drop60,435,0.4623894652510823,0.40116901749802675,1.411659100117582,0.0,0.06871681208594388,0.0,0.041666666666666664,0.0034344590726960505,-0.061220447753055574,-1.411659100117582,MODE_4_TRUSTED_FUSION,no_rollout,four_mode_relocalization_v2,0.75,0,0,0,False,0,0,0.40116901749802675,0,0,restarted_se3,0,46.0544778034091,2.216191031038761,0,436,cache_read_only_not_online_fps,75af0ef3fc918763f0b62d63899bd6f7a427eaf26ec2562352624519f5cf2837,cached_perception_v2,0,0,0,,,0,0.0,0,22.372773848474026,0.7875720039010048,71.43101468682289,45.138538444326734,45.08199270297455,45.138538444326734,45.13246266179748,0.35360061350657834,42.99783368615866
sugar_box_yalehand0_drop60,436,0.402951444139682,0.4091351687424657,0.4201630159005324,0.17834031045184232,0.020452716244804048,0.00868125852739332,0.008333333333333333,0.008333333333333333,0.006183724602783713,-0.24182270544869008,MODE_4_TRUSTED_FUSION,no_rollout,four_mode_relocalization_v2,0.6954902222392564,0,0,0,False,0,0,0.402951444139682,0,0,restarted_se3,0,46.859766356647015,2.2367313504219055,0,437,cache_read_only_not_online_fps,75af0ef3fc918763f0b62d63899bd6f7a427eaf26ec2562352624519f5cf2837,cached_perception_v2,0,0,0,,,0,0.0,0,22.83946331590414,1.196279190480709,73.13224021345377,45.095143867565874,45.07270414381575,45.095143867565874,45.089072266055176,0.3079078120631622,42.89229061036552
sugar_box_yalehand0_drop60,437,0.4992985582367197,0.44087689191703167,0.0,0.0,0.0,0.0,0.0034344590726960505,0.0034344590726960505,-0.05842166631968804,0.0,MODE_4_TRUSTED_FUSION,no_rollout,four_mode_relocalization_v2,0.5,0,0,0,False,0,0,0.44087689191703167,0,0,restarted_se3,0,44.703781604766846,2.506362274289131,0,438,cache_read_only_not_online_fps,75af0ef3fc918763f0b62d63899bd6f7a427eaf26ec2562352624519f5cf2837,cached_perception_v2,0,0,0,,,0,0.0,0,21.88845258206129,0.8256081491708755,69.92420461028814,45.16308133616552,45.12866748208315,45.16308133616552,45.15695226856493,0.41979414561917155,42.80698311680765
sugar_box_yalehand0_drop60,438,0.49181214543180146,0.5796939410064295,0.0,1.8166750703376076,0.0,0.08843219968561122,0.0034344590726960505,0.041666666666666664,0.087881795574628,1.8166750703376076,MODE_4_TRUSTED_FUSION,no_rollout,four_mode_relocalization_v2,0.25,0,0,0,False,0,0,0.49181214543180146,0,0,restarted_se3,0,44.118317775428295,2.088172361254692,0,439,cache_read_only_not_online_fps,75af0ef3fc918763f0b62d63899bd6f7a427eaf26ec2562352624519f5cf2837,cached_perception_v2,0,0,0,,,0,0.0,0,22.19874318689108,0.7786145433783531,69.18384786695242,44.95205451092708,45.029890032313325,44.95205451092708,44.94588737710841,0.44863983512709826,42.6702012882833
sugar_box_yalehand0_drop60,439,0.7975714023568318,0.7325325601345817,2.397211220115667,1.3590926703606747,0.11669156734036121,0.06615798079634039,0.041666666666666664,0.041666666666666664,-0.06503884222225009,-1.0381185497549923,MODE_4_TRUSTED_FUSION,no_rollout,four_mode_relocalization_v2,0.6374516696568141,0,0,0,False,0,0,0.7325325601345817,0,0,restarted_se3,0,44.89055275917053,2.14287918061018,0,440,cache_read_only_not_online_fps,75af0ef3fc918763f0b62d63899bd6f7a427eaf26ec2562352624519f5cf2837,cached_perception_v2,0,0,0,,,0,0.0,0,22.542517632246017,0.8346661925315857,70.41061576455832,44.960815286693766,44.990595807897655,44.960815286693766,44.9544994372847,0.7519895786543285,42.64323874040801
sugar_box_yalehand0_drop60,440,0.7845111940718892,1.055180714375644,2.1697269518766333,0.0,0.10561807678461155,0.0,0.041666666666666664,0.0034344590726960505,0.2706695203037548,-2.1697269518766333,MODE_4_TRUSTED_FUSION,no_rollout,four_mode_relocalization_v2,0.75,0,0,0,False,0,0,0.7845111940718892,0,0,restarted_se3,0,45.72124406695366,2.331383526325226,0,441,cache_read_only_not_online_fps,75af0ef3fc918763f0b62d63899bd6f7a427eaf26ec2562352624519f5cf2837,cached_perception_v2,0,0,0,,,0,0.0,0,21.947515197098255,0.839688815176487,70.83983160555363,44.95794310029761,44.92784178035597,44.95794310029761,44.95168249231334,0.9850983803650376,42.53896602260325
sugar_box_yalehand0_drop60,441,0.6345104222950132,1.2200077001972398,0.17691965402600499,5.357247528800768,0.008612103743037225,0.26078036241457053,0.008333333333333333,0.11650485436893204,0.5854972779022266,5.180327874774763,MODE_4_TRUSTED_FUSION,no_rollout,four_mode_relocalization_v2,0.25,0,0,0,False,0,0,0.6345104222950132,0,0,restarted_se3,0,45.07638234645128,2.2036926820874214,0,442,cache_read_only_not_online_fps,75af0ef3fc918763f0b62d63899bd6f7a427eaf26ec2562352624519f5cf2837,cached_perception_v2,0,0,0,,,0,0.0,0,22.14260119944811,0.8317427709698677,70.25441899895668,44.87121940749545,44.87214892445018,44.87121940749545,44.86498378347928,0.7714089312873491,42.470447480838615
sugar_box_yalehand0_drop60,442,0.3168041842538787,0.6050882934935662,0.6389533570457847,5.245260666928279,0.03110300338384886,0.2553290603666856,0.008333333333333333,0.11650485436893204,0.2882841092396875,4.606307309882494,MODE_4_TRUSTED_FUSION,no_rollout,four_mode_relocalization_v2,0.25,0,0,0,False,0,0,0.3168041842538787,0,0,restarted_se3,0,44.54794526100159,2.150178886950016,0,443,cache_read_only_not_online_fps,75af0ef3fc918763f0b62d63899bd6f7a427eaf26ec2562352624519f5cf2837,cached_perception_v2,0,0,0,,,0,0.0,0,22.005286999046803,0.7892362773418427,69.49264742434025,44.94805962393027,44.91789096696585,44.94805962393027,44.9417044100774,0.3215778554187497,42.46858439219595
sugar_box_yalehand0_drop60,443,0.511789287620767,0.5666344551514995,0.0,2.24724528857312,0.0,0.10939151824476556,0.0034344590726960505,0.041666666666666664,0.05484516753073243,2.24724528857312,MODE_4_TRUSTED_FUSION,no_rollout,four_mode_relocalization_v2,0.25,0,0,0,False,0,0,0.511789287620767,0,0,restarted_se3,0,45.929936692118645,2.098104916512966,0,444,cache_read_only_not_online_fps,75af0ef3fc918763f0b62d63899bd6f7a427eaf26ec2562352624519f5cf2837,cached_perception_v2,0,0,0,,,0,0.0,0,22.816278040409088,0.7838774472475052,71.6281970962882,44.78818425823332,44.81060960971382,44.78818425823332,44.78173522529396,0.3362248492969999,42.35720578435018
sugar_box_yalehand0_drop60,444,0.6615234391740626,0.4113937281190169,3.12112256461745,0.4557671570419527,0.15193015987510886,0.02218585640314158,0.041666666666666664,0.008333333333333333,-0.2501297110550457,-2.6653554075754973,MODE_4_TRUSTED_FUSION,no_rollout,four_mode_relocalization_v2,0.75,0,0,0,False,0,0,0.4113937281190169,0,0,restarted_se3,0,45.62658444046974,2.050166018307209,0,445,cache_read_only_not_online_fps,75af0ef3fc918763f0b62d63899bd6f7a427eaf26ec2562352624519f5cf2837,cached_perception_v2,0,0,0,,,0,0.0,0,21.465337835252285,1.7417417839169502,70.88383007794619,44.774975429270945,44.77551678287322,44.774975429270945,44.768576520775476,0.4489496509792937,42.31242952629859
sugar_box_yalehand0_drop60,445,0.6864897277679133,0.6048980571500644,1.244421906866949,0.0,0.06057603165146985,0.0,0.041666666666666664,0.0034344590726960505,-0.08159167061784889,-1.244421906866949,MODE_4_TRUSTED_FUSION,no_rollout,four_mode_relocalization_v2,0.75,0,0,0,False,0,0,0.6048980571500644,0,0,restarted_se3,0,47.19320684671402,3.6030178889632225,0,446,cache_read_only_not_online_fps,75af0ef3fc918763f0b62d63899bd6f7a427eaf26ec2562352624519f5cf2837,cached_perception_v2,0,0,0,,,0,0.0,0,22.95418083667755,0.7856255397200584,74.53603111207485,44.8244643809321,44.778863146196116,44.8244643809321,44.8180646010109,0.5752333596820824,42.2664163575195
sugar_box_yalehand0_drop60,446,0.7451368679593445,0.7521368498675481,0.5818929739097912,2.24427193428029,0.028325415207509808,0.10924678115619488,0.008333333333333333,0.041666666666666664,0.006999981908203612,1.6623789603704986,MODE_4_TRUSTED_FUSION,no_rollout,four_mode_relocalization_v2,0.25,0,0,0,False,0,0,0.7451368679593445,0,0,restarted_se3,0,46.8090008944273,2.219787798821926,0,447,cache_read_only_not_online_fps,75af0ef3fc918763f0b62d63899bd6f7a427eaf26ec2562352624519f5cf2837,cached_perception_v2,0,0,0,,,0,0.0,0,22.975747473537922,0.7951837033033371,72.79971987009048,44.65379713722657,44.64786511968878,44.65379713722657,44.64749064990111,0.7307418150007107,42.09681926367549
sugar_box_yalehand0_drop60,447,0.5001065801046223,0.9125564049327305,3.507300954826723,3.318895141640662,0.17072857081543613,0.16155734324390159,0.041666666666666664,0.041666666666666664,0.4124498248281082,-0.1884058131860611,MODE_4_TRUSTED_FUSION,no_rollout,four_mode_relocalization_v2,0.5137598902026249,0,0,0,False,0,0,0.5001065801046223,0,0,restarted_se3,0,45.724617317318916,2.2622914984822273,0,448,cache_read_only_not_online_fps,75af0ef3fc918763f0b62d63899bd6f7a427eaf26ec2562352624519f5cf2837,cached_perception_v2,0,0,0,,,0,0.0,0,23.061866872012615,1.7749825492501259,72.82375823706388,44.653895671216965,44.65659315236789,44.653895671216965,44.6475297126869,0.6235391673562414,42.06424634867275
sugar_box_yalehand0_drop60,448,0.6305627340661418,0.5962272791129004,4.076277794020893,4.023637376053225,0.19842525377303083,0.19586282088161358,0.04838709677419355,0.04838709677419355,-0.03433545495324142,-0.05264041796766783,MODE_4_TRUSTED_FUSION,no_rollout,four_mode_relocalization_v2,0.5032414389106966,0,0,0,False,0,0,0.5962272791129004,0,0,restarted_se3,0,45.8017997443676,3.122330643236637,0,449,cache_read_only_not_online_fps,75af0ef3fc918763f0b62d63899bd6f7a427eaf26ec2562352624519f5cf2837,cached_perception_v2,0,0,0,,,0,0.0,0,14.308294281363487,0.9202947840094566,64.15271945297718,44.79842274734709,44.71945576619946,44.79842274734709,44.79195847134975,0.5957249319525081,42.02157578339212
sugar_box_yalehand0_drop60,449,0.5668107394885573,0.6702903284004813,0.9970120746713347,3.1925480262147614,0.04853260349959887,0.15540701205728616,0.041666666666666664,0.041666666666666664,0.10347958891192399,2.1955359515434267,MODE_4_TRUSTED_FUSION,no_rollout,four_mode_relocalization_v2,0.25,0,0,0,False,0,0,0.5668107394885573,0,0,restarted_se3,0,47.513650730252266,2.493448555469513,0,450,cache_read_only_not_online_fps,75af0ef3fc918763f0b62d63899bd6f7a427eaf26ec2562352624519f5cf2837,cached_perception_v2,0,0,0,,,0,0.0,0,17.66296662390232,0.7748045027256012,68.4448704123497,44.724226309655144,44.74443736501315,44.724226309655144,44.71786475260089,0.5524194778627416,41.96774168351397
sugar_box_yalehand0_drop60,450,0.42396975021407474,0.5695227578861835,0.16429015481854156,1.8031205723094812,0.007997324350684953,0.08777239315452984,0.008333333333333333,0.041666666666666664,0.14555300767210871,1.6388304174909396,MODE_4_TRUSTED_FUSION,no_rollout,four_mode_relocalization_v2,0.25,0,0,0,False,0,0,0.42396975021407474,0,0,restarted_se3,0,45.90961989015341,2.3685339838266373,0,451,cache_read_only_not_online_fps,75af0ef3fc918763f0b62d63899bd6f7a427eaf26ec2562352624519f5cf2837,cached_perception_v2,0,0,0,,,0,0.0,0,19.87036969512701,0.7882881909608841,68.93681176006794,44.681992279170224,44.70286869515517,44.681992279170224,44.67579110736101,0.4388092364231757,41.86372039843446
sugar_box_yalehand0_drop60,451,0.4921666979797224,0.4474427656876707,1.0543787209638371,0.0,0.05132509996914619,0.0,0.041666666666666664,0.0034344590726960505,-0.04472393229205168,-1.0543787209638371,MODE_4_TRUSTED_FUSION,no_rollout,four_mode_relocalization_v2,0.75,0,0,0,False,0,0,0.4474427656876707,0,0,restarted_se3,0,45.96296325325966,2.244669944047928,0,452,cache_read_only_not_online_fps,75af0ef3fc918763f0b62d63899bd6f7a427eaf26ec2562352624519f5cf2837,cached_perception_v2,0,0,0,,,0,0.0,0,27.056743390858173,1.0942108929157257,76.35858748108149,44.75191720213785,44.741018287134416,44.75191720213785,44.74586742297003,0.3552084338557383,41.848881543938234
sugar_box_yalehand0_drop60,452,0.46161849818865963,0.3797200125453523,1.0460474005619722,0.30143799629865026,0.05091954753907646,0.014673413818883374,0.041666666666666664,0.008333333333333333,-0.08189848564330732,-0.744609404263322,MODE_4_TRUSTED_FUSION,no_rollout,four_mode_relocalization_v2,0.75,0,0,0,False,0,0,0.3797200125453523,0,0,restarted_se3,0,44.60303485393524,2.5466615334153175,0,453,cache_read_only_not_online_fps,75af0ef3fc918763f0b62d63899bd6f7a427eaf26ec2562352624519f5cf2837,cached_perception_v2,0,0,0,,,0,0.0,0,9.260587394237518,1.020166091620922,57.430449873209,44.74264037353363,44.770563564264,44.74264037353363,44.7365570629927,0.3378351823733031,41.848798133479
sugar_box_yalehand0_drop60,453,0.59298557736949,0.380183476077219,1.2872527515965755,0.0,0.062660953647526,0.0,0.041666666666666664,0.0034344590726960505,-0.212802101292271,-1.2872527515965755,MODE_4_TRUSTED_FUSION,no_rollout,four_mode_relocalization_v2,0.75,0,0,0,False,0,0,0.380183476077219,0,0,restarted_se3,0,46.688053756952286,2.8569065034389496,0,454,cache_read_only_not_online_fps,75af0ef3fc918763f0b62d63899bd6f7a427eaf26ec2562352624519f5cf2837,cached_perception_v2,0,0,0,,,0,0.0,0,20.486708730459213,0.8124895393848419,70.84415853023529,44.61513213361521,44.63698157629383,44.61513213361521,44.60904578469726,0.40978641101735647,41.72388629513906
sugar_box_yalehand0_drop60,454,0.7887798364973541,0.5159247341847534,6.755710815593963,4.724839747505799,0.32885482804133204,0.22999598489359868,0.5901639344262295,0.05,-0.2728551023126007,-2.030871068088164,MODE_4_TRUSTED_FUSION,no_rollout,four_mode_relocalization_v2,0.58829451498628,0,0,0,False,0,0,0.5159247341847534,0,0,restarted_se3,0,46.419259160757065,2.171432599425316,0,455,cache_read_only_not_online_fps,75af0ef3fc918763f0b62d63899bd6f7a427eaf26ec2562352624519f5cf2837,cached_perception_v2,0,0,0,,,0,0.0,0,20.96125576645136,0.8571306243538857,70.40907815098763,44.735116026682824,44.65609347670769,44.735116026682824,44.72896956512306,0.5305184946991282,41.687184340499854
sugar_box_yalehand0_drop60,455,0.7169934986886305,0.8030627845034163,2.6447087551414064,2.99943590090369,0.12873926469497143,0.14600669038938996,0.041666666666666664,0.041666666666666664,0.08606928581478579,0.3547271457622836,MODE_4_TRUSTED_FUSION,no_rollout,four_mode_relocalization_v2,0.46868660960276687,0,0,0,False,0,0,0.7169934986886305,0,0,restarted_se3,0,46.087111346423626,2.4467967450618744,0,456,cache_read_only_not_online_fps,75af0ef3fc918763f0b62d63899bd6f7a427eaf26ec2562352624519f5cf2837,cached_perception_v2,0,0,0,,,0,0.0,0,20.939476788043976,1.0463492944836617,70.51973417401314,44.675443873290696,44.66015155252963,44.675443873290696,44.66933967308721,0.7442233869042896,41.62321591521517
sugar_box_yalehand0_drop60,456,0.5949451200696672,0.9402632083867971,3.7338278239722023,8.469708624339855,0.18175545705035684,0.41228889886586806,0.041666666666666664,0.8,0.34531808831712996,4.735880800367653,MODE_1_ACCEPT,no_rollout,four_mode_relocalization_v2,0.0,0,0,0,False,0,0,0.5949451200696672,0,0,restarted_se3,0,45.215063728392124,2.3914454504847527,0,457,cache_read_only_not_online_fps,75af0ef3fc918763f0b62d63899bd6f7a427eaf26ec2562352624519f5cf2837,cached_perception_v2,0,0,0,,,0,0.0,0,14.522974379360676,0.6163427606225014,62.745826318860054,44.76419320743873,44.73168387677459,44.76419320743873,44.75804283218687,0.5949451200696672,41.580764798412005
sugar_box_yalehand0_drop60,457,0.8569228359944215,0.6536978288419331,0.1020186463881262,3.5927757858076133,0.004966068757344677,0.17488931890121862,0.008333333333333333,0.041666666666666664,-0.20322500715248848,3.490757139419487,MODE_4_TRUSTED_FUSION,no_rollout,four_mode_relocalization_v2,0.25,0,0,0,False,0,0,0.6536978288419331,0,0,restarted_se3,0,45.94085644930601,2.278277650475502,0,458,cache_read_only_not_online_fps,75af0ef3fc918763f0b62d63899bd6f7a427eaf26ec2562352624519f5cf2837,cached_perception_v2,0,0,0,,,0,0.0,0,20.88815998286009,0.8022822439670563,69.90957632660866,44.797774146218146,44.77507630312859,44.797774146218146,44.79153654416555,0.7660985059130723,41.509219305197895
sugar_box_yalehand0_drop60,458,0.6858864995816455,1.226874292505279,1.2245413873595867,3.12175644546103,0.05960828673129431,0.1519610159584292,0.041666666666666664,0.041666666666666664,0.5409877929236334,1.897215058101443,MODE_4_TRUSTED_FUSION,no_rollout,four_mode_relocalization_v2,0.2827432838135268,0,0,0,False,0,0,0.6858864995816455,0,0,restarted_se3,0,47.26675897836685,2.421586774289608,0,459,cache_read_only_not_online_fps,75af0ef3fc918763f0b62d63899bd6f7a427eaf26ec2562352624519f5cf2837,cached_perception_v2,0,0,0,,,0,0.0,0,21.21796738356352,0.8373726159334183,71.7436857521534,44.69325003395686,44.753747927245676,44.69325003395686,44.6871101419398,0.818922922008741,41.43447644223847
sugar_box_yalehand0_drop60,459,0.9684200086780547,0.9753017502897442,4.323778387851613,3.180970618774696,0.21047310002430247,0.15484344644046327,0.04838709677419355,0.041666666666666664,0.006881741611689529,-1.1428077690769172,MODE_4_TRUSTED_FUSION,no_rollout,four_mode_relocalization_v2,0.5759366038701463,0,0,0,False,0,0,0.9684200086780547,0,0,restarted_se3,0,48.00396226346493,2.841123379766941,0,460,cache_read_only_not_online_fps,75af0ef3fc918763f0b62d63899bd6f7a427eaf26ec2562352624519f5cf2837,cached_perception_v2,0,0,0,,,0,0.0,0,17.737628892064095,0.7806690409779549,69.36338357627392,44.803641264650224,44.80922603378975,44.803641264650224,44.79748684508465,0.9365558515775146,41.44792445873543
sugar_box_yalehand0_drop60,460,0.8227319935468204,1.1363207086006202,2.3828411892826256,3.7508625594634992,0.11599206226272521,0.18258467475425696,0.041666666666666664,0.041666666666666664,0.3135887150537998,1.3680213701808737,MODE_4_TRUSTED_FUSION,no_rollout,four_mode_relocalization_v2,0.38884569146998493,0,0,0,False,0,0,0.8227319935468204,0,0,restarted_se3,0,44.47484947741032,2.303868532180786,0,461,cache_read_only_not_online_fps,75af0ef3fc918763f0b62d63899bd6f7a427eaf26ec2562352624519f5cf2837,cached_perception_v2,0,0,0,,,0,0.0,0,21.915423683822155,0.8686026558279991,69.56274434924126,44.78991087804987,44.75486408177341,44.78991087804987,44.78364261682932,0.9364520744769791,41.33539497238722
sugar_box_yalehand0_drop60,461,0.6916822774358478,0.9736414301642775,2.371362607711813,2.2636904587894096,0.11543330729649504,0.11019203706080266,0.041666666666666664,0.041666666666666664,0.28195915272842975,-0.10767214892240329,MODE_4_TRUSTED_FUSION,no_rollout,four_mode_relocalization_v2,0.5115650828663196,0,0,0,False,0,0,0.6916822774358478,0,0,restarted_se3,0,47.14425187557936,2.555699087679386,0,462,cache_read_only_not_online_fps,75af0ef3fc918763f0b62d63899bd6f7a427eaf26ec2562352624519f5cf2837,cached_perception_v2,0,0,0,,,0,0.0,0,20.986977964639664,0.823325477540493,71.5102544054389,44.65213607135827,44.711644663052816,44.65213607135827,44.64595077098522,0.8298654097474779,41.28531674780753
sugar_box_yalehand0_drop60,462,1.1652534844407398,0.8045500192733849,6.406773854456764,4.5404983946181465,0.311869257242895,0.22102260732319634,0.4393939393939394,0.05,-0.36070346516735496,-1.8662754598386178,MODE_4_TRUSTED_FUSION,no_rollout,four_mode_relocalization_v2,0.5850838484471852,0,0,0,False,0,0,0.8045500192733849,0,0,restarted_se3,0,46.63905967026949,2.3275278508663177,0,463,cache_read_only_not_online_fps,75af0ef3fc918763f0b62d63899bd6f7a427eaf26ec2562352624519f5cf2837,cached_perception_v2,0,0,0,,,0,0.0,0,25.87297186255455,1.1421209201216698,75.98168030381203,44.71078711432629,44.67528986597095,44.71078711432629,44.704497677778605,0.8968573060111557,41.20770019726884
sugar_box_yalehand0_drop60,463,0.9240606885949403,1.012366790660572,3.732476937391421,6.730317660794339,0.18168969852599834,0.3276187387854418,0.041666666666666664,0.5901639344262295,0.08830610206563172,2.9978407234029176,MODE_4_TRUSTED_FUSION,no_rollout,four_mode_relocalization_v2,0.35701137729428806,0,0,0,False,0,0,0.9240606885949403,0,0,restarted_se3,0,44.26359198987484,2.4475865066051483,0,464,cache_read_only_not_online_fps,75af0ef3fc918763f0b62d63899bd6f7a427eaf26ec2562352624519f5cf2837,cached_perception_v2,0,0,0,,,0,0.0,0,21.18010725826025,0.8841613307595253,68.77544708549976,44.7611832722821,44.755316331916895,44.7611832722821,44.755000393752304,0.9343868759646122,41.25363140869651
sugar_box_yalehand0_drop60,464,0.5759436553368704,1.0003823665757017,2.7875409681470877,5.726404661082743,0.1356920582838155,0.2787502117125303,0.041666666666666664,0.14634146341463414,0.42443871123883126,2.938863692935655,MODE_4_TRUSTED_FUSION,no_rollout,four_mode_relocalization_v2,0.327813310476828,0,0,0,False,0,0,0.5759436553368704,0,0,restarted_se3,0,44.072456657886505,2.433318644762039,0,465,cache_read_only_not_online_fps,75af0ef3fc918763f0b62d63899bd6f7a427eaf26ec2562352624519f5cf2837,cached_perception_v2,0,0,0,,,0,0.0,0,19.938446581363678,0.808308832347393,67.25253071635962,44.984892039490354,44.92372723537413,44.984892039490354,44.97859458734639,0.6800852864127394,41.282590636323974
sugar_box_yalehand0_drop60,465,0.883083271950723,0.6709226624976827,4.686106124799216,3.076640904304815,0.22811050767554059,0.149764879395764,0.05,0.041666666666666664,-0.21216060945304027,-1.609465220494401,MODE_4_TRUSTED_FUSION,no_rollout,four_mode_relocalization_v2,0.6033995589523669,0,0,0,False,0,0,0.6709226624976827,0,0,restarted_se3,0,45.84044776856899,2.3157689720392227,0,466,cache_read_only_not_online_fps,75af0ef3fc918763f0b62d63899bd6f7a427eaf26ec2562352624519f5cf2837,cached_perception_v2,0,0,0,,,0,0.0,0,21.537919528782368,0.8405856788158417,70.53472194820642,45.29495908743317,45.2772440783225,45.29495908743317,45.28869133630707,0.6845981094594524,41.491160903157954
sugar_box_yalehand0_drop60,466,0.8300463493169139,0.9368893277003678,6.72003596871255,4.8284343843198005,0.32711824606545653,0.23503876979150104,0.5901639344262295,0.05,0.10684297838345391,-1.8916015843927498,MODE_4_TRUSTED_FUSION,no_rollout,four_mode_relocalization_v2,0.5817567719269351,0,0,0,False,0,0,0.8300463493169139,0,0,restarted_se3,0,45.92485073953867,2.3209117352962494,0,467,cache_read_only_not_online_fps,75af0ef3fc918763f0b62d63899bd6f7a427eaf26ec2562352624519f5cf2837,cached_perception_v2,0,0,0,,,0,0.0,0,20.586577244102955,0.8408203721046448,69.67316009104252,45.529787037572966,45.56350664199119,45.529787037572966,45.523539255504296,0.8727744445719123,41.66138351894376
sugar_box_yalehand0_drop60,467,0.6989419609837881,1.0924266001094627,1.7638867625315442,4.559488125978979,0.08586256780526413,0.22194699041354454,0.041666666666666664,0.05,0.39348463912567455,2.7956013634474353,MODE_4_TRUSTED_FUSION,no_rollout,four_mode_relocalization_v2,0.2796440055505008,0,0,0,False,0,0,0.6989419609837881,0,0,restarted_se3,0,46.08581122010946,2.3618536069989204,0,468,cache_read_only_not_online_fps,75af0ef3fc918763f0b62d63899bd6f7a427eaf26ec2562352624519f5cf2837,cached_perception_v2,0,0,0,,,0,0.0,0,20.15745360404253,0.8056331425905228,69.41075157374144,46.004544042035626,45.99244070209444,46.004544042035626,45.998288577646605,0.7928147788492212,41.94573203259752
sugar_box_yalehand0_drop60,468,0.39666868344812145,0.7336705231048063,4.260387434670077,7.481036932456187,0.20738735204353173,0.364162288935607,0.04838709677419355,0.8,0.33700183965668484,3.22064949778611,MODE_1_ACCEPT,no_rollout,four_mode_relocalization_v2,0.0,0,0,0,False,0,0,0.39666868344812145,0,0,restarted_se3,0,46.922143548727036,2.2904323413968086,0,469,cache_read_only_not_online_fps,75af0ef3fc918763f0b62d63899bd6f7a427eaf26ec2562352624519f5cf2837,cached_perception_v2,0,0,0,,,0,0.0,0,18.06891057640314,0.7133558392524719,67.99484230577946,46.30244185900169,46.288103699670316,46.30244185900169,46.29602790215564,0.39666868344812145,42.10401898845988
sugar_box_yalehand0_drop60,469,0.7606773079176127,0.4934427382666598,0.0,0.0,0.0,0.0,0.0034344590726960505,0.0034344590726960505,-0.2672345696509529,0.0,MODE_4_TRUSTED_FUSION,no_rollout,four_mode_relocalization_v2,0.5,0,0,0,False,0,0,0.4934427382666598,0,0,restarted_se3,0,46.609507873654366,2.859467640519142,0,470,cache_read_only_not_online_fps,75af0ef3fc918763f0b62d63899bd6f7a427eaf26ec2562352624519f5cf2837,cached_perception_v2,0,0,0,,,0,0.0,0,20.86666878312826,0.7707662880420685,71.10641058534384,46.35523142353475,46.37559105918668,46.35523142353475,46.34892363469671,0.5024330219203562,42.14392235500059
sugar_box_yalehand0_drop60,470,0.6293184865308618,0.777809958072145,0.0,0.0,0.0,0.0,0.0034344590726960505,0.0034344590726960505,0.14849147154128328,0.0,MODE_4_TRUSTED_FUSION,no_rollout,four_mode_relocalization_v2,0.5,0,0,0,False,0,0,0.6293184865308618,0,0,restarted_se3,0,46.62407375872135,2.599838189780712,0,471,cache_read_only_not_online_fps,75af0ef3fc918763f0b62d63899bd6f7a427eaf26ec2562352624519f5cf2837,cached_perception_v2,0,0,0,,,0,0.0,0,20.295029506087303,2.07497738301754,71.5939188376069,46.49051687554577,46.472598371338144,46.49051687554577,46.48420587609286,0.6654108416395417,42.14647850859585
sugar_box_yalehand0_drop60,471,0.7655608131300983,0.8987716159973501,3.2096211120678593,1.837584568711405,0.15623809658201085,0.08945003329037027,0.041666666666666664,0.041666666666666664,0.13321080286725184,-1.3720365433564543,MODE_4_TRUSTED_FUSION,no_rollout,four_mode_relocalization_v2,0.6353839403599515,0,0,0,False,0,0,0.7655608131300983,0,0,restarted_se3,0,44.56109181046486,2.8767436742782593,0,472,cache_read_only_not_online_fps,75af0ef3fc918763f0b62d63899bd6f7a427eaf26ec2562352624519f5cf2837,cached_perception_v2,0,0,0,,,0,0.0,0,20.303419791162014,0.9476235136389732,68.6888787895441,46.56816741509552,46.53534043845829,46.56816741509552,46.56201790673281,0.8332206563104162,42.110563435478824
sugar_box_yalehand0_drop60,472,0.8968976900626693,1.0167359024529914,2.4022037250357178,2.0775622231421886,0.1169345927438745,0.10113167752230429,0.041666666666666664,0.041666666666666664,0.11983821239032211,-0.32464150189352914,MODE_4_TRUSTED_FUSION,no_rollout,four_mode_relocalization_v2,0.5360731542076079,0,0,0,False,0,0,0.8968976900626693,0,0,restarted_se3,0,44.251419603824615,2.3360922932624817,0,473,cache_read_only_not_online_fps,75af0ef3fc918763f0b62d63899bd6f7a427eaf26ec2562352624519f5cf2837,cached_perception_v2,0,0,0,,,0,0.0,0,23.081629537045956,0.7883012294769287,70.45744266360998,46.72596659626458,46.66750153729078,46.72596659626458,46.719834092745096,0.9566966652937855,42.09173576719575
sugar_box_yalehand0_drop60,473,0.8191269719823752,1.1181577106301386,3.4755711478255495,4.686477057837299,0.16918402568762073,0.22812856397246972,0.041666666666666664,0.05,0.2990307386477634,1.2109059100117499,MODE_4_TRUSTED_FUSION,no_rollout,four_mode_relocalization_v2,0.4260022747621021,0,0,0,False,0,0,0.8191269719823752,0,0,restarted_se3,0,44.007228687405586,2.6031136512756348,0,474,cache_read_only_not_online_fps,75af0ef3fc918763f0b62d63899bd6f7a427eaf26ec2562352624519f5cf2837,cached_perception_v2,0,0,0,,,0,0.0,0,21.222572773694992,0.7702400907874107,68.60315520316362,46.700979010926964,46.72191784779458,46.700979010926964,46.694771171184044,0.9402954688724452,42.05790646036762
sugar_box_yalehand0_drop60,474,0.990126325006568,0.9307963055331596,3.6704412923265055,5.217999750568371,0.17866992430132822,0.25400205212040405,0.041666666666666664,0.11650485436893204,-0.059330019473408435,1.5475584582418653,MODE_4_TRUSTED_FUSION,no_rollout,four_mode_relocalization_v2,0.4131408935194023,0,0,0,False,0,0,0.9307963055331596,0,0,restarted_se3,0,45.80621141940355,2.2352971136569977,0,475,cache_read_only_not_online_fps,75af0ef3fc918763f0b62d63899bd6f7a427eaf26ec2562352624519f5cf2837,cached_perception_v2,0,0,0,,,0,0.0,0,20.043698139488697,0.7945606485009193,68.87976732105017,46.67100659391063,46.71506799535727,46.67100659391063,46.665020978500436,0.9567611008740349,41.97416424068194
sugar_box_yalehand0_drop60,475,0.9985731015651265,0.9545828119952705,2.3127350731907623,2.7090887514332693,0.11257943324686814,0.13187315736559796,0.041666666666666664,0.041666666666666664,-0.043990289569855956,0.396353678242507,MODE_4_TRUSTED_FUSION,no_rollout,four_mode_relocalization_v2,0.46069342245689604,0,0,0,False,0,0,0.9545828119952705,0,0,restarted_se3,0,45.20759359002113,2.3956522345542908,0,476,cache_read_only_not_online_fps,75af0ef3fc918763f0b62d63899bd6f7a427eaf26ec2562352624519f5cf2837,cached_perception_v2,0,0,0,,,0,0.0,0,19.934951327741146,1.645900309085846,69.18409746140242,46.87135600363489,46.83854137679182,46.87135600363489,46.86521907907922,0.9597042908671154,41.987138378905634
sugar_box_yalehand0_drop60,476,1.212365005145894,1.0250520597176893,5.559349112091097,3.158444745520107,0.27061827336635524,0.15374693085863586,0.11650485436893204,0.041666666666666664,-0.18731294542820476,-2.4009043665709906,MODE_4_TRUSTED_FUSION,no_rollout,four_mode_relocalization_v2,0.637386187274242,0,0,0,False,0,1,1.0250520597176893,0,0,restarted_se3,0,44.096958823502064,2.360152080655098,0,477,cache_read_only_not_online_fps,75af0ef3fc918763f0b62d63899bd6f7a427eaf26ec2562352624519f5cf2837,cached_perception_v2,0,0,0,,,0,0.0,0,17.19119306653738,1.4933859929442406,65.14168996363878,46.82432666700854,46.824510247262666,46.82432666700854,46.81797713249237,1.0857896878059703,41.89849807785806
sugar_box_yalehand0_drop60,477,0.7844468692278771,1.2273787466891988,2.8730503117360717,5.797814947308989,0.1398544863760562,0.28222632518723795,0.041666666666666664,0.14634146341463414,0.4429318774613217,2.9247646355729175,MODE_4_TRUSTED_FUSION,no_rollout,four_mode_relocalization_v2,0.3317334034992112,0,0,0,False,0,0,0.7844468692278771,0,0,restarted_se3,0,45.545139349997044,2.3831985890865326,0,478,cache_read_only_not_online_fps,75af0ef3fc918763f0b62d63899bd6f7a427eaf26ec2562352624519f5cf2837,cached_perception_v2,0,0,0,,,0,0.0,0,18.588246777653694,1.4563417062163353,67.9729264229536,46.84581763657644,46.825110695308496,46.84581763657644,46.83958188095432,0.9030832584961686,41.797778917188644
sugar_box_yalehand0_drop60,478,0.9139930514819745,0.7540507497300417,3.8828127686353207,3.3253915171577844,0.18900775361770622,0.16187357413534886,0.041666666666666664,0.041666666666666664,-0.1599423017519328,-0.5574212514775363,MODE_4_TRUSTED_FUSION,no_rollout,four_mode_relocalization_v2,0.5385587643512744,0,0,0,False,0,0,0.7540507497300417,0,0,restarted_se3,0,46.09730187803507,2.367028035223484,0,479,cache_read_only_not_online_fps,75af0ef3fc918763f0b62d63899bd6f7a427eaf26ec2562352624519f5cf2837,cached_perception_v2,0,0,0,,,0,0.0,0,20.458986051380634,1.3999361544847488,70.32325211912394,46.86646516032067,46.87157516671591,46.86646516032067,46.860420591784305,0.7857173891647307,41.76339269242702
sugar_box_yalehand0_drop60,479,0.5124972146514436,0.6953685232414489,0.0,0.4664406548962233,0.0,0.022705421464062125,0.0034344590726960505,0.008333333333333333,0.18287130859000533,0.4664406548962233,MODE_4_TRUSTED_FUSION,no_rollout,four_mode_relocalization_v2,0.25,0,0,0,False,0,0,0.5124972146514436,0,0,restarted_se3,0,45.267301611602306,2.5227395817637444,0,480,cache_read_only_not_online_fps,75af0ef3fc918763f0b62d63899bd6f7a427eaf26ec2562352624519f5cf2837,cached_perception_v2,0,0,0,,,0,0.0,0,21.7199819162488,1.299157738685608,70.80918084830046,46.87662977361607,46.86698288722688,46.87662977361607,46.870506674009945,0.5480953212516337,41.66467884540931
sugar_box_yalehand0_drop60,480,0.6232091525626832,0.362208071795752,0.6384195692000836,0.0,0.03107701963247167,0.0,0.008333333333333333,0.0034344590726960505,-0.2610010807669312,-0.6384195692000836,MODE_4_TRUSTED_FUSION,no_rollout,four_mode_relocalization_v2,0.75,0,0,0,False,0,0,0.362208071795752,0,0,restarted_se3,0,45.2028987929225,2.54681333899498,0,481,cache_read_only_not_online_fps,75af0ef3fc918763f0b62d63899bd6f7a427eaf26ec2562352624519f5cf2837,cached_perception_v2,0,0,0,,,0,0.0,0,20.634178072214127,1.4244252815842628,69.80831548571587,46.87658550540972,46.8682792755408,46.87658550540972,46.87043610312809,0.4168814034229574,41.5650036466262
sugar_box_yalehand0_drop60,481,0.6026621912206542,0.38848509527048536,0.0,0.0,0.0,0.0,0.0034344590726960505,0.0034344590726960505,-0.21417709595016887,0.0,MODE_4_TRUSTED_FUSION,no_rollout,four_mode_relocalization_v2,0.5,0,0,0,False,0,0,0.38848509527048536,0,0,restarted_se3,0,44.5421589538455,2.274339087307453,0,482,cache_read_only_not_online_fps,75af0ef3fc918763f0b62d63899bd6f7a427eaf26ec2562352624519f5cf2837,cached_perception_v2,0,0,0,,,0,0.0,0,20.424473099410534,1.2757619842886925,68.51673312485218,46.92072986827271,46.91608468361062,46.92072986827271,46.914607831515816,0.41467433629841355,41.52568272768381
sugar_box_yalehand0_drop60,482,0.5319689312672417,0.5533072761162726,0.6314131572240934,0.0,0.030735961160840153,0.0,0.008333333333333333,0.0034344590726960505,0.021338344849030966,-0.6314131572240934,MODE_4_TRUSTED_FUSION,no_rollout,four_mode_relocalization_v2,0.75,0,0,0,False,0,0,0.5319689312672417,0,0,restarted_se3,0,45.13033106923103,4.762382246553898,0,483,cache_read_only_not_online_fps,75af0ef3fc918763f0b62d63899bd6f7a427eaf26ec2562352624519f5cf2837,cached_perception_v2,0,0,0,,,0,0.0,0,23.55929557234049,1.3040648773312569,74.75607376545668,47.026393517897624,47.011843358129404,47.026393517897624,47.02006720453615,0.47290011843509894,41.51249023158554
sugar_box_yalehand0_drop60,483,0.47233277508225635,0.6219531235434004,0.0,0.0,0.0,0.0,0.0034344590726960505,0.0034344590726960505,0.14962034846114403,0.0,MODE_4_TRUSTED_FUSION,no_rollout,four_mode_relocalization_v2,0.5,0,0,0,False,0,0,0.47233277508225635,0,0,restarted_se3,0,47.000342048704624,2.446582540869713,0,484,cache_read_only_not_online_fps,75af0ef3fc918763f0b62d63899bd6f7a427eaf26ec2562352624519f5cf2837,cached_perception_v2,0,0,0,,,0,0.0,0,20.748780108988285,1.394764520227909,71.59046921879053,47.06863627388821,47.05049925927122,47.06863627388821,47.0623278362302,0.4722149549167435,41.4384878800009
sugar_box_yalehand0_drop60,484,0.42890795121597,0.5517058635882494,0.0,0.0,0.0,0.0,0.0034344590726960505,0.0034344590726960505,0.12279791237227938,0.0,MODE_4_TRUSTED_FUSION,no_rollout,four_mode_relocalization_v2,0.5,0,0,0,False,0,0,0.42890795121597,0,0,restarted_se3,0,44.725450687110424,2.281002700328827,0,485,cache_read_only_not_online_fps,75af0ef3fc918763f0b62d63899bd6f7a427eaf26ec2562352624519f5cf2837,cached_perception_v2,0,0,0,,,0,0.0,0,20.64086589962244,0.8096974343061447,68.45701672136784,47.034989572401834,47.0722554680614,47.034989572401834,47.02874732657627,0.4528680442436227,41.38663026670371
sugar_box_yalehand0_drop60,485,0.545167192053901,0.5692504394414581,2.2524748490861244,0.0,0.10964608305225645,0.0,0.041666666666666664,0.0034344590726960505,0.024083247387557183,-2.2524748490861244,MODE_4_TRUSTED_FUSION,no_rollout,four_mode_relocalization_v2,0.75,0,0,0,False,0,0,0.545167192053901,0,0,restarted_se3,0,46.747597865760326,2.381555736064911,0,486,cache_read_only_not_online_fps,75af0ef3fc918763f0b62d63899bd6f7a427eaf26ec2562352624519f5cf2837,cached_perception_v2,0,0,0,,,0,0.0,0,22.52362295985222,0.7592430338263512,72.4120195955038,46.99353931567199,47.022363789896346,46.99353931567199,46.98719983989105,0.5430595285063077,41.292580586815255
sugar_box_yalehand0_drop60,486,0.6926907715139969,0.7057685177122769,0.0,4.494452303605901,0.0,0.2187811734082255,0.0034344590726960505,0.05,0.01307774619827995,4.494452303605901,MODE_4_TRUSTED_FUSION,no_rollout,four_mode_relocalization_v2,0.25,0,0,0,False,0,0,0.6926907715139969,0,0,restarted_se3,0,45.419834554195404,2.2392580285668373,0,487,cache_read_only_not_online_fps,75af0ef3fc918763f0b62d63899bd6f7a427eaf26ec2562352624519f5cf2837,cached_perception_v2,0,0,0,,,0,0.0,0,22.451119497418404,0.7578050717711449,70.86801715195179,47.07741792365929,47.05061505485926,47.07741792365929,47.07112630851707,0.6131784618828671,41.24567952349095
sugar_box_yalehand0_drop60,487,0.4484165559023333,0.8551569439665964,0.0,1.4869780945900772,0.0,0.07238319385562014,0.0034344590726960505,0.041666666666666664,0.40674038806426305,1.4869780945900772,MODE_4_TRUSTED_FUSION,no_rollout,four_mode_relocalization_v2,0.25,0,0,0,False,0,0,0.4484165559023333,0,0,restarted_se3,0,44.82936207205057,2.311927266418934,0,488,cache_read_only_not_online_fps,75af0ef3fc918763f0b62d63899bd6f7a427eaf26ec2562352624519f5cf2837,cached_perception_v2,0,0,0,,,0,0.0,0,21.786275319755077,0.769568607211113,69.6971332654357,47.06926607228703,47.05100489634175,47.06926607228703,47.06299873420816,0.5113769170930041,41.2041005668641
sugar_box_yalehand0_drop60,488,0.6649066898496625,0.5042368749106864,0.0,0.0,0.0,0.0,0.0034344590726960505,0.0034344590726960505,-0.16066981493897614,0.0,MODE_4_TRUSTED_FUSION,no_rollout,four_mode_relocalization_v2,0.5,0,0,0,False,0,0,0.5042368749106864,0,0,restarted_se3,0,45.04459444433451,2.560828812420368,0,489,cache_read_only_not_online_fps,75af0ef3fc918763f0b62d63899bd6f7a427eaf26ec2562352624519f5cf2837,cached_perception_v2,0,0,0,,,0,0.0,0,22.051170468330383,0.7722312584519386,70.4288249835372,47.037798872905284,47.03235259563454,47.037798872905284,47.03150177204569,0.4884349729953931,41.10404572771538
sugar_box_yalehand0_drop60,489,0.5776788174571119,0.8262271592259652,0.6524823760757835,0.0,0.03176156964698856,0.0,0.008333333333333333,0.0034344590726960505,0.24854834176885332,-0.6524823760757835,MODE_4_TRUSTED_FUSION,no_rollout,four_mode_relocalization_v2,0.75,0,0,0,False,0,0,0.5776788174571119,0,0,restarted_se3,0,43.81218925118446,2.6204483583569527,0,490,cache_read_only_not_online_fps,75af0ef3fc918763f0b62d63899bd6f7a427eaf26ec2562352624519f5cf2837,cached_perception_v2,0,0,0,,,0,0.0,0,22.01663050800562,1.2861564755439758,69.73542459309101,47.079090166078224,47.0507528617691,47.079090166078224,47.072872174062795,0.7033892322692786,41.03749478463254
sugar_box_yalehand0_drop60,490,0.7153913025578156,1.0068250724115486,3.613019516566059,0.0,0.17587474423679056,0.0,0.041666666666666664,0.0034344590726960505,0.29143376985373304,-3.613019516566059,MODE_4_TRUSTED_FUSION,no_rollout,four_mode_relocalization_v2,0.75,0,0,0,False,0,0,0.7153913025578156,0,0,restarted_se3,0,46.214490197598934,2.979041077196598,0,491,cache_read_only_not_online_fps,75af0ef3fc918763f0b62d63899bd6f7a427eaf26ec2562352624519f5cf2837,cached_perception_v2,0,0,0,,,0,0.0,0,20.48201486468315,0.790194608271122,70.4657407477498,47.139933686223465,47.08736185148566,47.139933686223465,47.13378839883612,0.8387665341862605,40.93856275086331
sugar_box_yalehand0_drop60,491,0.6067852703751965,0.9991853885857697,2.2766509858493884,2.2718910089390856,0.11082293024347062,0.11059122385001383,0.041666666666666664,0.041666666666666664,0.3924001182105732,-0.004759976910302832,MODE_4_TRUSTED_FUSION,no_rollout,four_mode_relocalization_v2,0.5005209514234227,0,0,0,False,0,0,0.6067852703751965,0,0,restarted_se3,0,44.04021427035332,2.3607024922966957,0,492,cache_read_only_not_online_fps,75af0ef3fc918763f0b62d63899bd6f7a427eaf26ec2562352624519f5cf2837,cached_perception_v2,0,0,0,,,0,0.0,0,20.9513446316123,0.8621970191597939,68.21445841342211,47.15926903852749,47.16724810545981,47.15926903852749,47.153130514768186,0.6173999887331545,40.870807117526766
sugar_box_yalehand0_drop60,492,0.6648882721471827,0.7342469388952491,0.06682552727686049,1.339982109678502,0.0032529363498918773,0.06522771597026128,0.008333333333333333,0.041666666666666664,0.06935866674806634,1.2731565824016415,MODE_4_TRUSTED_FUSION,no_rollout,four_mode_relocalization_v2,0.25,0,0,0,False,0,0,0.6648882721471827,0,0,restarted_se3,0,44.955821707844734,2.3450590670108795,0,493,cache_read_only_not_online_fps,75af0ef3fc918763f0b62d63899bd6f7a427eaf26ec2562352624519f5cf2837,cached_perception_v2,0,0,0,,,0,0.0,0,24.005243554711342,1.7721457406878471,73.0782700702548,47.11141861456529,47.15685040062238,47.11141861456529,47.1052382314795,0.6714717819852934,40.798939159807084
sugar_box_yalehand0_drop60,493,0.5065708365359544,0.8749030117238651,0.0,1.236527577504011,0.0,0.06019175109298913,0.0034344590726960505,0.041666666666666664,0.3683321751879107,1.236527577504011,MODE_4_TRUSTED_FUSION,no_rollout,four_mode_relocalization_v2,0.25,0,0,0,False,0,0,0.5065708365359544,0,0,restarted_se3,0,45.0989892706275,3.6159874871373177,0,494,cache_read_only_not_online_fps,75af0ef3fc918763f0b62d63899bd6f7a427eaf26ec2562352624519f5cf2837,cached_perception_v2,0,0,0,,,0,0.0,0,19.87389288842678,0.7600104436278343,69.34888008981943,47.21455121541266,47.18928333206583,47.21455121541266,47.20849468148759,0.5812858689712936,40.762832930419044
sugar_box_yalehand0_drop60,494,0.45621040128208745,0.5546686497713672,0.0,0.0,0.0,0.0,0.0034344590726960505,0.0034344590726960505,0.09845824848927975,0.0,MODE_4_TRUSTED_FUSION,no_rollout,four_mode_relocalization_v2,0.5,0,0,0,False,0,0,0.45621040128208745,0,0,restarted_se3,0,42.76879783719778,2.39610206335783,0,495,cache_read_only_not_online_fps,75af0ef3fc918763f0b62d63899bd6f7a427eaf26ec2562352624519f5cf2837,cached_perception_v2,0,0,0,,,0,0.0,0,21.910041570663452,0.8068643510341644,67.88180582225323,47.377285589666826,47.320648887615604,47.377285589666826,47.3712775176069,0.46719966779406885,40.75815816742371
sugar_box_yalehand0_drop60,495,0.5060303383082669,0.4727188662574987,0.0,2.5124161963574685,0.0,0.12229952092002794,0.0034344590726960505,0.041666666666666664,-0.03331147205076823,2.5124161963574685,MODE_4_TRUSTED_FUSION,no_rollout,four_mode_relocalization_v2,0.25,0,0,0,False,0,0,0.4727188662574987,0,0,restarted_se3,0,43.459976091980934,2.2887354716658592,0,496,cache_read_only_not_online_fps,75af0ef3fc918763f0b62d63899bd6f7a427eaf26ec2562352624519f5cf2837,cached_perception_v2,0,0,0,,,0,0.0,0,21.92660328000784,0.8331518620252609,68.5084667056799,47.297894769540896,47.32713872835327,47.297894769540896,47.29201054264636,0.39239406859261466,40.63325032886525
sugar_box_yalehand0_drop60,496,0.30777866807729387,0.6264367497071316,0.4918719528451163,2.4754359446723195,0.023943367454074993,0.12049939438400545,0.008333333333333333,0.041666666666666664,0.3186580816298377,1.9835639918272032,MODE_4_TRUSTED_FUSION,no_rollout,four_mode_relocalization_v2,0.25,0,0,0,False,0,0,0.30777866807729387,0,0,restarted_se3,0,47.5003682076931,2.339783124625683,0,497,cache_read_only_not_online_fps,75af0ef3fc918763f0b62d63899bd6f7a427eaf26ec2562352624519f5cf2837,cached_perception_v2,0,0,0,,,0,0.0,0,23.056992329657078,0.7792608812451363,73.676404543221,47.42412800485241,47.43695971791402,47.42412800485241,47.418254782503496,0.33895152802234463,40.63764611145022
sugar_box_yalehand0_drop60,497,0.44704543586107026,0.43814452353256195,0.0,0.0,0.0,0.0,0.0034344590726960505,0.0034344590726960505,-0.008900912328508315,0.0,MODE_4_TRUSTED_FUSION,no_rollout,four_mode_relocalization_v2,0.5,0,0,0,False,0,0,0.43814452353256195,0,0,restarted_se3,0,45.78027501702309,2.457049675285816,0,498,cache_read_only_not_online_fps,75af0ef3fc918763f0b62d63899bd6f7a427eaf26ec2562352624519f5cf2837,cached_perception_v2,0,0,0,,,0,0.0,0,22.272582165896893,0.7733572274446487,71.28326408565044,47.272034932231286,47.30290201154536,47.272034932231286,47.26612248713185,0.3415092214860409,40.46583407428356
sugar_box_yalehand0_drop60,498,0.6973613748014448,0.38896912568847436,0.4273957091930657,0.0,0.02080478964964866,0.0,0.008333333333333333,0.0034344590726960505,-0.3083922491129704,-0.4273957091930657,MODE_4_TRUSTED_FUSION,no_rollout,four_mode_relocalization_v2,0.75,0,0,0,False,0,0,0.38896912568847436,0,0,restarted_se3,0,43.37502084672451,2.656671218574047,0,499,cache_read_only_not_online_fps,75af0ef3fc918763f0b62d63899bd6f7a427eaf26ec2562352624519f5cf2837,cached_perception_v2,0,0,0,,,0,0.0,0,22.566866129636765,0.7698340341448784,69.3683922290802,47.40963772535762,47.38082158664419,47.40963772535762,47.40377292584857,0.4512142372471428,40.47186749673705
sugar_box_yalehand0_drop60,499,0.9472496353752724,0.5836629712731142,0.0,0.0,0.0,0.0,0.0034344590726960505,0.0034344590726960505,-0.36358666410215823,0.0,MODE_4_TRUSTED_FUSION,no_rollout,four_mode_relocalization_v2,0.5,0,0,0,False,0,0,0.5836629712731142,0,0,restarted_se3,0,43.215020559728146,2.4425238370895386,0,500,cache_read_only_not_online_fps,75af0ef3fc918763f0b62d63899bd6f7a427eaf26ec2562352624519f5cf2837,cached_perception_v2,0,0,0,,,0,0.0,0,22.303631529211998,0.7835188880562782,68.74469481408596,47.442659206347635,47.37464814061971,47.442659206347635,47.436583114097935,0.7499452330418022,40.31660593108038
sugar_box_yalehand0_drop60,500,0.7982055350556612,1.063907239743616,0.0,0.0,0.0,0.0,0.0034344590726960505,0.0034344590726960505,0.26570170468795484,0.0,MODE_4_TRUSTED_FUSION,no_rollout,four_mode_relocalization_v2,0.5,0,0,0,False,0,0,0.7982055350556612,0,0,restarted_se3,0,47.69647400826216,3.7147533148527145,0,501,cache_read_only_not_online_fps,75af0ef3fc918763f0b62d63899bd6f7a427eaf26ec2562352624519f5cf2837,cached_perception_v2,0,0,0,,,0,0.0,0,23.196362890303135,0.8481517434120178,75.45574195683002,47.5661121905346,47.53258221831525,47.5661121905346,47.56001052162549,0.9217882050039529,40.2926941278851
sugar_box_yalehand0_drop60,501,0.844137164764458,1.0915060856747487,0.9745094318330334,0.0,0.0474372187291342,0.0,0.041666666666666664,0.0034344590726960505,0.24736892091029072,-0.9745094318330334,MODE_4_TRUSTED_FUSION,no_rollout,four_mode_relocalization_v2,0.75,0,0,0,False,0,0,0.844137164764458,0,0,restarted_se3,0,45.643383637070656,2.4590017274022102,0,502,cache_read_only_not_online_fps,75af0ef3fc918763f0b62d63899bd6f7a427eaf26ec2562352624519f5cf2837,cached_perception_v2,0,0,0,,,0,0.0,0,22.240374237298965,0.8408995345234871,71.18365913629532,47.38967402766912,47.5074086584412,47.38967402766912,47.38386696430525,1.0215818833699732,40.226433942263746
sugar_box_yalehand0_drop60,502,0.903002610223131,1.118231442791586,1.4497996785598277,1.2339162190081405,0.07057342106572284,0.060064635253878396,0.041666666666666664,0.041666666666666664,0.21522883256845504,-0.2158834595516872,MODE_4_TRUSTED_FUSION,no_rollout,four_mode_relocalization_v2,0.5399234734215007,0,0,0,False,0,0,0.903002610223131,0,0,restarted_se3,0,46.91731743514538,2.8976770117878914,0,503,cache_read_only_not_online_fps,75af0ef3fc918763f0b62d63899bd6f7a427eaf26ec2562352624519f5cf2837,cached_perception_v2,0,0,0,,,0,0.0,0,23.26494362205267,0.7955525070428848,73.87549057602882,47.528422259871164,47.50435740337653,47.528422259871164,47.52242863617215,1.0175534870969358,40.18254541877393
sugar_box_yalehand0_drop60,503,0.9644738767081934,1.044677679947943,1.0014329825782917,0.3626956016132909,0.04874780467519879,0.017655314585782733,0.041666666666666664,0.008333333333333333,0.08020380323974952,-0.6387373809650008,MODE_4_TRUSTED_FUSION,no_rollout,four_mode_relocalization_v2,0.7307362871701919,0,0,0,False,0,0,0.9644738767081934,0,0,restarted_se3,0,44.09785009920597,2.4814046919345856,0,504,cache_read_only_not_online_fps,75af0ef3fc918763f0b62d63899bd6f7a427eaf26ec2562352624519f5cf2837,cached_perception_v2,0,0,0,,,0,0.0,0,22.07506261765957,0.8155647665262222,69.46988217532635,47.414060016487994,47.437308065659614,47.414060016487994,47.407953368311205,1.015141864119768,40.055373221715485
sugar_box_yalehand0_drop60,504,0.5460036369283731,1.0268388574672345,0.0,0.7865667940085966,0.0,0.038288537630954966,0.0034344590726960505,0.008333333333333333,0.4808352205388614,0.7865667940085966,MODE_4_TRUSTED_FUSION,no_rollout,four_mode_relocalization_v2,0.25,0,0,0,False,0,0,0.5460036369283731,0,0,restarted_se3,0,43.81546285003424,2.201540395617485,0,505,cache_read_only_not_online_fps,75af0ef3fc918763f0b62d63899bd6f7a427eaf26ec2562352624519f5cf2837,cached_perception_v2,0,0,0,,,0,0.0,0,21.63093537092209,0.822083093225956,68.47002170979977,47.5683113245876,47.50762616225531,47.5683113245876,47.56227614222189,0.6493605128298356,40.04387285130148
sugar_box_yalehand0_drop60,505,0.5451449910564838,0.526162190789933,0.0,0.0,0.0,0.0,0.0034344590726960505,0.0034344590726960505,-0.01898280026655086,0.0,MODE_4_TRUSTED_FUSION,no_rollout,four_mode_relocalization_v2,0.5,0,0,0,False,0,0,0.526162190789933,0,0,restarted_se3,0,46.54200002551079,2.310618758201599,0,506,cache_read_only_not_online_fps,75af0ef3fc918763f0b62d63899bd6f7a427eaf26ec2562352624519f5cf2837,cached_perception_v2,0,0,0,,,0,0.0,0,22.817824967205524,0.7695537060499191,72.43999745696783,47.43005337114768,47.465613667041765,47.43005337114768,47.42387463461946,0.3958090687005385,39.967476883556266
sugar_box_yalehand0_drop60,506,0.463306009476414,0.4799881322901818,0.15136589730556302,0.0,0.007368196698834928,0.0,0.008333333333333333,0.0034344590726960505,0.016682122813767797,-0.15136589730556302,MODE_4_TRUSTED_FUSION,no_rollout,four_mode_relocalization_v2,0.75,0,0,0,False,0,0,0.463306009476414,0,0,restarted_se3,0,45.98408192396164,2.3350128903985023,0,507,cache_read_only_not_online_fps,75af0ef3fc918763f0b62d63899bd6f7a427eaf26ec2562352624519f5cf2837,cached_perception_v2,0,0,0,,,0,0.0,0,22.18765765428543,0.7822951301932335,71.2890475988388,47.47397443569298,47.42698053441507,47.47397443569298,47.46795200244383,0.4134233034475525,39.83616094842057
sugar_box_yalehand0_drop60,507,0.46578787916787007,0.6028683071245852,0.4243889089665209,0.0,0.020658424478248394,0.0,0.008333333333333333,0.0034344590726960505,0.1370804279567151,-0.4243889089665209,MODE_4_TRUSTED_FUSION,no_rollout,four_mode_relocalization_v2,0.75,0,0,0,False,0,0,0.46578787916787007,0,0,restarted_se3,0,45.795476995408535,3.8988813757896423,0,508,cache_read_only_not_online_fps,75af0ef3fc918763f0b62d63899bd6f7a427eaf26ec2562352624519f5cf2837,cached_perception_v2,0,0,0,,,0,0.0,0,22.52659574151039,0.7645897567272186,72.98554386943579,47.296539429712,47.38869094642668,47.296539429712,47.29029195140187,0.49569908332690976,39.80668935173112
sugar_box_yalehand0_drop60,508,0.5707632861520497,0.5448692938141116,0.0,0.19613266076980257,0.0,0.009547355443613903,0.0034344590726960505,0.008333333333333333,-0.0258939923379381,0.19613266076980257,MODE_4_TRUSTED_FUSION,no_rollout,four_mode_relocalization_v2,0.25,0,0,0,False,0,0,0.5448692938141116,0,0,restarted_se3,0,44.79482490569353,2.2198613733053207,0,509,cache_read_only_not_online_fps,75af0ef3fc918763f0b62d63899bd6f7a427eaf26ec2562352624519f5cf2837,cached_perception_v2,0,0,0,,,0,0.0,0,22.040441632270813,0.7789544761180878,69.83408238738775,47.423760245952714,47.35795024371243,47.423760245952714,47.41758959470741,0.42725246312456355,39.73786223532486
sugar_box_yalehand0_drop60,509,0.9893195582798671,0.806756355104046,1.3604477591562982,0.0,0.06622394387632258,0.0,0.041666666666666664,0.0034344590726960505,-0.1825632031758211,-1.3604477591562982,MODE_4_TRUSTED_FUSION,no_rollout,four_mode_relocalization_v2,0.75,0,0,0,False,0,0,0.806756355104046,0,0,restarted_se3,0,44.54053472727537,2.763069234788418,0,510,cache_read_only_not_online_fps,75af0ef3fc918763f0b62d63899bd6f7a427eaf26ec2562352624519f5cf2837,cached_perception_v2,0,0,0,,,0,0.0,0,22.12795987725258,0.8636889979243279,70.2952528372407,47.39550167798092,47.36146784095443,47.39550167798092,47.38928603290109,0.8363339060734246,39.68572260349527
sugar_box_yalehand0_drop60,510,1.2793759415942267,1.2487940745416664,4.615942462782426,4.207509249256265,0.22469507743627967,0.20481334509651178,0.05,0.04838709677419355,-0.030581867052560385,-0.4084332135261608,MODE_4_TRUSTED_FUSION,no_rollout,four_mode_relocalization_v2,0.5230924093230562,0,0,0,False,0,1,1.2487940745416664,0,0,restarted_se3,0,46.12867534160614,1.6931341961026192,0,511,cache_read_only_not_online_fps,75af0ef3fc918763f0b62d63899bd6f7a427eaf26ec2562352624519f5cf2837,cached_perception_v2,0,0,0,,,0,0.0,0,20.857649855315685,0.8313022553920746,69.51076164841652,47.36890813143848,47.343161608881246,47.36890813143848,47.36291100408617,1.2563354787998298,39.54292702763364
sugar_box_yalehand0_drop60,511,1.6095008785056222,1.6065733017094908,5.819597925216445,5.7183736202983395,0.2832866780723036,0.27835927630865664,0.14634146341463414,0.14634146341463414,-0.002927576796131426,-0.10122430491810519,MODE_4_TRUSTED_FUSION,no_rollout,four_mode_relocalization_v2,0.5043789822686225,0,0,0,False,0,1,1.6065733017094908,0,0,restarted_se3,0,48.615665175020695,2.6050303131341934,0,512,cache_read_only_not_online_fps,75af0ef3fc918763f0b62d63899bd6f7a427eaf26ec2562352624519f5cf2837,cached_perception_v2,0,0,0,,,0,0.0,0,22.859156131744385,0.8236709982156754,74.90352261811495,47.374509974357764,47.38244662955447,47.374509974357764,47.36837023722282,1.5957988080261862,39.48665431598034
sugar_box_yalehand0_drop60,512,1.9501148576687115,1.9526492171331968,9.674267075141977,8.520217852500506,0.47092445521471354,0.4147475895935603,0.8,0.8,0.002534359464485325,-1.1540492226414703,MODE_3_RELOCALIZE,no_rollout,four_mode_relocalization_v2,,0,0,0,False,1,1,1.9501148576687115,0,0,restarted_se3,1,46.20382282882929,2.3620212450623512,0,513,cache_read_only_not_online_fps,75af0ef3fc918763f0b62d63899bd6f7a427eaf26ec2562352624519f5cf2837,cached_perception_v2,1,1,1,0.2782913900627789,,1,2451.384420506656,0,21.480008959770203,2451.384420506656,2521.430273540318,47.48904414815127,47.42821289248023,47.48904414815127,47.482853732547625,0.2782913900627789,39.417590747350154
sugar_box_yalehand0_drop60,513,0.5502486933989561,1.6220091470523315,1.0622278601139523,5.877854911268564,0.05170718075619313,0.28612251454507776,0.041666666666666664,0.14634146341463414,1.0717604536533754,4.815627051154611,MODE_4_TRUSTED_FUSION,no_rollout,four_mode_relocalization_v2,0.25,0,0,0,False,0,0,0.5502486933989561,0,0,restarted_se3,0,47.75459412485361,1.8366258591413498,0,514,cache_read_only_not_online_fps,75af0ef3fc918763f0b62d63899bd6f7a427eaf26ec2562352624519f5cf2837,cached_perception_v2,0,0,0,,,0,0.0,0,23.026022128760815,0.8608214557170868,73.47806356847286,47.47658846013345,47.47550184089994,47.47658846013345,47.4705041188029,0.38588589612932866,39.311818670723795
sugar_box_yalehand0_drop60,514,0.5530774985087172,0.7085131502856421,0.0,0.8945473796078753,0.0,0.04354482196258841,0.0034344590726960505,0.041666666666666664,0.15543565177692487,0.8945473796078753,MODE_4_TRUSTED_FUSION,no_rollout,four_mode_relocalization_v2,0.25,0,0,0,False,0,0,0.5530774985087172,0,0,restarted_se3,0,43.743278831243515,3.901122137904167,0,515,cache_read_only_not_online_fps,75af0ef3fc918763f0b62d63899bd6f7a427eaf26ec2562352624519f5cf2837,cached_perception_v2,0,0,0,,,0,0.0,0,20.647662691771984,0.8068457245826721,69.09890938550234,47.523849301378384,47.55461965371966,47.523849301378384,47.517959223111255,0.4984925488977993,39.303295518645456
sugar_box_yalehand0_drop60,515,0.42639519398328835,0.8435630538728282,0.0,3.180779099032633,0.0,0.15483412363290655,0.0034344590726960505,0.041666666666666664,0.4171678598895398,3.180779099032633,MODE_4_TRUSTED_FUSION,no_rollout,four_mode_relocalization_v2,0.25,0,0,0,False,0,0,0.42639519398328835,0,0,restarted_se3,0,43.88794023543596,2.3708194494247437,0,516,cache_read_only_not_online_fps,75af0ef3fc918763f0b62d63899bd6f7a427eaf26ec2562352624519f5cf2837,cached_perception_v2,0,0,0,,,0,0.0,0,20.28070669621229,0.812268815934658,67.35173519700766,47.453469661582034,47.47903593494387,47.453469661582034,47.447257527481476,0.5018776654491055,39.149082268577104
sugar_box_yalehand0_drop60,516,0.4145713006667955,0.49606745091841625,0.0,0.0,0.0,0.0,0.0034344590726960505,0.0034344590726960505,0.08149615025162077,0.0,MODE_4_TRUSTED_FUSION,no_rollout,four_mode_relocalization_v2,0.5,0,0,0,False,0,0,0.4145713006667955,0,0,restarted_se3,0,44.748472049832344,2.3031607270240784,0,517,cache_read_only_not_online_fps,75af0ef3fc918763f0b62d63899bd6f7a427eaf26ec2562352624519f5cf2837,cached_perception_v2,0,0,0,,,0,0.0,0,20.18498256802559,0.7912209257483482,68.02783627063036,47.40439371833462,47.429790981385125,47.40439371833462,47.39825480081535,0.3929504258700099,39.09677329934323
sugar_box_yalehand0_drop60,517,0.5702934473506694,0.40401753563495263,0.0,0.0,0.0,0.0,0.0034344590726960505,0.0034344590726960505,-0.16627591171571682,0.0,MODE_4_TRUSTED_FUSION,no_rollout,four_mode_relocalization_v2,0.5,0,0,0,False,0,0,0.40401753563495263,0,0,restarted_se3,0,46.56966682523489,2.413376234471798,0,518,cache_read_only_not_online_fps,75af0ef3fc918763f0b62d63899bd6f7a427eaf26ec2562352624519f5cf2837,cached_perception_v2,0,0,0,,,0,0.0,0,20.187693648040295,0.8027413859963417,69.97347809374332,47.43698086240168,47.41808489162558,47.43698086240168,47.430870845318125,0.4349524366795618,38.98666551152618
sugar_box_yalehand0_drop60,518,0.42469754397794507,0.5562837340642192,0.0,0.0,0.0,0.0,0.0034344590726960505,0.0034344590726960505,0.1315861900862741,0.0,MODE_4_TRUSTED_FUSION,no_rollout,four_mode_relocalization_v2,0.5,0,0,0,False,0,0,0.42469754397794507,0,0,restarted_se3,0,45.7007447257638,2.3697596043348312,0,519,cache_read_only_not_online_fps,75af0ef3fc918763f0b62d63899bd6f7a427eaf26ec2562352624519f5cf2837,cached_perception_v2,0,0,0,,,0,0.0,0,20.213629119098186,0.849870964884758,69.13400441408157,47.33945440341146,47.29798095849037,47.33945440341146,47.333238501494755,0.46979574048839967,38.704783284420664
sugar_box_yalehand0_drop60,519,0.4982639590044766,0.5543105833381914,0.0,0.0,0.0,0.0,0.0034344590726960505,0.0034344590726960505,0.05604662433371477,0.0,MODE_4_TRUSTED_FUSION,no_rollout,four_mode_relocalization_v2,0.5,0,0,0,False,0,0,0.4982639590044766,0,0,restarted_se3,0,45.88803928345442,2.241300418972969,0,520,cache_read_only_not_online_fps,75af0ef3fc918763f0b62d63899bd6f7a427eaf26ec2562352624519f5cf2837,cached_perception_v2,0,0,0,,,0,0.0,0,20.317668095231056,0.8146995678544044,69.26170736551285,47.1631422936227,47.13777511634357,47.1631422936227,47.1569002897862,0.5116365092139151,38.372957692189935
sugar_box_yalehand0_drop60,520,0.33660142541675786,0.651069350214088,0.0,0.0,0.0,0.0,0.0034344590726960505,0.0034344590726960505,0.3144679247973301,0.0,MODE_4_TRUSTED_FUSION,no_rollout,four_mode_relocalization_v2,0.5,0,0,0,False,0,0,0.33660142541675786,0,0,restarted_se3,0,46.3144751265645,2.2549480199813843,0,521,cache_read_only_not_online_fps,75af0ef3fc918763f0b62d63899bd6f7a427eaf26ec2562352624519f5cf2837,cached_perception_v2,0,0,0,,,0,0.0,0,20.375975407660007,1.149970106780529,70.09536866098642,46.82191993516903,46.850887705402045,46.82191993516903,46.81549005742349,0.4946571144611417,37.69712212935846
sugar_box_yalehand0_drop60,521,0.538837617083764,0.5457261977042738,1.721619401653646,0.0,0.08380507510424773,0.0,0.041666666666666664,0.0034344590726960505,0.006888580620509788,-1.721619401653646,MODE_4_TRUSTED_FUSION,no_rollout,four_mode_relocalization_v2,0.75,0,0,0,False,0,0,0.538837617083764,0,0,restarted_se3,0,45.722899958491325,3.7152422592043877,0,522,cache_read_only_not_online_fps,75af0ef3fc918763f0b62d63899bd6f7a427eaf26ec2562352624519f5cf2837,cached_perception_v2,0,0,0,,,0,0.0,0,20.6108083948493,0.8316617459058762,70.88061235845089,46.63331512177244,46.59257121144578,46.63331512177244,46.626701015014866,0.5399742728998598,37.138688551654
sugar_box_yalehand0_drop60,522,0.672499909943435,0.5520534405482056,3.1879135200446154,1.2176168445337952,0.15518141333477692,0.059271213490239616,0.041666666666666664,0.041666666666666664,-0.1204464693952294,-1.9702966755108202,MODE_4_TRUSTED_FUSION,no_rollout,four_mode_relocalization_v2,0.7226057119934048,0,0,0,False,0,0,0.5520534405482056,0,0,restarted_se3,0,45.459420420229435,3.7646880373358727,0,523,cache_read_only_not_online_fps,75af0ef3fc918763f0b62d63899bd6f7a427eaf26ec2562352624519f5cf2837,cached_perception_v2,0,0,0,,,0,0.0,0,24.81682039797306,0.8119475096464157,74.85287636518478,46.59584246681886,46.57776698114412,46.59584246681886,46.58911619389778,0.5043047137809774,36.94379573712843
sugar_box_yalehand0_drop60,523,0.7396296557607845,0.48702884234256455,4.032251252543211,2.6105127899277254,0.1962821275910341,0.1270746717946811,0.04838709677419355,0.041666666666666664,-0.25260081341822,-1.4217384626154854,MODE_4_TRUSTED_FUSION,no_rollout,four_mode_relocalization_v2,0.60669284200617,0,0,0,False,0,0,0.48702884234256455,0,0,restarted_se3,0,45.8142664283514,2.3136241361498833,0,524,cache_read_only_not_online_fps,75af0ef3fc918763f0b62d63899bd6f7a427eaf26ec2562352624519f5cf2837,cached_perception_v2,0,0,0,,,0,0.0,0,22.513714618980885,0.7941611111164093,71.43576629459858,46.413014233521764,46.45298383166192,46.413014233521764,46.40615096280127,0.5305856059642732,36.694607441176785
sugar_box_yalehand0_drop60,524,0.8160371881403273,0.7412478387117193,6.245106154517262,8.205762630919036,0.3039995888816141,0.39944052263308955,0.35,0.8,-0.07478934942860804,1.9606564764017742,MODE_1_ACCEPT,no_rollout,four_mode_relocalization_v2,0.0,0,0,0,False,0,0,0.7412478387117193,0,0,restarted_se3,0,45.87408900260925,2.355550415813923,0,525,cache_read_only_not_online_fps,75af0ef3fc918763f0b62d63899bd6f7a427eaf26ec2562352624519f5cf2837,cached_perception_v2,0,0,0,,,0,0.0,0,23.1084106490016,0.6384989246726036,71.97654899209738,46.64080365838629,46.57052849891666,46.64080365838629,46.63393700873014,0.8160371881403273,36.693523100297355
sugar_box_yalehand0_drop60,525,0.6473197170156768,1.169587937724386,2.2035400544945416,2.1161226047653985,0.10726403268036852,0.10300872170226508,0.041666666666666664,0.041666666666666664,0.5222682207087093,-0.08741744972914312,MODE_4_TRUSTED_FUSION,no_rollout,four_mode_relocalization_v2,0.5100719176342673,0,0,0,False,0,0,0.6473197170156768,0,0,restarted_se3,0,46.625806018710136,2.2655269131064415,0,526,cache_read_only_not_online_fps,75af0ef3fc918763f0b62d63899bd6f7a427eaf26ec2562352624519f5cf2837,cached_perception_v2,0,0,0,,,0,0.0,0,22.884801030158997,0.8117919787764549,72.58792594075203,46.459697575723226,46.481724943008466,46.459697575723226,46.45300400532626,0.8982078445902135,36.496498920867495
sugar_box_yalehand0_drop60,526,0.8278942283789368,0.9491015470467771,0.0,1.3963510848514065,0.0,0.06797164775528719,0.0034344590726960505,0.041666666666666664,0.12120731866784029,1.3963510848514065,MODE_4_TRUSTED_FUSION,no_rollout,four_mode_relocalization_v2,0.25,0,0,0,False,0,0,0.8278942283789368,0,0,restarted_se3,0,46.21181543916464,2.265467308461666,0,527,cache_read_only_not_online_fps,75af0ef3fc918763f0b62d63899bd6f7a427eaf26ec2562352624519f5cf2837,cached_perception_v2,0,0,0,,,0,0.0,0,22.918157279491425,0.7970230653882027,72.19246309250593,46.45387652077619,46.522570556970145,46.45387652077619,46.447138719558595,0.8495663195048085,36.477791477278835
sugar_box_yalehand0_drop60,527,0.28340045223655247,0.9076087650176053,0.0,0.0,0.0,0.0,0.0034344590726960505,0.0034344590726960505,0.6242083127810529,0.0,MODE_4_TRUSTED_FUSION,no_rollout,four_mode_relocalization_v2,0.5,0,0,0,False,0,0,0.28340045223655247,0,0,restarted_se3,0,46.531856060028076,2.371561713516712,0,528,cache_read_only_not_online_fps,75af0ef3fc918763f0b62d63899bd6f7a427eaf26ec2562352624519f5cf2837,cached_perception_v2,0,0,0,,,0,0.0,0,22.78963476419449,0.8028754964470863,72.49592803418636,46.44447821977826,46.42214836546121,46.44447821977826,46.43764088069873,0.5778035798355288,36.33814998237321
sugar_box_yalehand0_drop60,528,0.7209293362214803,0.39995915458875403,4.725265297115493,0.0,0.23001669981872486,0.0,0.05,0.0034344590726960505,-0.3209701816327262,-4.725265297115493,MODE_4_TRUSTED_FUSION,no_rollout,four_mode_relocalization_v2,0.75,0,0,0,False,0,0,0.39995915458875403,0,0,restarted_se3,0,46.19061201810837,2.21372302621603,0,529,cache_read_only_not_online_fps,75af0ef3fc918763f0b62d63899bd6f7a427eaf26ec2562352624519f5cf2837,cached_perception_v2,0,0,0,,,0,0.0,0,21.890513598918915,0.774371437728405,71.06922008097172,46.417276464936336,46.37927070130408,46.417276464936336,46.41056759317982,0.4528866557600747,36.210899272724305
sugar_box_yalehand0_drop60,529,0.6701856262129707,0.5822519680040512,6.2545352684070314,4.457712603721853,0.3044585797578436,0.2169927564647752,0.35,0.05,-0.08793365820891952,-1.7968226646851786,MODE_4_TRUSTED_FUSION,no_rollout,four_mode_relocalization_v2,0.5837113848885022,0,0,0,False,0,0,0.5822519680040512,0,0,restarted_se3,0,46.301545575261116,2.1174177527427673,0,530,cache_read_only_not_online_fps,75af0ef3fc918763f0b62d63899bd6f7a427eaf26ec2562352624519f5cf2837,cached_perception_v2,0,0,0,,,0,0.0,0,21.31572552025318,0.8372906595468521,70.57197950780392,46.24257418135551,46.28581979827651,46.24257418135551,46.23585511105851,0.5387958752122297,36.05016508122283
sugar_box_yalehand0_drop60,530,0.5845814282757855,0.8634496665676847,0.7651664534250301,7.134888407819682,0.03724681078462666,0.34731245378823167,0.008333333333333333,0.7126099822174314,0.2788682382918992,6.369721954394652,MODE_1_ACCEPT,no_rollout,four_mode_relocalization_v2,0.0,0,0,0,False,0,0,0.5845814282757855,0,0,restarted_se3,0,45.12378107756376,2.0138630643486977,0,531,cache_read_only_not_online_fps,75af0ef3fc918763f0b62d63899bd6f7a427eaf26ec2562352624519f5cf2837,cached_perception_v2,0,0,0,,,0,0.0,0,21.82666677981615,0.6698155775666237,69.63412649929523,46.290573302036705,46.21935553682513,46.290573302036705,46.28370652574452,0.5845814282757855,35.69036009883047
sugar_box_yalehand0_drop60,531,0.8054565023431989,1.076043735556857,2.8228554360148026,1.2160538676572146,0.13741109771208734,0.05919513082388361,0.041666666666666664,0.041666666666666664,0.2705872332136582,-1.606801568357588,MODE_4_TRUSTED_FUSION,no_rollout,four_mode_relocalization_v2,0.6979351407167372,0,0,0,False,0,0,0.8054565023431989,0,0,restarted_se3,0,45.37630546838045,3.6552874371409416,0,532,cache_read_only_not_online_fps,75af0ef3fc918763f0b62d63899bd6f7a427eaf26ec2562352624519f5cf2837,cached_perception_v2,0,0,0,,,0,0.0,0,20.20444069057703,0.8522095158696175,70.08824311196804,45.92350755434459,45.88957605496904,45.92350755434459,45.91634947343297,0.9132786389284177,34.896476220196746
sugar_box_yalehand0_drop60,532,0.6365439283943379,1.1967460131058922,4.366554064016145,4.176434584747206,0.21255533652219527,0.20330069102760454,0.05,0.04838709677419355,0.5602020847115543,-0.19011947926893935,MODE_4_TRUSTED_FUSION,no_rollout,four_mode_relocalization_v2,0.5111012338721479,0,0,0,False,0,0,0.6365439283943379,0,0,restarted_se3,0,43.424906209111214,2.2088857367634773,0,533,cache_read_only_not_online_fps,75af0ef3fc918763f0b62d63899bd6f7a427eaf26ec2562352624519f5cf2837,cached_perception_v2,0,0,0,,,0,0.0,0,21.402539685368538,0.8218269795179367,67.85815861076117,45.67206843981964,45.683507343558546,45.67206843981964,45.664802040597564,0.8530488989619013,34.36067319488922
sugar_box_yalehand0_drop60,533,0.7285333073142937,0.9758343662121481,5.481775061477837,2.317994131770439,0.2668421198613816,0.1128354339627198,0.11650485436893204,0.041666666666666664,0.24730105889785448,-3.1637809297073978,MODE_4_TRUSTED_FUSION,no_rollout,four_mode_relocalization_v2,0.7022937539153368,0,0,0,False,0,0,0.7285333073142937,0,0,restarted_se3,0,47.117569483816624,2.3313378915190697,0,534,cache_read_only_not_online_fps,75af0ef3fc918763f0b62d63899bd6f7a427eaf26ec2562352624519f5cf2837,cached_perception_v2,0,0,0,,,0,0.0,0,21.425561048090458,0.8498728275299072,71.72434125095606,45.36089709218587,45.36245026070892,45.36089709218587,45.35339242346157,0.8146590265315156,33.592489315206834
sugar_box_yalehand0_drop60,534,0.7920728835353827,0.7525860670639615,5.749786494614232,8.189666245098,0.27988839377141,0.39865698196124116,0.14634146341463414,0.8,-0.03948681647142127,2.439879750483768,MODE_1_ACCEPT,no_rollout,four_mode_relocalization_v2,0.0,0,0,0,False,0,0,0.7525860670639615,0,0,restarted_se3,0,46.572026796638966,1.9652694463729858,0,535,cache_read_only_not_online_fps,75af0ef3fc918763f0b62d63899bd6f7a427eaf26ec2562352624519f5cf2837,cached_perception_v2,0,0,0,,,0,0.0,0,21.54874987900257,0.6677936762571335,70.75383979827166,45.24161443457063,45.22939986764378,45.24161443457063,45.23393311355857,0.7920728835353827,33.15153553343942
sugar_box_yalehand0_drop60,535,0.6803152758676555,1.1363059498901777,5.528352550563136,8.847105700754126,0.26910942119825754,0.43065985257528977,0.11650485436893204,0.8,0.45599067402252225,3.3187531501909895,MODE_1_ACCEPT,no_rollout,four_mode_relocalization_v2,0.0,0,0,0,False,0,0,0.6803152758676555,0,0,restarted_se3,0,44.4329334422946,2.3567872121930122,0,536,cache_read_only_not_online_fps,75af0ef3fc918763f0b62d63899bd6f7a427eaf26ec2562352624519f5cf2837,cached_perception_v2,0,0,0,,,0,0.0,0,20.103927701711655,0.6647594273090363,67.5584077835083,45.21580274316379,45.190760945608424,45.21580274316379,45.208182873703834,0.6803152758676555,32.97566158566613
sugar_box_yalehand0_drop60,536,0.7040216927434143,0.6373723955766761,0.9662900385219575,4.486287713740004,0.04703711469157257,0.21838373709550174,0.041666666666666664,0.05,-0.06664929716673818,3.5199976752180464,MODE_4_TRUSTED_FUSION,no_rollout,four_mode_relocalization_v2,0.25,0,0,0,False,0,0,0.6373723955766761,0,0,restarted_se3,0,46.05036694556475,1.8914975225925446,0,537,cache_read_only_not_online_fps,75af0ef3fc918763f0b62d63899bd6f7a427eaf26ec2562352624519f5cf2837,cached_perception_v2,0,0,0,,,0,0.0,0,21.04591764509678,0.80905482172966,69.79683693498373,45.0824523941806,45.12374996280383,45.0824523941806,45.07490933981561,0.6743247225989868,32.84159527987803
sugar_box_yalehand0_drop60,537,0.5673720284864615,0.8474039439761896,4.362894591898941,4.107340468472345,0.21237720055594766,0.1999373241893158,0.05,0.04838709677419355,0.28003191548972806,-0.2555541234265961,MODE_4_TRUSTED_FUSION,no_rollout,four_mode_relocalization_v2,0.5150498850508516,0,0,0,False,0,0,0.5673720284864615,0,0,restarted_se3,0,44.23430189490318,2.0059309899806976,0,538,cache_read_only_not_online_fps,75af0ef3fc918763f0b62d63899bd6f7a427eaf26ec2562352624519f5cf2837,cached_perception_v2,0,0,0,,,0,0.0,0,20.609808154404163,0.7872628048062325,67.63730384409428,45.2457680668012,45.15513688124574,45.2457680668012,45.23811812610193,0.6716501987532528,32.581856105829985
sugar_box_yalehand0_drop60,538,0.5225643728672539,0.6896875121838867,0.0,1.305293412207784,0.0,0.06353913782458648,0.0034344590726960505,0.041666666666666664,0.1671231393166328,1.305293412207784,MODE_4_TRUSTED_FUSION,no_rollout,four_mode_relocalization_v2,0.25,0,0,0,False,0,0,0.5225643728672539,0,0,restarted_se3,0,46.18711303919554,2.202271483838558,0,539,cache_read_only_not_online_fps,75af0ef3fc918763f0b62d63899bd6f7a427eaf26ec2562352624519f5cf2837,cached_perception_v2,0,0,0,,,0,0.0,0,21.08269091695547,0.8701840415596962,70.34225948154926,45.1414955885235,45.12228386184601,45.1414955885235,45.13370606311115,0.5472372812767935,32.249901148812235
sugar_box_yalehand0_drop60,539,0.6223511968454796,0.5575218225127254,0.0,0.0,0.0,0.0,0.0034344590726960505,0.0034344590726960505,-0.06482937433275415,0.0,MODE_4_TRUSTED_FUSION,no_rollout,four_mode_relocalization_v2,0.5,0,0,0,False,0,0,0.5575218225127254,0,0,restarted_se3,0,45.56517396122217,2.27974820882082,0,540,cache_read_only_not_online_fps,75af0ef3fc918763f0b62d63899bd6f7a427eaf26ec2562352624519f5cf2837,cached_perception_v2,0,0,0,,,0,0.0,0,20.781351253390312,1.239030621945858,69.86530404537916,44.86941503606472,44.89855335866225,44.86941503606472,44.86153047121469,0.5862128139291549,31.5569790399576
sugar_box_yalehand0_drop60,540,0.8625219161306742,1.0018502420941267,3.1484759939818376,3.5335810284606435,0.15326167147403683,0.17200783355057983,0.041666666666666664,0.041666666666666664,0.13932832596345246,0.38510503447880584,MODE_4_TRUSTED_FUSION,no_rollout,four_mode_relocalization_v2,0.47126963906833047,0,0,0,False,0,0,0.8625219161306742,0,0,restarted_se3,0,44.998737052083015,2.3360522463917732,0,541,cache_read_only_not_online_fps,75af0ef3fc918763f0b62d63899bd6f7a427eaf26ec2562352624519f5cf2837,cached_perception_v2,0,0,0,,,0,0.0,0,19.796759821474552,0.8568037301301956,67.98835285007954,44.38343516312235,44.427141763076996,44.38343516312235,44.37519879416577,0.9050587249511648,30.449586433634853
sugar_box_yalehand0_drop60,541,0.557130433303052,0.9930629123731584,0.8589967176387145,2.6577051106728153,0.04181428506606555,0.12937190193775872,0.041666666666666664,0.041666666666666664,0.43593247907010635,1.7987083930341008,MODE_4_TRUSTED_FUSION,no_rollout,four_mode_relocalization_v2,0.25,0,0,0,False,0,0,0.557130433303052,0,0,restarted_se3,0,44.71702594310045,2.0332755520939827,0,542,cache_read_only_not_online_fps,75af0ef3fc918763f0b62d63899bd6f7a427eaf26ec2562352624519f5cf2837,cached_perception_v2,0,0,0,,,0,0.0,0,21.344867534935474,0.7841857150197029,68.87935474514961,44.35532855438641,44.348730372495055,44.35532855438641,44.34702181353754,0.6651888499377046,30.020800234073707
sugar_box_yalehand0_drop60,542,0.4997482037005635,0.5696651343176318,3.032764285851573,3.6156804308005124,0.1476290511742288,0.1760042723526158,0.041666666666666664,0.041666666666666664,0.06991693061706827,0.5829161449489395,MODE_4_TRUSTED_FUSION,no_rollout,four_mode_relocalization_v2,0.4562929461278046,0,0,0,False,0,0,0.4997482037005635,0,0,restarted_se3,0,46.198091469705105,2.3756949231028557,0,543,cache_read_only_not_online_fps,75af0ef3fc918763f0b62d63899bd6f7a427eaf26ec2562352624519f5cf2837,cached_perception_v2,0,0,0,,,0,0.0,0,20.698371343314648,0.8168378844857216,70.08899562060833,43.95231364131615,43.9589793374052,43.95231364131615,43.943765764472616,0.5049956616945371,29.20797715858831
sugar_box_yalehand0_drop60,543,0.635491269735021,0.6322236176230921,0.0,1.704728658342282,0.0,0.0829828666588644,0.0034344590726960505,0.041666666666666664,-0.0032676521119289204,1.704728658342282,MODE_4_TRUSTED_FUSION,no_rollout,four_mode_relocalization_v2,0.25,0,0,0,False,0,0,0.6322236176230921,0,0,restarted_se3,0,46.73830047249794,2.281741239130497,0,544,cache_read_only_not_online_fps,75af0ef3fc918763f0b62d63899bd6f7a427eaf26ec2562352624519f5cf2837,cached_perception_v2,0,0,0,,,0,0.0,0,24.064229801297188,1.0079732164740562,74.09224472939968,44.020212445129125,43.919751067341416,44.020212445129125,44.01151323454122,0.5758446433807418,28.9211388484453
sugar_box_yalehand0_drop60,544,0.7715750055081046,0.7583002328499393,2.3355832094219973,3.1093270840816887,0.11369163596194648,0.1513559788852567,0.041666666666666664,0.041666666666666664,-0.013274772658165346,0.7737438746596914,MODE_4_TRUSTED_FUSION,no_rollout,four_mode_relocalization_v2,0.42920799856683234,0,0,0,False,0,0,0.7583002328499393,0,0,restarted_se3,0,46.52593657374382,2.1804329007864,0,545,cache_read_only_not_online_fps,75af0ef3fc918763f0b62d63899bd6f7a427eaf26ec2562352624519f5cf2837,cached_perception_v2,0,0,0,,,0,0.0,0,21.152885630726814,0.8027637377381325,70.66201884299517,43.91785756541553,43.920049517201306,43.91785756541553,43.90914118929328,0.7438874998176048,28.698755192398806
sugar_box_yalehand0_drop60,545,0.5095291119816339,0.9591428130234222,3.7090332233863905,4.1818749275273435,0.18054850424634108,0.20356551630480826,0.041666666666666664,0.04838709677419355,0.4496137010417883,0.47284170414095295,MODE_4_TRUSTED_FUSION,no_rollout,four_mode_relocalization_v2,0.47011457501966203,0,0,0,False,0,0,0.5095291119816339,0,0,restarted_se3,0,46.151830814778805,2.2185631096363068,0,546,cache_read_only_not_online_fps,75af0ef3fc918763f0b62d63899bd6f7a427eaf26ec2562352624519f5cf2837,cached_perception_v2,0,0,0,,,0,0.0,0,20.08684165775776,0.8144713938236237,69.2717069759965,43.938662570878236,43.89706568675005,43.938662570878236,43.929986659223665,0.5873225911159257,28.5287833619849
sugar_box_yalehand0_drop60,546,0.428491850614297,0.6189362634991713,4.263483727646896,5.507388350253674,0.20753807354749357,0.2680889248099458,0.04838709677419355,0.11650485436893204,0.1904444128848743,1.2439046226067774,MODE_4_TRUSTED_FUSION,no_rollout,four_mode_relocalization_v2,0.4364763111646381,0,0,0,False,0,0,0.428491850614297,0,0,restarted_se3,0,45.056906528770924,2.2337716072797775,0,547,cache_read_only_not_online_fps,75af0ef3fc918763f0b62d63899bd6f7a427eaf26ec2562352624519f5cf2837,cached_perception_v2,0,0,0,,,0,0.0,0,20.91915812343359,0.7769232615828514,68.98675952106714,43.9610131459154,44.0066719137741,43.9610131459154,43.95243501510413,0.4906323609544263,28.486125833060637
sugar_box_yalehand0_drop60,547,0.471388900066392,0.6003648789103686,5.76791570472201,4.518843091852485,0.2807708883652812,0.21996846941505105,0.14634146341463414,0.05,0.1289759788439766,-1.2490726128695249,MODE_4_TRUSTED_FUSION,no_rollout,four_mode_relocalization_v2,0.5605948309028373,0,0,0,False,0,0,0.471388900066392,0,0,restarted_se3,0,44.27356831729412,2.333803102374077,0,548,cache_read_only_not_online_fps,75af0ef3fc918763f0b62d63899bd6f7a427eaf26ec2562352624519f5cf2837,cached_perception_v2,0,0,0,,,0,0.0,0,20.166702568531036,0.846153125166893,67.62022711336613,43.957858924551964,43.94508998736061,43.957858924551964,43.94908954375039,0.5206551576727156,28.240634667701457
sugar_box_yalehand0_drop60,548,0.6678126213273666,0.7405656495755365,7.124843053058319,6.717524281601711,0.34682346550811805,0.32699598203499775,0.7018649813353102,0.5901639344262295,0.07275302824816987,-0.407318771456608,MODE_2_PRIOR,no_rollout,four_mode_relocalization_v2,1.0,0,0,0,False,0,0,0.6678126213273666,0,0,restarted_se3,0,45.57902459055185,2.2820960730314255,0,549,cache_read_only_not_online_fps,75af0ef3fc918763f0b62d63899bd6f7a427eaf26ec2562352624519f5cf2837,cached_perception_v2,0,0,0,,,0,0.0,0,21.61217201501131,0.6874976679682732,70.16079034656286,43.70047891853447,43.78992061273098,43.70047891853447,43.69169220555609,0.7405656495755365,27.80138491806406
sugar_box_yalehand0_drop60,549,0.7324179421882285,1.019949443830955,7.493628986579423,6.467405783920906,0.36477524557428154,0.31482070132953643,0.8,0.4393939393939394,0.28753150164272656,-1.0262232026585165,MODE_2_PRIOR,no_rollout,four_mode_relocalization_v2,1.0,0,0,0,False,0,0,0.7324179421882285,0,0,restarted_se3,0,43.769098818302155,1.8636398017406464,0,550,cache_read_only_not_online_fps,75af0ef3fc918763f0b62d63899bd6f7a427eaf26ec2562352624519f5cf2837,cached_perception_v2,0,0,0,,,0,0.0,0,20.504732616245747,0.6461841985583305,66.78365543484688,43.84296928273058,43.72116400156406,43.84296928273058,43.83402893530282,1.019949443830955,27.314945697036464
sugar_box_yalehand0_drop60,550,0.7597734461468832,1.4825386514719099,6.4933158834238265,9.806379880734331,0.3160819544454778,0.4773554489548315,0.4393939393939394,0.8,0.7227652053250266,3.313063997310505,MODE_1_ACCEPT,no_rollout,four_mode_relocalization_v2,0.0,0,0,0,False,0,0,0.7597734461468832,0,0,restarted_se3,0,46.11444566398859,2.2463295608758926,0,551,cache_read_only_not_online_fps,75af0ef3fc918763f0b62d63899bd6f7a427eaf26ec2562352624519f5cf2837,cached_perception_v2,0,0,0,,,0,0.0,0,20.658369176089764,0.6653275340795517,69.6844719350338,43.383247451972544,43.35155427299876,43.383247451972544,43.37394002074334,0.7597734461468832,26.305655090173648
sugar_box_yalehand0_drop60,551,0.8650818884933141,1.368348967286633,4.696393314790806,4.176652245857218,0.2286112680230534,0.20331128634597415,0.05,0.04838709677419355,0.5032670787933188,-0.5197410689335884,MODE_4_TRUSTED_FUSION,no_rollout,four_mode_relocalization_v2,0.5292217702804457,0,0,0,False,0,0,0.8650818884933141,0,0,restarted_se3,0,46.258811838924885,1.9488213583827019,0,552,cache_read_only_not_online_fps,75af0ef3fc918763f0b62d63899bd6f7a427eaf26ec2562352624519f5cf2837,cached_perception_v2,0,0,0,,,0,0.0,0,20.787307061254978,0.8810944855213165,69.87603474408388,42.911258860697366,42.96651097437692,42.911258860697366,42.90176959016251,1.0173367460592644,25.201334035696142
sugar_box_yalehand0_drop60,552,0.9646227479966614,1.409076850700997,6.01074329933101,7.664622614583434,0.29259126212735914,0.37309888192704316,0.16666666666666666,0.8,0.4444541027043356,1.653879315252424,MODE_1_ACCEPT,no_rollout,four_mode_relocalization_v2,0.0,0,0,0,False,0,0,0.9646227479966614,0,0,restarted_se3,0,43.52335259318352,2.5327736511826515,0,553,cache_read_only_not_online_fps,75af0ef3fc918763f0b62d63899bd6f7a427eaf26ec2562352624519f5cf2837,cached_perception_v2,0,0,0,,,0,0.0,0,20.457204431295395,0.674813985824585,67.18814466148615,42.991339164376505,42.91565896153858,42.991339164376505,42.981402184338194,0.9646227479966614,24.615798637505222
sugar_box_yalehand0_drop60,553,1.0549405081003265,1.2185960117950343,7.024697414223534,9.89641355912147,0.3419485711058764,0.4817381128420405,0.5901639344262295,0.8,0.16365550369470783,2.8717161448979356,MODE_1_ACCEPT,no_rollout,four_mode_relocalization_v2,0.0,0,0,0,False,0,1,1.0549405081003265,0,0,restarted_se3,0,44.74571906030178,3.0867615714669228,0,554,cache_read_only_not_online_fps,75af0ef3fc918763f0b62d63899bd6f7a427eaf26ec2562352624519f5cf2837,cached_perception_v2,0,0,0,,,0,0.0,0,21.032380871474743,0.673624686896801,69.53848619014025,42.70518441713547,42.73749313173178,42.70518441713547,42.69511640964082,1.0549405081003265,23.91018178266535
sugar_box_yalehand0_drop60,554,0.9825238921811694,1.0678383803149238,4.291330019395199,3.7664535318974637,0.20889357672612857,0.18334361288804055,0.04838709677419355,0.041666666666666664,0.08531448813375442,-0.524876487497735,MODE_4_TRUSTED_FUSION,no_rollout,four_mode_relocalization_v2,0.5324888927862979,0,0,0,False,0,0,0.9825238921811694,0,0,restarted_se3,0,45.78722268342972,2.3240381851792336,0,555,cache_read_only_not_online_fps,75af0ef3fc918763f0b62d63899bd6f7a427eaf26ec2562352624519f5cf2837,cached_perception_v2,0,0,0,,,0,0.0,0,21.09214011579752,0.8070562034845352,70.010457187891,42.51944476525888,42.59827333857458,42.51944476525888,42.50941759520168,1.0051545594071933,23.59203181698983
sugar_box_yalehand0_drop60,555,1.0041363441610134,0.9525899924148191,0.9927810547388098,1.9826140458632904,0.04832664570028955,0.09650978541291791,0.041666666666666664,0.041666666666666664,-0.05154635174619426,0.9898329911244805,MODE_4_TRUSTED_FUSION,no_rollout,four_mode_relocalization_v2,0.33477421877909935,0,0,0,False,0,0,0.9525899924148191,0,0,restarted_se3,0,43.63668244332075,1.984311267733574,0,556,cache_read_only_not_online_fps,75af0ef3fc918763f0b62d63899bd6f7a427eaf26ec2562352624519f5cf2837,cached_perception_v2,0,0,0,,,0,0.0,0,19.684307277202606,0.8648969233036041,66.17019791156054,42.41859374593934,42.38179659491478,42.41859374593934,42.408507988769394,0.9865946831365636,23.352360518540777
sugar_box_yalehand0_drop60,556,0.9189960474187754,1.026826952731871,6.978365200674026,4.050528529643981,0.3396932093037655,0.1971718297973754,0.5901639344262295,0.04838709677419355,0.10783090531309558,-2.927836671030045,MODE_4_TRUSTED_FUSION,no_rollout,four_mode_relocalization_v2,0.6324945620119462,0,0,0,False,0,0,0.9189960474187754,0,0,restarted_se3,0,46.02322448045015,2.158557064831257,0,557,cache_read_only_not_online_fps,75af0ef3fc918763f0b62d63899bd6f7a427eaf26ec2562352624519f5cf2837,cached_perception_v2,0,0,0,,,0,0.0,0,21.307571791112423,0.8456241339445114,70.33497747033834,42.563858033249446,42.48897656573176,42.563858033249446,42.55376210307193,0.937482811984043,23.254337853489197
sugar_box_yalehand0_drop60,557,0.8684501479380774,1.0139856720418734,7.352676006059298,6.718995068601674,0.3579139293581013,0.32706757707794154,0.8,0.5901639344262295,0.145535524103796,-0.6336809374576235,MODE_2_PRIOR,no_rollout,four_mode_relocalization_v2,1.0,0,0,0,False,0,0,0.8684501479380774,0,0,restarted_se3,0,45.89738883078098,2.2785328328609467,0,558,cache_read_only_not_online_fps,75af0ef3fc918763f0b62d63899bd6f7a427eaf26ec2562352624519f5cf2837,cached_perception_v2,0,0,0,,,0,0.0,0,21.56600635498762,0.6313621997833252,70.37329021841288,42.57463858884942,42.52068065197453,42.57463858884942,42.564580249405445,1.0139856720418734,23.127113198259337
sugar_box_yalehand0_drop60,558,0.7954455537978564,1.152363054770104,5.819366680329508,7.531781648382787,0.28327542152216334,0.3666324427485157,0.14634146341463414,0.8,0.3569175009722476,1.7124149680532792,MODE_1_ACCEPT,no_rollout,four_mode_relocalization_v2,0.0,0,0,0,False,0,0,0.7954455537978564,0,0,restarted_se3,0,43.44367142766714,2.069779671728611,0,559,cache_read_only_not_online_fps,75af0ef3fc918763f0b62d63899bd6f7a427eaf26ec2562352624519f5cf2837,cached_perception_v2,0,0,0,,,0,0.0,0,20.32991498708725,0.6671221926808357,66.51048827916384,42.56154077877431,42.59504068507281,42.56154077877431,42.55160590266156,0.7954455537978564,23.036612632387264
sugar_box_yalehand0_drop60,559,0.6447313421494657,0.8782435135090878,1.6306904288184847,7.500347582574243,0.07937883002924256,0.365102293725226,0.041666666666666664,0.8,0.2335121713596221,5.8696571537557585,MODE_1_ACCEPT,no_rollout,four_mode_relocalization_v2,0.0,0,0,0,False,0,0,0.6447313421494657,0,0,restarted_se3,0,47.50855267047882,2.2671017795801163,0,560,cache_read_only_not_online_fps,75af0ef3fc918763f0b62d63899bd6f7a427eaf26ec2562352624519f5cf2837,cached_perception_v2,0,0,0,,,0,0.0,0,20.889120176434517,0.7143048569560051,71.37907948344946,42.75887031644993,42.65602242580013,42.75887031644993,42.74857760192101,0.6447313421494657,22.651935433703226
sugar_box_yalehand0_drop60,560,0.5798085650625497,0.9466850419293553,0.0,0.0,0.0,0.0,0.0034344590726960505,0.0034344590726960505,0.3668764768668056,0.0,MODE_4_TRUSTED_FUSION,no_rollout,four_mode_relocalization_v2,0.5,0,0,0,False,0,0,0.5798085650625497,0,0,restarted_se3,0,46.323416754603386,2.2178664803504944,0,561,cache_read_only_not_online_fps,75af0ef3fc918763f0b62d63899bd6f7a427eaf26ec2562352624519f5cf2837,cached_perception_v2,0,0,0,,,0,0.0,0,21.05695102363825,0.8059442043304443,70.40417846292257,42.332137072025596,42.44865854174837,42.332137072025596,42.321776346657096,0.7148391051169994,21.934244057715173
sugar_box_yalehand0_drop60,561,0.6846568849914816,0.6539116537539097,1.293523088505856,0.0,0.06296618142034643,0.0,0.041666666666666664,0.0034344590726960505,-0.03074523123757189,-1.293523088505856,MODE_4_TRUSTED_FUSION,no_rollout,four_mode_relocalization_v2,0.75,0,0,0,False,0,0,0.6539116537539097,0,0,restarted_se3,0,43.74880902469158,2.037650905549526,0,562,cache_read_only_not_online_fps,75af0ef3fc918763f0b62d63899bd6f7a427eaf26ec2562352624519f5cf2837,cached_perception_v2,0,0,0,,,0,0.0,0,20.96770331263542,0.8289404213428497,67.58310366421938,42.232974961844995,42.324039802936326,42.232974961844995,42.22252159487537,0.6416960462440262,21.624883524895427
sugar_box_yalehand0_drop60,562,0.6747953479331072,0.8047496014703657,1.5968365473425188,1.9437440239526174,0.07773088909819909,0.09461766854759981,0.041666666666666664,0.041666666666666664,0.12995425353725842,0.3469074766100986,MODE_4_TRUSTED_FUSION,no_rollout,four_mode_relocalization_v2,0.4512849843355864,0,0,0,False,0,0,0.6747953479331072,0,0,restarted_se3,0,44.4341991096735,2.1285703405737877,0,563,cache_read_only_not_online_fps,75af0ef3fc918763f0b62d63899bd6f7a427eaf26ec2562352624519f5cf2837,cached_perception_v2,0,0,0,,,0,0.0,0,20.230515860021114,0.7988587021827698,67.59214401245117,42.36668078699117,42.22087253182272,42.36668078699117,42.355735414912296,0.7139992603871494,20.986959769626846
sugar_box_yalehand0_drop60,563,0.5073423974793831,0.5856762100285335,1.8693175526319201,4.316296250780539,0.09099473306442385,0.21010888418276435,0.041666666666666664,0.04838709677419355,0.0783338125491504,2.4469786981486186,MODE_4_TRUSTED_FUSION,no_rollout,four_mode_relocalization_v2,0.3028415257808157,0,0,0,False,0,0,0.5073423974793831,0,0,restarted_se3,0,48.03567472845316,1.996062695980072,0,564,cache_read_only_not_online_fps,75af0ef3fc918763f0b62d63899bd6f7a427eaf26ec2562352624519f5cf2837,cached_perception_v2,0,0,0,,,0,0.0,0,20.635581575334072,0.8522802963852882,71.51959929615259,42.077340416570166,42.10123135174974,42.077340416570166,42.066468640511765,0.47972688286217824,20.699256180336505
sugar_box_yalehand0_drop60,564,0.5644341210827755,0.6393552790629682,0.4826114567534388,5.671502866588381,0.02349258456343134,0.2760776994217542,0.008333333333333333,0.11650485436893204,0.07492115798019272,5.188891409834942,MODE_4_TRUSTED_FUSION,no_rollout,four_mode_relocalization_v2,0.25,0,0,0,False,0,0,0.5644341210827755,0,0,restarted_se3,0,46.99477180838585,2.3482991382479668,0,565,cache_read_only_not_online_fps,75af0ef3fc918763f0b62d63899bd6f7a427eaf26ec2562352624519f5cf2837,cached_perception_v2,0,0,0,,,0,0.0,0,21.151524037122726,0.8084513247013092,71.30304630845785,42.07820332260255,42.071837025944916,42.07820332260255,42.067349095742934,0.5027053239365589,20.418516582324532
sugar_box_yalehand0_drop60,565,0.5784662222791266,0.6976039219164184,2.0569275905239643,0.0,0.10012722384650474,0.0,0.041666666666666664,0.0034344590726960505,0.11913769963729182,-2.0569275905239643,MODE_4_TRUSTED_FUSION,no_rollout,four_mode_relocalization_v2,0.75,0,0,0,False,0,0,0.5784662222791266,0,0,restarted_se3,0,43.983159586787224,2.3195315152406693,0,566,cache_read_only_not_online_fps,75af0ef3fc918763f0b62d63899bd6f7a427eaf26ec2562352624519f5cf2837,cached_perception_v2,0,0,0,,,0,0.0,0,20.51723003387451,0.8535459637641907,67.6734670996666,41.913408033545146,41.91071657225738,41.913408033545146,41.90238370309685,0.647106152095429,20.01522379801753
sugar_box_yalehand0_drop60,566,0.7130377168105619,0.8292561727675776,6.15181494401404,0.7783450129744166,0.29945835468357995,0.03788831736368897,0.25925925925925924,0.008333333333333333,0.11621845595701563,-5.373469931039623,MODE_4_TRUSTED_FUSION,no_rollout,four_mode_relocalization_v2,0.75,0,0,0,False,0,0,0.7130377168105619,0,0,restarted_se3,0,37.71706111729145,2.4728160351514816,0,567,cache_read_only_not_online_fps,75af0ef3fc918763f0b62d63899bd6f7a427eaf26ec2562352624519f5cf2837,cached_perception_v2,0,0,0,,,0,0.0,0,22.00361341238022,0.849318690598011,63.04280925542116,42.180403530190254,42.01616138367165,42.180403530190254,42.169091348444724,0.7515904370204141,19.617229718498976
sugar_box_yalehand0_drop60,567,0.8023453765301811,0.7013021821630583,2.4586016805341075,0.06295026968938514,0.11967993523462986,0.0030642963677595114,0.041666666666666664,0.008333333333333333,-0.10104319436712283,-2.395651410844722,MODE_4_TRUSTED_FUSION,no_rollout,four_mode_relocalization_v2,0.75,0,0,0,False,0,0,0.7013021821630583,0,0,restarted_se3,0,47.40978963673115,2.1396325901150703,0,568,cache_read_only_not_online_fps,75af0ef3fc918763f0b62d63899bd6f7a427eaf26ec2562352624519f5cf2837,cached_perception_v2,0,0,0,,,0,0.0,0,21.08593564480543,1.4723800122737885,72.10773788392544,41.95128984674809,41.97249373510889,41.95128984674809,41.94007240870377,0.7074785525636484,19.32519936097354
sugar_box_yalehand0_drop60,568,1.1931399725108711,0.7136067483648721,8.371840676183547,3.545545809424399,0.40752487800407944,0.1725902557551102,0.8,0.041666666666666664,-0.47953322414599897,-4.826294866759149,MODE_2_PRIOR,no_rollout,four_mode_relocalization_v2,1.0,0,0,0,False,0,0,0.7136067483648721,0,0,restarted_se3,0,46.54099605977535,3.1388578936457634,0,569,cache_read_only_not_online_fps,75af0ef3fc918763f0b62d63899bd6f7a427eaf26ec2562352624519f5cf2837,cached_perception_v2,0,0,0,,,0,0.0,0,21.050898358225822,0.6788186728954315,71.40957098454237,41.96891683101329,42.03805850786273,41.96891683101329,41.95768155439536,0.7136067483648721,19.15952623576836
sugar_box_yalehand0_drop60,569,0.9739593093917627,0.7469742993374652,6.617222290585025,2.3138534035847798,0.322113476713447,0.11263387138956796,0.4393939393939394,0.041666666666666664,-0.2269850100542975,-4.303368887000246,MODE_4_TRUSTED_FUSION,no_rollout,four_mode_relocalization_v2,0.7403827782287219,0,0,0,False,0,0,0.7469742993374652,0,0,restarted_se3,0,45.43997719883919,2.4016648530960083,0,570,cache_read_only_not_online_fps,75af0ef3fc918763f0b62d63899bd6f7a427eaf26ec2562352624519f5cf2837,cached_perception_v2,0,0,0,,,0,0.0,0,20.613420754671097,0.8187936618924141,69.2738564684987,41.88531990153204,41.95250881268677,41.88531990153204,41.87393552602755,0.8006613663542893,19.066136191410422
sugar_box_yalehand0_drop60,570,1.1159639254525922,0.9930659769823195,8.721795624155304,7.1883354413166165,0.42456000241642405,0.34991415115061475,0.8,0.8,-0.12289794847027269,-1.5334601828386871,MODE_3_RELOCALIZE,no_rollout,four_mode_relocalization_v2,,0,0,0,False,1,0,0.9930659769823195,0,0,restarted_se3,1,45.37880793213844,2.338808961212635,0,571,cache_read_only_not_online_fps,75af0ef3fc918763f0b62d63899bd6f7a427eaf26ec2562352624519f5cf2837,cached_perception_v2,1,1,1,0.21435194832673618,,1,2449.212442152202,0,20.878112874925137,2449.212442152202,2517.8081719204783,42.08470433357699,41.99341548370209,42.08470433357699,42.073219669984866,0.21435194832673618,18.78556196319341
sugar_box_yalehand0_drop60,571,0.41806399433718433,0.8428362798881354,4.160818817878702,7.493190767410264,0.2025405459490997,0.3647539139197078,0.04838709677419355,0.8,0.42477228555095103,3.332371949531562,MODE_1_ACCEPT,no_rollout,four_mode_relocalization_v2,0.0,0,0,0,False,0,0,0.41806399433718433,0,0,restarted_se3,0,45.82563508301973,2.08217091858387,0,572,cache_read_only_not_online_fps,75af0ef3fc918763f0b62d63899bd6f7a427eaf26ec2562352624519f5cf2837,cached_perception_v2,0,0,0,,,0,0.0,0,21.548805758357048,0.6924495100975037,70.14906127005816,41.851318481574324,41.89151994859401,41.851318481574324,41.83987394322909,0.41806399433718433,18.575303630494506
sugar_box_yalehand0_drop60,572,0.6015234717068628,0.7525077166270887,0.5896634758702468,2.0266816365417446,0.028703668089516243,0.09865490978995725,0.008333333333333333,0.041666666666666664,0.15098424492022589,1.4370181606714978,MODE_4_TRUSTED_FUSION,no_rollout,four_mode_relocalization_v2,0.25,0,0,0,False,0,0,0.6015234717068628,0,0,restarted_se3,0,43.51020138710737,2.34091654419899,0,573,cache_read_only_not_online_fps,75af0ef3fc918763f0b62d63899bd6f7a427eaf26ec2562352624519f5cf2837,cached_perception_v2,0,0,0,,,0,0.0,0,21.21061645448208,0.9197862818837166,67.98152066767216,41.89712566900373,41.84405895731764,41.89712566900373,41.885556722441954,0.6299481221175294,18.220484719285643
sugar_box_yalehand0_drop60,573,0.9556607066184587,0.7716426140577405,8.030225728083922,4.465775462006969,0.39089572852149107,0.21738524068253554,0.8,0.05,-0.18401809256071822,-3.5644502660769524,MODE_2_PRIOR,no_rollout,four_mode_relocalization_v2,1.0,0,0,0,False,0,0,0.7716426140577405,0,0,restarted_se3,0,43.850346468389034,2.3941202089190483,0,574,cache_read_only_not_online_fps,75af0ef3fc918763f0b62d63899bd6f7a427eaf26ec2562352624519f5cf2837,cached_perception_v2,0,0,0,,,0,0.0,0,21.288040094077587,0.7023494690656662,68.23485624045134,41.881524720838804,41.8160701532944,41.881524720838804,41.86979156824841,0.7716426140577405,18.037786007091167
sugar_box_yalehand0_drop60,574,0.7438804279283582,0.9658830669106101,2.9590682040308285,6.691077244143261,0.14404166962756176,0.3257085918264758,0.041666666666666664,0.5901639344262295,0.22200263898225192,3.7320090401124326,MODE_4_TRUSTED_FUSION,no_rollout,four_mode_relocalization_v2,0.3070344929084232,0,0,0,False,0,0,0.7438804279283582,0,0,restarted_se3,0,45.17986252903938,2.4823853746056557,0,575,cache_read_only_not_online_fps,75af0ef3fc918763f0b62d63899bd6f7a427eaf26ec2562352624519f5cf2837,cached_perception_v2,0,0,0,,,0,0.0,0,21.171781234443188,0.7966514676809311,69.63068060576916,41.71217701778159,41.73305821841909,41.71217701778159,41.70046371008507,0.7981023399547309,17.803508757733308
sugar_box_yalehand0_drop60,575,0.8145336334855053,0.8342041188009133,5.448726856086506,5.977033227788745,0.26523339767097137,0.29095032158344125,0.11650485436893204,0.16666666666666666,0.019670485315407937,0.5283063717022385,MODE_4_TRUSTED_FUSION,no_rollout,four_mode_relocalization_v2,0.4769213067620334,0,0,0,False,0,0,0.8145336334855053,0,0,restarted_se3,0,45.834059827029705,2.539454959332943,0,576,cache_read_only_not_online_fps,75af0ef3fc918763f0b62d63899bd6f7a427eaf26ec2562352624519f5cf2837,cached_perception_v2,0,0,0,,,0,0.0,0,21.308851428329945,0.8363714441657066,70.5187376588583,41.98368461632421,41.917197518178554,41.98368461632421,41.971878044437986,0.8172819803526894,17.737532217387056
sugar_box_yalehand0_drop60,576,0.707511776170162,0.8947369734687488,7.386107631438387,7.946712931744452,0.35954131568579983,0.38683048845584556,0.8,0.8,0.18722519729858678,0.5606053003060651,MODE_3_RELOCALIZE,no_rollout,four_mode_relocalization_v2,,0,0,0,False,1,0,0.707511776170162,0,0,restarted_se3,1,46.790631487965584,2.5693634524941444,0,577,cache_read_only_not_online_fps,75af0ef3fc918763f0b62d63899bd6f7a427eaf26ec2562352624519f5cf2837,cached_perception_v2,1,1,1,0.17356191006455188,,1,2451.7358103767037,0,21.173245273530483,2451.7358103767037,2522.269050590694,41.8482787665455,41.904475231284074,41.8482787665455,41.83635837091817,0.17356191006455188,17.55533649665279
sugar_box_yalehand0_drop60,577,0.8381405631573798,0.8158270039843205,0.3245223601196252,8.440450387013755,0.015797115632357583,0.4108646649299722,0.008333333333333333,0.8,-0.022313559173059327,8.11592802689413,MODE_1_ACCEPT,no_rollout,four_mode_relocalization_v2,0.0,0,0,0,False,0,0,0.8158270039843205,0,0,restarted_se3,0,45.61731778085232,2.3383665829896927,0,578,cache_read_only_not_online_fps,75af0ef3fc918763f0b62d63899bd6f7a427eaf26ec2562352624519f5cf2837,cached_perception_v2,0,0,0,,,0,0.0,0,22.420676425099373,0.9446097537875175,71.3209705427289,41.87434852662597,41.91952365840559,41.87434852662597,41.862240688996785,0.8381405631573798,17.39663873001451
sugar_box_yalehand0_drop60,578,0.5481447187162173,1.3233861222352143,2.495599254280319,9.52310083343684,0.12148090497480474,0.46356597736115457,0.041666666666666664,0.8,0.7752414035189971,7.027501579156522,MODE_1_ACCEPT,no_rollout,four_mode_relocalization_v2,0.0,0,0,0,False,0,0,0.5481447187162173,0,0,restarted_se3,0,44.116911478340626,2.3170020431280136,0,579,cache_read_only_not_online_fps,75af0ef3fc918763f0b62d63899bd6f7a427eaf26ec2562352624519f5cf2837,cached_perception_v2,0,0,0,,,0,0.0,0,20.415796898305416,0.8894205093383789,67.73913092911243,42.13458848858791,42.004548934894295,42.13458848858791,42.12231929826115,0.5481447187162173,17.2748319187672
sugar_box_yalehand0_drop60,579,0.8229113652088541,0.7810129548858601,3.6928669181603326,5.96707089334611,0.17976156003420765,0.29046537457054356,0.041666666666666664,0.16666666666666666,-0.04189841032299402,2.274203975185777,MODE_4_TRUSTED_FUSION,no_rollout,four_mode_relocalization_v2,0.3825300317279697,0,0,0,False,0,0,0.7810129548858601,0,0,restarted_se3,0,45.426640659570694,2.2798292338848114,0,580,cache_read_only_not_online_fps,75af0ef3fc918763f0b62d63899bd6f7a427eaf26ec2562352624519f5cf2837,cached_perception_v2,0,0,0,,,0,0.0,0,20.11921163648367,0.8244700729846954,68.65015160292387,41.95823679285827,41.948129277948674,41.95823679285827,41.94588058899581,0.7428215649392482,17.00640598093558
sugar_box_yalehand0_drop60,580,0.8110613126140516,0.980222780245411,4.123675235213663,6.9604840063681515,0.20073246877949158,0.3388227876354699,0.04838709677419355,0.5901639344262295,0.16916146763135942,2.8368087711544883,MODE_4_TRUSTED_FUSION,no_rollout,four_mode_relocalization_v2,0.3722636847402425,0,0,0,False,0,0,0.8110613126140516,0,0,restarted_se3,0,44.38145365566015,2.3880545049905777,0,581,cache_read_only_not_online_fps,75af0ef3fc918763f0b62d63899bd6f7a427eaf26ec2562352624519f5cf2837,cached_perception_v2,0,0,0,,,0,0.0,0,20.229913294315338,1.0601161047816277,68.0595375597477,41.68058113337595,41.82861375740863,41.68058113337595,41.668331910334544,0.8324369367523711,16.987301146331397
sugar_box_yalehand0_drop60,581,0.6954853704301174,1.00820475140468,4.2707705457909615,5.153152127892111,0.20789278164456068,0.2508453963093137,0.04838709677419355,0.11650485436893204,0.31271938097456253,0.8823815821011491,MODE_4_TRUSTED_FUSION,no_rollout,four_mode_relocalization_v2,0.4532831000109711,0,0,0,False,0,0,0.6954853704301174,0,0,restarted_se3,0,44.11175940185785,2.491929568350315,0,582,cache_read_only_not_online_fps,75af0ef3fc918763f0b62d63899bd6f7a427eaf26ec2562352624519f5cf2837,cached_perception_v2,0,0,0,,,0,0.0,0,20.395143888890743,1.499655656516552,68.49848851561546,41.981904466164025,41.83240649955432,41.981904466164025,41.9694544643624,0.8244413966269537,16.9514161851438
sugar_box_yalehand0_drop60,582,0.5548330381155877,0.8351751177301426,5.07781487252867,1.6566381537061545,0.24717812563507718,0.08064191467553944,0.08333333333333333,0.041666666666666664,0.28034207961455493,-3.4211767188225153,MODE_4_TRUSTED_FUSION,no_rollout,four_mode_relocalization_v2,0.75,0,0,0,False,0,0,0.5548330381155877,0,0,restarted_se3,0,45.40515877306461,2.380235120654106,0,583,cache_read_only_not_online_fps,75af0ef3fc918763f0b62d63899bd6f7a427eaf26ec2562352624519f5cf2837,cached_perception_v2,0,0,0,,,0,0.0,0,20.737078972160816,1.3792254030704498,69.90169826894999,41.678517382371155,41.74302902906678,41.678517382371155,41.66613681365725,0.7293816730545408,16.856598795651976
sugar_box_yalehand0_drop60,583,0.5424106757240287,0.7409601062825151,3.7368656655719374,5.81279565139397,0.18190333325526953,0.2829555566478909,0.041666666666666664,0.14634146341463414,0.1985494305584864,2.075929985822033,MODE_4_TRUSTED_FUSION,no_rollout,four_mode_relocalization_v2,0.39153586960587367,0,0,0,False,0,0,0.5424106757240287,0,0,restarted_se3,0,46.79708834737539,2.409590408205986,0,584,cache_read_only_not_online_fps,75af0ef3fc918763f0b62d63899bd6f7a427eaf26ec2562352624519f5cf2837,cached_perception_v2,0,0,0,,,0,0.0,0,20.40071040391922,1.365053467452526,70.97244262695312,41.90276530047276,41.82666338410355,41.90276530047276,41.89033963897483,0.5929020882823216,16.864567594199244
sugar_box_yalehand0_drop60,584,0.6617023849728236,0.8409693629766348,1.480026973822947,0.8246143348468188,0.07204482685221131,0.040140617721604765,0.041666666666666664,0.008333333333333333,0.1792669780038112,-0.6554126389761282,MODE_4_TRUSTED_FUSION,no_rollout,four_mode_relocalization_v2,0.6409707029922772,0,0,0,False,0,0,0.6617023849728236,0,0,restarted_se3,0,45.68735510110855,2.4868864566087723,0,585,cache_read_only_not_online_fps,75af0ef3fc918763f0b62d63899bd6f7a427eaf26ec2562352624519f5cf2837,cached_perception_v2,0,0,0,,,0,0.0,0,21.71126287430525,1.369834877550602,71.25533930957317,41.87867906496435,41.908953188966066,41.87867906496435,41.86613190153095,0.7704015139299543,16.873779582035148
sugar_box_yalehand0_drop60,585,0.5284216236074895,1.016991100562484,5.067093510866885,3.8757059673809833,0.2466562306573471,0.18866180839177613,0.08333333333333333,0.041666666666666664,0.48856947695499464,-1.1913875434859014,MODE_4_TRUSTED_FUSION,no_rollout,four_mode_relocalization_v2,0.5664629140915917,0,0,0,False,0,0,0.5284216236074895,0,0,restarted_se3,0,40.67729972302914,3.835710696876049,0,586,cache_read_only_not_online_fps,75af0ef3fc918763f0b62d63899bd6f7a427eaf26ec2562352624519f5cf2837,cached_perception_v2,0,0,0,,,0,0.0,0,21.635069511830807,1.4325771480798721,67.58065707981586,42.007289972890675,41.92865812157972,42.007289972890675,41.994597634500344,0.6772529170260998,16.75549120549294
sugar_box_yalehand0_drop60,586,0.7882787653679909,0.8038775833135047,3.3191359175077904,2.296786349886772,0.16156906374357105,0.1118030804983896,0.041666666666666664,0.041666666666666664,0.015598817945513765,-1.0223495676210184,MODE_4_TRUSTED_FUSION,no_rollout,four_mode_relocalization_v2,0.5906994027876861,0,0,0,False,0,0,0.7882787653679909,0,0,restarted_se3,0,45.93087360262871,2.8868233785033226,0,587,cache_read_only_not_online_fps,75af0ef3fc918763f0b62d63899bd6f7a427eaf26ec2562352624519f5cf2837,cached_perception_v2,0,0,0,,,0,0.0,0,22.910427302122116,1.3149688020348549,73.043093085289,41.75130104908589,41.822378158014104,41.75130104908589,41.7385684330503,0.7920449754742795,16.718612925468644
sugar_box_yalehand0_drop60,587,0.7547144135732559,0.8193423507720762,6.554497133858537,7.44038235125607,0.3190601384057235,0.36218330320418746,0.4393939393939394,0.8,0.06462793719882032,0.8858852173975329,MODE_1_ACCEPT,no_rollout,four_mode_relocalization_v2,0.0,0,0,0,False,0,0,0.7547144135732559,0,0,restarted_se3,0,47.89736121892929,2.4813031777739525,0,588,cache_read_only_not_online_fps,75af0ef3fc918763f0b62d63899bd6f7a427eaf26ec2562352624519f5cf2837,cached_perception_v2,0,0,0,,,0,0.0,0,21.515087224543095,1.2418515980243683,73.1356032192707,42.13579889129951,41.98045249893151,42.13579889129951,42.12288870610939,0.7547144135732559,16.755921041371952
sugar_box_yalehand0_drop60,588,0.6907307367468176,0.6430977776412259,6.499133348613198,7.535022395282417,0.3163651373061283,0.36679019598773716,0.4393939393939394,0.8,-0.04763295910559173,1.0358890466692188,MODE_1_ACCEPT,no_rollout,four_mode_relocalization_v2,0.0,0,0,0,False,0,0,0.6430977776412259,0,0,restarted_se3,0,45.08935287594795,2.4510975927114487,0,589,cache_read_only_not_online_fps,75af0ef3fc918763f0b62d63899bd6f7a427eaf26ec2562352624519f5cf2837,cached_perception_v2,0,0,0,,,0,0.0,0,22.16958813369274,1.1528171598911285,70.86285576224327,41.900257652044104,42.015620309864474,41.900257652044104,41.887392816248735,0.6907307367468176,16.816779510931852
sugar_box_yalehand0_drop60,589,0.5211093637748815,0.9414271082894524,4.882678937123724,8.46939805654225,0.2376792888384882,0.4122737810311258,0.05,0.8,0.42031774451457093,3.586719119418526,MODE_1_ACCEPT,no_rollout,four_mode_relocalization_v2,0.0,0,0,0,False,0,0,0.5211093637748815,0,0,restarted_se3,0,46.58204223960638,2.58611049503088,0,590,cache_read_only_not_online_fps,75af0ef3fc918763f0b62d63899bd6f7a427eaf26ec2562352624519f5cf2837,cached_perception_v2,0,0,0,,,0,0.0,0,22.799392230808735,1.1357003822922707,73.10324534773827,42.402514995505015,42.20625785892758,42.402514995505015,42.38956547409924,0.5211093637748815,16.785950322281096
sugar_box_yalehand0_drop60,590,0.6005825746689402,0.44203183283710606,4.822111493075488,3.4236074308289655,0.2347309837761386,0.16665453327982624,0.05,0.041666666666666664,-0.1585507418318341,-1.3985040622465221,MODE_4_TRUSTED_FUSION,no_rollout,four_mode_relocalization_v2,0.5845966379404729,0,0,0,False,0,0,0.44203183283710606,0,0,restarted_se3,0,44.18759327381849,2.407939173281193,0,591,cache_read_only_not_online_fps,75af0ef3fc918763f0b62d63899bd6f7a427eaf26ec2562352624519f5cf2837,cached_perception_v2,0,0,0,,,0,0.0,0,21.915636025369167,1.1031720787286758,69.61434055119753,42.02803479276133,42.20750125059775,42.02803479276133,42.0150806270654,0.4663201556333769,16.87860910656684
sugar_box_yalehand0_drop60,591,0.7850523443134598,0.49662556496985355,11.110126155091374,5.100965078181775,0.5408192751259517,0.24830503250053987,0.9985082048731975,0.08333333333333333,-0.2884267793436063,-6.009161076909598,MODE_2_PRIOR,no_rollout,four_mode_relocalization_v2,1.0,0,0,0,False,0,0,0.49662556496985355,0,0,restarted_se3,0,43.61753351986408,3.980281762778759,0,592,cache_read_only_not_online_fps,75af0ef3fc918763f0b62d63899bd6f7a427eaf26ec2562352624519f5cf2837,cached_perception_v2,0,0,0,,,0,0.0,0,22.197449579834938,0.6649810820817947,70.46024594455957,42.39804755931117,42.32058771642535,42.39804755931117,42.3849401567373,0.49662556496985355,16.990571484607482
sugar_box_yalehand0_drop60,592,0.9256286413082311,0.41381891588614594,8.864192245888013,3.559133182247116,0.4314915922715561,0.1732516625670824,0.8,0.041666666666666664,-0.5118097254220851,-5.305059063640897,MODE_2_PRIOR,no_rollout,four_mode_relocalization_v2,1.0,0,0,0,False,0,0,0.41381891588614594,0,0,restarted_se3,0,46.24878615140915,2.652551047503948,0,593,cache_read_only_not_online_fps,75af0ef3fc918763f0b62d63899bd6f7a427eaf26ec2562352624519f5cf2837,cached_perception_v2,0,0,0,,,0,0.0,0,22.212916985154152,0.6517702713608742,71.76602445542812,42.342957243625854,42.36561674752847,42.342957243625854,42.329846124927144,0.41381891588614594,17.002712087395746
sugar_box_yalehand0_drop60,593,0.8727697591730985,0.4889036286536416,10.606469404151333,3.8801533898923233,0.5163022466824125,0.18887830024661068,0.9985082048731975,0.041666666666666664,-0.3838661305194569,-6.726316014259011,MODE_2_PRIOR,no_rollout,four_mode_relocalization_v2,1.0,0,0,0,False,0,0,0.4889036286536416,0,0,restarted_se3,0,43.6031948775053,2.484828233718872,0,594,cache_read_only_not_online_fps,75af0ef3fc918763f0b62d63899bd6f7a427eaf26ec2562352624519f5cf2837,cached_perception_v2,0,0,0,,,0,0.0,0,21.352953277528286,0.6396286189556122,68.08060500770807,42.27317612588652,42.298329942994684,42.27317612588652,42.26007226011805,0.4889036286536416,17.046449098340023
sugar_box_yalehand0_drop60,594,0.8479626782380663,0.5606270234748255,10.217116277546882,4.473558671934384,0.49734929576549197,0.21776411216359146,0.8,0.05,-0.28733565476324074,-5.743557605612498,MODE_2_PRIOR,no_rollout,four_mode_relocalization_v2,1.0,0,0,0,False,0,0,0.5606270234748255,0,0,restarted_se3,0,43.327175080776215,2.5736121460795403,0,595,cache_read_only_not_online_fps,75af0ef3fc918763f0b62d63899bd6f7a427eaf26ec2562352624519f5cf2837,cached_perception_v2,0,0,0,,,0,0.0,0,20.90440783649683,0.8624447509646416,67.66763981431723,42.16995757171066,42.25972545934376,42.16995757171066,42.15678674263363,0.5606270234748255,17.13237082277196
sugar_box_yalehand0_drop60,595,1.2866026827980481,0.6679650300830258,6.997211062004956,6.174936508542192,0.34061058908162223,0.3005838673549336,0.5901639344262295,0.25925925925925924,-0.6186376527150224,-0.8222745534627638,MODE_4_TRUSTED_FUSION,no_rollout,four_mode_relocalization_v2,0.5311653030359734,0,0,0,False,0,0,0.6679650300830258,0,0,restarted_se3,0,43.74397825449705,3.1581800431013107,0,596,cache_read_only_not_online_fps,75af0ef3fc918763f0b62d63899bd6f7a427eaf26ec2562352624519f5cf2837,cached_perception_v2,0,0,0,,,0,0.0,0,21.77559118717909,0.9025512263178825,69.58030071109533,42.49630868501651,42.318851141653255,42.49630868501651,42.48305677251656,0.7116868980041758,17.174598272785193
sugar_box_yalehand0_drop60,596,1.0901350473336557,1.1922266152326657,7.216060441643661,9.096066455972455,0.35126375009939603,0.4427787766354171,0.8,0.8,0.10209156789900997,1.880006014328794,MODE_3_RELOCALIZE,no_rollout,four_mode_relocalization_v2,,0,0,0,False,1,1,1.0901350473336557,0,0,restarted_se3,1,44.93036959320307,2.8017954900860786,0,597,cache_read_only_not_online_fps,75af0ef3fc918763f0b62d63899bd6f7a427eaf26ec2562352624519f5cf2837,cached_perception_v2,1,1,1,0.3527940200427946,,1,2455.054576508701,0,21.89533691853285,2455.054576508701,2524.682078510523,42.23191948500974,42.215262939671355,42.23191948500974,42.21872534423806,0.3527940200427946,17.06385399963374
sugar_box_yalehand0_drop60,597,0.4482443500388636,0.9764467520222916,6.434559255004729,9.635066257742004,0.3132217963566428,0.469016235870068,0.4393939393939394,0.8,0.5282024019834279,3.2005070027372753,MODE_1_ACCEPT,no_rollout,four_mode_relocalization_v2,0.0,0,0,0,False,0,0,0.4482443500388636,0,0,restarted_se3,0,43.55992283672094,2.2811349481344223,0,598,cache_read_only_not_online_fps,75af0ef3fc918763f0b62d63899bd6f7a427eaf26ec2562352624519f5cf2837,cached_perception_v2,0,0,0,,,0,0.0,0,21.8391390517354,0.7404843345284462,68.42068117111921,42.41622812517944,42.38931552500286,42.41622812517944,42.40297056596498,0.4482443500388636,17.185293460730726
sugar_box_yalehand0_drop60,598,0.640781344173619,0.9443953462382484,7.495001481099885,4.608935963237858,0.36484205593100555,0.22435401470198058,0.8,0.05,0.3036140020646294,-2.8860655178620265,MODE_2_PRIOR,no_rollout,four_mode_relocalization_v2,1.0,0,0,0,False,0,0,0.640781344173619,0,0,restarted_se3,0,45.650338754057884,2.562456764280796,0,599,cache_read_only_not_online_fps,75af0ef3fc918763f0b62d63899bd6f7a427eaf26ec2562352624519f5cf2837,cached_perception_v2,0,0,0,,,0,0.0,0,22.06997200846672,0.6535127758979797,70.93628030270338,42.47457995670225,42.43289210266237,42.47457995670225,42.46128311473155,0.9443953462382484,17.188513151848582
sugar_box_yalehand0_drop60,599,0.5642000536617943,1.423187469310206,5.003158837604864,4.8879431973255025,0.24354401544337895,0.23793554275916,0.05,0.05,0.8589874156484117,-0.11521564027936115,MODE_4_TRUSTED_FUSION,no_rollout,four_mode_relocalization_v2,0.5058124535431731,0,0,0,False,0,0,0.5642000536617943,0,0,restarted_se3,0,44.84151676297188,2.900823950767517,0,600,cache_read_only_not_online_fps,75af0ef3fc918763f0b62d63899bd6f7a427eaf26ec2562352624519f5cf2837,cached_perception_v2,0,0,0,,,0,0.0,0,22.44170568883419,0.8436329662799835,71.02767936885357,42.30698913502328,42.420097262339105,42.30698913502328,42.29369320931735,0.9080411181913007,17.235983244234212
sugar_box_yalehand0_drop60,600,0.8399630552584123,0.9276910836519572,9.416891834872855,6.261366590048324,0.45839593043158794,0.30479111517342955,0.8,0.35,0.08772802839354488,-3.1555252448245312,MODE_2_PRIOR,no_rollout,four_mode_relocalization_v2,1.0,0,0,0,False,0,0,0.8399630552584123,0,0,restarted_se3,0,45.424907468259335,3.1601153314113617,0,601,cache_read_only_not_online_fps,75af0ef3fc918763f0b62d63899bd6f7a427eaf26ec2562352624519f5cf2837,cached_perception_v2,0,0,0,,,0,0.0,0,22.105997428297997,0.6922613829374313,71.38328161090612,42.49145555995602,42.403181083863615,42.49145555995602,42.47806411236505,0.9276910836519572,17.256288291883525
sugar_box_yalehand0_drop60,601,0.8150116153636409,0.9259515182690916,6.301471240021608,5.849435023332768,0.30674333132515996,0.2847390898226182,0.35,0.14634146341463414,0.11093990290545075,-0.45203621668883986,MODE_4_TRUSTED_FUSION,no_rollout,four_mode_relocalization_v2,0.5185703597952227,0,0,0,False,0,0,0.8150116153636409,0,0,restarted_se3,0,44.14502903819084,2.720203250646591,0,602,cache_read_only_not_online_fps,75af0ef3fc918763f0b62d63899bd6f7a427eaf26ec2562352624519f5cf2837,cached_perception_v2,0,0,0,,,0,0.0,0,21.278012543916702,0.9139962494373322,69.05724108219147,42.43944908380286,42.50871905781986,42.43944908380286,42.4260618371633,0.7756281476861754,17.423251661845843
sugar_box_yalehand0_drop60,602,0.821304991453707,1.0723390797079488,9.623187799795424,15.414692949922992,0.4684380157016733,0.7503571922669954,0.8,0.9985082048731975,0.2510340882542419,5.791505150127568,MODE_3_RELOCALIZE,no_rollout,four_mode_relocalization_v2,,0,0,0,False,1,0,0.821304991453707,0,0,restarted_se3,1,46.73710651695728,3.117188811302185,0,603,cache_read_only_not_online_fps,75af0ef3fc918763f0b62d63899bd6f7a427eaf26ec2562352624519f5cf2837,cached_perception_v2,1,1,1,0.26590915502485374,,1,2450.5891297012568,0,22.1004756167531,2450.5891297012568,2522.5439006462693,42.7034073841686,42.5042248845257,42.7034073841686,42.68999370418399,0.26590915502485374,17.315030550278017
sugar_box_yalehand0_drop60,603,0.3680289935789076,1.0890612285741552,8.752421393275384,11.947198024057005,0.42605080513319665,0.5815663013147463,0.8,0.9985082048731975,0.7210322349952476,3.1947766307816217,MODE_3_RELOCALIZE,no_rollout,four_mode_relocalization_v2,,0,0,0,False,1,0,0.3680289935789076,0,0,restarted_se3,1,39.98973220586777,2.176506444811821,0,604,cache_read_only_not_online_fps,75af0ef3fc918763f0b62d63899bd6f7a427eaf26ec2562352624519f5cf2837,cached_perception_v2,1,1,1,0.3291226095352367,,1,2461.055143736303,0,9.811065159738064,2461.055143736303,2513.0324475467205,42.64040150639461,42.70236434949278,42.64040150639461,42.627034596252145,0.3291226095352367,17.435446363509396
sugar_box_yalehand0_drop60,604,0.47249285025946713,0.29093712477285344,6.582570505824191,5.716022908872347,0.32042669540650504,0.2782448482606139,0.4393939393939394,0.14634146341463414,-0.1815557254866137,-0.8665475969518441,MODE_4_TRUSTED_FUSION,no_rollout,four_mode_relocalization_v2,0.5351723434559509,0,0,0,False,0,0,0.29093712477285344,0,0,restarted_se3,0,42.23860241472721,2.476082183420658,0,605,cache_read_only_not_online_fps,75af0ef3fc918763f0b62d63899bd6f7a427eaf26ec2562352624519f5cf2837,cached_perception_v2,0,0,0,,,0,0.0,0,10.241053067147732,1.2858910486102104,56.24162871390581,43.10488965526022,42.97362780385357,43.10488965526022,43.09145897649122,0.3182522428883079,17.552276274661242
sugar_box_yalehand0_drop60,605,0.5733419352094588,0.498810090256786,4.664138160456191,6.756703435606637,0.22704115001153752,0.3289031468478187,0.05,0.5901639344262295,-0.07453184495267273,2.092565275150446,MODE_4_TRUSTED_FUSION,no_rollout,four_mode_relocalization_v2,0.40854845521720334,0,0,0,False,0,0,0.498810090256786,0,0,restarted_se3,0,45.37669941782951,3.5669254139065742,0,606,cache_read_only_not_online_fps,75af0ef3fc918763f0b62d63899bd6f7a427eaf26ec2562352624519f5cf2837,cached_perception_v2,0,0,0,,,0,0.0,0,9.541342034935951,1.786499284207821,60.27146615087986,42.66268876684845,42.84937334124817,42.66268876684845,42.649259104423344,0.5327543549857536,17.43118734373162
sugar_box_yalehand0_drop60,606,0.5853884010506604,0.7610436003536145,8.264767045986854,9.89210842484594,0.40231274249276994,0.4815285473010458,0.8,0.8,0.17565519930295415,1.6273413788590858,MODE_3_RELOCALIZE,no_rollout,four_mode_relocalization_v2,,0,0,0,False,1,0,0.5853884010506604,0,0,restarted_se3,1,44.975885190069675,4.2640818282961845,0,607,cache_read_only_not_online_fps,75af0ef3fc918763f0b62d63899bd6f7a427eaf26ec2562352624519f5cf2837,cached_perception_v2,1,1,1,0.3297531698240797,,1,2452.112477272749,0,18.825282342731953,2452.112477272749,2520.1777266338468,43.00902902009284,42.928027253088445,43.00902902009284,42.995592263815816,0.3297531698240797,17.45344241076235
sugar_box_yalehand0_drop60,607,0.34118965973546933,0.7045211826902703,5.572104976103359,9.566491982396467,0.27123920395097834,0.4656781738744655,0.11650485436893204,0.8,0.363331522954801,3.994387006293108,MODE_1_ACCEPT,no_rollout,four_mode_relocalization_v2,0.0,0,0,0,False,0,0,0.34118965973546933,0,0,restarted_se3,0,42.47897956520319,2.3520803079009056,0,608,cache_read_only_not_online_fps,75af0ef3fc918763f0b62d63899bd6f7a427eaf26ec2562352624519f5cf2837,cached_perception_v2,0,0,0,,,0,0.0,0,22.852410562336445,0.726703554391861,68.4101739898324,42.625805699934496,42.768541714962524,42.625805699934496,42.612252818041576,0.34118965973546933,17.42390622400088
sugar_box_yalehand0_drop60,608,0.4088016047969255,0.7769881168468006,2.9505032837812677,2.755577860895879,0.14362474601245445,0.13413615655479239,0.041666666666666664,0.041666666666666664,0.36818651204987507,-0.1949254228853885,MODE_4_TRUSTED_FUSION,no_rollout,four_mode_relocalization_v2,0.5170208400789594,0,0,0,False,0,0,0.4088016047969255,0,0,restarted_se3,0,46.773008070886135,3.154308535158634,0,609,cache_read_only_not_online_fps,75af0ef3fc918763f0b62d63899bd6f7a427eaf26ec2562352624519f5cf2837,cached_perception_v2,0,0,0,,,0,0.0,0,21.25200256705284,1.4897510409355164,72.66907021403313,42.9404139301075,42.88325179224824,42.9404139301075,42.9268839973747,0.4393297939140629,17.644900347339732
sugar_box_yalehand0_drop60,609,0.32994448626176426,0.5165455179861593,5.046435596518137,3.6693907403485695,0.24565064367230785,0.17861878547974705,0.05,0.041666666666666664,0.18660103172439507,-1.3770448561695674,MODE_4_TRUSTED_FUSION,no_rollout,four_mode_relocalization_v2,0.5788159472881346,0,0,0,False,0,0,0.32994448626176426,0,0,restarted_se3,0,43.266620486974716,3.2643694430589676,0,610,cache_read_only_not_online_fps,75af0ef3fc918763f0b62d63899bd6f7a427eaf26ec2562352624519f5cf2837,cached_perception_v2,0,0,0,,,0,0.0,0,10.14856155961752,1.4940518885850906,58.173603378236294,42.7702181748483,42.75162882410481,42.7702181748483,42.7566440980699,0.3906407082995101,17.564312771003294
sugar_box_yalehand0_drop60,610,0.4472214700611302,0.39818957592362964,4.582412971257886,4.767161993575504,0.22306292717547158,0.23205614929871943,0.05,0.05,-0.04903189413750059,0.18474902231761803,MODE_4_TRUSTED_FUSION,no_rollout,four_mode_relocalization_v2,0.4901410137060095,0,0,0,False,0,0,0.39818957592362964,0,0,restarted_se3,0,45.15436664223671,4.0152231231331825,0,611,cache_read_only_not_online_fps,75af0ef3fc918763f0b62d63899bd6f7a427eaf26ec2562352624519f5cf2837,cached_perception_v2,0,0,0,,,0,0.0,0,9.592268615961075,1.1772047728300095,59.939063154160976,43.20935274437092,42.99959328880645,43.20935274437092,43.19574241005936,0.40252557692013125,17.62512214242022
sugar_box_yalehand0_drop60,611,0.4301576074385298,0.4219239635189124,5.829697632428883,3.5040112163136263,0.28377831212374166,0.17056843276001077,0.14634146341463414,0.041666666666666664,-0.008233643919617395,-2.3256864161152566,MODE_4_TRUSTED_FUSION,no_rollout,four_mode_relocalization_v2,0.6243189441602042,0,0,0,False,0,0,0.4219239635189124,0,0,restarted_se3,0,43.53400692343712,3.9955489337444305,0,612,cache_read_only_not_online_fps,75af0ef3fc918763f0b62d63899bd6f7a427eaf26ec2562352624519f5cf2837,cached_perception_v2,0,0,0,,,0,0.0,0,9.492856450378895,1.1889738962054253,58.21138620376587,43.15739290006913,43.120117458338115,43.15739290006913,43.14377729577674,0.4045211413606099,17.59156433034748
sugar_box_yalehand0_drop60,612,0.5328921280576511,0.44166665429680235,7.32574173111212,8.073004843167624,0.3566028213788008,0.3929781324192627,0.8,0.8,-0.09122547376084872,0.7472631120555038,MODE_3_RELOCALIZE,no_rollout,four_mode_relocalization_v2,,0,0,0,False,1,0,0.44166665429680235,0,0,restarted_se3,1,42.7293349057436,4.019572399556637,0,613,cache_read_only_not_online_fps,75af0ef3fc918763f0b62d63899bd6f7a427eaf26ec2562352624519f5cf2837,cached_perception_v2,1,1,1,0.28860245803042217,,1,2464.3917800858617,0,9.56141110509634,2464.3917800858617,2520.7020984962583,43.2197559761566,43.272157214908184,43.2197559761566,43.20605948527047,0.28860245803042217,17.688816767954314
sugar_box_yalehand0_drop60,613,0.46606243890282023,0.7514548924085066,7.671492683969998,11.667278084352342,0.3734333035073061,0.5679403445280178,0.8,0.9985082048731975,0.28539245350568637,3.995785400382344,MODE_3_RELOCALIZE,no_rollout,four_mode_relocalization_v2,,0,0,0,False,1,0,0.46606243890282023,0,0,restarted_se3,1,40.85877817124128,2.2507626563310623,0,614,cache_read_only_not_online_fps,75af0ef3fc918763f0b62d63899bd6f7a427eaf26ec2562352624519f5cf2837,cached_perception_v2,1,1,1,0.2963512207277116,,1,2456.1250377446413,0,11.007708497345448,2456.1250377446413,2510.242287069559,43.208021792294815,43.32694602008389,43.208021792294815,43.194291933851815,0.2963512207277116,17.779288623275487
sugar_box_yalehand0_drop60,614,0.41094717910738116,0.3031102178006611,3.1923138886733478,5.020892405241606,0.15539561469836696,0.24440725093331125,0.041666666666666664,0.05,-0.10783696130672005,1.8285785165682586,MODE_4_TRUSTED_FUSION,no_rollout,four_mode_relocalization_v2,0.3889510081922923,0,0,0,False,0,0,0.3031102178006611,0,0,restarted_se3,0,39.719218388199806,2.383332699537277,0,615,cache_read_only_not_online_fps,75af0ef3fc918763f0b62d63899bd6f7a427eaf26ec2562352624519f5cf2837,cached_perception_v2,0,0,0,,,0,0.0,0,9.714693762362003,1.7996486276388168,53.616893477737904,43.4322073938526,43.39073426945049,43.4322073938526,43.41840137916578,0.28972640669000266,17.82967417684759
sugar_box_yalehand0_drop60,615,0.5971205003257172,0.489135653077045,6.56663790272649,5.135121433324041,0.3196511273582323,0.24996769725979823,0.4393939393939394,0.11650485436893204,-0.10798484724867219,-1.4315164694024487,MODE_4_TRUSTED_FUSION,no_rollout,four_mode_relocalization_v2,0.5610623554179187,0,0,0,False,0,0,0.489135653077045,0,0,restarted_se3,0,44.12166588008404,4.0665846318006516,0,616,cache_read_only_not_online_fps,75af0ef3fc918763f0b62d63899bd6f7a427eaf26ec2562352624519f5cf2837,cached_perception_v2,0,0,0,,,0,0.0,0,9.770277887582779,1.8145237118005753,59.77305211126804,43.356291028120495,43.36596134001186,43.356291028120495,43.342531862450784,0.5262174716125226,17.813346831051224
sugar_box_yalehand0_drop60,616,0.6089346191429397,0.7673150920720777,4.608528082810385,6.1698642328583295,0.22433415987818786,0.3003369588662007,0.05,0.25925925925925924,0.15838047292913804,1.5613361500479446,MODE_4_TRUSTED_FUSION,no_rollout,four_mode_relocalization_v2,0.42770515719351987,0,0,0,False,0,0,0.6089346191429397,0,0,restarted_se3,0,44.25183217972517,4.301814362406731,0,617,cache_read_only_not_online_fps,75af0ef3fc918763f0b62d63899bd6f7a427eaf26ec2562352624519f5cf2837,cached_perception_v2,0,0,0,,,0,0.0,0,10.266956873238087,1.7864517867565155,60.6070552021265,43.38675665550892,43.39291523385474,43.38675665550892,43.37292642437996,0.645940846948132,17.90715004031758
sugar_box_yalehand0_drop60,617,0.728029564690389,0.8181851671595181,7.945786749088885,4.7900261353536395,0.386785403690342,0.2331691311326081,0.8,0.05,0.09015560246912901,-3.1557606137352456,MODE_2_PRIOR,no_rollout,four_mode_relocalization_v2,1.0,0,0,0,False,0,0,0.728029564690389,0,0,restarted_se3,0,42.51005779951811,3.564218059182167,0,618,cache_read_only_not_online_fps,75af0ef3fc918763f0b62d63899bd6f7a427eaf26ec2562352624519f5cf2837,cached_perception_v2,0,0,0,,,0,0.0,0,9.634941816329956,1.3998495414853096,57.10906721651554,43.44805450211619,43.41380631047575,43.44805450211619,43.43419588111312,0.8181851671595181,17.941902551561324
sugar_box_yalehand0_drop60,618,0.7016755216322205,0.9788292612874174,10.44142931939528,9.377530666027091,0.5082684172048245,0.45647990549126627,0.9985082048731975,0.8,0.27715373965519696,-1.063898653368188,MODE_3_RELOCALIZE,no_rollout,four_mode_relocalization_v2,,0,0,0,False,1,0,0.7016755216322205,0,0,restarted_se3,1,45.247770845890045,4.359236918389797,0,619,cache_read_only_not_online_fps,75af0ef3fc918763f0b62d63899bd6f7a427eaf26ec2562352624519f5cf2837,cached_perception_v2,1,1,1,0.4581137349509482,,1,2462.466901168227,0,10.118643753230572,2462.466901168227,2522.1925526857376,43.43045163335918,43.41003478429651,43.43045163335918,43.416579771200624,0.4581137349509482,17.94683956727242
sugar_box_yalehand0_drop60,619,0.3075883055449547,1.1748771303051273,4.867508896874348,14.077615548195658,0.23694084086258116,0.6852708718152614,0.05,0.9985082048731975,0.8672888247601727,9.21010665132131,MODE_1_ACCEPT,no_rollout,four_mode_relocalization_v2,0.0,0,0,0,False,0,0,0.3075883055449547,0,0,restarted_se3,0,44.90056727081537,4.567503929138184,0,620,cache_read_only_not_online_fps,75af0ef3fc918763f0b62d63899bd6f7a427eaf26ec2562352624519f5cf2837,cached_perception_v2,0,0,0,,,0,0.0,0,20.837859250605106,1.3032453134655952,71.60917576402426,43.79365470617237,43.61095983609938,43.79365470617237,43.7797778296426,0.3075883055449547,18.02286042236294
sugar_box_yalehand0_drop60,620,0.4412215721528877,0.7157015455228175,6.356371331332061,5.408778357315507,0.30941576070826476,0.2632887826552543,0.4393939393939394,0.11650485436893204,0.2744799733699298,-0.9475929740165538,MODE_4_TRUSTED_FUSION,no_rollout,four_mode_relocalization_v2,0.5402028399745042,0,0,0,False,0,0,0.4412215721528877,0,0,restarted_se3,0,47.75586258620024,3.8321344181895256,0,621,cache_read_only_not_online_fps,75af0ef3fc918763f0b62d63899bd6f7a427eaf26ec2562352624519f5cf2837,cached_perception_v2,0,0,0,,,0,0.0,0,20.257439464330673,1.254608854651451,73.10004532337189,43.5059524675356,43.544190447958485,43.5059524675356,43.492027238771186,0.5192265080931099,17.85244557044704
sugar_box_yalehand0_drop60,621,0.4345117745365922,0.8319552221296754,8.317734157241071,4.036407677359977,0.4048910781762846,0.19648445424557787,0.8,0.04838709677419355,0.39744344759308325,-4.281326479881095,MODE_2_PRIOR,no_rollout,four_mode_relocalization_v2,1.0,0,0,0,False,0,0,0.4345117745365922,0,0,restarted_se3,0,44.84986141324043,3.240395337343216,0,622,cache_read_only_not_online_fps,75af0ef3fc918763f0b62d63899bd6f7a427eaf26ec2562352624519f5cf2837,cached_perception_v2,0,0,0,,,0,0.0,0,22.747394628822803,1.0700328275561333,71.90768420696259,43.71281529430854,43.737675259326,43.71281529430854,43.69887652699846,0.8319552221296754,18.030485527621263
sugar_box_yalehand0_drop60,622,0.5021110605169914,1.14464115002463,5.334812216804642,6.970000574928043,0.2596882551781996,0.3392860356344936,0.11650485436893204,0.5901639344262295,0.6425300895076387,1.6351883581234006,MODE_4_TRUSTED_FUSION,no_rollout,four_mode_relocalization_v2,0.4336627506739793,0,0,0,False,0,0,0.5021110605169914,0,0,restarted_se3,0,48.80871903151274,4.46501187980175,0,623,cache_read_only_not_online_fps,75af0ef3fc918763f0b62d63899bd6f7a427eaf26ec2562352624519f5cf2837,cached_perception_v2,0,0,0,,,0,0.0,0,21.03762235492468,1.4994526281952858,75.81080589443445,43.626477930051,43.668792198785496,43.626477930051,43.61253023231938,0.5593244542631963,17.976081878709124
sugar_box_yalehand0_drop60,623,0.75235201460053,0.5396228317609142,11.426566791172174,5.552889645195867,0.556222988192449,0.2703038391146454,0.9985082048731975,0.11650485436893204,-0.21272918283961584,-5.873677145976307,MODE_2_PRIOR,no_rollout,four_mode_relocalization_v2,1.0,0,0,0,False,0,0,0.5396228317609142,0,0,restarted_se3,0,46.87012359499931,4.447697661817074,0,624,cache_read_only_not_online_fps,75af0ef3fc918763f0b62d63899bd6f7a427eaf26ec2562352624519f5cf2837,cached_perception_v2,0,0,0,,,0,0.0,0,20.875058136880398,1.5018964186310768,73.69477581232786,43.859584578138204,43.82186360019513,43.859584578138204,43.845639622309896,0.5396228317609142,18.120521139750448
sugar_box_yalehand0_drop60,624,0.436584271550612,0.8116729928641153,6.377547143181106,7.751730866419614,0.31044655793365505,0.3773391417546908,0.4393939393939394,0.8,0.3750887213135033,1.3741837232385077,MODE_1_ACCEPT,no_rollout,four_mode_relocalization_v2,0.0,0,0,0,False,0,0,0.436584271550612,0,0,restarted_se3,0,44.19827554374933,6.117730401456356,0,625,cache_read_only_not_online_fps,75af0ef3fc918763f0b62d63899bd6f7a427eaf26ec2562352624519f5cf2837,cached_perception_v2,0,0,0,,,0,0.0,0,21.25814836472273,0.8888877928256989,72.46304210275412,43.803948103964935,43.78238884678939,43.803948103964935,43.78998768197984,0.436584271550612,18.079336910681917
sugar_box_yalehand0_drop60,625,0.7967287572656965,0.7130332843026557,7.409491548592429,10.303198378098148,0.36067959917136216,0.5015396045497105,0.8,0.8,-0.0836954729630408,2.893706829505719,MODE_3_RELOCALIZE,no_rollout,four_mode_relocalization_v2,,0,0,0,False,1,0,0.7130332843026557,0,0,restarted_se3,1,46.65869753807783,4.17465902864933,0,626,cache_read_only_not_online_fps,75af0ef3fc918763f0b62d63899bd6f7a427eaf26ec2562352624519f5cf2837,cached_perception_v2,1,1,1,0.37107858759156526,,1,2471.564695239067,0,21.331013180315495,2471.564695239067,2543.7290649861097,43.88175840162765,43.881333515204794,43.88175840162765,43.867764491573176,0.37107858759156526,18.247102342554058
sugar_box_yalehand0_drop60,626,0.49010964523734885,0.8741713847387639,8.318910595063766,11.111583800551678,0.4049483448752958,0.5408902304643726,0.8,0.9985082048731975,0.38406173950141503,2.7926732054879118,MODE_3_RELOCALIZE,no_rollout,four_mode_relocalization_v2,,0,0,0,False,1,0,0.49010964523734885,0,0,restarted_se3,1,43.43956708908081,2.0767394453287125,0,627,cache_read_only_not_online_fps,75af0ef3fc918763f0b62d63899bd6f7a427eaf26ec2562352624519f5cf2837,cached_perception_v2,1,1,1,0.3664346540319256,,1,2463.601781986654,0,24.11178220063448,2463.601781986654,2533.229870721698,43.97171358731964,43.999189117399,43.97171358731964,43.95766282362906,0.3664346540319256,18.472746662826275
sugar_box_yalehand0_drop60,627,0.40056849415820744,0.2847995711910872,6.47842759485762,7.105793548595997,0.31535722159205726,0.3458961727797542,0.4393939393939394,0.6923076923076923,-0.11576892296712027,0.6273659537383773,MODE_1_ACCEPT,no_rollout,four_mode_relocalization_v2,0.0,0,0,0,False,0,0,0.2847995711910872,0,0,restarted_se3,0,39.48315139859915,2.269265241920948,0,628,cache_read_only_not_online_fps,75af0ef3fc918763f0b62d63899bd6f7a427eaf26ec2562352624519f5cf2837,cached_perception_v2,0,0,0,,,0,0.0,0,10.39848942309618,1.4410912990570068,53.59199736267328,44.180597313620716,44.1586369200751,44.180597313620716,44.16648327839266,0.40056849415820744,18.876698000182948
sugar_box_yalehand0_drop60,628,0.4981683493444136,0.8894610703801437,7.267892880044137,7.4447905823566085,0.3537868521211413,0.3623978872975723,0.8,0.8,0.39129272103573004,0.1768977023124716,MODE_3_RELOCALIZE,no_rollout,four_mode_relocalization_v2,,0,0,0,False,1,0,0.4981683493444136,0,0,restarted_se3,1,45.250844210386276,4.609453491866589,0,629,cache_read_only_not_online_fps,75af0ef3fc918763f0b62d63899bd6f7a427eaf26ec2562352624519f5cf2837,cached_perception_v2,1,1,1,0.3827614036635365,,1,2465.5882325023413,0,9.858048520982265,2465.5882325023413,2525.3065787255764,44.38182932106095,44.30020668853649,44.38182932106095,44.367634853233305,0.3827614036635365,19.173524145879586
sugar_box_yalehand0_drop60,629,0.15946432637586935,1.0882853390880123,4.954980185324735,12.402398798253923,0.24119877260464267,0.6037245873055073,0.05,0.9985082048731975,0.9288210127121429,7.447418612929188,MODE_1_ACCEPT,no_rollout,four_mode_relocalization_v2,0.0,0,0,0,False,0,0,0.15946432637586935,0,0,restarted_se3,0,41.368805803358555,3.1740106642246246,0,630,cache_read_only_not_online_fps,75af0ef3fc918763f0b62d63899bd6f7a427eaf26ec2562352624519f5cf2837,cached_perception_v2,0,0,0,,,0,0.0,0,24.41890724003315,0.9934622794389725,69.9551859870553,44.37088409886704,44.37319452935291,44.37088409886704,44.356726846063715,0.15946432637586935,19.302875563240896
sugar_box_yalehand0_drop60,630,0.34224844463940496,0.5386539504424435,7.6315764090156035,5.227512465538331,0.37149025708414096,0.2544651125341849,0.8,0.11650485436893204,0.1964055058030385,-2.404063943477272,MODE_2_PRIOR,no_rollout,four_mode_relocalization_v2,1.0,0,0,0,False,0,0,0.34224844463940496,0,0,restarted_se3,0,44.34059001505375,4.369942471385002,0,631,cache_read_only_not_online_fps,75af0ef3fc918763f0b62d63899bd6f7a427eaf26ec2562352624519f5cf2837,cached_perception_v2,0,0,0,,,0,0.0,0,20.93376684933901,1.3189846649765968,70.96328400075436,44.34971040229278,44.34669339239409,44.34971040229278,44.33557424732264,0.5386539504424435,19.376660033250438
sugar_box_yalehand0_drop60,631,0.8202440412554826,0.8381288256422642,5.437610825945576,3.5069093782488654,0.2646922910013283,0.17070950963124823,0.11650485436893204,0.041666666666666664,0.01788478438678165,-1.9307014476967108,MODE_4_TRUSTED_FUSION,no_rollout,four_mode_relocalization_v2,0.6076857100948553,0,0,0,False,0,0,0.8202440412554826,0,0,restarted_se3,0,45.39683647453785,4.419128410518169,0,632,cache_read_only_not_online_fps,75af0ef3fc918763f0b62d63899bd6f7a427eaf26ec2562352624519f5cf2837,cached_perception_v2,0,0,0,,,0,0.0,0,24.891172535717487,1.3895286247134209,76.09666604548693,44.43139857882626,44.38207021580853,44.43139857882626,44.41722560849375,0.7743184081178608,19.4271806680004
sugar_box_yalehand0_drop60,632,0.8184165902787116,1.081870994740168,7.7648595708613355,11.194813058898422,0.3779782214843355,0.5449416684534659,0.8,0.9985082048731975,0.2634544044614563,3.4299534880370866,MODE_3_RELOCALIZE,no_rollout,four_mode_relocalization_v2,,0,0,0,False,1,0,0.8184165902787116,0,0,restarted_se3,1,46.81388475000858,4.13950253278017,0,633,cache_read_only_not_online_fps,75af0ef3fc918763f0b62d63899bd6f7a427eaf26ec2562352624519f5cf2837,cached_perception_v2,1,1,1,0.4399605432454949,,1,2465.295745059848,0,24.226566776633263,2465.295745059848,2540.47569911927,44.3204560206385,44.31307447617056,44.3204560206385,44.306291355184634,0.4399605432454949,19.45141699288808
sugar_box_yalehand0_drop60,633,0.4529196003818215,1.2151358031233241,3.2325439010469244,10.165166686511386,0.15735393324727157,0.4948204909819358,0.041666666666666664,0.8,0.7622162027415027,6.932622785464462,MODE_1_ACCEPT,no_rollout,four_mode_relocalization_v2,0.0,0,0,0,False,0,0,0.4529196003818215,0,0,restarted_se3,0,45.06466630846262,2.719089388847351,0,634,cache_read_only_not_online_fps,75af0ef3fc918763f0b62d63899bd6f7a427eaf26ec2562352624519f5cf2837,cached_perception_v2,0,0,0,,,0,0.0,0,26.775110512971878,1.1357059702277184,75.69457218050957,44.46043412314648,44.491961721042095,44.46043412314648,44.44625243025969,0.4529196003818215,19.875353381076906
sugar_box_yalehand0_drop60,634,0.47506514765533686,0.8199944861298922,4.478511442515863,5.662072610021069,0.2180052033769899,0.2756186529222103,0.05,0.11650485436893204,0.34492933847455537,1.1835611675052062,MODE_4_TRUSTED_FUSION,no_rollout,four_mode_relocalization_v2,0.441757227665978,0,0,0,False,0,0,0.47506514765533686,0,0,restarted_se3,0,43.85192319750786,3.4474199637770653,0,635,cache_read_only_not_online_fps,75af0ef3fc918763f0b62d63899bd6f7a427eaf26ec2562352624519f5cf2837,cached_perception_v2,0,0,0,,,0,0.0,0,21.554622799158096,1.4851372689008713,70.33910322934389,44.53771058370558,44.54626961633054,44.53771058370558,44.523508938108215,0.5563402116648178,20.199793329331207
sugar_box_yalehand0_drop60,635,0.4954640283993907,1.0347116467428368,6.6999698978553575,4.392540741223192,0.32614146886741907,0.21382031729143763,0.5901639344262295,0.05,0.539247618343446,-2.307429156632166,MODE_4_TRUSTED_FUSION,no_rollout,four_mode_relocalization_v2,0.60382123498347,0,0,0,False,0,0,0.4954640283993907,0,0,restarted_se3,0,46.653060242533684,3.6610225215554237,0,636,cache_read_only_not_online_fps,75af0ef3fc918763f0b62d63899bd6f7a427eaf26ec2562352624519f5cf2837,cached_perception_v2,0,0,0,,,0,0.0,0,24.68880359083414,1.2499568983912468,76.2528432533145,44.82946938300909,44.8219966409854,44.82946938300909,44.81514649536838,0.7537761467808766,21.06958659124152
sugar_box_yalehand0_drop60,636,0.5177794560540078,0.9020138562994224,3.7958016091211557,2.041737402543643,0.18477222005495234,0.09938779511834583,0.041666666666666664,0.041666666666666664,0.38423440024541466,-1.7540642065775125,MODE_4_TRUSTED_FUSION,no_rollout,four_mode_relocalization_v2,0.6497270614062016,0,0,0,False,0,0,0.5177794560540078,0,0,restarted_se3,0,44.42211426794529,3.6538587883114815,0,637,cache_read_only_not_online_fps,75af0ef3fc918763f0b62d63899bd6f7a427eaf26ec2562352624519f5cf2837,cached_perception_v2,0,0,0,,,0,0.0,0,19.87232454121113,1.6379039734601974,69.5862015709281,44.89526322522965,44.84043636770178,44.89526322522965,44.88097001039984,0.7474375456867999,21.4596021060893
sugar_box_yalehand0_drop60,637,0.6478627487259131,0.8992842930503839,9.669040710118715,8.512458746411255,0.4706700459574318,0.4143698914403408,0.8,0.8,0.25142154432447084,-1.1565819637074597,MODE_3_RELOCALIZE,no_rollout,four_mode_relocalization_v2,,0,0,0,False,1,0,0.6478627487259131,0,0,restarted_se3,1,46.11500073224306,3.145233727991581,0,638,cache_read_only_not_online_fps,75af0ef3fc918763f0b62d63899bd6f7a427eaf26ec2562352624519f5cf2837,cached_perception_v2,1,1,1,0.5208957044365929,,1,2463.3376486599445,0,20.533878356218338,2463.3376486599445,2533.1317614763975,45.22223906530162,45.235659897594225,45.22223906530162,45.20785073765059,0.5208957044365929,22.490811382508312
sugar_box_yalehand0_drop60,638,0.37990101506041507,1.4230548279465554,7.910962907241812,15.73662582926644,0.38509024697997424,0.7660282570249727,0.8,0.9985082048731975,1.0431538128861404,7.8256629220246285,MODE_3_RELOCALIZE,no_rollout,four_mode_relocalization_v2,,0,0,0,False,1,0,0.37990101506041507,0,0,restarted_se3,1,46.861423179507256,1.455480232834816,0,639,cache_read_only_not_online_fps,75af0ef3fc918763f0b62d63899bd6f7a427eaf26ec2562352624519f5cf2837,cached_perception_v2,1,1,1,0.44553604081586173,,1,2472.410626709461,0,21.829848177731037,2472.410626709461,2542.5573782995343,45.42610365922538,45.43469655541586,45.42610365922538,45.41166200509163,0.44553604081586173,23.36754115966597
sugar_box_yalehand0_drop60,639,0.49784562709331953,0.6642344485421798,7.255944117871833,10.163714770094057,0.3532052096801402,0.4947498145221547,0.8,0.8,0.1663888214488603,2.907770652222224,MODE_3_RELOCALIZE,no_rollout,four_mode_relocalization_v2,,0,0,0,False,1,0,0.49784562709331953,0,0,restarted_se3,1,45.35394627600908,2.0148158073425293,0,640,cache_read_only_not_online_fps,75af0ef3fc918763f0b62d63899bd6f7a427eaf26ec2562352624519f5cf2837,cached_perception_v2,1,1,1,0.433755409633168,,1,2462.9376586526632,0,21.210255101323128,2462.9376586526632,2531.516675837338,45.84066122124965,45.60934200449022,45.84066122124965,45.82627491808175,0.433755409633168,23.757616801859626
sugar_box_yalehand0_drop60,640,0.4891398271946523,0.48692012103339155,7.273703517328472,9.537670456524616,0.35406970261268983,0.46427519820052177,0.8,0.8,-0.0022197061612607705,2.263966939196144,MODE_3_RELOCALIZE,no_rollout,four_mode_relocalization_v2,,0,0,0,False,1,0,0.48692012103339155,0,0,restarted_se3,1,45.88453844189644,1.93720031529665,0,641,cache_read_only_not_online_fps,75af0ef3fc918763f0b62d63899bd6f7a427eaf26ec2562352624519f5cf2837,cached_perception_v2,1,1,1,0.38662966664526155,,1,2458.704852499068,0,20.395376719534397,2458.704852499068,2526.9219679757953,45.791463147379694,45.81275267163178,45.791463147379694,45.776981529603184,0.38662966664526155,24.17970302223013
sugar_box_yalehand0_drop60,641,0.6123861999787471,0.5510463769747591,6.261455917439479,6.14186579960297,0.30479546345663167,0.29897404973569663,0.35,0.25925925925925924,-0.06133982300398799,-0.11959011783650908,MODE_4_TRUSTED_FUSION,no_rollout,four_mode_relocalization_v2,0.5048131297152377,0,0,0,False,0,0,0.5510463769747591,0,0,restarted_se3,0,47.50325810164213,2.2583939135074615,0,642,cache_read_only_not_online_fps,75af0ef3fc918763f0b62d63899bd6f7a427eaf26ec2562352624519f5cf2837,cached_perception_v2,0,0,0,,,0,0.0,0,19.277780316770077,1.4630751684308052,70.50250750035048,45.89360044441585,45.988848563263744,45.89360044441585,45.87916287195848,0.5200622694331261,24.537955817624677
sugar_box_yalehand0_drop60,642,0.8648360747371964,0.7155254527282893,6.955948595094926,5.82825596309605,0.33860201265929557,0.2837081344720508,0.5901639344262295,0.14634146341463414,-0.1493106220089071,-1.1276926319988752,MODE_4_TRUSTED_FUSION,no_rollout,four_mode_relocalization_v2,0.5440360284340147,0,0,0,False,0,0,0.7155254527282893,0,0,restarted_se3,0,45.421089977025986,2.2858167067170143,0,643,cache_read_only_not_online_fps,75af0ef3fc918763f0b62d63899bd6f7a427eaf26ec2562352624519f5cf2837,cached_perception_v2,0,0,0,,,0,0.0,0,20.535298623144627,1.5836851671338081,69.82589047402143,45.642966331175735,45.6964360334813,45.642966331175735,45.62855932852076,0.7474105600283586,24.504467928562526
sugar_box_yalehand0_drop60,643,1.274207456265006,0.9996893614567386,16.03232929563737,13.388562754530584,0.780422525110009,0.6517291255568102,0.9985082048731975,0.9985082048731975,-0.2745180948082675,-2.643766541106787,MODE_3_RELOCALIZE,no_rollout,four_mode_relocalization_v2,,0,0,0,False,1,0,0.9996893614567386,0,0,restarted_se3,1,43.398899026215076,2.402973361313343,0,644,cache_read_only_not_online_fps,75af0ef3fc918763f0b62d63899bd6f7a427eaf26ec2562352624519f5cf2837,cached_perception_v2,1,1,1,0.473721728669226,,1,2455.6583743542433,0,20.724013447761536,2455.6583743542433,2522.1842601895332,45.700219998394154,45.664180124159174,45.700219998394154,45.685751036434525,0.473721728669226,24.703663025924953
sugar_box_yalehand0_drop60,644,0.597803468928728,0.6164815517809407,8.183769067662784,7.261810697112359,0.3983699188639116,0.35349078331702244,0.8,0.8,0.01867808285221262,-0.9219583705504251,MODE_3_RELOCALIZE,no_rollout,four_mode_relocalization_v2,,0,0,0,False,1,0,0.597803468928728,0,0,restarted_se3,1,46.926562674343586,1.9745640456676483,0,645,cache_read_only_not_online_fps,75af0ef3fc918763f0b62d63899bd6f7a427eaf26ec2562352624519f5cf2837,cached_perception_v2,1,1,1,0.42576900326353345,,1,2455.553629435599,0,18.072644248604774,2455.553629435599,2522.527400404215,45.73190716942238,45.75437467221913,45.73190716942238,45.717455988141765,0.42576900326353345,25.254226317148294
sugar_box_yalehand0_drop60,645,0.5508840026215982,0.45927199346850894,5.97704298204173,7.851169145276443,0.29095079640145455,0.382179603252644,0.16666666666666666,0.8,-0.09161200915308926,1.8741261632347133,MODE_1_ACCEPT,no_rollout,four_mode_relocalization_v2,0.0,0,0,0,False,0,0,0.45927199346850894,0,0,restarted_se3,0,46.17248475551605,1.9751880317926407,0,646,cache_read_only_not_online_fps,75af0ef3fc918763f0b62d63899bd6f7a427eaf26ec2562352624519f5cf2837,cached_perception_v2,0,0,0,,,0,0.0,0,21.71797677874565,1.2742141261696815,71.13986369222403,45.8309032744972,45.80566252111921,45.8309032744972,45.816401290079526,0.5508840026215982,25.727660606481283
sugar_box_yalehand0_drop60,646,0.6927510403307087,0.8605108943115284,5.6619770670113105,7.199249009936458,0.27561400207481584,0.35044540238823596,0.11650485436893204,0.8,0.16775985398081972,1.5372719429251473,MODE_1_ACCEPT,no_rollout,four_mode_relocalization_v2,0.0,0,0,0,False,0,0,0.6927510403307087,0,0,restarted_se3,0,43.58286131173372,2.5183837860822678,0,647,cache_read_only_not_online_fps,75af0ef3fc918763f0b62d63899bd6f7a427eaf26ec2562352624519f5cf2837,cached_perception_v2,0,0,0,,,0,0.0,0,17.18737091869116,1.384807750582695,64.67342376708984,46.3361074462631,46.25481170114937,46.3361074462631,46.3216307699168,0.6927510403307087,26.77996804185448
sugar_box_yalehand0_drop60,647,0.7476508838686258,1.3116674440001492,9.274017738822604,13.922221432575373,0.4514410980578113,0.6777065893043839,0.8,0.9985082048731975,0.5640165601315235,4.6482036937527695,MODE_3_RELOCALIZE,no_rollout,four_mode_relocalization_v2,,0,0,0,False,1,0,0.7476508838686258,0,0,restarted_se3,1,44.52902916818857,2.2437144070863724,0,648,cache_read_only_not_online_fps,75af0ef3fc918763f0b62d63899bd6f7a427eaf26ec2562352624519f5cf2837,cached_perception_v2,1,1,1,0.44200804858563586,,1,2463.2693184539676,0,20.262453705072403,2463.2693184539676,2530.304515734315,46.539390976741174,46.50584925133045,46.539390976741174,46.524887532328854,0.44200804858563586,27.581271470096986
sugar_box_yalehand0_drop60,648,0.5130939414870657,1.3920633807611174,4.8425112124393985,11.033551792674462,0.23572400233282775,0.5370917844928622,0.05,0.9985082048731975,0.8789694392740517,6.191040580235064,MODE_1_ACCEPT,no_rollout,four_mode_relocalization_v2,0.0,0,0,0,False,0,0,0.5130939414870657,0,0,restarted_se3,0,44.81761250644922,2.4282941594719887,0,649,cache_read_only_not_online_fps,75af0ef3fc918763f0b62d63899bd6f7a427eaf26ec2562352624519f5cf2837,cached_perception_v2,0,0,0,,,0,0.0,0,21.000687032938004,0.7234076038002968,68.97000130265951,46.55543855231235,46.54939933785704,46.55543855231235,46.540975698625715,0.5130939414870657,28.038234503605974
sugar_box_yalehand0_drop60,649,0.607735327808627,1.0195568254650778,7.1199491132884765,10.15853500412201,0.3465852380639028,0.4944976736158122,0.6966301849151518,0.8,0.4118214976564507,3.0385858908335335,MODE_3_RELOCALIZE,no_rollout,four_mode_relocalization_v2,,0,0,0,False,1,0,0.607735327808627,0,0,restarted_se3,1,44.01396960020065,2.525907941162586,0,650,cache_read_only_not_online_fps,75af0ef3fc918763f0b62d63899bd6f7a427eaf26ec2562352624519f5cf2837,cached_perception_v2,1,1,1,0.3724568185072011,,1,2456.964540295303,0,20.06468176841736,2456.964540295303,2523.5690996050835,46.78135210600098,46.69447179897159,46.78135210600098,46.766989441723524,0.3724568185072011,28.382702086942597
sugar_box_yalehand0_drop60,650,0.6282102112175785,0.7576998595933537,5.583007395510797,7.755335518746133,0.27176991246668203,0.3775146092004331,0.11650485436893204,0.8,0.12948964837577526,2.172328123235336,MODE_1_ACCEPT,no_rollout,four_mode_relocalization_v2,0.0,0,0,0,False,0,0,0.6282102112175785,0,0,restarted_se3,0,44.63309608399868,2.305924892425537,0,651,cache_read_only_not_online_fps,75af0ef3fc918763f0b62d63899bd6f7a427eaf26ec2562352624519f5cf2837,cached_perception_v2,0,0,0,,,0,0.0,0,20.400570705533028,0.7411660626530647,68.08075774461031,46.626496613260265,46.66367013472833,46.626496613260265,46.612067624559266,0.6282102112175785,28.556466921062178
sugar_box_yalehand0_drop60,651,0.6830956594004293,1.0854983701482483,6.13947936699463,10.672293877106279,0.2988578828501579,0.5195064536600918,0.25925925925925924,0.9985082048731975,0.4024027107478191,4.532814510111649,MODE_1_ACCEPT,no_rollout,four_mode_relocalization_v2,0.0,0,0,0,False,0,0,0.6830956594004293,0,0,restarted_se3,0,44.04411558061838,2.354094758629799,0,652,cache_read_only_not_online_fps,75af0ef3fc918763f0b62d63899bd6f7a427eaf26ec2562352624519f5cf2837,cached_perception_v2,0,0,0,,,0,0.0,0,22.95097801834345,0.7004700601100922,70.04965841770172,46.68288795180646,46.71489963651067,46.68288795180646,46.66847344924107,0.6830956594004293,28.79608721599711
sugar_box_yalehand0_drop60,652,0.8326373139271854,0.8344947609158673,8.094902664049348,6.496476883634525,0.394044075636358,0.31623582577139786,0.8,0.4393939393939394,0.0018574469886818434,-1.5984257804148232,MODE_2_PRIOR,no_rollout,four_mode_relocalization_v2,1.0,0,0,0,False,0,0,0.8326373139271854,0,0,restarted_se3,0,44.84295938163996,3.5226456820964813,0,653,cache_read_only_not_online_fps,75af0ef3fc918763f0b62d63899bd6f7a427eaf26ec2562352624519f5cf2837,cached_perception_v2,0,0,0,,,0,0.0,0,9.837870486080647,0.9526778012514114,59.1561533510685,46.584030900026875,46.56917699605446,46.584030900026875,46.56963160400443,0.8344947609158673,28.89130587166695
sugar_box_yalehand0_drop60,653,0.8229383189315733,0.8689331126483285,8.9096927208007,8.8200767395335,0.4337064666588185,0.42934413545284755,0.8,0.8,0.04599479371675519,-0.08961598126720105,MODE_3_RELOCALIZE,no_rollout,four_mode_relocalization_v2,,0,0,0,False,1,0,0.8229383189315733,0,0,restarted_se3,1,43.58560126274824,2.612241543829441,0,654,cache_read_only_not_online_fps,75af0ef3fc918763f0b62d63899bd6f7a427eaf26ec2562352624519f5cf2837,cached_perception_v2,1,1,1,0.39102458727545847,,1,2469.1073931753635,0,9.753957390785217,2469.1073931753635,2525.0591933727264,46.80471694887954,46.811699447654256,46.80471694887954,46.790236770606086,0.39102458727545847,29.439657371869572
sugar_box_yalehand0_drop60,654,0.5203000765586308,0.8947764087000818,6.849360902021933,7.559310496864875,0.3334135316195311,0.36797249340800464,0.5901639344262295,0.8,0.37447633214145104,0.7099495948429428,MODE_1_ACCEPT,no_rollout,four_mode_relocalization_v2,0.0,0,0,0,False,0,0,0.5203000765586308,0,0,restarted_se3,0,32.73097425699234,2.565390430390835,0,655,cache_read_only_not_online_fps,75af0ef3fc918763f0b62d63899bd6f7a427eaf26ec2562352624519f5cf2837,cached_perception_v2,0,0,0,,,0,0.0,0,13.540771789848804,0.840628519654274,49.67776499688625,47.1802927050303,47.131954108635824,47.1802927050303,47.16567916054962,0.5203000765586308,30.088246125528418
sugar_box_yalehand0_drop60,655,0.52033812835712,0.8610216507950604,7.090330498559128,12.064682171426439,0.3451434616587969,0.5872852005002438,0.6923076923076923,0.9985082048731975,0.3406835224379404,4.974351672867311,MODE_3_RELOCALIZE,no_rollout,four_mode_relocalization_v2,,0,0,0,False,1,0,0.52033812835712,0,0,restarted_se3,1,42.00291447341442,2.3552319034934044,0,656,cache_read_only_not_online_fps,75af0ef3fc918763f0b62d63899bd6f7a427eaf26ec2562352624519f5cf2837,cached_perception_v2,1,1,1,0.44779576943946514,,1,2461.632665246725,0,10.113502852618694,2461.632665246725,2516.1043144762516,47.55346438359416,47.51101297276143,47.55346438359416,47.53876656689099,0.44779576943946514,30.905796298879572
sugar_box_yalehand0_drop60,656,0.47652417578048994,0.8940002005553428,5.247812651613151,8.640680918640088,0.25545328600446315,0.420611496735533,0.11650485436893204,0.8,0.41747602477485285,3.3928682670269374,MODE_1_ACCEPT,no_rollout,four_mode_relocalization_v2,0.0,0,0,0,False,0,0,0.47652417578048994,0,0,restarted_se3,0,39.42415304481983,2.098201774060726,0,657,cache_read_only_not_online_fps,75af0ef3fc918763f0b62d63899bd6f7a427eaf26ec2562352624519f5cf2837,cached_perception_v2,0,0,0,,,0,0.0,0,10.190177708864212,1.2698154896497726,52.98234801739454,47.68104021140579,47.6800406621726,47.68104021140579,47.666269121473476,0.47652417578048994,31.38135772833267
sugar_box_yalehand0_drop60,657,0.6847895467692594,0.9470534702842441,9.304324783614684,11.930490954696,0.45291638589584826,0.5807530337590797,0.8,0.9985082048731975,0.26226392351498473,2.626166171081316,MODE_3_RELOCALIZE,no_rollout,four_mode_relocalization_v2,,0,0,0,False,1,0,0.6847895467692594,0,0,restarted_se3,1,43.14425401389599,3.89772467315197,0,658,cache_read_only_not_online_fps,75af0ef3fc918763f0b62d63899bd6f7a427eaf26ec2562352624519f5cf2837,cached_perception_v2,1,1,1,0.4426536588829002,,1,2470.560347661376,0,10.004949755966663,2470.560347661376,2527.6072761043906,47.59181482425078,47.60713389280319,47.59181482425078,47.57703751466306,0.4426536588829002,31.635105848397505
sugar_box_yalehand0_drop60,658,0.4808686373153283,0.8285903768965668,7.050950681033909,11.797402270839077,0.3432265289371264,0.5742745361681245,0.6923076923076923,0.9985082048731975,0.3477217395812385,4.746451589805169,MODE_3_RELOCALIZE,no_rollout,four_mode_relocalization_v2,,0,0,0,False,1,0,0.4808686373153283,0,0,restarted_se3,1,45.52765563130379,2.6942919939756393,0,659,cache_read_only_not_online_fps,75af0ef3fc918763f0b62d63899bd6f7a427eaf26ec2562352624519f5cf2837,cached_perception_v2,1,1,1,0.44939705287609333,,1,2467.0379469171166,0,22.775105200707912,2467.0379469171166,2538.034999743104,47.610657632359384,47.61635853497436,47.610657632359384,47.595827017478356,0.44939705287609333,31.894309887227635
sugar_box_yalehand0_drop60,659,0.5087082244184244,0.4936236422099145,8.367711628378279,7.5549478811864255,0.40732388400906683,0.36776012978441147,0.8,0.8,-0.015084582208509945,-0.8127637471918536,MODE_3_RELOCALIZE,no_rollout,four_mode_relocalization_v2,,0,0,0,False,1,0,0.4936236422099145,0,0,restarted_se3,1,48.2580428943038,2.0910948514938354,0,660,cache_read_only_not_online_fps,75af0ef3fc918763f0b62d63899bd6f7a427eaf26ec2562352624519f5cf2837,cached_perception_v2,1,1,1,0.40732788692797994,,1,2453.4457344561815,0,21.80984616279602,2453.4457344561815,2525.604718364775,47.54600115980896,47.500640191768554,47.54600115980896,47.53120468418726,0.40732788692797994,32.02234193196552
sugar_box_yalehand0_drop60,660,0.3803756159181841,0.37156618948208586,5.977649706152786,4.678989433439678,0.2909803305479946,0.22776408101857626,0.16666666666666666,0.05,-0.008809426436098222,-1.2986602727131071,MODE_4_TRUSTED_FUSION,no_rollout,four_mode_relocalization_v2,0.5608178405083136,0,0,0,False,0,0,0.37156618948208586,0,0,restarted_se3,0,45.902165584266186,4.261001944541931,0,661,cache_read_only_not_online_fps,75af0ef3fc918763f0b62d63899bd6f7a427eaf26ec2562352624519f5cf2837,cached_perception_v2,0,0,0,,,0,0.0,0,10.846617631614208,2.060740254819393,63.07052541524172,47.5646176003434,47.55354431143262,47.5646176003434,47.54972377609963,0.2953677614068531,32.28007511549147
sugar_box_yalehand0_drop60,661,0.5819183023552097,0.2859656217600637,8.437252496108533,5.6217193308860445,0.4107089978369841,0.2736543339877437,0.8,0.11650485436893204,-0.295952680595146,-2.8155331652224884,MODE_2_PRIOR,no_rollout,four_mode_relocalization_v2,1.0,0,0,0,False,0,0,0.2859656217600637,0,0,restarted_se3,0,43.79278980195522,2.387702465057373,0,662,cache_read_only_not_online_fps,75af0ef3fc918763f0b62d63899bd6f7a427eaf26ec2562352624519f5cf2837,cached_perception_v2,0,0,0,,,0,0.0,0,22.861420176923275,1.3055196031928062,70.34743204712868,47.566303854716246,47.50736281402016,47.566303854716246,47.55156135848934,0.2859656217600637,32.427819029105706
sugar_box_yalehand0_drop60,662,0.675283295226016,0.31468785314998904,7.301502226973461,3.7062211586457505,0.3554228895873265,0.18041161841863668,0.8,0.041666666666666664,-0.360595442076027,-3.59528106832771,MODE_2_PRIOR,no_rollout,four_mode_relocalization_v2,1.0,0,0,0,False,0,0,0.31468785314998904,0,0,restarted_se3,0,43.882694095373154,2.5552725419402122,0,663,cache_read_only_not_online_fps,75af0ef3fc918763f0b62d63899bd6f7a427eaf26ec2562352624519f5cf2837,cached_perception_v2,0,0,0,,,0,0.0,0,20.8376906812191,1.3147704303264618,68.59042774885893,47.59217587200247,47.57288515273629,47.59217587200247,47.57738896691677,0.31468785314998904,32.706766278756284
sugar_box_yalehand0_drop60,663,0.8965840360921147,0.3791700293513994,9.74328343328678,4.091129233164652,0.474284036938869,0.19914819286842753,0.8,0.04838709677419355,-0.5174140067407154,-5.652154200122129,MODE_2_PRIOR,no_rollout,four_mode_relocalization_v2,1.0,0,0,0,False,0,0,0.3791700293513994,0,0,restarted_se3,0,42.68441814929247,2.494347281754017,0,664,cache_read_only_not_online_fps,75af0ef3fc918763f0b62d63899bd6f7a427eaf26ec2562352624519f5cf2837,cached_perception_v2,0,0,0,,,0,0.0,0,16.540526412427425,1.3177674263715744,63.037059269845486,47.63214585367846,47.60897008882808,47.63214585367846,47.61741804704798,0.3791700293513994,32.88898196000104
sugar_box_yalehand0_drop60,664,0.8935732973698527,0.4804633534602626,7.871242701739573,6.861381124919812,0.38315674483538065,0.33399865262929607,0.8,0.5901639344262295,-0.4131099439095901,-1.0098615768197607,MODE_2_PRIOR,no_rollout,four_mode_relocalization_v2,1.0,0,0,0,False,0,0,0.4804633534602626,0,0,restarted_se3,0,44.700756669044495,2.3745791986584663,0,665,cache_read_only_not_online_fps,75af0ef3fc918763f0b62d63899bd6f7a427eaf26ec2562352624519f5cf2837,cached_perception_v2,0,0,0,,,0,0.0,0,20.356815308332443,1.28115713596344,68.71330831199884,47.582687390439496,47.592409457487946,47.582687390439496,47.567946319496954,0.4804633534602626,33.07726878103822
sugar_box_yalehand0_drop60,665,0.9146362324863748,0.5760905103050205,7.188120559649138,8.9643746991324,0.3499036911300874,0.43636827872746453,0.8,0.8,-0.33854572218135437,1.7762541394832612,MODE_3_RELOCALIZE,no_rollout,four_mode_relocalization_v2,,0,0,0,False,1,0,0.5760905103050205,0,0,restarted_se3,1,46.375430189073086,2.525167539715767,0,666,cache_read_only_not_online_fps,75af0ef3fc918763f0b62d63899bd6f7a427eaf26ec2562352624519f5cf2837,cached_perception_v2,1,1,1,0.5317594639602017,,1,2461.780088953674,0,20.965078845620155,2461.780088953674,2531.645765528083,47.60384387070026,47.63276884709809,47.60384387070026,47.58913770088481,0.5317594639602017,33.34318728466253
sugar_box_yalehand0_drop60,666,0.8056252641760261,1.1967415643833976,9.206701367224223,12.589253949616365,0.4481642683635543,0.6128203316834482,0.8,0.9985082048731975,0.39111630020737154,3.382552582392142,MODE_3_RELOCALIZE,no_rollout,four_mode_relocalization_v2,,0,0,0,False,1,0,0.8056252641760261,0,0,restarted_se3,1,49.227453768253326,2.599610947072506,0,667,cache_read_only_not_online_fps,75af0ef3fc918763f0b62d63899bd6f7a427eaf26ec2562352624519f5cf2837,cached_perception_v2,1,1,1,0.5624527415277956,,1,2469.6629969403148,0,10.066942311823368,2469.6629969403148,2531.557003967464,47.62427844840005,47.61011055924449,47.62427844840005,47.60947973631364,0.5624527415277956,33.59290723353692
sugar_box_yalehand0_drop60,667,0.6131318053123164,0.6444129329509481,7.130010994972395,7.5483107044139555,0.3470750308423769,0.3674370449624335,0.7073928637988619,0.8,0.03128112763863178,0.4182997094415608,MODE_3_RELOCALIZE,no_rollout,four_mode_relocalization_v2,,0,0,0,False,1,0,0.6131318053123164,0,0,restarted_se3,1,46.39504477381706,3.384324721992016,0,668,cache_read_only_not_online_fps,75af0ef3fc918763f0b62d63899bd6f7a427eaf26ec2562352624519f5cf2837,cached_perception_v2,1,1,1,0.42083486797379877,,1,2462.4984320253134,0,22.77495712041855,2462.4984320253134,2535.052758641541,47.56872947056186,47.56905623440524,47.56872947056186,47.55400376624845,0.42083486797379877,33.81647763360496
sugar_box_yalehand0_drop60,668,0.9241516414286819,0.29309390431702037,10.715169849444685,4.974970529883307,0.521593572380139,0.24217186359413884,0.9985082048731975,0.05,-0.6310577371116615,-5.740199319561378,MODE_2_PRIOR,no_rollout,four_mode_relocalization_v2,1.0,0,0,0,False,0,0,0.29309390431702037,0,0,restarted_se3,0,48.25980216264725,2.334931865334511,0,669,cache_read_only_not_online_fps,75af0ef3fc918763f0b62d63899bd6f7a427eaf26ec2562352624519f5cf2837,cached_perception_v2,0,0,0,,,0,0.0,0,21.78526110947132,0.6986195221543312,73.07861465960741,47.563189062825366,47.54308239033054,47.563189062825366,47.548442875995065,0.29309390431702037,34.042522235651454
sugar_box_yalehand0_drop60,669,0.8228437281009535,0.2535506577564383,10.930014247795066,6.473612982551526,0.5320517787190002,0.315122855654079,0.9985082048731975,0.4393939393939394,-0.5692930703445152,-4.4564012652435405,MODE_2_PRIOR,no_rollout,four_mode_relocalization_v2,1.0,0,0,0,False,0,0,0.2535506577564383,0,0,restarted_se3,0,50.56001152843237,2.0580273121595383,0,670,cache_read_only_not_online_fps,75af0ef3fc918763f0b62d63899bd6f7a427eaf26ec2562352624519f5cf2837,cached_perception_v2,0,0,0,,,0,0.0,0,21.259336732327938,0.7548453286290169,74.63222090154886,47.49481106357911,47.448296186767934,47.49481106357911,47.48008872585421,0.2535506577564383,34.23417325024214
sugar_box_yalehand0_drop60,670,0.8267129478508377,0.4295319396778101,12.190625125750303,6.365290704167721,0.5934158579125757,0.30984993838403757,0.9985082048731975,0.4393939393939394,-0.3971810081730276,-5.825334421582582,MODE_2_PRIOR,no_rollout,four_mode_relocalization_v2,1.0,0,0,0,False,0,0,0.4295319396778101,0,0,restarted_se3,0,44.71722710877657,2.445623278617859,0,671,cache_read_only_not_online_fps,75af0ef3fc918763f0b62d63899bd6f7a427eaf26ec2562352624519f5cf2837,cached_perception_v2,0,0,0,,,0,0.0,0,21.30618318915367,0.6913831457495689,69.16041672229767,47.71871933634368,47.71679168779153,47.71871933634368,47.70392677451659,0.4295319396778101,34.69973205697629
sugar_box_yalehand0_drop60,671,0.8456364856135881,0.6588053737267151,8.388437262623384,2.372240040512852,0.40833276746659863,0.11547601901414842,0.8,0.041666666666666664,-0.18683111188687296,-6.016197222110533,MODE_2_PRIOR,no_rollout,four_mode_relocalization_v2,1.0,0,0,0,False,0,0,0.6588053737267151,0,0,restarted_se3,0,45.59384100139141,2.419102005660534,0,672,cache_read_only_not_online_fps,75af0ef3fc918763f0b62d63899bd6f7a427eaf26ec2562352624519f5cf2837,cached_perception_v2,0,0,0,,,0,0.0,0,23.177620023489,0.6854208186268806,71.87598384916782,47.845569657138334,47.79924323903153,47.845569657138334,47.830758026594076,0.6588053737267151,35.03260360402749
sugar_box_yalehand0_drop60,672,1.09793164288696,0.9770799877482574,9.54346597928321,9.193621225610853,0.46455731294643243,0.44752755257769017,0.8,0.8,-0.12085165513870266,-0.34984475367235746,MODE_3_RELOCALIZE,no_rollout,four_mode_relocalization_v2,,0,0,0,False,1,0,0.9770799877482574,0,0,restarted_se3,1,45.94401828944683,2.402115613222122,0,673,cache_read_only_not_online_fps,75af0ef3fc918763f0b62d63899bd6f7a427eaf26ec2562352624519f5cf2837,cached_perception_v2,1,1,1,0.5481835070012846,,1,2472.5764021277428,0,23.673268035054207,2472.5764021277428,2544.595804065466,47.94466665677508,47.92743013278704,47.94466665677508,47.9298727943206,0.5481835070012846,35.520105945243216
sugar_box_yalehand0_drop60,673,0.6683061672420602,1.6053220836198014,10.847133046724228,19.542687845496964,0.5280172834793437,0.9512999336889612,0.9985082048731975,0.9985082048731975,0.9370159163777413,8.695554798772736,MODE_3_RELOCALIZE,no_rollout,four_mode_relocalization_v2,,0,0,0,False,1,0,0.6683061672420602,0,0,restarted_se3,1,48.20554796606302,1.8216706812381744,0,674,cache_read_only_not_online_fps,75af0ef3fc918763f0b62d63899bd6f7a427eaf26ec2562352624519f5cf2837,cached_perception_v2,1,1,1,0.6549212078809306,,1,2464.8321326822042,0,21.918445825576782,2464.8321326822042,2536.777797155082,47.94830117885804,47.97370881592188,47.94830117885804,47.93347527445088,0.6549212078809306,35.82789193761286
sugar_box_yalehand0_drop60,674,0.7763882167012188,0.7879287931761996,9.038092914643178,9.503888294932763,0.439956737698999,0.4626307484535743,0.8,0.8,0.011540576474980746,0.46579538028958467,MODE_3_RELOCALIZE,no_rollout,four_mode_relocalization_v2,,0,0,0,False,1,0,0.7763882167012188,0,0,restarted_se3,1,48.630379140377045,2.002039924263954,0,675,cache_read_only_not_online_fps,75af0ef3fc918763f0b62d63899bd6f7a427eaf26ec2562352624519f5cf2837,cached_perception_v2,1,1,1,0.5624051213280057,,1,2458.6711851879954,0,22.508027032017708,2458.6711851879954,2531.811631284654,48.01969776541515,47.97584911633043,48.01969776541515,48.004781377235524,0.5624051213280057,36.08051070921291
sugar_box_yalehand0_drop60,675,0.6082339829695408,0.46165027363239486,10.591576343344867,7.00807192672797,0.5155772815256425,0.34113927479632494,0.9985082048731975,0.5901639344262295,-0.14658370933714593,-3.583504416616897,MODE_2_PRIOR,no_rollout,four_mode_relocalization_v2,1.0,0,0,0,False,0,0,0.46165027363239486,0,0,restarted_se3,0,47.78103344142437,2.2533200681209564,0,676,cache_read_only_not_online_fps,75af0ef3fc918763f0b62d63899bd6f7a427eaf26ec2562352624519f5cf2837,cached_perception_v2,0,0,0,,,0,0.0,0,23.729341104626656,0.7962649688124657,74.55995958298445,47.94670844431136,47.947076411941744,47.94670844431136,47.93175505676175,0.46165027363239486,36.363770813016664
sugar_box_yalehand0_drop60,676,0.9885543728936149,0.46279885240546614,14.892782524052798,4.742094253186285,0.7249516105247533,0.2308359005817298,0.9985082048731975,0.05,-0.5257555204881488,-10.150688270866514,MODE_2_PRIOR,no_rollout,four_mode_relocalization_v2,1.0,0,0,0,False,0,0,0.46279885240546614,0,0,restarted_se3,0,44.05120573937893,1.9580349326133728,0,677,cache_read_only_not_online_fps,75af0ef3fc918763f0b62d63899bd6f7a427eaf26ec2562352624519f5cf2837,cached_perception_v2,0,0,0,,,0,0.0,0,21.013300865888596,1.4152582734823227,68.43779981136322,48.07241139901321,48.05037412673494,48.07241139901321,48.05749222669629,0.46279885240546614,36.633631067132285
sugar_box_yalehand0_drop60,677,0.723545498069161,0.42880820111674095,10.956505430326406,3.5808748084340323,0.5333413178235822,0.17431000253103313,0.9985082048731975,0.041666666666666664,-0.29473729695242007,-7.375630621892373,MODE_2_PRIOR,no_rollout,four_mode_relocalization_v2,1.0,0,0,0,False,0,0,0.42880820111674095,0,0,restarted_se3,0,45.910089276731014,3.157283179461956,0,678,cache_read_only_not_online_fps,75af0ef3fc918763f0b62d63899bd6f7a427eaf26ec2562352624519f5cf2837,cached_perception_v2,0,0,0,,,0,0.0,0,21.550980396568775,0.7283389568328857,71.34669180959463,48.04817973716641,48.004872697148656,48.04817973716641,48.03325856390913,0.42880820111674095,36.840743890821216
sugar_box_yalehand0_drop60,678,0.9888463026303276,0.48246504590796996,11.704430245367767,4.357900844214012,0.569748839274994,0.21213411465706367,0.9985082048731975,0.05,-0.5063812567223576,-7.346529401153755,MODE_2_PRIOR,no_rollout,four_mode_relocalization_v2,1.0,0,0,0,False,0,0,0.48246504590796996,0,0,restarted_se3,0,45.03512941300869,4.028085619211197,0,679,cache_read_only_not_online_fps,75af0ef3fc918763f0b62d63899bd6f7a427eaf26ec2562352624519f5cf2837,cached_perception_v2,0,0,0,,,0,0.0,0,21.399730816483498,0.7216483354568481,71.18459418416023,48.00049169766912,48.004369821710085,48.00049169766912,47.98560062115194,0.48246504590796996,36.996158607623215
sugar_box_yalehand0_drop60,679,0.9006466704088752,0.5425284271584772,5.891868307413154,3.503808686419144,0.2868046593415612,0.17055857399970542,0.14634146341463414,0.041666666666666664,-0.3581182432503981,-2.38805962099401,MODE_4_TRUSTED_FUSION,no_rollout,four_mode_relocalization_v2,0.6268129536813072,0,0,0,False,0,0,0.5425284271584772,0,0,restarted_se3,0,46.911684796214104,2.217673696577549,0,680,cache_read_only_not_online_fps,75af0ef3fc918763f0b62d63899bd6f7a427eaf26ec2562352624519f5cf2837,cached_perception_v2,0,0,0,,,0,0.0,0,23.71811307966709,0.8263541385531425,73.67382571101189,48.049305579583304,48.02257546844415,48.049305579583304,48.03444586896492,0.6155508727008757,37.186547549701686
sugar_box_yalehand0_drop60,680,1.2323126624145613,0.8094080984431234,8.383189768212437,5.035577050839354,0.4080773296719293,0.24512207084415594,0.8,0.05,-0.42290456397143783,-3.3476127173730834,MODE_2_PRIOR,no_rollout,four_mode_relocalization_v2,1.0,0,0,0,False,0,0,0.8094080984431234,0,0,restarted_se3,0,44.245630502700806,2.281087450683117,0,681,cache_read_only_not_online_fps,75af0ef3fc918763f0b62d63899bd6f7a427eaf26ec2562352624519f5cf2837,cached_perception_v2,0,0,0,,,0,0.0,0,18.867559731006622,0.7039476186037064,66.09822530299425,48.056000895459974,48.049549226524725,48.056000895459974,48.041178424539524,0.8094080984431234,37.37263521135763
sugar_box_yalehand0_drop60,681,1.509828896070866,0.9994787021820906,16.624116354471983,10.129571445844263,0.8092295650769842,0.49308778408133014,0.9985082048731975,0.8,-0.5103501938887753,-6.49454490862772,MODE_3_RELOCALIZE,no_rollout,four_mode_relocalization_v2,,0,0,0,False,1,0,0.9994787021820906,0,0,restarted_se3,1,44.5930203422904,2.0427098497748375,0,682,cache_read_only_not_online_fps,75af0ef3fc918763f0b62d63899bd6f7a427eaf26ec2562352624519f5cf2837,cached_perception_v2,1,1,1,0.5138296207369223,,1,2459.0773908421397,0,20.662534050643444,2459.0773908421397,2526.3756550848484,48.05650831455028,48.06755512381701,48.05650831455028,48.041700502976695,0.5138296207369223,37.623360432588946
sugar_box_yalehand0_drop60,682,0.9146511098521805,0.9708807734361992,8.098965481389314,8.910983076784756,0.39424184566147713,0.43376927867177045,0.8,0.8,0.05622966358401871,0.8120175953954423,MODE_3_RELOCALIZE,no_rollout,four_mode_relocalization_v2,,0,0,0,False,1,0,0.9146511098521805,0,0,restarted_se3,1,46.00201826542616,3.894498571753502,0,683,cache_read_only_not_online_fps,75af0ef3fc918763f0b62d63899bd6f7a427eaf26ec2562352624519f5cf2837,cached_perception_v2,1,1,1,0.7511636832233086,,1,2460.8827866613865,0,23.986415937542915,2460.8827866613865,2534.765719436109,47.94665115472757,47.94812191313408,47.94665115472757,47.93182786860282,0.7511636832233086,37.71286743314727
sugar_box_yalehand0_drop60,683,0.7621607592541834,0.9530234226364138,14.122374582964213,12.82055831396402,0.6874496543422064,0.6240797770681111,0.9985082048731975,0.9985082048731975,0.19086266338223046,-1.3018162690001933,MODE_3_RELOCALIZE,no_rollout,four_mode_relocalization_v2,,0,0,0,False,1,0,0.7621607592541834,0,0,restarted_se3,1,48.58607240021229,2.4339333176612854,0,684,cache_read_only_not_online_fps,75af0ef3fc918763f0b62d63899bd6f7a427eaf26ec2562352624519f5cf2837,cached_perception_v2,1,1,1,0.4686797795168325,,1,2460.9572188928723,0,23.189677856862545,2460.9572188928723,2535.1669024676085,48.05082284321962,48.017259553067504,48.05082284321962,48.035973582906024,0.4686797795168325,37.94532836969249
sugar_box_yalehand0_drop60,684,0.5295946267898631,0.2992396123930391,5.086492502523318,2.777807324325273,0.24760053574077756,0.13521824348436468,0.08333333333333333,0.041666666666666664,-0.23035501439682404,-2.308685178198045,MODE_4_TRUSTED_FUSION,no_rollout,four_mode_relocalization_v2,0.6464102855612001,0,0,0,False,0,0,0.2992396123930391,0,0,restarted_se3,0,48.3468733727932,4.361641593277454,0,685,cache_read_only_not_online_fps,75af0ef3fc918763f0b62d63899bd6f7a427eaf26ec2562352624519f5cf2837,cached_perception_v2,0,0,0,,,0,0.0,0,22.17814512550831,0.9353673085570335,75.822027400136,48.04513566831832,48.02001465616729,48.04513566831832,48.030337882094805,0.30168857448868225,38.159768624039486
sugar_box_yalehand0_drop60,685,0.7986575560157536,0.5444008222696287,8.479913898827617,4.959417415895864,0.4127856717263997,0.2414147683357033,0.8,0.05,-0.2542567337461249,-3.520496482931753,MODE_2_PRIOR,no_rollout,four_mode_relocalization_v2,1.0,0,0,0,False,0,0,0.5444008222696287,0,0,restarted_se3,0,43.83458290249109,4.952423274517059,0,686,cache_read_only_not_online_fps,75af0ef3fc918763f0b62d63899bd6f7a427eaf26ec2562352624519f5cf2837,cached_perception_v2,0,0,0,,,0,0.0,0,20.616990514099598,0.7430631667375565,70.1470598578453,47.72224673387552,47.717930711139196,47.72224673387552,47.70739671948726,0.5444008222696287,38.06204184755783
sugar_box_yalehand0_drop60,686,0.9337242772539744,0.7794042654217873,6.5851873514244765,4.982371981780006,0.3205540783471582,0.24253215183873436,0.4393939393939394,0.05,-0.15432001183218713,-1.6028153696444702,MODE_4_TRUSTED_FUSION,no_rollout,four_mode_relocalization_v2,0.5691610426128113,0,0,0,False,0,0,0.7794042654217873,0,0,restarted_se3,0,44.86955516040325,2.2906921803951263,0,687,cache_read_only_not_online_fps,75af0ef3fc918763f0b62d63899bd6f7a427eaf26ec2562352624519f5cf2837,cached_perception_v2,0,0,0,,,0,0.0,0,20.709036849439144,1.2559471651911736,69.1252313554287,47.75053134726391,47.71751424588289,47.75053134726391,47.73572484713554,0.7802317011474118,38.11561882524532
sugar_box_yalehand0_drop60,687,1.140567928922163,1.1430180740724158,12.44545053786207,11.94599906130111,0.6058202620334778,0.5815079381459132,0.9985082048731975,0.9985082048731975,0.0024501451502527694,-0.4994514765609601,MODE_3_RELOCALIZE,no_rollout,four_mode_relocalization_v2,,0,0,0,False,1,1,1.140567928922163,0,0,restarted_se3,1,45.36531865596771,2.722540870308876,0,688,cache_read_only_not_online_fps,75af0ef3fc918763f0b62d63899bd6f7a427eaf26ec2562352624519f5cf2837,cached_perception_v2,1,1,1,0.3880628419272621,,1,2465.0302538648248,0,20.750162191689014,2465.0302538648248,2533.8682755827904,47.348957617983764,47.33820882995953,47.348957617983764,47.33424054157755,0.3880628419272621,37.77808381192995
sugar_box_yalehand0_drop60,688,0.9563594316556966,1.041031681158873,9.169032145782552,12.006115439127962,0.4463306041233595,0.5844342861842401,0.8,0.9985082048731975,0.08467224950317631,2.83708329334541,MODE_3_RELOCALIZE,no_rollout,four_mode_relocalization_v2,,0,0,0,False,1,0,0.9563594316556966,0,0,restarted_se3,1,44.41836476325989,2.5974642485380173,0,689,cache_read_only_not_online_fps,75af0ef3fc918763f0b62d63899bd6f7a427eaf26ec2562352624519f5cf2837,cached_perception_v2,1,1,1,0.4395048324381089,,1,2462.351125665009,0,22.606666199862957,2462.351125665009,2531.97362087667,47.26269109800209,47.28059168068721,47.26269109800209,47.24799703012953,0.4395048324381089,37.83330132424082
sugar_box_yalehand0_drop60,689,0.6802649101368043,0.5368648456244028,8.345152941420025,8.02310501679627,0.4062257711201358,0.39054910618226546,0.8,0.8,-0.1434000645124015,-0.32204792462375487,MODE_3_RELOCALIZE,no_rollout,four_mode_relocalization_v2,,0,0,0,False,1,0,0.5368648456244028,0,0,restarted_se3,1,48.365192487835884,2.119961194694042,0,690,cache_read_only_not_online_fps,75af0ef3fc918763f0b62d63899bd6f7a427eaf26ec2562352624519f5cf2837,cached_perception_v2,1,1,1,0.4677898414061763,,1,2462.8311190754175,0,21.84274047613144,2462.8311190754175,2535.159013234079,47.226861173217515,47.14408542455947,47.226861173217515,47.212156283048294,0.4677898414061763,37.72500402073832
sugar_box_yalehand0_drop60,690,0.6719593476836929,0.440480883244229,8.478185941061609,7.102932931383951,0.4127015581120793,0.345756923512425,0.8,0.6923076923076923,-0.2314784644394639,-1.3752530096776576,MODE_3_RELOCALIZE,no_rollout,four_mode_relocalization_v2,,0,0,0,False,1,0,0.440480883244229,0,0,restarted_se3,1,45.647911727428436,2.2973809391260147,0,691,cache_read_only_not_online_fps,75af0ef3fc918763f0b62d63899bd6f7a427eaf26ec2562352624519f5cf2837,cached_perception_v2,1,1,1,0.45267575888725753,,1,2467.241576872766,0,21.14489208906889,2467.241576872766,2536.3317616283894,47.17200202222022,47.17584333010859,47.17200202222022,47.1572275089697,0.45267575888725753,37.886740079577365
sugar_box_yalehand0_drop60,691,0.7239982444285635,0.4649215487344995,6.3475176382544385,5.264668770279053,0.30898478019502973,0.2562738089896277,0.4393939393939394,0.11650485436893204,-0.25907669569406405,-1.0828488679753852,MODE_4_TRUSTED_FUSION,no_rollout,four_mode_relocalization_v2,0.5465453711772102,0,0,0,False,0,0,0.4649215487344995,0,0,restarted_se3,0,48.09795878827572,2.029252238571644,0,692,cache_read_only_not_online_fps,75af0ef3fc918763f0b62d63899bd6f7a427eaf26ec2562352624519f5cf2837,cached_perception_v2,0,0,0,,,0,0.0,0,20.81739902496338,0.8420087397098541,71.7866187915206,47.15572336845951,47.18349872117586,47.15572336845951,47.14102153337541,0.5590462477277561,38.06290115245029
sugar_box_yalehand0_drop60,692,0.6248000609835528,0.7535694641291819,8.550816839968519,9.555457876513458,0.41623708863173775,0.4651410551179356,0.8,0.8,0.12876940314562912,1.004641036544939,MODE_3_RELOCALIZE,no_rollout,four_mode_relocalization_v2,,0,0,0,False,1,0,0.6248000609835528,0,0,restarted_se3,1,46.031915582716465,2.407561056315899,0,693,cache_read_only_not_online_fps,75af0ef3fc918763f0b62d63899bd6f7a427eaf26ec2562352624519f5cf2837,cached_perception_v2,1,1,1,0.46335570496645406,,1,2451.2171782553196,0,20.350352860987186,2451.2171782553196,2520.007007755339,47.081037333301246,47.04574650541009,47.081037333301246,47.06633380623573,0.46335570496645406,38.08087053954661
sugar_box_yalehand0_drop60,693,0.8476068494177051,0.5026289393259251,11.364599232048496,8.171153460601532,0.5532065282586224,0.3977558157141456,0.9985082048731975,0.8,-0.34497791009178,-3.1934457714469637,MODE_3_RELOCALIZE,no_rollout,four_mode_relocalization_v2,,0,0,0,False,1,0,0.5026289393259251,0,0,restarted_se3,1,48.151352442801,2.3469440639019012,0,694,cache_read_only_not_online_fps,75af0ef3fc918763f0b62d63899bd6f7a427eaf26ec2562352624519f5cf2837,cached_perception_v2,1,1,1,0.4958250350078723,,1,2452.2234247997403,0,21.396874450147152,2452.2234247997403,2524.1185957565904,47.02976660270136,46.9884460598721,47.02976660270136,47.015074512116676,0.4958250350078723,38.14230388447204
sugar_box_yalehand0_drop60,694,0.5248081419488363,0.6252626841871547,7.199455443846603,11.231827667276447,0.3504554511884105,0.5467434674062979,0.8,0.9985082048731975,0.1004545422383184,4.032372223429843,MODE_3_RELOCALIZE,no_rollout,four_mode_relocalization_v2,,0,0,0,False,1,0,0.5248081419488363,0,0,restarted_se3,1,46.8634394928813,2.0855916664004326,0,695,cache_read_only_not_online_fps,75af0ef3fc918763f0b62d63899bd6f7a427eaf26ec2562352624519f5cf2837,cached_perception_v2,1,1,1,0.4349195808366867,,1,2460.1801792159677,0,21.840833127498627,2460.1801792159677,2530.970043502748,46.819806162787984,46.81318706530875,46.819806162787984,46.80518132722062,0.4349195808366867,38.08947940264432
sugar_box_yalehand0_drop60,695,0.7867513426493815,0.5520189185358235,9.962066688378993,7.2898808536159025,0.48493397914267045,0.354857183795379,0.8,0.8,-0.234732424113558,-2.6721858347630905,MODE_3_RELOCALIZE,no_rollout,four_mode_relocalization_v2,,0,0,0,False,1,0,0.5520189185358235,0,0,restarted_se3,1,48.24255686253309,2.172378823161125,0,696,cache_read_only_not_online_fps,75af0ef3fc918763f0b62d63899bd6f7a427eaf26ec2562352624519f5cf2837,cached_perception_v2,1,1,1,0.43123672380872924,,1,2481.276262551546,0,26.98436938226223,2481.276262551546,2558.6755676195025,46.46076396103501,46.48280925107495,46.46076396103501,46.44612986884656,0.43123672380872924,37.79216860850368
sugar_box_yalehand0_drop60,696,0.5626366396837253,0.4876638589814074,8.474187792954975,7.858413030298671,0.4125069360591258,0.3825322214490649,0.8,0.8,-0.07497278070231794,-0.6157747626563044,MODE_3_RELOCALIZE,no_rollout,four_mode_relocalization_v2,,0,0,0,False,1,0,0.4876638589814074,0,0,restarted_se3,1,48.13550692051649,2.0402856171131134,0,697,cache_read_only_not_online_fps,75af0ef3fc918763f0b62d63899bd6f7a427eaf26ec2562352624519f5cf2837,cached_perception_v2,1,1,1,0.4700828099139731,,1,2465.390489436686,0,21.144911646842957,2465.390489436686,2536.7111936211586,46.04801234853846,46.0393842441306,46.04801234853846,46.03346955321399,0.4700828099139731,37.30004595295732
sugar_box_yalehand0_drop60,697,0.6501012187347837,0.43659959562422884,4.516576310348451,3.1285372915200376,0.21985812691193565,0.15229109432110313,0.05,0.041666666666666664,-0.21350162311055482,-1.388039018828413,MODE_4_TRUSTED_FUSION,no_rollout,four_mode_relocalization_v2,0.5905426253884911,0,0,0,False,0,0,0.43659959562422884,0,0,restarted_se3,0,46.54628597199917,2.464255318045616,0,698,cache_read_only_not_online_fps,75af0ef3fc918763f0b62d63899bd6f7a427eaf26ec2562352624519f5cf2837,cached_perception_v2,0,0,0,,,0,0.0,0,20.491648465394974,1.4110952615737915,70.91328501701355,45.8999431422331,45.85044654980873,45.8999431422331,45.8854392795481,0.4089035543300066,37.08561405641555
sugar_box_yalehand0_drop60,698,0.6968611759685989,0.3669657371922636,4.28052793359264,2.6352639616681572,0.2083677522546476,0.1282795105671953,0.04838709677419355,0.041666666666666664,-0.32989543877633526,-1.6452639719244826,MODE_4_TRUSTED_FUSION,no_rollout,four_mode_relocalization_v2,0.6186067861298351,0,0,0,False,0,0,0.3669657371922636,0,0,restarted_se3,0,34.29013583809137,4.631461575627327,0,699,cache_read_only_not_online_fps,75af0ef3fc918763f0b62d63899bd6f7a427eaf26ec2562352624519f5cf2837,cached_perception_v2,0,0,0,,,0,0.0,0,21.563504822552204,1.4894427731633186,61.97454500943422,45.76063789750619,45.739627145642345,45.76063789750619,45.74616398822613,0.45753397683072256,36.999867608706666
sugar_box_yalehand0_drop60,699,0.5892834721251006,0.7313847249375747,4.293899855555879,2.5800569016616746,0.2090186713389359,0.1255921385465942,0.04838709677419355,0.041666666666666664,0.1421012528124741,-1.7138429538942046,MODE_4_TRUSTED_FUSION,no_rollout,four_mode_relocalization_v2,0.624300384688366,0,0,0,False,0,0,0.5892834721251006,0,0,restarted_se3,0,45.0079832226038,2.431523986160755,0,700,cache_read_only_not_online_fps,75af0ef3fc918763f0b62d63899bd6f7a427eaf26ec2562352624519f5cf2837,cached_perception_v2,0,0,0,,,0,0.0,0,20.687737502157688,1.4743395149707794,69.60158422589302,45.715657696280395,45.69830477197827,45.715657696280395,45.701230238807526,0.6021981453057629,36.977349133538965
sugar_box_yalehand0_drop60,700,0.8884482871004351,0.7211138388540053,7.426011125567167,5.287978781584412,0.36148373996329825,0.25740849488260154,0.8,0.11650485436893204,-0.16733444824642985,-2.138032343982755,MODE_2_PRIOR,no_rollout,four_mode_relocalization_v2,1.0,0,0,0,False,0,0,0.7211138388540053,0,0,restarted_se3,0,43.21763105690479,2.2999439388513565,0,701,cache_read_only_not_online_fps,75af0ef3fc918763f0b62d63899bd6f7a427eaf26ec2562352624519f5cf2837,cached_perception_v2,0,0,0,,,0,0.0,0,20.39354108273983,1.4375951141119003,67.34871119260788,45.793982685376086,45.782697061752394,45.793982685376086,45.779496173331054,0.7211138388540053,37.14372013760902
sugar_box_yalehand0_drop60,701,0.7130814891801933,0.8920986357122512,7.69909421767401,5.087823187336539,0.3747768923416532,0.24766531088248714,0.8,0.08333333333333333,0.1790171465320579,-2.6112710303374707,MODE_2_PRIOR,no_rollout,four_mode_relocalization_v2,1.0,0,0,0,False,0,0,0.7130814891801933,0,0,restarted_se3,0,46.55914008617401,2.507120370864868,0,702,cache_read_only_not_online_fps,75af0ef3fc918763f0b62d63899bd6f7a427eaf26ec2562352624519f5cf2837,cached_perception_v2,0,0,0,,,0,0.0,0,20.807722583413124,0.7210811600089073,70.59506420046091,45.76245520221599,45.75857403069562,45.76245520221599,45.748008409572954,0.8920986357122512,37.292004487662815
sugar_box_yalehand0_drop60,702,0.5736380154259848,1.0659505470042074,3.512945252342403,5.843084399181032,0.17100332421142944,0.28442995382340497,0.041666666666666664,0.14634146341463414,0.49231253157822263,2.330139146838629,MODE_4_TRUSTED_FUSION,no_rollout,four_mode_relocalization_v2,0.37573955963012423,0,0,0,False,0,0,0.5736380154259848,0,0,restarted_se3,0,43.09217259287834,2.7700150385499,0,703,cache_read_only_not_online_fps,75af0ef3fc918763f0b62d63899bd6f7a427eaf26ec2562352624519f5cf2837,cached_perception_v2,0,0,0,,,0,0.0,0,20.266151055693626,1.0379021987318993,67.16624088585377,45.754616291608464,45.73449046386931,45.754616291608464,45.74014350095327,0.7094654467093169,37.432555706792336
sugar_box_yalehand0_drop60,703,0.5304223744685574,0.7071661800981899,6.530077996760646,7.625852776761665,0.31787146243210007,0.37121164182780164,0.4393939393939394,0.8,0.17674380562963243,1.095774780001019,MODE_1_ACCEPT,no_rollout,four_mode_relocalization_v2,0.0,0,0,0,False,0,0,0.5304223744685574,0,0,restarted_se3,0,44.889007695019245,2.9472997412085533,0,704,cache_read_only_not_online_fps,75af0ef3fc918763f0b62d63899bd6f7a427eaf26ec2562352624519f5cf2837,cached_perception_v2,0,0,0,,,0,0.0,0,20.587134175002575,0.715477392077446,69.13891900330782,45.62041624043127,45.58878742704272,45.62041624043127,45.60602132715813,0.5304223744685574,37.357359694192645
sugar_box_yalehand0_drop60,704,0.7530405072612967,0.6743568842269396,6.2478425579590064,7.390993840677037,0.3041327916648371,0.3597791668228321,0.35,0.8,-0.07868362303435705,1.1431512827180308,MODE_1_ACCEPT,no_rollout,four_mode_relocalization_v2,0.0,0,0,0,False,0,0,0.6743568842269396,0,0,restarted_se3,0,44.305319897830486,3.9587020874023438,0,705,cache_read_only_not_online_fps,75af0ef3fc918763f0b62d63899bd6f7a427eaf26ec2562352624519f5cf2837,cached_perception_v2,0,0,0,,,0,0.0,0,19.809517078101635,0.7063979282975197,68.77993699163198,45.393844126479024,45.3836225266228,45.393844126479024,45.37952396594567,0.7530405072612967,37.16758935980112
sugar_box_yalehand0_drop60,705,0.6908874740931913,1.2316729475249195,10.674869905983268,18.085421598675016,0.5196318497222525,0.8803630546409589,0.9985082048731975,0.9985082048731975,0.5407854734317282,7.410551692691747,MODE_3_RELOCALIZE,no_rollout,four_mode_relocalization_v2,,0,0,0,False,1,0,0.6908874740931913,0,0,restarted_se3,1,43.182323686778545,2.3951418697834015,0,706,cache_read_only_not_online_fps,75af0ef3fc918763f0b62d63899bd6f7a427eaf26ec2562352624519f5cf2837,cached_perception_v2,1,1,1,0.3443751453837933,,1,2459.817743860185,0,20.95807995647192,2459.817743860185,2526.353289373219,45.06917108894107,45.071069578546044,45.06917108894107,45.05494606840181,0.3443751453837933,36.81989821764321
sugar_box_yalehand0_drop60,706,0.9915335789413374,0.8406057566160413,6.27227867492841,9.037998635958251,0.30532229418549295,0.4399521483964718,0.35,0.8,-0.1509278223252961,2.7657199610298413,MODE_1_ACCEPT,no_rollout,four_mode_relocalization_v2,0.0,0,0,0,False,0,0,0.8406057566160413,0,0,restarted_se3,0,47.564118169248104,2.315104939043522,0,707,cache_read_only_not_online_fps,75af0ef3fc918763f0b62d63899bd6f7a427eaf26ec2562352624519f5cf2837,cached_perception_v2,0,0,0,,,0,0.0,0,20.56715451180935,0.7918477058410645,71.23822532594204,44.712939267562604,44.71554983996543,44.712939267562604,44.698803107519936,0.9915335789413374,36.399662648651606
sugar_box_yalehand0_drop60,707,1.2702442256529811,1.7288025455322005,12.028838758919926,15.042548086376737,0.585540413078462,0.7322419060375316,0.9985082048731975,0.9985082048731975,0.45855831987921936,3.0137093274568105,MODE_3_RELOCALIZE,no_rollout,four_mode_relocalization_v2,,0,0,0,False,1,1,1.2702442256529811,0,0,restarted_se3,1,39.41458463668823,2.892334945499897,0,708,cache_read_only_not_online_fps,75af0ef3fc918763f0b62d63899bd6f7a427eaf26ec2562352624519f5cf2837,cached_perception_v2,1,1,1,0.3797936016330907,,1,2475.378094241023,0,21.20662573724985,2475.378094241023,2538.891639560461,44.560414662863906,44.54428078494862,44.560414662863906,44.54632255722787,0.3797936016330907,36.307984910097744
sugar_box_yalehand0_drop60,708,0.38638184541022086,1.15709407681598,3.847151888041124,10.553736474861168,0.1872718514934564,0.5137353105202245,0.041666666666666664,0.9985082048731975,0.7707122314057593,6.706584586820044,MODE_1_ACCEPT,no_rollout,four_mode_relocalization_v2,0.0,0,0,0,False,0,0,0.38638184541022086,0,0,restarted_se3,0,44.70064863562584,4.5720720663666725,0,709,cache_read_only_not_online_fps,75af0ef3fc918763f0b62d63899bd6f7a427eaf26ec2562352624519f5cf2837,cached_perception_v2,0,0,0,,,0,0.0,0,24.011239409446716,0.6650006398558617,73.94896075129509,44.54714330566043,44.50954936015117,44.54714330566043,44.533096746806905,0.38638184541022086,36.25680026489555
sugar_box_yalehand0_drop60,709,0.43731674596275644,0.6021282172549905,3.269870337155336,2.857981768616051,0.15917091136591657,0.13912097908247437,0.041666666666666664,0.041666666666666664,0.1648114712922341,-0.41188856853928524,MODE_4_TRUSTED_FUSION,no_rollout,four_mode_relocalization_v2,0.5334985749049346,0,0,0,False,0,0,0.43731674596275644,0,0,restarted_se3,0,45.228746719658375,2.7713170275092125,0,710,cache_read_only_not_online_fps,75af0ef3fc918763f0b62d63899bd6f7a427eaf26ec2562352624519f5cf2837,cached_perception_v2,0,0,0,,,0,0.0,0,21.798014640808105,0.9475871920585632,70.74566558003426,44.52849073328032,44.53353988303493,44.52849073328032,44.51434403126452,0.4195570783103966,36.436551260335506
sugar_box_yalehand0_drop60,710,0.7257793472835016,0.6178136845271435,1.6033932426786262,3.0066994372472604,0.07805005624080352,0.14636026517381134,0.041666666666666664,0.041666666666666664,-0.1079656627563581,1.4033061945686343,MODE_4_TRUSTED_FUSION,no_rollout,four_mode_relocalization_v2,0.3484580880364692,0,0,0,False,0,0,0.6178136845271435,0,0,restarted_se3,0,45.939058996737,2.720775082707405,0,711,cache_read_only_not_online_fps,75af0ef3fc918763f0b62d63899bd6f7a427eaf26ec2562352624519f5cf2837,cached_perception_v2,0,0,0,,,0,0.0,0,25.599132291972637,0.8174916729331017,75.07645804435015,44.43919000583798,44.43064921165729,44.43919000583798,44.42507120151329,0.6513213600780926,36.4900234223473
sugar_box_yalehand0_drop60,711,0.9529056691609272,0.8771430113772375,8.075262329960367,2.1840075314384144,0.39308802247395835,0.10631322754880351,0.8,0.041666666666666664,-0.07576265778368974,-5.8912547985219526,MODE_2_PRIOR,no_rollout,four_mode_relocalization_v2,1.0,0,0,0,False,0,0,0.8771430113772375,0,0,restarted_se3,0,43.3411980047822,2.549116499722004,0,712,cache_read_only_not_online_fps,75af0ef3fc918763f0b62d63899bd6f7a427eaf26ec2562352624519f5cf2837,cached_perception_v2,0,0,0,,,0,0.0,0,19.854707643389702,0.7241405546665192,66.46916270256042,44.55724856235099,44.51912505497802,44.55724856235099,44.54318493531856,0.8771430113772375,36.698897083483025
sugar_box_yalehand0_drop60,712,0.7988294359328234,1.1016749754879032,3.665391686317338,6.950249103133667,0.17842411932815083,0.33832457250532744,0.041666666666666664,0.5901639344262295,0.30284553955507976,3.284857416816329,MODE_4_TRUSTED_FUSION,no_rollout,four_mode_relocalization_v2,0.3455731308604167,0,0,0,False,0,0,0.7988294359328234,0,0,restarted_se3,0,44.407352805137634,2.2633587941527367,0,713,cache_read_only_not_online_fps,75af0ef3fc918763f0b62d63899bd6f7a427eaf26ec2562352624519f5cf2837,cached_perception_v2,0,0,0,,,0,0.0,0,22.893644869327545,0.8529443293809891,70.4173007979989,44.42907490063403,44.417720324632285,44.42907490063403,44.414934883101246,0.8755622572138747,36.78884707619521
sugar_box_yalehand0_drop60,713,0.6944397523269076,0.9183186707600574,1.3693635306978829,0.0,0.06665794624812271,0.0,0.041666666666666664,0.0034344590726960505,0.22387891843314978,-1.3693635306978829,MODE_4_TRUSTED_FUSION,no_rollout,four_mode_relocalization_v2,0.75,0,0,0,False,0,0,0.6944397523269076,0,0,restarted_se3,0,45.248149894177914,2.511695958673954,0,714,cache_read_only_not_online_fps,75af0ef3fc918763f0b62d63899bd6f7a427eaf26ec2562352624519f5cf2837,cached_perception_v2,0,0,0,,,0,0.0,0,22.801769897341728,0.8432632312178612,71.40487898141146,44.5296680757789,44.52547866208068,44.5296680757789,44.515571111908855,0.8532756890622134,36.99965436390947
sugar_box_yalehand0_drop60,714,0.958385015776018,0.8864564249374776,3.8652509238913013,2.8612658295277575,0.18815287726331104,0.13928084076333608,0.041666666666666664,0.041666666666666664,-0.07192859083854042,-1.0039850943635438,MODE_4_TRUSTED_FUSION,no_rollout,four_mode_relocalization_v2,0.5744076633215752,0,0,0,False,0,0,0.8864564249374776,0,0,restarted_se3,0,43.959145434200764,2.1879086270928383,0,715,cache_read_only_not_online_fps,75af0ef3fc918763f0b62d63899bd6f7a427eaf26ec2562352624519f5cf2837,cached_perception_v2,0,0,0,,,0,0.0,0,21.29022590816021,0.9499471634626389,68.38722713291645,44.49284699289905,44.463126366926744,44.49284699289905,44.47877520113524,0.8884670675286908,37.06469974272203
sugar_box_yalehand0_drop60,715,0.8872944488057657,0.9234584665932152,3.9537270589490694,2.443400366844473,0.19245972297864616,0.11893996492863806,0.04838709677419355,0.041666666666666664,0.03616401778744949,-1.5103266921045964,MODE_4_TRUSTED_FUSION,no_rollout,four_mode_relocalization_v2,0.617679344034362,0,0,0,False,0,0,0.8872944488057657,0,0,restarted_se3,0,43.21165103465319,3.9558103308081627,0,716,cache_read_only_not_online_fps,75af0ef3fc918763f0b62d63899bd6f7a427eaf26ec2562352624519f5cf2837,cached_perception_v2,0,0,0,,,0,0.0,0,19.58063431084156,0.8520260453224182,67.60012172162533,44.48406698525124,44.4723067934682,44.48406698525124,44.46996483147755,0.9038622213343774,37.32612855155797
sugar_box_yalehand0_drop60,716,0.8141157855124352,0.9327622669731139,5.072080981496206,4.144582801824234,0.24689901100140516,0.20175020834978397,0.08333333333333333,0.04838709677419355,0.11864648146067869,-0.9274981796719715,MODE_4_TRUSTED_FUSION,no_rollout,four_mode_relocalization_v2,0.5502074234501665,0,0,0,False,0,0,0.8141157855124352,0,0,restarted_se3,0,45.61523161828518,2.7999170124530792,0,717,cache_read_only_not_online_fps,75af0ef3fc918763f0b62d63899bd6f7a427eaf26ec2562352624519f5cf2837,cached_perception_v2,0,0,0,,,0,0.0,0,25.203094817698002,0.8326778188347816,74.45092126727104,44.42792219603607,44.44221928445328,44.42792219603607,44.41384221082092,0.8605872322104499,37.46790402351555
sugar_box_yalehand0_drop60,717,0.724566381913959,0.8650197432395516,3.481972155338668,3.7171021065520673,0.16949561425061235,0.18094128174353788,0.041666666666666664,0.041666666666666664,0.1404533613255926,0.2351299512133993,MODE_4_TRUSTED_FUSION,no_rollout,four_mode_relocalization_v2,0.48371467430009396,0,0,0,False,0,0,0.724566381913959,0,0,restarted_se3,0,44.54632569104433,2.709011547267437,0,718,cache_read_only_not_online_fps,75af0ef3fc918763f0b62d63899bd6f7a427eaf26ec2562352624519f5cf2837,cached_perception_v2,0,0,0,,,0,0.0,0,24.23396147787571,0.9009633213281631,72.39026203751564,44.55996690006315,44.54034720861265,44.55996690006315,44.54586794135815,0.7854992646309344,37.67753708635363
sugar_box_yalehand0_drop60,718,0.8939834359364379,0.7504088932136618,4.311156794400141,3.826806265250841,0.20985870546873464,0.18628146625247655,0.04838709677419355,0.041666666666666664,-0.14357454272277614,-0.48435052914929955,MODE_4_TRUSTED_FUSION,no_rollout,four_mode_relocalization_v2,0.5296857515538946,0,0,0,False,0,0,0.7504088932136618,0,0,restarted_se3,0,46.44278157502413,2.8135133907198906,0,719,cache_read_only_not_online_fps,75af0ef3fc918763f0b62d63899bd6f7a427eaf26ec2562352624519f5cf2837,cached_perception_v2,0,0,0,,,0,0.0,0,17.24097691476345,0.9190104901790619,67.41628237068653,44.47318119325995,44.44023804247828,44.47318119325995,44.45912393987135,0.7930072290197376,37.762106843327366
sugar_box_yalehand0_drop60,719,0.9215090942269947,0.8252278467018885,5.030706449454874,5.906672751249984,0.24488497946702742,0.28752531079706317,0.05,0.14634146341463414,-0.09628124752510614,0.8759663017951107,MODE_4_TRUSTED_FUSION,no_rollout,four_mode_relocalization_v2,0.4600284755254814,0,0,0,False,0,0,0.8252278467018885,0,0,restarted_se3,0,44.34258583933115,2.674293704330921,0,720,cache_read_only_not_online_fps,75af0ef3fc918763f0b62d63899bd6f7a427eaf26ec2562352624519f5cf2837,cached_perception_v2,0,0,0,,,0,0.0,0,19.808032549917698,0.9490130469202995,67.77392514050007,44.53133464790543,44.52024563019917,44.53133464790543,44.51725150225479,0.8585527350594664,37.919600479685116
sugar_box_yalehand0_drop60,720,0.7965660385265161,0.9748303484148455,3.7432288783781194,4.416300718379208,0.18221308204563177,0.2149769066445331,0.041666666666666664,0.05,0.17826430988832942,0.6730718400010889,MODE_4_TRUSTED_FUSION,no_rollout,four_mode_relocalization_v2,0.4588563234572854,0,0,0,False,0,0,0.7965660385265161,0,0,restarted_se3,0,47.04105481505394,2.2849133238196373,0,721,cache_read_only_not_online_fps,75af0ef3fc918763f0b62d63899bd6f7a427eaf26ec2562352624519f5cf2837,cached_perception_v2,0,0,0,,,0,0.0,0,24.637002497911453,0.8524125441908836,74.81538318097591,44.527618279551554,44.50509592058106,44.527618279551554,44.51352377787886,0.8426333215803581,38.103905392224235
sugar_box_yalehand0_drop60,721,1.0624324650184667,0.8721170676737624,7.966851217533107,5.687056065114596,0.3878107809359187,0.27683479879537226,0.8,0.1269132632765155,-0.19031539734470426,-2.2797951524185116,MODE_2_PRIOR,no_rollout,four_mode_relocalization_v2,1.0,0,0,0,False,0,0,0.8721170676737624,0,0,restarted_se3,0,46.27701546996832,2.60316114872694,0,722,cache_read_only_not_online_fps,75af0ef3fc918763f0b62d63899bd6f7a427eaf26ec2562352624519f5cf2837,cached_perception_v2,0,0,0,,,0,0.0,0,21.155452355742455,0.7189717143774033,70.75460068881512,44.46840039217346,44.47018399936618,44.46840039217346,44.454295608326255,0.8721170676737624,38.19108486502676
sugar_box_yalehand0_drop60,722,1.2495952291513543,1.0437382992528288,12.397729570391954,11.702529490806208,0.6034972983987517,0.569656314249641,0.9985082048731975,0.9985082048731975,-0.20585692989852555,-0.6952000795857458,MODE_3_RELOCALIZE,no_rollout,four_mode_relocalization_v2,,0,0,0,False,1,1,1.0437382992528288,0,0,restarted_se3,1,43.8094437122345,2.5443974882364273,0,723,cache_read_only_not_online_fps,75af0ef3fc918763f0b62d63899bd6f7a427eaf26ec2562352624519f5cf2837,cached_perception_v2,1,1,1,0.3368729832852558,,1,2467.583544552326,0,21.398545242846012,2467.583544552326,2535.335930995643,44.17536281935535,44.187943717568075,44.17536281935535,44.16137277192116,0.3368729832852558,38.07829634432632
sugar_box_yalehand0_drop60,723,0.44396153433218893,1.1179577539374568,4.849832653569819,7.634309542264769,0.23608039580935156,0.37162330068076643,0.05,0.8,0.6739962196052678,2.7844768886949502,MODE_1_ACCEPT,no_rollout,four_mode_relocalization_v2,0.0,0,0,0,False,0,0,0.44396153433218893,0,0,restarted_se3,0,50.126477144658566,2.000211738049984,0,724,cache_read_only_not_online_fps,75af0ef3fc918763f0b62d63899bd6f7a427eaf26ec2562352624519f5cf2837,cached_perception_v2,0,0,0,,,0,0.0,0,20.55857516825199,0.8265534415841103,73.51181749254465,44.169295359548464,44.101280390905906,44.169295359548464,44.15533809565701,0.44396153433218893,37.923440466027714
sugar_box_yalehand0_drop60,724,1.0785828784662597,0.7069878575378039,9.013588060386214,3.902234733241656,0.4387638891812309,0.18995317697953784,0.8,0.041666666666666664,-0.37159502092845575,-5.111353327144558,MODE_2_PRIOR,no_rollout,four_mode_relocalization_v2,1.0,0,0,0,False,0,0,0.7069878575378039,0,0,restarted_se3,0,38.36417198181152,2.6549575850367546,0,725,cache_read_only_not_online_fps,75af0ef3fc918763f0b62d63899bd6f7a427eaf26ec2562352624519f5cf2837,cached_perception_v2,0,0,0,,,0,0.0,0,20.29186673462391,0.7512727752327919,62.06226907670498,43.91700351316204,43.887249990795404,43.91700351316204,43.903147833949205,0.7069878575378039,37.67959120684702
sugar_box_yalehand0_drop60,725,1.064104808565465,0.9110517121907824,9.807994369282167,4.4212042911954015,0.47743403910889015,0.21521560300665907,0.8,0.05,-0.15305309637468256,-5.386790078086765,MODE_2_PRIOR,no_rollout,four_mode_relocalization_v2,1.0,0,0,0,False,0,0,0.9110517121907824,0,0,restarted_se3,0,38.366690278053284,2.390041947364807,0,726,cache_read_only_not_online_fps,75af0ef3fc918763f0b62d63899bd6f7a427eaf26ec2562352624519f5cf2837,cached_perception_v2,0,0,0,,,0,0.0,0,21.0055410861969,0.7769977673888206,62.53927107900381,43.78745233561924,43.79982226100293,43.78745233561924,43.773688942782854,0.9110517121907824,37.66917306347009
sugar_box_yalehand0_drop60,726,1.0384493846994007,1.0869979192976698,7.590185216694254,5.2794193430847,0.3694754145598215,0.25699183810838677,0.8,0.11650485436893204,0.04854853459826902,-2.3107658736095535,MODE_2_PRIOR,no_rollout,four_mode_relocalization_v2,1.0,0,0,0,False,0,1,1.0384493846994007,0,0,restarted_se3,0,38.308785296976566,2.806873992085457,0,727,cache_read_only_not_online_fps,75af0ef3fc918763f0b62d63899bd6f7a427eaf26ec2562352624519f5cf2837,cached_perception_v2,0,0,0,,,0,0.0,0,20.80593165010214,0.6947023794054985,62.61629331856966,43.70714168337753,43.723975532362466,43.70714168337753,43.693421427910465,1.0869979192976698,37.647380014532565
sugar_box_yalehand0_drop60,727,0.7698454798967459,1.210843912166031,8.246829738513856,7.867740689236452,0.4014395893449263,0.3829862736960811,0.8,0.8,0.44099843226928515,-0.37908904927740394,MODE_3_RELOCALIZE,no_rollout,four_mode_relocalization_v2,,0,0,0,False,1,0,0.7698454798967459,0,0,restarted_se3,1,39.78132549673319,2.501784823834896,0,728,cache_read_only_not_online_fps,75af0ef3fc918763f0b62d63899bd6f7a427eaf26ec2562352624519f5cf2837,cached_perception_v2,1,1,1,0.41730936463264545,,1,2460.5537140741944,0,21.078567020595074,2460.5537140741944,2523.9153914153576,43.852406533704205,43.81851311302264,43.852406533704205,43.83863878049571,0.41730936463264545,37.866588402950626
sugar_box_yalehand0_drop60,728,0.627559770307898,1.394429594073564,5.6702927510611465,3.972432296980707,0.2760187933577616,0.19337025748852593,0.11650485436893204,0.04838709677419355,0.766869823765666,-1.6978604540804394,MODE_4_TRUSTED_FUSION,no_rollout,four_mode_relocalization_v2,0.5878561919975417,0,0,0,False,0,0,0.627559770307898,0,0,restarted_se3,0,39.074511267244816,2.389112487435341,0,729,cache_read_only_not_online_fps,75af0ef3fc918763f0b62d63899bd6f7a427eaf26ec2562352624519f5cf2837,cached_perception_v2,0,0,0,,,0,0.0,0,23.824339732527733,1.3923412188887596,66.68030470609665,43.74268327910656,43.750192513640336,43.74268327910656,43.72896404390837,0.8189353038086729,37.982138538358925
sugar_box_yalehand0_drop60,729,0.6134712135514168,1.2119719249221566,3.1979169001516956,9.14482659902575,0.15566835837057574,0.445152325311013,0.041666666666666664,0.8,0.5985007113707398,5.946909698874054,MODE_1_ACCEPT,no_rollout,four_mode_relocalization_v2,0.0,0,0,0,False,0,0,0.6134712135514168,0,0,restarted_se3,0,36.68580949306488,2.767345868051052,0,730,cache_read_only_not_online_fps,75af0ef3fc918763f0b62d63899bd6f7a427eaf26ec2562352624519f5cf2837,cached_perception_v2,0,0,0,,,0,0.0,0,12.090475298464298,1.097402535378933,52.641033194959164,43.767190343268695,43.73858168927922,43.767190343268695,43.753425322193785,0.6134712135514168,38.15576073360574
sugar_box_yalehand0_drop60,730,0.5545502577926105,1.5713256923919408,6.157110354984411,12.697326958602122,0.299716124962919,0.6180811150052985,0.25925925925925924,0.9985082048731975,1.0167754345993303,6.540216603617711,MODE_1_ACCEPT,no_rollout,four_mode_relocalization_v2,0.0,0,0,0,False,0,0,0.5545502577926105,0,0,restarted_se3,0,36.6256907582283,2.577606588602066,0,731,cache_read_only_not_online_fps,75af0ef3fc918763f0b62d63899bd6f7a427eaf26ec2562352624519f5cf2837,cached_perception_v2,0,0,0,,,0,0.0,0,20.929868333041668,1.375560648739338,61.508726328611374,43.64132485504334,43.64466030785085,43.64132485504334,43.627573025056485,0.5545502577926105,38.28540772846763
sugar_box_yalehand0_drop60,731,0.6076191505359219,0.8737705576376251,3.3879187578713847,8.893713299492257,0.1649172782775254,0.432928619591348,0.041666666666666664,0.8,0.26615140710170326,5.5057945416208725,MODE_1_ACCEPT,no_rollout,four_mode_relocalization_v2,0.0,0,0,0,False,0,0,0.6076191505359219,0,0,restarted_se3,0,34.12067424505949,2.6372261345386505,0,732,cache_read_only_not_online_fps,75af0ef3fc918763f0b62d63899bd6f7a427eaf26ec2562352624519f5cf2837,cached_perception_v2,0,0,0,,,0,0.0,0,22.744081914424896,2.760333940386772,62.26231623440981,43.84621668441998,43.74434951195024,43.84621668441998,43.83249739449451,0.6076191505359219,38.45532343181377
sugar_box_yalehand0_drop60,732,0.6455027355198365,0.8875946894868066,4.903301920293099,5.03726992674026,0.23868317544183565,0.24520447674169712,0.05,0.05,0.24209195396697014,0.13396800644716045,MODE_4_TRUSTED_FUSION,no_rollout,four_mode_relocalization_v2,0.49327508457824837,0,0,0,False,0,0,0.6455027355198365,0,0,restarted_se3,0,50.3421276807785,3.9317114278674126,0,733,cache_read_only_not_online_fps,75af0ef3fc918763f0b62d63899bd6f7a427eaf26ec2562352624519f5cf2837,cached_perception_v2,0,0,0,,,0,0.0,0,21.066416054964066,2.3685526102781296,77.70880777388811,43.86212836413037,43.83562600450938,43.86212836413037,43.84833660658424,0.7499927641150851,38.5838373971569
sugar_box_yalehand0_drop60,733,0.6515995757893093,1.0319364272706486,7.426413183205492,7.4350629585958545,0.36150331134507036,0.361924365542954,0.8,0.8,0.38033685148133933,0.008649775390362713,MODE_3_RELOCALIZE,no_rollout,four_mode_relocalization_v2,,0,0,0,False,1,0,0.6515995757893093,0,0,restarted_se3,1,37.652657367289066,3.700713627040386,0,734,cache_read_only_not_online_fps,75af0ef3fc918763f0b62d63899bd6f7a427eaf26ec2562352624519f5cf2837,cached_perception_v2,1,1,1,0.3455752456638637,,1,2474.344161339104,0,20.151572301983833,2474.344161339104,2535.8491046354175,43.77500904189435,43.836967950378416,43.77500904189435,43.76127812295283,0.3455752456638637,38.80247968280475
sugar_box_yalehand0_drop60,734,0.5049953113910708,1.0564962073659743,3.9285448492029165,9.011858521302198,0.19123390211659025,0.4386796985914335,0.04330979547128694,0.8,0.5515008959749035,5.0833136720992815,MODE_1_ACCEPT,no_rollout,four_mode_relocalization_v2,0.0,0,0,0,False,0,0,0.5049953113910708,0,0,restarted_se3,0,38.6071540415287,2.3549674078822136,0,735,cache_read_only_not_online_fps,75af0ef3fc918763f0b62d63899bd6f7a427eaf26ec2562352624519f5cf2837,cached_perception_v2,0,0,0,,,0,0.0,0,20.80049365758896,1.2358948588371277,62.998509965837,43.679772640398525,43.71631886938708,43.679772640398525,43.66603749810261,0.5049953113910708,38.87834470227094
sugar_box_yalehand0_drop60,735,0.7543027717191451,0.8127675395837648,4.602581612083717,5.573837491816779,0.22404469727955834,0.27132353943729015,0.05,0.11650485436893204,0.05846476786461974,0.9712558797330617,MODE_4_TRUSTED_FUSION,no_rollout,four_mode_relocalization_v2,0.4523726972265429,0,0,0,False,0,0,0.7543027717191451,0,0,restarted_se3,0,38.502962328493595,2.4370811879634857,0,736,cache_read_only_not_online_fps,75af0ef3fc918763f0b62d63899bd6f7a427eaf26ec2562352624519f5cf2837,cached_perception_v2,0,0,0,,,0,0.0,0,21.518188528716564,1.5114443376660347,63.96967638283968,43.70569897133469,43.671088458527244,43.70569897133469,43.6920167857201,0.7553606031350091,39.006763937837455
sugar_box_yalehand0_drop60,736,1.1405678167774682,1.0726982781324146,7.747196745589225,5.4291991504873005,0.3771184295947572,0.26428282704381467,0.8,0.11650485436893204,-0.06786953864505363,-2.3179975951019243,MODE_2_PRIOR,no_rollout,four_mode_relocalization_v2,1.0,0,0,0,False,0,1,1.0726982781324146,0,0,restarted_se3,0,36.93706449121237,2.787305973470211,0,737,cache_read_only_not_online_fps,75af0ef3fc918763f0b62d63899bd6f7a427eaf26ec2562352624519f5cf2837,cached_perception_v2,0,0,0,,,0,0.0,0,21.247554570436478,1.4223912730813026,62.39431630820036,43.67857709616596,43.66793777054572,43.67857709616596,43.66486929965166,1.0726982781324146,39.14900844417651
sugar_box_yalehand0_drop60,737,1.032741308874447,1.3935906555181998,7.808494871141008,10.83538269080408,0.3801023028077813,0.5274452990677811,0.8,0.9985082048731975,0.3608493466437528,3.026887819663072,MODE_3_RELOCALIZE,no_rollout,four_mode_relocalization_v2,,0,0,0,False,1,1,1.032741308874447,0,0,restarted_se3,1,36.951376125216484,2.7778008952736855,0,738,cache_read_only_not_online_fps,75af0ef3fc918763f0b62d63899bd6f7a427eaf26ec2562352624519f5cf2837,cached_perception_v2,1,1,1,0.3765012065157148,,1,2462.789042852819,0,21.404078230261803,2462.789042852819,2523.922298103571,43.720381255870805,43.70698263610986,43.720381255870805,43.70661278062334,0.3765012065157148,39.398460335786694
sugar_box_yalehand0_drop60,738,0.54349053913323,1.2317989434446053,4.93913185769605,9.512535442860916,0.24042730692185416,0.4630516747517215,0.05,0.8,0.6883084043113753,4.573403585164866,MODE_1_ACCEPT,no_rollout,four_mode_relocalization_v2,0.0,0,0,0,False,0,0,0.54349053913323,0,0,restarted_se3,0,47.81702067703009,1.8216893076896667,0,739,cache_read_only_not_online_fps,75af0ef3fc918763f0b62d63899bd6f7a427eaf26ec2562352624519f5cf2837,cached_perception_v2,0,0,0,,,0,0.0,0,21.379985846579075,1.3422081246972084,72.36090395599604,43.720775764829234,43.705902732139585,43.720775764829234,43.7070492546492,0.54349053913323,39.63641861359186
sugar_box_yalehand0_drop60,739,0.6455960588223671,0.8995983510452745,4.350584295163931,2.42044414387705,0.2117779593174706,0.11782250076202444,0.04838709677419355,0.041666666666666664,0.2540022922229074,-1.930140151286881,MODE_4_TRUSTED_FUSION,no_rollout,four_mode_relocalization_v2,0.6421095617999983,0,0,0,False,0,0,0.6455960588223671,0,0,restarted_se3,0,38.20892050862312,2.5506028905510902,0,740,cache_read_only_not_online_fps,75af0ef3fc918763f0b62d63899bd6f7a427eaf26ec2562352624519f5cf2837,cached_perception_v2,0,0,0,,,0,0.0,0,21.192921325564384,0.9263763204216957,62.878821045160294,43.734860638667314,43.68805675776775,43.734860638667314,43.72112406514187,0.774844918834597,39.75524312857339
sugar_box_yalehand0_drop60,740,0.4183258898155656,1.0762310787020322,1.9784411697498379,11.053669938851355,0.09630665794133347,0.5380710966159095,0.041666666666666664,0.9985082048731975,0.6579051888864665,9.075228769101518,MODE_1_ACCEPT,no_rollout,four_mode_relocalization_v2,0.0,0,0,0,False,0,0,0.4183258898155656,0,0,restarted_se3,0,36.934539675712585,2.7231136336922646,0,741,cache_read_only_not_online_fps,75af0ef3fc918763f0b62d63899bd6f7a427eaf26ec2562352624519f5cf2837,cached_perception_v2,0,0,0,,,0,0.0,0,20.633733831346035,0.6872257217764854,60.97861286252737,43.717339571737476,43.68062042258891,43.717339571737476,43.70356765910752,0.4183258898155656,39.85354992716657
sugar_box_yalehand0_drop60,741,0.4067032516654652,0.5292573385569582,2.3390225027464067,6.674381108531142,0.1138590540539364,0.3248958565043829,0.041666666666666664,0.5751892139090897,0.122554086891493,4.3353586057847355,MODE_4_TRUSTED_FUSION,no_rollout,four_mode_relocalization_v2,0.2600373683972033,0,0,0,False,0,0,0.4067032516654652,0,0,restarted_se3,0,37.15905733406544,2.7191592380404472,0,742,cache_read_only_not_online_fps,75af0ef3fc918763f0b62d63899bd6f7a427eaf26ec2562352624519f5cf2837,cached_perception_v2,0,0,0,,,0,0.0,0,21.518713794648647,0.9014485403895378,62.29837890714407,43.72473432392307,43.69526356747814,43.72473432392307,43.710928233210886,0.2782506912105719,40.03021156849579
sugar_box_yalehand0_drop60,742,0.35194598210731,0.35313671137635455,0.8520189092997981,0.0,0.04147461896370619,0.0,0.041666666666666664,0.0034344590726960505,0.0011907292690445659,-0.8520189092997981,MODE_4_TRUSTED_FUSION,no_rollout,four_mode_relocalization_v2,0.75,0,0,0,False,0,0,0.35194598210731,0,0,restarted_se3,0,29.338696040213108,2.6363572105765343,0,743,cache_read_only_not_online_fps,75af0ef3fc918763f0b62d63899bd6f7a427eaf26ec2562352624519f5cf2837,cached_perception_v2,0,0,0,,,0,0.0,0,21.51996921747923,0.9049652144312859,54.39998768270016,43.76234290494631,43.799266767869746,43.76234290494631,43.7485665754038,0.3366577897053111,40.253411574873745
sugar_box_yalehand0_drop60,743,0.7434996016655865,0.488905398325234,6.281065159389446,5.21154545617001,0.3057500031143376,0.2536878696557548,0.35,0.11650485436893204,-0.2545942033403525,-1.0695197032194361,MODE_4_TRUSTED_FUSION,no_rollout,four_mode_relocalization_v2,0.5464499208274257,0,0,0,False,0,0,0.488905398325234,0,0,restarted_se3,0,49.01451896876097,2.6898598298430443,0,744,cache_read_only_not_online_fps,75af0ef3fc918763f0b62d63899bd6f7a427eaf26ec2562352624519f5cf2837,cached_perception_v2,0,0,0,,,0,0.0,0,21.92230522632599,0.9392686188220978,74.5659526437521,43.62308578154591,43.618684965112166,43.62308578154591,43.60924791569784,0.5099802478087322,40.34475665828448
sugar_box_yalehand0_drop60,744,0.4046480326206062,0.7125715433219496,3.1205555939656424,9.401390694519534,0.15190256084944093,0.45764136514830656,0.041666666666666664,0.8,0.3079235107013434,6.280835100553892,MODE_1_ACCEPT,no_rollout,four_mode_relocalization_v2,0.0,0,0,0,False,0,0,0.4046480326206062,0,0,restarted_se3,0,41.052778251469135,2.6097791269421577,0,745,cache_read_only_not_online_fps,75af0ef3fc918763f0b62d63899bd6f7a427eaf26ec2562352624519f5cf2837,cached_perception_v2,0,0,0,,,0,0.0,0,24.580270051956177,0.6582038477063179,68.90103127807379,43.58769008745161,43.57285314863471,43.58769008745161,43.57392352280663,0.4046480326206062,40.44216564986523
sugar_box_yalehand0_drop60,745,0.5240183010813803,0.54704158970284,3.2776524638604174,3.5091522601945138,0.1595497301178217,0.17081868875046846,0.041666666666666664,0.041666666666666664,0.023023288621459748,0.23149979633409634,MODE_4_TRUSTED_FUSION,no_rollout,four_mode_relocalization_v2,0.48299497299254185,0,0,0,False,0,0,0.5240183010813803,0,0,restarted_se3,0,37.11644001305103,2.3888060823082924,0,746,cache_read_only_not_online_fps,75af0ef3fc918763f0b62d63899bd6f7a427eaf26ec2562352624519f5cf2837,cached_perception_v2,0,0,0,,,0,0.0,0,22.67512958496809,0.8570197969675064,63.03739547729492,43.64041166392721,43.59999256943083,43.64041166392721,43.626670608777694,0.5166590845318045,40.63675503430531
sugar_box_yalehand0_drop60,746,0.8083816683283424,0.6901340212622514,1.8239155794183324,6.359007079830278,0.08878465354778325,0.3095440638051262,0.041666666666666664,0.4393939393939394,-0.11824764706609092,4.535091500411945,MODE_4_TRUSTED_FUSION,no_rollout,four_mode_relocalization_v2,0.25,0,0,0,False,0,0,0.6901340212622514,0,0,restarted_se3,0,36.416846327483654,2.4073682725429535,0,747,cache_read_only_not_online_fps,75af0ef3fc918763f0b62d63899bd6f7a427eaf26ec2562352624519f5cf2837,cached_perception_v2,0,0,0,,,0,0.0,0,21.191167645156384,0.9018313139677048,60.917213559150696,43.636586979838775,43.59620110941536,43.636586979838775,43.622815208555174,0.7479181669036175,40.81565789159251
sugar_box_yalehand0_drop60,747,0.7198031631273689,1.0650102337419178,2.9592323604227593,6.90401180946944,0.14404966044059592,0.3360738312181267,0.041666666666666664,0.5901639344262295,0.3452070706145489,3.9447794490466803,MODE_4_TRUSTED_FUSION,no_rollout,four_mode_relocalization_v2,0.30043094244985613,0,0,0,False,0,0,0.7198031631273689,0,0,restarted_se3,0,45.36406695842743,2.6972945779561996,0,748,cache_read_only_not_online_fps,75af0ef3fc918763f0b62d63899bd6f7a427eaf26ec2562352624519f5cf2837,cached_perception_v2,0,0,0,,,0,0.0,0,20.715313963592052,0.9660879150032997,69.74276341497898,43.7760485637123,43.73698495590936,43.7760485637123,43.762291094202034,0.7658918229773237,40.97338999780682
sugar_box_yalehand0_drop60,748,0.6965786149484012,0.9011415456757601,4.001705218472946,4.861902083292742,0.19479520622099344,0.23666791211140037,0.04838709677419355,0.05,0.20456293072735887,0.8601968648197964,MODE_4_TRUSTED_FUSION,no_rollout,four_mode_relocalization_v2,0.45158515929397147,0,0,0,False,0,0,0.6965786149484012,0,0,restarted_se3,0,38.18879835307598,2.461274154484272,0,749,cache_read_only_not_online_fps,75af0ef3fc918763f0b62d63899bd6f7a427eaf26ec2562352624519f5cf2837,cached_perception_v2,0,0,0,,,0,0.0,0,21.471970714628696,1.0741855949163437,63.19622881710529,43.639543063985116,43.68553346364878,43.639543063985116,43.62581782253115,0.740385822784376,41.15859929076102
sugar_box_yalehand0_drop60,749,0.6757768551750015,1.0171409162764025,5.622458730533178,4.440828834890175,0.27369032652064645,0.2161708875234619,0.11650485436893204,0.05,0.34136406110140094,-1.1816298956430025,MODE_4_TRUSTED_FUSION,no_rollout,four_mode_relocalization_v2,0.5585934839196165,0,0,0,False,0,0,0.6757768551750015,0,0,restarted_se3,0,37.374760024249554,2.379549667239189,0,750,cache_read_only_not_online_fps,75af0ef3fc918763f0b62d63899bd6f7a427eaf26ec2562352624519f5cf2837,cached_perception_v2,0,0,0,,,0,0.0,0,19.882517866790295,1.1076834052801132,60.74451096355915,43.44616230981032,43.491867857465074,43.44616230981032,43.4323964786002,0.7854674697420463,41.2553902149456
sugar_box_yalehand0_drop60,750,0.8157178963555257,1.1443595579920451,6.4839719187275255,7.637742372276984,0.31562710846593506,0.371790404151323,0.4393939393939394,0.8,0.3286416616365194,1.1537704535494582,MODE_1_ACCEPT,no_rollout,four_mode_relocalization_v2,0.0,0,0,0,False,0,0,0.8157178963555257,0,0,restarted_se3,0,36.61770839244127,2.5866851210594177,0,751,cache_read_only_not_online_fps,75af0ef3fc918763f0b62d63899bd6f7a427eaf26ec2562352624519f5cf2837,cached_perception_v2,0,0,0,,,0,0.0,0,19.776075147092342,0.708327628672123,59.688796289265156,43.087257327848725,43.04244652504292,43.087257327848725,43.073442719648526,0.8157178963555257,41.29909914150783
sugar_box_yalehand0_drop60,751,0.7684214137369477,1.399367764677298,2.686515225863622,11.676888280312037,0.13077432216200136,0.5684081501262791,0.041666666666666664,0.9985082048731975,0.6309463509403502,8.990373054448416,MODE_1_ACCEPT,no_rollout,four_mode_relocalization_v2,0.0,0,0,0,False,0,0,0.7684214137369477,0,0,restarted_se3,0,33.71051046997309,3.2479558140039444,0,752,cache_read_only_not_online_fps,75af0ef3fc918763f0b62d63899bd6f7a427eaf26ec2562352624519f5cf2837,cached_perception_v2,0,0,0,,,0,0.0,0,20.552150905132294,0.7606828585267067,58.27130004763603,42.842265459992134,42.7903511833905,42.842265459992134,42.82846669085775,0.7684214137369477,41.55676414734671
sugar_box_yalehand0_drop60,752,0.40678442753549854,1.0437176523539289,3.4721333688194473,6.664378913639887,0.1690166813096929,0.32440896916257916,0.041666666666666664,0.5714285714285714,0.6369332248184303,3.19224554482044,MODE_4_TRUSTED_FUSION,no_rollout,four_mode_relocalization_v2,0.3428473546803284,0,0,0,False,0,0,0.40678442753549854,0,0,restarted_se3,0,53.60461585223675,2.6414794847369194,0,753,cache_read_only_not_online_fps,75af0ef3fc918763f0b62d63899bd6f7a427eaf26ec2562352624519f5cf2837,cached_perception_v2,0,0,0,,,0,0.0,0,21.146317943930626,1.2484202161431313,78.64083349704742,42.18088669419549,42.1638007997034,42.18088669419549,42.167042654882756,0.598891345768057,41.520556743665594
sugar_box_yalehand0_drop60,753,0.5778271969922847,0.6849619767148111,0.31331572501994276,1.2187069553009013,0.015251598490013174,0.05932427795653311,0.008333333333333333,0.041666666666666664,0.10713477972252639,0.9053912302809586,MODE_4_TRUSTED_FUSION,no_rollout,four_mode_relocalization_v2,0.25,0,0,0,False,0,0,0.5778271969922847,0,0,restarted_se3,0,38.089362904429436,4.0295179933309555,0,754,cache_read_only_not_online_fps,75af0ef3fc918763f0b62d63899bd6f7a427eaf26ec2562352624519f5cf2837,cached_perception_v2,0,0,0,,,0,0.0,0,18.70232168585062,0.9122304618358612,61.73343304544687,41.91096985326302,41.90905782407849,41.91096985326302,41.89707755483158,0.5171400497122243,41.842281382715434
sugar_box_yalehand0_drop60,754,0.45959974005102255,0.6161628214406271,2.896174779073277,0.0,0.14098014035049372,0.0,0.041666666666666664,0.0034344590726960505,0.1565630813896045,-2.896174779073277,MODE_4_TRUSTED_FUSION,no_rollout,four_mode_relocalization_v2,0.75,0,0,0,False,0,0,0.45959974005102255,0,0,restarted_se3,0,36.69430315494537,2.514028921723366,0,755,cache_read_only_not_online_fps,75af0ef3fc918763f0b62d63899bd6f7a427eaf26ec2562352624519f5cf2837,cached_perception_v2,0,0,0,,,0,0.0,0,25.534825399518013,1.5877382829785347,66.33089575916529,41.95981929965391,41.93274073598926,41.95981929965391,41.94590381429946,0.5499947733783603,41.95981929965391
sugar_box_yalehand0_drop60,755,0.42937184834745806,0.6696144501793398,0.10265223890833008,1.7153334077217652,0.004996910805645349,0.08349908517810023,0.008333333333333333,0.041666666666666664,0.24024260183188179,1.612681168813435,MODE_4_TRUSTED_FUSION,no_rollout,four_mode_relocalization_v2,0.25,0,0,0,False,0,0,0.42937184834745806,0,0,restarted_se3,0,32.79812075197697,3.766150213778019,0,756,cache_read_only_not_online_fps,75af0ef3fc918763f0b62d63899bd6f7a427eaf26ec2562352624519f5cf2837,cached_perception_v2,0,0,0,,,0,0.0,0,18.66739336401224,1.1700130999088287,56.401677429676056,41.85169636386895,41.84042054415801,41.85169636386895,41.83776312103887,0.4446459050984423,41.85169636386895
sugar_box_yalehand0_drop60,756,0.6774343092131451,0.5728605135331742,4.464417062549807,7.436604525734666,0.21731911644600588,0.361999406025027,0.05,0.8,-0.10457379567997083,2.9721874631848584,MODE_1_ACCEPT,no_rollout,four_mode_relocalization_v2,0.0,0,0,0,False,0,0,0.5728605135331742,0,0,restarted_se3,0,54.140341468155384,2.690095454454422,0,757,cache_read_only_not_online_fps,75af0ef3fc918763f0b62d63899bd6f7a427eaf26ec2562352624519f5cf2837,cached_perception_v2,0,0,0,,,0,0.0,0,21.995048969984055,0.7261848077178001,79.55167070031166,41.8749092754088,41.871635136157366,41.8749092754088,41.86099998058766,0.6774343092131451,41.8749092754088
sugar_box_yalehand0_drop60,757,0.6403615813231692,0.9391954817490287,3.4272798727827563,8.320852025271362,0.1668333005924261,0.4050428499117754,0.041666666666666664,0.8,0.29883390042585944,4.8935721524886056,MODE_1_ACCEPT,no_rollout,four_mode_relocalization_v2,0.0,0,0,0,False,0,0,0.6403615813231692,0,0,restarted_se3,0,37.76296507567167,2.462053671479225,0,758,cache_read_only_not_online_fps,75af0ef3fc918763f0b62d63899bd6f7a427eaf26ec2562352624519f5cf2837,cached_perception_v2,0,0,0,,,0,0.0,0,20.869117230176926,0.6607873365283012,61.754923313856125,41.9225120874419,41.91057663424307,41.9225120874419,41.908624968823545,0.6403615813231692,41.90797847701366
sugar_box_yalehand0_drop60,758,0.7595265128667151,0.6161019562650558,1.6443827261001105,3.154187207853547,0.08004534435925892,0.15353968222774655,0.041666666666666664,0.041666666666666664,-0.14342455660165931,1.5098044817534366,MODE_4_TRUSTED_FUSION,no_rollout,four_mode_relocalization_v2,0.34333479616901236,0,0,0,False,0,0,0.6161019562650558,0,0,restarted_se3,0,36.71458177268505,2.446521073579788,0,759,cache_read_only_not_online_fps,75af0ef3fc918763f0b62d63899bd6f7a427eaf26ec2562352624519f5cf2837,cached_perception_v2,0,0,0,,,0,0.0,0,20.949704572558403,0.8686129003763199,60.97942031919956,41.79836843616238,41.82944062824393,41.79836843616238,41.784449901567214,0.6914616676577761,41.79836843616238
sugar_box_yalehand0_drop60,759,0.3420008536099607,0.8437633742139007,3.1169602952910247,5.328731218263869,0.15172754872123237,0.25939224402792516,0.041666666666666664,0.11650485436893204,0.50176252060394,2.211770922972844,MODE_4_TRUSTED_FUSION,no_rollout,four_mode_relocalization_v2,0.36936856136138124,0,0,0,False,0,0,0.3420008536099607,0,0,restarted_se3,0,36.365353502333164,2.4317586794495583,0,760,cache_read_only_not_online_fps,75af0ef3fc918763f0b62d63899bd6f7a427eaf26ec2562352624519f5cf2837,cached_perception_v2,0,0,0,,,0,0.0,0,19.9849558994174,0.8298587054014206,59.61192678660154,41.8158829275244,41.8152151812825,41.8158829275244,41.80192560444354,0.470525771450184,41.76945686112729
sugar_box_yalehand0_drop60,760,0.46743706364443943,0.4073334358467861,2.8177387325118093,5.776711640725373,0.13716202656375884,0.28119905737677464,0.041666666666666664,0.14634146341463414,-0.060103627797653325,2.9589729082135636,MODE_4_TRUSTED_FUSION,no_rollout,four_mode_relocalization_v2,0.32825526992376036,0,0,0,False,0,0,0.4073334358467861,0,0,restarted_se3,0,27.981063351035118,2.300882712006569,0,761,cache_read_only_not_online_fps,75af0ef3fc918763f0b62d63899bd6f7a427eaf26ec2562352624519f5cf2837,cached_perception_v2,0,0,0,,,0,0.0,0,20.005716010928154,0.8073654025793076,51.09502747654915,41.80896978455681,41.74166743228891,41.80896978455681,41.79496096629001,0.4103488462175381,41.62888533688028
sugar_box_yalehand0_drop60,761,0.6286920493601144,0.528491802989538,3.5606104294797793,5.311539122856101,0.1733235720815558,0.2585553663501623,0.041666666666666664,0.11650485436893204,-0.10020024637057634,1.7509286933763217,MODE_4_TRUSTED_FUSION,no_rollout,four_mode_relocalization_v2,0.4015463762124665,0,0,0,False,0,0,0.528491802989538,0,0,restarted_se3,0,46.22161667793989,2.2335760295391083,0,762,cache_read_only_not_online_fps,75af0ef3fc918763f0b62d63899bd6f7a427eaf26ec2562352624519f5cf2837,cached_perception_v2,0,0,0,,,0,0.0,0,21.712718531489372,0.8910084143280983,71.05891965329647,41.731461564792,41.690282043253305,41.731461564792,41.717491742180925,0.5366883860036301,41.48335503632279
sugar_box_yalehand0_drop60,762,0.7168558466424674,0.6920698923739944,5.313704773162598,5.308550489796956,0.2586607859837998,0.2584098855210429,0.11650485436893204,0.11650485436893204,-0.024785954268472965,-0.005154283365642165,MODE_4_TRUSTED_FUSION,no_rollout,four_mode_relocalization_v2,0.5002421612354846,0,0,0,False,0,0,0.6920698923739944,0,0,restarted_se3,0,46.57128266990185,2.813846804201603,0,763,cache_read_only_not_online_fps,75af0ef3fc918763f0b62d63899bd6f7a427eaf26ec2562352624519f5cf2837,cached_perception_v2,0,0,0,,,0,0.0,0,24.18927475810051,0.8019153028726578,74.37631953507662,41.66228546872392,41.6405537170569,41.66228546872392,41.648297154447675,0.6720781163721012,41.33171887280787
sugar_box_yalehand0_drop60,763,1.3423870583456727,0.923398681977404,8.610896058437776,3.516346540155642,0.4191616278250022,0.17116889226925097,0.8,0.041666666666666664,-0.4189883763682687,-5.094549518282134,MODE_2_PRIOR,no_rollout,four_mode_relocalization_v2,1.0,0,0,0,False,0,0,0.923398681977404,0,0,restarted_se3,0,44.04222220182419,2.315129153430462,0,764,cache_read_only_not_online_fps,75af0ef3fc918763f0b62d63899bd6f7a427eaf26ec2562352624519f5cf2837,cached_perception_v2,0,0,0,,,0,0.0,0,24.23715963959694,0.7162019610404968,71.31071295589209,41.26279175232805,41.235161858826054,41.26279175232805,41.24882149517378,0.923398681977404,40.8113089071256
sugar_box_yalehand0_drop60,764,0.9805330958239797,1.2805530969666072,11.093174556288702,8.416598671169684,0.5399941043539273,0.40970360991644394,0.9985082048731975,0.8,0.3000200011426275,-2.676575885119018,MODE_3_RELOCALIZE,no_rollout,four_mode_relocalization_v2,,0,0,0,False,1,0,0.9805330958239797,0,0,restarted_se3,1,43.10063924640417,2.6697758585214615,0,765,cache_read_only_not_online_fps,75af0ef3fc918763f0b62d63899bd6f7a427eaf26ec2562352624519f5cf2837,cached_perception_v2,1,1,1,0.33587616909807494,,1,2470.298098400235,0,20.91053780168295,2470.298098400235,2536.9790513068438,40.65518011462087,40.6754139799321,40.65518011462087,40.64110072643589,0.33587616909807494,40.1687283136811
sugar_box_yalehand0_drop60,765,0.2668980498634374,1.0857869964543827,3.2059932420178505,5.749904731717727,0.1560614989427664,0.27989414932303136,0.041666666666666664,0.14634146341463414,0.8188889465909452,2.5439114896998767,MODE_4_TRUSTED_FUSION,no_rollout,four_mode_relocalization_v2,0.35829208970825926,0,0,0,False,0,0,0.2668980498634374,0,0,restarted_se3,0,47.048757784068584,2.3430725559592247,0,766,cache_read_only_not_online_fps,75af0ef3fc918763f0b62d63899bd6f7a427eaf26ec2562352624519f5cf2837,cached_perception_v2,0,0,0,,,0,0.0,0,20.43815515935421,0.9480500593781471,70.77803555876017,40.50095589136093,40.52420917062906,40.50095589136093,40.48689030962708,0.5086902659329008,39.97385126629006
sugar_box_yalehand0_drop60,766,0.4849393309045459,0.8134081930966675,1.2089313095836427,9.453742536018714,0.05884841858672091,0.4601897506999972,0.041666666666666664,0.8,0.32846886219212157,8.244811226435072,MODE_1_ACCEPT,no_rollout,four_mode_relocalization_v2,0.0,0,0,0,False,0,0,0.4849393309045459,0,0,restarted_se3,0,44.36552990227938,2.4831239134073257,0,767,cache_read_only_not_online_fps,75af0ef3fc918763f0b62d63899bd6f7a427eaf26ec2562352624519f5cf2837,cached_perception_v2,0,0,0,,,0,0.0,0,20.236466079950333,0.7086526602506638,67.7937725558877,40.3676079106357,40.275350144795006,40.3676079106357,40.353539770536685,0.4849393309045459,39.60423574083076
sugar_box_yalehand0_drop60,767,0.6074859240956743,1.1582530208671236,0.0,2.5839560837583715,0.0,0.12578194312717977,0.0034344590726960505,0.041666666666666664,0.5507670967714493,2.5839560837583715,MODE_4_TRUSTED_FUSION,no_rollout,four_mode_relocalization_v2,0.25,0,0,0,False,0,0,0.6074859240956743,0,0,restarted_se3,0,45.14513537287712,2.4731941521167755,0,768,cache_read_only_not_online_fps,75af0ef3fc918763f0b62d63899bd6f7a427eaf26ec2562352624519f5cf2837,cached_perception_v2,0,0,0,,,0,0.0,0,21.411718800663948,1.0657673701643944,70.09581569582224,40.25531318278925,40.26531063565312,40.25531318278925,40.241188981910675,0.7424032780774857,39.496840473994105
sugar_box_yalehand0_drop60,768,0.46843424347721363,0.9436731975991779,5.627769786327193,6.78841745482743,0.2739488583594912,0.3304469234572733,0.11650485436893204,0.5901639344262295,0.47523895412196426,1.1606476685002365,MODE_4_TRUSTED_FUSION,no_rollout,four_mode_relocalization_v2,0.4533358719198378,0,0,0,False,0,0,0.46843424347721363,0,0,restarted_se3,0,44.68496982008219,2.5702649727463722,0,769,cache_read_only_not_online_fps,75af0ef3fc918763f0b62d63899bd6f7a427eaf26ec2562352624519f5cf2837,cached_perception_v2,0,0,0,,,0,0.0,0,19.795515574514866,0.8377302438020706,67.8884806111455,40.1903141800835,40.19960179269532,40.1903141800835,40.17622239076448,0.674022651741589,39.361458816147696
sugar_box_yalehand0_drop60,769,0.7123200352591624,0.7450485254708118,4.7631457372113335,4.783003647982671,0.23186064577110238,0.23282729014209802,0.05,0.05,0.032728490211649364,0.019857910771337473,MODE_4_TRUSTED_FUSION,no_rollout,four_mode_relocalization_v2,0.4989620739771181,0,0,0,False,0,0,0.7123200352591624,0,0,restarted_se3,0,51.520916633307934,2.3585204035043716,0,770,cache_read_only_not_online_fps,75af0ef3fc918763f0b62d63899bd6f7a427eaf26ec2562352624519f5cf2837,cached_perception_v2,0,0,0,,,0,0.0,0,21.408931352198124,0.8709244430065155,76.15929283201694,40.17186594927299,40.196024375553264,40.17186594927299,40.157782362742736,0.723898671676325,39.32167348566613
sugar_box_yalehand0_drop60,770,0.7771874341456589,0.842927271542649,3.5682045839346057,5.580731845208989,0.1736932407108874,0.27165914311559125,0.041666666666666664,0.11650485436893204,0.06573983739699008,2.0125272612743834,MODE_4_TRUSTED_FUSION,no_rollout,four_mode_relocalization_v2,0.39025296026278816,0,0,0,False,0,0,0.7771874341456589,0,0,restarted_se3,0,34.50215607881546,2.0967628806829453,0,771,cache_read_only_not_online_fps,75af0ef3fc918763f0b62d63899bd6f7a427eaf26ec2562352624519f5cf2837,cached_perception_v2,0,0,0,,,0,0.0,0,21.428721956908703,0.931592658162117,58.959233574569225,40.08747762133954,40.08977433596743,40.08747762133954,40.0733487104856,0.7788957776756005,39.20034879760783
sugar_box_yalehand0_drop60,771,0.6696788491381997,0.8829647048363101,2.9700448302815574,5.057350503630456,0.14457599038768448,0.24618196006513265,0.041666666666666664,0.08079417636854701,0.21328585569811032,2.0873056733488986,MODE_4_TRUSTED_FUSION,no_rollout,four_mode_relocalization_v2,0.37031172281589564,0,0,0,False,0,0,0.6696788491381997,0,0,restarted_se3,0,44.59639731794596,2.1070940420031548,0,772,cache_read_only_not_online_fps,75af0ef3fc918763f0b62d63899bd6f7a427eaf26ec2562352624519f5cf2837,cached_perception_v2,0,0,0,,,0,0.0,0,18.734422512352467,0.904410146176815,66.3423240184784,40.040163026555554,39.985720084808996,40.040163026555554,40.02606265949928,0.7376105325908454,39.037629068276814
sugar_box_yalehand0_drop60,772,0.6773092322117894,0.7213996867904472,5.227382742107404,7.943765727032427,0.2544587978505439,0.3866870242778736,0.11650485436893204,0.8,0.04409045457865779,2.7163829849250227,MODE_1_ACCEPT,no_rollout,four_mode_relocalization_v2,0.0,0,0,0,False,0,0,0.6773092322117894,0,0,restarted_se3,0,43.623958714306355,2.549983561038971,0,773,cache_read_only_not_online_fps,75af0ef3fc918763f0b62d63899bd6f7a427eaf26ec2562352624519f5cf2837,cached_perception_v2,0,0,0,,,0,0.0,0,22.86021038889885,0.6592050194740295,69.6933576837182,39.84276712102068,39.80671431719108,39.84276712102068,39.82858565893482,0.6773092322117894,38.779974202861794
sugar_box_yalehand0_drop60,773,0.6742158251222704,0.6413827598097401,5.052289270324158,6.504528258013785,0.2459355890978056,0.31662775097501616,0.05,0.4393939393939394,-0.032833065312530274,1.4522389876896273,MODE_4_TRUSTED_FUSION,no_rollout,four_mode_relocalization_v2,0.4372781429725911,0,0,0,False,0,0,0.6413827598097401,0,0,restarted_se3,0,44.435170479118824,4.130168817937374,0,774,cache_read_only_not_online_fps,75af0ef3fc918763f0b62d63899bd6f7a427eaf26ec2562352624519f5cf2837,cached_perception_v2,0,0,0,,,0,0.0,0,21.57098427414894,0.9401943534612656,71.0765179246664,39.53855878852962,39.490839700486475,39.53855878852962,39.52440980095845,0.6517566108690569,38.35561122503787
sugar_box_yalehand0_drop60,774,0.6364830407337383,0.7235834338248662,3.271678881968515,2.7331782494015613,0.1592589478005387,0.13304578714922913,0.041666666666666664,0.041666666666666664,0.08710039309112794,-0.5385006325669539,MODE_4_TRUSTED_FUSION,no_rollout,four_mode_relocalization_v2,0.5446899088912086,0,0,0,False,0,0,0.6364830407337383,0,0,restarted_se3,0,45.51461897790432,2.374144271016121,0,775,cache_read_only_not_online_fps,75af0ef3fc918763f0b62d63899bd6f7a427eaf26ec2562352624519f5cf2837,cached_perception_v2,0,0,0,,,0,0.0,0,21.062987856566906,0.9653270244598389,69.91707812994719,38.92947783010721,38.94606803211145,38.92947783010721,38.91521720380807,0.63648288766075,37.72716533299889
sugar_box_yalehand0_drop60,775,0.5941276179057449,0.7121181520810679,8.41628502343142,3.8773685743994135,0.4096883421561967,0.1887427408591464,0.8,0.041666666666666664,0.11799053417532301,-4.538916449032007,MODE_2_PRIOR,no_rollout,four_mode_relocalization_v2,1.0,0,0,0,False,0,0,0.5941276179057449,0,0,restarted_se3,0,45.78694049268961,2.2803721949458122,0,776,cache_read_only_not_online_fps,75af0ef3fc918763f0b62d63899bd6f7a427eaf26ec2562352624519f5cf2837,cached_perception_v2,0,0,0,,,0,0.0,0,21.687929518520832,0.7042326033115387,70.45947480946779,38.7123861754221,38.7155804178671,38.7123861754221,38.698154507831056,0.7121181520810679,37.426323264669314
sugar_box_yalehand0_drop60,776,0.603409095691867,0.8924741281856864,8.76390936723766,5.007303464387178,0.42661001730272696,0.2437457677926132,0.8,0.05,0.28906503249381943,-3.756605902850483,MODE_2_PRIOR,no_rollout,four_mode_relocalization_v2,1.0,0,0,0,False,0,0,0.603409095691867,0,0,restarted_se3,0,45.09124904870987,2.282511442899704,0,777,cache_read_only_not_online_fps,75af0ef3fc918763f0b62d63899bd6f7a427eaf26ec2562352624519f5cf2837,cached_perception_v2,0,0,0,,,0,0.0,0,21.24849706888199,0.7062293589115143,69.32848691940308,38.47258765879865,38.43846250487872,38.47258765879865,38.458361111072826,0.8924741281856864,37.063074689895394
sugar_box_yalehand0_drop60,777,0.4751224138632059,1.0186475360109102,6.5085245042050826,7.478786509182763,0.31682228044644,0.36405274271925714,0.4393939393939394,0.8,0.5435251221477042,0.9702620049776804,MODE_1_ACCEPT,no_rollout,four_mode_relocalization_v2,0.0,0,0,0,False,0,0,0.4751224138632059,0,0,restarted_se3,0,45.48426251858473,2.4684611707925797,0,778,cache_read_only_not_online_fps,75af0ef3fc918763f0b62d63899bd6f7a427eaf26ec2562352624519f5cf2837,cached_perception_v2,0,0,0,,,0,0.0,0,23.042826913297176,0.6590718403458595,71.65462244302034,38.49423131261617,38.47507452098054,38.49423131261617,38.479944129483684,0.4751224138632059,37.009918292705066
sugar_box_yalehand0_drop60,778,0.5441096186858092,1.0355724576607404,4.095757673688294,11.849056075948308,0.19937349632709372,0.5767889426696087,0.04838709677419355,0.9985082048731975,0.49146283897493115,7.753298402260014,MODE_1_ACCEPT,no_rollout,four_mode_relocalization_v2,0.0,0,0,0,False,0,0,0.5441096186858092,0,0,restarted_se3,0,44.66808959841728,2.6747947558760643,0,779,cache_read_only_not_online_fps,75af0ef3fc918763f0b62d63899bd6f7a427eaf26ec2562352624519f5cf2837,cached_perception_v2,0,0,0,,,0,0.0,0,23.37693702429533,0.7280167192220688,71.44783809781075,38.381656245253545,38.37481962515633,38.381656245253545,38.36738287622627,0.5441096186858092,36.82801263828609
sugar_box_yalehand0_drop60,779,0.8704220569467581,0.811214359626835,4.594928995861739,4.112672378704637,0.2236721828454094,0.2001968711815472,0.05,0.04838709677419355,-0.05920769731992315,-0.4822566171571019,MODE_4_TRUSTED_FUSION,no_rollout,four_mode_relocalization_v2,0.5276282449472586,0,0,0,False,0,0,0.811214359626835,0,0,restarted_se3,0,45.36083526909351,2.354295924305916,0,780,cache_read_only_not_online_fps,75af0ef3fc918763f0b62d63899bd6f7a427eaf26ec2562352624519f5cf2837,cached_perception_v2,0,0,0,,,0,0.0,0,20.611540414392948,0.9271949529647827,69.25386656075716,38.46478691955829,38.439498245836326,38.46478691955829,38.450548218112615,0.8314443955916238,36.80083995809556
sugar_box_yalehand0_drop60,780,1.0070354649000555,1.142877546839211,4.014226340761633,4.662587898674205,0.19540471003628793,0.2269656862911904,0.04838709677419355,0.05,0.13584208193915548,0.6483615579125717,MODE_4_TRUSTED_FUSION,no_rollout,four_mode_relocalization_v2,0.46272419186714564,0,0,0,False,0,1,1.0070354649000555,0,0,restarted_se3,0,43.362364172935486,2.426288090646267,0,781,cache_read_only_not_online_fps,75af0ef3fc918763f0b62d63899bd6f7a427eaf26ec2562352624519f5cf2837,cached_perception_v2,0,0,0,,,0,0.0,0,21.03487867861986,0.9282957762479782,67.75182671844959,38.34365630119121,38.34040369925217,38.34365630119121,38.329410851593295,1.062145817722001,36.62620683001759
sugar_box_yalehand0_drop60,781,0.7452508178073471,1.2791152576099307,8.17201405260718,10.652349170501305,0.3977977076547209,0.5185355842371773,0.8,0.9985082048731975,0.5338644398025836,2.480335117894125,MODE_3_RELOCALIZE,no_rollout,four_mode_relocalization_v2,,0,0,0,False,1,0,0.7452508178073471,0,0,restarted_se3,1,43.17666217684746,2.440142445266247,0,782,cache_read_only_not_online_fps,75af0ef3fc918763f0b62d63899bd6f7a427eaf26ec2562352624519f5cf2837,cached_perception_v2,1,1,1,0.22283771179068285,,1,2470.150426030159,0,20.640109665691853,2470.150426030159,2536.4073403179646,38.25830426007853,38.25890810508143,38.25830426007853,38.24404252439842,0.22283771179068285,36.483590816676454
sugar_box_yalehand0_drop60,782,0.3766594681168239,1.0264372092865324,0.6393476981934639,10.232733806964065,0.03112219914190445,0.49810952664142927,0.008333333333333333,0.8,0.6497777411697085,9.5933861087706,MODE_1_ACCEPT,no_rollout,four_mode_relocalization_v2,0.0,0,0,0,False,0,0,0.3766594681168239,0,0,restarted_se3,0,47.076486982405186,2.172837033867836,0,783,cache_read_only_not_online_fps,75af0ef3fc918763f0b62d63899bd6f7a427eaf26ec2562352624519f5cf2837,cached_perception_v2,0,0,0,,,0,0.0,0,21.16312924772501,0.7364805787801743,71.1489338427782,38.15723219193255,38.14385144672338,38.15723219193255,38.142962640994604,0.3766594681168239,36.3051851587862
sugar_box_yalehand0_drop60,783,0.6016580044877684,0.6651598652642673,3.302140788457677,2.7108102055588525,0.16074177400399034,0.1319569543953854,0.041666666666666664,0.041666666666666664,0.06350186077649889,-0.5913305828988245,MODE_4_TRUSTED_FUSION,no_rollout,four_mode_relocalization_v2,0.5490084026445189,0,0,0,False,0,0,0.6016580044877684,0,0,restarted_se3,0,45.95984797924757,2.394729293882847,0,784,cache_read_only_not_online_fps,75af0ef3fc918763f0b62d63899bd6f7a427eaf26ec2562352624519f5cf2837,cached_perception_v2,0,0,0,,,0,0.0,0,21.00145537406206,0.8940016850829124,70.25003433227539,37.68471074202551,37.7104202550434,37.68471074202551,37.67043935976819,0.6191921366823399,35.848316811465665
sugar_box_yalehand0_drop60,784,0.5073875936683484,0.8301992194070913,5.266060116008699,4.571420217421014,0.2563415369864526,0.22252782135590615,0.11650485436893204,0.05,0.3228116257387429,-0.6946398985876847,MODE_4_TRUSTED_FUSION,no_rollout,four_mode_relocalization_v2,0.5352341508728123,0,0,0,False,0,0,0.5073875936683484,0,0,restarted_se3,0,46.35802190750837,2.1572206169366837,0,785,cache_read_only_not_online_fps,75af0ef3fc918763f0b62d63899bd6f7a427eaf26ec2562352624519f5cf2837,cached_perception_v2,0,0,0,,,0,0.0,0,21.01730089634657,0.8544959127902985,70.38703933358192,37.36635248184412,37.37020210720006,37.36635248184412,37.352017573167025,0.6486549744837895,35.49892082099866
sugar_box_yalehand0_drop60,785,0.4311883443625941,0.7010477485378416,5.432011928025438,6.365784567345454,0.2644197475691112,0.30987397868043604,0.11650485436893204,0.4393939393939394,0.26985940417524745,0.9337726393200159,MODE_4_TRUSTED_FUSION,no_rollout,four_mode_relocalization_v2,0.46049294639293453,0,0,0,False,0,0,0.4311883443625941,0,0,restarted_se3,0,42.943982407450676,2.0271604880690575,0,786,cache_read_only_not_online_fps,75af0ef3fc918763f0b62d63899bd6f7a427eaf26ec2562352624519f5cf2837,cached_perception_v2,0,0,0,,,0,0.0,0,21.759651601314545,1.1210516095161438,67.85184610635042,37.34663663743206,37.21391324648283,37.34663663743206,37.33232643308032,0.5038650189013654,35.21827848175455
sugar_box_yalehand0_drop60,786,0.6214121898885528,0.5007130390340528,2.6560060154533596,6.55911488468218,0.12928919329591895,0.31928492151064,0.041666666666666664,0.4393939393939394,-0.1206991508545,3.9031088692288205,MODE_4_TRUSTED_FUSION,no_rollout,four_mode_relocalization_v2,0.28868122510602234,0,0,0,False,0,0,0.5007130390340528,0,0,restarted_se3,0,47.694532200694084,2.6550786569714546,0,787,cache_read_only_not_online_fps,75af0ef3fc918763f0b62d63899bd6f7a427eaf26ec2562352624519f5cf2837,cached_perception_v2,0,0,0,,,0,0.0,0,20.86658589541912,0.8415840566158295,72.05778080970049,37.25090776966463,37.22791047204783,37.25090776966463,37.23651953928664,0.4619522897226592,35.10430865384465
sugar_box_yalehand0_drop60,787,0.8616488869603752,0.7440650239829865,4.543764014491054,7.1608224641272,0.2211815713302516,0.34857487307470214,0.05,0.7142857142857143,-0.11758386297738876,2.617058449636146,MODE_1_ACCEPT,no_rollout,four_mode_relocalization_v2,0.0,0,0,0,False,0,0,0.7440650239829865,0,0,restarted_se3,0,46.662227250635624,2.5183958932757378,0,788,cache_read_only_not_online_fps,75af0ef3fc918763f0b62d63899bd6f7a427eaf26ec2562352624519f5cf2837,cached_perception_v2,0,0,0,,,0,0.0,0,20.46567853540182,0.7127327844500542,70.35903446376324,37.27462256641162,37.3027224416201,37.27462256641162,37.260308293328094,0.8616488869603752,35.08876854148052
sugar_box_yalehand0_drop60,788,0.6515921329859725,1.2547434704280647,2.424305820765811,6.936001588191214,0.11801047966222741,0.3376310312623243,0.041666666666666664,0.5901639344262295,0.6031513374420922,4.511695767425403,MODE_4_TRUSTED_FUSION,no_rollout,four_mode_relocalization_v2,0.25951237146464434,0,0,0,False,0,0,0.6515921329859725,0,0,restarted_se3,0,49.891418777406216,2.3510130122303963,0,789,cache_read_only_not_online_fps,75af0ef3fc918763f0b62d63899bd6f7a427eaf26ec2562352624519f5cf2837,cached_perception_v2,0,0,0,,,0,0.0,0,23.79520144313574,1.7900224775075912,77.82765571027994,37.22652276524392,37.23755405737547,37.22652276524392,37.212143058386886,0.7917844183153012,34.97186840976741
sugar_box_yalehand0_drop60,789,0.9256971028353798,0.798434357073817,4.593195849594279,3.7664743391028366,0.22358781666495653,0.18334462574222152,0.05,0.041666666666666664,-0.1272627457615627,-0.8267215104914425,MODE_4_TRUSTED_FUSION,no_rollout,four_mode_relocalization_v2,0.5493290005379068,0,0,0,False,0,0,0.798434357073817,0,0,restarted_se3,0,44.03419326990843,3.3659832552075386,0,790,cache_read_only_not_online_fps,75af0ef3fc918763f0b62d63899bd6f7a427eaf26ec2562352624519f5cf2837,cached_perception_v2,0,0,0,,,0,0.0,0,20.560291595757008,0.9368965402245522,68.89736466109753,37.30395940338027,37.30050237190481,37.30395940338027,37.28964829610747,0.8509223547746461,34.98354528375099
sugar_box_yalehand0_drop60,790,0.7320413033912665,0.9381368594623647,4.502322084295591,3.89430943503177,0.21916425898516545,0.18956738891798075,0.05,0.041666666666666664,0.2060955560710982,-0.6080126492638214,MODE_4_TRUSTED_FUSION,no_rollout,four_mode_relocalization_v2,0.5361197141556943,0,0,0,False,0,0,0.7320413033912665,0,0,restarted_se3,0,42.991725727915764,2.6286067441105843,0,791,cache_read_only_not_online_fps,75af0ef3fc918763f0b62d63899bd6f7a427eaf26ec2562352624519f5cf2837,cached_perception_v2,0,0,0,,,0,0.0,0,20.16462106257677,0.8999109268188477,66.68486446142197,37.218284294971994,37.2203086096699,37.218284294971994,37.203964584909286,0.8077384043905723,34.86557380744363
sugar_box_yalehand0_drop60,791,0.7312418997227041,0.7731078009707965,4.450534042590293,5.375065142180081,0.21664331810796245,0.26164768908735175,0.05,0.11650485436893204,0.04186590124809231,0.924531099589788,MODE_4_TRUSTED_FUSION,no_rollout,four_mode_relocalization_v2,0.45304851019022313,0,0,0,False,0,0,0.7312418997227041,0,0,restarted_se3,0,43.13234891742468,3.02034430205822,0,792,cache_read_only_not_online_fps,75af0ef3fc918763f0b62d63899bd6f7a427eaf26ec2562352624519f5cf2837,cached_perception_v2,0,0,0,,,0,0.0,0,20.382706075906754,0.8645066991448402,67.39990599453449,37.16860158976096,37.14184085168597,37.16860158976096,37.15422105038777,0.7483404729724892,34.74533591010412
sugar_box_yalehand0_drop60,792,0.6059023890873042,0.7310590656844155,5.236488066198172,4.670624661379746,0.25490202727078765,0.2273569002270266,0.11650485436893204,0.05,0.12515667659711127,-0.5658634048184261,MODE_4_TRUSTED_FUSION,no_rollout,four_mode_relocalization_v2,0.5285009055677606,0,0,0,False,0,0,0.6059023890873042,0,0,restarted_se3,0,45.22874392569065,2.330474555492401,0,793,cache_read_only_not_online_fps,75af0ef3fc918763f0b62d63899bd6f7a427eaf26ec2562352624519f5cf2837,cached_perception_v2,0,0,0,,,0,0.0,0,20.233651623129845,0.8714636787772179,68.66433378309011,37.2040614625918,37.18902655519117,37.2040614625918,37.18972360710339,0.6171273539425182,34.739990288856866
sugar_box_yalehand0_drop60,793,0.9212357611294294,0.6060009174759875,5.9280786667393235,2.910402097902604,0.28856730901893274,0.1416726984860948,0.16581524955706872,0.041666666666666664,-0.3152348436534419,-3.0176765688367193,MODE_4_TRUSTED_FUSION,no_rollout,four_mode_relocalization_v2,0.6703269809469806,0,0,0,False,0,0,0.6060009174759875,0,0,restarted_se3,0,38.26301638036966,2.0544584840536118,0,794,cache_read_only_not_online_fps,75af0ef3fc918763f0b62d63899bd6f7a427eaf26ec2562352624519f5cf2837,cached_perception_v2,0,0,0,,,0,0.0,0,20.20327001810074,1.1175060644745827,61.638250946998596,37.285882720266784,37.2506479798408,37.285882720266784,37.27150579842895,0.6940794260313127,34.736360672575294
sugar_box_yalehand0_drop60,794,0.7325454200326164,0.9178646207343292,3.277351517561393,4.32343680255328,0.15953508063886726,0.21045647231811268,0.041666666666666664,0.04838709677419355,0.18531920070171282,1.0460852849918867,MODE_4_TRUSTED_FUSION,no_rollout,four_mode_relocalization_v2,0.4313663337012787,0,0,0,False,0,0,0.7325454200326164,0,0,restarted_se3,0,45.5033415928483,2.5689536705613136,0,795,cache_read_only_not_online_fps,75af0ef3fc918763f0b62d63899bd6f7a427eaf26ec2562352624519f5cf2837,cached_perception_v2,0,0,0,,,0,0.0,0,14.400571584701538,0.9062206372618675,63.37908748537302,37.25711468311935,37.23451223885911,37.25711468311935,37.24274299226645,0.7970502860788424,34.64159918920845
sugar_box_yalehand0_drop60,795,0.9334101647683644,0.8883267390521711,7.693003277888779,6.3012171945326845,0.37448039727098514,0.3067309648861789,0.8,0.35,-0.04508342571619328,-1.3917860833560942,MODE_2_PRIOR,no_rollout,four_mode_relocalization_v2,1.0,0,0,0,False,0,0,0.8883267390521711,0,0,restarted_se3,0,45.08471768349409,3.1175250187516212,0,796,cache_read_only_not_online_fps,75af0ef3fc918763f0b62d63899bd6f7a427eaf26ec2562352624519f5cf2837,cached_perception_v2,0,0,0,,,0,0.0,0,20.064030773937702,0.7095672190189362,68.97584069520235,37.21089363722653,37.19899110856309,37.21089363722653,37.19650682800053,0.8883267390521711,34.52220583444079
sugar_box_yalehand0_drop60,796,0.6550482704512369,0.9974684540386091,0.8085611773419692,4.279537386060383,0.03935918131988786,0.20831953433246608,0.008333333333333333,0.04838709677419355,0.34242018358737214,3.470976208718414,MODE_4_TRUSTED_FUSION,no_rollout,four_mode_relocalization_v2,0.25,0,0,0,False,0,0,0.6550482704512369,0,0,restarted_se3,0,44.45470403879881,2.28753499686718,0,797,cache_read_only_not_online_fps,75af0ef3fc918763f0b62d63899bd6f7a427eaf26ec2562352624519f5cf2837,cached_perception_v2,0,0,0,,,0,0.0,0,20.86983434855938,0.8983779698610306,68.5104513540864,37.213174768278364,37.236750782929526,37.213174768278364,37.198798738275066,0.723578101298561,34.51480730101193
sugar_box_yalehand0_drop60,797,0.5064258512729932,0.6809986413806423,4.554748949452422,4.3300450047999455,0.2217162965422052,0.21077814671667833,0.05,0.04838709677419355,0.17457279010764903,-0.22470394465247612,MODE_4_TRUSTED_FUSION,no_rollout,four_mode_relocalization_v2,0.5126170210005349,0,0,0,False,0,0,0.5064258512729932,0,0,restarted_se3,0,44.120694510638714,2.6274044066667557,0,798,cache_read_only_not_online_fps,75af0ef3fc918763f0b62d63899bd6f7a427eaf26ec2562352624519f5cf2837,cached_perception_v2,0,0,0,,,0,0.0,0,20.541043020784855,0.8567851036787033,68.14592704176903,37.11253980457146,37.105579216832034,37.11253980457146,37.098107180538854,0.5340824930788063,34.34725897758336
sugar_box_yalehand0_drop60,798,0.48584332489742516,0.5242651820846391,1.1628888855436919,1.4439588955865583,0.05660716317281034,0.07028910314082476,0.041666666666666664,0.041666666666666664,0.03842185718721397,0.28107001004286647,MODE_4_TRUSTED_FUSION,no_rollout,four_mode_relocalization_v2,0.4465005144070565,0,0,0,False,0,0,0.48584332489742516,0,0,restarted_se3,0,45.226480811834335,2.2676605731248856,0,799,cache_read_only_not_online_fps,75af0ef3fc918763f0b62d63899bd6f7a427eaf26ec2562352624519f5cf2837,cached_perception_v2,0,0,0,,,0,0.0,0,15.704796649515629,1.1034319177269936,64.30236995220184,37.13835388572511,37.11068368847572,37.13835388572511,37.12394982718489,0.4249480560819025,34.29841971900894
sugar_box_yalehand0_drop60,799,0.5425059176828633,0.3906203317058056,1.298023352223679,4.431436349184586,0.06318524548206578,0.2157136796358089,0.041666666666666664,0.05,-0.15188558597705765,3.1334129969609066,MODE_4_TRUSTED_FUSION,no_rollout,four_mode_relocalization_v2,0.25,0,0,0,False,0,0,0.3906203317058056,0,0,restarted_se3,0,45.99008243530989,2.6472778990864754,0,800,cache_read_only_not_online_fps,75af0ef3fc918763f0b62d63899bd6f7a427eaf26ec2562352624519f5cf2837,cached_perception_v2,0,0,0,,,0,0.0,0,10.717179626226425,1.1111395433545113,60.4656795039773,37.074892270164376,37.0374708512803,37.074892270164376,37.060493510926534,0.453096744244608,34.14965086587382
sugar_box_yalehand0_drop60,800,0.4980590937499682,0.8555282843509862,5.542631406673003,6.011589695565437,0.26980448806817126,0.2926324630454749,0.11650485436893204,0.16666666666666666,0.35746919060101795,0.4689582888924342,MODE_4_TRUSTED_FUSION,no_rollout,four_mode_relocalization_v2,0.47974125927135874,0,0,0,False,0,0,0.4980590937499682,0,0,restarted_se3,0,43.854997493326664,2.426418475806713,0,801,cache_read_only_not_online_fps,75af0ef3fc918763f0b62d63899bd6f7a427eaf26ec2562352624519f5cf2837,cached_perception_v2,0,0,0,,,0,0.0,0,20.249174907803535,0.8954694494605064,67.42606032639742,37.05810825498375,37.02966444950208,37.05810825498375,37.043696279975535,0.6101792135370501,34.03500893135462
sugar_box_yalehand0_drop60,801,0.6415764646811943,0.7075187713186089,3.5957470583181785,4.426195235509958,0.1750339546526884,0.21545855244294024,0.041666666666666664,0.05,0.06594230663741452,0.8304481771917795,MODE_4_TRUSTED_FUSION,no_rollout,four_mode_relocalization_v2,0.4483676861354057,0,0,0,False,0,0,0.6415764646811943,0,0,restarted_se3,0,45.28001602739096,2.3429105058312416,0,802,cache_read_only_not_online_fps,75af0ef3fc918763f0b62d63899bd6f7a427eaf26ec2562352624519f5cf2837,cached_perception_v2,0,0,0,,,0,0.0,0,20.88022232055664,0.9302487596869469,69.43339761346579,37.16694398851383,37.14902064267601,37.16694398851383,37.152573803231526,0.6225292976733634,34.06838942012611
sugar_box_yalehand0_drop60,802,0.4975446348840244,0.7905813230386773,0.46291666783830626,3.5438969451276776,0.022533880646288196,0.17250999225663272,0.008333333333333333,0.041666666666666664,0.29303668815465295,3.0809802772893713,MODE_4_TRUSTED_FUSION,no_rollout,four_mode_relocalization_v2,0.25,0,0,0,False,0,0,0.4975446348840244,0,0,restarted_se3,0,45.1472969725728,2.3640496656298637,0,803,cache_read_only_not_online_fps,75af0ef3fc918763f0b62d63899bd6f7a427eaf26ec2562352624519f5cf2837,cached_perception_v2,0,0,0,,,0,0.0,0,21.044096909463406,1.1181039735674858,69.67354752123356,37.00560804008429,36.99503082489925,37.00560804008429,36.991179416869855,0.5352104512369101,33.80200573094221
sugar_box_yalehand0_drop60,803,0.4521697832227978,0.5075146488988311,3.9439503138122225,2.8730449752620704,0.1919838100912324,0.13985422660690858,0.04838709677419355,0.041666666666666664,0.055344865676033306,-1.0709053385501521,MODE_4_TRUSTED_FUSION,no_rollout,four_mode_relocalization_v2,0.5783169574697155,0,0,0,False,0,0,0.4521697832227978,0,0,restarted_se3,0,43.3919383212924,2.6125069707632065,0,804,cache_read_only_not_online_fps,75af0ef3fc918763f0b62d63899bd6f7a427eaf26ec2562352624519f5cf2837,cached_perception_v2,0,0,0,,,0,0.0,0,14.913544990122318,0.8142739534378052,61.73226423561573,36.93572765646219,36.939913207214516,36.93572765646219,36.921338356663306,0.4374181991647303,33.65882772570796
sugar_box_yalehand0_drop60,804,0.5760738324042702,0.5017740496230352,3.26755322967007,4.915431593782902,0.1590581190921766,0.23927362429297344,0.041666666666666664,0.05,-0.07429978278123506,1.6478783641128318,MODE_4_TRUSTED_FUSION,no_rollout,four_mode_relocalization_v2,0.3995561737843632,0,0,0,False,0,0,0.5017740496230352,0,0,restarted_se3,0,44.85246166586876,2.169201150536537,0,805,cache_read_only_not_online_fps,75af0ef3fc918763f0b62d63899bd6f7a427eaf26ec2562352624519f5cf2837,cached_perception_v2,0,0,0,,,0,0.0,0,21.04608342051506,0.8896300569176674,68.95737629383802,36.6470079111054,36.627490589109264,36.6470079111054,36.6325493096097,0.4167796198977558,33.233551491648356
sugar_box_yalehand0_drop60,805,0.5084463853494596,0.6203079053961357,5.577009852317897,6.007645951489473,0.2714779637599939,0.29244048927463995,0.11650485436893204,0.16666666666666666,0.11186152004667604,0.4306360991715765,MODE_4_TRUSTED_FUSION,no_rollout,four_mode_relocalization_v2,0.4814455462336811,0,0,0,False,0,0,0.5084463853494596,0,0,restarted_se3,0,43.42982266098261,2.4295588955283165,0,806,cache_read_only_not_online_fps,75af0ef3fc918763f0b62d63899bd6f7a427eaf26ec2562352624519f5cf2837,cached_perception_v2,0,0,0,,,0,0.0,0,20.838388241827488,1.8292628228664398,68.52703262120485,36.43666055940765,36.39740507874499,36.43666055940765,36.42218972245177,0.5304305469819881,32.86915100029434
sugar_box_yalehand0_drop60,806,0.5375435179865771,0.6612708120148721,3.7644601405478406,4.110748536198863,0.18324657848449766,0.2001032222800941,0.041666666666666664,0.04838709677419355,0.12372729402829508,0.34628839565102254,MODE_4_TRUSTED_FUSION,no_rollout,four_mode_relocalization_v2,0.47806971228823086,0,0,0,False,0,0,0.5375435179865771,0,0,restarted_se3,0,44.19529438018799,3.1939009204506874,0,807,cache_read_only_not_online_fps,75af0ef3fc918763f0b62d63899bd6f7a427eaf26ec2562352624519f5cf2837,cached_perception_v2,0,0,0,,,0,0.0,0,20.30416950583458,0.8859336376190186,68.57929844409227,35.74865436917118,35.753525691770186,35.74865436917118,35.734114429293086,0.5716065749083806,32.09441882100195
sugar_box_yalehand0_drop60,807,0.8375808804501527,0.5789242512319438,6.763481570172755,6.080651694058447,0.32923309322030647,0.2959942664527767,0.5901639344262295,0.25925925925925924,-0.25865662921820887,-0.6828298761143081,MODE_4_TRUSTED_FUSION,no_rollout,four_mode_relocalization_v2,0.5265400653930149,0,0,0,False,0,0,0.5789242512319438,0,0,restarted_se3,0,43.53778623044491,2.130596898496151,0,808,cache_read_only_not_online_fps,75af0ef3fc918763f0b62d63899bd6f7a427eaf26ec2562352624519f5cf2837,cached_perception_v2,0,0,0,,,0,0.0,0,15.859323553740978,1.1019781231880188,62.629684805870056,35.49496986697681,35.46771959384003,35.49496986697681,35.480387393184756,0.6741989106974748,31.65551066372789
sugar_box_yalehand0_drop60,808,0.4258615937958659,0.7295744170418033,4.774996857798882,6.319655347207071,0.23243753521017063,0.3076284982017168,0.05,0.4393939393939394,0.30371282324593735,1.5446584894081887,MODE_4_TRUSTED_FUSION,no_rollout,four_mode_relocalization_v2,0.43051251353090086,0,0,0,False,0,0,0.4258615937958659,0,0,restarted_se3,0,43.10823976993561,2.536596730351448,0,809,cache_read_only_not_online_fps,75af0ef3fc918763f0b62d63899bd6f7a427eaf26ec2562352624519f5cf2837,cached_perception_v2,0,0,0,,,0,0.0,0,10.975014418363571,1.0133525356650352,57.63320345431566,34.84205989459615,34.8299292441167,34.84205989459615,34.82750133000149,0.5171070535027695,30.83014142461151
sugar_box_yalehand0_drop60,809,0.47059209533820223,0.5551747769252579,1.361150778332222,4.320517412109769,0.06625816547883323,0.21031436208449075,0.041666666666666664,0.04838709677419355,0.08458268158705562,2.959366633777547,MODE_4_TRUSTED_FUSION,no_rollout,four_mode_relocalization_v2,0.25,0,0,0,False,0,0,0.47059209533820223,0,0,restarted_se3,0,43.16681902855635,2.284660004079342,0,810,cache_read_only_not_online_fps,75af0ef3fc918763f0b62d63899bd6f7a427eaf26ec2562352624519f5cf2837,cached_perception_v2,0,0,0,,,0,0.0,0,19.965477287769318,0.9034229442477226,66.32037926465273,34.75539669906529,34.78641807778149,34.75539669906529,34.740795223992436,0.42593305093537404,30.73846481257565
sugar_box_yalehand0_drop60,810,0.5591301283029771,0.5024313236690574,3.3108278967624507,2.3144942101821973,0.1611646454953438,0.11266506460507905,0.041666666666666664,0.041666666666666664,-0.05669880463391974,-0.9963336865802535,MODE_4_TRUSTED_FUSION,no_rollout,four_mode_relocalization_v2,0.5882441840966527,0,0,0,False,0,0,0.5024313236690574,0,0,restarted_se3,0,44.9791494756937,2.144484780728817,0,811,cache_read_only_not_online_fps,75af0ef3fc918763f0b62d63899bd6f7a427eaf26ec2562352624519f5cf2837,cached_perception_v2,0,0,0,,,0,0.0,0,21.005441434681416,0.890498049557209,69.01957374066114,34.64445737555045,34.62632314152309,34.64445737555045,34.629831107273795,0.5051715945448888,30.498240368270412
sugar_box_yalehand0_drop60,811,0.7891442823012657,0.6214853180181792,7.979482251488061,3.446478175783267,0.38842563503678584,0.16776783654345367,0.8,0.041666666666666664,-0.16765896428308646,-4.533004075704794,MODE_2_PRIOR,no_rollout,four_mode_relocalization_v2,1.0,0,0,0,False,0,0,0.6214853180181792,0,0,restarted_se3,0,43.37799083441496,2.260914072394371,0,812,cache_read_only_not_online_fps,75af0ef3fc918763f0b62d63899bd6f7a427eaf26ec2562352624519f5cf2837,cached_perception_v2,0,0,0,,,0,0.0,0,20.152988843619823,0.9266780689358711,66.71857181936502,34.5967973815348,34.59092305404422,34.5967973815348,34.58214767692718,0.6214853180181792,30.40867927383496
sugar_box_yalehand0_drop60,812,0.8105142696623999,0.7857567403395682,11.058614409049015,10.510766101165748,0.5383117837828104,0.511643596526212,0.9985082048731975,0.9985082048731975,-0.024757529322831706,-0.5478483078832674,MODE_3_RELOCALIZE,no_rollout,four_mode_relocalization_v2,,0,0,0,False,1,0,0.7857567403395682,0,0,restarted_se3,1,45.46845052391291,2.189312130212784,0,813,cache_read_only_not_online_fps,75af0ef3fc918763f0b62d63899bd6f7a427eaf26ec2562352624519f5cf2837,cached_perception_v2,1,1,1,0.35120740497962566,,1,2494.0013894811273,0,14.6865826100111,2494.0013894811273,2556.345734745264,34.61663254241893,34.58770173002291,34.61663254241893,34.601965745056894,0.35120740497962566,30.340485003614514
sugar_box_yalehand0_drop60,813,0.4838662283953228,0.7279048839366843,1.0884311456367732,8.354988186852362,0.05298270559583468,0.40670453168785126,0.041666666666666664,0.8,0.2440386555413615,7.266557041215588,MODE_1_ACCEPT,no_rollout,four_mode_relocalization_v2,0.0,0,0,0,False,0,0,0.4838662283953228,0,0,restarted_se3,0,48.21435082703829,2.000369131565094,0,814,cache_read_only_not_online_fps,75af0ef3fc918763f0b62d63899bd6f7a427eaf26ec2562352624519f5cf2837,cached_perception_v2,0,0,0,,,0,0.0,0,22.697923704981804,0.9111426770687103,73.8237863406539,34.56916528696484,34.53179039670301,34.56916528696484,34.55453912872003,0.4838662283953228,30.19965481486387
sugar_box_yalehand0_drop60,814,0.9597583627736566,0.7818254972076513,6.059594349559145,3.2478855414145134,0.29496923598694613,0.15810073438229202,0.17338317589994753,0.041666666666666664,-0.1779328655660053,-2.8117088081446315,MODE_4_TRUSTED_FUSION,no_rollout,four_mode_relocalization_v2,0.6507217834297109,0,0,0,False,0,0,0.7818254972076513,0,0,restarted_se3,0,42.74462256580591,2.65616737306118,0,815,cache_read_only_not_online_fps,75af0ef3fc918763f0b62d63899bd6f7a427eaf26ec2562352624519f5cf2837,cached_perception_v2,0,0,0,,,0,0.0,0,9.477097541093826,1.2306589633226395,56.10854644328356,34.54014384295378,34.51515863605836,34.54014384295378,34.525502910630046,0.8363110569206247,30.092238928259178
sugar_box_yalehand0_drop60,815,0.88603564576088,1.1202953721393027,5.19769549238181,2.8119811458603903,0.25301368042766736,0.13688175847356543,0.11650485436893204,0.041666666666666664,0.23425972637842274,-2.38571434652142,MODE_4_TRUSTED_FUSION,no_rollout,four_mode_relocalization_v2,0.6485560660786263,0,0,0,False,0,0,0.88603564576088,0,0,restarted_se3,0,43.17969083786011,2.557496540248394,0,816,cache_read_only_not_online_fps,75af0ef3fc918763f0b62d63899bd6f7a427eaf26ec2562352624519f5cf2837,cached_perception_v2,0,0,0,,,0,0.0,0,20.765654742717743,0.9515369310975075,67.45437905192375,34.54243428225857,34.53716738857998,34.54243428225857,34.52776632486027,1.0363480142080153,30.03439477283658
sugar_box_yalehand0_drop60,816,0.6267272591053887,1.2258469412944153,4.518654684741613,9.11659992554367,0.21995929812431073,0.44377830589136846,0.05,0.8,0.5991196821890266,4.597945240802056,MODE_1_ACCEPT,no_rollout,four_mode_relocalization_v2,0.0,0,0,0,False,0,0,0.6267272591053887,0,0,restarted_se3,0,44.01601105928421,2.1645082160830498,0,817,cache_read_only_not_online_fps,75af0ef3fc918763f0b62d63899bd6f7a427eaf26ec2562352624519f5cf2837,cached_perception_v2,0,0,0,,,0,0.0,0,20.55203914642334,0.7404452189803123,67.47300364077091,34.591596667800886,34.5658249289208,34.591596667800886,34.57694802714141,0.6267272591053887,29.96644690455233
sugar_box_yalehand0_drop60,817,0.6310979800479402,0.5888371266449987,5.718014686171607,6.858783871606396,0.2783418040953327,0.33387222340296036,0.14634146341463414,0.5901639344262295,-0.0422608534029415,1.140769185434789,MODE_4_TRUSTED_FUSION,no_rollout,four_mode_relocalization_v2,0.45471987663363833,0,0,0,False,0,0,0.5888371266449987,0,0,restarted_se3,0,46.09648697078228,2.161066047847271,0,818,cache_read_only_not_online_fps,75af0ef3fc918763f0b62d63899bd6f7a427eaf26ec2562352624519f5cf2837,cached_perception_v2,0,0,0,,,0,0.0,0,20.74556052684784,0.9113186970353127,69.9144322425127,34.357891714200335,34.3437698722048,34.357891714200335,34.34323422791676,0.5264049080388764,29.644529926721518
sugar_box_yalehand0_drop60,818,0.8331357317110603,0.9459194182615286,6.381329151293823,11.95860813511888,0.31063065871320406,0.5821217232701271,0.4393939393939394,0.9985082048731975,0.11278368655046833,5.577278983825057,MODE_1_ACCEPT,no_rollout,four_mode_relocalization_v2,0.0,0,0,0,False,0,0,0.8331357317110603,0,0,restarted_se3,0,42.26309061050415,1.9841967150568962,0,819,cache_read_only_not_online_fps,75af0ef3fc918763f0b62d63899bd6f7a427eaf26ec2562352624519f5cf2837,cached_perception_v2,0,0,0,,,0,0.0,0,14.916008338332176,0.8825128898024559,60.04580855369568,33.96114320911885,33.945063113090704,33.96114320911885,33.94651744380655,0.8331357317110603,29.119962963657244
sugar_box_yalehand0_drop60,819,1.1378075050587533,1.2000700887232385,11.679293187163921,12.776315466310251,0.5685252163019665,0.6219261215232861,0.9985082048731975,0.9985082048731975,0.06226258366448523,1.09702227914633,MODE_3_RELOCALIZE,no_rollout,four_mode_relocalization_v2,,0,0,0,False,1,1,1.1378075050587533,0,0,restarted_se3,1,44.130949303507805,2.1059317514300346,0,820,cache_read_only_not_online_fps,75af0ef3fc918763f0b62d63899bd6f7a427eaf26ec2562352624519f5cf2837,cached_perception_v2,1,1,1,0.35610366595967213,,1,2458.666973747313,0,12.398208491504192,2458.666973747313,2517.302063293755,33.636624116560114,33.622353992691934,33.636624116560114,33.621929650048024,0.35610366595967213,28.66213841451504
sugar_box_yalehand0_drop60,820,0.2890834356641506,0.7041036611358503,5.770747316545183,13.340593470271418,0.2809087257068441,0.6493940743450412,0.14634146341463414,0.9985082048731975,0.4150202254716997,7.569846153726235,MODE_1_ACCEPT,no_rollout,four_mode_relocalization_v2,0.0,0,0,0,False,0,0,0.2890834356641506,0,0,restarted_se3,0,46.94510716944933,3.8907676935195923,0,821,cache_read_only_not_online_fps,75af0ef3fc918763f0b62d63899bd6f7a427eaf26ec2562352624519f5cf2837,cached_perception_v2,0,0,0,,,0,0.0,0,13.91388289630413,1.0458556935191154,65.79561345279217,33.44177956999621,33.43637012683316,33.44177956999621,33.42718553460674,0.2890834356641506,28.340350193225984
sugar_box_yalehand0_drop60,821,0.4168729818179144,0.5808089145135562,7.5681459909137745,10.671744715095878,0.36840258802801173,0.5194797215243586,0.8,0.9985082048731975,0.16393593269564183,3.1035987241821035,MODE_3_RELOCALIZE,no_rollout,four_mode_relocalization_v2,,0,0,0,False,1,0,0.4168729818179144,0,0,restarted_se3,1,47.01987374573946,2.5487421080470085,0,822,cache_read_only_not_online_fps,75af0ef3fc918763f0b62d63899bd6f7a427eaf26ec2562352624519f5cf2837,cached_perception_v2,1,1,1,0.4321698719653811,,1,2471.805959008634,0,21.142116747796535,2471.805959008634,2542.516691610217,33.407762346277515,33.388554936909735,33.407762346277515,33.39301209534968,0.4321698719653811,28.246668491126027
sugar_box_yalehand0_drop60,822,0.6425035488363237,0.5269704738647483,9.327432305993087,10.385054381849717,0.45404121502273603,0.505524195183125,0.8,0.8,-0.11553307497157539,1.0576220758566297,MODE_3_RELOCALIZE,no_rollout,four_mode_relocalization_v2,,0,0,0,False,1,0,0.5269704738647483,0,0,restarted_se3,1,45.167102478444576,2.550913020968437,0,823,cache_read_only_not_online_fps,75af0ef3fc918763f0b62d63899bd6f7a427eaf26ec2562352624519f5cf2837,cached_perception_v2,1,1,1,0.35780879139759586,,1,2488.184677436948,0,9.982874616980553,2488.184677436948,2545.8855675533414,33.34302128527196,33.32821180426112,33.34302128527196,33.32831209626357,0.35780879139759586,28.08895975968208
sugar_box_yalehand0_drop60,823,0.4989292235367772,0.34163675532388044,8.274478858073858,3.206795570423434,0.4027854945659447,0.15610055472491177,0.8,0.041666666666666664,-0.15729246821289677,-5.067683287650423,MODE_2_PRIOR,no_rollout,four_mode_relocalization_v2,1.0,0,0,0,False,0,0,0.34163675532388044,0,0,restarted_se3,0,46.74619995057583,2.0427359268069267,0,824,cache_read_only_not_online_fps,75af0ef3fc918763f0b62d63899bd6f7a427eaf26ec2562352624519f5cf2837,cached_perception_v2,0,0,0,,,0,0.0,0,13.505489565432072,1.487748697400093,63.78217414021492,33.22540899692254,33.24610086390092,33.22540899692254,33.21070688102894,0.34163675532388044,27.95718644798328
sugar_box_yalehand0_drop60,824,0.36795089166662953,0.43082523039113557,8.291675303289393,5.638254658783179,0.403622583983867,0.2744592415038658,0.8,0.11650485436893204,0.06287433872450604,-2.6534206445062143,MODE_2_PRIOR,no_rollout,four_mode_relocalization_v2,1.0,0,0,0,False,0,0,0.36795089166662953,0,0,restarted_se3,0,46.02077230811119,3.469463437795639,0,825,cache_read_only_not_online_fps,75af0ef3fc918763f0b62d63899bd6f7a427eaf26ec2562352624519f5cf2837,cached_perception_v2,0,0,0,,,0,0.0,0,13.195750303566456,0.7934179157018661,63.47940396517515,33.180416393148484,33.18662648523134,33.180416393148484,33.16567654858957,0.43082523039113557,27.88661652292382
sugar_box_yalehand0_drop60,825,0.42867856532517823,0.5360612592263299,0.9910667580765021,4.602482810043635,0.048243197081856426,0.22403988778892323,0.041666666666666664,0.05,0.10738269390115163,3.611416051967133,MODE_4_TRUSTED_FUSION,no_rollout,four_mode_relocalization_v2,0.25,0,0,0,False,0,0,0.42867856532517823,0,0,restarted_se3,0,37.968456745147705,2.9789265245199203,0,826,cache_read_only_not_online_fps,75af0ef3fc918763f0b62d63899bd6f7a427eaf26ec2562352624519f5cf2837,cached_perception_v2,0,0,0,,,0,0.0,0,12.717267498373985,0.9399745613336563,54.60462532937527,33.206140999552716,33.13868770359712,33.206140999552716,33.19145435549526,0.40250389534034414,27.757882617146546
sugar_box_yalehand0_drop60,826,0.8516773866325971,0.5383309532111601,7.944282163510403,3.5920070561858553,0.3867121633985072,0.17485189864234815,0.8,0.041666666666666664,-0.313346433421437,-4.352275107324548,MODE_2_PRIOR,no_rollout,four_mode_relocalization_v2,1.0,0,0,0,False,0,0,0.5383309532111601,0,0,restarted_se3,0,45.291357673704624,2.2574858739972115,0,827,cache_read_only_not_online_fps,75af0ef3fc918763f0b62d63899bd6f7a427eaf26ec2562352624519f5cf2837,cached_perception_v2,0,0,0,,,0,0.0,0,20.70225216448307,0.6991010159254074,68.95019672811031,33.22832917770295,33.18428751044269,33.22832917770295,33.21364770338558,0.5383309532111601,27.688952627394826
sugar_box_yalehand0_drop60,827,0.66676001873014,0.7366539305364522,9.856200092351997,5.672052649798322,0.4797805997008777,0.27610446179626963,0.8,0.11650485436893204,0.06989391180631221,-4.184147442553676,MODE_2_PRIOR,no_rollout,four_mode_relocalization_v2,1.0,0,0,0,False,0,0,0.66676001873014,0,0,restarted_se3,0,44.36989314854145,1.966201700270176,0,828,cache_read_only_not_online_fps,75af0ef3fc918763f0b62d63899bd6f7a427eaf26ec2562352624519f5cf2837,cached_perception_v2,0,0,0,,,0,0.0,0,21.665585227310658,0.6938949227333069,68.69557499885559,33.20314663719952,33.16847689791155,33.20314663719952,33.188545831048586,0.7366539305364522,27.530862016405283
sugar_box_yalehand0_drop60,828,0.6337646807487985,0.9516416153670598,2.8232108684414285,3.62532915961979,0.13742839946947882,0.17647395365533775,0.041666666666666664,0.041666666666666664,0.3178769346182613,0.8021182911783615,MODE_4_TRUSTED_FUSION,no_rollout,four_mode_relocalization_v2,0.437998506023099,0,0,0,False,0,0,0.6337646807487985,0,0,restarted_se3,0,44.03664730489254,2.4060532450675964,0,829,cache_read_only_not_online_fps,75af0ef3fc918763f0b62d63899bd6f7a427eaf26ec2562352624519f5cf2837,cached_perception_v2,0,0,0,,,0,0.0,0,20.098390989005566,1.3829246163368225,67.92401615530252,33.20006659454473,33.225770573663446,33.20006659454473,33.185380293113894,0.7605599053666688,27.58163322615561
sugar_box_yalehand0_drop60,829,0.5798946370437669,0.80305518701289,5.400659457218417,5.045713129849656,0.26289357043137546,0.24561547540378448,0.11650485436893204,0.05,0.22316054996912316,-0.3549463273687614,MODE_4_TRUSTED_FUSION,no_rollout,four_mode_relocalization_v2,0.5169565111702273,0,0,0,False,0,0,0.5798946370437669,0,0,restarted_se3,0,44.35741249471903,2.5909505784511566,0,830,cache_read_only_not_online_fps,75af0ef3fc918763f0b62d63899bd6f7a427eaf26ec2562352624519f5cf2837,cached_perception_v2,0,0,0,,,0,0.0,0,20.308594219386578,1.3096053153276443,68.5665626078844,33.250115551997936,33.2534150412257,33.250115551997936,33.235372306738995,0.6654189763623223,27.566458622429945
sugar_box_yalehand0_drop60,830,0.942811800384377,0.6041587700941092,2.610098617587596,3.6419696407961686,0.1270545106928503,0.17728397982803173,0.041666666666666664,0.041666666666666664,-0.3386530302902677,1.0318710232085726,MODE_4_TRUSTED_FUSION,no_rollout,four_mode_relocalization_v2,0.41774076901751755,0,0,0,False,0,0,0.6041587700941092,0,0,restarted_se3,0,45.374819077551365,3.5296930000185966,0,831,cache_read_only_not_online_fps,75af0ef3fc918763f0b62d63899bd6f7a427eaf26ec2562352624519f5cf2837,cached_perception_v2,0,0,0,,,0,0.0,0,19.82709765434265,1.4658048748970032,70.19741460680962,33.12088548273188,33.088714498995365,33.12088548273188,33.10617445762949,0.7687890868155124,27.34894867763149
sugar_box_yalehand0_drop60,831,0.9408319555943947,1.0023117617954813,3.059969928425113,3.242041490960999,0.14895336880038063,0.1578162574028276,0.041666666666666664,0.041666666666666664,0.06147980620108662,0.18207156253588597,MODE_4_TRUSTED_FUSION,no_rollout,four_mode_relocalization_v2,0.48560018715107245,0,0,0,False,0,0,0.9408319555943947,0,0,restarted_se3,0,46.10566142946482,2.523047849535942,0,832,cache_read_only_not_online_fps,75af0ef3fc918763f0b62d63899bd6f7a427eaf26ec2562352624519f5cf2837,cached_perception_v2,0,0,0,,,0,0.0,0,21.03003952652216,1.3964464887976646,71.05519529432058,32.86626339373457,32.83718506441204,32.86626339373457,32.85154653416179,0.954663929135036,26.979385094906473
sugar_box_yalehand0_drop60,832,1.12365029953733,1.1122168826535455,4.618486668550587,5.489990111148356,0.22481892441156154,0.2672420124589916,0.05,0.11650485436893204,-0.01143341688378463,0.8715034425977688,MODE_4_TRUSTED_FUSION,no_rollout,four_mode_relocalization_v2,0.4569775662444836,0,0,0,False,0,1,1.1122168826535455,0,0,restarted_se3,0,45.502426102757454,2.6550740003585815,0,833,cache_read_only_not_online_fps,75af0ef3fc918763f0b62d63899bd6f7a427eaf26ec2562352624519f5cf2837,cached_perception_v2,0,0,0,,,0,0.0,0,21.215010434389114,1.688539981842041,71.06105051934719,32.64874657842426,32.645984332037386,32.64874657842426,32.633968676348324,1.0649762962881175,26.746581715449437
sugar_box_yalehand0_drop60,833,0.988260781050752,1.2406622884808596,7.13305362935873,5.159301228957679,0.34722314035079477,0.25114472255768694,0.7106474137815952,0.11650485436893204,0.2524015074301076,-1.9737524004010512,MODE_2_PRIOR,no_rollout,four_mode_relocalization_v2,1.0,0,0,0,False,0,0,0.988260781050752,0,0,restarted_se3,0,46.73007596284151,2.684180624783039,0,834,cache_read_only_not_online_fps,75af0ef3fc918763f0b62d63899bd6f7a427eaf26ec2562352624519f5cf2837,cached_perception_v2,0,0,0,,,0,0.0,0,20.914968103170395,1.2337667867541313,71.56299147754908,32.25378440109644,32.284006950927605,32.25378440109644,32.239036557452785,1.2406622884808596,26.35431483608997
sugar_box_yalehand0_drop60,834,0.9791957524423683,1.4585608124542235,7.265674936945882,7.434673652406608,0.3536788869763784,0.3619054148768561,0.8,0.8,0.4793650600118552,0.16899871546072553,MODE_3_RELOCALIZE,no_rollout,four_mode_relocalization_v2,,0,0,0,False,1,0,0.9791957524423683,0,0,restarted_se3,1,47.57875204086304,2.134891226887703,0,835,cache_read_only_not_online_fps,75af0ef3fc918763f0b62d63899bd6f7a427eaf26ec2562352624519f5cf2837,cached_perception_v2,1,1,1,0.41943786946983913,,1,2460.0665913894773,0,19.922823645174503,2460.0665913894773,2529.7030583024025,32.15092518380164,32.10571288105647,32.15092518380164,32.13624204083981,0.41943786946983913,26.09919904909683
sugar_box_yalehand0_drop60,835,0.5004676530083066,1.3967739857532513,9.268323423320155,10.445489592395928,0.45116390988376326,0.5084660633764675,0.8,0.9985082048731975,0.8963063327449446,1.1771661690757735,MODE_3_RELOCALIZE,no_rollout,four_mode_relocalization_v2,,0,0,0,False,1,0,0.5004676530083066,0,0,restarted_se3,1,30.241976492106915,2.0704492926597595,0,836,cache_read_only_not_online_fps,75af0ef3fc918763f0b62d63899bd6f7a427eaf26ec2562352624519f5cf2837,cached_perception_v2,1,1,1,0.3275979892573508,,1,2464.1453260555863,0,15.696733258664608,2464.1453260555863,2512.1544850990176,32.08726541158452,32.07203539755131,32.08726541158452,32.07253083695185,0.3275979892573508,25.997363638057713
sugar_box_yalehand0_drop60,836,0.47604258426722823,0.4196983606639673,4.6827791874727485,2.7214755477134904,0.22794855885442256,0.13247612245275245,0.05,0.041666666666666664,-0.05634422360326091,-1.961303639759258,MODE_4_TRUSTED_FUSION,no_rollout,four_mode_relocalization_v2,0.6320875771182748,0,0,0,False,0,0,0.4196983606639673,0,0,restarted_se3,0,35.42649187147617,4.027149640023708,0,837,cache_read_only_not_online_fps,75af0ef3fc918763f0b62d63899bd6f7a427eaf26ec2562352624519f5cf2837,cached_perception_v2,0,0,0,,,0,0.0,0,20.801684819161892,1.5686172991991043,61.82394362986088,32.15398222330846,32.15099552178798,32.15398222330846,32.139304254208895,0.3605258113065081,26.034349791483997
sugar_box_yalehand0_drop60,837,0.9699700666269703,0.4731126768729949,5.281440062874026,4.527225459624787,0.2570902028070806,0.22037650673156506,0.11650485436893204,0.05,-0.49685738975397536,-0.7542146032492392,MODE_4_TRUSTED_FUSION,no_rollout,four_mode_relocalization_v2,0.5383681081385243,0,0,0,False,0,0,0.4731126768729949,0,0,restarted_se3,0,52.01331339776516,2.4889595806598663,0,838,cache_read_only_not_online_fps,75af0ef3fc918763f0b62d63899bd6f7a427eaf26ec2562352624519f5cf2837,cached_perception_v2,0,0,0,,,0,0.0,0,20.70518583059311,0.8620657026767731,76.06952451169491,32.093750903314294,32.09320220326326,32.093750903314294,32.079113385127364,0.7011013823433274,25.969955649058242
sugar_box_yalehand0_drop60,838,0.8932600096376544,1.0461236419722877,8.851399654657756,9.410630205758771,0.43086887387758355,0.4580911265372564,0.8,0.8,0.1528636323346333,0.5592305511010149,MODE_3_RELOCALIZE,no_rollout,four_mode_relocalization_v2,,0,0,0,False,1,0,0.8932600096376544,0,0,restarted_se3,1,37.560408003628254,2.285037189722061,0,839,cache_read_only_not_online_fps,75af0ef3fc918763f0b62d63899bd6f7a427eaf26ec2562352624519f5cf2837,cached_perception_v2,1,1,1,0.23775413731402015,,1,2466.2321265786886,0,19.96367983520031,2466.2321265786886,2526.0412516072392,31.980770017895722,31.97630327874796,31.980770017895722,31.966148756546716,0.23775413731402015,25.851212247227856
sugar_box_yalehand0_drop60,839,0.4847101407151897,0.7455007103862591,3.5149957040793205,7.152680199693895,0.17110313620335107,0.34817852352049966,0.041666666666666664,0.7142857142857143,0.2607905696710694,3.637684495614575,MODE_1_ACCEPT,no_rollout,four_mode_relocalization_v2,0.0,0,0,0,False,0,0,0.4847101407151897,0,0,restarted_se3,0,38.28939329832792,2.1061673760414124,0,840,cache_read_only_not_online_fps,75af0ef3fc918763f0b62d63899bd6f7a427eaf26ec2562352624519f5cf2837,cached_perception_v2,0,0,0,,,0,0.0,0,18.28728150576353,0.667329877614975,59.35017205774784,32.18206549523229,32.051492255820094,32.18206549523229,32.167425510138905,0.4847101407151897,25.836903478762363
sugar_box_yalehand0_drop60,840,0.5969774693514988,0.8790277003383027,6.435202341890549,5.989701054581253,0.31325310057214656,0.29156696668789,0.4393939393939394,0.16666666666666666,0.28205023098680393,-0.4455012873092965,MODE_4_TRUSTED_FUSION,no_rollout,four_mode_relocalization_v2,0.517898945179261,0,0,0,False,0,0,0.5969774693514988,0,0,restarted_se3,0,36.51230037212372,2.422938123345375,0,841,cache_read_only_not_online_fps,75af0ef3fc918763f0b62d63899bd6f7a427eaf26ec2562352624519f5cf2837,cached_perception_v2,0,0,0,,,0,0.0,0,20.652806386351585,0.8795624598860741,60.46760734170675,32.07563672110517,32.071881167643184,32.07563672110517,32.0609360582169,0.696019099549963,25.763618628346492
sugar_box_yalehand0_drop60,841,0.48396545929535867,0.9261221253818339,3.245790105759068,0.669799509815816,0.15799873266094058,0.03260453394692603,0.041666666666666664,0.008333333333333333,0.44215666608647525,-2.575990595943252,MODE_4_TRUSTED_FUSION,no_rollout,four_mode_relocalization_v2,0.75,0,0,0,False,0,0,0.48396545929535867,0,0,restarted_se3,0,28.729671612381935,2.1882420405745506,0,842,cache_read_only_not_online_fps,75af0ef3fc918763f0b62d63899bd6f7a427eaf26ec2562352624519f5cf2837,cached_perception_v2,0,0,0,,,0,0.0,0,20.181577652692795,0.8655330166220665,51.96502432227135,31.835519961703106,31.859717280724315,31.835519961703106,31.82090828801249,0.8121860287283464,25.47668279386003
sugar_box_yalehand0_drop60,842,0.627513407954522,0.9106764530024701,8.35335011265143,7.221666775344511,0.40662479343019475,0.3515366554909175,0.8,0.8,0.2831630450479481,-1.131683337306919,MODE_3_RELOCALIZE,no_rollout,four_mode_relocalization_v2,,0,0,0,False,1,0,0.627513407954522,0,0,restarted_se3,1,53.798663429915905,2.3088352754712105,0,843,cache_read_only_not_online_fps,75af0ef3fc918763f0b62d63899bd6f7a427eaf26ec2562352624519f5cf2837,cached_perception_v2,1,1,1,0.3955349382729106,,1,2467.119427397847,0,21.204798482358456,2467.119427397847,2544.4317245855927,31.638779600277505,31.711753191503878,31.638779600277505,31.624181967225613,0.3955349382729106,25.388089067770743
sugar_box_yalehand0_drop60,843,0.8591862857212749,0.8235359119393724,2.961565953983385,10.857587164798778,0.1441632552243345,0.5285261695604049,0.041666666666666664,0.9985082048731975,-0.0356503737819025,7.896021210815393,MODE_1_ACCEPT,no_rollout,four_mode_relocalization_v2,0.0,0,0,0,False,0,0,0.8235359119393724,0,0,restarted_se3,0,39.14892114698887,2.0007453858852386,0,844,cache_read_only_not_online_fps,75af0ef3fc918763f0b62d63899bd6f7a427eaf26ec2562352624519f5cf2837,cached_perception_v2,0,0,0,,,0,0.0,0,19.485149532556534,0.6855139508843422,61.32033001631498,31.67503927336815,31.60730751646197,31.67503927336815,31.660807651617123,0.8591862857212749,24.9903991869449
sugar_box_yalehand0_drop60,844,0.7841998214498401,0.6708567045369502,6.439100977349573,9.253279415053107,0.3134428785434762,0.4504315968989782,0.4393939393939394,0.8,-0.1133431169128899,2.814178437703535,MODE_1_ACCEPT,no_rollout,four_mode_relocalization_v2,0.0,0,0,0,False,0,0,0.6708567045369502,0,0,restarted_se3,0,36.841449327766895,2.2646570578217506,0,845,cache_read_only_not_online_fps,75af0ef3fc918763f0b62d63899bd6f7a427eaf26ec2562352624519f5cf2837,cached_perception_v2,0,0,0,,,0,0.0,0,20.16584388911724,0.6981175392866135,59.9700678139925,31.278501171216956,31.241607271223938,31.278501171216956,31.26397177106664,0.7841998214498401,24.798812092619425
sugar_box_yalehand0_drop60,845,0.7351082064867569,1.1814846980743985,6.767156866104696,8.149734244536152,0.32941199945899713,0.39671317004617207,0.5901639344262295,0.8,0.4463764915876416,1.3825773784314555,MODE_1_ACCEPT,no_rollout,four_mode_relocalization_v2,0.0,0,0,0,False,0,0,0.7351082064867569,0,0,restarted_se3,0,39.10426143556833,2.386460080742836,0,846,cache_read_only_not_online_fps,75af0ef3fc918763f0b62d63899bd6f7a427eaf26ec2562352624519f5cf2837,cached_perception_v2,0,0,0,,,0,0.0,0,20.239369943737984,0.7185013964772224,62.448592856526375,31.437103084662667,31.382344706410294,31.437103084662667,31.42266456870085,0.7351082064867569,24.8858370214996
sugar_box_yalehand0_drop60,846,0.7634501939074468,0.7902884953551489,6.2608889256189775,4.712984003537778,0.304767863400513,0.22941887039738518,0.35,0.05,0.02683830144770205,-1.5479049220811998,MODE_4_TRUSTED_FUSION,no_rollout,four_mode_relocalization_v2,0.5703985270730215,0,0,0,False,0,0,0.7634501939074468,0,0,restarted_se3,0,30.081183649599552,2.509661018848419,0,847,cache_read_only_not_online_fps,75af0ef3fc918763f0b62d63899bd6f7a427eaf26ec2562352624519f5cf2837,cached_perception_v2,0,0,0,,,0,0.0,0,20.568281412124634,0.9028976783156395,54.062023758888245,31.399621739430266,31.367051418285424,31.399621739430266,31.385137445019012,0.7686151106406919,24.76521443509754
sugar_box_yalehand0_drop60,847,1.3196787129603709,0.8457569378921017,12.653278083639602,8.738476836031515,0.6159369016728129,0.425372011280156,0.9985082048731975,0.8,-0.47392177506826916,-3.9148012476080876,MODE_3_RELOCALIZE,no_rollout,four_mode_relocalization_v2,,0,0,0,False,1,0,0.8457569378921017,0,0,restarted_se3,1,48.165508545935154,2.498655579984188,0,848,cache_read_only_not_online_fps,75af0ef3fc918763f0b62d63899bd6f7a427eaf26ec2562352624519f5cf2837,cached_perception_v2,1,1,1,0.28715984771777664,,1,2466.3352044299245,0,21.494172513484955,2466.3352044299245,2538.493541069329,31.46296759125607,31.50253268010929,31.46296759125607,31.448412669817273,0.28715984771777664,24.864583069403125
sugar_box_yalehand0_drop60,848,0.2448470539868125,0.9245555959671445,6.748802938126495,6.165654582877495,0.3285185660374211,0.30013204131446564,0.5901639344262295,0.25925925925925924,0.679708541980332,-0.5831483552490004,MODE_4_TRUSTED_FUSION,no_rollout,four_mode_relocalization_v2,0.5225424357497034,0,0,0,False,0,0,0.2448470539868125,0,0,restarted_se3,0,40.11091589927673,1.8928935751318932,0,849,cache_read_only_not_online_fps,75af0ef3fc918763f0b62d63899bd6f7a427eaf26ec2562352624519f5cf2837,cached_perception_v2,0,0,0,,,0,0.0,0,20.73825243860483,0.9331358596682549,63.67519777268171,31.429575557968242,31.44601785645228,31.429575557968242,31.415025390344063,0.5238720978829736,24.81022652705129
sugar_box_yalehand0_drop60,849,0.5382964428166854,0.8279715459681689,3.1649186354665972,7.774315129540249,0.15406206719635437,0.37843849964133,0.041666666666666664,0.8,0.2896751031514835,4.609396494073652,MODE_1_ACCEPT,no_rollout,four_mode_relocalization_v2,0.0,0,0,0,False,0,0,0.5382964428166854,0,0,restarted_se3,0,37.493578158318996,2.254154533147812,0,850,cache_read_only_not_online_fps,75af0ef3fc918763f0b62d63899bd6f7a427eaf26ec2562352624519f5cf2837,cached_perception_v2,0,0,0,,,0,0.0,0,21.47352509200573,0.7075965404510498,61.92885432392359,31.377979871113254,31.366236705046692,31.377979871113254,31.363472213879984,0.5382964428166854,24.736874448293552
sugar_box_yalehand0_drop60,850,0.672962438948964,1.2577454347298802,4.822670901029266,9.270249045143208,0.23475821466441463,0.4512576453989116,0.05,0.8,0.5847829957809162,4.447578144113942,MODE_1_ACCEPT,no_rollout,four_mode_relocalization_v2,0.0,0,0,0,False,0,0,0.672962438948964,0,0,restarted_se3,0,35.69804225116968,2.3619281128048897,0,851,cache_read_only_not_online_fps,75af0ef3fc918763f0b62d63899bd6f7a427eaf26ec2562352624519f5cf2837,cached_perception_v2,0,0,0,,,0,0.0,0,20.914671942591667,0.6994903087615967,59.674132615327835,31.368529660939593,31.362061792808717,31.368529660939593,31.3540382928459,0.672962438948964,24.77848903559968
sugar_box_yalehand0_drop60,851,0.9367118429325437,0.8727033223164213,10.65439204090943,7.190372162605984,0.5186350271847978,0.3500132947711257,0.9985082048731975,0.8,-0.06400852061612239,-3.4640198783034464,MODE_3_RELOCALIZE,no_rollout,four_mode_relocalization_v2,,0,0,0,False,1,0,0.8727033223164213,0,0,restarted_se3,1,42.47177951037884,2.784332260489464,0,852,cache_read_only_not_online_fps,75af0ef3fc918763f0b62d63899bd6f7a427eaf26ec2562352624519f5cf2837,cached_perception_v2,1,1,1,0.21780576491976703,,1,2462.600076571107,0,21.174704656004906,2462.600076571107,2529.03089299798,31.30260670313475,31.2746002919406,31.30260670313475,31.2880979594859,0.21780576491976703,24.683923187759163
sugar_box_yalehand0_drop60,852,0.4887639074348246,0.7149510780528234,5.880279257693354,15.657983498468665,0.2862405270012647,0.7622001017238937,0.14634146341463414,0.9985082048731975,0.2261871706179988,9.77770424077531,MODE_1_ACCEPT,no_rollout,four_mode_relocalization_v2,0.0,0,0,0,False,0,0,0.4887639074348246,0,0,restarted_se3,0,45.39455100893974,2.2087404504418373,0,853,cache_read_only_not_online_fps,75af0ef3fc918763f0b62d63899bd6f7a427eaf26ec2562352624519f5cf2837,cached_perception_v2,0,0,0,,,0,0.0,0,19.83247697353363,0.7178261876106262,68.15359462052584,31.292297743478102,31.299269681585116,31.292297743478102,31.277774294714007,0.4887639074348246,24.7514426946501
sugar_box_yalehand0_drop60,853,0.8194490129629561,0.874416270249368,4.928837276076762,7.019333863487493,0.2399261867643196,0.34168748391562537,0.05,0.5901639344262295,0.05496725728641183,2.0904965874107306,MODE_4_TRUSTED_FUSION,no_rollout,four_mode_relocalization_v2,0.4126643259428339,0,0,0,False,0,0,0.8194490129629561,0,0,restarted_se3,0,46.25298175960779,2.5932444259524345,0,854,cache_read_only_not_online_fps,75af0ef3fc918763f0b62d63899bd6f7a427eaf26ec2562352624519f5cf2837,cached_perception_v2,0,0,0,,,0,0.0,0,19.74867656826973,0.8370662108063698,69.43196896463633,31.363039879510325,31.32749114672859,31.363039879510325,31.348531373921247,0.8236261697437214,24.77915079077001
sugar_box_yalehand0_drop60,854,0.9395765400781779,1.1590298779649981,3.6146037109798534,1.5800582254474613,0.17595185973148136,0.07691415310812605,0.041666666666666664,0.041666666666666664,0.2194533378868202,-2.034545485532392,MODE_4_TRUSTED_FUSION,no_rollout,four_mode_relocalization_v2,0.6950793273212938,0,0,0,False,0,0,0.9395765400781779,0,0,restarted_se3,0,46.63982708007097,2.46337428689003,0,855,cache_read_only_not_online_fps,75af0ef3fc918763f0b62d63899bd6f7a427eaf26ec2562352624519f5cf2837,cached_perception_v2,0,0,0,,,0,0.0,0,20.017048344016075,0.8365828543901443,69.95683256536722,31.468775894031364,31.4206922853058,31.468775894031364,31.454278312265266,1.0697858982307775,24.851017790341313
sugar_box_yalehand0_drop60,855,0.9725339633859412,1.3419143809093297,9.658261701290668,4.634671073150377,0.470145344828067,0.22560674966591227,0.8,0.05,0.36938041752338846,-5.0235906281402904,MODE_2_PRIOR,no_rollout,four_mode_relocalization_v2,1.0,0,0,0,False,0,0,0.9725339633859412,0,0,restarted_se3,0,46.78728990256786,2.3996029049158096,0,856,cache_read_only_not_online_fps,75af0ef3fc918763f0b62d63899bd6f7a427eaf26ec2562352624519f5cf2837,cached_perception_v2,0,0,0,,,0,0.0,0,22.971161641180515,0.6478847935795784,72.80593924224377,31.29494890441477,31.28975599442497,31.29494890441477,31.28039636994111,1.3419143809093297,24.725764248555592
sugar_box_yalehand0_drop60,856,0.9205904402539343,1.5808904760078142,6.133815781134985,6.103564970497499,0.298582190535195,0.2971096400661402,0.25925925925925924,0.25925925925925924,0.6603000357538799,-0.03025081063748658,MODE_4_TRUSTED_FUSION,no_rollout,four_mode_relocalization_v2,0.5012339834769943,0,0,0,False,0,0,0.9205904402539343,0,0,restarted_se3,0,45.377014204859734,2.318143844604492,0,857,cache_read_only_not_online_fps,75af0ef3fc918763f0b62d63899bd6f7a427eaf26ec2562352624519f5cf2837,cached_perception_v2,0,0,0,,,0,0.0,0,25.971928611397743,0.8079390972852707,74.47502575814724,31.300226993769627,31.25199272506122,31.300226993769627,31.285703052149564,1.1555714125732375,24.669356982679965
sugar_box_yalehand0_drop60,857,1.0830710017660834,1.0912136516338322,6.028251000186716,3.603078929932059,0.29344350286285836,0.17539085586480632,0.16666666666666666,0.041666666666666664,0.008142649867748819,-2.4251720702546566,MODE_4_TRUSTED_FUSION,no_rollout,four_mode_relocalization_v2,0.6256392687750967,0,0,0,False,0,1,1.0830710017660834,0,0,restarted_se3,0,44.31514721363783,2.4319197982549667,0,858,cache_read_only_not_online_fps,75af0ef3fc918763f0b62d63899bd6f7a427eaf26ec2562352624519f5cf2837,cached_perception_v2,0,0,0,,,0,0.0,0,18.57064664363861,0.9050117805600166,66.22272543609142,30.946480769304863,30.99035218273707,30.946480769304863,30.93196633559061,1.0700551038675206,24.429642351971864
sugar_box_yalehand0_drop60,858,1.077699783631374,1.0078947056147238,8.31220983907022,7.2556300426204965,0.4046221651408232,0.35318992110939024,0.8,0.8,-0.06980507801665015,-1.056579796449724,MODE_3_RELOCALIZE,no_rollout,four_mode_relocalization_v2,,0,0,0,False,1,1,1.0078947056147238,0,0,restarted_se3,1,44.2229462787509,2.605329267680645,0,859,cache_read_only_not_online_fps,75af0ef3fc918763f0b62d63899bd6f7a427eaf26ec2562352624519f5cf2837,cached_perception_v2,1,1,1,0.45431800947730927,,1,2477.4543745443225,0,17.457463778555393,2477.4543745443225,2541.7401138693094,31.122308556626678,31.08796846849673,31.122308556626678,31.107915386067365,0.45431800947730927,24.510196343586806
sugar_box_yalehand0_drop60,859,0.5106497083794526,1.3890322894593017,6.376864431897526,20.869330810200037,0.3104133248797408,1.0158783260947815,0.4393939393939394,0.9985082048731975,0.8783825810798491,14.49246637830251,MODE_1_ACCEPT,no_rollout,four_mode_relocalization_v2,0.0,0,0,0,False,0,0,0.5106497083794526,0,0,restarted_se3,0,45.129651203751564,2.2674892097711563,0,860,cache_read_only_not_online_fps,75af0ef3fc918763f0b62d63899bd6f7a427eaf26ec2562352624519f5cf2837,cached_perception_v2,0,0,0,,,0,0.0,0,21.38657309114933,0.6969394162297249,69.48065292090178,31.03591250663092,31.056260086022668,31.03591250663092,31.021574426437144,0.5106497083794526,24.50063716226163
sugar_box_yalehand0_drop60,860,0.5561068361290042,0.8429320360866194,4.580860978413064,9.81649302535564,0.22298737919036132,0.4778477371131288,0.05,0.8,0.28682519995761513,5.235632046942577,MODE_1_ACCEPT,no_rollout,four_mode_relocalization_v2,0.0,0,0,0,False,0,0,0.5561068361290042,0,0,restarted_se3,0,45.59636861085892,2.469216473400593,0,861,cache_read_only_not_online_fps,75af0ef3fc918763f0b62d63899bd6f7a427eaf26ec2562352624519f5cf2837,cached_perception_v2,0,0,0,,,0,0.0,0,20.64422331750393,0.6934609264135361,69.40326932817698,30.98848069604106,30.98613279850874,30.98848069604106,30.97417886661834,0.5561068361290042,24.46863613027125
sugar_box_yalehand0_drop60,861,0.5224848055359169,0.8528754410544296,6.618936368014713,4.120467957606216,0.32219691466006367,0.20057634476014438,0.4393939393939394,0.04838709677419355,0.33039063551851267,-2.4984684104084964,MODE_4_TRUSTED_FUSION,no_rollout,four_mode_relocalization_v2,0.616106260848428,0,0,0,False,0,0,0.5224848055359169,0,0,restarted_se3,0,45.15635035932064,2.6323581114411354,0,862,cache_read_only_not_online_fps,75af0ef3fc918763f0b62d63899bd6f7a427eaf26ec2562352624519f5cf2837,cached_perception_v2,0,0,0,,,0,0.0,0,20.046912133693695,0.8719321340322495,68.70755273848772,31.02651072277513,30.959418930427272,31.02651072277513,31.012272650866237,0.6687885991660395,24.443438175262877
sugar_box_yalehand0_drop60,862,0.6224581493793032,0.8360780821474918,10.082361999063727,3.8689172346470078,0.4907897202762448,0.18833134612114474,0.8,0.041666666666666664,0.21361993276818858,-6.213444764416719,MODE_2_PRIOR,no_rollout,four_mode_relocalization_v2,1.0,0,0,0,False,0,0,0.6224581493793032,0,0,restarted_se3,0,42.46154613792896,2.463032491505146,0,863,cache_read_only_not_online_fps,75af0ef3fc918763f0b62d63899bd6f7a427eaf26ec2562352624519f5cf2837,cached_perception_v2,0,0,0,,,0,0.0,0,20.98656352609396,0.6347158923745155,66.54585804790258,30.920311436502708,30.90436727132666,30.920311436502708,30.906044992143418,0.8360780821474918,24.394128936523522
sugar_box_yalehand0_drop60,863,0.6044759485376398,0.9494305904650092,4.208614129027421,4.597276711986412,0.20486712848912103,0.2237864650880251,0.04838709677419355,0.05,0.34495464192736947,0.38866258295899136,MODE_4_TRUSTED_FUSION,no_rollout,four_mode_relocalization_v2,0.4779816796989557,0,0,0,False,0,0,0.6044759485376398,0,0,restarted_se3,0,45.894150622189045,3.3467989414930344,0,864,cache_read_only_not_online_fps,75af0ef3fc918763f0b62d63899bd6f7a427eaf26ec2562352624519f5cf2837,cached_perception_v2,0,0,0,,,0,0.0,0,23.629317060112953,0.8883355185389519,73.75860214233398,30.850788106125844,30.868255380785854,30.850788106125844,30.83644847144777,0.7080086780112408,24.422012489167493
sugar_box_yalehand0_drop60,864,0.43578999297248894,0.6569139818776792,7.151210955914342,7.769231901755748,0.348107003598516,0.3781910580256959,0.7142857142857143,0.8,0.2211239889051903,0.6180209458414057,MODE_3_RELOCALIZE,no_rollout,four_mode_relocalization_v2,,0,0,0,False,1,0,0.43578999297248894,0,0,restarted_se3,1,43.22257824242115,2.6591261848807335,0,865,cache_read_only_not_online_fps,75af0ef3fc918763f0b62d63899bd6f7a427eaf26ec2562352624519f5cf2837,cached_perception_v2,1,1,1,0.21384248803597786,,1,2465.646952390671,0,22.547276690602303,2465.646952390671,2534.075933508575,30.83362464670798,30.816808208470984,30.83362464670798,30.819329176584535,0.21384248803597786,24.395976019076198
sugar_box_yalehand0_drop60,865,0.572451444781722,0.9333041733661793,10.02459580387233,10.804698173970056,0.48797777454546853,0.5259516366268591,0.8,0.9985082048731975,0.36085272858445727,0.7801023700977261,MODE_3_RELOCALIZE,no_rollout,four_mode_relocalization_v2,,0,0,0,False,1,0,0.572451444781722,0,0,restarted_se3,1,43.20348985493183,2.0486153662204742,0,866,cache_read_only_not_online_fps,75af0ef3fc918763f0b62d63899bd6f7a427eaf26ec2562352624519f5cf2837,cached_perception_v2,1,1,1,0.25882980345475476,,1,2475.618362426758,0,20.598921924829483,2475.618362426758,2541.4693895727396,30.87111247027561,30.823041477756462,30.87111247027561,30.85679031995463,0.25882980345475476,24.42426237053326
sugar_box_yalehand0_drop60,866,0.3581258081182958,0.2544047370496521,4.510832086124371,3.0000938825499817,0.21957850927864678,0.1460387196527868,0.05,0.041666666666666664,-0.1037210710686437,-1.5107382035743897,MODE_4_TRUSTED_FUSION,no_rollout,four_mode_relocalization_v2,0.6003022875180594,0,0,0,False,0,0,0.2544047370496521,0,0,restarted_se3,0,45.835777185857296,2.422836609184742,0,867,cache_read_only_not_online_fps,75af0ef3fc918763f0b62d63899bd6f7a427eaf26ec2562352624519f5cf2837,cached_perception_v2,0,0,0,,,0,0.0,0,20.99301479756832,0.9854109957814217,70.23703958839178,30.880966824439408,30.872660782488463,30.880966824439408,30.866662675070106,0.17475308901189313,24.464652342936215
sugar_box_yalehand0_drop60,867,0.7927605432878966,0.2787938579238691,9.867107292598222,6.77225219093516,0.4803115409384904,0.3296600299352379,0.8,0.5901639344262295,-0.5139666853640275,-3.094855101663062,MODE_2_PRIOR,no_rollout,four_mode_relocalization_v2,1.0,0,0,0,False,0,0,0.2787938579238691,0,0,restarted_se3,0,44.36258040368557,2.5034714490175247,0,868,cache_read_only_not_online_fps,75af0ef3fc918763f0b62d63899bd6f7a427eaf26ec2562352624519f5cf2837,cached_perception_v2,0,0,0,,,0,0.0,0,20.60475293546915,0.7153889164328575,68.1861937046051,30.880871339093403,30.874371194149436,30.880871339093403,30.866566197885277,0.2787938579238691,24.474209560920563
sugar_box_yalehand0_drop60,868,0.7337690066677649,0.3867399360081609,8.057364488754462,10.41486562304892,0.3922167904670327,0.5069753482691383,0.8,0.9985082048731975,-0.347029070659604,2.3575011342944574,MODE_3_RELOCALIZE,no_rollout,four_mode_relocalization_v2,,0,0,0,False,1,0,0.3867399360081609,0,0,restarted_se3,1,43.608326464891434,2.9661189764738083,0,869,cache_read_only_not_online_fps,75af0ef3fc918763f0b62d63899bd6f7a427eaf26ec2562352624519f5cf2837,cached_perception_v2,1,1,1,0.2794722582639169,,1,2462.1759075671434,0,20.093055441975594,2462.1759075671434,2528.8434084504843,30.85170336783835,30.86080299603127,30.85170336783835,30.83738526639505,0.2794722582639169,24.49803119792038
sugar_box_yalehand0_drop60,869,0.31300802212284273,0.4965942022966167,5.296791762818186,2.9399704185332696,0.2578374936226711,0.14311202667255646,0.11650485436893204,0.041666666666666664,0.18358618017377398,-2.3568213442849166,MODE_4_TRUSTED_FUSION,no_rollout,four_mode_relocalization_v2,0.6427206750370007,0,0,0,False,0,0,0.31300802212284273,0,0,restarted_se3,0,45.90493533760309,2.2726189345121384,0,870,cache_read_only_not_online_fps,75af0ef3fc918763f0b62d63899bd6f7a427eaf26ec2562352624519f5cf2837,cached_perception_v2,0,0,0,,,0,0.0,0,21.020091138780117,0.894227996468544,70.09187340736389,30.85811439141734,30.83356240099089,30.85811439141734,30.843818772078418,0.36727789668923416,24.497621625691814
sugar_box_yalehand0_drop60,870,0.4171427496475738,0.4576908857000418,5.7755638487254615,7.520898239425599,0.28114318510055364,0.3661026596244575,0.14634146341463414,0.8,0.04054813605246799,1.7453343907001377,MODE_1_ACCEPT,no_rollout,four_mode_relocalization_v2,0.0,0,0,0,False,0,0,0.4171427496475738,0,0,restarted_se3,0,43.624657206237316,4.026327282190323,0,871,cache_read_only_not_online_fps,75af0ef3fc918763f0b62d63899bd6f7a427eaf26ec2562352624519f5cf2837,cached_perception_v2,0,0,0,,,0,0.0,0,20.25502920150757,0.7162783294916153,68.62229201942682,30.85253480939262,30.833159008770888,30.85253480939262,30.83826870714103,0.4171427496475738,24.5226553826881
sugar_box_yalehand0_drop60,871,0.7967993096106611,0.8773196873258409,6.690753185041504,9.92123174202181,0.3256928172613571,0.4829462135871391,0.5901639344262295,0.8,0.08052037771517973,3.230478556980306,MODE_1_ACCEPT,no_rollout,four_mode_relocalization_v2,0.0,0,0,0,False,0,0,0.7967993096106611,0,0,restarted_se3,0,44.504955410957336,3.602513112127781,0,872,cache_read_only_not_online_fps,75af0ef3fc918763f0b62d63899bd6f7a427eaf26ec2562352624519f5cf2837,cached_perception_v2,0,0,0,,,0,0.0,0,21.36654406785965,0.756935216486454,70.23094780743122,30.891472066190957,30.884977555317782,30.891472066190957,30.87721180706684,0.7967993096106611,24.57394417987942
sugar_box_yalehand0_drop60,872,0.8459111707616797,1.2935887095128127,10.149542916718657,9.70161294582059,0.4940599563366865,0.47225559887155844,0.8,0.8,0.44767753875113303,-0.4479299708980662,MODE_3_RELOCALIZE,no_rollout,four_mode_relocalization_v2,,0,0,0,False,1,0,0.8459111707616797,0,0,restarted_se3,1,44.5320550352335,3.870065324008465,0,873,cache_read_only_not_online_fps,75af0ef3fc918763f0b62d63899bd6f7a427eaf26ec2562352624519f5cf2837,cached_perception_v2,1,1,1,0.3340537508938328,,1,2462.570113129914,0,20.065621472895145,2462.570113129914,2531.037854962051,30.79286452713007,30.799446033042194,30.79286452713007,30.77858956231064,0.3340537508938328,24.55453598778498
sugar_box_yalehand0_drop60,873,0.5501431327926334,1.0349287850244042,9.339375476041804,11.30231377354533,0.45462258525006627,0.550174593602945,0.8,0.9985082048731975,0.48478565223177084,1.962938297503527,MODE_3_RELOCALIZE,no_rollout,four_mode_relocalization_v2,,0,0,0,False,1,0,0.5501431327926334,0,0,restarted_se3,1,45.39915919303894,2.6213424280285835,0,874,cache_read_only_not_online_fps,75af0ef3fc918763f0b62d63899bd6f7a427eaf26ec2562352624519f5cf2837,cached_perception_v2,1,1,1,0.3026892029723408,,1,2467.254244722426,0,23.070434108376503,2467.254244722426,2538.34518045187,30.73148778048313,30.738444356189355,30.73148778048313,30.71718361867777,0.3026892029723408,24.537931045816542
sugar_box_yalehand0_drop60,874,0.5031685855245367,0.352519582356763,7.390514969761702,3.6467825200656847,0.35975585632053037,0.17751826140516896,0.8,0.041666666666666664,-0.1506490031677737,-3.743732449696017,MODE_2_PRIOR,no_rollout,four_mode_relocalization_v2,1.0,0,0,0,False,0,0,0.352519582356763,0,0,restarted_se3,0,45.38947809487581,2.0195292308926582,0,875,cache_read_only_not_online_fps,75af0ef3fc918763f0b62d63899bd6f7a427eaf26ec2562352624519f5cf2837,cached_perception_v2,0,0,0,,,0,0.0,0,21.238920278847218,1.2191478163003922,69.86707542091608,30.862602013438238,30.815481450731504,30.862602013438238,30.848164387610737,0.352519582356763,24.658134094920005
sugar_box_yalehand0_drop60,875,0.756982902693854,0.4246017413853871,14.18293507377034,7.506621634242906,0.6903976209342898,0.36540770232528896,0.9985082048731975,0.8,-0.33238116130846695,-6.6763134395274335,MODE_3_RELOCALIZE,no_rollout,four_mode_relocalization_v2,,0,0,0,False,1,0,0.4246017413853871,0,0,restarted_se3,1,44.1598454490304,3.1983405351638794,0,876,cache_read_only_not_online_fps,75af0ef3fc918763f0b62d63899bd6f7a427eaf26ec2562352624519f5cf2837,cached_perception_v2,1,1,1,0.2865368910525605,,1,2475.161263719201,0,20.311234518885612,2475.161263719201,2542.830684222281,30.90147412606831,30.831158712172275,30.90147412606831,30.887090395586203,0.2865368910525605,24.63284343298996
sugar_box_yalehand0_drop60,876,0.5542950437336098,0.31615511034586763,9.331960903450216,5.890312475187459,0.4542616583156306,0.28672892446287734,0.8,0.14634146341463414,-0.2381399333877422,-3.4416484282627575,MODE_2_PRIOR,no_rollout,four_mode_relocalization_v2,1.0,0,0,0,False,0,0,0.31615511034586763,0,0,restarted_se3,0,45.299542136490345,1.9117975607514381,0,877,cache_read_only_not_online_fps,75af0ef3fc918763f0b62d63899bd6f7a427eaf26ec2562352624519f5cf2837,cached_perception_v2,0,0,0,,,0,0.0,0,15.537320636212826,1.5414170920848846,64.2900774255395,30.90340262825845,30.88342341419264,30.90340262825845,30.889040438145905,0.31615511034586763,24.670740570486366
sugar_box_yalehand0_drop60,877,0.5467940807441561,0.4288534687020687,8.021257265750883,7.944492547957891,0.3904591612647164,0.38672240450313555,0.8,0.8,-0.11794061204208744,-0.07676471779299199,MODE_3_RELOCALIZE,no_rollout,four_mode_relocalization_v2,,0,0,0,False,1,0,0.4288534687020687,0,0,restarted_se3,1,43.797826394438744,2.61664018034935,0,878,cache_read_only_not_online_fps,75af0ef3fc918763f0b62d63899bd6f7a427eaf26ec2562352624519f5cf2837,cached_perception_v2,1,1,1,0.2781226077165962,,1,2470.9774451330304,0,14.069672673940659,2470.9774451330304,2531.461584381759,30.83300203375051,30.825045082416263,30.83300203375051,30.818699915742638,0.2781226077165962,24.568975909125246
sugar_box_yalehand0_drop60,878,0.6272330404053887,0.40618593399446895,7.1617213300233695,5.11676464184685,0.3486186281136293,0.24907412444867552,0.7142857142857143,0.08333333333333333,-0.2210471064109198,-2.0449566881765193,MODE_2_PRIOR,no_rollout,four_mode_relocalization_v2,1.0,0,0,0,False,0,0,0.40618593399446895,0,0,restarted_se3,0,44.32220757007599,2.6269154623150826,0,879,cache_read_only_not_online_fps,75af0ef3fc918763f0b62d63899bd6f7a427eaf26ec2562352624519f5cf2837,cached_perception_v2,0,0,0,,,0,0.0,0,21.12822514027357,1.3773208484053612,69.45466902107,30.761262646061038,30.773644420726313,30.761262646061038,30.747015822618817,0.40618593399446895,24.51833331827324
sugar_box_yalehand0_drop60,879,0.738525305919573,0.5930588220750472,5.660603677865719,7.387061414900099,0.2755471481694851,0.35958774400472165,0.11650485436893204,0.8,-0.14546648384452576,1.72645773703438,MODE_1_ACCEPT,no_rollout,four_mode_relocalization_v2,0.0,0,0,0,False,0,0,0.5930588220750472,0,0,restarted_se3,0,42.91936103254557,4.413825459778309,0,880,cache_read_only_not_online_fps,75af0ef3fc918763f0b62d63899bd6f7a427eaf26ec2562352624519f5cf2837,cached_perception_v2,0,0,0,,,0,0.0,0,20.985527895390987,1.8895193934440613,70.20823378115892,30.696299877060312,30.71066764570868,30.696299877060312,30.682115322256067,0.738525305919573,24.433600199526158
sugar_box_yalehand0_drop60,880,0.7616446602979572,1.524132131153822,8.047754839954226,9.01702407332865,0.39174901150342695,0.43893114759062346,0.8,0.8,0.7624874708558649,0.9692692333744244,MODE_3_RELOCALIZE,no_rollout,four_mode_relocalization_v2,,0,0,0,False,1,0,0.7616446602979572,0,0,restarted_se3,1,44.70798745751381,4.555768333375454,0,881,cache_read_only_not_online_fps,75af0ef3fc918763f0b62d63899bd6f7a427eaf26ec2562352624519f5cf2837,cached_perception_v2,1,1,1,0.3318527845458892,,1,2477.208511903882,0,20.35571727901697,2477.208511903882,2546.8279849737883,30.633055669151126,30.640320409963596,30.633055669151126,30.61897335629701,0.3318527845458892,24.34639119722858
sugar_box_yalehand0_drop60,881,0.43782193016967885,0.9276508773440171,6.709439979231028,13.981641102924838,0.3266024539609706,0.6805990229813763,0.5901639344262295,0.9985082048731975,0.4898289471743382,7.27220112369381,MODE_1_ACCEPT,no_rollout,four_mode_relocalization_v2,0.0,0,0,0,False,0,0,0.43782193016967885,0,0,restarted_se3,0,45.595988631248474,2.2307028993964195,0,882,cache_read_only_not_online_fps,75af0ef3fc918763f0b62d63899bd6f7a427eaf26ec2562352624519f5cf2837,cached_perception_v2,0,0,0,,,0,0.0,0,21.638022735714912,1.676800660789013,71.14151492714882,30.620911611159997,30.587838039550856,30.620911611159997,30.606936396601853,0.43782193016967885,24.25164366342286
sugar_box_yalehand0_drop60,882,0.5484579694357132,0.7540431423545376,9.029071769786242,11.582868437415211,0.4395176059596984,0.5638314475242465,0.8,0.9985082048731975,0.2055851729188244,2.553796667628969,MODE_3_RELOCALIZE,no_rollout,four_mode_relocalization_v2,,0,0,0,False,1,0,0.5484579694357132,0,0,restarted_se3,1,43.97877864539623,4.369568079710007,0,883,cache_read_only_not_online_fps,75af0ef3fc918763f0b62d63899bd6f7a427eaf26ec2562352624519f5cf2837,cached_perception_v2,1,1,1,0.240216658942303,,1,2474.4280129671097,0,21.884053945541382,2474.4280129671097,2544.6604136377573,30.57125105251004,30.535616940834913,30.57125105251004,30.557302028039924,0.240216658942303,24.15689013511099
sugar_box_yalehand0_drop60,883,0.5282193098645575,0.4150561621432216,6.973724423798074,6.800855250484078,0.33946730533552627,0.3310523710946172,0.5901639344262295,0.5901639344262295,-0.11316314772133584,-0.17286917331399554,MODE_4_TRUSTED_FUSION,no_rollout,four_mode_relocalization_v2,0.5062658369227546,0,0,0,False,0,0,0.4150561621432216,0,0,restarted_se3,0,43.71392633765936,3.2835565507411957,0,884,cache_read_only_not_online_fps,75af0ef3fc918763f0b62d63899bd6f7a427eaf26ec2562352624519f5cf2837,cached_perception_v2,0,0,0,,,0,0.0,0,21.832294762134552,1.2508770450949669,70.08065469563007,30.544862725375392,30.505649798815465,30.544862725375392,30.530957957238925,0.2935553287094514,24.064567297960213
sugar_box_yalehand0_drop60,884,0.7624288237473292,0.40061292492662287,8.583291478211104,5.708315224960248,0.41781789069187314,0.27786965323869856,0.8,0.14634146341463414,-0.36181589882070636,-2.874976253250856,MODE_2_PRIOR,no_rollout,four_mode_relocalization_v2,1.0,0,0,0,False,0,0,0.40061292492662287,0,0,restarted_se3,0,43.703796342015266,3.7360452115535736,0,885,cache_read_only_not_online_fps,75af0ef3fc918763f0b62d63899bd6f7a427eaf26ec2562352624519f5cf2837,cached_perception_v2,0,0,0,,,0,0.0,0,20.02357318997383,1.1733928695321083,68.63680761307478,30.495564059657,30.485956013423,30.495564059657,30.48165244000185,0.40061292492662287,24.011171757588574
sugar_box_yalehand0_drop60,885,0.8878125671398698,0.5124034408430291,9.569485681878048,6.748642464102831,0.4658239013271489,0.3285107544748931,0.8,0.5901639344262295,-0.37540912629684065,-2.8208432177752165,MODE_2_PRIOR,no_rollout,four_mode_relocalization_v2,1.0,0,0,0,False,0,0,0.5124034408430291,0,0,restarted_se3,0,46.02407570928335,4.490372724831104,0,886,cache_read_only_not_online_fps,75af0ef3fc918763f0b62d63899bd6f7a427eaf26ec2562352624519f5cf2837,cached_perception_v2,0,0,0,,,0,0.0,0,20.59053909033537,1.0704146698117256,72.17540219426155,30.51498318075157,30.516152302184192,30.51498318075157,30.50107909368704,0.5124034408430291,23.993467042178224
sugar_box_yalehand0_drop60,886,0.7875854055171907,0.6213510876374801,8.003449205187493,8.432472456747744,0.38959229960438524,0.410476314842562,0.8,0.8,-0.16623431787971055,0.4290232515602508,MODE_3_RELOCALIZE,no_rollout,four_mode_relocalization_v2,,0,0,0,False,1,0,0.6213510876374801,0,0,restarted_se3,1,44.530089013278484,2.8573842719197273,0,887,cache_read_only_not_online_fps,75af0ef3fc918763f0b62d63899bd6f7a427eaf26ec2562352624519f5cf2837,cached_perception_v2,1,1,1,0.2458849287868937,,1,2467.8357634693384,0,20.648754201829433,2467.8357634693384,2535.871990956366,30.484507544512084,30.502625920561595,30.484507544512084,30.470614567417453,0.2458849287868937,23.961329226769003
sugar_box_yalehand0_drop60,887,0.4747331342315417,0.6005306183903989,7.127675372687474,12.905249968470011,0.34696133730429585,0.6282024016503854,0.7048945684068163,0.9985082048731975,0.12579748415885722,5.7775745957825375,MODE_3_RELOCALIZE,no_rollout,four_mode_relocalization_v2,,0,0,0,False,1,0,0.4747331342315417,0,0,restarted_se3,1,43.608658015728,2.2342419251799583,0,888,cache_read_only_not_online_fps,75af0ef3fc918763f0b62d63899bd6f7a427eaf26ec2562352624519f5cf2837,cached_perception_v2,1,1,1,0.3316290243065417,,1,2472.63072617352,0,20.92488668859005,2472.63072617352,2539.398512803018,30.370045957751312,30.39160364098212,30.370045957751312,30.35622039332085,0.3316290243065417,23.855240206188885
sugar_box_yalehand0_drop60,888,0.5239582358267899,0.4614212303935209,5.687226103796366,8.968950319955647,0.27684307594680463,0.4365910110261204,0.12755763827189384,0.8,-0.06253700543326901,3.2817242161592812,MODE_1_ACCEPT,no_rollout,four_mode_relocalization_v2,0.0,0,0,0,False,0,0,0.4614212303935209,0,0,restarted_se3,0,44.082412496209145,2.1998826414346695,0,889,cache_read_only_not_online_fps,75af0ef3fc918763f0b62d63899bd6f7a427eaf26ec2562352624519f5cf2837,cached_perception_v2,0,0,0,,,0,0.0,0,22.055928595364094,0.705670565366745,69.04389429837465,30.5749903576284,30.477604502052603,30.5749903576284,30.561079521301288,0.5239582358267899,23.887845322644193
sugar_box_yalehand0_drop60,889,0.9696237491218855,0.9748331471786702,11.854765848418584,5.847513357991491,0.5770668832587076,0.2846455469012871,0.9985082048731975,0.14634146341463414,0.005209398056784664,-6.007252490427093,MODE_2_PRIOR,no_rollout,four_mode_relocalization_v2,1.0,0,0,0,False,0,0,0.9696237491218855,0,0,restarted_se3,0,44.59248762577772,3.211044706404209,0,890,cache_read_only_not_online_fps,75af0ef3fc918763f0b62d63899bd6f7a427eaf26ec2562352624519f5cf2837,cached_perception_v2,0,0,0,,,0,0.0,0,20.556606352329254,1.3905158266425133,69.7506545111537,30.571558135497483,30.54491619919576,30.571558135497483,30.557600654259748,0.9748331471786702,23.836048904179354
sugar_box_yalehand0_drop60,890,1.0477522516886542,1.4362381621380589,6.36405758392711,10.155899807387309,0.3097899124954598,0.4943693973777227,0.4393939393939394,0.8,0.3884859104494047,3.7918422234601987,MODE_1_ACCEPT,no_rollout,four_mode_relocalization_v2,0.0,0,0,0,False,0,1,1.0477522516886542,0,0,restarted_se3,0,44.80541404336691,3.9644259959459305,0,891,cache_read_only_not_online_fps,75af0ef3fc918763f0b62d63899bd6f7a427eaf26ec2562352624519f5cf2837,cached_perception_v2,0,0,0,,,0,0.0,0,20.236309617757797,0.7015177980065346,69.70766745507717,30.56653488456247,30.53605497068366,30.56653488456247,30.55268477123832,1.0477522516886542,23.65121455804643
sugar_box_yalehand0_drop60,891,1.2496615555609798,1.4837182881810842,10.234178006356833,15.885470854648698,0.4981798274515039,0.7732737425945895,0.8,0.9985082048731975,0.2340567326201044,5.651292848291865,MODE_3_RELOCALIZE,no_rollout,four_mode_relocalization_v2,,0,0,0,False,1,1,1.2496615555609798,0,0,restarted_se3,1,45.3798733651638,3.7803268060088158,0,892,cache_read_only_not_online_fps,75af0ef3fc918763f0b62d63899bd6f7a427eaf26ec2562352624519f5cf2837,cached_perception_v2,1,1,1,0.28568708164353224,,1,2496.542994864285,0,20.857615396380424,2496.542994864285,2566.560810431838,30.476349556442862,30.513838058456706,30.476349556442862,30.462590264816814,0.28568708164353224,23.500651790103017
sugar_box_yalehand0_drop60,892,0.5514124044678231,1.2676825942516279,8.81863784284962,8.081690218933431,0.42927409276830075,0.393400919573998,0.8,0.8,0.7162701897838047,-0.7369476239161887,MODE_3_RELOCALIZE,no_rollout,four_mode_relocalization_v2,,0,0,0,False,1,0,0.5514124044678231,0,0,restarted_se3,1,44.3074107170105,1.959160901606083,0,893,cache_read_only_not_online_fps,75af0ef3fc918763f0b62d63899bd6f7a427eaf26ec2562352624519f5cf2837,cached_perception_v2,1,1,1,0.28651638612870123,,1,2491.8611152097583,0,20.711956545710564,2491.8611152097583,2558.8396433740854,30.419869897825002,30.427257133377093,30.419869897825002,30.406244257519095,0.28651638612870123,23.20312230654171
sugar_box_yalehand0_drop60,893,0.5245194326655792,0.4285019898597686,11.086440724231045,8.309053372237003,0.539666314541156,0.4044685144908783,0.9985082048731975,0.8,-0.0960174428058106,-2.777387351994042,MODE_3_RELOCALIZE,no_rollout,four_mode_relocalization_v2,,0,0,0,False,1,0,0.4285019898597686,0,0,restarted_se3,1,45.134869404137135,2.434217371046543,0,894,cache_read_only_not_online_fps,75af0ef3fc918763f0b62d63899bd6f7a427eaf26ec2562352624519f5cf2837,cached_perception_v2,1,1,1,0.4154131965957182,,1,2479.8757070675492,0,22.474166937172413,2479.8757070675492,2549.9189607799053,30.496334293941395,30.464165029333007,30.496334293941395,30.48286073210881,0.4154131965957182,23.049059776912927
sugar_box_yalehand0_drop60,894,0.4955169921806689,0.6244281865361052,7.111389709687052,8.026034970127782,0.34616858298846864,0.3906917305966764,0.6923076923076923,0.8,0.1289111943554363,0.9146452604407296,MODE_3_RELOCALIZE,no_rollout,four_mode_relocalization_v2,,0,0,0,False,1,0,0.4955169921806689,0,0,restarted_se3,1,44.248415157198906,2.50227190554142,0,895,cache_read_only_not_online_fps,75af0ef3fc918763f0b62d63899bd6f7a427eaf26ec2562352624519f5cf2837,cached_perception_v2,1,1,1,0.2643928279881601,,1,2487.97223623842,0,21.85834664851427,2487.97223623842,2556.5812699496746,30.447204305271153,30.405324306548103,30.447204305271153,30.43376834632069,0.2643928279881601,22.818206934231558
sugar_box_yalehand0_drop60,895,0.5453634715484191,0.25477633523668647,10.44687761941284,8.74280465220228,0.5085336298248284,0.42558268093157836,0.9985082048731975,0.8,-0.29058713631173266,-1.7040729672105606,MODE_3_RELOCALIZE,no_rollout,four_mode_relocalization_v2,,0,0,0,False,1,0,0.25477633523668647,0,0,restarted_se3,1,44.76229101419449,2.789556048810482,0,896,cache_read_only_not_online_fps,75af0ef3fc918763f0b62d63899bd6f7a427eaf26ec2562352624519f5cf2837,cached_perception_v2,1,1,1,0.3085757633440673,,1,2475.0093603506684,0,22.373387590050697,2475.0093603506684,2544.934595003724,30.411823000176174,30.427740775641187,30.411823000176174,30.39839680084735,0.3085757633440673,22.720599702689455
sugar_box_yalehand0_drop60,896,0.538848643830259,0.3701232288732118,9.226569431453747,9.020732259666254,0.44913140698509396,0.4391116548701214,0.8,0.8,-0.16872541495704718,-0.2058371717874934,MODE_3_RELOCALIZE,no_rollout,four_mode_relocalization_v2,,0,0,0,False,1,0,0.3701232288732118,0,0,restarted_se3,1,43.438962660729885,2.4915197864174843,0,897,cache_read_only_not_online_fps,75af0ef3fc918763f0b62d63899bd6f7a427eaf26ec2562352624519f5cf2837,cached_perception_v2,1,1,1,0.23076315997587185,,1,2479.4976906850934,0,20.815186202526093,2479.4976906850934,2546.243359334767,30.457436892810414,30.41724663773563,30.457436892810414,30.444064763273808,0.23076315997587185,22.551143092539697
sugar_box_yalehand0_drop60,897,0.4866979636346557,0.17059871778715718,7.20778765593235,5.896309034295176,0.3508610470239127,0.28702082526621786,0.8,0.14634146341463414,-0.3160992458474985,-1.3114786216371739,MODE_2_PRIOR,no_rollout,four_mode_relocalization_v2,1.0,0,0,0,False,0,0,0.17059871778715718,0,0,restarted_se3,0,45.509702526032925,4.008437506854534,0,898,cache_read_only_not_online_fps,75af0ef3fc918763f0b62d63899bd6f7a427eaf26ec2562352624519f5cf2837,cached_perception_v2,0,0,0,,,0,0.0,0,21.893472410738468,0.7915012538433075,72.20311369746923,30.349443868330102,30.358555294611854,30.349443868330102,30.336059163746533,0.17059871778715718,22.36927671821912
sugar_box_yalehand0_drop60,898,0.7336119681225571,0.20034398894014527,10.281226543180884,6.484622179242423,0.5004700584737015,0.31565876187971276,0.8,0.4393939393939394,-0.5332679791824119,-3.796604363938461,MODE_2_PRIOR,no_rollout,four_mode_relocalization_v2,1.0,0,0,0,False,0,0,0.20034398894014527,0,0,restarted_se3,0,46.02330643683672,3.2975496724247932,0,899,cache_read_only_not_online_fps,75af0ef3fc918763f0b62d63899bd6f7a427eaf26ec2562352624519f5cf2837,cached_perception_v2,0,0,0,,,0,0.0,0,19.315135665237904,0.6867814809083939,69.32277325540781,30.339091032353494,30.33628102251531,30.339091032353494,30.325661287668233,0.20034398894014527,22.250281107418832
sugar_box_yalehand0_drop60,899,0.8795270639868377,0.26503651764816594,6.4524410651707536,4.012607560014101,0.3140922480038096,0.19532591094631835,0.4393939393939394,0.04838709677419355,-0.6144905463386717,-2.4398335051566526,MODE_4_TRUSTED_FUSION,no_rollout,four_mode_relocalization_v2,0.6163482208034889,0,0,0,False,0,0,0.26503651764816594,0,0,restarted_se3,0,45.969256199896336,3.079601563513279,0,900,cache_read_only_not_online_fps,75af0ef3fc918763f0b62d63899bd6f7a427eaf26ec2562352624519f5cf2837,cached_perception_v2,0,0,0,,,0,0.0,0,22.404801100492477,0.8215699344873428,72.27522879838943,30.304533122956613,30.292326347162568,30.304533122956613,30.29111556174875,0.453213047950425,22.068369613271415
sugar_box_yalehand0_drop60,900,1.2379933888047143,0.7428277664121204,9.856235976933679,4.746470922748821,0.47978234649233464,0.23104894832099346,0.8,0.05,-0.4951656223925939,-5.109765054184858,MODE_2_PRIOR,no_rollout,four_mode_relocalization_v2,1.0,0,0,0,False,0,0,0.7428277664121204,0,0,restarted_se3,0,45.852954499423504,4.38309833407402,0,901,cache_read_only_not_online_fps,75af0ef3fc918763f0b62d63899bd6f7a427eaf26ec2562352624519f5cf2837,cached_perception_v2,0,0,0,,,0,0.0,0,20.64390480518341,1.3931142166256905,72.27307185530663,30.30963155246936,30.31665419337457,30.30963155246936,30.296218913527667,0.7428277664121204,21.971624218752684
sugar_box_yalehand0_drop60,901,1.4083776688935794,0.9923022074637945,12.338340777938079,3.8436206174771725,0.6006063677975009,0.18709995612881244,0.9985082048731975,0.041666666666666664,-0.4160754614297849,-8.494720160460906,MODE_2_PRIOR,no_rollout,four_mode_relocalization_v2,1.0,0,0,0,False,0,0,0.9923022074637945,0,0,restarted_se3,0,44.85897999256849,4.106071777641773,0,902,cache_read_only_not_online_fps,75af0ef3fc918763f0b62d63899bd6f7a427eaf26ec2562352624519f5cf2837,cached_perception_v2,0,0,0,,,0,0.0,0,20.32753173261881,0.9278208017349243,70.220404304564,30.24797645606701,30.245879621403336,30.24797645606701,30.23455553950033,0.9923022074637945,21.826184490044472
sugar_box_yalehand0_drop60,902,1.6686538704504927,1.211132231979223,17.000936572149094,8.210031325039155,0.8275724384280259,0.3996483143383817,0.9985082048731975,0.8,-0.4575216384712697,-8.790905247109938,MODE_3_RELOCALIZE,no_rollout,four_mode_relocalization_v2,,0,0,0,False,1,1,1.211132231979223,0,0,restarted_se3,1,45.93689180910587,3.9871307089924812,0,903,cache_read_only_not_online_fps,75af0ef3fc918763f0b62d63899bd6f7a427eaf26ec2562352624519f5cf2837,cached_perception_v2,1,1,1,0.23952393044003956,,1,2489.3957003951073,0,20.637444220483303,2489.3957003951073,2559.957167133689,30.24665452575889,30.207209532098062,30.24665452575889,30.233237443510912,0.23952393044003956,21.643924311311586
sugar_box_yalehand0_drop60,903,0.5909088175044672,1.288346520164729,4.463705758034348,9.360297373040325,0.21728449152932408,0.45564102239569804,0.05,0.8,0.6974377026602618,4.896591615005977,MODE_1_ACCEPT,no_rollout,four_mode_relocalization_v2,0.0,0,0,0,False,0,0,0.5909088175044672,0,0,restarted_se3,0,45.80456856638193,2.6339003816246986,0,904,cache_read_only_not_online_fps,75af0ef3fc918763f0b62d63899bd6f7a427eaf26ec2562352624519f5cf2837,cached_perception_v2,0,0,0,,,0,0.0,0,20.87437827140093,0.7132468745112419,70.0260940939188,30.479694828738484,30.34171162347612,30.479694828738484,30.466321020530362,0.5909088175044672,21.492346719879357
sugar_box_yalehand0_drop60,904,0.8097376927754888,1.0654687619325647,11.881952389730802,9.706318425163238,0.578390271072708,0.4724846524296986,0.9985082048731975,0.8,0.2557310691570759,-2.175633964567565,MODE_3_RELOCALIZE,no_rollout,four_mode_relocalization_v2,,0,0,0,False,1,0,0.8097376927754888,0,0,restarted_se3,1,47.65228368341923,3.0720122158527374,0,905,cache_read_only_not_online_fps,75af0ef3fc918763f0b62d63899bd6f7a427eaf26ec2562352624519f5cf2837,cached_perception_v2,1,1,1,0.2005510590396825,,1,2479.1404251009226,0,23.535815067589283,2479.1404251009226,2553.400536067784,30.423646862931232,30.449436030429656,30.423646862931232,30.41015797134836,0.2005510590396825,21.39139697119726
sugar_box_yalehand0_drop60,905,0.5795154936239707,0.6194359407673142,8.96563300693411,6.798713419652036,0.4364295306973978,0.3309481109465453,0.8,0.5901639344262295,0.03992044714334353,-2.1669195872820746,MODE_2_PRIOR,no_rollout,four_mode_relocalization_v2,1.0,0,0,0,False,0,0,0.5795154936239707,0,0,restarted_se3,0,46.05583567172289,2.364709973335266,0,906,cache_read_only_not_online_fps,75af0ef3fc918763f0b62d63899bd6f7a427eaf26ec2562352624519f5cf2837,cached_perception_v2,0,0,0,,,0,0.0,0,21.23971190303564,0.7148943841457367,70.37515193223953,30.347414121530786,30.380707977749992,30.347414121530786,30.333878422934983,0.6194359407673142,21.150109833593508
sugar_box_yalehand0_drop60,906,0.9180434676774646,1.0738921440878857,13.303512369222961,11.87606253888094,0.6475890386586814,0.5781035646192658,0.9985082048731975,0.9985082048731975,0.1558486764104211,-1.4274498303420202,MODE_3_RELOCALIZE,no_rollout,four_mode_relocalization_v2,,0,0,0,False,1,0,0.9180434676774646,0,0,restarted_se3,1,42.07185376435518,3.598921000957489,0,907,cache_read_only_not_online_fps,75af0ef3fc918763f0b62d63899bd6f7a427eaf26ec2562352624519f5cf2837,cached_perception_v2,1,1,1,0.2833423312570094,,1,2475.3465624526143,0,21.582702174782753,2475.3465624526143,2542.6000393927097,30.415912677068963,30.444454159111782,30.415912677068963,30.402423730586282,0.2833423312570094,21.077676635224872
sugar_box_yalehand0_drop60,907,0.5596895726702058,0.4634549505507013,6.383837852952127,4.987825228545251,0.31075277741765545,0.24279760525676874,0.4393939393939394,0.05,-0.09623462211950451,-1.3960126244068762,MODE_4_TRUSTED_FUSION,no_rollout,four_mode_relocalization_v2,0.5612734336689748,0,0,0,False,0,0,0.4634549505507013,0,0,restarted_se3,0,44.572072103619576,2.7009686455130577,0,908,cache_read_only_not_online_fps,75af0ef3fc918763f0b62d63899bd6f7a427eaf26ec2562352624519f5cf2837,cached_perception_v2,0,0,0,,,0,0.0,0,20.52213530987501,3.1590554863214493,70.9542315453291,30.400257336254004,30.366327306025877,30.400257336254004,30.38673325121135,0.4278285427788564,20.84273267885873
sugar_box_yalehand0_drop60,908,0.8578081358509442,0.7207476629116132,12.705452707245575,8.548339723106443,0.6184766606030587,0.41611650741357253,0.9985082048731975,0.8,-0.137060472939331,-4.1571129841391325,MODE_3_RELOCALIZE,no_rollout,four_mode_relocalization_v2,,0,0,0,False,1,0,0.7207476629116132,0,0,restarted_se3,1,45.98231054842472,4.387345165014267,0,909,cache_read_only_not_online_fps,75af0ef3fc918763f0b62d63899bd6f7a427eaf26ec2562352624519f5cf2837,cached_perception_v2,1,1,1,0.1811279786790718,,1,2482.6270435005426,0,20.93134354799986,2482.6270435005426,2553.9280427619815,30.3897287391209,30.394815122231307,30.3897287391209,30.376203853150592,0.1811279786790718,20.688942823360243
sugar_box_yalehand0_drop60,909,0.7822402009862682,0.44479285471976293,10.661844032826806,9.112442582818396,0.5189977756190407,0.44357593455482863,0.9985082048731975,0.8,-0.3374473462665053,-1.5494014500084106,MODE_3_RELOCALIZE,no_rollout,four_mode_relocalization_v2,,0,0,0,False,1,0,0.44479285471976293,0,0,restarted_se3,1,44.59816124290228,2.4193264544010162,0,910,cache_read_only_not_online_fps,75af0ef3fc918763f0b62d63899bd6f7a427eaf26ec2562352624519f5cf2837,cached_perception_v2,1,1,1,0.2459840046801204,,1,2485.8373114839196,0,22.22871407866478,2485.8373114839196,2555.0835132598877,30.422040188055472,30.393779556135136,30.422040188055472,30.408540476306655,0.2459840046801204,20.542054191914673
sugar_box_yalehand0_drop60,910,0.8020214577002714,0.28460084691116305,9.95656358953129,5.0555921329889335,0.4846660990224797,0.246096366011341,0.8,0.06938643936715115,-0.5174206107891084,-4.900971456542357,MODE_2_PRIOR,no_rollout,four_mode_relocalization_v2,1.0,0,0,0,False,0,0,0.28460084691116305,0,0,restarted_se3,0,45.27248162776232,2.5530289858579636,0,911,cache_read_only_not_online_fps,75af0ef3fc918763f0b62d63899bd6f7a427eaf26ec2562352624519f5cf2837,cached_perception_v2,0,0,0,,,0,0.0,0,22.903569974005222,1.7215888947248459,72.45066948235035,30.29719698069404,30.287281293367403,30.29719698069404,30.283746118257525,0.28460084691116305,20.275327070520312
sugar_box_yalehand0_drop60,911,1.0033403862528092,0.3081931655540198,13.756658787914187,7.718188750127956,0.6696473226296698,0.3757063769448392,0.9985082048731975,0.8,-0.6951472206987894,-6.038470037786231,MODE_3_RELOCALIZE,no_rollout,four_mode_relocalization_v2,,0,0,0,False,1,0,0.3081931655540198,0,0,restarted_se3,1,45.96329480409622,3.972097299993038,0,912,cache_read_only_not_online_fps,75af0ef3fc918763f0b62d63899bd6f7a427eaf26ec2562352624519f5cf2837,cached_perception_v2,1,1,1,0.2564461536132263,,1,2477.6349123567343,0,21.38963434845209,2477.6349123567343,2548.9599388092756,30.32420817622033,30.298928522147957,30.32420817622033,30.310605468969587,0.2564461536132263,20.082345365708925
sugar_box_yalehand0_drop60,912,0.6030523911438703,0.26774613901060734,8.010028719710013,7.794137271995387,0.38991257754048403,0.3794034028804456,0.8,0.8,-0.335306252133263,-0.21589144771462543,MODE_3_RELOCALIZE,no_rollout,four_mode_relocalization_v2,,0,0,0,False,1,0,0.26774613901060734,0,0,restarted_se3,1,46.96293454617262,2.3143133148550987,0,913,cache_read_only_not_online_fps,75af0ef3fc918763f0b62d63899bd6f7a427eaf26ec2562352624519f5cf2837,cached_perception_v2,1,1,1,0.2777122615703018,,1,2472.413712181151,0,22.716728039085865,2472.413712181151,2544.4076880812645,30.533682231268678,30.459155198228554,30.533682231268678,30.52019006485059,0.2777122615703018,19.984540808901833
sugar_box_yalehand0_drop60,913,0.6284699080756464,0.3478862431030776,9.472395032513267,6.379963656689041,0.46109771785470416,0.31056418909872463,0.8,0.4393939393939394,-0.2805836649725688,-3.0924313758242263,MODE_2_PRIOR,no_rollout,four_mode_relocalization_v2,1.0,0,0,0,False,0,0,0.3478862431030776,0,0,restarted_se3,0,43.69208961725235,5.218377336859703,0,914,cache_read_only_not_online_fps,75af0ef3fc918763f0b62d63899bd6f7a427eaf26ec2562352624519f5cf2837,cached_perception_v2,0,0,0,,,0,0.0,0,17.200207337737083,1.3544745743274689,67.4651488661766,30.50582004982314,30.48097532521365,30.50582004982314,30.492425523638385,0.3478862431030776,19.75548516259473
sugar_box_yalehand0_drop60,914,1.016793298118258,0.4298318080782103,8.00318821183722,7.3637441538299475,0.38957959495706285,0.35845270520733563,0.8,0.8,-0.5869614900400476,-0.639444058007272,MODE_3_RELOCALIZE,no_rollout,four_mode_relocalization_v2,,0,0,0,False,1,0,0.4298318080782103,0,0,restarted_se3,1,53.26282046735287,2.312285825610161,0,915,cache_read_only_not_online_fps,75af0ef3fc918763f0b62d63899bd6f7a427eaf26ec2562352624519f5cf2837,cached_perception_v2,1,1,1,0.23462889526470374,,1,2499.743649736047,0,21.418163552880287,2499.743649736047,2576.73691958189,30.518703453648733,30.538767349793922,30.518703453648733,30.505321494107434,0.23462889526470374,19.614695307551763
sugar_box_yalehand0_drop60,915,0.7074586434890856,0.22742824959126096,8.427309860772583,4.4305835987766855,0.41022500973818427,0.21567216940891984,0.8,0.05,-0.48003039389782465,-3.9967262619958976,MODE_2_PRIOR,no_rollout,four_mode_relocalization_v2,1.0,0,0,0,False,0,0,0.22742824959126096,0,0,restarted_se3,0,44.1659027710557,2.4289190769195557,0,916,cache_read_only_not_online_fps,75af0ef3fc918763f0b62d63899bd6f7a427eaf26ec2562352624519f5cf2837,cached_perception_v2,0,0,0,,,0,0.0,0,20.97162138670683,0.769859179854393,68.33630241453648,30.513285162893478,30.530327825617302,30.513285162893478,30.4999336115248,0.22742824959126096,19.417239351224204
sugar_box_yalehand0_drop60,916,0.8783182346654554,0.3960856709935054,11.183794842173628,4.7012620059885135,0.5444053231501722,0.22884826641601488,0.9985082048731975,0.05,-0.48223256367195005,-6.482532836185114,MODE_2_PRIOR,no_rollout,four_mode_relocalization_v2,1.0,0,0,0,False,0,0,0.3960856709935054,0,0,restarted_se3,0,41.61989223212004,3.356591798365116,0,917,cache_read_only_not_online_fps,75af0ef3fc918763f0b62d63899bd6f7a427eaf26ec2562352624519f5cf2837,cached_perception_v2,0,0,0,,,0,0.0,0,20.089762285351753,0.6960174068808556,65.76226372271776,30.513308216368866,30.525095797827767,30.513308216368866,30.49995665786484,0.3960856709935054,19.233545110916715
sugar_box_yalehand0_drop60,917,1.0288635672863442,0.5700473884504492,14.215622108264172,7.028341400408729,0.6919887620297372,0.3421259532471532,0.9985082048731975,0.5901639344262295,-0.458816178835895,-7.187280707855444,MODE_2_PRIOR,no_rollout,four_mode_relocalization_v2,1.0,0,0,0,False,0,0,0.5700473884504492,0,0,restarted_se3,0,45.085106045007706,3.4038498997688293,0,918,cache_read_only_not_online_fps,75af0ef3fc918763f0b62d63899bd6f7a427eaf26ec2562352624519f5cf2837,cached_perception_v2,0,0,0,,,0,0.0,0,21.494786255061626,0.6537707522511482,70.63751295208931,30.472508323372406,30.488221557351032,30.472508323372406,30.459094343437837,0.5700473884504492,19.079289315933078
sugar_box_yalehand0_drop60,918,1.0561294597835809,0.75993540988987,14.23740277984186,7.170217052100694,0.6930490026471674,0.34903218329665703,0.9985082048731975,0.7142857142857143,-0.2961940498937109,-7.067185727741166,MODE_3_RELOCALIZE,no_rollout,four_mode_relocalization_v2,,0,0,0,False,1,0,0.75993540988987,0,0,restarted_se3,1,39.33153115212917,3.561197780072689,0,919,cache_read_only_not_online_fps,75af0ef3fc918763f0b62d63899bd6f7a427eaf26ec2562352624519f5cf2837,cached_perception_v2,1,1,1,0.3245167836088816,,1,2480.033388361335,0,21.19801566004753,2480.033388361335,2544.124132953584,30.451728711836335,30.450961454881316,30.451728711836335,30.43827993243486,0.3245167836088816,18.92597913670292
sugar_box_yalehand0_drop60,919,0.620217673857006,0.857158470690705,11.147599439700157,14.193436484481849,0.5426434015432223,0.6909088091286917,0.9985082048731975,0.9985082048731975,0.23694079683369906,3.045837044781692,MODE_3_RELOCALIZE,no_rollout,four_mode_relocalization_v2,,0,0,0,False,1,0,0.620217673857006,0,0,restarted_se3,1,38.543809205293655,2.487771213054657,0,920,cache_read_only_not_online_fps,75af0ef3fc918763f0b62d63899bd6f7a427eaf26ec2562352624519f5cf2837,cached_perception_v2,1,1,1,0.3062531735259113,,1,2476.568194106221,0,21.147008053958416,2476.568194106221,2538.746782578528,30.42334827644891,30.376587365583536,30.42334827644891,30.409870605457595,0.3062531735259113,18.700926138383878
sugar_box_yalehand0_drop60,920,0.4915518206641303,0.3211186856442211,4.2824450355281725,3.5158299272341087,0.20846107303828623,0.17114374455968906,0.04838709677419355,0.041666666666666664,-0.1704331350199092,-0.7666151082940638,MODE_4_TRUSTED_FUSION,no_rollout,four_mode_relocalization_v2,0.549027126312734,0,0,0,False,0,0,0.3211186856442211,0,0,restarted_se3,0,45.99946830421686,4.6215178444981575,0,921,cache_read_only_not_online_fps,75af0ef3fc918763f0b62d63899bd6f7a427eaf26ec2562352624519f5cf2837,cached_perception_v2,0,0,0,,,0,0.0,0,20.656817592680454,1.1615436524152756,72.43934739381075,30.42153663279438,30.383773367312468,30.42153663279438,30.40800649214987,0.36561109605708997,18.56080483116032
sugar_box_yalehand0_drop60,921,0.5171410903063693,0.5335687173850423,8.480487356379921,9.526934913475632,0.4128135865217336,0.4637526129005183,0.8,0.8,0.016427627078672957,1.0464475570957106,MODE_3_RELOCALIZE,no_rollout,four_mode_relocalization_v2,,0,0,0,False,1,0,0.5171410903063693,0,0,restarted_se3,1,45.97913287580013,4.4495416805148125,0,922,cache_read_only_not_online_fps,75af0ef3fc918763f0b62d63899bd6f7a427eaf26ec2562352624519f5cf2837,cached_perception_v2,1,1,1,0.3495260616119161,,1,2487.010158598423,0,19.97070200741291,2487.010158598423,2557.409535162151,30.49205115427721,30.45389665558014,30.49205115427721,30.478556065200912,0.3495260616119161,18.436902174863935
sugar_box_yalehand0_drop60,922,0.4776280527187709,0.4508602557089224,6.351976740102522,7.52042388850371,0.30920184057720085,0.36607956914662215,0.4393939393939394,0.8,-0.026767797009848493,1.1684471484011878,MODE_1_ACCEPT,no_rollout,four_mode_relocalization_v2,0.0,0,0,0,False,0,0,0.4508602557089224,0,0,restarted_se3,0,43.50035358220339,2.346961759030819,0,923,cache_read_only_not_online_fps,75af0ef3fc918763f0b62d63899bd6f7a427eaf26ec2562352624519f5cf2837,cached_perception_v2,0,0,0,,,0,0.0,0,20.679660141468048,0.713094137609005,67.24006962031126,30.516351354911205,30.485043360760816,30.516351354911205,30.502856722650428,0.4776280527187709,18.259159069478727
sugar_box_yalehand0_drop60,923,0.847590020988963,0.7725768490426583,6.147137615418502,6.7614334492054535,0.2992306714489116,0.32913339468570446,0.25925925925925924,0.5901639344262295,-0.07501317194630464,0.6142958337869517,MODE_4_TRUSTED_FUSION,no_rollout,four_mode_relocalization_v2,0.4762427018919427,0,0,0,False,0,0,0.7725768490426583,0,0,restarted_se3,0,43.02111081779003,2.0174644887447357,0,924,cache_read_only_not_online_fps,75af0ef3fc918763f0b62d63899bd6f7a427eaf26ec2562352624519f5cf2837,cached_perception_v2,0,0,0,,,0,0.0,0,22.071324288845062,0.8243629708886147,67.93426256626844,30.587546710762464,30.54711492938364,30.587546710762464,30.57414140153247,0.7998080006041174,18.0983520836928
sugar_box_yalehand0_drop60,924,1.0774972533593927,1.101597203910294,7.3233804849630415,7.109941896072137,0.35648788052098224,0.34609810624510806,0.8,0.6923076923076923,0.024099950550901195,-0.21343858889090495,MODE_3_RELOCALIZE,no_rollout,four_mode_relocalization_v2,,0,0,0,False,1,1,1.0774972533593927,0,0,restarted_se3,1,44.49892695993185,2.3613395169377327,0,925,cache_read_only_not_online_fps,75af0ef3fc918763f0b62d63899bd6f7a427eaf26ec2562352624519f5cf2837,cached_perception_v2,1,1,1,0.20976829938100194,,1,2473.7463099882007,0,20.745038986206055,2473.7463099882007,2541.3516154512763,30.550933521053558,30.56875512356938,30.550933521053558,30.537564429355683,0.20976829938100194,17.922314684084746
sugar_box_yalehand0_drop60,925,0.5617690398409063,0.839006187750934,9.94205024051437,7.841359782036653,0.4839596174951404,0.38170210257958825,0.8,0.8,0.27723714791002774,-2.1006904584777164,MODE_3_RELOCALIZE,no_rollout,four_mode_relocalization_v2,,0,0,0,False,1,0,0.5617690398409063,0,0,restarted_se3,1,46.71857412904501,1.642710529267788,0,926,cache_read_only_not_online_fps,75af0ef3fc918763f0b62d63899bd6f7a427eaf26ec2562352624519f5cf2837,cached_perception_v2,1,1,1,0.2523672407451878,,1,2470.0541123747826,0,20.372328348457813,2470.0541123747826,2538.787725381553,30.510681574838642,30.564393339173417,30.510681574838642,30.4972736299036,0.2523672407451878,17.82761920096582
sugar_box_yalehand0_drop60,926,0.5555459437495496,0.2770369086019533,9.134382380535756,4.861409630712523,0.4446439211224227,0.23664394048013804,0.8,0.05,-0.2785090351475963,-4.272972749823233,MODE_2_PRIOR,no_rollout,four_mode_relocalization_v2,1.0,0,0,0,False,0,0,0.2770369086019533,0,0,restarted_se3,0,44.81597151607275,2.254144288599491,0,927,cache_read_only_not_online_fps,75af0ef3fc918763f0b62d63899bd6f7a427eaf26ec2562352624519f5cf2837,cached_perception_v2,0,0,0,,,0,0.0,0,20.70535160601139,0.7154811173677444,68.49094852805138,30.4492867184532,30.477377704226406,30.4492867184532,30.43582102245461,0.2770369086019533,17.653763670746624
sugar_box_yalehand0_drop60,927,0.4483746330524652,0.35628092347141505,6.01152200977621,7.548842920501361,0.2926291682332509,0.367462952203682,0.16666666666666666,0.8,-0.09209370958105018,1.5373209107251506,MODE_1_ACCEPT,no_rollout,four_mode_relocalization_v2,0.0,0,0,0,False,0,0,0.35628092347141505,0,0,restarted_se3,0,43.01106836646795,2.589588053524494,0,928,cache_read_only_not_online_fps,75af0ef3fc918763f0b62d63899bd6f7a427eaf26ec2562352624519f5cf2837,cached_perception_v2,0,0,0,,,0,0.0,0,21.10009640455246,0.7255533710122108,67.42630619555712,30.434457625444324,30.3639571525822,30.434457625444324,30.420893036650813,0.4483746330524652,17.431055852964334
sugar_box_yalehand0_drop60,928,0.636952782111583,0.7011985098614779,9.957862795980155,10.24139549745868,0.48472934185879907,0.498531160843352,0.8,0.8,0.0642457277498949,0.2835327014785243,MODE_3_RELOCALIZE,no_rollout,four_mode_relocalization_v2,,0,0,0,False,1,0,0.636952782111583,0,0,restarted_se3,1,43.86918619275093,2.662726677954197,0,929,cache_read_only_not_online_fps,75af0ef3fc918763f0b62d63899bd6f7a427eaf26ec2562352624519f5cf2837,cached_perception_v2,1,1,1,0.2505420061292729,,1,2496.1777962744236,0,20.631606690585613,2496.1777962744236,2563.3413158357143,30.53476213704688,30.465049678536367,30.53476213704688,30.52132655220933,0.2505420061292729,17.37487464837993
sugar_box_yalehand0_drop60,929,0.5358052667442649,0.5170161238322851,7.120247376398964,4.999273734283596,0.34659975693047185,0.24335489619012596,0.696949221670093,0.05,-0.01878914291197975,-2.120973642115368,MODE_2_PRIOR,no_rollout,four_mode_relocalization_v2,1.0,0,0,0,False,0,0,0.5170161238322851,0,0,restarted_se3,0,45.52861023694277,3.9383331313729286,0,930,cache_read_only_not_online_fps,75af0ef3fc918763f0b62d63899bd6f7a427eaf26ec2562352624519f5cf2837,cached_perception_v2,0,0,0,,,0,0.0,0,20.246006548404694,0.7047317922115326,70.41768170893192,30.472116478960604,30.464566233529183,30.472116478960604,30.45873788336336,0.5170161238322851,17.21309381817077
sugar_box_yalehand0_drop60,930,0.7150362574034985,0.8292529951066357,12.20776424003737,8.372365267739326,0.5942501565727025,0.4075504140979971,0.9985082048731975,0.8,0.11421673770313723,-3.8353989722980444,MODE_3_RELOCALIZE,no_rollout,four_mode_relocalization_v2,,0,0,0,False,1,0,0.7150362574034985,0,0,restarted_se3,1,45.5371392890811,2.29773111641407,0,931,cache_read_only_not_online_fps,75af0ef3fc918763f0b62d63899bd6f7a427eaf26ec2562352624519f5cf2837,cached_perception_v2,1,1,1,0.23088598040818062,,1,2476.6835886985064,0,21.49591501802206,2476.6835886985064,2546.0143741220236,30.4707246765216,30.497772343975466,30.4707246765216,30.457291651406333,0.23088598040818062,17.12834531388328
sugar_box_yalehand0_drop60,931,0.7454878355607575,0.41397911013699845,11.675372905069214,7.023387900560928,0.5683343846146254,0.34188482653449237,0.9985082048731975,0.5901639344262295,-0.33150872542375903,-4.651985004508286,MODE_2_PRIOR,no_rollout,four_mode_relocalization_v2,1.0,0,0,0,False,0,0,0.41397911013699845,0,0,restarted_se3,0,52.5402408093214,1.7253514379262924,0,932,cache_read_only_not_online_fps,75af0ef3fc918763f0b62d63899bd6f7a427eaf26ec2562352624519f5cf2837,cached_perception_v2,0,0,0,,,0,0.0,0,22.641079500317574,0.7311264052987099,77.63779815286398,30.51830928217032,30.496853278828944,30.51830928217032,30.504894085186272,0.41397911013699845,17.019530214762586
sugar_box_yalehand0_drop60,932,0.6655128996530623,0.709310932382552,5.070496110099772,8.622907622337678,0.24682186255251967,0.4197463273316318,0.08333333333333333,0.8,0.04379803272948979,3.5524115122379056,MODE_1_ACCEPT,no_rollout,four_mode_relocalization_v2,0.0,0,0,0,False,0,0,0.6655128996530623,0,0,restarted_se3,0,44.614979065954685,3.6361142992973328,0,933,cache_read_only_not_online_fps,75af0ef3fc918763f0b62d63899bd6f7a427eaf26ec2562352624519f5cf2837,cached_perception_v2,0,0,0,,,0,0.0,0,24.8398594558239,0.7035769522190094,73.79452977329493,30.458713456761537,30.45870958981353,30.458713456761537,30.44534848542008,0.6655128996530623,16.88743915703821
sugar_box_yalehand0_drop60,933,0.9243892072156137,0.9786115264000419,12.439008722236053,9.299829798186176,0.6055066870111311,0.45269757877095945,0.9985082048731975,0.8,0.054222319184428214,-3.1391789240498778,MODE_3_RELOCALIZE,no_rollout,four_mode_relocalization_v2,,0,0,0,False,1,0,0.9243892072156137,0,0,restarted_se3,1,44.63888052850962,2.039799466729164,0,934,cache_read_only_not_online_fps,75af0ef3fc918763f0b62d63899bd6f7a427eaf26ec2562352624519f5cf2837,cached_perception_v2,1,1,1,0.26710995489590855,,1,2471.7468060553074,0,21.56814932823181,2471.7468060553074,2539.993635378778,30.442149175536038,30.436447481612124,30.442149175536038,30.42874367299591,0.26710995489590855,16.79759023096613
sugar_box_yalehand0_drop60,934,0.6605948433551216,0.7217423873684052,7.823335502079341,5.691260860215772,0.38082471578081517,0.2770394800210332,0.8,0.14284766594111106,0.061147544013283595,-2.1320746418635688,MODE_2_PRIOR,no_rollout,four_mode_relocalization_v2,1.0,0,0,0,False,0,0,0.6605948433551216,0,0,restarted_se3,0,45.57621479034424,2.0533381029963493,0,935,cache_read_only_not_online_fps,75af0ef3fc918763f0b62d63899bd6f7a427eaf26ec2562352624519f5cf2837,cached_perception_v2,0,0,0,,,0,0.0,0,22.329329513013363,1.4371918514370918,71.39607425779104,30.366966864058924,30.35448886815233,30.366966864058924,30.353617896444717,0.7217423873684052,16.618997072089943
sugar_box_yalehand0_drop60,935,0.5777983794353334,1.2364473833951939,9.092154767231737,10.00709862156005,0.44258836325579,0.4871260458321508,0.8,0.8,0.6586490039598605,0.9149438543283139,MODE_3_RELOCALIZE,no_rollout,four_mode_relocalization_v2,,0,0,0,False,1,0,0.5777983794353334,0,0,restarted_se3,1,48.2315868139267,4.121621139347553,0,936,cache_read_only_not_online_fps,75af0ef3fc918763f0b62d63899bd6f7a427eaf26ec2562352624519f5cf2837,cached_perception_v2,1,1,1,0.304270033587659,,1,2501.050539314747,0,21.104902029037476,2501.050539314747,2574.5086492970586,30.42984525613909,30.433815629405164,30.42984525613909,30.416433050230886,0.304270033587659,16.65287095877867
sugar_box_yalehand0_drop60,936,0.4768644574100936,0.672686831717389,10.089696201525717,9.20491404070939,0.49114673494950334,0.4480772647943173,0.8,0.8,0.19582237430729538,-0.8847821608163269,MODE_3_RELOCALIZE,no_rollout,four_mode_relocalization_v2,,0,0,0,False,1,0,0.4768644574100936,0,0,restarted_se3,1,55.245157331228256,2.2365469485521317,0,937,cache_read_only_not_online_fps,75af0ef3fc918763f0b62d63899bd6f7a427eaf26ec2562352624519f5cf2837,cached_perception_v2,1,1,1,0.23948995234643325,,1,2488.840519450605,0,22.296943701803684,2488.840519450605,2568.619167432189,30.34273605757581,30.327142101859135,30.34273605757581,30.32925746594397,0.23948995234643325,16.508496733694834
sugar_box_yalehand0_drop60,937,0.6456716352231137,0.2425974419405339,9.284263855190886,5.166779771788766,0.45193985902144007,0.2515087634386317,0.8,0.11650485436893204,-0.40307419328257976,-4.11748408340212,MODE_2_PRIOR,no_rollout,four_mode_relocalization_v2,1.0,0,0,0,False,0,0,0.2425974419405339,0,0,restarted_se3,0,59.1048039495945,2.124754711985588,0,938,cache_read_only_not_online_fps,75af0ef3fc918763f0b62d63899bd6f7a427eaf26ec2562352624519f5cf2837,cached_perception_v2,0,0,0,,,0,0.0,0,21.156511269509792,0.8528623729944229,83.2389323040843,30.337911611972036,30.307080559039246,30.337911611972036,30.32446304723354,0.2425974419405339,16.39907752227453
sugar_box_yalehand0_drop60,938,0.651385486913535,0.360867058631914,8.921353136642502,6.386206560067439,0.4342740729627613,0.31086808146076045,0.8,0.4393939393939394,-0.29051842828162106,-2.5351465765750625,MODE_2_PRIOR,no_rollout,four_mode_relocalization_v2,1.0,0,0,0,False,0,0,0.360867058631914,0,0,restarted_se3,0,37.28515934199095,3.305654041469097,0,939,cache_read_only_not_online_fps,75af0ef3fc918763f0b62d63899bd6f7a427eaf26ec2562352624519f5cf2837,cached_perception_v2,0,0,0,,,0,0.0,0,22.101160138845444,1.206846907734871,63.89882043004036,30.318099380504783,30.2977110564826,30.318099380504783,30.304593915468057,0.360867058631914,16.330766115402394
sugar_box_yalehand0_drop60,939,0.7220932589614014,0.486261571386391,7.237435888648223,5.270190042217503,0.3523042651748439,0.2565425737404363,0.8,0.11650485436893204,-0.23583168757501044,-1.9672458464307203,MODE_2_PRIOR,no_rollout,four_mode_relocalization_v2,1.0,0,0,0,False,0,0,0.486261571386391,0,0,restarted_se3,0,36.03474423289299,4.841876216232777,0,940,cache_read_only_not_online_fps,75af0ef3fc918763f0b62d63899bd6f7a427eaf26ec2562352624519f5cf2837,cached_perception_v2,0,0,0,,,0,0.0,0,21.587684750556946,0.9655412286520004,63.42984642833471,30.374329234759294,30.328908032436956,30.374329234759294,30.360846300122834,0.486261571386391,16.29261943836193
sugar_box_yalehand0_drop60,940,0.8807451113695399,0.5749831372393877,11.586559479163405,8.196513859461518,0.564011120238566,0.3989903104747723,0.9985082048731975,0.8,-0.30576197413015227,-3.390045619701887,MODE_3_RELOCALIZE,no_rollout,four_mode_relocalization_v2,,0,0,0,False,1,0,0.5749831372393877,0,0,restarted_se3,1,35.681044682860374,3.2907389104366302,0,941,cache_read_only_not_online_fps,75af0ef3fc918763f0b62d63899bd6f7a427eaf26ec2562352624519f5cf2837,cached_perception_v2,1,1,1,0.22489136130772452,,1,2482.852072454989,0,22.873123176395893,2482.852072454989,2544.696979224682,30.323706002090844,30.322583435797455,30.323706002090844,30.310253040086277,0.22489136130772452,16.178412325839233
sugar_box_yalehand0_drop60,941,0.5709737896948119,0.6470246074832886,5.949140304631615,1.2372081488068996,0.2895925484787614,0.060224879976816525,0.16666666666666666,0.041666666666666664,0.07605081778847667,-4.711932155824716,MODE_4_TRUSTED_FUSION,no_rollout,four_mode_relocalization_v2,0.75,0,0,0,False,0,0,0.5709737896948119,0,0,restarted_se3,0,58.19068197160959,2.851172350347042,0,942,cache_read_only_not_online_fps,75af0ef3fc918763f0b62d63899bd6f7a427eaf26ec2562352624519f5cf2837,cached_perception_v2,0,0,0,,,0,0.0,0,23.271022364497185,1.2642815709114075,85.57715825736523,30.374230836514144,30.362440060681127,30.374230836514144,30.36074942825242,0.5357676465767722,16.169513594075728
sugar_box_yalehand0_drop60,942,0.8659807457899731,0.852138581980221,11.308009872507688,8.635724272567492,0.5504518685923434,0.42037021687078474,0.9985082048731975,0.8,-0.013842163809752117,-2.6722855999401958,MODE_3_RELOCALIZE,no_rollout,four_mode_relocalization_v2,,0,0,0,False,1,0,0.852138581980221,0,0,restarted_se3,1,39.14913907647133,3.685014322400093,0,943,cache_read_only_not_online_fps,75af0ef3fc918763f0b62d63899bd6f7a427eaf26ec2562352624519f5cf2837,cached_perception_v2,1,1,1,0.2899952494021358,,1,2492.350794374943,0,22.55494985729456,2492.350794374943,2557.7398976311088,30.282384572134998,30.29446253852993,30.282384572134998,30.26890882701046,0.2899952494021358,16.07388325847508
sugar_box_yalehand0_drop60,943,0.5476453300353962,0.3560981184991586,10.024659643023,9.838322718478379,0.487980882110829,0.47891036400377407,0.8,0.8,-0.19154721153623755,-0.18633692454462114,MODE_3_RELOCALIZE,no_rollout,four_mode_relocalization_v2,,0,0,0,False,1,0,0.3560981184991586,0,0,restarted_se3,1,53.04855853319168,1.9646622240543365,0,944,cache_read_only_not_online_fps,75af0ef3fc918763f0b62d63899bd6f7a427eaf26ec2562352624519f5cf2837,cached_perception_v2,1,1,1,0.23570080622077552,,1,2484.9189035594463,0,23.96912593394518,2484.9189035594463,2563.9012502506375,30.5909707959925,30.477221463420218,30.5909707959925,30.577468694582006,0.23570080622077552,16.134475923589306
sugar_box_yalehand0_drop60,944,0.4989835724221802,0.20770722111177956,6.756868023687923,3.7894383886925884,0.3289111586746488,0.18446247089354723,0.5901639344262295,0.041666666666666664,-0.29127635131040064,-2.967429634995334,MODE_4_TRUSTED_FUSION,no_rollout,four_mode_relocalization_v2,0.6404194388835064,0,0,0,False,0,0,0.20770722111177956,0,0,restarted_se3,0,46.42045684158802,2.263811416924,0,945,cache_read_only_not_online_fps,75af0ef3fc918763f0b62d63899bd6f7a427eaf26ec2562352624519f5cf2837,cached_perception_v2,0,0,0,,,0,0.0,0,21.769224666059017,0.8423244580626488,71.29581738263369,30.40073631602781,30.424499877339496,30.40073631602781,30.38722767911904,0.2958499672458967,16.029197557584812
sugar_box_yalehand0_drop60,945,0.46445073267889136,0.38451769642012334,6.993698692535938,7.312516025649447,0.3404396137854202,0.35595901982861994,0.5901639344262295,0.8,-0.07993303625876802,0.31881733311350846,MODE_1_ACCEPT,no_rollout,four_mode_relocalization_v2,0.0,0,0,0,False,0,0,0.38451769642012334,0,0,restarted_se3,0,43.28250419348478,1.772625371813774,0,946,cache_read_only_not_online_fps,75af0ef3fc918763f0b62d63899bd6f7a427eaf26ec2562352624519f5cf2837,cached_perception_v2,0,0,0,,,0,0.0,0,22.236368618905544,0.6506629288196564,67.94216111302376,30.481405222019177,30.507683236713827,30.481405222019177,30.467918993894216,0.46445073267889136,16.05537282300393
sugar_box_yalehand0_drop60,946,0.9801112520231723,0.6937264951229674,8.5075428158577,7.132223728175811,0.41413059352765913,0.347182742379619,0.8,0.7097597110419334,-0.28638475690020493,-1.3753190876818895,MODE_3_RELOCALIZE,no_rollout,four_mode_relocalization_v2,,0,0,0,False,1,0,0.6937264951229674,0,0,restarted_se3,1,44.008877128362656,1.8858397379517555,0,947,cache_read_only_not_online_fps,75af0ef3fc918763f0b62d63899bd6f7a427eaf26ec2562352624519f5cf2837,cached_perception_v2,1,1,1,0.21449353193717485,,1,2481.6227313131094,0,21.95901796221733,2481.6227313131094,2549.476466141641,30.447376683985862,30.440219088205534,30.447376683985862,30.433858859981182,0.21449353193717485,15.988723691525855
sugar_box_yalehand0_drop60,947,0.4167827848646478,0.416249860079101,7.137340088329963,7.984029702073492,0.3474317968143955,0.3886469960632002,0.7142857142857143,0.8,-0.00053292478554684,0.8466896137435294,MODE_3_RELOCALIZE,no_rollout,four_mode_relocalization_v2,,0,0,0,False,1,0,0.416249860079101,0,0,restarted_se3,1,41.749101132154465,2.3415377363562584,0,948,cache_read_only_not_online_fps,75af0ef3fc918763f0b62d63899bd6f7a427eaf26ec2562352624519f5cf2837,cached_perception_v2,1,1,1,0.2451543186085713,,1,2489.5326076075435,0,22.16517459601164,2489.5326076075435,2555.788421072066,30.458287360228454,30.459303821964383,30.458287360228454,30.444844366008432,0.2451543186085713,15.996952943500952
sugar_box_yalehand0_drop60,948,0.6701595931746075,0.2925319852033023,9.108105839198053,5.344959029029618,0.44336483033257046,0.26018218220978745,0.8,0.11650485436893204,-0.3776276079713052,-3.7631468101684353,MODE_2_PRIOR,no_rollout,four_mode_relocalization_v2,1.0,0,0,0,False,0,0,0.2925319852033023,0,0,restarted_se3,0,46.830082312226295,3.659222275018692,0,949,cache_read_only_not_online_fps,75af0ef3fc918763f0b62d63899bd6f7a427eaf26ec2562352624519f5cf2837,cached_perception_v2,0,0,0,,,0,0.0,0,21.126768551766872,0.6658779457211494,72.28195108473301,30.392370686776182,30.38720932702676,30.392370686776182,30.37883182099808,0.2925319852033023,15.94991942070951
sugar_box_yalehand0_drop60,949,0.786084752919234,0.32618943621488133,9.265452456848834,8.13159839212981,0.4510241568346749,0.3958303521181601,0.8,0.8,-0.45989531670435263,-1.1338540647190243,MODE_3_RELOCALIZE,no_rollout,four_mode_relocalization_v2,,0,0,0,False,1,0,0.32618943621488133,0,0,restarted_se3,1,46.15498147904873,2.170514315366745,0,950,cache_read_only_not_online_fps,75af0ef3fc918763f0b62d63899bd6f7a427eaf26ec2562352624519f5cf2837,cached_perception_v2,1,1,1,0.2635100960721666,,1,2483.803605660796,0,19.977256655693054,2483.803605660796,2552.1063581109047,30.51192164697329,30.433244451565905,30.51192164697329,30.49845990077974,0.2635100960721666,15.935818426873979
sugar_box_yalehand0_drop60,950,0.7350788493587873,0.28038548657782447,6.36484715737321,4.117947737453176,0.3098283473910512,0.2004536653578317,0.4393939393939394,0.04838709677419355,-0.45469336278096284,-2.246899419920034,MODE_4_TRUSTED_FUSION,no_rollout,four_mode_relocalization_v2,0.6069667380168894,0,0,0,False,0,0,0.28038548657782447,0,0,restarted_se3,0,45.71326542645693,2.4212533608078957,0,951,cache_read_only_not_online_fps,75af0ef3fc918763f0b62d63899bd6f7a427eaf26ec2562352624519f5cf2837,cached_perception_v2,0,0,0,,,0,0.0,0,22.48425129801035,1.137014478445053,71.75578456372023,30.461843485377894,30.43459696469679,30.461843485377894,30.448474755308574,0.4492408837847936,15.887576720329594
sugar_box_yalehand0_drop60,951,0.7233844875963065,0.662960275580191,10.362214537481442,4.577888722374859,0.5044123960997654,0.2228426955626841,0.8,0.05,-0.060424212016115475,-5.784325815106583,MODE_2_PRIOR,no_rollout,four_mode_relocalization_v2,1.0,0,0,0,False,0,0,0.662960275580191,0,0,restarted_se3,0,44.63320970535278,1.6680676490068436,0,952,cache_read_only_not_online_fps,75af0ef3fc918763f0b62d63899bd6f7a427eaf26ec2562352624519f5cf2837,cached_perception_v2,0,0,0,,,0,0.0,0,20.578576251864433,0.7842779159545898,67.66413152217865,30.511670688941024,30.521593750123426,30.511670688941024,30.49827428916324,0.662960275580191,15.954368751816157
sugar_box_yalehand0_drop60,952,0.9379691706683837,0.8765905841556417,11.831081797064513,8.851466026328309,0.5759139898255863,0.4308721047210732,0.9985082048731975,0.8,-0.06137858651274197,-2.9796157707362045,MODE_3_RELOCALIZE,no_rollout,four_mode_relocalization_v2,,0,0,0,False,1,0,0.8765905841556417,0,0,restarted_se3,1,45.769497752189636,2.292785793542862,0,953,cache_read_only_not_online_fps,75af0ef3fc918763f0b62d63899bd6f7a427eaf26ec2562352624519f5cf2837,cached_perception_v2,1,1,1,0.23352742899358683,,1,2481.438304297626,0,20.936965942382812,2481.438304297626,2550.4375537857413,30.468851706150357,30.48920040094844,30.468851706150357,30.455407202213085,0.23352742899358683,15.97432213662961
sugar_box_yalehand0_drop60,953,0.5370275953968994,0.5411685373459881,9.651128349838892,4.115456109403433,0.4697981071903018,0.20033237776334945,0.8,0.04838709677419355,0.004140941949088761,-5.535672240435459,MODE_2_PRIOR,no_rollout,four_mode_relocalization_v2,1.0,0,0,0,False,0,0,0.5370275953968994,0,0,restarted_se3,0,47.31553792953491,1.700468361377716,0,954,cache_read_only_not_online_fps,75af0ef3fc918763f0b62d63899bd6f7a427eaf26ec2562352624519f5cf2837,cached_perception_v2,0,0,0,,,0,0.0,0,22.410420700907707,2.516726031899452,73.94315302371979,30.50118962202712,30.49078905474759,30.50118962202712,30.487808520521693,0.5411685373459881,15.962986521910425
sugar_box_yalehand0_drop60,954,0.5218819693995177,0.9714205576415745,6.203893198852025,3.0227393075103715,0.30199342257013106,0.14714105477851216,0.3333333333333333,0.041666666666666664,0.44953858824205684,-3.181153891341654,MODE_4_TRUSTED_FUSION,no_rollout,four_mode_relocalization_v2,0.6720168877238701,0,0,0,False,0,0,0.5218819693995177,0,0,restarted_se3,0,44.54795736819506,3.634985536336899,0,955,cache_read_only_not_online_fps,75af0ef3fc918763f0b62d63899bd6f7a427eaf26ec2562352624519f5cf2837,cached_perception_v2,0,0,0,,,0,0.0,0,20.10923530906439,1.487884670495987,69.78006288409233,30.506405852438483,30.491792187894983,30.506405852438483,30.493008730019206,0.6166491290408497,16.002505701018727
sugar_box_yalehand0_drop60,955,0.7693628483973053,0.7454677953152199,7.9168589221361145,4.647807864180539,0.38537725348707924,0.22624622303491243,0.8,0.05,-0.023895053082085393,-3.2690510579555756,MODE_2_PRIOR,no_rollout,four_mode_relocalization_v2,1.0,0,0,0,False,0,0,0.7454677953152199,0,0,restarted_se3,0,45.38643267005682,2.206905744969845,0,956,cache_read_only_not_online_fps,75af0ef3fc918763f0b62d63899bd6f7a427eaf26ec2562352624519f5cf2837,cached_perception_v2,0,0,0,,,0,0.0,0,23.212301544845104,1.3474272564053535,72.15306721627712,30.546642918884785,30.484290280714994,30.546642918884785,30.533315869289112,0.7454677953152199,16.000221348186134
sugar_box_yalehand0_drop60,956,0.8128726589959809,0.8693502925062555,11.489873277186147,7.692939743223669,0.5593046244762241,0.374477304527388,0.9985082048731975,0.8,0.05647763351027457,-3.796933533962478,MODE_3_RELOCALIZE,no_rollout,four_mode_relocalization_v2,,0,0,0,False,1,0,0.8128726589959809,0,0,restarted_se3,1,44.69262436032295,2.1228399127721786,0,957,cache_read_only_not_online_fps,75af0ef3fc918763f0b62d63899bd6f7a427eaf26ec2562352624519f5cf2837,cached_perception_v2,1,1,1,0.290312968139152,,1,2479.924840852618,0,20.315215922892094,2479.924840852618,2547.0555210486054,30.486857912416216,30.510484499602804,30.486857912416216,30.473510547596526,0.290312968139152,16.044605270571935
sugar_box_yalehand0_drop60,957,0.5137716749447949,0.9882659505874979,11.452010338174109,11.2240879399261,0.5574615304424768,0.5463667125722973,0.9985082048731975,0.9985082048731975,0.47449427564270297,-0.2279223982480083,MODE_3_RELOCALIZE,no_rollout,four_mode_relocalization_v2,,0,0,0,False,1,0,0.5137716749447949,0,0,restarted_se3,1,47.59951774030924,2.155260182917118,0,958,cache_read_only_not_online_fps,75af0ef3fc918763f0b62d63899bd6f7a427eaf26ec2562352624519f5cf2837,cached_perception_v2,1,1,1,0.2133249359213049,,1,2484.5838211476803,0,21.637841127812862,2484.5838211476803,2555.9764401987195,30.444425117875447,30.47185416091507,30.444425117875447,30.43107749713983,0.2133249359213049,16.050078609526295
sugar_box_yalehand0_drop60,958,0.5419706847376597,0.1972451418848093,10.330933187593594,4.830904981107571,0.5028896809896805,0.235159033625164,0.8,0.05,-0.34472554285285045,-5.500028206486023,MODE_2_PRIOR,no_rollout,four_mode_relocalization_v2,1.0,0,0,0,False,0,0,0.1972451418848093,0,0,restarted_se3,0,45.14732211828232,2.3798029869794846,0,959,cache_read_only_not_online_fps,75af0ef3fc918763f0b62d63899bd6f7a427eaf26ec2562352624519f5cf2837,cached_perception_v2,0,0,0,,,0,0.0,0,21.001562476158142,1.2266337871551514,69.7553213685751,30.348576009410692,30.363804504467346,30.348576009410692,30.33525232416029,0.1972451418848093,16.022629016461575
sugar_box_yalehand0_drop60,959,1.0435945487962575,0.561999916395629,17.260468619857203,12.547579244710626,0.8402059523912433,0.6107916883194049,0.9985082048731975,0.9985082048731975,-0.4815946324006285,-4.7128893751465775,MODE_3_RELOCALIZE,no_rollout,four_mode_relocalization_v2,,0,0,0,False,1,0,0.561999916395629,0,0,restarted_se3,1,45.65874580293894,1.8629077821969986,0,960,cache_read_only_not_online_fps,75af0ef3fc918763f0b62d63899bd6f7a427eaf26ec2562352624519f5cf2837,cached_perception_v2,1,1,1,0.4476237797260338,,1,2481.8422589451075,0,20.996720530092716,2481.8422589451075,2550.360633060336,29.708952816759048,29.678403659065484,29.708952816759048,29.6954818969988,0.4476237797260338,15.585492714528822
sugar_box_yalehand0_drop60,960,0.6097941682036072,0.8244671112604681,5.928374008947439,4.435745304081484,0.2885816857016704,0.2159234311572012,0.16658861204288408,0.05,0.2146729430568609,-1.4926287048659548,MODE_4_TRUSTED_FUSION,no_rollout,four_mode_relocalization_v2,0.5718707412670595,0,0,0,False,0,0,0.6097941682036072,0,0,restarted_se3,0,48.1535904109478,2.5145206600427628,0,961,cache_read_only_not_online_fps,75af0ef3fc918763f0b62d63899bd6f7a427eaf26ec2562352624519f5cf2837,cached_perception_v2,0,0,0,,,0,0.0,0,23.01792800426483,1.369495876133442,75.05553495138884,29.42444556707865,29.389166349600305,29.42444556707865,29.410713263508004,0.6421629198068801,15.69858769659164
sugar_box_yalehand0_drop60,961,1.0020117790466938,0.909477281133194,9.508547321799385,8.178451045801308,0.4628575407957697,0.3981110479304876,0.8,0.8,-0.09253449791349977,-1.330096275998077,MODE_3_RELOCALIZE,no_rollout,four_mode_relocalization_v2,,0,0,0,False,1,0,0.909477281133194,0,0,restarted_se3,1,46.21689207851887,1.7451271414756775,0,962,cache_read_only_not_online_fps,75af0ef3fc918763f0b62d63899bd6f7a427eaf26ec2562352624519f5cf2837,cached_perception_v2,1,1,1,0.5870543054406062,,1,2475.6430089473724,0,23.076053708791733,2475.6430089473724,2546.6810818761587,29.787872357184447,29.75017666838068,29.787872357184447,29.773956749177177,0.5870543054406062,16.354484355282167
sugar_box_yalehand0_drop60,962,1.2182520090196387,0.984469387706036,5.209941775657552,3.9575641009702234,0.25360980561578134,0.19264650270153502,0.11650485436893204,0.04838709677419355,-0.23378262131360272,-1.2523776746873287,MODE_4_TRUSTED_FUSION,no_rollout,four_mode_relocalization_v2,0.5681565645510644,0,0,0,False,0,0,0.984469387706036,0,0,restarted_se3,0,45.278361067175865,2.313685603439808,0,963,cache_read_only_not_online_fps,75af0ef3fc918763f0b62d63899bd6f7a427eaf26ec2562352624519f5cf2837,cached_perception_v2,0,0,0,,,0,0.0,0,22.139410488307476,0.8820593357086182,70.61351649463177,29.70376448219251,29.69880634014452,29.70376448219251,29.689854482649515,1.0881799733535737,16.348859073947118
sugar_box_yalehand0_drop60,963,1.5970239587304675,1.5439731966419723,6.112498569339596,4.377905917608322,0.2975445102361639,0.21310792261756048,0.25925925925925924,0.05,-0.05305076208849524,-1.7345926517312744,MODE_4_TRUSTED_FUSION,no_rollout,four_mode_relocalization_v2,0.5825178828219852,0,0,0,False,0,1,1.5439731966419723,0,0,restarted_se3,0,45.846656896173954,4.182656295597553,0,964,cache_read_only_not_online_fps,75af0ef3fc918763f0b62d63899bd6f7a427eaf26ec2562352624519f5cf2837,cached_perception_v2,0,0,0,,,0,0.0,0,20.805404521524906,0.919644720852375,71.75436243414879,31.071073142690707,31.044766062758388,31.071073142690707,31.05687712219776,1.5666102114246203,17.895967864995708
sugar_box_yalehand0_drop60,964,2.074645953539487,1.6964875464417173,10.57502250657592,11.046632188167164,0.5147714730337352,0.5377285126370771,0.9985082048731975,0.9985082048731975,-0.37815840709776993,0.4716096815912447,MODE_3_RELOCALIZE,no_rollout,four_mode_relocalization_v2,,0,0,0,False,1,1,1.6964875464417173,0,0,restarted_se3,1,45.7211472094059,2.4922657757997513,0,965,cache_read_only_not_online_fps,75af0ef3fc918763f0b62d63899bd6f7a427eaf26ec2562352624519f5cf2837,cached_perception_v2,1,1,1,2.3823188551576746,,1,2486.652779392898,0,21.20107226073742,2486.652779392898,2556.067264638841,30.462829420057098,30.442470939094925,30.462829420057098,30.448185000693726,2.3823188551576746,18.120401363627188
sugar_box_yalehand0_drop60,965,0.9802936646630834,1.536882239447373,12.586630424041113,20.32590662079126,0.6126926235746404,0.9894254962979496,0.9985082048731975,0.9985082048731975,0.5565885747842895,7.739276196750149,MODE_3_RELOCALIZE,no_rollout,four_mode_relocalization_v2,,0,0,0,False,1,0,0.9802936646630834,0,0,restarted_se3,1,46.376240439713,1.7142444849014282,0,966,cache_read_only_not_online_fps,75af0ef3fc918763f0b62d63899bd6f7a427eaf26ec2562352624519f5cf2837,cached_perception_v2,1,1,1,0.5307298448181257,,1,2475.5806662142277,0,20.150880329310894,2475.5806662142277,2543.822031468153,34.34667241132253,34.32544767856681,34.34667241132253,34.331650503406976,0.5307298448181257,22.871106420948117
sugar_box_yalehand0_drop60,966,1.1850354260644191,1.059199546873398,16.0251814104078,17.1451544252935,0.7800745799962833,0.8345926822766556,0.9985082048731975,0.9985082048731975,-0.12583587919102124,1.1199730148857014,MODE_3_RELOCALIZE,no_rollout,four_mode_relocalization_v2,,0,0,0,False,1,1,1.059199546873398,0,0,restarted_se3,1,47.185150906443596,2.2306926548480988,0,967,cache_read_only_not_online_fps,75af0ef3fc918763f0b62d63899bd6f7a427eaf26ec2562352624519f5cf2837,cached_perception_v2,1,1,1,0.3717636319389559,,1,2472.14896325022,0,21.50534652173519,2472.14896325022,2543.0701533332467,36.553583249389334,36.53781005784136,36.553583249389334,36.53888930422548,0.3717636319389559,25.438391903427686
sugar_box_yalehand0_drop60,967,0.627484252410975,1.7073117487447949,15.951837524750957,22.531017944382466,0.7765043426720493,1.096766015293777,0.9985082048731975,0.9985082048731975,1.0798274963338197,6.579180419631509,MODE_3_RELOCALIZE,no_rollout,four_mode_relocalization_v2,,0,0,0,False,1,0,0.627484252410975,0,0,restarted_se3,1,47.048170119524,2.1802792325615883,0,968,cache_read_only_not_online_fps,75af0ef3fc918763f0b62d63899bd6f7a427eaf26ec2562352624519f5cf2837,cached_perception_v2,1,1,1,0.31119990143876985,,1,2482.704361900687,0,21.079741418361664,2482.704361900687,2553.0125526711345,36.46955183685085,36.48331532142843,36.46955183685085,36.45480794503742,0.31119990143876985,25.502442433979816
sugar_box_yalehand0_drop60,968,0.851447745218882,0.6307669500373992,13.387864780233887,15.86328295092008,0.6516951495291822,0.7721936787102044,0.9985082048731975,0.9985082048731975,-0.22068079518148276,2.4754181706861935,MODE_3_RELOCALIZE,no_rollout,four_mode_relocalization_v2,,0,0,0,False,1,0,0.6307669500373992,0,0,restarted_se3,1,46.759799122810364,2.410508692264557,0,969,cache_read_only_not_online_fps,75af0ef3fc918763f0b62d63899bd6f7a427eaf26ec2562352624519f5cf2837,cached_perception_v2,1,1,1,0.3858566537060388,,1,2477.4551279842854,0,21.1520092561841,2477.4551279842854,2547.7774450555444,36.534076301196436,36.49092356547217,36.534076301196436,36.51938711562872,0.3858566537060388,25.59340899291217
sugar_box_yalehand0_drop60,969,0.7936429823565861,0.45533789511286216,19.969278044399687,17.40487537048177,0.9720655126685194,0.8472353914008339,0.9985082048731975,0.9985082048731975,-0.338305087243724,-2.564402673917918,MODE_3_RELOCALIZE,no_rollout,four_mode_relocalization_v2,,0,0,0,False,1,0,0.45533789511286216,0,0,restarted_se3,1,46.234266832470894,1.7021037638187408,0,970,cache_read_only_not_online_fps,75af0ef3fc918763f0b62d63899bd6f7a427eaf26ec2562352624519f5cf2837,cached_perception_v2,1,1,1,0.3926224366955173,,1,2473.4343215823174,0,19.971616566181183,2473.4343215823174,2541.342308744788,36.510907705282236,36.4960937123467,36.510907705282236,36.49621964384892,0.3926224366955173,25.71365559343472
sugar_box_yalehand0_drop60,970,0.7353413859786768,0.42415286656914025,16.792149300378927,14.943209872348318,0.8174090811989525,0.7274063155002868,0.9985082048731975,0.9985082048731975,-0.31118851940953657,-1.8489394280306097,MODE_3_RELOCALIZE,no_rollout,four_mode_relocalization_v2,,0,0,0,False,1,0,0.42415286656914025,0,0,restarted_se3,1,46.2132366374135,1.8842155113816261,0,971,cache_read_only_not_online_fps,75af0ef3fc918763f0b62d63899bd6f7a427eaf26ec2562352624519f5cf2837,cached_perception_v2,1,1,1,0.3772817417670072,,1,2479.324761778116,0,20.025244913995266,2479.324761778116,2547.4474588409066,36.49689500018309,36.48573905277411,36.49689500018309,36.48209058163095,0.3772817417670072,25.81668983692369
sugar_box_yalehand0_drop60,971,0.9438348889648162,0.38110671940681556,18.872523238967265,15.687900671608162,0.9186776275459865,0.7636564113701804,0.9985082048731975,0.9985082048731975,-0.5627281695580006,-3.184622567359103,MODE_3_RELOCALIZE,no_rollout,four_mode_relocalization_v2,,0,0,0,False,1,0,0.38110671940681556,0,0,restarted_se3,1,47.452475875616074,2.0859790965914726,0,972,cache_read_only_not_online_fps,75af0ef3fc918763f0b62d63899bd6f7a427eaf26ec2562352624519f5cf2837,cached_perception_v2,1,1,1,0.4073360475975114,,1,2479.5174542814493,0,23.068726994097233,2479.5174542814493,2552.124636247754,36.505407522126625,36.49326035868733,36.505407522126625,36.4905689894004,0.4073360475975114,25.92993305253342
sugar_box_yalehand0_drop60,972,0.9875325781805654,0.45786846569636747,21.994698127283822,22.27781929872729,1.070659012486608,1.0844407989915883,0.9985082048731975,0.9985082048731975,-0.5296641124841979,0.2831211714434687,MODE_3_RELOCALIZE,no_rollout,four_mode_relocalization_v2,,0,0,0,False,1,0,0.45786846569636747,0,0,restarted_se3,1,47.14107420295477,2.0989980548620224,0,973,cache_read_only_not_online_fps,75af0ef3fc918763f0b62d63899bd6f7a427eaf26ec2562352624519f5cf2837,cached_perception_v2,1,1,1,0.42760664969631107,,1,2475.0598818063736,0,21.459762006998062,2475.0598818063736,2545.7597160711884,36.414929162871275,36.4373567407985,36.414929162871275,36.40012236172098,0.42760664969631107,26.018175367772944
sugar_box_yalehand0_drop60,973,0.9028285222273548,0.4644934719530545,21.045448706287043,18.34569968708922,1.0244514018248743,0.8930328844108784,0.9985082048731975,0.9985082048731975,-0.43833505027430025,-2.6997490191978244,MODE_3_RELOCALIZE,no_rollout,four_mode_relocalization_v2,,0,0,0,False,1,0,0.4644934719530545,0,0,restarted_se3,1,43.729580007493496,2.3346729576587677,0,974,cache_read_only_not_online_fps,75af0ef3fc918763f0b62d63899bd6f7a427eaf26ec2562352624519f5cf2837,cached_perception_v2,1,1,1,0.4683652382172759,,1,2479.5807916671038,0,22.608628496527672,2479.5807916671038,2548.2536731287837,36.51871356291137,36.466897944699994,36.51871356291137,36.50392301860703,0.4683652382172759,26.164657508525185
sugar_box_yalehand0_drop60,974,0.9626272066118723,0.4527123404599006,18.40294313730613,15.65687125808903,0.8958193839357134,0.7621459600312178,0.9985082048731975,0.9985082048731975,-0.5099148661519717,-2.7460718792171015,MODE_3_RELOCALIZE,no_rollout,four_mode_relocalization_v2,,0,0,0,False,1,0,0.4527123404599006,0,0,restarted_se3,1,46.56616412103176,2.1522585302591324,0,975,cache_read_only_not_online_fps,75af0ef3fc918763f0b62d63899bd6f7a427eaf26ec2562352624519f5cf2837,cached_perception_v2,1,1,1,0.3862207990349502,,1,2487.939454615116,0,20.94664704054594,2487.939454615116,2557.604524306953,36.54301657600964,36.48855368406955,36.54301657600964,36.52825624496138,0.3862207990349502,26.283685925131373
sugar_box_yalehand0_drop60,975,0.8948886028554648,0.3502810687591069,24.769934574213163,21.285774869227772,1.205752110672864,1.0361500107714383,0.9985082048731975,0.9985082048731975,-0.5446075340963579,-3.484159704985391,MODE_3_RELOCALIZE,no_rollout,four_mode_relocalization_v2,,0,0,0,False,1,0,0.3502810687591069,0,0,restarted_se3,1,39.72507268190384,2.0642662420868874,0,976,cache_read_only_not_online_fps,75af0ef3fc918763f0b62d63899bd6f7a427eaf26ec2562352624519f5cf2837,cached_perception_v2,1,1,1,0.41528459739245327,,1,2495.1423350721598,0,20.739272236824036,2495.1423350721598,2557.6709462329745,36.58652646528544,36.55269272602652,36.58652646528544,36.571836845601474,0.41528459739245327,26.388223069450234
sugar_box_yalehand0_drop60,976,1.0981958382478765,0.45453299557166604,14.35346352193824,21.272179789169318,0.698698613239787,1.0354882287862603,0.9985082048731975,0.9985082048731975,-0.6436628426762104,6.918716267231078,MODE_3_RELOCALIZE,no_rollout,four_mode_relocalization_v2,,0,0,0,False,1,0,0.45453299557166604,0,0,restarted_se3,1,45.45299615710974,1.6681207343935966,0,977,cache_read_only_not_online_fps,75af0ef3fc918763f0b62d63899bd6f7a427eaf26ec2562352624519f5cf2837,cached_perception_v2,1,1,1,0.4270967058259984,,1,2488.0976350978017,0,20.88655810803175,2488.0976350978017,2556.1053100973368,36.621921173938276,36.63980037396854,36.621921173938276,36.60724005220225,0.4270967058259984,26.565225362284885
sugar_box_yalehand0_drop60,977,1.2198172893593409,0.42299884167535595,27.23303659789792,22.364157824746716,1.3256511138358482,1.0886435900675357,1.0,0.9985082048731975,-0.7968184476839849,-4.868878773151206,MODE_3_RELOCALIZE,no_rollout,four_mode_relocalization_v2,,0,0,0,False,1,0,0.42299884167535595,0,0,restarted_se3,1,44.520121067762375,1.7074113711714745,0,978,cache_read_only_not_online_fps,75af0ef3fc918763f0b62d63899bd6f7a427eaf26ec2562352624519f5cf2837,cached_perception_v2,1,1,1,0.40758633990418375,,1,2481.3325218856335,0,20.69187816232443,2481.3325218856335,2548.2519324868917,36.535068100089106,36.553768715261,36.535068100089106,36.52036289582256,0.40758633990418375,26.63836265806455
sugar_box_yalehand0_drop60,978,1.0574591879684614,0.4067763797025745,22.55374668338853,18.96896486788979,1.097872405984773,0.9233722179689714,0.9985082048731975,0.9985082048731975,-0.6506828082658869,-3.5847818154987365,MODE_3_RELOCALIZE,no_rollout,four_mode_relocalization_v2,,0,0,0,False,1,0,0.4067763797025745,0,0,restarted_se3,1,45.4994747415185,2.4528587237000465,0,979,cache_read_only_not_online_fps,75af0ef3fc918763f0b62d63899bd6f7a427eaf26ec2562352624519f5cf2837,cached_perception_v2,1,1,1,0.41654622471709113,,1,2483.605013228953,0,22.159366868436337,2483.605013228953,2553.7167135626078,36.5495898934427,36.56530022385726,36.5495898934427,36.534903783548046,0.41654622471709113,26.83647991498706
sugar_box_yalehand0_drop60,979,0.8275663507159546,0.37181519519825623,19.936368642825606,15.084963739895414,0.9704635471772485,0.7343066173351124,0.9985082048731975,0.9985082048731975,-0.4557511555176984,-4.8514049029301916,MODE_3_RELOCALIZE,no_rollout,four_mode_relocalization_v2,,0,0,0,False,1,0,0.37181519519825623,0,0,restarted_se3,1,45.175195671617985,2.062913030385971,0,980,cache_read_only_not_online_fps,75af0ef3fc918763f0b62d63899bd6f7a427eaf26ec2562352624519f5cf2837,cached_perception_v2,1,1,1,0.349460112510437,,1,2490.6135722994804,0,20.017607137560844,2490.6135722994804,2557.8692881390452,36.6159521676197,36.56555485222703,36.6159521676197,36.601401433426545,0.349460112510437,26.992711700777424
sugar_box_yalehand0_drop60,980,0.9053491196651527,0.3497887032562147,17.308216499971987,15.859557215368604,0.842530226081029,0.7720123171691983,0.9985082048731975,0.9985082048731975,-0.555560416408938,-1.4486592846033837,MODE_3_RELOCALIZE,no_rollout,four_mode_relocalization_v2,,0,0,0,False,1,0,0.3497887032562147,0,0,restarted_se3,1,45.85622902959585,1.8921243026852608,0,981,cache_read_only_not_online_fps,75af0ef3fc918763f0b62d63899bd6f7a427eaf26ec2562352624519f5cf2837,cached_perception_v2,1,1,1,0.4091753281549559,,1,2483.6026625707746,0,19.886652007699013,2483.6026625707746,2551.2376679107547,36.45341241631343,36.506641331592036,36.45341241631343,36.4387826928826,0.4091753281549559,27.116393971729263
sugar_box_yalehand0_drop60,981,0.9279762885439826,0.4452883030425202,19.098678833371213,16.5115849203987,0.9296864408505205,0.8037517543163468,0.9985082048731975,0.9985082048731975,-0.4826879855014624,-2.587093912972513,MODE_3_RELOCALIZE,no_rollout,four_mode_relocalization_v2,,0,0,0,False,1,0,0.4452883030425202,0,0,restarted_se3,1,46.72569502145052,2.6112450286746025,0,982,cache_read_only_not_online_fps,75af0ef3fc918763f0b62d63899bd6f7a427eaf26ec2562352624519f5cf2837,cached_perception_v2,1,1,1,0.4267574839269479,,1,2479.667477309704,0,20.834751427173615,2479.667477309704,2549.8391687870026,36.59920309079009,36.539734757238065,36.59920309079009,36.58446885538797,0.4267574839269479,27.318608520894326
sugar_box_yalehand0_drop60,982,0.8188364194154977,0.5494905262333409,16.970498642608323,15.811871429505237,0.826090779375664,0.7696910661064802,0.9985082048731975,0.9985082048731975,-0.26934589318215674,-1.1586272131030864,MODE_3_RELOCALIZE,no_rollout,four_mode_relocalization_v2,,0,0,0,False,1,0,0.5494905262333409,0,0,restarted_se3,1,46.333326026797295,2.2517992183566093,0,983,cache_read_only_not_online_fps,75af0ef3fc918763f0b62d63899bd6f7a427eaf26ec2562352624519f5cf2837,cached_perception_v2,1,1,1,0.46233666760126074,,1,2488.477572798729,0,23.912513628602028,2488.477572798729,2560.975211672485,36.59948433786069,36.54626639088064,36.59948433786069,36.58483585474854,0.46233666760126074,27.46569091162321
sugar_box_yalehand0_drop60,983,1.1146438587670353,0.4770869687823318,15.522683176979948,14.738043903356894,0.7556139459259865,0.7174192362284995,0.9985082048731975,0.9985082048731975,-0.6375568899847035,-0.7846392736230534,MODE_3_RELOCALIZE,no_rollout,four_mode_relocalization_v2,,0,0,0,False,1,0,0.4770869687823318,0,0,restarted_se3,1,46.12254351377487,1.687164418399334,0,984,cache_read_only_not_online_fps,75af0ef3fc918763f0b62d63899bd6f7a427eaf26ec2562352624519f5cf2837,cached_perception_v2,1,1,1,0.41684666451257896,,1,2482.194204814732,0,21.949540823698044,2482.194204814732,2551.9534535706043,36.64295160991606,36.60270030012756,36.64295160991606,36.628362888846524,0.41684666451257896,27.596172070442588
sugar_box_yalehand0_drop60,984,0.9364922982360633,0.36668660497292505,18.511235800800456,18.015967131267438,0.9010908596106877,0.8769821466122583,0.9985082048731975,0.9985082048731975,-0.5698056932631382,-0.4952686695330186,MODE_3_RELOCALIZE,no_rollout,four_mode_relocalization_v2,,0,0,0,False,1,0,0.36668660497292505,0,0,restarted_se3,1,48.04923012852669,1.677628606557846,0,985,cache_read_only_not_online_fps,75af0ef3fc918763f0b62d63899bd6f7a427eaf26ec2562352624519f5cf2837,cached_perception_v2,1,1,1,0.4268629070266731,,1,2480.5318638682365,0,21.377775818109512,2480.5318638682365,2551.6364984214306,36.60679849839758,36.62684692780595,36.60679849839758,36.59225585093686,0.4268629070266731,27.78399403316402
sugar_box_yalehand0_drop60,985,1.1544430672260662,0.45385680117325194,16.06167863992167,12.646963350772161,0.7818511939549602,0.6156295127913267,0.9985082048731975,0.9985082048731975,-0.7005862660528142,-3.414715289149509,MODE_3_RELOCALIZE,no_rollout,four_mode_relocalization_v2,,0,0,0,False,1,0,0.45385680117325194,0,0,restarted_se3,1,45.396882109344006,2.3409156128764153,0,986,cache_read_only_not_online_fps,75af0ef3fc918763f0b62d63899bd6f7a427eaf26ec2562352624519f5cf2837,cached_perception_v2,1,1,1,0.416142737197037,,1,2482.136488892138,0,21.2350906804204,2482.136488892138,2551.109377294779,36.57855490133893,36.60131472795078,36.57855490133893,36.56399282579891,0.416142737197037,27.9466744561431
sugar_box_yalehand0_drop60,986,0.8077852969905859,0.45198015359659965,20.865791093349735,19.093097345760935,1.0157060195813894,0.9294147449182353,0.9985082048731975,0.9985082048731975,-0.3558051433939862,-1.7726937475888,MODE_3_RELOCALIZE,no_rollout,four_mode_relocalization_v2,,0,0,0,False,1,0,0.45198015359659965,0,0,restarted_se3,1,46.53662722557783,1.6674259677529335,0,987,cache_read_only_not_online_fps,75af0ef3fc918763f0b62d63899bd6f7a427eaf26ec2562352624519f5cf2837,cached_perception_v2,1,1,1,0.4072845644182691,,1,2490.2718691155314,0,20.871597342193127,2490.2718691155314,2559.3475196510553,36.480331114891676,36.48122738913915,36.480331114891676,36.465742224872066,0.4072845644182691,28.048462768208715
sugar_box_yalehand0_drop60,987,1.418858697700191,0.35930313722095014,13.180156824158503,12.897369625219616,0.6415843312833331,0.6278188019085886,0.9985082048731975,0.9985082048731975,-1.0595555604792408,-0.2827871989388875,MODE_3_RELOCALIZE,no_rollout,four_mode_relocalization_v2,,0,0,0,False,1,0,0.35930313722095014,0,0,restarted_se3,1,46.47617228329182,2.253522165119648,0,988,cache_read_only_not_online_fps,75af0ef3fc918763f0b62d63899bd6f7a427eaf26ec2562352624519f5cf2837,cached_perception_v2,1,1,1,0.4431295792129794,,1,2482.0938063785434,0,20.76998446136713,2482.0938063785434,2551.593485288322,36.5049295007391,36.4829427158196,36.5049295007391,36.490395067003185,0.4431295792129794,28.239556101950374
sugar_box_yalehand0_drop60,988,0.8710577729859934,0.49132991062352893,15.206865078300135,13.95615859492565,0.7402405367661453,0.6793585841859809,0.9985082048731975,0.9985082048731975,-0.3797278623624645,-1.2507064833744845,MODE_3_RELOCALIZE,no_rollout,four_mode_relocalization_v2,,0,0,0,False,1,0,0.49132991062352893,0,0,restarted_se3,1,45.366376638412476,2.2109365090727806,0,989,cache_read_only_not_online_fps,75af0ef3fc918763f0b62d63899bd6f7a427eaf26ec2562352624519f5cf2837,cached_perception_v2,1,1,1,0.4512067825228885,,1,2482.090932317078,0,20.473524928092957,2482.090932317078,2550.1417703926563,36.50823764768988,36.519692344852906,36.50823764768988,36.49369141532716,0.4512067825228885,28.515437305444213
sugar_box_yalehand0_drop60,989,1.2226227436738375,0.5175712213577595,21.19754086761993,19.96899232883007,1.0318549516402558,0.9720516045917706,0.9985082048731975,0.9985082048731975,-0.705051522316078,-1.2285485387898625,MODE_3_RELOCALIZE,no_rollout,four_mode_relocalization_v2,,0,0,0,False,1,0,0.5175712213577595,0,0,restarted_se3,1,45.91358732432127,2.275313250720501,0,990,cache_read_only_not_online_fps,75af0ef3fc918763f0b62d63899bd6f7a427eaf26ec2562352624519f5cf2837,cached_perception_v2,1,1,1,0.4367602368776949,,1,2480.987631715834,0,20.853925496339798,2480.987631715834,2550.0304577872157,36.64089132319035,36.50698342020504,36.64089132319035,36.62629762782292,0.4367602368776949,28.60520280948535
sugar_box_yalehand0_drop60,990,0.8487061181527195,0.42735426483424005,21.56971337411457,20.02613953613484,1.0499715834745398,0.974833419199328,0.9985082048731975,0.9985082048731975,-0.4213518533184794,-1.5435738379797321,MODE_3_RELOCALIZE,no_rollout,four_mode_relocalization_v2,,0,0,0,False,1,0,0.42735426483424005,0,0,restarted_se3,1,46.500363387167454,2.3123007267713547,0,991,cache_read_only_not_online_fps,75af0ef3fc918763f0b62d63899bd6f7a427eaf26ec2562352624519f5cf2837,cached_perception_v2,1,1,1,0.38930051736341725,,1,2493.7565475702286,0,21.130443550646305,2493.7565475702286,2563.6996552348137,36.50666834668468,36.510137313452276,36.50666834668468,36.492026991614566,0.38930051736341725,28.77605315246289
sugar_box_yalehand0_drop60,991,0.9979007853821359,0.3478398207786939,19.910873216067642,16.293358655176753,0.9692224795218691,0.7931289252932315,0.9985082048731975,0.9985082048731975,-0.650060964603442,-3.617514560890889,MODE_3_RELOCALIZE,no_rollout,four_mode_relocalization_v2,,0,0,0,False,1,0,0.3478398207786939,0,0,restarted_se3,1,49.28627423942089,2.046295441687107,0,992,cache_read_only_not_online_fps,75af0ef3fc918763f0b62d63899bd6f7a427eaf26ec2562352624519f5cf2837,cached_perception_v2,1,1,1,0.38259263610034727,,1,2507.4407290667295,0,21.16421051323414,2507.4407290667295,2579.9375092610717,36.5101099509872,36.55310193824614,36.5101099509872,36.49545488914991,0.38259263610034727,29.01043594427289
sugar_box_yalehand0_drop60,992,1.0719969967676994,0.4413244093777152,17.883180483553925,18.300408539499404,0.8705183515517569,0.8908281996694796,0.9985082048731975,0.9985082048731975,-0.6306725873899842,0.41722805594547907,MODE_3_RELOCALIZE,no_rollout,four_mode_relocalization_v2,,0,0,0,False,1,0,0.4413244093777152,0,0,restarted_se3,1,48.23501966893673,3.1865397468209267,0,993,cache_read_only_not_online_fps,75af0ef3fc918763f0b62d63899bd6f7a427eaf26ec2562352624519f5cf2837,cached_perception_v2,1,1,1,0.4154147646722743,,1,2493.17589122802,0,19.801286049187183,2493.17589122802,2564.398736692965,36.427392906396705,36.44984648569679,36.427392906396705,36.41267594022952,0.4154147646722743,29.119072986150986
sugar_box_yalehand0_drop60,993,0.7319601388142594,0.40619225738758324,21.170709391037754,18.323330390975087,1.030548847684894,0.891943990698904,0.9985082048731975,0.9985082048731975,-0.3257678814266761,-2.8473790000626664,MODE_3_RELOCALIZE,no_rollout,four_mode_relocalization_v2,,0,0,0,False,1,0,0.40619225738758324,0,0,restarted_se3,1,47.06911277025938,1.708097755908966,0,994,cache_read_only_not_online_fps,75af0ef3fc918763f0b62d63899bd6f7a427eaf26ec2562352624519f5cf2837,cached_perception_v2,1,1,1,0.4027012463981129,,1,2497.6547425612807,0,21.356591023504734,2497.6547425612807,2567.788544110954,36.43452176528662,36.40921269419708,36.43452176528662,36.419794992253536,0.4027012463981129,29.305798261744414
sugar_box_yalehand0_drop60,994,0.9564883367885895,0.3694706607486873,16.831657420076663,17.191312254468496,0.8193322594201761,0.8368395553874859,0.9985082048731975,0.9985082048731975,-0.5870176760399022,0.3596548343918329,MODE_3_RELOCALIZE,no_rollout,four_mode_relocalization_v2,,0,0,0,False,1,0,0.3694706607486873,0,0,restarted_se3,1,45.606802217662334,1.3115322217345238,0,995,cache_read_only_not_online_fps,75af0ef3fc918763f0b62d63899bd6f7a427eaf26ec2562352624519f5cf2837,cached_perception_v2,1,1,1,0.36835159537145684,,1,2497.1771305426955,0,20.72700299322605,2497.1771305426955,2564.8224679753184,36.49281831013839,36.445705250867235,36.49281831013839,36.47810808858766,0.36835159537145684,29.53494535646941
sugar_box_yalehand0_drop60,995,0.8707063987959078,0.4143671956856926,16.952558029558883,16.683945370694452,0.8252174653188054,0.8121419249127999,0.9985082048731975,0.9985082048731975,-0.45633920311021525,-0.26861265886443064,MODE_3_RELOCALIZE,no_rollout,four_mode_relocalization_v2,,0,0,0,False,1,0,0.4143671956856926,0,0,restarted_se3,1,45.48505414277315,1.3095522299408913,0,996,cache_read_only_not_online_fps,75af0ef3fc918763f0b62d63899bd6f7a427eaf26ec2562352624519f5cf2837,cached_perception_v2,1,1,1,0.4811431884025045,,1,2499.578411690891,0,20.08136734366417,2499.578411690891,2566.454385407269,36.48774603270545,36.45333729681558,36.48774603270545,36.47292569865916,0.4811431884025045,29.7240804119106
sugar_box_yalehand0_drop60,996,0.8346480991155014,0.5527973128906783,17.393067210841757,17.841206799748438,0.8466605932169127,0.8684751544779192,0.9985082048731975,0.9985082048731975,-0.28185078622482307,0.44813958890668104,MODE_3_RELOCALIZE,no_rollout,four_mode_relocalization_v2,,0,0,0,False,1,0,0.5527973128906783,0,0,restarted_se3,1,49.051715061068535,1.89123023301363,0,997,cache_read_only_not_online_fps,75af0ef3fc918763f0b62d63899bd6f7a427eaf26ec2562352624519f5cf2837,cached_perception_v2,1,1,1,0.4147010331920391,,1,2502.2875471040606,0,22.97954447567463,2502.2875471040606,2576.2100368738174,36.47054587978818,36.435261941159894,36.47054587978818,36.45582340722328,0.4147010331920391,29.88958138536299
sugar_box_yalehand0_drop60,997,1.0637109209424107,0.4045443652046035,17.17084202622497,14.206173491211702,0.8358431045960382,0.691528821777581,0.9985082048731975,0.9985082048731975,-0.6591665557378072,-2.964668535013269,MODE_3_RELOCALIZE,no_rollout,four_mode_relocalization_v2,,0,0,0,False,1,0,0.4045443652046035,0,0,restarted_se3,1,45.655930414795876,1.4312462881207466,0,998,cache_read_only_not_online_fps,75af0ef3fc918763f0b62d63899bd6f7a427eaf26ec2562352624519f5cf2837,cached_perception_v2,1,1,1,0.4315970704132685,,1,2506.3465032726526,0,21.99066523462534,2506.3465032726526,2575.4243452101946,36.59989104479761,36.56201191074897,36.59989104479761,36.5852690948746,0.4315970704132685,30.147407955391024
sugar_box_yalehand0_drop60,998,0.792094037038776,0.4519351922637218,17.643303410072043,16.863410854001657,0.8588416034042703,0.8208779546605677,0.9985082048731975,0.9985082048731975,-0.3401588447750542,-0.7798925560703864,MODE_3_RELOCALIZE,no_rollout,four_mode_relocalization_v2,,0,0,0,False,1,0,0.4519351922637218,0,0,restarted_se3,1,48.396361991763115,1.8560690805315971,0,999,cache_read_only_not_online_fps,75af0ef3fc918763f0b62d63899bd6f7a427eaf26ec2562352624519f5cf2837,cached_perception_v2,1,1,1,0.3846929705167439,,1,2490.7827004790306,0,27.233509346842766,2490.7827004790306,2568.268640898168,36.66365259822284,36.65346320788237,36.66365259822284,36.649036531679656,0.3846929705167439,30.379317145221236
sugar_box_yalehand0_drop60,999,0.8405740353184723,0.3445798264258056,18.355135512927404,16.714451774183907,0.8934922020116676,0.8136269171434511,0.9985082048731975,0.9985082048731975,-0.4959942088926667,-1.6406837387434976,MODE_3_RELOCALIZE,no_rollout,four_mode_relocalization_v2,,0,0,0,False,1,0,0.3445798264258056,0,0,restarted_se3,1,46.64033092558384,1.4119641855359077,0,1000,cache_read_only_not_online_fps,75af0ef3fc918763f0b62d63899bd6f7a427eaf26ec2562352624519f5cf2837,cached_perception_v2,1,1,1,0.3950635933439035,,1,2487.3901568353176,0,25.860236026346684,2487.3901568353176,2561.302687972784,36.62344323399896,36.63700511782272,36.62344323399896,36.60880208981752,0.3950635933439035,30.55488678992157
sugar_box_yalehand0_drop60,1000,0.9060241841899297,0.41296231862821786,20.82302172248219,20.231415421577793,1.0136240900130578,0.9848258489896253,0.9985082048731975,0.9985082048731975,-0.49306186556171183,-0.5916063009043953,MODE_3_RELOCALIZE,no_rollout,four_mode_relocalization_v2,,0,0,0,False,1,0,0.41296231862821786,0,0,restarted_se3,1,46.01865168660879,1.4837663620710373,0,1001,cache_read_only_not_online_fps,75af0ef3fc918763f0b62d63899bd6f7a427eaf26ec2562352624519f5cf2837,cached_perception_v2,1,1,1,0.4292243739386883,,1,2485.5870278552175,0,21.701106801629066,2485.5870278552175,2554.7905527055264,36.43402826177441,36.52073305410352,36.43402826177441,36.41939523610475,0.4292243739386883,30.693244618699683
sugar_box_yalehand0_drop60,1001,1.0659007384408128,0.471136238009328,15.950898210958579,17.023081886353566,0.776458618708413,0.8286504291374304,0.9985082048731975,0.9985082048731975,-0.5947645004314848,1.072183675394987,MODE_3_RELOCALIZE,no_rollout,four_mode_relocalization_v2,,0,0,0,False,1,0,0.471136238009328,0,0,restarted_se3,1,49.12169277667999,1.3170279562473297,0,1002,cache_read_only_not_online_fps,75af0ef3fc918763f0b62d63899bd6f7a427eaf26ec2562352624519f5cf2837,cached_perception_v2,1,1,1,0.43308995525190286,,1,2486.938535235822,0,20.933713763952255,2486.938535235822,2558.310969732702,36.57300690294584,36.524997499403135,36.57300690294584,36.558336582962895,0.43308995525190286,30.98391132206636
