episode,frame_id,E_obs_cm,E_prior_cm,E_obs_hat_cm,E_prior_hat_cm,e_obs_hat_norm,e_prior_hat_norm,p_obs_risk,p_prior_risk,delta_E_gt_cm,delta_E_hat_cm,selected_mode,policy_variant,policy_version,fusion_alpha,forced_streak_reset,motion_history_reset,restart_zero_velocity_prior,output_uncertain,output_quality_unverified,both_candidates_bad,local_candidate_oracle_cm,is_blackout,recovery_attempted,observer_source,observer_restart,observer_wall_ms,sam2_frame_wall_ms,sam2_propagated_frames_total,sam2_cached_frames_consumed,sam2_timing_scope,sam2_cache_receipt_sha256,perception_runtime_version,relocalization_attempted,relocalization_generated,relocalization_used,relocalization_raw_error_cm,relocalization_failure_reason,relocalization_cache_hit,relocalization_wall_ms,sam2_cache_hit,quality_wall_ms,transition_wall_ms,policy_wall_ms,error_b1_obs_cm,error_b2_cm,error_b3_cm,error_b4_cm,error_b5_ours_cm,error_b6_oracle_cm
cracker_box_yalehand0_black10_5,0,1.0681751489113132,1.0681751489113132,1.908036659934463,1.908036659934463,0.06855664554191201,0.06855664554191201,0.9274193548387096,0.9274193548387096,0.0,0.0,MODE_3_RELOCALIZE,simple,four_mode_relocalization_v2,,0,0,0,False,1,1,1.0681751489113132,0,0,precomputed,1,0.0,1.8206136301159859,0,1,cache_read_only_not_online_fps,b18588ca73eff0bed9b27155081eb3c6df55568f77c0b4b80229d1c92a313cef,cached_perception_v2,1,1,1,0.49981678039482635,,1,28920.079139992595,0,16.019844450056553,28920.079139992595,28921.89975362271,1.0681751489113132,1.068175148911313,1.0681751489113132,1.068175148911313,0.49981678039482635,1.0681751489113132
cracker_box_yalehand0_black10_5,1,0.8811969291455692,0.8811969291455692,1.7874068576935997,1.7874068576935997,0.06422236058414718,0.06422236058414718,0.7946843853820601,0.7946843853820601,0.0,0.0,MODE_3_RELOCALIZE,simple,four_mode_relocalization_v2,,0,0,0,False,1,0,0.8811969291455692,0,0,restarted_se3,1,14660.968001931906,4.61211521178484,0,2,cache_read_only_not_online_fps,b18588ca73eff0bed9b27155081eb3c6df55568f77c0b4b80229d1c92a313cef,cached_perception_v2,1,1,1,0.4680673205500923,,1,2468.658721074462,0,18.743588589131832,2468.658721074462,17134.238838218153,1.8529386869590831,1.8529386869590836,1.8529386869590831,1.8529386869590843,0.4680673205500923,1.8529386869590831
cracker_box_yalehand0_black10_5,2,0.8418411264765523,0.43530653670363123,1.7478182984525024,1.1495865742005258,0.06279992521883292,0.04130518083961417,0.7946843853820601,0.7272727272727273,-0.40653458977292106,-0.5982317242519766,MODE_3_RELOCALIZE,simple,four_mode_relocalization_v2,,0,0,0,False,1,0,0.43530653670363123,0,0,restarted_se3,1,46.45485617220402,2.8487220406532288,0,3,cache_read_only_not_online_fps,b18588ca73eff0bed9b27155081eb3c6df55568f77c0b4b80229d1c92a313cef,cached_perception_v2,1,1,1,0.44616641176932437,,1,2450.1980673521757,0,21.48257475346327,2450.1980673521757,2499.501645565033,2.61760142683933,2.6498253360984516,2.6900114422351757,2.617617047055688,0.44616641176932437,2.61760142683933
cracker_box_yalehand0_black10_5,3,0.946769967572806,0.4246471065760243,1.865036908777676,1.1606956253929526,0.06701164446287221,0.04170433422114946,0.9274193548387096,0.7946843853820601,-0.5221228609967816,-0.7043412833847233,MODE_3_RELOCALIZE,simple,four_mode_relocalization_v2,,0,0,0,False,1,0,0.4246471065760243,0,0,restarted_se3,1,46.78528290241957,2.292458899319172,0,4,cache_read_only_not_online_fps,b18588ca73eff0bed9b27155081eb3c6df55568f77c0b4b80229d1c92a313cef,cached_perception_v2,1,1,1,0.4709478584185337,,1,2460.7992051169276,0,23.57886079698801,2460.7992051169276,2509.8769469186664,3.4089649351272975,3.3988359650481406,3.4675402289580917,3.4089982213148504,0.4709478584185337,3.3670148294353295
cracker_box_yalehand0_black10_5,4,0.8384886595065933,0.4993062318486543,1.7547253716742899,1.1558949559750757,0.06304809957551136,0.04153184393385248,0.7946843853820601,0.7946843853820601,-0.33918242765793905,-0.5988304156992141,MODE_3_RELOCALIZE,simple,four_mode_relocalization_v2,,0,0,0,False,1,0,0.4993062318486543,0,0,restarted_se3,1,46.142286621034145,2.3169219493865967,0,5,cache_read_only_not_online_fps,b18588ca73eff0bed9b27155081eb3c6df55568f77c0b4b80229d1c92a313cef,cached_perception_v2,1,1,1,0.5116496251147717,,1,2452.3495631292462,0,23.22331815958023,2452.3495631292462,2500.808771699667,4.41564300204815,4.372818710691305,4.332872641030278,4.4157189205850775,0.5116496251147717,4.282746695557975
cracker_box_yalehand0_black10_5,5,0.8341428494153384,0.5570702404977128,1.7688091406294786,1.163560405762042,0.06355413595124232,0.04180726711360543,0.7946843853820601,0.7946843853820601,-0.27707260891762564,-0.6052487348674367,MODE_3_RELOCALIZE,simple,four_mode_relocalization_v2,,0,0,0,False,1,0,0.5570702404977128,0,0,restarted_se3,1,71.57792616635561,3.2571619376540184,0,6,cache_read_only_not_online_fps,b18588ca73eff0bed9b27155081eb3c6df55568f77c0b4b80229d1c92a313cef,cached_perception_v2,1,1,1,0.496729041033728,,1,2456.9501895457506,0,12.695995159447193,2456.9501895457506,2531.7852776497602,5.556080404517189,5.519950172692048,5.369741423787762,5.556212600606785,0.496729041033728,5.293524966762057
cracker_box_yalehand0_black10_5,6,0.8043470967440024,0.4782583748324061,1.7351124080872544,1.144412118652678,0.06234339666235611,0.04111926024263865,0.7946843853820601,0.7272727272727273,-0.3260887219115963,-0.5907002894345765,MODE_3_RELOCALIZE,simple,four_mode_relocalization_v2,,0,0,0,False,1,0,0.4782583748324061,0,0,restarted_se3,1,47.150012105703354,2.318345010280609,0,7,cache_read_only_not_online_fps,b18588ca73eff0bed9b27155081eb3c6df55568f77c0b4b80229d1c92a313cef,cached_perception_v2,1,1,1,0.4741967752860521,,1,2458.5709432139993,0,23.998072370886803,2458.5709432139993,2508.0393003299832,6.340325832762478,6.496091807545981,6.572856723648863,6.442984057855977,0.4741967752860521,6.340325832762478
cracker_box_yalehand0_black10_5,7,0.9203153664439029,0.4565412111911881,1.7649036211483413,1.1663605365984961,0.06341380881793947,0.04190787711825407,0.7946843853820601,0.7946843853820601,-0.46377415525271476,-0.5985430845498452,MODE_3_RELOCALIZE,simple,four_mode_relocalization_v2,,0,0,0,False,1,0,0.4565412111911881,0,0,restarted_se3,1,46.82907182723284,1.6889851540327072,0,8,cache_read_only_not_online_fps,b18588ca73eff0bed9b27155081eb3c6df55568f77c0b4b80229d1c92a313cef,cached_perception_v2,1,1,1,0.45704239577289,,1,2449.0300295874476,0,21.173066459596157,2449.0300295874476,2497.548086568713,6.998902680735436,7.219140538506222,7.883821972738897,7.071838818737299,0.45704239577289,6.998902680735436
cracker_box_yalehand0_black10_5,8,0.8649272547385854,0.4468655336769102,1.8367018905653145,1.13901116086668,0.06599355406618392,0.04092520131479069,0.9274193548387096,0.7272727272727273,-0.4180617210616753,-0.6976907296986345,MODE_3_RELOCALIZE,simple,four_mode_relocalization_v2,,0,0,0,False,1,0,0.4468655336769102,0,0,restarted_se3,1,46.01921606808901,2.374284900724888,0,9,cache_read_only_not_online_fps,b18588ca73eff0bed9b27155081eb3c6df55568f77c0b4b80229d1c92a313cef,cached_perception_v2,1,1,1,0.4608360225693138,,1,2432.0817729458213,0,21.656349301338196,2432.0817729458213,2480.475273914635,7.68699474394923,7.817729841136156,9.258908884866056,7.687240933642025,0.4608360225693138,7.68699474394923
cracker_box_yalehand0_black10_5,9,0.8223782170622269,0.4647927232715291,1.7160349506471455,1.1604912708807351,0.06165793473438279,0.041696991668381395,0.7946843853820601,0.7946843853820601,-0.3575854937906978,-0.5555436797664104,MODE_3_RELOCALIZE,simple,four_mode_relocalization_v2,,0,0,0,False,1,0,0.4647927232715291,0,0,restarted_se3,1,69.6244454011321,2.084256149828434,0,10,cache_read_only_not_online_fps,b18588ca73eff0bed9b27155081eb3c6df55568f77c0b4b80229d1c92a313cef,cached_perception_v2,1,1,1,0.46226341122076176,,1,2440.8622477203608,0,11.709710583090782,2440.8622477203608,2512.5709492713213,8.399827184968682,8.430814602428795,10.668341889048447,8.400074005285692,0.46226341122076176,8.399827184968682
cracker_box_yalehand0_black10_5,10,0.936040643784539,0.4587325124340669,1.8319637075570332,1.1230099164196437,0.06582330894467633,0.040350269151892604,0.9274193548387096,0.66,-0.4773081313504721,-0.7089537911373895,MODE_3_RELOCALIZE,simple,four_mode_relocalization_v2,,0,0,0,False,1,0,0.4587325124340669,0,0,restarted_se3,1,45.54457496851683,2.377353608608246,0,11,cache_read_only_not_online_fps,b18588ca73eff0bed9b27155081eb3c6df55568f77c0b4b80229d1c92a313cef,cached_perception_v2,1,1,1,0.4356882781740293,,1,2436.865611001849,0,22.71486259996891,2436.865611001849,2484.7875395789742,9.174101302432781,9.135850039641795,12.075010215404433,9.174327193728182,0.4356882781740293,9.174101302432781
cracker_box_yalehand0_black10_5,11,0.9343047448485386,0.41864307915553817,1.7536628955767872,1.1310202299198246,0.0630099243146567,0.04063808344542424,0.7946843853820601,0.66,-0.5156616656930004,-0.6226426656569626,MODE_3_RELOCALIZE,simple,four_mode_relocalization_v2,,0,0,0,False,1,0,0.41864307915553817,0,0,restarted_se3,1,47.28723596781492,1.8517011776566505,0,12,cache_read_only_not_online_fps,b18588ca73eff0bed9b27155081eb3c6df55568f77c0b4b80229d1c92a313cef,cached_perception_v2,1,1,1,0.48984676939754235,,1,2434.7459273412824,0,22.19345234334469,2434.7459273412824,2483.884864486754,10.101708700165286,9.998529551361992,13.419879640634846,10.08577732903546,0.48984676939754235,10.028377011330326
cracker_box_yalehand0_black10_5,12,0.8926830431925936,0.5496175815491641,1.7552612475975478,1.1997187846100146,0.06306735384692902,0.0431064545003592,0.7946843853820601,0.7946843853820601,-0.34306546164342955,-0.5555424629875332,MODE_3_RELOCALIZE,simple,four_mode_relocalization_v2,,0,0,0,False,1,0,0.5496175815491641,0,0,restarted_se3,1,45.73932662606239,2.0618531852960587,0,13,cache_read_only_not_online_fps,b18588ca73eff0bed9b27155081eb3c6df55568f77c0b4b80229d1c92a313cef,cached_perception_v2,1,1,1,0.4306976042008243,,1,2447.7151250466704,0,21.72077912837267,2447.7151250466704,2495.516304858029,10.918367567177615,10.928329547904193,14.729802051198057,10.918661480514317,0.4306976042008243,10.918367567177615
cracker_box_yalehand0_black10_5,13,0.8322162132567241,0.3961110533328493,1.6262291079267666,1.1263505208251217,0.05843116899331721,0.040470298623511855,0.7946843853820601,0.66,-0.43610515992387483,-0.4998785871016449,MODE_3_RELOCALIZE,simple,four_mode_relocalization_v2,,0,0,0,False,1,0,0.3961110533328493,0,0,restarted_se3,1,45.97144573926926,2.040277235209942,0,14,cache_read_only_not_online_fps,b18588ca73eff0bed9b27155081eb3c6df55568f77c0b4b80229d1c92a313cef,cached_perception_v2,1,1,1,0.44770986421388437,,1,2446.085554547608,0,22.30795379728079,2446.085554547608,2494.097277522087,11.899802635144798,11.888413201193508,15.944320530662836,11.900154095504128,0.44770986421388437,11.803430880556117
cracker_box_yalehand0_black10_5,14,0.7968474299063654,0.4728340772016231,1.6148835123975058,1.2005606366269375,0.058023516463628313,0.04313670263527968,0.7946843853820601,0.7946843853820601,-0.32401335270474224,-0.41432287577056837,MODE_3_RELOCALIZE,simple,four_mode_relocalization_v2,,0,0,0,False,1,0,0.4728340772016231,0,0,restarted_se3,1,45.823654159903526,2.102859318256378,0,15,cache_read_only_not_online_fps,b18588ca73eff0bed9b27155081eb3c6df55568f77c0b4b80229d1c92a313cef,cached_perception_v2,1,1,1,0.4385484557283327,,1,2442.1096025034785,0,21.2857099249959,2442.1096025034785,2490.0361159816384,13.125413004053069,12.99355675885657,17.102669929194597,13.125788225280829,0.4385484557283327,12.718634909237617
cracker_box_yalehand0_black10_5,15,0.9050948300346935,0.4272712124605344,1.8339984113822891,1.158196529178503,0.06589641680044239,0.04161454053062622,0.9274193548387096,0.7946843853820601,-0.4778236175741591,-0.6758018822037861,MODE_3_RELOCALIZE,simple,four_mode_relocalization_v2,,0,0,0,False,1,0,0.4272712124605344,0,0,restarted_se3,1,71.8523096293211,1.8482180312275887,0,16,cache_read_only_not_online_fps,b18588ca73eff0bed9b27155081eb3c6df55568f77c0b4b80229d1c92a313cef,cached_perception_v2,1,1,1,0.5108432083541942,,1,2446.5492023155093,0,12.356247752904892,2446.5492023155093,2520.249729976058,14.308634634861555,14.216571904543079,18.15383950879883,14.30895117313304,0.5108432083541942,13.689304767866368
cracker_box_yalehand0_black10_5,16,0.8993233380016878,0.6009852487719176,1.7579720564382166,1.1927696178787504,0.06316475447068223,0.04285676770428721,0.7946843853820601,0.7946843853820601,-0.29833808922977023,-0.5652024385594663,MODE_3_RELOCALIZE,simple,four_mode_relocalization_v2,,0,0,0,False,1,0,0.6009852487719176,0,0,restarted_se3,1,46.965342946350574,1.4479821547865868,0,17,cache_read_only_not_online_fps,b18588ca73eff0bed9b27155081eb3c6df55568f77c0b4b80229d1c92a313cef,cached_perception_v2,1,1,1,0.46129438059693656,,1,2437.0763236656785,0,23.786778561770916,2437.0763236656785,2485.4896487668157,15.26269230479669,15.360086087605342,19.11676582010014,15.352771098425954,0.46129438059693656,14.678846275930574
cracker_box_yalehand0_black10_5,17,0.9997806559202894,0.41868000543942124,1.886840998413396,1.1875514866579575,0.06779507555510891,0.042669277820048104,0.9274193548387096,0.7946843853820601,-0.5811006504808682,-0.6992895117554385,MODE_3_RELOCALIZE,simple,four_mode_relocalization_v2,,0,0,0,False,1,0,0.41868000543942124,0,0,restarted_se3,1,45.807973481714725,1.9361665472388268,0,18,cache_read_only_not_online_fps,b18588ca73eff0bed9b27155081eb3c6df55568f77c0b4b80229d1c92a313cef,cached_perception_v2,1,1,1,0.42562262282701147,,1,2446.919093839824,0,22.300278767943382,2446.919093839824,2494.6632338687778,16.154597225159005,16.335953733552657,20.00112639864756,16.21941245815579,0.42562262282701147,15.70249778257517
cracker_box_yalehand0_black10_5,18,0.8738599495120184,0.39290238807833205,1.740900145782099,1.168332518129224,0.0625513527724073,0.041978731332775264,0.7946843853820601,0.7946843853820601,-0.48095756143368634,-0.572567627652875,MODE_3_RELOCALIZE,simple,four_mode_relocalization_v2,,0,0,0,False,1,0,0.39290238807833205,0,0,restarted_se3,1,45.6508519127965,1.805730164051056,0,19,cache_read_only_not_online_fps,b18588ca73eff0bed9b27155081eb3c6df55568f77c0b4b80229d1c92a313cef,cached_perception_v2,1,1,1,0.43516557066941636,,1,2440.5322894454002,0,23.591486737132072,2440.5322894454002,2487.988871522248,16.815937007176725,17.07955101188335,20.82742025558753,16.81621652731042,0.43516557066941636,16.753221970047605
cracker_box_yalehand0_black10_5,19,0.8976981344556366,0.4540648152372069,1.7780799882702556,1.1898080347154911,0.06388724182332953,0.04275035664236693,0.7946843853820601,0.7946843853820601,-0.44363331921842974,-0.5882719535547645,MODE_3_RELOCALIZE,simple,four_mode_relocalization_v2,,0,0,0,False,1,0,0.4540648152372069,0,0,restarted_se3,1,44.62616704404354,1.6199490055441856,0,20,cache_read_only_not_online_fps,b18588ca73eff0bed9b27155081eb3c6df55568f77c0b4b80229d1c92a313cef,cached_perception_v2,1,1,1,0.4757870880898592,,1,2442.8425934165716,0,26.388746686279774,2442.8425934165716,2489.0887094661593,17.870931240525074,17.834491032035405,21.58944717074891,17.871269950600556,0.4757870880898592,17.826693038885637
cracker_box_yalehand0_black10_5,20,0.890086651330666,0.5168837706412055,1.794427704561638,1.2015216705516285,0.06447462288090655,0.043171233031635406,0.7946843853820601,0.7946843853820601,-0.3732028806894605,-0.5929060340100094,MODE_3_RELOCALIZE,simple,four_mode_relocalization_v2,,0,0,0,False,1,0,0.5168837706412055,0,0,restarted_se3,1,47.841948457062244,1.9747260957956314,0,21,cache_read_only_not_online_fps,b18588ca73eff0bed9b27155081eb3c6df55568f77c0b4b80229d1c92a313cef,cached_perception_v2,1,1,1,0.4555872525333417,,1,2444.7072176262736,0,23.291926831007004,2444.7072176262736,2494.5238921791315,18.819676295807046,18.698054801622874,22.282361449342076,18.848853764980433,0.4555872525333417,18.819676295807046
cracker_box_yalehand0_black10_5,21,0.7571832486301706,0.4300253486457529,1.5921405459233982,1.1869486754203042,0.05720635108946274,0.04264761853162023,0.7946843853820601,0.7946843853820601,-0.3271578999844177,-0.4051918705030939,MODE_3_RELOCALIZE,simple,four_mode_relocalization_v2,,0,0,0,False,1,0,0.4300253486457529,0,0,restarted_se3,1,44.920869171619415,1.5459135174751282,0,22,cache_read_only_not_online_fps,b18588ca73eff0bed9b27155081eb3c6df55568f77c0b4b80229d1c92a313cef,cached_perception_v2,1,1,1,0.44616477437008195,,1,2450.982131063938,0,22.60058093816042,2450.982131063938,2497.4489137530327,19.497586910755047,19.535863145504088,22.947291187061584,19.49782306006812,0.44616477437008195,19.03527712182444
cracker_box_yalehand0_black10_5,22,0.7891070995768034,0.4337339309073691,1.6909797068218655,1.1961444271532875,0.06075768815843131,0.04297802617277699,0.7946843853820601,0.7946843853820601,-0.35537316866943425,-0.494835279668578,MODE_3_RELOCALIZE,simple,four_mode_relocalization_v2,,0,0,0,False,1,0,0.4337339309073691,0,0,restarted_se3,1,45.02544645220041,3.8731880486011505,0,23,cache_read_only_not_online_fps,b18588ca73eff0bed9b27155081eb3c6df55568f77c0b4b80229d1c92a313cef,cached_perception_v2,1,1,1,0.46987746495132804,,1,2446.0616763681173,0,18.634965643286705,2446.0616763681173,2494.960310868919,20.023215505144638,20.209095435496312,23.570064116799724,20.02344793268886,0.46987746495132804,20.023215505144638
cracker_box_yalehand0_black10_5,23,0.8855560687564884,0.4964671183197972,1.8229752276392437,1.2139845568734733,0.06550034867634184,0.043619030339694054,0.7946843853820601,0.7946843853820601,-0.3890889504366912,-0.6089906707657704,MODE_3_RELOCALIZE,simple,four_mode_relocalization_v2,,0,0,0,False,1,0,0.4964671183197972,0,0,restarted_se3,1,46.24771885573864,2.366304397583008,0,24,cache_read_only_not_online_fps,b18588ca73eff0bed9b27155081eb3c6df55568f77c0b4b80229d1c92a313cef,cached_perception_v2,1,1,1,0.4012294099645526,,1,2455.1439685747027,0,15.497580170631409,2455.1439685747027,2503.7579918280244,20.763247054851103,20.82883194785189,24.158770434291657,20.7342463413645,0.4012294099645526,19.743974695325438
cracker_box_yalehand0_black10_5,24,0.8272082427049345,0.3535290669492515,1.7167425820464433,1.1553898543561563,0.06168336026002109,0.0415136953975177,0.7946843853820601,0.7946843853820601,-0.473679175755683,-0.561352727690287,MODE_3_RELOCALIZE,simple,four_mode_relocalization_v2,,0,0,0,False,1,0,0.3535290669492515,0,0,restarted_se3,1,47.650610096752644,1.9656987860798836,0,25,cache_read_only_not_online_fps,b18588ca73eff0bed9b27155081eb3c6df55568f77c0b4b80229d1c92a313cef,cached_perception_v2,1,1,1,0.3910061238976433,,1,2590.960916131735,0,10.750622488558292,2590.960916131735,2640.5772250145674,21.339993804408163,21.37055019985499,24.72688564496527,21.340310223052487,0.3910061238976433,21.339993804408163
cracker_box_yalehand0_black10_5,25,0.8336882350705834,0.36812558028078196,1.7845777772216425,1.1577278659256198,0.06412071040561645,0.04159770124174823,0.7946843853820601,0.7946843853820601,-0.46556265478980147,-0.6268499112960226,MODE_3_RELOCALIZE,simple,four_mode_relocalization_v2,,0,0,0,False,1,0,0.36812558028078196,0,0,restarted_se3,1,48.583585768938065,5.246365442872047,0,26,cache_read_only_not_online_fps,b18588ca73eff0bed9b27155081eb3c6df55568f77c0b4b80229d1c92a313cef,cached_perception_v2,1,1,1,0.39074127662429803,,1,2447.98896368593,0,23.3087046071887,2447.98896368593,2501.81891489774,22.138760532757644,22.0411705355287,25.2774690933247,22.139106258031347,0.39074127662429803,21.91968577251446
cracker_box_yalehand0_black10_5,26,0.8544535024128213,0.40224805418319876,1.7488976808095067,1.1794436852294574,0.06283870792946274,0.04237796073986319,0.7946843853820601,0.7946843853820601,-0.4522054482296225,-0.5694539955800493,MODE_3_RELOCALIZE,simple,four_mode_relocalization_v2,,0,0,0,False,1,0,0.40224805418319876,0,0,restarted_se3,1,46.67662736028433,3.4803804010152817,0,27,cache_read_only_not_online_fps,b18588ca73eff0bed9b27155081eb3c6df55568f77c0b4b80229d1c92a313cef,cached_perception_v2,1,1,1,0.4408521022349503,,1,2450.7224848493934,0,23.978733457624912,2450.7224848493934,2500.879492610693,23.07064360898244,22.8759829784525,25.79463646076378,23.07100828438072,0.4408521022349503,21.7052179117004
cracker_box_yalehand0_black10_5,27,0.9469454388704446,0.4948249673258236,1.8783491533635535,1.1883736781572867,0.06748995960880477,0.04269881954341784,0.9274193548387096,0.7946843853820601,-0.452120471544621,-0.6899754752062668,MODE_3_RELOCALIZE,simple,four_mode_relocalization_v2,,0,0,0,False,1,0,0.4948249673258236,0,0,restarted_se3,1,44.32975873351097,2.7413759380578995,0,28,cache_read_only_not_online_fps,b18588ca73eff0bed9b27155081eb3c6df55568f77c0b4b80229d1c92a313cef,cached_perception_v2,1,1,1,0.44577651284936753,,1,2448.064871132374,0,22.79139682650566,2448.064871132374,2495.1360058039427,23.94196091234099,23.82170892459782,26.29439712682776,23.94229267649691,0.44577651284936753,18.21662281726492
cracker_box_yalehand0_black10_5,28,0.9328328931645289,0.45464297416996263,1.8510410860713233,1.2003013909329905,0.06650876803680825,0.04312738781679564,0.9274193548387096,0.7946843853820601,-0.47818991899456625,-0.6507396951383329,MODE_3_RELOCALIZE,simple,four_mode_relocalization_v2,,0,0,0,False,1,0,0.45464297416996263,0,0,restarted_se3,1,47.340741381049156,2.222278155386448,0,29,cache_read_only_not_online_fps,b18588ca73eff0bed9b27155081eb3c6df55568f77c0b4b80229d1c92a313cef,cached_perception_v2,1,1,1,0.42937586500830177,,1,2441.4889914914966,0,23.17783609032631,2441.4889914914966,2491.052011027932,24.109430990917392,24.421952499902552,26.774975126431734,24.390692098029824,0.42937586500830177,9.933542637297824
cracker_box_yalehand0_black10_5,29,0.9736399945560722,0.41733622443517915,1.8217625438158702,1.1891744456774098,0.0654567763819624,0.042727591493240034,0.7946843853820601,0.7946843853820601,-0.556303770120893,-0.6325880981384604,MODE_3_RELOCALIZE,simple,four_mode_relocalization_v2,,0,0,0,False,1,0,0.41733622443517915,0,0,restarted_se3,1,47.44077939540148,5.345786921679974,0,30,cache_read_only_not_online_fps,b18588ca73eff0bed9b27155081eb3c6df55568f77c0b4b80229d1c92a313cef,cached_perception_v2,1,1,1,0.44907417073990635,,1,2443.6319191008806,0,22.24075049161911,2443.6319191008806,2496.418485417962,24.698052222991226,24.869139471415767,27.224118768982734,24.698545456900646,0.44907417073990635,10.63078257929857
cracker_box_yalehand0_black10_5,30,0.9115744050815989,0.4587674980068759,1.747470634879624,1.1829147541762852,0.06278743350479296,0.04250267786319529,0.7946843853820601,0.7946843853820601,-0.45280690707472304,-0.5645558807033388,MODE_3_RELOCALIZE,simple,four_mode_relocalization_v2,,0,0,0,False,1,0,0.4587674980068759,0,0,restarted_se3,1,47.88390826433897,3.4866463392972946,0,31,cache_read_only_not_online_fps,b18588ca73eff0bed9b27155081eb3c6df55568f77c0b4b80229d1c92a313cef,cached_perception_v2,1,1,1,0.39982843086564973,,1,2439.3890695646405,0,24.158510379493237,2439.3890695646405,2490.759624168277,25.61375684329297,25.47542783799513,27.675732114433387,25.482182541390014,0.39982843086564973,16.42053978935495
cracker_box_yalehand0_black10_5,31,0.9311642130853862,0.3939222502763683,1.821185624529556,1.1816355434274686,0.065436047403401,0.042456715225410835,0.7946843853820601,0.7946843853820601,-0.5372419628090179,-0.6395500811020873,MODE_3_RELOCALIZE,simple,four_mode_relocalization_v2,,0,0,0,False,1,0,0.3939222502763683,0,0,restarted_se3,1,46.68234474956989,2.4341195821762085,0,32,cache_read_only_not_online_fps,b18588ca73eff0bed9b27155081eb3c6df55568f77c0b4b80229d1c92a313cef,cached_perception_v2,1,1,1,0.4055027344772891,,1,2457.069346681237,0,24.643183685839176,2457.069346681237,2506.1858110129833,26.697979389392952,26.36416153814411,28.061840763905504,26.698488212075755,0.4055027344772891,17.0393451989729
cracker_box_yalehand0_black10_5,32,0.9306820644797651,0.4072565846254917,1.8790343534523348,1.1548124783126408,0.06751457916701258,0.0414929500074574,0.9274193548387096,0.7946843853820601,-0.5234254798542735,-0.724221875139694,MODE_3_RELOCALIZE,simple,four_mode_relocalization_v2,,0,0,0,False,1,0,0.4072565846254917,0,0,restarted_se3,1,45.73766887187958,2.2367769852280617,0,33,cache_read_only_not_online_fps,b18588ca73eff0bed9b27155081eb3c6df55568f77c0b4b80229d1c92a313cef,cached_perception_v2,1,1,1,0.3860193046525281,,1,2453.5917872563004,0,10.634256526827812,2453.5917872563004,2501.566233113408,27.245638567354124,27.27411086166515,28.43336748103545,27.24617671993162,0.3860193046525281,21.57048088378005
cracker_box_yalehand0_black10_5,33,0.9641489392987476,0.36817691073607617,1.8900055628080363,1.1767905031506012,0.06790877982717744,0.04228263067249197,0.9274193548387096,0.7946843853820601,-0.5959720285626714,-0.7132150596574351,MODE_3_RELOCALIZE,simple,four_mode_relocalization_v2,,0,0,0,False,1,0,0.36817691073607617,0,0,restarted_se3,1,35.311357118189335,5.649310536682606,0,34,cache_read_only_not_online_fps,b18588ca73eff0bed9b27155081eb3c6df55568f77c0b4b80229d1c92a313cef,cached_perception_v2,1,1,1,0.42573347071747775,,1,2468.0314967408776,0,23.659595288336277,2468.0314967408776,2508.9921643957496,28.355612931307533,28.26641739337314,28.766799680419535,28.356169150351025,0.42573347071747775,26.63624762498352
cracker_box_yalehand0_black10_5,34,0.9180121466660562,0.4651474151115981,1.8333472642385689,1.210982335753306,0.06587302078040513,0.0435111591370617,0.9274193548387096,0.7946843853820601,-0.45286473155445817,-0.6223649284852628,MODE_3_RELOCALIZE,simple,four_mode_relocalization_v2,,0,0,0,False,1,0,0.4651474151115981,0,0,restarted_se3,1,56.293910369277,2.164357341825962,0,35,cache_read_only_not_online_fps,b18588ca73eff0bed9b27155081eb3c6df55568f77c0b4b80229d1c92a313cef,cached_perception_v2,1,1,1,0.40854028292695255,,1,2463.4809773415327,0,23.911193013191223,2463.4809773415327,2521.9392450526357,28.891921276599852,29.081036627672695,29.08763635523525,29.054625456657174,0.40854028292695255,26.40848645642973
cracker_box_yalehand0_black10_5,35,0.9053528757439779,0.39474369832209033,1.7245510854420403,1.213074954985177,0.06196392342253556,0.043586347920351896,0.7946843853820601,0.7946843853820601,-0.5106091774218876,-0.5114761304568634,MODE_3_RELOCALIZE,simple,four_mode_relocalization_v2,,0,0,0,False,1,0,0.39474369832209033,0,0,restarted_se3,1,45.98505329340696,2.0965924486517906,0,36,cache_read_only_not_online_fps,b18588ca73eff0bed9b27155081eb3c6df55568f77c0b4b80229d1c92a313cef,cached_perception_v2,1,1,1,0.42545725594715417,,1,2466.543983668089,0,20.862217992544174,2466.543983668089,2514.6256294101477,29.677335504627695,29.781265439964187,29.352973350148048,29.6779856086949,0.42545725594715417,27.69683529852894
cracker_box_yalehand0_black10_5,36,0.9515928950752817,0.4590163236115139,1.8542595892999794,1.1931407172550668,0.06662441035629599,0.04287010147765602,0.9274193548387096,0.7946843853820601,-0.49257657146376777,-0.6611188720449126,MODE_3_RELOCALIZE,simple,four_mode_relocalization_v2,,0,0,0,False,1,0,0.4590163236115139,0,0,restarted_se3,1,49.15594309568405,2.433217130601406,0,37,cache_read_only_not_online_fps,b18588ca73eff0bed9b27155081eb3c6df55568f77c0b4b80229d1c92a313cef,cached_perception_v2,1,1,1,0.43329393189234816,,1,2449.9463345855474,0,23.65987468510866,2449.9463345855474,2501.535494811833,30.138993209304367,30.28280405865575,29.54888366277615,30.139731493228343,0.43329393189234816,30.138993209304367
cracker_box_yalehand0_black10_5,37,0.961957344862301,0.4270789227282739,1.7874882311617342,1.180275763477907,0.0642252843707434,0.04240785769873193,0.7946843853820601,0.7946843853820601,-0.534878422134027,-0.6072124676838271,MODE_3_RELOCALIZE,simple,four_mode_relocalization_v2,,0,0,0,False,1,0,0.4270789227282739,0,0,restarted_se3,1,47.49026522040367,2.447831444442272,0,38,cache_read_only_not_online_fps,b18588ca73eff0bed9b27155081eb3c6df55568f77c0b4b80229d1c92a313cef,cached_perception_v2,1,1,1,0.41912751516938923,,1,2459.7002835944295,0,23.433370515704155,2459.7002835944295,2509.6383802592754,31.121806288176785,31.002799843865976,29.704058341157047,31.046010300006326,0.41912751516938923,31.121806288176785
cracker_box_yalehand0_black10_5,38,0.8722452229246187,0.41032025834396013,1.7161162462142,1.2112107227245092,0.06166085572195693,0.043519365187270245,0.7946843853820601,0.7946843853820601,-0.46192496458065857,-0.5049055234896906,MODE_3_RELOCALIZE,simple,four_mode_relocalization_v2,,0,0,0,False,1,0,0.41032025834396013,0,0,restarted_se3,1,39.54871464520693,3.885115496814251,0,39,cache_read_only_not_online_fps,b18588ca73eff0bed9b27155081eb3c6df55568f77c0b4b80229d1c92a313cef,cached_perception_v2,1,1,1,0.4256975931364289,,1,2446.4203510433435,0,22.037641145288944,2446.4203510433435,2489.8541811853647,31.938114889122915,31.85190152333352,29.771331175644345,31.937732331473885,0.4256975931364289,31.938114889122915
cracker_box_yalehand0_black10_5,39,0.8805256596397183,0.43045157283838237,1.829937336558112,1.1861797432199974,0.06575050049124011,0.04261999043966103,0.9274193548387096,0.7946843853820601,-0.4500740868013359,-0.6437575933381146,MODE_3_RELOCALIZE,simple,four_mode_relocalization_v2,,0,0,0,False,1,0,0.43045157283838237,0,0,restarted_se3,1,45.827106572687626,2.639979124069214,0,40,cache_read_only_not_online_fps,b18588ca73eff0bed9b27155081eb3c6df55568f77c0b4b80229d1c92a313cef,cached_perception_v2,1,1,1,0.43789387683938685,,1,2461.7913365364075,0,22.5653238594532,2461.7913365364075,2510.2584222331643,33.16794710878337,32.96592866307972,29.751564123086265,33.168764094433165,0.43789387683938685,32.89493954570401
cracker_box_yalehand0_black10_5,40,0.992672498615074,0.4520136735708855,1.8073281600988778,1.2034317348723633,0.06493814225459936,0.04323986253197393,0.7946843853820601,0.7946843853820601,-0.5406588250441885,-0.6038964252265144,MODE_3_RELOCALIZE,simple,four_mode_relocalization_v2,,0,0,0,False,1,0,0.4520136735708855,0,0,restarted_se3,1,41.66554566472769,2.1883780136704445,0,41,cache_read_only_not_online_fps,b18588ca73eff0bed9b27155081eb3c6df55568f77c0b4b80229d1c92a313cef,cached_perception_v2,1,1,1,0.4489613700031049,,1,2452.931902371347,0,22.91601523756981,2452.931902371347,2496.785826049745,34.595543572987594,34.370665681555636,29.631398486804116,34.596381228129566,0.4489613700031049,33.96844787263518
cracker_box_yalehand0_black10_5,41,0.800249175394469,0.460649123611472,1.6952778725679487,1.1870551787417507,0.060912123254843305,0.042651445245545996,0.7946843853820601,0.7946843853820601,-0.33960005178299707,-0.508222693826198,MODE_3_RELOCALIZE,simple,four_mode_relocalization_v2,,0,0,0,False,1,0,0.460649123611472,0,0,restarted_se3,1,45.98226025700569,2.3088250309228897,0,42,cache_read_only_not_online_fps,b18588ca73eff0bed9b27155081eb3c6df55568f77c0b4b80229d1c92a313cef,cached_perception_v2,1,1,1,0.3758430841338362,,1,2432.6746286824346,0,23.19347020238638,2432.6746286824346,2480.965713970363,36.2507356037845,36.04028245484361,29.409051023198035,36.24226977638924,0.3758430841338362,35.11606267517061
cracker_box_yalehand0_black10_5,42,1.0665515208544356,0.32313704173635527,1.8320367462452807,1.1688556372261265,0.06582593325875068,0.04199752724548261,0.9274193548387096,0.7946843853820601,-0.7434144791180803,-0.6631811090191542,MODE_3_RELOCALIZE,simple,four_mode_relocalization_v2,,0,0,0,False,1,0,0.32313704173635527,0,0,restarted_se3,1,49.00720622390509,3.4737028181552887,0,43,cache_read_only_not_online_fps,b18588ca73eff0bed9b27155081eb3c6df55568f77c0b4b80229d1c92a313cef,cached_perception_v2,1,1,1,0.3671698024803032,,1,2425.990699790418,0,15.659564174711704,2425.990699790418,2478.4716088324785,37.87184757455924,37.79675124276888,29.032724488142218,37.872721262550876,0.3671698024803032,36.29502055193879
cracker_box_yalehand0_black10_5,43,0.9487325928094325,0.3646325740123602,1.8760182901093372,1.1718064300675906,0.06740621060686922,0.04210355060611701,0.9274193548387096,0.7946843853820601,-0.5841000187970722,-0.7042118600417466,MODE_3_RELOCALIZE,simple,four_mode_relocalization_v2,,0,0,0,False,1,0,0.3646325740123602,0,0,restarted_se3,1,34.36405211687088,2.463139593601227,0,44,cache_read_only_not_online_fps,b18588ca73eff0bed9b27155081eb3c6df55568f77c0b4b80229d1c92a313cef,cached_perception_v2,1,1,1,0.3827738943655055,,1,2442.3634884878993,0,15.13726357370615,2442.3634884878993,2479.1906801983714,39.46774941870688,39.4882673711757,28.630590794887095,39.46864145077733,0.3827738943655055,37.42096590554486
cracker_box_yalehand0_black10_5,44,0.9385215229957926,0.40132123199047176,1.8335654923403812,1.189553960200151,0.06588086181770667,0.04274122762673785,0.9274193548387096,0.7946843853820601,-0.5372002910053209,-0.6440115321402302,MODE_3_RELOCALIZE,simple,four_mode_relocalization_v2,,0,0,0,False,1,0,0.40132123199047176,0,0,restarted_se3,1,45.75036000460386,2.168005332350731,0,45,cache_read_only_not_online_fps,b18588ca73eff0bed9b27155081eb3c6df55568f77c0b4b80229d1c92a313cef,cached_perception_v2,1,1,1,0.39237481407169456,,1,2455.9580450877547,0,15.927259810268879,2455.9580450877547,2503.8764104247093,40.66491186596787,40.91864401841708,28.11352214145661,40.66582389107802,0.39237481407169456,38.43439693109843
cracker_box_yalehand0_black10_5,45,0.8258716699613745,0.4068681567425284,1.716469572414102,1.1779330548081146,0.06167355089682227,0.042323683085499685,0.7946843853820601,0.7946843853820601,-0.4190035132188461,-0.5385365176059873,MODE_3_RELOCALIZE,simple,four_mode_relocalization_v2,,0,0,0,False,1,0,0.4068681567425284,0,0,restarted_se3,1,38.73374592512846,3.224272280931473,0,46,cache_read_only_not_online_fps,b18588ca73eff0bed9b27155081eb3c6df55568f77c0b4b80229d1c92a313cef,cached_perception_v2,1,1,1,0.4106667833609546,,1,2443.6811534687877,0,15.403112396597862,2443.6811534687877,2485.6391716748476,41.70627527121161,42.04107439556863,27.502005944806196,41.707195991807104,0.4106667833609546,39.20135100851134
cracker_box_yalehand0_black10_5,46,0.8749064159965667,0.4269792931010324,1.7936809383168228,1.1798508498044815,0.06444779122204827,0.04239259035261293,0.7946843853820601,0.7946843853820601,-0.4479271228955343,-0.6138300885123413,MODE_3_RELOCALIZE,simple,four_mode_relocalization_v2,,0,0,0,False,1,0,0.4269792931010324,0,0,restarted_se3,1,47.954680398106575,2.0415857434272766,0,47,cache_read_only_not_online_fps,b18588ca73eff0bed9b27155081eb3c6df55568f77c0b4b80229d1c92a313cef,cached_perception_v2,1,1,1,0.4286113203518722,,1,2464.385574683547,0,21.383635699748993,2464.385574683547,2514.381840825081,43.00170065211585,43.09912805623101,26.9205740238945,43.00262866576188,0.4286113203518722,39.70133199444124
cracker_box_yalehand0_black10_5,47,0.9008641648398279,0.4464618734599275,1.8113721243005885,1.1976922003733546,0.06508344377117001,0.04303363838519174,0.7946843853820601,0.7946843853820601,-0.4544022913799004,-0.6136799239272339,MODE_3_RELOCALIZE,simple,four_mode_relocalization_v2,,0,0,0,False,1,0,0.4464618734599275,0,0,restarted_se3,1,47.26655874401331,2.665816806256771,0,48,cache_read_only_not_online_fps,b18588ca73eff0bed9b27155081eb3c6df55568f77c0b4b80229d1c92a313cef,cached_perception_v2,1,1,1,0.3609739095578942,,1,2458.56664609164,0,25.30988957732916,2458.56664609164,2508.49902164191,44.5339879228155,44.31275603919041,26.279550211197495,44.51500065649988,0.3609739095578942,40.00460422124552
cracker_box_yalehand0_black10_5,48,0.864610168710201,0.3122194306438922,1.8467012916500525,1.1557101076908167,0.06635283720271512,0.04152520224893673,0.9274193548387096,0.7946843853820601,-0.5523907380663089,-0.6909911839592358,MODE_3_RELOCALIZE,simple,four_mode_relocalization_v2,,0,0,0,False,1,0,0.3122194306438922,0,0,restarted_se3,1,51.14277172833681,2.1458547562360764,0,49,cache_read_only_not_online_fps,b18588ca73eff0bed9b27155081eb3c6df55568f77c0b4b80229d1c92a313cef,cached_perception_v2,1,1,1,0.3686781492235985,,1,2467.8091295063496,0,20.800714381039143,2467.8091295063496,2521.0977559909225,45.7192000842178,45.63888492616521,25.64214262505014,45.82978486009463,0.3686781492235985,40.17568755647519
cracker_box_yalehand0_black10_5,49,0.758655966917625,0.37261902818721965,1.6441532219663992,1.1747832829575942,0.05907519075593372,0.04221051031642854,0.7946843853820601,0.7946843853820601,-0.3860369387304054,-0.4693699390088051,MODE_3_RELOCALIZE,simple,four_mode_relocalization_v2,,0,0,0,False,1,0,0.37261902818721965,0,0,restarted_se3,1,46.14722542464733,4.952833987772465,0,50,cache_read_only_not_online_fps,b18588ca73eff0bed9b27155081eb3c6df55568f77c0b4b80229d1c92a313cef,cached_perception_v2,1,1,1,0.37710920072722565,,1,2461.4594373852015,0,22.608445957303047,2461.4594373852015,2512.5594967976213,47.05479674767756,47.02539008481221,25.017811754980833,47.05565800146584,0.37710920072722565,40.39331892618267
cracker_box_yalehand0_black10_5,50,0.9715835877797533,0.3969694463932567,1.8499712787802465,1.1610481295693043,0.06647032936275518,0.04171699986032592,0.9274193548387096,0.7946843853820601,-0.5746141413864966,-0.6889231492109422,MODE_3_RELOCALIZE,simple,four_mode_relocalization_v2,,0,0,0,False,1,0,0.3969694463932567,0,0,restarted_se3,1,39.37007952481508,1.8939292058348656,0,51,cache_read_only_not_online_fps,b18588ca73eff0bed9b27155081eb3c6df55568f77c0b4b80229d1c92a313cef,cached_perception_v2,1,1,1,0.39746794619602366,,1,2458.854046650231,0,22.39290066063404,2458.854046650231,2500.118055380881,48.4377279894492,48.42298613122663,24.436219602964762,48.438597159758935,0.39746794619602366,40.67483672084879
cracker_box_yalehand0_black10_5,51,0.9166506850316262,0.4294551300103348,1.789285579676853,1.1852619524322088,0.06428986393970751,0.042587013789347504,0.7946843853820601,0.7946843853820601,-0.48719555502129136,-0.6040236272446442,MODE_3_RELOCALIZE,simple,four_mode_relocalization_v2,,0,0,0,False,1,0,0.4294551300103348,0,0,restarted_se3,1,36.92491911351681,2.6456955820322037,0,52,cache_read_only_not_online_fps,b18588ca73eff0bed9b27155081eb3c6df55568f77c0b4b80229d1c92a313cef,cached_perception_v2,1,1,1,0.36087304936557685,,1,2465.530663728714,0,16.333683393895626,2465.530663728714,2505.101278424263,49.631438941258395,49.72776589305581,23.91662252351831,49.63227030987366,0.36087304936557685,41.04652455048882
cracker_box_yalehand0_black10_5,52,1.0016026924840407,0.3561724172439571,1.8120282148924478,1.1306858452492143,0.06510701741160049,0.04062606884852521,0.7946843853820601,0.66,-0.6454302752400836,-0.6813423696432335,MODE_3_RELOCALIZE,simple,four_mode_relocalization_v2,,0,0,0,False,1,0,0.3561724172439571,0,0,restarted_se3,1,39.80403300374746,4.3570417910814285,0,53,cache_read_only_not_online_fps,b18588ca73eff0bed9b27155081eb3c6df55568f77c0b4b80229d1c92a313cef,cached_perception_v2,1,1,1,0.3459896559617833,,1,2460.181074216962,0,22.061427123844624,2460.181074216962,2504.3421490117908,51.06514937819486,51.05562107695639,23.428675659579174,51.06594954129696,0.3459896559617833,41.51195569294054
cracker_box_yalehand0_black10_5,53,0.9334845047067337,0.3367706200923448,1.7952929402421236,1.1659471244769586,0.06450571120174589,0.04189302302824935,0.7946843853820601,0.7946843853820601,-0.5967138846143889,-0.629345815765165,MODE_3_RELOCALIZE,simple,four_mode_relocalization_v2,,0,0,0,False,1,0,0.3367706200923448,0,0,restarted_se3,1,45.424964278936386,2.1765409037470818,0,54,cache_read_only_not_online_fps,b18588ca73eff0bed9b27155081eb3c6df55568f77c0b4b80229d1c92a313cef,cached_perception_v2,1,1,1,0.354154043721649,,1,2447.1085499972105,0,24.355195462703705,2447.1085499972105,2494.710055179894,52.543733669148274,52.45070005944713,23.043979638014584,52.54450673521972,0.354154043721649,41.974760630682994
cracker_box_yalehand0_black10_5,54,0.8045292847046883,0.3802746693410073,1.738140456526961,1.1219967630848717,0.06245219585260429,0.04031386608086673,0.7946843853820601,0.6060606060606061,-0.42425461536368103,-0.6161436934420892,MODE_3_RELOCALIZE,simple,four_mode_relocalization_v2,,0,0,0,False,1,0,0.3802746693410073,0,0,restarted_se3,1,45.89918162673712,2.827809192240238,0,55,cache_read_only_not_online_fps,b18588ca73eff0bed9b27155081eb3c6df55568f77c0b4b80229d1c92a313cef,cached_perception_v2,1,1,1,0.34237741428301866,,1,2445.9199588745832,0,24.609101936221123,2445.9199588745832,2494.6469496935606,54.09711189604778,53.96680831132823,22.77342855165474,54.09787838798926,0.34237741428301866,42.36313418856904
cracker_box_yalehand0_black10_5,55,0.8364846618224432,0.36806031198859407,1.7324528515864435,1.1224783076107299,0.062247837559036234,0.040331168199880016,0.7946843853820601,0.6060606060606061,-0.4684243498338491,-0.6099745439757136,MODE_3_RELOCALIZE,simple,four_mode_relocalization_v2,,0,0,0,False,1,0,0.36806031198859407,0,0,restarted_se3,1,50.22041965276003,2.121448516845703,0,56,cache_read_only_not_online_fps,b18588ca73eff0bed9b27155081eb3c6df55568f77c0b4b80229d1c92a313cef,cached_perception_v2,1,1,1,0.3611173656997849,,1,2438.8569369912148,0,22.742394357919693,2438.8569369912148,2491.1988051608205,55.65036215461353,55.571618296627555,22.556872684991873,55.65103627737324,0.3611173656997849,42.66319681344235
cracker_box_yalehand0_black10_5,56,0.7846950782832074,0.41748408613084476,1.7046278098197065,1.1474547483674495,0.061248070853475875,0.041228583344888714,0.7946843853820601,0.7272727272727273,-0.36721099215236264,-0.557173061452257,MODE_3_RELOCALIZE,simple,four_mode_relocalization_v2,,0,0,0,False,1,0,0.41748408613084476,0,0,restarted_se3,1,48.55879582464695,2.1350597962737083,0,57,cache_read_only_not_online_fps,b18588ca73eff0bed9b27155081eb3c6df55568f77c0b4b80229d1c92a313cef,cached_perception_v2,1,1,1,0.3406358979559685,,1,2443.209858611226,0,22.839263081550598,2443.209858611226,2493.9037142321467,56.882585606227956,56.967721291593264,22.491330031377466,56.8831760432564,0.3406358979559685,42.81064155029547
cracker_box_yalehand0_black10_5,57,0.8146211805107386,0.34554469445397396,1.7065210093995404,1.137579186381545,0.06131609439582187,0.04087374980483603,0.7946843853820601,0.66,-0.46907648605676466,-0.5689418230179955,MODE_3_RELOCALIZE,simple,four_mode_relocalization_v2,,0,0,0,False,1,0,0.34554469445397396,0,0,restarted_se3,1,46.81418649852276,2.4519814178347588,0,58,cache_read_only_not_online_fps,b18588ca73eff0bed9b27155081eb3c6df55568f77c0b4b80229d1c92a313cef,cached_perception_v2,1,1,1,0.35078732587168654,,1,2448.721162043512,0,23.799333721399307,2448.721162043512,2497.9873299598694,58.317716224222025,58.31660911820595,22.497849608038017,58.3182018797863,0.35078732587168654,42.952118797407515
cracker_box_yalehand0_black10_5,58,0.8621413873805909,0.376926661369082,1.7824224332752552,1.145623427403054,0.06404326789413009,0.04116278313000508,0.7946843853820601,0.7272727272727273,-0.4852147260115089,-0.6367990058722013,MODE_3_RELOCALIZE,simple,four_mode_relocalization_v2,,0,0,0,False,1,0,0.376926661369082,0,0,restarted_se3,1,47.57511802017689,2.0982353016734123,0,59,cache_read_only_not_online_fps,b18588ca73eff0bed9b27155081eb3c6df55568f77c0b4b80229d1c92a313cef,cached_perception_v2,1,1,1,0.37610385420197157,,1,2443.0819051340222,0,22.64842763543129,2443.0819051340222,2492.7552584558725,59.448832797433795,59.53375225540872,22.643683651718113,59.44928539960471,0.37610385420197157,43.047366625722525
cracker_box_yalehand0_black10_5,59,0.8495771961658065,0.398562353801949,1.7591228111126263,1.162062441631784,0.06320610162190621,0.04175344456497782,0.7946843853820601,0.7946843853820601,-0.4510148423638575,-0.5970603694808423,MODE_3_RELOCALIZE,simple,four_mode_relocalization_v2,,0,0,0,False,1,0,0.398562353801949,0,0,restarted_se3,1,45.43442092835903,2.098078839480877,0,60,cache_read_only_not_online_fps,b18588ca73eff0bed9b27155081eb3c6df55568f77c0b4b80229d1c92a313cef,cached_perception_v2,1,1,1,0.3320165623974611,,1,2443.0494466796517,0,23.601305671036243,2443.0494466796517,2490.5819464474916,60.46931532455575,60.592799672858675,22.861822888211115,60.46970729491602,0.3320165623974611,43.076008934094155
cracker_box_yalehand0_black10_5,60,0.9287654725794209,0.32508570793490793,1.8050495067970875,1.1376841543069915,0.06485626918056256,0.04087752135126867,0.7946843853820601,0.66,-0.6036797646445129,-0.667365352490096,MODE_3_RELOCALIZE,simple,four_mode_relocalization_v2,,0,0,0,False,1,0,0.32508570793490793,0,0,restarted_se3,1,48.836358822882175,2.3592254146933556,0,61,cache_read_only_not_online_fps,b18588ca73eff0bed9b27155081eb3c6df55568f77c0b4b80229d1c92a313cef,cached_perception_v2,1,1,1,0.34676063041867505,,1,2445.7684941589832,0,21.79036382585764,2445.7684941589832,2496.9640783965588,61.95284456358864,61.83400802335811,23.15543878185474,61.952865088637765,0.34676063041867505,43.164110577090376
cracker_box_yalehand0_black10_5,61,0.9751438684651637,0.3929285966622592,1.9100754406607803,1.2278835187533543,0.06862989988263135,0.044118426511166084,0.9274193548387096,0.7946843853820601,-0.5822152718029044,-0.682191921907426,MODE_3_RELOCALIZE,simple,four_mode_relocalization_v2,,0,0,0,False,1,0,0.3929285966622592,0,0,restarted_se3,1,49.47812110185623,4.052847623825073,0,62,cache_read_only_not_online_fps,b18588ca73eff0bed9b27155081eb3c6df55568f77c0b4b80229d1c92a313cef,cached_perception_v2,1,1,1,0.35354538620755627,,1,2453.1332096084952,0,22.062964737415314,2453.1332096084952,2506.6641783341765,62.92602272201203,62.93287971476803,23.513496450908203,62.92590467898381,0.35354538620755627,43.23621255414149
cracker_box_yalehand0_black10_5,62,0.9691151186971919,0.3555801170673404,1.8538503563297202,1.184517985930916,0.06660970642514244,0.0425602827265775,0.9274193548387096,0.7946843853820601,-0.6135350016298515,-0.6693323703988041,MODE_3_RELOCALIZE,simple,four_mode_relocalization_v2,,0,0,0,False,1,0,0.3555801170673404,0,0,restarted_se3,1,47.080693766474724,2.5070542469620705,0,63,cache_read_only_not_online_fps,b18588ca73eff0bed9b27155081eb3c6df55568f77c0b4b80229d1c92a313cef,cached_perception_v2,1,1,1,0.3457079509963144,,1,2454.331833869219,0,21.527282893657684,2454.331833869219,2503.9195818826556,63.934753438529,63.97600036918889,23.971342711534138,63.93452238244507,0.3457079509963144,43.45857773748328
cracker_box_yalehand0_black10_5,63,0.9063711173166277,0.3372825992061312,1.893186381605296,1.1766102048262943,0.06802306812749986,0.0422761524697557,0.9274193548387096,0.7946843853820601,-0.5690885181104965,-0.7165761767790018,MODE_3_RELOCALIZE,simple,four_mode_relocalization_v2,,0,0,0,False,1,0,0.3372825992061312,0,0,restarted_se3,1,46.32298368960619,2.390841022133827,0,64,cache_read_only_not_online_fps,b18588ca73eff0bed9b27155081eb3c6df55568f77c0b4b80229d1c92a313cef,cached_perception_v2,1,1,1,0.35205436085392816,,1,2453.0997341498733,0,23.279081098735332,2453.0997341498733,2501.8135588616133,64.87373735751845,64.9329564715328,24.463893011256594,64.87368845610175,0.35205436085392816,43.77815916910659
cracker_box_yalehand0_black10_5,64,0.9593626864126107,0.3925305131853386,1.953072707545118,1.2298695865035447,0.07017481170060542,0.04418978685011088,0.9274193548387096,0.7946843853820601,-0.5668321732272721,-0.7232031210415732,MODE_3_RELOCALIZE,simple,four_mode_relocalization_v2,,0,0,0,False,1,0,0.3925305131853386,0,0,restarted_se3,1,46.95107415318489,1.7745913937687874,0,65,cache_read_only_not_online_fps,b18588ca73eff0bed9b27155081eb3c6df55568f77c0b4b80229d1c92a313cef,cached_perception_v2,1,1,1,0.35138868186835726,,1,2456.1348063871264,0,22.42197096347809,2456.1348063871264,2504.86047193408,65.51479226348282,65.69967618131656,25.06163458400643,65.51482272333692,0.35138868186835726,44.18016967284295
cracker_box_yalehand0_black10_5,65,0.9413541221671724,0.3720004264693745,1.9042784184691999,1.186863242884851,0.06842161017628974,0.042644548900845416,0.9274193548387096,0.7946843853820601,-0.5693536956977979,-0.717415175584349,MODE_3_RELOCALIZE,simple,four_mode_relocalization_v2,,0,0,0,False,1,0,0.3720004264693745,0,0,restarted_se3,1,59.9929615855217,2.152097411453724,0,66,cache_read_only_not_online_fps,b18588ca73eff0bed9b27155081eb3c6df55568f77c0b4b80229d1c92a313cef,cached_perception_v2,1,1,1,0.34000150036149257,,1,2446.380360983312,0,22.385086864233017,2446.380360983312,2508.5254199802876,66.59676531935091,66.56127314070426,25.702186645835866,66.5963447073745,0.34000150036149257,44.68763388583922
cracker_box_yalehand0_black10_5,66,1.0190775890135542,0.3524616051825416,1.9090802752764011,1.1926380562027286,0.06859414312703799,0.042852040632014796,0.9274193548387096,0.7946843853820601,-0.6666159838310126,-0.7164422190736726,MODE_3_RELOCALIZE,simple,four_mode_relocalization_v2,,0,0,0,False,1,0,0.3524616051825416,0,0,restarted_se3,1,44.52523775398731,2.0875968039035797,0,67,cache_read_only_not_online_fps,b18588ca73eff0bed9b27155081eb3c6df55568f77c0b4b80229d1c92a313cef,cached_perception_v2,1,1,1,0.3900735274824958,,1,2443.928863853216,0,21.455787122249603,2443.928863853216,2490.541698411107,67.30917482911518,67.35065974576638,26.425081486512937,67.31797705918781,0.3900735274824958,45.227430859758016
cracker_box_yalehand0_black10_5,67,0.8451544862849129,0.43204420110872793,1.6250175719545492,1.2261482597714093,0.05838763794176423,0.04405607784803677,0.7946843853820601,0.7946843853820601,-0.4131102851761849,-0.3988693121831399,MODE_3_RELOCALIZE,simple,four_mode_relocalization_v2,,0,0,0,False,1,0,0.43204420110872793,0,0,restarted_se3,1,34.99377612024546,3.315378911793232,0,68,cache_read_only_not_online_fps,b18588ca73eff0bed9b27155081eb3c6df55568f77c0b4b80229d1c92a313cef,cached_perception_v2,1,1,1,0.3495578764842494,,1,2443.6031756922603,0,15.836942940950394,2443.6031756922603,2481.912330724299,68.15343310038892,68.13665223122825,27.1967737581188,68.15326162818641,0.3495578764842494,45.81422593056101
cracker_box_yalehand0_black10_5,68,0.9798027155798497,0.3106108681262531,1.9436501318179789,1.1947218499019672,0.06983625416773313,0.042926912309808496,0.9274193548387096,0.7946843853820601,-0.6691918474535965,-0.7489282819160117,MODE_3_RELOCALIZE,simple,four_mode_relocalization_v2,,0,0,0,False,1,0,0.3106108681262531,0,0,restarted_se3,1,45.81694025546312,2.9203733429312706,0,69,cache_read_only_not_online_fps,b18588ca73eff0bed9b27155081eb3c6df55568f77c0b4b80229d1c92a313cef,cached_perception_v2,1,1,1,0.38427506999227795,,1,2442.1510826796293,0,15.531443990767002,2442.1510826796293,2490.8883962780237,68.89025177991539,68.92403129962902,28.040339303320057,68.91493695505932,0.38427506999227795,46.46871509058546
cracker_box_yalehand0_black10_5,69,0.9399548601803767,0.4135779337022234,1.9274814468543457,1.225441452719306,0.06925530578911618,0.04403068194157697,0.9274193548387096,0.7946843853820601,-0.5263769264781533,-0.7020399941350397,MODE_3_RELOCALIZE,simple,four_mode_relocalization_v2,,0,0,0,False,1,0,0.4135779337022234,0,0,restarted_se3,1,47.76498209685087,3.255203366279602,0,70,cache_read_only_not_online_fps,b18588ca73eff0bed9b27155081eb3c6df55568f77c0b4b80229d1c92a313cef,cached_perception_v2,1,1,1,0.3478981655442499,,1,2460.722985677421,0,15.691791661083698,2460.722985677421,2511.7431711405516,69.18218008952934,69.45961021535025,69.18218008952934,69.18144475577672,0.3478981655442499,47.155613254620576
cracker_box_yalehand0_black10_5,70,0.9662253937610433,0.39160349811955014,1.9930759222177064,1.2095464195500205,0.07161214582862992,0.0434595659993387,0.9274193548387096,0.7946843853820601,-0.5746218956414932,-0.7835295026676858,MODE_3_RELOCALIZE,simple,four_mode_relocalization_v2,,0,0,0,False,1,0,0.39160349811955014,0,0,restarted_se3,1,47.26538993418217,3.3481428399682045,0,71,cache_read_only_not_online_fps,b18588ca73eff0bed9b27155081eb3c6df55568f77c0b4b80229d1c92a313cef,cached_perception_v2,1,1,1,0.3422163261205678,,1,2443.700929172337,0,23.57146516442299,2443.700929172337,2494.3144619464874,69.54011627929822,69.7007367862042,69.54011627929822,69.53931026391574,0.3422163261205678,47.84844766662084
cracker_box_yalehand0_black10_5,71,0.9340816427209289,0.3669703180960436,1.774743006994825,1.189489785487562,0.06376734253245973,0.04273892179943583,0.7946843853820601,0.7946843853820601,-0.5671113246248853,-0.585253221507263,MODE_3_RELOCALIZE,simple,four_mode_relocalization_v2,,0,0,0,False,1,0,0.3669703180960436,0,0,restarted_se3,1,46.60533741116524,3.18314041942358,0,72,cache_read_only_not_online_fps,b18588ca73eff0bed9b27155081eb3c6df55568f77c0b4b80229d1c92a313cef,cached_perception_v2,1,1,1,0.4032350072032822,,1,2460.325041785836,0,16.829893924295902,2460.325041785836,2510.113519616425,69.89634045406031,69.88697213211661,69.89634045406031,69.89552229996904,0.4032350072032822,48.587976727036974
cracker_box_yalehand0_black10_5,72,0.8994295678006045,0.4638788866699918,1.7369888145153156,1.266931619006003,0.0624108168189403,0.04552144293339658,0.7946843853820601,0.7946843853820601,-0.4355506811306127,-0.4700571955093127,MODE_3_RELOCALIZE,simple,four_mode_relocalization_v2,,0,0,0,False,1,0,0.4638788866699918,0,0,restarted_se3,1,45.52896600216627,4.631333984434605,0,73,cache_read_only_not_online_fps,b18588ca73eff0bed9b27155081eb3c6df55568f77c0b4b80229d1c92a313cef,cached_perception_v2,1,1,1,0.3295674315140812,,1,2469.0994499251246,0,20.579813979566097,2469.0994499251246,2519.2597499117255,70.10359797606603,70.0977624210985,70.10359797606603,70.10273862371166,0.3295674315140812,49.43260849516594
cracker_box_yalehand0_black10_5,73,0.9224714423635554,0.29523720611234155,1.901599864697588,1.224703504725684,0.06832536849218518,0.044004167126589694,0.9274193548387096,0.7946843853820601,-0.6272342362512138,-0.676896359971904,MODE_3_RELOCALIZE,simple,four_mode_relocalization_v2,,0,0,0,False,1,0,0.29523720611234155,0,0,restarted_se3,1,45.837853103876114,4.713747650384903,0,74,cache_read_only_not_online_fps,b18588ca73eff0bed9b27155081eb3c6df55568f77c0b4b80229d1c92a313cef,cached_perception_v2,1,1,1,0.3549429464058761,,1,2468.147764913738,0,21.108279936015606,2468.147764913738,2518.699365667999,69.70625947909821,69.99265019922657,69.70625947909821,69.70540443321234,0.3549429464058761,50.31704327421814
cracker_box_yalehand0_black10_5,74,1.008282270375398,0.40443814913878606,1.9732899947447,1.2155742936506269,0.0709012282425226,0.04367615032225246,0.9274193548387096,0.7946843853820601,-0.6038441212366119,-0.7577157010940732,MODE_3_RELOCALIZE,simple,four_mode_relocalization_v2,,0,0,0,False,1,0,0.40443814913878606,0,0,restarted_se3,1,44.88288518041372,2.574533224105835,0,75,cache_read_only_not_online_fps,b18588ca73eff0bed9b27155081eb3c6df55568f77c0b4b80229d1c92a313cef,cached_perception_v2,1,1,1,0.34281082460399437,,1,2461.9618505239487,0,21.36790845543146,2461.9618505239487,2509.4192689284682,69.33848378839032,69.64553392933611,69.33848378839032,69.33778361775157,0.34281082460399437,51.270930194397735
cracker_box_yalehand0_black10_5,75,0.9217350814703527,0.3679523036207432,1.9292614720442856,1.2445557872053223,0.06931926292294115,0.044717468878979094,0.9274193548387096,0.7946843853820601,-0.5537827778496094,-0.6847056848389632,MODE_3_RELOCALIZE,simple,four_mode_relocalization_v2,,0,0,0,False,1,0,0.3679523036207432,0,0,restarted_se3,1,45.36792729049921,3.085000440478325,0,76,cache_read_only_not_online_fps,b18588ca73eff0bed9b27155081eb3c6df55568f77c0b4b80229d1c92a313cef,cached_perception_v2,1,1,1,0.3507937485456798,,1,2457.6535429805517,0,16.38482790440321,2457.6535429805517,2506.1064707115293,69.16866692773307,69.28116373090289,69.16866692773307,69.16817770878212,0.3507937485456798,52.28712172593898
cracker_box_yalehand0_black10_5,76,1.003175657025044,0.3716959514419608,1.990259826799359,1.221654280971296,0.07151096220912101,0.04389460709742614,0.9274193548387096,0.7946843853820601,-0.6314797055830832,-0.768605545828063,MODE_3_RELOCALIZE,simple,four_mode_relocalization_v2,,0,0,0,False,1,0,0.3716959514419608,0,0,restarted_se3,1,48.93367551267147,4.637807607650757,0,77,cache_read_only_not_online_fps,b18588ca73eff0bed9b27155081eb3c6df55568f77c0b4b80229d1c92a313cef,cached_perception_v2,1,1,1,0.2972861775560867,,1,2461.786713451147,0,24.225471541285515,2461.786713451147,2515.3581965714693,68.90705075404078,68.88457976512349,68.90705075404078,68.90669201393905,0.2972861775560867,53.27542963285366
cracker_box_yalehand0_black10_5,77,0.9483185333490312,0.26255546929123424,1.9761098565915485,1.2087156457567951,0.07100254719156113,0.0434297159101535,0.9274193548387096,0.7946843853820601,-0.685763064057797,-0.7673942108347533,MODE_3_RELOCALIZE,simple,four_mode_relocalization_v2,,0,0,0,False,1,0,0.26255546929123424,0,0,restarted_se3,1,44.866847805678844,2.5064703077077866,0,78,cache_read_only_not_online_fps,b18588ca73eff0bed9b27155081eb3c6df55568f77c0b4b80229d1c92a313cef,cached_perception_v2,1,1,1,0.4081727836973203,,1,2459.201257675886,0,21.31677884608507,2459.201257675886,2506.574575789273,68.42890299422055,68.45789136348351,68.42890299422055,68.42858552799709,0.4081727836973203,54.25557640308894
cracker_box_yalehand0_black10_5,78,0.8929670217758789,0.5053971401062656,1.8924213135998307,1.2861938230555856,0.06799557887786042,0.04621354289306327,0.9274193548387096,0.7946843853820601,-0.38756988166961337,-0.6062274905442451,MODE_3_RELOCALIZE,simple,four_mode_relocalization_v2,,0,0,0,False,1,0,0.5053971401062656,0,0,restarted_se3,1,46.57101444900036,2.1921321749687195,0,79,cache_read_only_not_online_fps,b18588ca73eff0bed9b27155081eb3c6df55568f77c0b4b80229d1c92a313cef,cached_perception_v2,1,1,1,0.31336390726710045,,1,2459.825842641294,0,21.055747754871845,2459.825842641294,2508.588989265263,68.47495716967188,68.26390588244425,68.47495716967188,68.47467196166203,0.31336390726710045,55.14607324116964
cracker_box_yalehand0_black10_5,79,0.939150597119428,0.32073074731856965,1.9456795980960684,1.2571103619822608,0.06990917383599099,0.04516856059591789,0.9274193548387096,0.7946843853820601,-0.6184198498008584,-0.6885692361138076,MODE_3_RELOCALIZE,simple,four_mode_relocalization_v2,,0,0,0,False,1,0,0.32073074731856965,0,0,restarted_se3,1,49.372182227671146,2.2795861586928368,0,80,cache_read_only_not_online_fps,b18588ca73eff0bed9b27155081eb3c6df55568f77c0b4b80229d1c92a313cef,cached_perception_v2,1,1,1,0.34818778178373133,,1,2469.2024756222963,0,15.569412149488926,2469.2024756222963,2520.8542440086603,67.92489739202983,67.98115488974175,67.92489739202983,67.92467356405018,0.34818778178373133,55.97763803908619
cracker_box_yalehand0_black10_5,80,0.9621852318214721,0.4026745561251259,2.0004058933589053,1.2853508600869834,0.07187551510444712,0.04618325484113171,0.9274193548387096,0.7946843853820601,-0.5595106756963462,-0.7150550332719219,MODE_3_RELOCALIZE,simple,four_mode_relocalization_v2,,0,0,0,False,1,0,0.4026745561251259,0,0,restarted_se3,1,48.77133574336767,2.132284455001354,0,81,cache_read_only_not_online_fps,b18588ca73eff0bed9b27155081eb3c6df55568f77c0b4b80229d1c92a313cef,cached_perception_v2,1,1,1,0.31263013946816803,,1,2461.4091301336884,0,21.149794571101665,2461.4091301336884,2512.3127503320575,67.37477145267522,67.50592488089245,67.37477145267522,67.37457881979218,0.31263013946816803,56.69832317202539
cracker_box_yalehand0_black10_5,81,0.9768145979559877,0.28142649095945826,2.008172882231548,1.2548307595558288,0.07215458663082336,0.04508665341939082,0.9274193548387096,0.7946843853820601,-0.6953881069965294,-0.7533421226757191,MODE_3_RELOCALIZE,simple,four_mode_relocalization_v2,,0,0,0,False,1,0,0.28142649095945826,0,0,restarted_se3,1,51.4384713023901,2.7703316882252693,0,82,cache_read_only_not_online_fps,b18588ca73eff0bed9b27155081eb3c6df55568f77c0b4b80229d1c92a313cef,cached_perception_v2,1,1,1,0.35237493452105306,,1,2459.2382991686463,0,21.231967955827713,2459.2382991686463,2513.4471021592617,66.92425722326803,66.98492989119377,66.92425722326803,66.92411110571085,0.35237493452105306,57.33793182203992
cracker_box_yalehand0_black10_5,82,0.9085651969532069,0.3903692002450007,1.9513264508381365,1.2662493688418237,0.0701120678840952,0.04549692936735317,0.9274193548387096,0.7946843853820601,-0.5181959967082062,-0.6850770819963128,MODE_3_RELOCALIZE,simple,four_mode_relocalization_v2,,0,0,0,False,1,0,0.3903692002450007,0,0,restarted_se3,1,46.63429409265518,2.979414537549019,0,83,cache_read_only_not_online_fps,b18588ca73eff0bed9b27155081eb3c6df55568f77c0b4b80229d1c92a313cef,cached_perception_v2,1,1,1,0.4005610957423422,,1,2455.693324096501,0,15.32864011824131,2455.693324096501,2505.307032726705,66.19116688961702,66.29542743842217,66.19116688961702,66.19111765308595,0.4005610957423422,57.861869160298255
cracker_box_yalehand0_black10_5,83,0.816531603230332,0.4369092674940167,1.7804847439904823,1.2696142611400845,0.06397364581597195,0.04561783151426815,0.7946843853820601,0.7946843853820601,-0.3796223357363153,-0.5108704828503978,MODE_3_RELOCALIZE,simple,four_mode_relocalization_v2,,0,0,0,False,1,0,0.4369092674940167,0,0,restarted_se3,1,44.6193553507328,2.4273376911878586,0,84,cache_read_only_not_online_fps,b18588ca73eff0bed9b27155081eb3c6df55568f77c0b4b80229d1c92a313cef,cached_perception_v2,1,1,1,0.4096510194224295,,1,2467.075682245195,0,21.30740787833929,2467.075682245195,2514.1223752871156,65.46522219971278,65.53513621681158,65.46522219971278,65.46527203266776,0.4096510194224295,58.367984939960714
cracker_box_yalehand0_black10_5,84,0.8762282336216065,0.431924895423803,1.7046954301520914,1.2726676186184867,0.06125050048350137,0.045727540070060135,0.7946843853820601,0.7946843853820601,-0.4443033381978035,-0.4320278115336047,MODE_3_RELOCALIZE,simple,four_mode_relocalization_v2,,0,0,0,False,1,0,0.431924895423803,0,0,restarted_se3,1,46.159698627889156,2.3356061428785324,0,85,cache_read_only_not_online_fps,b18588ca73eff0bed9b27155081eb3c6df55568f77c0b4b80229d1c92a313cef,cached_perception_v2,1,1,1,0.4369127559961218,,1,2461.8030274286866,0,21.9481959939003,2461.8030274286866,2510.2983321994543,64.6692208962235,64.68363970312807,64.6692208962235,64.66925162443653,0.4369127559961218,58.83956349278699
cracker_box_yalehand0_black10_5,85,0.8644656866693955,0.46260254369662257,1.7364642896052631,1.2650536111806574,0.06239197039471195,0.04545396523786238,0.7946843853820601,0.7946843853820601,-0.4018631429727729,-0.4714106784246057,MODE_3_RELOCALIZE,simple,four_mode_relocalization_v2,,0,0,0,False,1,0,0.46260254369662257,0,0,restarted_se3,1,46.23883869498968,2.06039659678936,0,86,cache_read_only_not_online_fps,b18588ca73eff0bed9b27155081eb3c6df55568f77c0b4b80229d1c92a313cef,cached_perception_v2,1,1,1,0.4612238240136583,,1,2464.389495551586,0,20.490053109824657,2464.389495551586,2512.688730843365,64.28343904017959,64.0241934437959,64.28343904017959,64.28353609390824,0.4612238240136583,59.24744376942612
cracker_box_yalehand0_black10_5,86,0.8394557507772783,0.5169240583633562,1.8187726477417638,1.2530292869604054,0.06534934802397335,0.04502192567030126,0.7946843853820601,0.7946843853820601,-0.3225316924139221,-0.5657433607813585,MODE_3_RELOCALIZE,simple,four_mode_relocalization_v2,,0,0,0,False,1,0,0.5169240583633562,0,0,restarted_se3,1,46.530977822840214,1.703600399196148,0,87,cache_read_only_not_online_fps,b18588ca73eff0bed9b27155081eb3c6df55568f77c0b4b80229d1c92a313cef,cached_perception_v2,1,1,1,0.3766106905003281,,1,2465.664690360427,0,22.59346004575491,2465.664690360427,2513.8992685824633,63.79310660662865,63.56980296644286,63.79310660662865,63.793233035592515,0.3766106905003281,59.61083223505174
cracker_box_yalehand0_black10_5,87,0.9394488752457381,0.37239796021363647,2.021549629113599,1.2800727446217646,0.07263521937428864,0.04599360969506271,0.9274193548387096,0.7946843853820601,-0.5670509150321016,-0.7414768844918342,MODE_3_RELOCALIZE,simple,four_mode_relocalization_v2,,0,0,0,False,1,0,0.37239796021363647,0,0,restarted_se3,1,46.96276690810919,2.147614024579525,0,88,cache_read_only_not_online_fps,b18588ca73eff0bed9b27155081eb3c6df55568f77c0b4b80229d1c92a313cef,cached_perception_v2,1,1,1,0.33627412469484574,,1,2462.5353943556547,0,21.25431690365076,2462.5353943556547,2511.6457752883434,62.93868750497237,63.038936545617965,62.93868750497237,62.93880589244243,0.33627412469484574,59.96133970070295
cracker_box_yalehand0_black10_5,88,0.9406919223671197,0.2954495803372052,1.8909550403299302,1.2821490809273461,0.0679428949966002,0.046068213425230264,0.9274193548387096,0.7946843853820601,-0.6452423420299145,-0.6088059594025841,MODE_3_RELOCALIZE,simple,four_mode_relocalization_v2,,0,0,0,False,1,0,0.2954495803372052,0,0,restarted_se3,1,47.02711757272482,2.137458883225918,0,89,cache_read_only_not_online_fps,b18588ca73eff0bed9b27155081eb3c6df55568f77c0b4b80229d1c92a313cef,cached_perception_v2,1,1,1,0.3579539954460254,,1,2463.396611623466,0,21.626987494528294,2463.396611623466,2512.5611880794168,62.23923399298113,62.37488549816849,62.23923399298113,62.239428792935236,0.3579539954460254,60.28128270381023
cracker_box_yalehand0_black10_5,89,0.9449017130898583,0.3818922074373029,1.946908462589203,1.2571827687687025,0.0699533275093684,0.045171162205466145,0.9274193548387096,0.7946843853820601,-0.5630095056525554,-0.6897256938205005,MODE_3_RELOCALIZE,simple,four_mode_relocalization_v2,,0,0,0,False,1,0,0.3818922074373029,0,0,restarted_se3,1,47.100902535021305,2.1444372832775116,0,90,cache_read_only_not_online_fps,b18588ca73eff0bed9b27155081eb3c6df55568f77c0b4b80229d1c92a313cef,cached_perception_v2,1,1,1,0.3446076560948368,,1,2465.9069711342454,0,20.753953605890274,2465.9069711342454,2515.152310952544,61.52467595115324,61.615552418045105,61.52467595115324,61.52485074224582,0.3446076560948368,60.58579998334373
cracker_box_yalehand0_black10_5,90,0.9555274826825161,0.3148146387389359,2.0083434091493597,1.268585971598382,0.07216071374237487,0.0455808845922801,0.9274193548387096,0.7946843853820601,-0.6407128439435802,-0.7397574375509777,MODE_3_RELOCALIZE,simple,four_mode_relocalization_v2,,0,0,0,False,1,0,0.3148146387389359,0,0,restarted_se3,1,48.42482507228851,2.4795355275273323,0,91,cache_read_only_not_online_fps,b18588ca73eff0bed9b27155081eb3c6df55568f77c0b4b80229d1c92a313cef,cached_perception_v2,1,1,1,0.396818841690911,,1,2478.271258994937,0,20.740874111652374,2478.271258994937,2529.175619594753,60.93601733726038,60.90151527417012,60.93601733726038,60.936168903334334,0.396818841690911,60.880227383731054
cracker_box_yalehand0_black10_5,91,0.8799525773755765,0.4742083095007202,1.8632339798542534,1.2668717198633774,0.0669468643872396,0.04551929072931399,0.9274193548387096,0.7946843853820601,-0.40574426787485635,-0.596362259990876,MODE_3_RELOCALIZE,simple,four_mode_relocalization_v2,,0,0,0,False,1,0,0.4742083095007202,0,0,restarted_se3,1,45.496280305087566,2.2645797580480576,0,92,cache_read_only_not_online_fps,b18588ca73eff0bed9b27155081eb3c6df55568f77c0b4b80229d1c92a313cef,cached_perception_v2,1,1,1,0.3854515196041754,,1,2465.1021556928754,0,20.923485048115253,2465.1021556928754,2512.863015756011,60.32220142788,60.24432915072715,60.32220142788,60.322403249504355,0.3854515196041754,60.32220142788
cracker_box_yalehand0_black10_5,92,0.9437625940457772,0.3861164286087128,1.956663042105228,1.277953253862828,0.07030381409295086,0.0459174554052941,0.9274193548387096,0.7946843853820601,-0.5576461654370644,-0.6787097882424,MODE_3_RELOCALIZE,simple,four_mode_relocalization_v2,,0,0,0,False,1,0,0.3861164286087128,0,0,restarted_se3,1,45.45525647699833,2.0821131765842438,0,93,cache_read_only_not_online_fps,b18588ca73eff0bed9b27155081eb3c6df55568f77c0b4b80229d1c92a313cef,cached_perception_v2,1,1,1,0.3256546859197158,,1,2461.4804200828075,0,20.66815458238125,2461.4804200828075,2509.01778973639,59.908517815633665,59.7522447697005,59.908517815633665,59.90874814751923,0.3256546859197158,55.91079546675807
cracker_box_yalehand0_black10_5,93,0.893403916725622,0.2800320146544353,1.8654357233551644,1.2631835873832955,0.06702597405632287,0.04538677441217086,0.9274193548387096,0.7946843853820601,-0.6133719020711867,-0.6022521359718689,MODE_3_RELOCALIZE,simple,four_mode_relocalization_v2,,0,0,0,False,1,0,0.2800320146544353,0,0,restarted_se3,1,35.83589568734169,2.298888750374317,0,94,cache_read_only_not_online_fps,b18588ca73eff0bed9b27155081eb3c6df55568f77c0b4b80229d1c92a313cef,cached_perception_v2,1,1,1,0.31092929285121157,,1,2474.0273356437683,0,22.76772540062666,2474.0273356437683,2512.1621200814843,59.352084677297704,59.307291413043664,59.352084677297704,59.35223979266024,0.31092929285121157,42.41097400150851
cracker_box_yalehand0_black10_5,94,0.9476217227881673,0.2935781518106019,2.029364775612944,1.25196732815802,0.0729160212266137,0.04498376899610101,0.9274193548387096,0.7946843853820601,-0.6540435709775654,-0.7773974474549239,MODE_3_RELOCALIZE,simple,four_mode_relocalization_v2,,0,0,0,False,1,0,0.2935781518106019,0,0,restarted_se3,1,30.74035793542862,2.8445273637771606,0,95,cache_read_only_not_online_fps,b18588ca73eff0bed9b27155081eb3c6df55568f77c0b4b80229d1c92a313cef,cached_perception_v2,1,1,1,0.3816810496523827,,1,2483.559009619057,0,10.709934867918491,2483.559009619057,2517.143894918263,58.99844523268122,58.92860470046216,58.99844523268122,58.99864481034475,0.3816810496523827,58.99844523268122
cracker_box_yalehand0_black10_5,95,0.8960765823178847,0.4507543377998634,1.938196437820112,1.2941367692742316,0.06964030040323961,0.046498936648804265,0.9274193548387096,0.7946843853820601,-0.44532224451802127,-0.6440596685458804,MODE_3_RELOCALIZE,simple,four_mode_relocalization_v2,,0,0,0,False,1,0,0.4507543377998634,0,0,restarted_se3,1,31.25415090471506,2.8830012306571007,0,96,cache_read_only_not_online_fps,b18588ca73eff0bed9b27155081eb3c6df55568f77c0b4b80229d1c92a313cef,cached_perception_v2,1,1,1,0.3202296138653838,,1,2460.5938605964184,0,10.870203375816345,2460.5938605964184,2494.7310127317905,58.6039649563892,58.589638995890795,58.6039649563892,58.604227457144255,0.3202296138653838,56.98627126384794
cracker_box_yalehand0_black10_5,96,0.988740129625139,0.3098350369443425,2.030989838038588,1.226580395338764,0.07297441047616941,0.044071604680167034,0.9274193548387096,0.7946843853820601,-0.6789050926807965,-0.8044094426998238,MODE_3_RELOCALIZE,simple,four_mode_relocalization_v2,,0,0,0,False,1,0,0.3098350369443425,0,0,restarted_se3,1,32.558211125433445,2.1300893276929855,0,97,cache_read_only_not_online_fps,b18588ca73eff0bed9b27155081eb3c6df55568f77c0b4b80229d1c92a313cef,cached_perception_v2,1,1,1,0.34770986141991955,,1,2472.3151586949825,0,21.564115770161152,2472.3151586949825,2507.003459148109,58.03629950164614,58.1431003515121,58.03629950164614,58.03656981480063,0.34770986141991955,58.03629950164614
cracker_box_yalehand0_black10_5,97,0.9662835452291874,0.38636107293481464,1.8960997455837707,1.232703421947657,0.06812774665166078,0.04429160787700498,0.9274193548387096,0.7946843853820601,-0.5799224722943728,-0.6633963236361138,MODE_3_RELOCALIZE,simple,four_mode_relocalization_v2,,0,0,0,False,1,0,0.38636107293481464,0,0,restarted_se3,1,32.15788025408983,2.033976837992668,0,98,cache_read_only_not_online_fps,b18588ca73eff0bed9b27155081eb3c6df55568f77c0b4b80229d1c92a313cef,cached_perception_v2,1,1,1,0.34466602028100946,,1,2479.025062173605,0,20.923941396176815,2479.025062173605,2513.2169192656875,57.73435077621419,57.70910971815233,57.73435077621419,57.73459423159255,0.34466602028100946,40.70526469992178
cracker_box_yalehand0_black10_5,98,0.8867565968277104,0.3508414983309306,1.8991175133504714,1.242850971766334,0.06823617645254135,0.04465621406652224,0.9274193548387096,0.7946843853820601,-0.5359150984967798,-0.6562665415841373,MODE_3_RELOCALIZE,simple,four_mode_relocalization_v2,,0,0,0,False,1,0,0.3508414983309306,0,0,restarted_se3,1,44.69162505120039,2.092813141644001,0,99,cache_read_only_not_online_fps,b18588ca73eff0bed9b27155081eb3c6df55568f77c0b4b80229d1c92a313cef,cached_perception_v2,1,1,1,0.3287685199612576,,1,2466.4631439372897,0,20.607040263712406,2466.4631439372897,2513.247582130134,57.09754003968056,57.18079940259927,57.09754003968056,57.09786205167434,0.3287685199612576,57.09754003968056
cracker_box_yalehand0_black10_5,99,0.8861636397221102,0.3706003628556099,1.890545933518135,1.2873048698929657,0.067928195598379,0.04625346332321546,0.9274193548387096,0.7946843853820601,-0.5155632768665004,-0.6032410636251693,MODE_3_RELOCALIZE,simple,four_mode_relocalization_v2,,0,0,0,False,1,0,0.3706003628556099,0,0,restarted_se3,1,45.33844254910946,2.3905057460069656,0,100,cache_read_only_not_online_fps,b18588ca73eff0bed9b27155081eb3c6df55568f77c0b4b80229d1c92a313cef,cached_perception_v2,1,1,1,0.40077648290308737,,1,2461.2998105585575,0,27.282494120299816,2461.2998105585575,2509.028758853674,56.49466161272021,56.56609624392183,56.49466161272021,56.49505399946387,0.40077648290308737,56.49466161272021
cracker_box_yalehand0_black10_5,100,0.8563826046693979,0.47926588853842833,1.8249181601033893,1.3125590560327172,0.06557015914437597,0.04716085798915017,0.7946843853820601,0.7946843853820601,-0.37711671613096953,-0.5123591040706721,MODE_3_RELOCALIZE,simple,four_mode_relocalization_v2,,0,0,0,False,1,0,0.47926588853842833,0,0,restarted_se3,1,45.29590904712677,2.91376281529665,0,101,cache_read_only_not_online_fps,b18588ca73eff0bed9b27155081eb3c6df55568f77c0b4b80229d1c92a313cef,cached_perception_v2,1,1,1,0.37255848249769197,,1,2464.2987977713346,0,20.73136530816555,2464.2987977713346,2512.508469633758,55.82702667258616,55.894495906677065,55.82702667258616,55.82748895871349,0.37255848249769197,55.82702667258616
cracker_box_yalehand0_black10_5,101,0.9438211123673074,0.348756013149243,1.67443871111312,1.234805700575936,0.06016336248140071,0.04436714372690538,0.7946843853820601,0.7946843853820601,-0.5950650992180644,-0.43963301053718395,MODE_3_RELOCALIZE,simple,four_mode_relocalization_v2,,0,0,0,False,1,0,0.348756013149243,0,0,restarted_se3,1,45.38066778331995,2.4349773302674294,0,102,cache_read_only_not_online_fps,b18588ca73eff0bed9b27155081eb3c6df55568f77c0b4b80229d1c92a313cef,cached_perception_v2,1,1,1,0.32816328916448606,,1,2466.83669090271,0,21.027281880378723,2466.83669090271,2514.6523360162973,55.230399513198336,55.21627961634058,55.230399513198336,55.23098586639827,0.32816328916448606,55.13499255148275
cracker_box_yalehand0_black10_5,102,1.0001472362141524,0.3486720209328021,1.9811865527297452,1.266339749656051,0.07118495524743271,0.045500176792088176,0.9274193548387096,0.7946843853820601,-0.6514752152813503,-0.7148468030736943,MODE_3_RELOCALIZE,simple,four_mode_relocalization_v2,,0,0,0,False,1,0,0.3486720209328021,0,0,restarted_se3,1,45.569026842713356,2.768324688076973,0,103,cache_read_only_not_online_fps,b18588ca73eff0bed9b27155081eb3c6df55568f77c0b4b80229d1c92a313cef,cached_perception_v2,1,1,1,0.3183136457047763,,1,2457.5631907209754,0,23.32042157649994,2457.5631907209754,2505.9005422517657,54.47826087809733,54.46927806046937,54.47826087809733,54.47895696753382,0.3183136457047763,54.38381681841822
cracker_box_yalehand0_black10_5,103,0.9568968726491635,0.30784411983513416,1.8811871439020715,1.243823226714899,0.06759192993017542,0.04469114763949007,0.9274193548387096,0.7946843853820601,-0.6490527528140293,-0.6373639171871726,MODE_3_RELOCALIZE,simple,four_mode_relocalization_v2,,0,0,0,False,1,0,0.30784411983513416,0,0,restarted_se3,1,46.72661144286394,2.638733945786953,0,104,cache_read_only_not_online_fps,b18588ca73eff0bed9b27155081eb3c6df55568f77c0b4b80229d1c92a313cef,cached_perception_v2,1,1,1,0.3885154857057121,,1,2459.0762285515666,0,22.243293933570385,2459.0762285515666,2508.4415739402175,53.58596128584312,53.656271616862306,53.58596128584312,53.58672133083813,0.3885154857057121,53.58596128584312
cracker_box_yalehand0_black10_5,104,0.9455964417432152,0.46355122355619444,2.0067519615910845,1.2735398342808715,0.07210353229065425,0.04575887918489888,0.9274193548387096,0.7946843853820601,-0.4820452181870208,-0.733212127310213,MODE_3_RELOCALIZE,simple,four_mode_relocalization_v2,,0,0,0,False,1,0,0.46355122355619444,0,0,restarted_se3,1,46.205826103687286,2.09960900247097,0,105,cache_read_only_not_online_fps,b18588ca73eff0bed9b27155081eb3c6df55568f77c0b4b80229d1c92a313cef,cached_perception_v2,1,1,1,0.3387562516231835,,1,2443.044850602746,0,23.186014033854008,2443.044850602746,2491.3502857089043,52.7783953698307,52.79432682274411,52.7783953698307,52.77920678602762,0.3387562516231835,52.736199532973494
cracker_box_yalehand0_black10_5,105,0.9684499358131914,0.29268523279610204,1.9701472965144178,1.2413909217534056,0.07078830963191998,0.04460375378978246,0.9274193548387096,0.7946843853820601,-0.6757647030170894,-0.7287563747610122,MODE_3_RELOCALIZE,simple,four_mode_relocalization_v2,,0,0,0,False,1,0,0.29268523279610204,0,0,restarted_se3,1,50.61978101730347,2.0790807902812958,0,106,cache_read_only_not_online_fps,b18588ca73eff0bed9b27155081eb3c6df55568f77c0b4b80229d1c92a313cef,cached_perception_v2,1,1,1,0.3201201969330984,,1,2446.2419599294662,0,24.2041926831007,2446.2419599294662,2498.940821737051,51.952580705839594,51.938039205000365,51.952580705839594,51.95354772435413,0.3201201969330984,51.85728732745807
cracker_box_yalehand0_black10_5,106,0.9906544903707699,0.3067173553724681,2.0180530460257686,1.205632041451838,0.07250958551599136,0.04331892057180098,0.9274193548387096,0.7946843853820601,-0.6839371349983019,-0.8124210045739306,MODE_3_RELOCALIZE,simple,four_mode_relocalization_v2,,0,0,0,False,1,0,0.3067173553724681,0,0,restarted_se3,1,44.879029504954815,2.475864253938198,0,107,cache_read_only_not_online_fps,b18588ca73eff0bed9b27155081eb3c6df55568f77c0b4b80229d1c92a313cef,cached_perception_v2,1,1,1,0.4277093198324518,,1,2452.970321290195,0,25.194802321493626,2452.970321290195,2500.325215049088,51.29609167965579,51.18985919265954,51.29609167965579,51.29713001478583,0.4277093198324518,50.96769907260897
cracker_box_yalehand0_black10_5,107,0.8932837768699221,0.5486508700381165,1.8907066186905437,1.3150424541484507,0.06793396909143601,0.047250087639677765,0.9274193548387096,0.7946843853820601,-0.3446329068318056,-0.575664164542093,MODE_3_RELOCALIZE,simple,four_mode_relocalization_v2,,0,0,0,False,1,0,0.5486508700381165,0,0,restarted_se3,1,47.72359412163496,2.2089462727308273,0,108,cache_read_only_not_online_fps,b18588ca73eff0bed9b27155081eb3c6df55568f77c0b4b80229d1c92a313cef,cached_perception_v2,1,1,1,0.4114437607645931,,1,2463.0604991689324,0,21.42072468996048,2463.0604991689324,2512.993039563298,50.61512655057505,50.52665649106057,50.61512655057505,50.616272710259416,0.4114437607645931,50.079252064995025
cracker_box_yalehand0_black10_5,108,0.8606178839620471,0.39859516585301036,1.924742652608134,1.2435652128740506,0.06915689963671226,0.044681877082061394,0.9274193548387096,0.7946843853820601,-0.4620227181090367,-0.6811774397340833,MODE_3_RELOCALIZE,simple,four_mode_relocalization_v2,,0,0,0,False,1,0,0.39859516585301036,0,0,restarted_se3,1,46.125033870339394,1.9748350605368614,0,109,cache_read_only_not_online_fps,b18588ca73eff0bed9b27155081eb3c6df55568f77c0b4b80229d1c92a313cef,cached_perception_v2,1,1,1,0.3237778752309714,,1,2446.9353184103966,0,21.746120415627956,2446.9353184103966,2495.035187341273,49.95773182932565,49.91192044423235,49.95773182932565,49.9589599385484,0.3237778752309714,49.20259881193227
cracker_box_yalehand0_black10_5,109,0.9512710137963254,0.3295591318733436,1.969961813687202,1.2589817918482271,0.07078164514758037,0.04523580194230901,0.9274193548387096,0.7946843853820601,-0.6217118819229818,-0.7109800218389748,MODE_3_RELOCALIZE,simple,four_mode_relocalization_v2,,0,0,0,False,1,0,0.3295591318733436,0,0,restarted_se3,1,45.744650065898895,2.1601421758532524,0,110,cache_read_only_not_online_fps,b18588ca73eff0bed9b27155081eb3c6df55568f77c0b4b80229d1c92a313cef,cached_perception_v2,1,1,1,0.36182405066678164,,1,2449.6428668498993,0,21.43714763224125,2449.6428668498993,2497.5476590916514,49.590605189403334,49.45387422981868,49.590605189403334,49.59187861013985,0.36182405066678164,48.347292562289454
cracker_box_yalehand0_black10_5,110,0.9344362858298063,0.40206965621970814,1.9896098736182148,1.2838069779505559,0.071487609088715,0.046127782437163756,0.9274193548387096,0.7946843853820601,-0.5323666296100982,-0.705802895667659,MODE_3_RELOCALIZE,simple,four_mode_relocalization_v2,,0,0,0,False,1,0,0.40206965621970814,0,0,restarted_se3,1,49.33863319456577,2.3863138630986214,0,111,cache_read_only_not_online_fps,b18588ca73eff0bed9b27155081eb3c6df55568f77c0b4b80229d1c92a313cef,cached_perception_v2,1,1,1,0.36008251207916997,,1,2457.693579606712,0,23.377345874905586,2457.693579606712,2509.4185266643763,49.05232235919449,49.02691118754032,49.05232235919449,49.05370255461767,0.36008251207916997,47.50052807474957
cracker_box_yalehand0_black10_5,111,0.9726647342811151,0.35984318723580727,1.9749201576726045,1.2365386888514753,0.07095980075549924,0.04442941080249632,0.9274193548387096,0.7946843853820601,-0.6128215470453078,-0.7383814688211292,MODE_3_RELOCALIZE,simple,four_mode_relocalization_v2,,0,0,0,False,1,0,0.35984318723580727,0,0,restarted_se3,1,46.95565067231655,2.3735975846648216,0,112,cache_read_only_not_online_fps,b18588ca73eff0bed9b27155081eb3c6df55568f77c0b4b80229d1c92a313cef,cached_perception_v2,1,1,1,0.32052783267757434,,1,2460.203438065946,0,21.342677995562553,2460.203438065946,2509.5326863229275,48.234243537747886,48.418466651841484,48.234243537747886,48.23572321164226,0.32052783267757434,46.672044727240156
cracker_box_yalehand0_black10_5,112,1.0281288428508395,0.2846656316043144,2.0487022223428153,1.2297395267422964,0.07361082469081492,0.044185113742335545,0.9274193548387096,0.7946843853820601,-0.7434632112465251,-0.8189626956005189,MODE_3_RELOCALIZE,simple,four_mode_relocalization_v2,,0,0,0,False,1,0,0.2846656316043144,0,0,restarted_se3,1,49.24430511891842,1.6447845846414566,0,113,cache_read_only_not_online_fps,b18588ca73eff0bed9b27155081eb3c6df55568f77c0b4b80229d1c92a313cef,cached_perception_v2,1,1,1,0.3293972360916998,,1,2456.8571941927075,0,20.953803323209286,2456.8571941927075,2507.7462838962674,47.544880159722304,47.686602033200366,47.544880159722304,47.546429150521654,0.3293972360916998,45.872989759689716
cracker_box_yalehand0_black10_5,113,0.9521092139942806,0.3341812162130575,2.0044487557219157,1.2640338770182376,0.07202077703144026,0.04541732571463519,0.9274193548387096,0.7946843853820601,-0.6179279977812231,-0.7404148787036782,MODE_3_RELOCALIZE,simple,four_mode_relocalization_v2,,0,0,0,False,1,0,0.3341812162130575,0,0,restarted_se3,1,48.377975821495056,2.1708812564611435,0,114,cache_read_only_not_online_fps,b18588ca73eff0bed9b27155081eb3c6df55568f77c0b4b80229d1c92a313cef,cached_perception_v2,1,1,1,0.36381266426430386,,1,2455.777504481375,0,21.820971742272377,2455.777504481375,2506.3263615593314,47.24267115048853,47.118599501774305,47.24267115048853,47.24430797733763,0.36381266426430386,45.130318326399035
cracker_box_yalehand0_black10_5,114,0.9270079039152942,0.4111151152044136,1.926778603613138,1.24443560559085,0.06923005230422734,0.04471315069761653,0.9274193548387096,0.7946843853820601,-0.5158927887108806,-0.6823429980222879,MODE_3_RELOCALIZE,simple,four_mode_relocalization_v2,,0,0,0,False,1,0,0.4111151152044136,0,0,restarted_se3,1,35.07993835955858,1.6732299700379372,0,115,cache_read_only_not_online_fps,b18588ca73eff0bed9b27155081eb3c6df55568f77c0b4b80229d1c92a313cef,cached_perception_v2,1,1,1,0.35028983929525126,,1,2453.9986876770854,0,23.750540800392628,2453.9986876770854,2490.751856006682,46.77977005928892,46.65781163525146,46.77977005928892,46.781492881485235,0.35028983929525126,44.388589714756606
cracker_box_yalehand0_black10_5,115,0.9302497008596059,0.3303387488120127,1.951888028577815,1.273270087831004,0.0701322456337432,0.045749187069365635,0.9274193548387096,0.7946843853820601,-0.5999109520475931,-0.6786179407468111,MODE_3_RELOCALIZE,simple,four_mode_relocalization_v2,,0,0,0,False,1,0,0.3303387488120127,0,0,restarted_se3,1,39.51387573033571,2.605806104838848,0,116,cache_read_only_not_online_fps,b18588ca73eff0bed9b27155081eb3c6df55568f77c0b4b80229d1c92a313cef,cached_perception_v2,1,1,1,0.37076739194889646,,1,2453.1057020649314,0,24.99910071492195,2453.1057020649314,2495.225383900106,46.740026237129484,46.49901666491898,46.740026237129484,46.741785724291006,0.37076739194889646,43.71890146292866
cracker_box_yalehand0_black10_5,116,0.9529138576203064,0.40379092471941036,1.9776758437741273,1.254428271673248,0.07105881384012905,0.04507219184237795,0.9274193548387096,0.7946843853820601,-0.5491229329008961,-0.7232475721008793,MODE_3_RELOCALIZE,simple,four_mode_relocalization_v2,,0,0,0,False,1,0,0.40379092471941036,0,0,restarted_se3,1,48.236265778541565,2.238568849861622,0,117,cache_read_only_not_online_fps,b18588ca73eff0bed9b27155081eb3c6df55568f77c0b4b80229d1c92a313cef,cached_perception_v2,1,1,1,0.31271328565576506,,1,2450.4757011309266,0,21.87653537839651,2450.4757011309266,2500.95053575933,46.30144978567632,46.3350752313456,46.30144978567632,46.303270505435556,0.31271328565576506,43.0992124780253
cracker_box_yalehand0_black10_5,117,0.9706478694771448,0.2566466069902104,2.0026090249587845,1.2476404917694188,0.0719546746485726,0.04482830375015476,0.9274193548387096,0.7946843853820601,-0.7140012624869343,-0.7549685331893656,MODE_3_RELOCALIZE,simple,four_mode_relocalization_v2,,0,0,0,False,1,0,0.2566466069902104,0,0,restarted_se3,1,47.22749534994364,2.1712668240070343,0,118,cache_read_only_not_online_fps,b18588ca73eff0bed9b27155081eb3c6df55568f77c0b4b80229d1c92a313cef,cached_perception_v2,1,1,1,0.3586380736850102,,1,2450.6122013553977,0,20.829067565500736,2450.6122013553977,2500.0109635293484,46.3517526683878,46.27231860595511,46.3517526683878,46.35364614709319,0.3586380736850102,42.538149773760445
cracker_box_yalehand0_black10_5,118,1.0017551326921237,0.413029580812712,2.0184020916456085,1.250748718812342,0.07252212688762211,0.04493998379494635,0.9274193548387096,0.7946843853820601,-0.5887255518794117,-0.7676533728332664,MODE_3_RELOCALIZE,simple,four_mode_relocalization_v2,,0,0,0,False,1,0,0.413029580812712,0,0,restarted_se3,1,47.48511593788862,2.5299517437815666,0,119,cache_read_only_not_online_fps,b18588ca73eff0bed9b27155081eb3c6df55568f77c0b4b80229d1c92a313cef,cached_perception_v2,1,1,1,0.3457547297335196,,1,2452.2901829332113,0,21.990065462887287,2452.2901829332113,2502.3052506148815,46.05626036183935,46.13612807983727,46.05626036183935,46.05822544616808,0.3457547297335196,42.02945900798274
cracker_box_yalehand0_black10_5,119,0.8537418949723347,0.3438496513093393,1.8128515699061518,1.2525359721517195,0.06513660094058342,0.045004200639545924,0.7946843853820601,0.7946843853820601,-0.5098922436629953,-0.5603155977544323,MODE_3_RELOCALIZE,simple,four_mode_relocalization_v2,,0,0,0,False,1,0,0.3438496513093393,0,0,restarted_se3,1,47.67267405986786,2.1672341972589493,0,120,cache_read_only_not_online_fps,b18588ca73eff0bed9b27155081eb3c6df55568f77c0b4b80229d1c92a313cef,cached_perception_v2,1,1,1,0.3312929235562061,,1,2472.97091037035,0,23.731396533548832,2472.97091037035,2522.8108186274767,45.73659611580833,45.863729623982564,45.73659611580833,45.738621158773945,0.3312929235562061,41.56035265602744
cracker_box_yalehand0_black10_5,120,0.9772992372417305,0.3484135638145258,1.9993744490312138,1.2646717932909286,0.07183845482952966,0.045440246343316296,0.9274193548387096,0.7946843853820601,-0.6288856734272047,-0.7347026557402851,MODE_3_RELOCALIZE,simple,four_mode_relocalization_v2,,0,0,0,False,1,0,0.3484135638145258,0,0,restarted_se3,1,46.79490625858307,2.7171578258275986,0,121,cache_read_only_not_online_fps,b18588ca73eff0bed9b27155081eb3c6df55568f77c0b4b80229d1c92a313cef,cached_perception_v2,1,1,1,0.4077283842455742,,1,2449.936620891094,0,20.78645769506693,2449.936620891094,2499.448684975505,45.25386362108056,45.44046143355583,45.25386362108056,45.255909359777576,0.4077283842455742,41.186567535662356
cracker_box_yalehand0_black10_5,121,0.9031037661554698,0.4892128429177482,1.7987177129069176,1.2941977142971324,0.06462876487810973,0.046501126431852086,0.7946843853820601,0.7946843853820601,-0.41389092323772164,-0.5045199986097852,MODE_3_RELOCALIZE,simple,four_mode_relocalization_v2,,0,0,0,False,1,0,0.4892128429177482,0,0,restarted_se3,1,46.52014281600714,2.1417494863271713,0,122,cache_read_only_not_online_fps,b18588ca73eff0bed9b27155081eb3c6df55568f77c0b4b80229d1c92a313cef,cached_perception_v2,1,1,1,0.3313674273193927,,1,2507.9145282506943,0,22.73382432758808,2507.9145282506943,2556.5764205530286,44.819017281420024,44.906640832540596,44.819017281420024,44.82113155640423,0.3313674273193927,40.85930682923078
cracker_box_yalehand0_black10_5,122,0.8944258914247956,0.2775963171138577,1.7864912460627618,1.2614136686045627,0.06418946223195747,0.04532318040640594,0.7946843853820601,0.7946843853820601,-0.6168295743109379,-0.525077577458199,MODE_3_RELOCALIZE,simple,four_mode_relocalization_v2,,0,0,0,False,1,0,0.2775963171138577,0,0,restarted_se3,1,45.13220768421888,1.8277298659086227,0,123,cache_read_only_not_online_fps,b18588ca73eff0bed9b27155081eb3c6df55568f77c0b4b80229d1c92a313cef,cached_perception_v2,1,1,1,0.4267302995311733,,1,2450.624605640769,0,19.703605212271214,2450.624605640769,2497.5845431908965,44.03043045743921,44.21967395106128,44.03043045743921,44.03253399739191,0.4267302995311733,40.63905258069899
cracker_box_yalehand0_black10_5,123,0.9152006531482049,0.5313531457832055,1.9953104157238892,1.2755626830105589,0.07169243222065047,0.045831561081561625,0.9274193548387096,0.7946843853820601,-0.3838475073649994,-0.7197477327133304,MODE_3_RELOCALIZE,simple,four_mode_relocalization_v2,,0,0,0,False,1,0,0.5313531457832055,0,0,restarted_se3,1,49.17286057025194,2.070970833301544,0,124,cache_read_only_not_online_fps,b18588ca73eff0bed9b27155081eb3c6df55568f77c0b4b80229d1c92a313cef,cached_perception_v2,1,1,1,0.33240458235153464,,1,2453.898536041379,0,21.97471261024475,2453.898536041379,2505.1423674449325,43.72994765079696,43.628642312196135,43.72994765079696,43.73208539803468,0.33240458235153464,40.49376722255551
cracker_box_yalehand0_black10_5,124,1.004607294046513,0.35048941600638306,1.954452852908183,1.2492962783461667,0.07022440096607332,0.04488779693276429,0.9274193548387096,0.7946843853820601,-0.6541178780401299,-0.7051565745620163,MODE_3_RELOCALIZE,simple,four_mode_relocalization_v2,,0,0,0,False,1,0,0.35048941600638306,0,0,restarted_se3,1,50.652289763092995,2.47854832559824,0,125,cache_read_only_not_online_fps,b18588ca73eff0bed9b27155081eb3c6df55568f77c0b4b80229d1c92a313cef,cached_perception_v2,1,1,1,0.36977391974640894,,1,2430.9418722987175,0,20.79729549586773,2430.9418722987175,2484.0727103874087,43.363400052798376,43.19968862569591,43.363400052798376,43.36555543520364,0.36977391974640894,40.401578893927194
cracker_box_yalehand0_black10_5,125,0.9810574887192354,0.4279308331555282,1.9001946278492248,1.2306238789633799,0.06827487767796833,0.04421688892937891,0.9274193548387096,0.7946843853820601,-0.5531266555637071,-0.6695707488858449,MODE_3_RELOCALIZE,simple,four_mode_relocalization_v2,,0,0,0,False,1,0,0.4279308331555282,0,0,restarted_se3,1,49.157747998833656,2.6769302785396576,0,126,cache_read_only_not_online_fps,b18588ca73eff0bed9b27155081eb3c6df55568f77c0b4b80229d1c92a313cef,cached_perception_v2,1,1,1,0.32416322453186336,,1,2433.4015119820833,0,23.927937261760235,2433.4015119820833,2485.2361902594566,43.17351133558569,42.96293810342714,43.17351133558569,43.17572268164294,0.32416322453186336,40.3204610432936
cracker_box_yalehand0_black10_5,126,0.9534913796664977,0.28675981641385484,1.9962360531208585,1.2652870176688022,0.07172569080328511,0.04546235164165164,0.9274193548387096,0.7946843853820601,-0.6667315632526428,-0.7309490354520563,MODE_3_RELOCALIZE,simple,four_mode_relocalization_v2,,0,0,0,False,1,0,0.28675981641385484,0,0,restarted_se3,1,48.956667073071,2.42577213793993,0,127,cache_read_only_not_online_fps,b18588ca73eff0bed9b27155081eb3c6df55568f77c0b4b80229d1c92a313cef,cached_perception_v2,1,1,1,0.3301957514614775,,1,2437.7031289041042,0,20.65778151154518,2437.7031289041042,2489.085568115115,42.685583210479685,42.72758447847848,42.685583210479685,42.687788936804616,0.3301957514614775,40.24829574535183
cracker_box_yalehand0_black10_5,127,0.924019880443845,0.3379949685701908,1.9887046594844895,1.2475084388526985,0.07145508432343745,0.04482355902737533,0.9274193548387096,0.7946843853820601,-0.5860249118736542,-0.741196220631791,MODE_3_RELOCALIZE,simple,four_mode_relocalization_v2,,0,0,0,False,1,0,0.3379949685701908,0,0,restarted_se3,1,45.67074403166771,2.0705852657556534,0,128,cache_read_only_not_online_fps,b18588ca73eff0bed9b27155081eb3c6df55568f77c0b4b80229d1c92a313cef,cached_perception_v2,1,1,1,0.4106135179234215,,1,2430.802815593779,0,22.204088047146797,2430.802815593779,2478.5441448912024,42.96528186196548,42.72854595801323,42.96528186196548,42.96753583039315,0.4106135179234215,40.11702512949514
cracker_box_yalehand0_black10_5,128,0.8857511233095496,0.49925062665544,1.8765728297110373,1.3042045051033133,0.06742613547294281,0.046860675084515274,0.9274193548387096,0.7946843853820601,-0.3865004966541096,-0.572368324607724,MODE_3_RELOCALIZE,simple,four_mode_relocalization_v2,,0,0,0,False,1,0,0.49925062665544,0,0,restarted_se3,1,48.61152172088623,2.111366018652916,0,129,cache_read_only_not_online_fps,b18588ca73eff0bed9b27155081eb3c6df55568f77c0b4b80229d1c92a313cef,cached_perception_v2,1,1,1,0.3148464979191219,,1,2436.488762497902,0,21.961815655231476,2436.488762497902,2487.211650237441,42.57826922378254,42.65253122800273,42.57826922378254,42.58051055886877,0.3148464979191219,39.872381337800235
cracker_box_yalehand0_black10_5,129,0.993779371008105,0.28045834124505675,2.0097669472567503,1.205623122528979,0.07221186212934932,0.04331860011075015,0.9274193548387096,0.7946843853820601,-0.7133210297630482,-0.8041438247277712,MODE_3_RELOCALIZE,simple,four_mode_relocalization_v2,,0,0,0,False,1,0,0.28045834124505675,0,0,restarted_se3,1,65.63393026590347,2.242621034383774,0,130,cache_read_only_not_online_fps,b18588ca73eff0bed9b27155081eb3c6df55568f77c0b4b80229d1c92a313cef,cached_perception_v2,1,1,1,0.40999457986633486,,1,2439.4951155409217,0,22.27817941457033,2439.4951155409217,2507.371666841209,42.04898318292441,42.31459325557085,42.04898318292441,42.051291367744234,0.40999457986633486,39.48750725175469
cracker_box_yalehand0_black10_5,130,0.8974727041372594,0.5092889901207761,1.8672902002312173,1.3090800504235407,0.06709260627389337,0.04703585569784471,0.9274193548387096,0.7946843853820601,-0.3881837140164833,-0.5582101498076766,MODE_3_RELOCALIZE,simple,four_mode_relocalization_v2,,0,0,0,False,1,0,0.5092889901207761,0,0,restarted_se3,1,46.28904815763235,3.0250083655118942,0,131,cache_read_only_not_online_fps,b18588ca73eff0bed9b27155081eb3c6df55568f77c0b4b80229d1c92a313cef,cached_perception_v2,1,1,1,0.3420013358149234,,1,2442.405089735985,0,22.25051075220108,2442.405089735985,2491.719146259129,41.51500418138332,41.73640947703221,41.51500418138332,41.51730838316315,0.3420013358149234,38.95832070801229
cracker_box_yalehand0_black10_5,131,0.9236645409408778,0.36196612831190805,1.9637204801746582,1.238474763005153,0.0705573911286125,0.04449897484824222,0.9274193548387096,0.7946843853820601,-0.5616984126289697,-0.7252457171695053,MODE_3_RELOCALIZE,simple,four_mode_relocalization_v2,,0,0,0,False,1,0,0.36196612831190805,0,0,restarted_se3,1,50.23695155978203,2.383745275437832,0,132,cache_read_only_not_online_fps,b18588ca73eff0bed9b27155081eb3c6df55568f77c0b4b80229d1c92a313cef,cached_perception_v2,1,1,1,0.42935617090444844,,1,2430.4431127384305,0,20.909720100462437,2430.4431127384305,2483.0638095736504,41.17538773588768,41.183285692462235,41.17538773588768,41.17771840850663,0.42935617090444844,38.324124300216496
cracker_box_yalehand0_black10_5,132,0.864225063674762,0.5376541165091832,1.9517053844902443,1.3335774509350857,0.07012568314664071,0.04791605870381103,0.9274193548387096,0.7946843853820601,-0.3265709471655789,-0.6181279335551586,MODE_3_RELOCALIZE,simple,four_mode_relocalization_v2,,0,0,0,False,1,0,0.5376541165091832,0,0,restarted_se3,1,46.037706546485424,2.9172683134675026,0,133,cache_read_only_not_online_fps,b18588ca73eff0bed9b27155081eb3c6df55568f77c0b4b80229d1c92a313cef,cached_perception_v2,1,1,1,0.4191495352052461,,1,2442.912356927991,0,15.995774418115616,2442.912356927991,2491.867331787944,40.7964960322517,40.695083837486976,40.7964960322517,40.798859373777105,0.4191495352052461,37.56145709637223
cracker_box_yalehand0_black10_5,133,0.8823276479275671,0.49406261430857423,1.8301470626363228,1.2888095018042278,0.06575803604687523,0.04630752544831897,0.9274193548387096,0.7946843853820601,-0.3882650336189929,-0.5413375608320949,MODE_3_RELOCALIZE,simple,four_mode_relocalization_v2,,0,0,0,False,1,0,0.49406261430857423,0,0,restarted_se3,1,44.57109048962593,2.683669328689575,0,134,cache_read_only_not_online_fps,b18588ca73eff0bed9b27155081eb3c6df55568f77c0b4b80229d1c92a313cef,cached_perception_v2,1,1,1,0.3440134170044643,,1,2435.1108884438872,0,20.889664068818092,2435.1108884438872,2482.3656482622027,40.396907747923684,40.31661994973624,40.396907747923684,40.399286792785695,0.3440134170044643,36.777342508640125
cracker_box_yalehand0_black10_5,134,0.9980516213235894,0.3796336374156952,1.7060429899730225,1.2256350902616377,0.061298918935269106,0.04403763942862741,0.7946843853820601,0.7946843853820601,-0.6184179839078942,-0.48040789971138476,MODE_3_RELOCALIZE,simple,four_mode_relocalization_v2,,0,0,0,False,1,0,0.3796336374156952,0,0,restarted_se3,1,46.754660084843636,2.5543449446558952,0,135,cache_read_only_not_online_fps,b18588ca73eff0bed9b27155081eb3c6df55568f77c0b4b80229d1c92a313cef,cached_perception_v2,1,1,1,0.35428288534044255,,1,2440.772296860814,0,22.535505704581738,2440.772296860814,2490.0813018903136,40.54556548579471,40.23103886539538,40.54556548579471,40.547970358532794,0.35428288534044255,36.011941173476764
cracker_box_yalehand0_black10_5,135,0.8653957627152311,0.3788003985018671,1.9415923276932727,1.256612941054347,0.06976231630745271,0.04515068803038695,0.9274193548387096,0.7946843853820601,-0.486595364213364,-0.6849793866389258,MODE_3_RELOCALIZE,simple,four_mode_relocalization_v2,,0,0,0,False,1,0,0.3788003985018671,0,0,restarted_se3,1,48.17438405007124,2.4597328156232834,0,136,cache_read_only_not_online_fps,b18588ca73eff0bed9b27155081eb3c6df55568f77c0b4b80229d1c92a313cef,cached_perception_v2,1,1,1,0.3259055724766889,,1,2449.618528597057,0,22.12413866072893,2449.618528597057,2500.2526454627514,39.95613000940796,40.0573894333666,39.95613000940796,39.958496396276566,0.3259055724766889,35.339641510208544
cracker_box_yalehand0_black10_5,136,0.9578486700172358,0.3423485653452339,1.9042292690119063,1.2079362652069627,0.06841984421340601,0.043401712404131265,0.9274193548387096,0.7946843853820601,-0.6155001046720019,-0.6962930038049435,MODE_3_RELOCALIZE,simple,four_mode_relocalization_v2,,0,0,0,False,1,0,0.3423485653452339,0,0,restarted_se3,1,49.89925026893616,2.033230848610401,0,137,cache_read_only_not_online_fps,b18588ca73eff0bed9b27155081eb3c6df55568f77c0b4b80229d1c92a313cef,cached_perception_v2,1,1,1,0.38371124823612507,,1,2443.9761452376842,0,20.87617665529251,2443.9761452376842,2495.908626355231,39.62684362425275,39.755046840495304,39.62684362425275,39.629149108834746,0.38371124823612507,34.76843891485062
cracker_box_yalehand0_black10_5,137,0.8815309563541337,0.43728284219284397,1.9154473789611897,1.3044787971818765,0.06882291612685112,0.046870530526603935,0.9274193548387096,0.7946843853820601,-0.44424811416128973,-0.6109685817793131,MODE_3_RELOCALIZE,simple,four_mode_relocalization_v2,,0,0,0,False,1,0,0.43728284219284397,0,0,restarted_se3,1,60.70047244429588,2.8825169429183006,0,138,cache_read_only_not_online_fps,b18588ca73eff0bed9b27155081eb3c6df55568f77c0b4b80229d1c92a313cef,cached_perception_v2,1,1,1,0.321119955989655,,1,2447.7200228720903,0,18.756991252303123,2447.7200228720903,2511.3030122593045,40.07865461977656,39.778177576821435,40.07865461977656,40.08094000545732,0.321119955989655,34.34337235140615
cracker_box_yalehand0_black10_5,138,0.944820447027214,0.30094698494177385,1.9888008512716473,1.1933852323536975,0.07145854053913533,0.042878887018992035,0.9274193548387096,0.7946843853820601,-0.6438734620854402,-0.7954156189179498,MODE_3_RELOCALIZE,simple,four_mode_relocalization_v2,,0,0,0,False,1,0,0.30094698494177385,0,0,restarted_se3,1,49.41582027822733,2.8651580214500427,0,139,cache_read_only_not_online_fps,b18588ca73eff0bed9b27155081eb3c6df55568f77c0b4b80229d1c92a313cef,cached_perception_v2,1,1,1,0.3589761174492444,,1,2442.8628347814083,0,22.23545964807272,2442.8628347814083,2495.1438130810857,40.382090514071784,40.088847423016226,40.382090514071784,40.38418408506414,0.3589761174492444,34.037031583462564
cracker_box_yalehand0_black10_5,139,0.9692795708474666,0.39902889149707776,2.0426660093630686,1.2220517737806802,0.07339394074809122,0.04390888919913342,0.9274193548387096,0.7946843853820601,-0.5702506793503889,-0.8206142355823884,MODE_3_RELOCALIZE,simple,four_mode_relocalization_v2,,0,0,0,False,1,0,0.39902889149707776,0,0,restarted_se3,1,54.60526328533888,2.674296498298645,0,140,cache_read_only_not_online_fps,b18588ca73eff0bed9b27155081eb3c6df55568f77c0b4b80229d1c92a313cef,cached_perception_v2,1,1,1,0.25256524110048395,,1,2450.3324292600155,0,24.669473990797997,2450.3324292600155,2507.611989043653,41.615963390061786,41.00493447893755,41.615963390061786,41.61780869838678,0.25256524110048395,33.843075152356825
cracker_box_yalehand0_black10_5,140,0.9439757381049005,0.20033544728597277,1.8723763028366485,1.2345931251158222,0.06727535230851217,0.04435950579165185,0.9274193548387096,0.7946843853820601,-0.7436402908189278,-0.6377831777208263,MODE_3_RELOCALIZE,simple,four_mode_relocalization_v2,,0,0,0,False,1,0,0.20033544728597277,0,0,restarted_se3,1,49.83099177479744,2.4587269872426987,0,141,cache_read_only_not_online_fps,b18588ca73eff0bed9b27155081eb3c6df55568f77c0b4b80229d1c92a313cef,cached_perception_v2,1,1,1,0.3316926862535377,,1,2448.8757457584143,0,22.149709053337574,2448.8757457584143,2501.1654645204544,42.47412215401098,42.185548916974184,42.47412215401098,42.47556038943679,0.3316926862535377,33.80822618310724
cracker_box_yalehand0_black10_5,141,0.9020863389590079,0.3984542233468259,1.8900080125354093,1.2268332585113015,0.0679088678470225,0.04408069017168524,0.9274193548387096,0.7946843853820601,-0.503632115612182,-0.6631747540241077,MODE_3_RELOCALIZE,simple,four_mode_relocalization_v2,,0,0,0,False,1,0,0.3984542233468259,0,0,restarted_se3,1,47.18495812267065,2.0286869257688522,0,142,cache_read_only_not_online_fps,b18588ca73eff0bed9b27155081eb3c6df55568f77c0b4b80229d1c92a313cef,cached_perception_v2,1,1,1,0.41820464004510327,,1,2450.6168216466904,0,23.631763644516468,2450.6168216466904,2499.83046669513,43.289315968826685,43.271280339693334,43.289315968826685,43.290276863717445,0.41820464004510327,33.92490653501007
cracker_box_yalehand0_black10_5,142,0.919490444905351,0.5025114084859459,1.9335997658551707,1.276017391286971,0.06947513983940445,0.0458478989616378,0.9274193548387096,0.7946843853820601,-0.41697903641940515,-0.6575823745681997,MODE_3_RELOCALIZE,simple,four_mode_relocalization_v2,,0,0,0,False,1,0,0.5025114084859459,0,0,restarted_se3,1,46.50783725082874,2.69174762070179,0,143,cache_read_only_not_online_fps,b18588ca73eff0bed9b27155081eb3c6df55568f77c0b4b80229d1c92a313cef,cached_perception_v2,1,1,1,0.37486303975370416,,1,2466.693975031376,0,23.980870842933655,2466.693975031376,2515.8935599029064,43.8516454578386,43.92904124042637,43.8516454578386,43.8520108464335,0.37486303975370416,34.15193707327301
cracker_box_yalehand0_black10_5,143,0.9669137101565605,0.37966086654491377,2.004053996322328,1.2362033872164304,0.0720065931424196,0.04441736325863824,0.9274193548387096,0.7946843853820601,-0.5872528436116466,-0.7678506091058976,MODE_3_RELOCALIZE,simple,four_mode_relocalization_v2,,0,0,0,False,1,0,0.37966086654491377,0,0,restarted_se3,1,49.21878781169653,2.9355306178331375,0,144,cache_read_only_not_online_fps,b18588ca73eff0bed9b27155081eb3c6df55568f77c0b4b80229d1c92a313cef,cached_perception_v2,1,1,1,0.358608249829816,,1,2457.582799717784,0,21.653016097843647,2457.582799717784,2509.7371181473136,43.95664427071951,44.082859611463846,43.95664427071951,43.956489080504014,0.358608249829816,34.536878093422125
cracker_box_yalehand0_black10_5,144,0.8683589578338976,0.36346594250697706,1.9147368970138543,1.2266425191718464,0.06879738817969466,0.04407383681841352,0.9274193548387096,0.7946843853820601,-0.5048930153269205,-0.6880943778420079,MODE_3_RELOCALIZE,simple,four_mode_relocalization_v2,,0,0,0,False,1,0,0.36346594250697706,0,0,restarted_se3,1,58.37694555521011,2.7709081768989563,0,145,cache_read_only_not_online_fps,b18588ca73eff0bed9b27155081eb3c6df55568f77c0b4b80229d1c92a313cef,cached_perception_v2,1,1,1,0.3373717759511866,,1,2451.1109376326203,0,23.544009774923325,2451.1109376326203,2512.2587913647294,43.74362549274387,43.84931994176988,43.74362549274387,43.74278447764878,0.3373717759511866,35.060155735171485
cracker_box_yalehand0_black10_5,145,0.9096409850387257,0.32915109426054123,1.9308104274513296,1.2041782348701435,0.06937491761188438,0.04326668462445228,0.9274193548387096,0.7946843853820601,-0.5804898907781845,-0.726632192581186,MODE_3_RELOCALIZE,simple,four_mode_relocalization_v2,,0,0,0,False,1,0,0.32915109426054123,0,0,restarted_se3,1,57.931482791900635,2.350936643779278,0,146,cache_read_only_not_online_fps,b18588ca73eff0bed9b27155081eb3c6df55568f77c0b4b80229d1c92a313cef,cached_perception_v2,1,1,1,0.3467566984569787,,1,2450.542996637523,0,22.098856046795845,2450.542996637523,2510.825416073203,42.60152964634047,42.933934212238704,42.60152964634047,42.60048791816297,0.3467566984569787,35.656448480237096
cracker_box_yalehand0_black10_5,146,0.9044630697706122,0.3720115234206725,1.858259255945047,1.1955359206948186,0.06676812024103224,0.04295616225241361,0.9274193548387096,0.7946843853820601,-0.5324515463499397,-0.6627233352502284,MODE_3_RELOCALIZE,simple,four_mode_relocalization_v2,,0,0,0,False,1,0,0.3720115234206725,0,0,restarted_se3,1,46.78981192409992,2.8038611635565758,0,147,cache_read_only_not_online_fps,b18588ca73eff0bed9b27155081eb3c6df55568f77c0b4b80229d1c92a313cef,cached_perception_v2,1,1,1,0.4189312671050228,,1,2444.6246093139052,0,14.401014894247055,2444.6246093139052,2494.2182824015617,41.62327273753282,41.832068525256425,41.62327273753282,41.622282459391776,0.4189312671050228,36.40128427320471
cracker_box_yalehand0_black10_5,147,0.8670810449272469,0.4904724333128683,1.7770212019306666,1.2575455698778029,0.0638491991371946,0.04518419781823035,0.7946843853820601,0.7946843853820601,-0.37660861161437864,-0.5194756320528637,MODE_3_RELOCALIZE,simple,four_mode_relocalization_v2,,0,0,0,False,1,0,0.4904724333128683,0,0,restarted_se3,1,54.176101461052895,2.392551861703396,0,148,cache_read_only_not_online_fps,b18588ca73eff0bed9b27155081eb3c6df55568f77c0b4b80229d1c92a313cef,cached_perception_v2,1,1,1,0.39988637333832255,,1,2457.986976020038,0,21.715066395699978,2457.986976020038,2514.5556293427944,40.89177956925556,40.94488557933189,40.89177956925556,40.89082119848343,0.39988637333832255,37.231666975482916
cracker_box_yalehand0_black10_5,148,0.8175107358695428,0.3952689694207344,1.8111390833734224,1.2289710849653015,0.06507507050215691,0.04415750327151427,0.7946843853820601,0.7946843853820601,-0.4222417664488084,-0.582167998408121,MODE_3_RELOCALIZE,simple,four_mode_relocalization_v2,,0,0,0,False,1,0,0.3952689694207344,0,0,restarted_se3,1,54.558333940804005,2.4565160274505615,0,149,cache_read_only_not_online_fps,b18588ca73eff0bed9b27155081eb3c6df55568f77c0b4b80229d1c92a313cef,cached_perception_v2,1,1,1,0.33097789307178294,,1,2450.55906008929,0,21.035783924162388,2450.55906008929,2507.5739100575447,40.27505114510571,40.258875269409515,40.27505114510571,40.27415771557651,0.33097789307178294,38.098659750139
cracker_box_yalehand0_black10_5,149,0.8627123656533086,0.27508982999310977,1.8186678661027005,1.1980683978945255,0.0653455831708972,0.04304715533727878,0.7946843853820601,0.7946843853820601,-0.5876225356601987,-0.620599468208175,MODE_3_RELOCALIZE,simple,four_mode_relocalization_v2,,0,0,0,False,1,0,0.27508982999310977,0,0,restarted_se3,1,60.74787396937609,2.1522315219044685,0,150,cache_read_only_not_online_fps,b18588ca73eff0bed9b27155081eb3c6df55568f77c0b4b80229d1c92a313cef,cached_perception_v2,1,1,1,0.3490033999486151,,1,2430.624940432608,0,20.380647853016853,2430.624940432608,2493.5250459238887,39.68792961570982,39.72098229478716,39.68792961570982,39.687061517309736,0.3490033999486151,39.022042105435204
cracker_box_yalehand0_black10_5,150,0.8469432018244935,0.3707160217321066,1.7598182844865018,1.2107053107376897,0.06323109030403051,0.04350120549927232,0.7946843853820601,0.7946843853820601,-0.47622718009238685,-0.5491129737488121,MODE_3_RELOCALIZE,simple,four_mode_relocalization_v2,,0,0,0,False,1,0,0.3707160217321066,0,0,restarted_se3,1,55.746737867593765,2.2301673889160156,0,151,cache_read_only_not_online_fps,b18588ca73eff0bed9b27155081eb3c6df55568f77c0b4b80229d1c92a313cef,cached_perception_v2,1,1,1,0.3903447891162178,,1,2430.7740721851587,0,21.16638794541359,2430.7740721851587,2488.7509774416685,39.65860057466485,39.49973916440597,39.65860057466485,39.65782859602312,0.3903447891162178,39.65860057466485
cracker_box_yalehand0_black10_5,151,0.9461588182380178,0.48499615951669467,1.9707243915437809,1.2548727911167614,0.07080904492501094,0.04508816363294433,0.9274193548387096,0.7946843853820601,-0.46116265872132317,-0.7158516004270195,MODE_3_RELOCALIZE,simple,four_mode_relocalization_v2,,0,0,0,False,1,0,0.48499615951669467,0,0,restarted_se3,1,53.18962782621384,2.0416881889104843,0,152,cache_read_only_not_online_fps,b18588ca73eff0bed9b27155081eb3c6df55568f77c0b4b80229d1c92a313cef,cached_perception_v2,1,1,1,0.35550332217914565,,1,2445.309572853148,0,20.738258957862854,2445.309572853148,2500.5408888682723,39.401635825900705,39.42866450727154,39.401635825900705,39.40099728785319,0.35550332217914565,39.401635825900705
cracker_box_yalehand0_black10_5,152,0.7878612758518364,0.33759311350500304,1.8076162823488475,1.1972710509007456,0.06494849462118575,0.04301850628856063,0.7946843853820601,0.7946843853820601,-0.45026816234683337,-0.6103452314481019,MODE_3_RELOCALIZE,simple,four_mode_relocalization_v2,,0,0,0,False,1,0,0.33759311350500304,0,0,restarted_se3,1,46.88878729939461,2.175784669816494,0,153,cache_read_only_not_online_fps,b18588ca73eff0bed9b27155081eb3c6df55568f77c0b4b80229d1c92a313cef,cached_perception_v2,1,1,1,0.32818519085988773,,1,2428.410816937685,0,23.234625346958637,2428.410816937685,2477.475388906896,39.18477658197382,39.34912846385072,39.18477658197382,39.184285955662226,0.32818519085988773,39.18477658197382
cracker_box_yalehand0_black10_5,153,0.9139476265596987,0.3096378853345541,1.8659721340321616,1.1880853431997858,0.06704524754169136,0.04268845953415082,0.9274193548387096,0.7946843853820601,-0.6043097412251446,-0.6778867908323758,MODE_3_RELOCALIZE,simple,four_mode_relocalization_v2,,0,0,0,False,1,0,0.3096378853345541,0,0,restarted_se3,1,54.699741303920746,1.8605459481477737,0,154,cache_read_only_not_online_fps,b18588ca73eff0bed9b27155081eb3c6df55568f77c0b4b80229d1c92a313cef,cached_perception_v2,1,1,1,0.35195614592551433,,1,2443.343296647072,0,22.218686528503895,2443.343296647072,2499.9035838991404,38.99508581040787,39.25048844814727,38.99508581040787,38.994709206176466,0.35195614592551433,38.99508581040787
cracker_box_yalehand0_black10_5,154,0.885383607784764,0.3851915247193349,1.9369329388626977,1.2323771287265155,0.0695949022974354,0.04427988400965261,0.9274193548387096,0.7946843853820601,-0.5001920830654292,-0.7045558101361822,MODE_3_RELOCALIZE,simple,four_mode_relocalization_v2,,0,0,0,False,1,0,0.3851915247193349,0,0,restarted_se3,1,46.96440417319536,2.0827511325478554,0,155,cache_read_only_not_online_fps,b18588ca73eff0bed9b27155081eb3c6df55568f77c0b4b80229d1c92a313cef,cached_perception_v2,1,1,1,0.3779517755824833,,1,2445.1525947079062,0,22.457163780927658,2445.1525947079062,2494.1997500136495,39.75127100993848,39.5246838122196,39.75127100993848,39.75102628169218,0.3779517755824833,38.89240671727204
cracker_box_yalehand0_black10_5,155,0.9389475105126212,0.40844251748982824,1.8018592355325203,1.2290605615648116,0.06474164124868886,0.04416071820739351,0.7946843853820601,0.7946843853820601,-0.530504993022793,-0.5727986739677087,MODE_3_RELOCALIZE,simple,four_mode_relocalization_v2,,0,0,0,False,1,0,0.40844251748982824,0,0,restarted_se3,1,46.637640334665775,1.8510259687900543,0,156,cache_read_only_not_online_fps,b18588ca73eff0bed9b27155081eb3c6df55568f77c0b4b80229d1c92a313cef,cached_perception_v2,1,1,1,0.38349573641245227,,1,2440.3750067576766,0,23.618164472281933,2440.3750067576766,2488.8636730611324,39.84641118212255,39.88162142709504,39.84641118212255,39.84627921633078,0.38349573641245227,38.902931629139545
cracker_box_yalehand0_black10_5,156,0.8939519573278216,0.40294016496148516,1.7919297948052073,1.1668249917264093,0.06438487182037232,0.04192456520724265,0.7946843853820601,0.7946843853820601,-0.49101179236633646,-0.625104803078798,MODE_3_RELOCALIZE,simple,four_mode_relocalization_v2,,0,0,0,False,1,0,0.40294016496148516,0,0,restarted_se3,1,45.31881585717201,3.9741704240441322,0,157,cache_read_only_not_online_fps,b18588ca73eff0bed9b27155081eb3c6df55568f77c0b4b80229d1c92a313cef,cached_perception_v2,1,1,1,0.3542464267403227,,1,2459.9209604784846,0,15.451689250767231,2459.9209604784846,2509.213946759701,40.211875439337206,40.22629809953163,40.211875439337206,40.21190611011235,0.3542464267403227,38.8972664111511
cracker_box_yalehand0_black10_5,157,0.8828337713919345,0.35032156920661867,1.7877625629503617,1.1834007250722078,0.06423514123963316,0.042520139023745844,0.7946843853820601,0.7946843853820601,-0.5325122021853159,-0.6043618378781539,MODE_3_RELOCALIZE,simple,four_mode_relocalization_v2,,0,0,0,False,1,0,0.35032156920661867,0,0,restarted_se3,1,46.65227420628071,2.276216633617878,0,158,cache_read_only_not_online_fps,b18588ca73eff0bed9b27155081eb3c6df55568f77c0b4b80229d1c92a313cef,cached_perception_v2,1,1,1,0.3420301668402878,,1,2444.398006424308,0,15.453938394784927,2444.398006424308,2493.3264972642064,39.89017683513345,40.221763641386445,39.89017683513345,39.890287408426026,0.3420301668402878,38.75209003465187
cracker_box_yalehand0_black10_5,158,0.9544933669158744,0.3289399896256894,1.8323723917206718,1.1520458666756448,0.06583799315695249,0.041393544363251294,0.9274193548387096,0.7636693022333637,-0.625553377290185,-0.680326525045027,MODE_3_RELOCALIZE,simple,four_mode_relocalization_v2,,0,0,0,False,1,0,0.3289399896256894,0,0,restarted_se3,1,47.09460027515888,2.564922906458378,0,159,cache_read_only_not_online_fps,b18588ca73eff0bed9b27155081eb3c6df55568f77c0b4b80229d1c92a313cef,cached_perception_v2,1,1,1,0.37612435593191645,,1,2456.2185490503907,0,16.65941532701254,2456.2185490503907,2505.878072232008,40.24080977777225,40.24391693150211,40.24080977777225,40.15977078455429,0.37612435593191645,38.35918455245794
cracker_box_yalehand0_black10_5,159,0.8733295792758382,0.42627672148111045,1.7379198161456542,1.2104358385742857,0.0624442681409774,0.04349152323897941,0.7946843853820601,0.7946843853820601,-0.44705285779472775,-0.5274839775713684,MODE_3_RELOCALIZE,simple,four_mode_relocalization_v2,,0,0,0,False,1,0,0.42627672148111045,0,0,restarted_se3,1,38.5638615116477,2.1874001249670982,0,160,cache_read_only_not_online_fps,b18588ca73eff0bed9b27155081eb3c6df55568f77c0b4b80229d1c92a313cef,cached_perception_v2,1,1,1,0.3895310721681879,,1,2451.877967454493,0,15.162735246121883,2451.877967454493,2492.629229091108,39.93143292939049,40.10076800856474,39.93143292939049,39.931586614715606,0.3895310721681879,37.70547559870735
cracker_box_yalehand0_black10_5,160,0.9095506058614115,0.40735152213438863,1.8547274491011083,1.2034377515349082,0.06664122077677838,0.04324007871346042,0.9274193548387096,0.7946843853820601,-0.5021990837270228,-0.6512896975662001,MODE_3_RELOCALIZE,simple,four_mode_relocalization_v2,,0,0,0,False,1,0,0.40735152213438863,0,0,restarted_se3,1,46.80856689810753,2.4646595120429993,0,161,cache_read_only_not_online_fps,b18588ca73eff0bed9b27155081eb3c6df55568f77c0b4b80229d1c92a313cef,cached_perception_v2,1,1,1,0.3618410528282015,,1,2439.896329306066,0,15.465033240616322,2439.896329306066,2489.1695557162166,39.52456975882843,39.74497487360074,39.52456975882843,39.5247434907559,0.3618410528282015,36.88193724346445
cracker_box_yalehand0_black10_5,161,0.8996396888101273,0.3321811421039852,1.7720321407361506,1.2089260528324675,0.06366993984565085,0.04343727593434448,0.7946843853820601,0.7946843853820601,-0.5674585467061422,-0.5631060879036831,MODE_3_RELOCALIZE,simple,four_mode_relocalization_v2,,0,0,0,False,1,0,0.3321811421039852,0,0,restarted_se3,1,45.258467085659504,4.463206976652145,0,162,cache_read_only_not_online_fps,b18588ca73eff0bed9b27155081eb3c6df55568f77c0b4b80229d1c92a313cef,cached_perception_v2,1,1,1,0.3716421821851157,,1,2446.07085455209,0,15.569664537906647,2446.07085455209,2495.792528614402,39.46304683546944,39.41654350884824,39.46304683546944,39.4632494489716,0.3716421821851157,36.026884865428485
cracker_box_yalehand0_black10_5,162,0.8757778945972513,0.4111344155651465,1.7758182146239425,1.2205356347000131,0.06380597524317291,0.04385441361607565,0.7946843853820601,0.7946843853820601,-0.4646434790321048,-0.5552825799239294,MODE_3_RELOCALIZE,simple,four_mode_relocalization_v2,,0,0,0,False,1,0,0.4111344155651465,0,0,restarted_se3,1,43.690966442227364,2.3444369435310364,0,163,cache_read_only_not_online_fps,b18588ca73eff0bed9b27155081eb3c6df55568f77c0b4b80229d1c92a313cef,cached_perception_v2,1,1,1,0.34590817942867097,,1,2469.6387741714716,0,15.341858379542828,2469.6387741714716,2515.67417755723,39.530009915182355,39.314974532954125,39.530009915182355,39.53022776046119,0.34590817942867097,35.25703115826519
cracker_box_yalehand0_black10_5,163,0.9507010151363624,0.3033854510597526,1.9128299412755554,1.1866464486186765,0.06872887037217038,0.042636759381925925,0.9274193548387096,0.7946843853820601,-0.6473155640766097,-0.7261834926568789,MODE_3_RELOCALIZE,simple,four_mode_relocalization_v2,,0,0,0,False,1,0,0.3033854510597526,0,0,restarted_se3,1,47.14812524616718,2.0594727247953415,0,164,cache_read_only_not_online_fps,b18588ca73eff0bed9b27155081eb3c6df55568f77c0b4b80229d1c92a313cef,cached_perception_v2,1,1,1,0.41075559066375605,,1,2453.552841208875,0,21.30366489291191,2453.552841208875,2502.7604391798377,39.4328202686039,39.33717604008749,39.4328202686039,39.43319293776559,0.41075559066375605,34.6080205818889
cracker_box_yalehand0_black10_5,164,0.9137225804175589,0.4977019502017242,1.8982966663218839,1.220029256718889,0.06820668303663133,0.043836219219452605,0.9274193548387096,0.7946843853820601,-0.41602063021583474,-0.6782674096029948,MODE_3_RELOCALIZE,simple,four_mode_relocalization_v2,,0,0,0,False,1,0,0.4977019502017242,0,0,restarted_se3,1,63.88282962143421,2.312302589416504,0,165,cache_read_only_not_online_fps,b18588ca73eff0bed9b27155081eb3c6df55568f77c0b4b80229d1c92a313cef,cached_perception_v2,1,1,1,0.3315259083920464,,1,2458.554998971522,0,24.566656909883022,2458.554998971522,2524.7501311823726,39.19560850095355,39.26524877354005,39.19560850095355,39.19603189009504,0.3315259083920464,34.10930598078467
cracker_box_yalehand0_black10_5,165,0.9660356972622177,0.33482809420117066,1.8586119104535916,1.2022645215271235,0.06678079128171438,0.043197924013044134,0.9274193548387096,0.7946843853820601,-0.6312076030610471,-0.6563473889264682,MODE_3_RELOCALIZE,simple,four_mode_relocalization_v2,,0,0,0,False,1,0,0.33482809420117066,0,0,restarted_se3,1,35.48560570925474,2.2367341443896294,0,166,cache_read_only_not_online_fps,b18588ca73eff0bed9b27155081eb3c6df55568f77c0b4b80229d1c92a313cef,cached_perception_v2,1,1,1,0.3911783430064671,,1,2469.861532561481,0,20.73848433792591,2469.861532561481,2507.5838724151254,39.077112995911364,39.055107892297265,39.077112995911364,39.07759594307657,0.3911783430064671,33.737626130135986
cracker_box_yalehand0_black10_5,166,0.9380312055259148,0.44796454831643384,1.8822572943475788,1.2019233109850578,0.06763038093392693,0.043185664159405696,0.9274193548387096,0.7946843853820601,-0.49006665720948095,-0.680333983362521,MODE_3_RELOCALIZE,simple,four_mode_relocalization_v2,,0,0,0,False,1,0,0.44796454831643384,0,0,restarted_se3,1,58.89357812702656,2.7832314372062683,0,167,cache_read_only_not_online_fps,b18588ca73eff0bed9b27155081eb3c6df55568f77c0b4b80229d1c92a313cef,cached_perception_v2,1,1,1,0.31011397438013477,,1,2460.830068215728,0,28.784879483282566,2460.830068215728,2522.5068777799606,38.82230363336057,38.79202250699482,38.82230363336057,38.82285442624674,0.31011397438013477,33.55911238816737
cracker_box_yalehand0_black10_5,167,0.9440626706862665,0.2567720151561355,1.8412729405741999,1.197178200140344,0.06615779402120882,0.04301517011750962,0.9274193548387096,0.7946843853820601,-0.687290655530131,-0.644094740433856,MODE_3_RELOCALIZE,simple,four_mode_relocalization_v2,,0,0,0,False,1,0,0.2567720151561355,0,0,restarted_se3,1,46.14644218236208,2.137315459549427,0,168,cache_read_only_not_online_fps,b18588ca73eff0bed9b27155081eb3c6df55568f77c0b4b80229d1c92a313cef,cached_perception_v2,1,1,1,0.3883534635921147,,1,2467.2283744439483,0,21.662525832653046,2467.2283744439483,2515.51213208586,38.90327167277035,38.67566284353538,38.90327167277035,38.903864560312314,0.3883534635921147,33.5296688295848
cracker_box_yalehand0_black10_5,168,0.796517960212151,0.515757268467421,1.6053859899901144,1.2080100240340677,0.05768226606164062,0.04340436259313005,0.7946843853820601,0.7946843853820601,-0.28076069174473006,-0.39737596595604674,MODE_3_RELOCALIZE,simple,four_mode_relocalization_v2,,0,0,0,False,1,0,0.515757268467421,0,0,restarted_se3,1,62.50302400439978,2.0954515784978867,0,169,cache_read_only_not_online_fps,b18588ca73eff0bed9b27155081eb3c6df55568f77c0b4b80229d1c92a313cef,cached_perception_v2,1,1,1,0.3576846638256746,,1,2466.516910120845,0,21.324940025806427,2466.516910120845,2531.1153857037425,38.39698626461112,38.4827885535019,38.39698626461112,38.397573361845645,0.3576846638256746,33.66293148087669
cracker_box_yalehand0_black10_5,169,0.9791365095827986,0.4767687968308859,1.7871968073160174,1.172735226157407,0.06421481337628465,0.04213692268205629,0.7946843853820601,0.7946843853820601,-0.5023677127519127,-0.6144615811586103,MODE_3_RELOCALIZE,simple,four_mode_relocalization_v2,,0,0,0,False,1,0,0.4767687968308859,0,0,restarted_se3,1,32.9418545588851,3.4644026309251785,0,170,cache_read_only_not_online_fps,b18588ca73eff0bed9b27155081eb3c6df55568f77c0b4b80229d1c92a313cef,cached_perception_v2,1,1,1,0.3852220872926662,,1,2463.092719204724,0,20.602365024387836,2463.092719204724,2499.498976394534,38.25722330736489,38.28630621737692,38.25722330736489,38.2577865764218,0.3852220872926662,33.941287161087956
cracker_box_yalehand0_black10_5,170,0.9157718307187649,0.44741084936733583,1.8956156924625538,1.2034624447490063,0.06811035439764829,0.04324096595213972,0.9274193548387096,0.7946843853820601,-0.46836098135142906,-0.6921532477135475,MODE_3_RELOCALIZE,simple,four_mode_relocalization_v2,,0,0,0,False,1,0,0.44741084936733583,0,0,restarted_se3,1,44.282312504947186,2.019123174250126,0,171,cache_read_only_not_online_fps,b18588ca73eff0bed9b27155081eb3c6df55568f77c0b4b80229d1c92a313cef,cached_perception_v2,1,1,1,0.3271157905695223,,1,2456.653816625476,0,21.539021283388138,2456.653816625476,2502.955252304673,38.08344916756118,38.07546357746304,38.08344916756118,38.084046468967884,0.3271157905695223,34.28760963765893
cracker_box_yalehand0_black10_5,171,0.9504087829176312,0.2922322064945022,1.8265530818948006,1.1834675226921076,0.06562890264553406,0.04252253909332871,0.7946843853820601,0.7946843853820601,-0.658176576423129,-0.643085559202693,MODE_3_RELOCALIZE,simple,four_mode_relocalization_v2,,0,0,0,False,1,0,0.2922322064945022,0,0,restarted_se3,1,48.35182894021273,2.2820932790637016,0,172,cache_read_only_not_online_fps,b18588ca73eff0bed9b27155081eb3c6df55568f77c0b4b80229d1c92a313cef,cached_perception_v2,1,1,1,0.3483750690975952,,1,2468.3186691254377,0,20.596250891685486,2468.3186691254377,2518.952591344714,38.151101290031804,38.008256796082605,38.151101290031804,38.15175436661457,0.3483750690975952,34.624337174582514
cracker_box_yalehand0_black10_5,172,0.9582227623435648,0.39357083959097167,1.8123762845062152,1.1639854872328552,0.06511952371487864,0.041822540488762695,0.7946843853820601,0.7946843853820601,-0.5646519227525932,-0.64839079727336,MODE_3_RELOCALIZE,simple,four_mode_relocalization_v2,,0,0,0,False,1,0,0.39357083959097167,0,0,restarted_se3,1,46.20848223567009,3.044581040740013,0,173,cache_read_only_not_online_fps,b18588ca73eff0bed9b27155081eb3c6df55568f77c0b4b80229d1c92a313cef,cached_perception_v2,1,1,1,0.33037661657983064,,1,2473.485275171697,0,23.15593510866165,2473.485275171697,2522.7383384481072,37.842000888382614,37.89542399704243,37.842000888382614,37.84263975069287,0.33037661657983064,34.82781060372327
cracker_box_yalehand0_black10_5,173,0.9215838819375763,0.3403043798571213,1.8530182870703993,1.17965110310486,0.06657980978925729,0.042385413360696754,0.9274193548387096,0.7946843853820601,-0.5812795020804551,-0.6733671839655393,MODE_3_RELOCALIZE,simple,four_mode_relocalization_v2,,0,0,0,False,1,0,0.3403043798571213,0,0,restarted_se3,1,47.56172001361847,2.1647000685334206,0,174,cache_read_only_not_online_fps,b18588ca73eff0bed9b27155081eb3c6df55568f77c0b4b80229d1c92a313cef,cached_perception_v2,1,1,1,0.3480307835029354,,1,2459.1633584350348,0,20.740377716720104,2459.1633584350348,2508.8897785171866,37.4428461096182,37.600497866448954,37.4428461096182,37.44349724860104,0.3480307835029354,34.7311335451862
cracker_box_yalehand0_black10_5,174,0.7859773907097705,0.42456171954234284,1.7283230052249008,1.2229570855203058,0.06209945025647751,0.043941417471436414,0.7946843853820601,0.7946843853820601,-0.3614156711674276,-0.505365919704595,MODE_3_RELOCALIZE,simple,four_mode_relocalization_v2,,0,0,0,False,1,0,0.42456171954234284,0,0,restarted_se3,1,47.115035355091095,2.57806945592165,0,175,cache_read_only_not_online_fps,b18588ca73eff0bed9b27155081eb3c6df55568f77c0b4b80229d1c92a313cef,cached_perception_v2,1,1,1,0.33690597962440766,,1,2461.684104986489,0,21.19429036974907,2461.684104986489,2511.3772097975016,37.485452381643206,37.407744509553694,37.485452381643206,37.486154974952896,0.33690597962440766,34.33388014014715
cracker_box_yalehand0_black10_5,175,0.9067505023858002,0.4314508420467657,1.8083418519872025,1.1930844775151364,0.06497456467610513,0.04286808075761603,0.7946843853820601,0.7946843853820601,-0.47529966033903454,-0.6152573744720662,MODE_3_RELOCALIZE,simple,four_mode_relocalization_v2,,0,0,0,False,1,0,0.4314508420467657,0,0,restarted_se3,1,53.53983398526907,4.485362209379673,0,176,cache_read_only_not_online_fps,b18588ca73eff0bed9b27155081eb3c6df55568f77c0b4b80229d1c92a313cef,cached_perception_v2,1,1,1,0.4023739381647646,,1,2468.9686773344874,0,24.817063473165035,2468.9686773344874,2526.993873529136,37.25807853193639,37.22504639394011,37.25807853193639,37.2588367819346,0.4023739381647646,33.62089029283803
cracker_box_yalehand0_black10_5,176,0.8938557993170353,0.4748442995504135,1.779665132053597,1.179091302792446,0.06394419677748184,0.04236529947483791,0.7946843853820601,0.7946843853820601,-0.4190114997666218,-0.6005738292611511,MODE_3_RELOCALIZE,simple,four_mode_relocalization_v2,,0,0,0,False,1,0,0.4748442995504135,0,0,restarted_se3,1,49.545993097126484,2.534850500524044,0,177,cache_read_only_not_online_fps,b18588ca73eff0bed9b27155081eb3c6df55568f77c0b4b80229d1c92a313cef,cached_perception_v2,1,1,1,0.43707862838733863,,1,2463.158369064331,0,23.046155460178852,2463.158369064331,2515.2392126619816,37.144464043959665,37.00935445271392,37.144464043959665,37.14531386094569,0.43707862838733863,32.591619344327114
cracker_box_yalehand0_black10_5,177,0.843955889346885,0.4471147127536277,1.6950901517485064,1.1900354904513875,0.06090537835840102,0.04275852923285733,0.7946843853820601,0.7946843853820601,-0.39684117659325735,-0.505054661297119,MODE_3_RELOCALIZE,simple,four_mode_relocalization_v2,,0,0,0,False,1,0,0.4471147127536277,0,0,restarted_se3,1,49.81047660112381,2.7263332158327103,0,178,cache_read_only_not_online_fps,b18588ca73eff0bed9b27155081eb3c6df55568f77c0b4b80229d1c92a313cef,cached_perception_v2,1,1,1,0.4463960538108753,,1,2473.4477680176497,0,26.01629588752985,2473.4477680176497,2525.984577834606,37.071639698109905,37.00971409164821,37.071639698109905,37.07262550929663,0.4463960538108753,31.63886543791019
cracker_box_yalehand0_black10_5,178,0.8922346379652377,0.4446060316080063,1.731650258080563,1.1771967727992023,0.06221900000069563,0.04229722813011868,0.7946843853820601,0.7946843853820601,-0.4476286063572314,-0.5544534852813607,MODE_3_RELOCALIZE,simple,four_mode_relocalization_v2,,0,0,0,False,1,0,0.4446060316080063,0,0,restarted_se3,1,46.33874259889126,2.2733062505722046,0,179,cache_read_only_not_online_fps,b18588ca73eff0bed9b27155081eb3c6df55568f77c0b4b80229d1c92a313cef,cached_perception_v2,1,1,1,0.3490121645014139,,1,2461.8279449641705,0,21.116655319929123,2461.8279449641705,2510.439993813634,37.08022718762794,37.05685455892684,37.08022718762794,37.08130081876334,0.3490121645014139,30.80907233018133
cracker_box_yalehand0_black10_5,179,0.9465951317226216,0.3158733847754827,1.764265907079905,1.2077686693309795,0.06339089545455137,0.04339569060627731,0.7946843853820601,0.7946843853820601,-0.6307217469471389,-0.5564972377489255,MODE_3_RELOCALIZE,simple,four_mode_relocalization_v2,,0,0,0,False,1,0,0.3158733847754827,0,0,restarted_se3,1,63.90936579555273,2.337138168513775,0,180,cache_read_only_not_online_fps,b18588ca73eff0bed9b27155081eb3c6df55568f77c0b4b80229d1c92a313cef,cached_perception_v2,1,1,1,0.3940019169002821,,1,2465.8950492739677,0,24.55592155456543,2465.8950492739677,2532.1415532380342,37.09173024737255,37.082833648646925,37.09173024737255,37.09285047565415,0.3940019169002821,30.130544055846777
cracker_box_yalehand0_black10_5,180,0.9894242218125997,0.4428807901531234,1.7522178125806243,1.1654721318102839,0.0629580018097977,0.04187595632058695,0.7946843853820601,0.7946843853820601,-0.5465434316594763,-0.5867456807703404,MODE_3_RELOCALIZE,simple,four_mode_relocalization_v2,,0,0,0,False,1,0,0.4428807901531234,0,0,restarted_se3,1,45.6929923966527,2.4044588208198547,0,181,cache_read_only_not_online_fps,b18588ca73eff0bed9b27155081eb3c6df55568f77c0b4b80229d1c92a313cef,cached_perception_v2,1,1,1,0.36189607993174966,,1,2465.52921179682,0,22.523258812725544,2465.52921179682,2513.6266630142927,37.05090947030414,37.0758558117854,37.05090947030414,37.05207678932841,0.36189607993174966,29.641357128388318
cracker_box_yalehand0_black10_5,181,1.0103482049910903,0.3226158843182417,1.855521617323998,1.1774175233131394,0.06666975561077845,0.04230515979886224,0.9274193548387096,0.7946843853820601,-0.6877323206728487,-0.6781040940108585,MODE_3_RELOCALIZE,simple,four_mode_relocalization_v2,,0,0,0,False,1,0,0.3226158843182417,0,0,restarted_se3,1,49.219113774597645,1.7322516068816185,0,182,cache_read_only_not_online_fps,b18588ca73eff0bed9b27155081eb3c6df55568f77c0b4b80229d1c92a313cef,cached_perception_v2,1,1,1,0.41834425304045736,,1,2464.444560930133,0,21.0444713011384,2464.444560930133,2515.395926311612,37.02913670191655,37.053757849215295,37.02913670191655,37.030393884667404,0.41834425304045736,29.35900446715507
cracker_box_yalehand0_black10_5,182,0.9432402144371725,0.4694277953245253,1.790922197350428,1.2062404307440884,0.06434866837470131,0.04334078028232758,0.7946843853820601,0.7946843853820601,-0.47381241911264727,-0.5846817666063395,MODE_3_RELOCALIZE,simple,four_mode_relocalization_v2,,0,0,0,False,1,0,0.4694277953245253,0,0,restarted_se3,1,48.524933867156506,2.079418860375881,0,183,cache_read_only_not_online_fps,b18588ca73eff0bed9b27155081eb3c6df55568f77c0b4b80229d1c92a313cef,cached_perception_v2,1,1,1,0.3604813573436911,,1,2462.6156045123935,0,22.281880490481853,2462.6156045123935,2513.219957239926,36.86664891309675,36.96512179343562,36.86664891309675,36.86797905226519,0.3604813573436911,29.284461905363546
cracker_box_yalehand0_black10_5,183,0.8629284865244615,0.34811339949371645,1.6966488013300511,1.1939918397800786,0.06096138136354752,0.04290068270624834,0.7946843853820601,0.7946843853820601,-0.5148150870307451,-0.5026569615499725,MODE_3_RELOCALIZE,simple,four_mode_relocalization_v2,,0,0,0,False,1,0,0.34811339949371645,0,0,restarted_se3,1,36.475724540650845,2.1598543971776962,0,184,cache_read_only_not_online_fps,b18588ca73eff0bed9b27155081eb3c6df55568f77c0b4b80229d1c92a313cef,cached_perception_v2,1,1,1,0.2962452151659164,,1,2464.423038996756,0,20.484996028244495,2464.423038996756,2503.0586179345846,36.8377903602296,36.84921573951101,36.8377903602296,36.83916435540275,0.2962452151659164,29.316880623079122
cracker_box_yalehand0_black10_5,184,0.993638778924566,0.23788302763579058,1.7802874716183075,1.1683869355505705,0.06396655772779294,0.041980686576060106,0.7946843853820601,0.7946843853820601,-0.7557557512887754,-0.611900536067737,MODE_3_RELOCALIZE,simple,four_mode_relocalization_v2,,0,0,0,False,1,0,0.23788302763579058,0,0,restarted_se3,1,47.59702179580927,2.3466264829039574,0,185,cache_read_only_not_online_fps,b18588ca73eff0bed9b27155081eb3c6df55568f77c0b4b80229d1c92a313cef,cached_perception_v2,1,1,1,0.42294537685583716,,1,2446.621901355684,0,22.33724854886532,2446.621901355684,2496.565549634397,37.011226291641044,36.86814118036538,37.011226291641044,37.012620371924896,0.42294537685583716,29.39131753755644
cracker_box_yalehand0_black10_5,185,0.8774268604078345,0.5282835859383227,1.6958993635268331,1.1943323639944434,0.06093445371435199,0.042912917899812934,0.7946843853820601,0.7946843853820601,-0.34914327446951177,-0.5015669995323897,MODE_3_RELOCALIZE,simple,four_mode_relocalization_v2,,0,0,0,False,1,0,0.5282835859383227,0,0,restarted_se3,1,49.05805643647909,2.548809163272381,0,186,cache_read_only_not_online_fps,b18588ca73eff0bed9b27155081eb3c6df55568f77c0b4b80229d1c92a313cef,cached_perception_v2,1,1,1,0.40025426078650295,,1,2454.504109919071,0,21.947874687612057,2454.504109919071,2506.1109755188227,37.23100215724972,37.089471273671535,37.23100215724972,37.23236384483912,0.40025426078650295,29.45495539341704
cracker_box_yalehand0_black10_5,186,0.9100758242857988,0.41025345680292646,1.765854432189922,1.1843364382791663,0.06344797190134543,0.042553759634924526,0.7946843853820601,0.7946843853820601,-0.49982236748287234,-0.5815179939107558,MODE_3_RELOCALIZE,simple,four_mode_relocalization_v2,,0,0,0,False,1,0,0.41025345680292646,0,0,restarted_se3,1,40.63351731747389,3.870442509651184,0,187,cache_read_only_not_online_fps,b18588ca73eff0bed9b27155081eb3c6df55568f77c0b4b80229d1c92a313cef,cached_perception_v2,1,1,1,0.3261064251145332,,1,2461.6739358752966,0,21.9522500410676,2461.6739358752966,2506.1778957024217,37.21413559404419,37.229524604549184,37.21413559404419,37.21542905288783,0.3261064251145332,29.27564482987199
cracker_box_yalehand0_black10_5,187,1.0096331504964493,0.2953455954054112,1.7802821891420002,1.1679146760154042,0.06396636792595979,0.04196371807108531,0.7946843853820601,0.7946843853820601,-0.7142875550910381,-0.612367513126596,MODE_3_RELOCALIZE,simple,four_mode_relocalization_v2,,0,0,0,False,1,0,0.2953455954054112,0,0,restarted_se3,1,54.67741843312979,2.4265795946121216,0,188,cache_read_only_not_online_fps,b18588ca73eff0bed9b27155081eb3c6df55568f77c0b4b80229d1c92a313cef,cached_perception_v2,1,1,1,0.4013069695160002,,1,2468.935123644769,0,12.34336942434311,2468.935123644769,2526.039121672511,37.321756884238305,37.37274892530437,37.321756884238305,37.3229899353366,0.4013069695160002,28.917726676748874
cracker_box_yalehand0_black10_5,188,1.027555473087539,0.48128443298994306,1.89504411535272,1.2258938938594954,0.06808981736597507,0.04404693836239313,0.9274193548387096,0.7946843853820601,-0.5462710400975959,-0.6691502214932246,MODE_3_RELOCALIZE,simple,four_mode_relocalization_v2,,0,0,0,False,1,0,0.48128443298994306,0,0,restarted_se3,1,43.28508488833904,2.1897228434681892,0,189,cache_read_only_not_online_fps,b18588ca73eff0bed9b27155081eb3c6df55568f77c0b4b80229d1c92a313cef,cached_perception_v2,1,1,1,0.352815786047015,,1,2457.248286344111,0,23.75588659197092,2457.248286344111,2502.723094075918,37.3858350690665,37.42687591120051,37.3858350690665,37.386998233727844,0.352815786047015,28.36759064213517
cracker_box_yalehand0_black10_5,189,0.9039257473202859,0.2919989245662446,1.7494119903101875,1.1634756441066407,0.06285718730927624,0.04180422158786324,0.7946843853820601,0.7946843853820601,-0.6119268227540413,-0.5859363462035467,MODE_3_RELOCALIZE,simple,four_mode_relocalization_v2,,0,0,0,False,1,0,0.2919989245662446,0,0,restarted_se3,1,47.43503499776125,2.4687815457582474,0,190,cache_read_only_not_online_fps,b18588ca73eff0bed9b27155081eb3c6df55568f77c0b4b80229d1c92a313cef,cached_perception_v2,1,1,1,0.363566819806417,,1,2455.69188054651,0,21.136456169188023,2455.69188054651,2505.5956970900297,37.54096715225227,37.51701250453429,37.54096715225227,37.54215979221966,0.363566819806417,27.80224777452357
cracker_box_yalehand0_black10_5,190,0.9460719524860751,0.3886194422276276,1.8244466498050431,1.1922569330975281,0.06555321755982896,0.0428383467014003,0.7946843853820601,0.7946843853820601,-0.5574525102584476,-0.632189716707515,MODE_3_RELOCALIZE,simple,four_mode_relocalization_v2,,0,0,0,False,1,0,0.3886194422276276,0,0,restarted_se3,1,46.72857094556093,3.3728890120983124,0,191,cache_read_only_not_online_fps,b18588ca73eff0bed9b27155081eb3c6df55568f77c0b4b80229d1c92a313cef,cached_perception_v2,1,1,1,0.3639200911667256,,1,2461.140220053494,0,24.32650327682495,2461.140220053494,2511.241680011153,37.50833551132281,37.54387928208327,37.50833551132281,37.50951401486513,0.3639200911667256,27.288419747155523
cracker_box_yalehand0_black10_5,191,0.9657983463028277,0.3775670816439858,1.7018776249664316,1.1721147578162605,0.0611492554312569,0.04211462896567904,0.7946843853820601,0.7946843853820601,-0.5882312646588419,-0.5297628671501711,MODE_3_RELOCALIZE,simple,four_mode_relocalization_v2,,0,0,0,False,1,0,0.3775670816439858,0,0,restarted_se3,1,46.4311670511961,2.558221109211445,0,192,cache_read_only_not_online_fps,b18588ca73eff0bed9b27155081eb3c6df55568f77c0b4b80229d1c92a313cef,cached_perception_v2,1,1,1,0.37461011016871515,,1,2469.3974386900663,0,21.325571462512016,2469.3974386900663,2518.386826850474,37.62262203031135,37.59924762616208,37.62262203031135,37.62384070084077,0.37461011016871515,26.92665452067909
cracker_box_yalehand0_black10_5,192,0.9753108112062316,0.3879063978893747,1.7320375432646407,1.1999796057667746,0.062232915337673146,0.04311582592595562,0.7946843853820601,0.7946843853820601,-0.587404413316857,-0.532057937497866,MODE_3_RELOCALIZE,simple,four_mode_relocalization_v2,,0,0,0,False,1,0,0.3879063978893747,0,0,restarted_se3,1,47.72915504872799,2.2973716259002686,0,193,cache_read_only_not_online_fps,b18588ca73eff0bed9b27155081eb3c6df55568f77c0b4b80229d1c92a313cef,cached_perception_v2,1,1,1,0.34146077379880474,,1,2458.2751374691725,0,24.201988242566586,2458.2751374691725,2508.3016641438007,37.762313028740806,37.7006929284034,37.762313028740806,37.76349075329216,0.34146077379880474,26.74631426608572
cracker_box_yalehand0_black10_5,193,0.9213862295757596,0.34687486828706826,1.6965833501913696,1.2163495407031382,0.06095902967366172,0.04370400530979146,0.7946843853820601,0.7946843853820601,-0.5745113612886913,-0.48023380948823147,MODE_3_RELOCALIZE,simple,four_mode_relocalization_v2,,0,0,0,False,1,0,0.34687486828706826,0,0,restarted_se3,1,47.209348529577255,2.4757934734225273,0,194,cache_read_only_not_online_fps,b18588ca73eff0bed9b27155081eb3c6df55568f77c0b4b80229d1c92a313cef,cached_perception_v2,1,1,1,0.35636907840661197,,1,2460.8036084100604,0,24.927956983447075,2460.8036084100604,2510.48875041306,38.32086129055932,38.05078503799723,38.32086129055932,38.32206846847483,0.35636907840661197,26.707882899135804
cracker_box_yalehand0_black10_5,194,0.977166167163274,0.4150053991718695,1.7335323529699074,1.171810781733665,0.06228662454634217,0.04210370696350512,0.7946843853820601,0.7946843853820601,-0.5621607679914045,-0.5617215712362424,MODE_3_RELOCALIZE,simple,four_mode_relocalization_v2,,0,0,0,False,1,0,0.4150053991718695,0,0,restarted_se3,1,47.14881908148527,2.5992076843976974,0,195,cache_read_only_not_online_fps,b18588ca73eff0bed9b27155081eb3c6df55568f77c0b4b80229d1c92a313cef,cached_perception_v2,1,1,1,0.33781350322356535,,1,2463.3408216759562,0,21.43093664199114,2463.3408216759562,2513.088848441839,38.697921948075304,38.550329786445225,38.697921948075304,38.69915827990958,0.33781350322356535,26.848713130769795
cracker_box_yalehand0_black10_5,195,1.185199438425244,0.5566236841898878,1.726133430582647,1.3659641923795385,0.06202077782015141,0.04907972940264401,0.7946843853820601,0.7946843853820601,-0.6285757542353562,-0.36016923820310853,MODE_3_RELOCALIZE,simple,four_mode_relocalization_v2,,0,0,0,False,1,0,0.5566236841898878,0,0,restarted_se3,1,49.17745105922222,2.0574694499373436,0,196,cache_read_only_not_online_fps,b18588ca73eff0bed9b27155081eb3c6df55568f77c0b4b80229d1c92a313cef,cached_perception_v2,1,1,1,0.3570156742802767,,1,2450.0593626871705,0,16.20487030595541,2450.0593626871705,2501.29428319633,38.93857602522517,38.990995883831886,38.93857602522517,38.94345401645492,0.3570156742802767,27.141742230777467
cracker_box_yalehand0_black10_5,196,0.9387146900062414,0.6055701302746014,1.721258544396021,1.2109290355810338,0.06184562088979917,0.04350924403705628,0.7946843853820601,0.7946843853820601,-0.33314455973164003,-0.5103295088149873,MODE_3_RELOCALIZE,simple,four_mode_relocalization_v2,,0,0,0,False,1,0,0.6055701302746014,0,0,restarted_se3,1,47.53587115556002,2.255406230688095,0,197,cache_read_only_not_online_fps,b18588ca73eff0bed9b27155081eb3c6df55568f77c0b4b80229d1c92a313cef,cached_perception_v2,1,1,1,0.31655106945225076,,1,2455.046461895108,0,21.004093810915947,2455.046461895108,2504.8377392813563,39.11894881320927,39.28779493934487,39.11894881320927,39.12012038435782,0.31655106945225076,27.622191782849047
cracker_box_yalehand0_black10_5,197,1.053109072619371,0.30704072047197994,1.7695157248892275,1.1454707902476842,0.0635795238526691,0.04115729880594729,0.7946843853820601,0.7272727272727273,-0.7460683521473911,-0.6240449346415433,MODE_3_RELOCALIZE,simple,four_mode_relocalization_v2,,0,0,0,False,1,0,0.30704072047197994,0,0,restarted_se3,1,47.73380700498819,2.4631423875689507,0,198,cache_read_only_not_online_fps,b18588ca73eff0bed9b27155081eb3c6df55568f77c0b4b80229d1c92a313cef,cached_perception_v2,1,1,1,0.3138712124389426,,1,2461.9094654917717,0,22.769895382225513,2461.9094654917717,2512.106414884329,39.20083554295825,39.37801828734521,39.20083554295825,39.202008420699705,0.3138712124389426,28.217510841317427
cracker_box_yalehand0_black10_5,198,1.0654786921074786,0.33305759342062236,1.760732840458932,1.1913209339068627,0.06326395072592214,0.042804715814693875,0.7946843853820601,0.7946843853820601,-0.7324210986868562,-0.5694119065520693,MODE_3_RELOCALIZE,simple,four_mode_relocalization_v2,,0,0,0,False,1,0,0.33305759342062236,0,0,restarted_se3,1,60.77207624912262,2.3731952533125877,0,199,cache_read_only_not_online_fps,b18588ca73eff0bed9b27155081eb3c6df55568f77c0b4b80229d1c92a313cef,cached_perception_v2,1,1,1,0.30921648713747024,,1,2457.552664913237,0,22.46634103357792,2457.552664913237,2520.6979364156723,39.54290067875009,39.521628890841804,39.54290067875009,39.544068409879586,0.30921648713747024,28.950351460714497
cracker_box_yalehand0_black10_5,199,1.0504720514161108,0.3292995539667895,1.7591877580378064,1.1753331861894816,0.06320843519516615,0.04223026859557616,0.7946843853820601,0.7946843853820601,-0.7211724974493212,-0.5838545718483248,MODE_3_RELOCALIZE,simple,four_mode_relocalization_v2,,0,0,0,False,1,0,0.3292995539667895,0,0,restarted_se3,1,47.43159282952547,2.5941478088498116,0,200,cache_read_only_not_online_fps,b18588ca73eff0bed9b27155081eb3c6df55568f77c0b4b80229d1c92a313cef,cached_perception_v2,1,1,1,0.3236381189012548,,1,2460.8317548409104,0,23.17055407911539,2460.8317548409104,2510.8574954792857,40.13387527500339,39.886044458739256,40.13387527500339,40.13508744128841,0.3236381189012548,29.71650037177693
cracker_box_yalehand0_black10_5,200,1.0720051231950996,0.41078779599748483,1.8681228801754772,1.202722220035776,0.0671225248519727,0.04321436933355691,0.9274193548387096,0.7946843853820601,-0.6612173271976147,-0.6654006601397013,MODE_3_RELOCALIZE,simple,four_mode_relocalization_v2,,0,0,0,False,1,0,0.41078779599748483,0,0,restarted_se3,1,47.0872838050127,2.2337716072797775,0,201,cache_read_only_not_online_fps,b18588ca73eff0bed9b27155081eb3c6df55568f77c0b4b80229d1c92a313cef,cached_perception_v2,1,1,1,0.3451117626300883,,1,2445.8428267389536,0,24.4697704911232,2445.8428267389536,2495.163882151246,40.34448602769687,40.31497134718439,40.34448602769687,40.34570971521055,0.3451117626300883,30.444448226962688
cracker_box_yalehand0_black10_5,201,1.0102142179748042,0.3668383780707829,1.7891018317841618,1.199438347663867,0.06428326179237312,0.04309637827031729,0.7946843853820601,0.7946843853820601,-0.6433758399040213,-0.5896634841202948,MODE_3_RELOCALIZE,simple,four_mode_relocalization_v2,,0,0,0,False,1,0,0.3668383780707829,0,0,restarted_se3,1,50.71252677589655,2.393352799117565,0,202,cache_read_only_not_online_fps,b18588ca73eff0bed9b27155081eb3c6df55568f77c0b4b80229d1c92a313cef,cached_perception_v2,1,1,1,0.35149159919935324,,1,2458.5677990689874,0,21.98630291968584,2458.5677990689874,2511.6736786440015,40.744915446157265,40.75790993596625,40.744915446157265,40.74611042838811,0.35149159919935324,30.994932019395865
cracker_box_yalehand0_black10_5,202,0.9669566208766881,0.4160932308851167,1.7388645951747876,1.1872936156961444,0.062478214491367735,0.04266001239632969,0.7946843853820601,0.7946843853820601,-0.5508633899915714,-0.5515709794786432,MODE_3_RELOCALIZE,simple,four_mode_relocalization_v2,,0,0,0,False,1,0,0.4160932308851167,0,0,restarted_se3,1,45.58028560131788,4.057708196341991,0,203,cache_read_only_not_online_fps,b18588ca73eff0bed9b27155081eb3c6df55568f77c0b4b80229d1c92a313cef,cached_perception_v2,1,1,1,0.37953921150258696,,1,2458.3646124228835,0,21.002032794058323,2458.3646124228835,2508.0026062205434,41.364539579771716,41.30121099901596,41.364539579771716,41.36568965008565,0.37953921150258696,31.297721250850557
cracker_box_yalehand0_black10_5,203,0.8742604631452473,0.4355281079175834,1.7592055821469161,1.1930665705730825,0.06320907562370508,0.042867437352850854,0.7946843853820601,0.7946843853820601,-0.4387323552276639,-0.5661390115738336,MODE_3_RELOCALIZE,simple,four_mode_relocalization_v2,,0,0,0,False,1,0,0.4355281079175834,0,0,restarted_se3,1,46.35025281459093,2.082919701933861,0,204,cache_read_only_not_online_fps,b18588ca73eff0bed9b27155081eb3c6df55568f77c0b4b80229d1c92a313cef,cached_perception_v2,1,1,1,0.34751709068341785,,1,2457.6967395842075,0,10.139169171452522,2457.6967395842075,2506.1299121007323,41.65793591890396,41.75483574803238,41.65793591890396,41.65895195908767,0.34751709068341785,31.271334816351136
cracker_box_yalehand0_black10_5,204,0.7829159813364888,0.33356899381707117,1.6563117315431277,1.1815097396138243,0.05951205166582753,0.04245219503581441,0.7946843853820601,0.7946843853820601,-0.4493469875194176,-0.4748019919293034,MODE_3_RELOCALIZE,simple,four_mode_relocalization_v2,,0,0,0,False,1,0,0.33356899381707117,0,0,restarted_se3,1,41.41272138804197,2.3137880489230156,0,205,cache_read_only_not_online_fps,b18588ca73eff0bed9b27155081eb3c6df55568f77c0b4b80229d1c92a313cef,cached_perception_v2,1,1,1,0.3515644075704105,,1,2463.1136246025562,0,18.538476899266243,2463.1136246025562,2506.840134039521,41.72396185336508,41.94733156916619,41.72396185336508,41.72487034251275,0.3515644075704105,30.928918899243747
cracker_box_yalehand0_black10_5,205,0.9169625790785304,0.357834741351415,1.7166628885249409,1.1773216283808723,0.06168049683468951,0.04230171424929878,0.7946843853820601,0.7946843853820601,-0.5591278377271154,-0.5393412601440686,MODE_3_RELOCALIZE,simple,four_mode_relocalization_v2,,0,0,0,False,1,0,0.357834741351415,0,0,restarted_se3,1,44.589013792574406,2.4080444127321243,0,206,cache_read_only_not_online_fps,b18588ca73eff0bed9b27155081eb3c6df55568f77c0b4b80229d1c92a313cef,cached_perception_v2,1,1,1,0.34972783679362657,,1,2453.502875752747,0,10.131384246051311,2453.502875752747,2500.4999339580536,41.876138155975056,41.95747321394111,41.876138155975056,41.87705469274629,0.34972783679362657,30.33278739560778
cracker_box_yalehand0_black10_5,206,0.8920552986466292,0.3570628183432676,1.7467510135190245,1.1882806320753814,0.06276157717426276,0.042695476354374255,0.7946843853820601,0.7946843853820601,-0.5349924803033617,-0.5584703814436431,MODE_3_RELOCALIZE,simple,four_mode_relocalization_v2,,0,0,0,False,1,0,0.3570628183432676,0,0,restarted_se3,1,45.987765304744244,2.0044995471835136,0,207,cache_read_only_not_online_fps,b18588ca73eff0bed9b27155081eb3c6df55568f77c0b4b80229d1c92a313cef,cached_perception_v2,1,1,1,0.33303271927085903,,1,2446.5498086065054,0,22.03898411244154,2446.5498086065054,2494.542073458433,42.40712428699885,42.15406256682324,42.40712428699885,42.40809422518434,0.33303271927085903,29.617913494370924
cracker_box_yalehand0_black10_5,207,0.9936706278830549,0.3382547578321049,1.6628958901069424,1.2123196306911384,0.05974862354850125,0.04355920876680053,0.7946843853820601,0.7946843853820601,-0.65541587005095,-0.45057625941580404,MODE_3_RELOCALIZE,simple,four_mode_relocalization_v2,,0,0,0,False,1,0,0.3382547578321049,0,0,restarted_se3,1,48.33173472434282,2.123466692864895,0,208,cache_read_only_not_online_fps,b18588ca73eff0bed9b27155081eb3c6df55568f77c0b4b80229d1c92a313cef,cached_perception_v2,1,1,1,0.31654835353929767,,1,2462.668123655021,0,20.438616164028645,2462.668123655021,2513.123325072229,42.81578633609375,42.59336004760359,42.81578633609375,42.81676433555814,0.31654835353929767,28.92830652375692
cracker_box_yalehand0_black10_5,208,1.0619574189594683,0.3521316198996694,1.7619892935995722,1.1793556566137693,0.06330909567224925,0.04237479783071684,0.7946843853820601,0.7946843853820601,-0.7098257990597989,-0.582633636985803,MODE_3_RELOCALIZE,simple,four_mode_relocalization_v2,,0,0,0,False,1,0,0.3521316198996694,0,0,restarted_se3,1,47.501759603619576,2.5553228333592415,0,209,cache_read_only_not_online_fps,b18588ca73eff0bed9b27155081eb3c6df55568f77c0b4b80229d1c92a313cef,cached_perception_v2,1,1,1,0.30719038631111223,,1,2460.58592107147,0,15.322739258408546,2460.58592107147,2510.6430035084486,43.23196075865561,43.1550705782193,43.23196075865561,43.23291311659518,0.30719038631111223,28.348988999344034
cracker_box_yalehand0_black10_5,209,0.8906124511110929,0.33649844255874667,1.6795608052682838,1.19779238756169,0.060347401709158484,0.04303723815751413,0.7946843853820601,0.7946843853820601,-0.5541140085523462,-0.48176841770659373,MODE_3_RELOCALIZE,simple,four_mode_relocalization_v2,,0,0,0,False,1,0,0.33649844255874667,0,0,restarted_se3,1,46.23037297278643,2.1004285663366318,0,210,cache_read_only_not_online_fps,b18588ca73eff0bed9b27155081eb3c6df55568f77c0b4b80229d1c92a313cef,cached_perception_v2,1,1,1,0.36546288768438223,,1,2444.2701814696193,0,19.800059497356415,2444.2701814696193,2492.6009830087423,43.56666721782245,43.64855819905783,43.56666721782245,43.56766392623196,0.36546288768438223,27.909045733345966
cracker_box_yalehand0_black10_5,210,0.9048201487868591,0.41551798396482814,1.7833007232790175,1.2064272985626627,0.06407482526288263,0.04334749453005153,0.7946843853820601,0.7946843853820601,-0.489302164822031,-0.5768734247163547,MODE_3_RELOCALIZE,simple,four_mode_relocalization_v2,,0,0,0,False,1,0,0.41551798396482814,0,0,restarted_se3,1,46.394772827625275,2.1174922585487366,0,211,cache_read_only_not_online_fps,b18588ca73eff0bed9b27155081eb3c6df55568f77c0b4b80229d1c92a313cef,cached_perception_v2,1,1,1,0.30017339845080976,,1,2457.3656786233187,0,20.36109659820795,2457.3656786233187,2505.8779437094927,43.86000455964554,44.00496999825813,43.86000455964554,43.861010648709794,0.30017339845080976,27.6531724266066
cracker_box_yalehand0_black10_5,211,0.9843081859774278,0.31254319216907,1.7488908348249945,1.1828747571603568,0.06283846195005184,0.04250124075179103,0.7946843853820601,0.7946843853820601,-0.6717649938083577,-0.5660160776646377,MODE_3_RELOCALIZE,simple,four_mode_relocalization_v2,,0,0,0,False,1,0,0.31254319216907,0,0,restarted_se3,1,48.798199743032455,1.7445357516407967,0,212,cache_read_only_not_online_fps,b18588ca73eff0bed9b27155081eb3c6df55568f77c0b4b80229d1c92a313cef,cached_perception_v2,1,1,1,0.31573671832702827,,1,2474.2243448272347,0,21.444163285195827,2474.2243448272347,2524.767080321908,43.8282776790952,44.099455035082165,43.8282776790952,43.82922380847962,0.31573671832702827,27.599251833660183
cracker_box_yalehand0_black10_5,212,0.9885615950571934,0.334881084597267,1.7265808457203957,1.1870410172431618,0.06203685365435985,0.04265093641630834,0.7946843853820601,0.7946843853820601,-0.6536805104599264,-0.5395398284772339,MODE_3_RELOCALIZE,simple,four_mode_relocalization_v2,,0,0,0,False,1,0,0.334881084597267,0,0,restarted_se3,1,48.949441872537136,2.252500504255295,0,213,cache_read_only_not_online_fps,b18588ca73eff0bed9b27155081eb3c6df55568f77c0b4b80229d1c92a313cef,cached_perception_v2,1,1,1,0.35962921389123376,,1,2473.6472917720675,0,23.818914778530598,2473.6472917720675,2524.84923414886,44.125830613580874,44.15775545857078,44.125830613580874,44.12677696274699,0.35962921389123376,27.691489941504933
cracker_box_yalehand0_black10_5,213,0.9193907476295816,0.415258124406284,1.7933971799292463,1.2059735135726466,0.06443759565106941,0.04333118982408543,0.7946843853820601,0.7946843853820601,-0.5041326232232977,-0.5874236663565997,MODE_3_RELOCALIZE,simple,four_mode_relocalization_v2,,0,0,0,False,1,0,0.415258124406284,0,0,restarted_se3,1,45.549831353127956,2.556893974542618,0,214,cache_read_only_not_online_fps,b18588ca73eff0bed9b27155081eb3c6df55568f77c0b4b80229d1c92a313cef,cached_perception_v2,1,1,1,0.37509117862039254,,1,2466.643899679184,0,22.916986607015133,2466.643899679184,2514.7506250068545,44.47195553457459,44.35395820739618,44.47195553457459,44.47295469587968,0.37509117862039254,27.972398785686725
cracker_box_yalehand0_black10_5,214,0.9549147840912467,0.3873997650097247,1.7757446373631014,1.1933289708695316,0.06380333157793452,0.04287686551767153,0.7946843853820601,0.7946843853820601,-0.5675150190815221,-0.5824156664935698,MODE_3_RELOCALIZE,simple,four_mode_relocalization_v2,,0,0,0,False,1,0,0.3873997650097247,0,0,restarted_se3,1,51.1775566264987,2.062477171421051,0,215,cache_read_only_not_online_fps,b18588ca73eff0bed9b27155081eb3c6df55568f77c0b4b80229d1c92a313cef,cached_perception_v2,1,1,1,0.32612126150516885,,1,2468.6321783810854,0,22.69154042005539,2468.6321783810854,2521.872212179005,44.9059465384218,44.71323953783983,44.9059465384218,44.90689123547988,0.32612126150516885,28.405217876923505
cracker_box_yalehand0_black10_5,215,0.9560532832636236,0.3342737855520477,1.785485571201106,1.1579307079793142,0.06415332786595251,0.041604989451177396,0.7946843853820601,0.7946843853820601,-0.6217794977115759,-0.6275548632217918,MODE_3_RELOCALIZE,simple,four_mode_relocalization_v2,,0,0,0,False,1,0,0.3342737855520477,0,0,restarted_se3,1,47.385891899466515,1.7157979309558868,0,216,cache_read_only_not_online_fps,b18588ca73eff0bed9b27155081eb3c6df55568f77c0b4b80229d1c92a313cef,cached_perception_v2,1,1,1,0.35164588354051407,,1,2481.199821457267,0,23.818567395210266,2481.199821457267,2530.301511287689,45.08774949069127,45.11305203406691,45.08774949069127,45.088684454378416,0.35164588354051407,28.941115340325158
cracker_box_yalehand0_black10_5,216,0.9555576965090481,0.37959104313810743,1.7780899362774687,1.184267467430692,0.06388759925986032,0.04255128148022715,0.7946843853820601,0.7946843853820601,-0.5759666533709407,-0.5938224688467768,MODE_3_RELOCALIZE,simple,four_mode_relocalization_v2,,0,0,0,False,1,0,0.37959104313810743,0,0,restarted_se3,1,46.00880853831768,1.74740981310606,0,217,cache_read_only_not_online_fps,b18588ca73eff0bed9b27155081eb3c6df55568f77c0b4b80229d1c92a313cef,cached_perception_v2,1,1,1,0.3436178602786634,,1,2481.5173046663404,0,23.03683664649725,2481.5173046663404,2529.273523017764,45.18092782987054,45.34342752203801,45.18092782987054,45.18186064254075,0.3436178602786634,29.390149768765838
cracker_box_yalehand0_black10_5,217,0.9420696120058143,0.32777688899004215,1.6670848903939168,1.191815037202631,0.05989913627914183,0.042822469176157195,0.7946843853820601,0.7946843853820601,-0.6142927230157722,-0.4752698531912858,MODE_3_RELOCALIZE,simple,four_mode_relocalization_v2,,0,0,0,False,1,0,0.32777688899004215,0,0,restarted_se3,1,51.923228427767754,2.6077432557940483,0,218,cache_read_only_not_online_fps,b18588ca73eff0bed9b27155081eb3c6df55568f77c0b4b80229d1c92a313cef,cached_perception_v2,1,1,1,0.3629628677572488,,1,2496.7982694506645,0,23.64225499331951,2496.7982694506645,2551.3292411342263,45.026022380566125,45.294235721297056,45.026022380566125,45.02689766811258,0.3629628677572488,29.643996496420588
cracker_box_yalehand0_black10_5,218,0.9053594798909581,0.4120587638562897,1.710056424871608,1.1915806504117092,0.06144312351976451,0.042814047549632736,0.7946843853820601,0.7946843853820601,-0.4933007160346684,-0.5184757744598987,MODE_3_RELOCALIZE,simple,four_mode_relocalization_v2,,0,0,0,False,1,0,0.4120587638562897,0,0,restarted_se3,1,50.92139821499586,2.7457345277071,0,219,cache_read_only_not_online_fps,b18588ca73eff0bed9b27155081eb3c6df55568f77c0b4b80229d1c92a313cef,cached_perception_v2,1,1,1,0.33773665767373967,,1,2464.8022893816233,0,22.843358106911182,2464.8022893816233,2518.4694221243262,45.45708917568301,45.32709376458223,45.45708917568301,45.45797008973943,0.33773665767373967,29.519526041120397
cracker_box_yalehand0_black10_5,219,0.9879136237974083,0.3689854703476659,1.786510283482727,1.2217343585434264,0.06419014625532032,0.04389748432187558,0.7946843853820601,0.7946843853820601,-0.6189281534497424,-0.5647759249393005,MODE_3_RELOCALIZE,simple,four_mode_relocalization_v2,,0,0,0,False,1,0,0.3689854703476659,0,0,restarted_se3,1,47.861807979643345,5.167796276509762,0,220,cache_read_only_not_online_fps,b18588ca73eff0bed9b27155081eb3c6df55568f77c0b4b80229d1c92a313cef,cached_perception_v2,1,1,1,0.3623488851748991,,1,2470.4066766425967,0,22.640714421868324,2470.4066766425967,2523.43628089875,45.53158019626059,45.422233899547656,45.53158019626059,45.58943393665814,0.3623488851748991,29.139204052685987
cracker_box_yalehand0_black10_5,220,1.024486206040979,0.3840569206152134,1.766130574090335,1.1479299613987515,0.0634578938083944,0.04124565797035476,0.7946843853820601,0.7272727272727273,-0.6404292854257656,-0.6182006126915836,MODE_3_RELOCALIZE,simple,four_mode_relocalization_v2,,0,0,0,False,1,0,0.3840569206152134,0,0,restarted_se3,1,46.81980889290571,2.2233491763472557,0,221,cache_read_only_not_online_fps,b18588ca73eff0bed9b27155081eb3c6df55568f77c0b4b80229d1c92a313cef,cached_perception_v2,1,1,1,0.36177941086038806,,1,2462.7080224454403,0,10.308408178389072,2462.7080224454403,2511.7511805146933,45.82451697969772,45.68340965243383,45.82451697969772,45.82547063008481,0.36177941086038806,28.59191954238525
cracker_box_yalehand0_black10_5,221,1.0000613451533813,0.39181124826001373,1.7821516601353151,1.1923807049024262,0.06403353888914452,0.0428427938799764,0.7946843853820601,0.7946843853820601,-0.6082500968933675,-0.5897709552328889,MODE_3_RELOCALIZE,simple,four_mode_relocalization_v2,,0,0,0,False,1,0,0.39181124826001373,0,0,restarted_se3,1,46.88569717109203,4.542076028883457,0,222,cache_read_only_not_online_fps,b18588ca73eff0bed9b27155081eb3c6df55568f77c0b4b80229d1c92a313cef,cached_perception_v2,1,1,1,0.4078133726283605,,1,2468.925449065864,0,18.503845669329166,2468.925449065864,2520.3532222658396,46.217679396452496,46.05969566537856,46.217679396452496,46.21865589927132,0.4078133726283605,28.08060685281339
cracker_box_yalehand0_black10_5,222,0.8503586875456943,0.45690870755011415,1.7041360995989991,1.1933330603548298,0.06123040347631367,0.04287701245478229,0.7946843853820601,0.7946843853820601,-0.3934499799955802,-0.5108030392441694,MODE_3_RELOCALIZE,simple,four_mode_relocalization_v2,,0,0,0,False,1,0,0.45690870755011415,0,0,restarted_se3,1,45.36068718880415,2.3236824199557304,0,223,cache_read_only_not_online_fps,b18588ca73eff0bed9b27155081eb3c6df55568f77c0b4b80229d1c92a313cef,cached_perception_v2,1,1,1,0.3499848286529416,,1,2469.7906794026494,0,21.352576091885567,2469.7906794026494,2517.4750490114093,46.107993811504144,46.259380722395264,46.107993811504144,46.10901780530931,0.3499848286529416,27.757451361993567
cracker_box_yalehand0_black10_5,223,0.9147403283132427,0.3852159300083442,1.802024625001218,1.1710942746450983,0.06474758376930179,0.04207796253021901,0.7946843853820601,0.7946843853820601,-0.5295243983048985,-0.6309303503561197,MODE_3_RELOCALIZE,simple,four_mode_relocalization_v2,,0,0,0,False,1,0,0.3852159300083442,0,0,restarted_se3,1,51.48409307003021,1.854664646089077,0,224,cache_read_only_not_online_fps,b18588ca73eff0bed9b27155081eb3c6df55568f77c0b4b80229d1c92a313cef,cached_perception_v2,1,1,1,0.3896125623412065,,1,2466.834514401853,0,21.20351791381836,2466.834514401853,2520.1732721179724,46.01515707651132,46.18372710330632,46.01515707651132,46.016263855309525,0.3896125623412065,27.5824722289159
cracker_box_yalehand0_black10_5,224,0.9205899794293312,0.4569773143049465,1.6896169736446869,1.2194404689932004,0.06070872452090914,0.04381506380233874,0.7946843853820601,0.7946843853820601,-0.4636126651243847,-0.4701765046514865,MODE_3_RELOCALIZE,simple,four_mode_relocalization_v2,,0,0,0,False,1,0,0.4569773143049465,0,0,restarted_se3,1,45.78259214758873,2.2288914769887924,0,225,cache_read_only_not_online_fps,b18588ca73eff0bed9b27155081eb3c6df55568f77c0b4b80229d1c92a313cef,cached_perception_v2,1,1,1,0.4454100917550479,,1,2481.3121082261205,0,21.53395488858223,2481.3121082261205,2529.323591850698,45.44914609674633,45.78121083383005,45.44914609674633,45.4501535837049,0.4454100917550479,27.633729514517142
cracker_box_yalehand0_black10_5,225,0.8394731707360003,0.5142652375740641,1.71658449018739,1.2162781569026622,0.061677679945920334,0.043701440456605234,0.7946843853820601,0.7946843853820601,-0.3252079331619362,-0.5003063332847277,MODE_3_RELOCALIZE,simple,four_mode_relocalization_v2,,0,0,0,False,1,0,0.5142652375740641,0,0,restarted_se3,1,45.60231603682041,1.7886320129036903,0,226,cache_read_only_not_online_fps,b18588ca73eff0bed9b27155081eb3c6df55568f77c0b4b80229d1c92a313cef,cached_perception_v2,1,1,1,0.4063446642715604,,1,2458.807540126145,0,20.760616287589073,2458.807540126145,2506.198488175869,45.491661635361595,45.4991364331623,45.491661635361595,45.49267553671384,0.4063446642715604,27.883240418074656
cracker_box_yalehand0_black10_5,226,0.918021455559084,0.6104254982646878,1.726869733539433,1.1941005567102072,0.06204723352819927,0.04290458895616467,0.7946843853820601,0.7946843853820601,-0.30759595729439615,-0.5327691768292258,MODE_3_RELOCALIZE,simple,four_mode_relocalization_v2,,0,0,0,False,1,0,0.6104254982646878,0,0,restarted_se3,1,45.721967704594135,2.3017767816781998,0,227,cache_read_only_not_online_fps,b18588ca73eff0bed9b27155081eb3c6df55568f77c0b4b80229d1c92a313cef,cached_perception_v2,1,1,1,0.6987462040646607,,1,2450.409984216094,0,20.83795517683029,2450.409984216094,2498.4337287023664,45.537009305205636,45.26085509894498,45.537009305205636,45.53803444508249,0.6987462040646607,27.784497155193975
cracker_box_yalehand0_black10_5,227,0.8673631487256809,0.7471717210312908,1.7002120817471988,1.1898334530696584,0.061089411687940354,0.042751269935666525,0.7946843853820601,0.7946843853820601,-0.12019142769439006,-0.5103786286775405,MODE_3_RELOCALIZE,simple,four_mode_relocalization_v2,,0,0,0,False,1,0,0.7471717210312908,0,0,restarted_se3,1,47.03205730766058,1.921466551721096,0,228,cache_read_only_not_online_fps,b18588ca73eff0bed9b27155081eb3c6df55568f77c0b4b80229d1c92a313cef,cached_perception_v2,1,1,1,0.7045815882174657,,1,2461.2516090273857,0,22.103482857346535,2461.2516090273857,2510.2051328867674,45.24399223347133,45.39580262662155,45.24399223347133,45.24491229113485,0.7045815882174657,28.309229134037768
cracker_box_yalehand0_black10_5,228,0.9172402183388382,0.5331566307385427,1.6679206917686724,1.176658998621376,0.05992916701167217,0.04227790565353057,0.7946843853820601,0.7946843853820601,-0.3840835876002955,-0.4912616931472964,MODE_3_RELOCALIZE,simple,four_mode_relocalization_v2,,0,0,0,False,1,0,0.5331566307385427,0,0,restarted_se3,1,46.81695997714996,2.54784245043993,0,229,cache_read_only_not_online_fps,b18588ca73eff0bed9b27155081eb3c6df55568f77c0b4b80229d1c92a313cef,cached_perception_v2,1,1,1,0.6257364919539866,,1,2473.745453171432,0,21.761545911431313,2473.745453171432,2523.110255599022,45.54478675645901,45.638958406401194,45.54478675645901,45.54570724796776,0.6257364919539866,29.279627025019185
cracker_box_yalehand0_black10_5,229,0.7912410032984932,0.7074693142199934,1.6374848989383337,1.229149275293186,0.05883559480487387,0.04416390573295765,0.7946843853820601,0.7946843853820601,-0.08377168907849986,-0.40833562364514764,MODE_3_RELOCALIZE,simple,four_mode_relocalization_v2,,0,0,0,False,1,0,0.7074693142199934,0,0,restarted_se3,1,47.07363061606884,1.6205068677663803,0,230,cache_read_only_not_online_fps,b18588ca73eff0bed9b27155081eb3c6df55568f77c0b4b80229d1c92a313cef,cached_perception_v2,1,1,1,0.5681314163235733,,1,2467.420779168606,0,22.045575082302094,2467.420779168606,2516.114916652441,45.119167293779725,45.52062432420675,45.119167293779725,45.119982852238586,0.5681314163235733,30.166178471147436
cracker_box_yalehand0_black10_5,230,0.9664788318562446,0.5127325770812702,1.71172023421038,1.220836264553745,0.06150290496394884,0.04386521538668854,0.7946843853820601,0.7946843853820601,-0.45374625477497443,-0.49088396965663517,MODE_3_RELOCALIZE,simple,four_mode_relocalization_v2,,0,0,0,False,1,0,0.5127325770812702,0,0,restarted_se3,1,45.81024404615164,1.9351225346326828,0,231,cache_read_only_not_online_fps,b18588ca73eff0bed9b27155081eb3c6df55568f77c0b4b80229d1c92a313cef,cached_perception_v2,1,1,1,0.5285133069778816,,1,2457.0504687726498,0,21.115513518452644,2457.0504687726498,2504.795835353434,44.744127521881,45.09520786770102,44.744127521881,44.74490071579024,0.5285133069778816,31.075209147885985
cracker_box_yalehand0_black10_5,231,0.8462807649906599,0.4916982000402962,1.7019964782474115,1.1685109052689806,0.06115352588497864,0.041985140865760835,0.7946843853820601,0.7946843853820601,-0.35458256495036367,-0.5334855729784309,MODE_3_RELOCALIZE,simple,four_mode_relocalization_v2,,0,0,0,False,1,0,0.4916982000402962,0,0,restarted_se3,1,46.45106848329306,1.9115321338176727,0,232,cache_read_only_not_online_fps,b18588ca73eff0bed9b27155081eb3c6df55568f77c0b4b80229d1c92a313cef,cached_perception_v2,1,1,1,0.5066387976802514,,1,2461.027465760708,0,21.901501342654228,2461.027465760708,2509.3900663778186,45.189709548870084,44.97528457541884,45.189709548870084,45.190537533011906,0.5066387976802514,31.892235616817715
cracker_box_yalehand0_black10_5,232,0.9730528070433018,0.5025959047638289,1.7396747725945385,1.2022107404234836,0.06250732454326466,0.04319599163295076,0.7946843853820601,0.7946843853820601,-0.4704569022794729,-0.5374640321710549,MODE_3_RELOCALIZE,simple,four_mode_relocalization_v2,,0,0,0,False,1,0,0.5025959047638289,0,0,restarted_se3,1,38.847596384584904,2.3345090448856354,0,233,cache_read_only_not_online_fps,b18588ca73eff0bed9b27155081eb3c6df55568f77c0b4b80229d1c92a313cef,cached_perception_v2,1,1,1,0.6059769568244537,,1,2467.5618652254343,0,21.412767469882965,2467.5618652254343,2508.743970654905,45.72111231164849,45.379838292035615,45.72111231164849,45.72190504364062,0.6059769568244537,32.59184820998088
cracker_box_yalehand0_black10_5,233,0.8767858444445797,0.7091127042714559,1.7192539379385043,1.2125000393500454,0.061773594446468814,0.043565690933910356,0.7946843853820601,0.7946843853820601,-0.16767314017312385,-0.506753898588459,MODE_3_RELOCALIZE,simple,four_mode_relocalization_v2,,0,0,0,False,1,0,0.7091127042714559,0,0,restarted_se3,1,38.34287449717522,3.202643245458603,0,234,cache_read_only_not_online_fps,b18588ca73eff0bed9b27155081eb3c6df55568f77c0b4b80229d1c92a313cef,cached_perception_v2,1,1,1,0.5299267769426903,,1,2462.83839084208,0,23.188683204352856,2462.83839084208,2504.383908584714,45.747035102884844,45.759900631892606,45.747035102884844,45.74772240810509,0.5299267769426903,32.867337483978886
cracker_box_yalehand0_black10_5,234,0.9669125206463449,0.48687808541016014,1.751929626235521,1.2052193892184488,0.06294764714024333,0.04330409378493122,0.7946843853820601,0.7946843853820601,-0.4800344352361848,-0.5467102370170722,MODE_3_RELOCALIZE,simple,four_mode_relocalization_v2,,0,0,0,False,1,0,0.48687808541016014,0,0,restarted_se3,1,38.20681292563677,1.796836033463478,0,235,cache_read_only_not_online_fps,b18588ca73eff0bed9b27155081eb3c6df55568f77c0b4b80229d1c92a313cef,cached_perception_v2,1,1,1,0.5638061626854788,,1,2467.149415053427,0,21.06559555977583,2467.149415053427,2507.1530640125275,45.89780658146238,46.016952846858814,45.89780658146238,45.89839512311657,0.5638061626854788,32.7784465085184
cracker_box_yalehand0_black10_5,235,0.920195674307777,0.6134295151437981,1.7455592809057587,1.2311721553341184,0.06271875766661703,0.044236588754648004,0.7946843853820601,0.7946843853820601,-0.306766159163979,-0.5143871255716403,MODE_3_RELOCALIZE,simple,four_mode_relocalization_v2,,0,0,0,False,1,0,0.6134295151437981,0,0,restarted_se3,1,42.15072002261877,2.3011937737464905,0,236,cache_read_only_not_online_fps,b18588ca73eff0bed9b27155081eb3c6df55568f77c0b4b80229d1c92a313cef,cached_perception_v2,1,1,1,0.5430743838147176,,1,2469.702281989157,0,20.411797799170017,2469.702281989157,2514.1541957855225,45.4168920384557,45.83900762424596,45.4168920384557,45.41740572109526,0.5430743838147176,32.409573140209005
cracker_box_yalehand0_black10_5,236,0.8712315501815608,0.5404950756261734,1.713205861664346,1.1886596789131214,0.06155628425005353,0.042709095683732226,0.7946843853820601,0.7946843853820601,-0.33073647455538746,-0.5245461827512246,MODE_3_RELOCALIZE,simple,four_mode_relocalization_v2,,0,0,0,False,1,0,0.5404950756261734,0,0,restarted_se3,1,44.29119825363159,2.1201251074671745,0,237,cache_read_only_not_online_fps,b18588ca73eff0bed9b27155081eb3c6df55568f77c0b4b80229d1c92a313cef,cached_perception_v2,1,1,1,0.5472246860723077,,1,2456.1700904741883,0,20.724055357277393,2456.1700904741883,2502.581413835287,45.752884059557694,45.72128435440595,45.752884059557694,45.75347022250816,0.5472246860723077,31.880694472032612
cracker_box_yalehand0_black10_5,237,1.0677544063841187,0.5985739891236331,1.7411341725105534,1.170192604226644,0.06255976146171965,0.042045565092281044,0.7946843853820601,0.7946843853820601,-0.46918041726048554,-0.5709415682839094,MODE_3_RELOCALIZE,simple,four_mode_relocalization_v2,,0,0,0,False,1,0,0.5985739891236331,0,0,restarted_se3,1,44.431956484913826,3.8625644519925117,0,238,cache_read_only_not_online_fps,b18588ca73eff0bed9b27155081eb3c6df55568f77c0b4b80229d1c92a313cef,cached_perception_v2,1,1,1,0.5216372233176261,,1,2463.4402552619576,0,22.694913670420647,2463.4402552619576,2511.734776198864,45.80668500823919,45.75400539968291,45.80668500823919,45.8070952432135,0.5216372233176261,31.473588831592775
cracker_box_yalehand0_black10_5,238,0.7902301302418995,0.5453440043078713,1.5875757522626912,1.213498262443888,0.05704233592794073,0.04360155755442836,0.7946843853820601,0.7946843853820601,-0.24488612593402814,-0.3740774898188033,MODE_3_RELOCALIZE,simple,four_mode_relocalization_v2,,0,0,0,False,1,0,0.5453440043078713,0,0,restarted_se3,1,44.17178872972727,1.9854186102747917,0,239,cache_read_only_not_online_fps,b18588ca73eff0bed9b27155081eb3c6df55568f77c0b4b80229d1c92a313cef,cached_perception_v2,1,1,1,0.45529327687443544,,1,2470.086040906608,0,20.244982093572617,2470.086040906608,2516.24324824661,45.70655804031741,45.70191122119711,45.70655804031741,45.70702616093315,0.45529327687443544,31.081594699904663
cracker_box_yalehand0_black10_5,239,0.7062897198574937,0.47472241266665066,1.6771560117899755,1.2183305775991495,0.0602609963598506,0.043775184887803326,0.7946843853820601,0.7946843853820601,-0.231567307190843,-0.458825434190826,MODE_3_RELOCALIZE,simple,four_mode_relocalization_v2,,0,0,0,False,1,0,0.47472241266665066,0,0,restarted_se3,1,46.49882484227419,4.366451874375343,0,240,cache_read_only_not_online_fps,b18588ca73eff0bed9b27155081eb3c6df55568f77c0b4b80229d1c92a313cef,cached_perception_v2,1,1,1,0.47624130851528407,,1,2458.5263803601265,0,20.668378099799156,2458.5263803601265,2509.391657076776,45.70145147676947,45.61435623928132,45.70145147676947,45.70194517991937,0.47624130851528407,30.67753433927959
cracker_box_yalehand0_black10_5,240,0.9095825967617256,0.6614228864169472,1.7674505385454247,1.2133449438954513,0.0635053207458195,0.043596048747600445,0.7946843853820601,0.7946843853820601,-0.24815971034477835,-0.5541055946499733,MODE_3_RELOCALIZE,simple,four_mode_relocalization_v2,,0,0,0,False,1,0,0.6614228864169472,0,0,restarted_se3,1,45.788937248289585,2.0113950595259666,0,241,cache_read_only_not_online_fps,b18588ca73eff0bed9b27155081eb3c6df55568f77c0b4b80229d1c92a313cef,cached_perception_v2,1,1,1,0.7817324994344576,,1,2469.3009136244655,0,20.76108753681183,2469.3009136244655,2517.101245932281,45.43933478727282,45.48543946716794,45.43933478727282,45.46980057585,0.7817324994344576,30.393092286894795
cracker_box_yalehand0_black10_5,241,0.9884685594222999,0.9137127661882285,1.691985171247919,1.213209957017399,0.060793814963387094,0.04359119860622436,0.7946843853820601,0.7946843853820601,-0.07475579323407144,-0.47877521423051994,MODE_3_RELOCALIZE,simple,four_mode_relocalization_v2,,0,0,0,False,1,0,0.9137127661882285,0,0,restarted_se3,1,46.02771531790495,4.445750266313553,0,242,cache_read_only_not_online_fps,b18588ca73eff0bed9b27155081eb3c6df55568f77c0b4b80229d1c92a313cef,cached_perception_v2,1,1,1,0.7080908354082858,,1,2462.350127287209,0,25.801334530115128,2462.350127287209,2512.8235928714275,45.23232656476765,45.348103634210744,45.23232656476765,45.23275308913996,0.7080908354082858,30.47331192686168
cracker_box_yalehand0_black10_5,242,0.8419188472689592,0.42666433992968633,1.6646711712331321,1.1711333884389072,0.05981241022590693,0.04207936790704131,0.7946843853820601,0.7946843853820601,-0.4152545073392728,-0.4935377827942249,MODE_3_RELOCALIZE,simple,four_mode_relocalization_v2,,0,0,0,False,1,0,0.42666433992968633,0,0,restarted_se3,1,44.14023086428642,4.397066310048103,0,243,cache_read_only_not_online_fps,b18588ca73eff0bed9b27155081eb3c6df55568f77c0b4b80229d1c92a313cef,cached_perception_v2,1,1,1,0.5054332594549658,,1,2482.0430586114526,0,21.037662401795387,2482.0430586114526,2530.580355785787,45.57626709203658,45.48383540904851,45.57626709203658,45.576707811502,0.5054332594549658,30.918700694310612
cracker_box_yalehand0_black10_5,243,0.726940674014621,0.5227739244659466,1.683783475382398,1.217291562826021,0.06049912421236431,0.04373785260325664,0.7946843853820601,0.7946843853820601,-0.20416674954867442,-0.4664919125563769,MODE_3_RELOCALIZE,simple,four_mode_relocalization_v2,,0,0,0,False,1,0,0.5227739244659466,0,0,restarted_se3,1,45.75307108461857,1.9573792815208435,0,244,cache_read_only_not_online_fps,b18588ca73eff0bed9b27155081eb3c6df55568f77c0b4b80229d1c92a313cef,cached_perception_v2,1,1,1,0.489093856217039,,1,2467.379945330322,0,19.463347271084785,2467.379945330322,2515.090395696461,45.73052101023883,45.60480659216322,45.73052101023883,45.730970966281575,0.489093856217039,31.353698808116054
cracker_box_yalehand0_black10_5,244,0.9255451879259259,0.5194239633531145,1.6551382984034995,1.211232914252604,0.059469889666789524,0.043520162539206694,0.7946843853820601,0.7946843853820601,-0.4061212245728114,-0.44390538415089553,MODE_3_RELOCALIZE,simple,four_mode_relocalization_v2,,0,0,0,False,1,0,0.5194239633531145,0,0,restarted_se3,1,48.051618970930576,1.9843056797981262,0,245,cache_read_only_not_online_fps,b18588ca73eff0bed9b27155081eb3c6df55568f77c0b4b80229d1c92a313cef,cached_perception_v2,1,1,1,0.4781377824250908,,1,2461.6521671414375,0,22.12580479681492,2461.6521671414375,2511.6880917921662,45.46626015212291,45.58752807524142,45.46626015212291,45.46649932749938,0.4781377824250908,31.936858807400426
cracker_box_yalehand0_black10_5,245,0.8554887502303774,0.4393861833042293,1.744513047443857,1.218130961026738,0.06268116601122181,0.04376801257141838,0.7946843853820601,0.7946843853820601,-0.4161025669261481,-0.5263820864171191,MODE_3_RELOCALIZE,simple,four_mode_relocalization_v2,,0,0,0,False,1,0,0.4393861833042293,0,0,restarted_se3,1,47.81292472034693,2.115369774401188,0,246,cache_read_only_not_online_fps,b18588ca73eff0bed9b27155081eb3c6df55568f77c0b4b80229d1c92a313cef,cached_perception_v2,1,1,1,0.4375571440204855,,1,2452.7680072933435,0,24.531137198209763,2452.7680072933435,2502.6963017880917,45.616803534767804,45.67618627683192,45.616803534767804,45.6171781233078,0.4375571440204855,32.88964975753757
cracker_box_yalehand0_black10_5,246,0.7779738813066328,0.5297713266289894,1.733477363256374,1.2140271184119522,0.06228464874033261,0.043620559595587555,0.7946843853820601,0.7946843853820601,-0.2482025546776434,-0.5194502448444218,MODE_3_RELOCALIZE,simple,four_mode_relocalization_v2,,0,0,0,False,1,0,0.5297713266289894,0,0,restarted_se3,1,49.08808600157499,2.1858299151062965,0,247,cache_read_only_not_online_fps,b18588ca73eff0bed9b27155081eb3c6df55568f77c0b4b80229d1c92a313cef,cached_perception_v2,1,1,1,0.4314401941903915,,1,2466.306465677917,0,22.797729820013046,2466.306465677917,2517.5803815945983,44.5520645807666,45.07778990003121,44.5520645807666,44.552311098610964,0.4314401941903915,33.73601598747719
cracker_box_yalehand0_black10_5,247,0.8856807830234686,0.4224492666602495,1.770675542226559,1.1775298850984874,0.06362119662959129,0.042309197010123596,0.7946843853820601,0.7946843853820601,-0.46323151636321913,-0.5931456571280715,MODE_3_RELOCALIZE,simple,four_mode_relocalization_v2,,0,0,0,False,1,0,0.4224492666602495,0,0,restarted_se3,1,48.634398728609085,1.856463961303234,0,248,cache_read_only_not_online_fps,b18588ca73eff0bed9b27155081eb3c6df55568f77c0b4b80229d1c92a313cef,cached_perception_v2,1,1,1,0.42008021214715896,,1,2456.6961461678147,0,21.234648302197456,2456.6961461678147,2507.187008857727,44.40256240411958,44.44967348074168,44.40256240411958,44.40303153806479,0.42008021214715896,34.72726683531709
cracker_box_yalehand0_black10_5,248,0.8068365831641363,0.4219294133788594,1.7646391189824373,1.1862055212026645,0.06340430513197068,0.042620916654580066,0.7946843853820601,0.7946843853820601,-0.3849071697852769,-0.5784335977797728,MODE_3_RELOCALIZE,simple,four_mode_relocalization_v2,,0,0,0,False,1,0,0.4219294133788594,0,0,restarted_se3,1,46.003591269254684,2.032115124166012,0,249,cache_read_only_not_online_fps,b18588ca73eff0bed9b27155081eb3c6df55568f77c0b4b80229d1c92a313cef,cached_perception_v2,1,1,1,0.4451230825495697,,1,2454.632109031081,0,21.961994469165802,2454.632109031081,2502.667815424502,44.33521500730599,44.0663098494252,44.33521500730599,44.33555994860394,0.4451230825495697,35.6295914698911
cracker_box_yalehand0_black10_5,249,0.8338649325157677,0.449252008231832,1.7779932912133407,1.1946871034641502,0.06388412675770985,0.04292566385412036,0.7946843853820601,0.7946843853820601,-0.3846129242839357,-0.5833061877491905,MODE_3_RELOCALIZE,simple,four_mode_relocalization_v2,,0,0,0,False,1,0,0.449252008231832,0,0,restarted_se3,1,45.86146306246519,2.0983368158340454,0,250,cache_read_only_not_online_fps,b18588ca73eff0bed9b27155081eb3c6df55568f77c0b4b80229d1c92a313cef,cached_perception_v2,1,1,1,0.3852578295145866,,1,2454.3455950915813,0,21.41433395445347,2454.3455950915813,2502.3053949698806,44.00201098404842,43.86758954695259,44.00201098404842,44.00239868419184,0.3852578295145866,36.51594622263093
cracker_box_yalehand0_black10_5,250,0.7916643000583399,0.3679955995107408,1.7092559912781518,1.190099764058478,0.06141436356808293,0.04276083861348483,0.7946843853820601,0.7946843853820601,-0.4236687005475991,-0.5191562272196737,MODE_3_RELOCALIZE,simple,four_mode_relocalization_v2,,0,0,0,False,1,0,0.3679955995107408,0,0,restarted_se3,1,45.72133906185627,2.489166334271431,0,251,cache_read_only_not_online_fps,b18588ca73eff0bed9b27155081eb3c6df55568f77c0b4b80229d1c92a313cef,cached_perception_v2,1,1,1,0.4687780821986629,,1,2459.668565541506,0,21.91407699137926,2459.668565541506,2507.8790709376335,43.62241586764431,43.60287995551322,43.62241586764431,43.62277165184166,0.4687780821986629,37.096194715296605
cracker_box_yalehand0_black10_5,251,0.7671437563241562,0.5555497696170271,1.6791577655320669,1.2583307482068744,0.06033292030378754,0.045212409641159995,0.7946843853820601,0.7946843853820601,-0.21159398670712914,-0.42082701732519245,MODE_3_RELOCALIZE,simple,four_mode_relocalization_v2,,0,0,0,False,1,0,0.5555497696170271,0,0,restarted_se3,1,46.92802857607603,2.1820683032274246,0,252,cache_read_only_not_online_fps,b18588ca73eff0bed9b27155081eb3c6df55568f77c0b4b80229d1c92a313cef,cached_perception_v2,1,1,1,0.38326802582778374,,1,2452.64252088964,0,22.54470530897379,2452.64252088964,2501.7526177689433,43.08974850309674,43.24073236893735,43.08974850309674,43.08998924846683,0.38326802582778374,37.503393204849715
cracker_box_yalehand0_black10_5,252,0.8557977671786706,0.3516946545470063,1.742952897376698,1.1795590864724181,0.0626251090929286,0.04238210716025169,0.7946843853820601,0.7946843853820601,-0.5041031126316643,-0.5633938109042798,MODE_3_RELOCALIZE,simple,four_mode_relocalization_v2,,0,0,0,False,1,0,0.3516946545470063,0,0,restarted_se3,1,46.81003466248512,2.053302712738514,0,253,cache_read_only_not_online_fps,b18588ca73eff0bed9b27155081eb3c6df55568f77c0b4b80229d1c92a313cef,cached_perception_v2,1,1,1,0.42303588260168756,,1,2461.562864482403,0,21.514344960451126,2461.562864482403,2510.4262018576264,43.191459516097524,43.06623028756301,43.191459516097524,43.19169877525588,0.42303588260168756,37.89505948306701
cracker_box_yalehand0_black10_5,253,0.7546262108102464,0.5151098917595213,1.6923219150845872,1.2455890030118084,0.060805914326220976,0.04475459280395441,0.7946843853820601,0.7946843853820601,-0.23951631905072512,-0.44673291207277877,MODE_3_RELOCALIZE,simple,four_mode_relocalization_v2,,0,0,0,False,1,0,0.5151098917595213,0,0,restarted_se3,1,44.95296999812126,1.8783211708068848,0,254,cache_read_only_not_online_fps,b18588ca73eff0bed9b27155081eb3c6df55568f77c0b4b80229d1c92a313cef,cached_perception_v2,1,1,1,0.3953126063763277,,1,2467.1954307705164,0,21.4131660759449,2467.1954307705164,2514.0267219394445,42.955359741045264,42.86600822687409,42.955359741045264,42.95556420094759,0.3953126063763277,38.14484872136338
cracker_box_yalehand0_black10_5,254,0.780011143524646,0.39228356614298365,1.7259547561114357,1.2052072562786544,0.0620143579632129,0.04330365784275551,0.7946843853820601,0.7946843853820601,-0.3877275773816623,-0.5207474998327812,MODE_3_RELOCALIZE,simple,four_mode_relocalization_v2,,0,0,0,False,1,0,0.39228356614298365,0,0,restarted_se3,1,48.678167164325714,2.0305588841438293,0,255,cache_read_only_not_online_fps,b18588ca73eff0bed9b27155081eb3c6df55568f77c0b4b80229d1c92a313cef,cached_perception_v2,1,1,1,0.4879517699981308,,1,2445.325531065464,0,15.5568215996027,2445.325531065464,2496.0342571139336,43.03166149685933,42.835107299687294,43.03166149685933,43.03196544101735,0.4879517699981308,38.418877862369406
cracker_box_yalehand0_black10_5,255,0.9289902554582896,0.6279562392866105,1.6638482444878429,1.2378946460325904,0.05978284208480753,0.04447813097532513,0.7946843853820601,0.7946843853820601,-0.30103401617167913,-0.4259535984552525,MODE_3_RELOCALIZE,simple,four_mode_relocalization_v2,,0,0,0,False,1,0,0.6279562392866105,0,0,restarted_se3,1,60.89792773127556,3.208938054740429,0,256,cache_read_only_not_online_fps,b18588ca73eff0bed9b27155081eb3c6df55568f77c0b4b80229d1c92a313cef,cached_perception_v2,1,1,1,0.4817640061978743,,1,2468.2047199457884,0,22.55181595683098,2468.2047199457884,2532.3115857318044,42.69665302693507,42.78257965865889,42.69665302693507,42.696968665581196,0.4817640061978743,38.85881509295157
cracker_box_yalehand0_black10_5,256,0.7930035966510793,0.5573838841534384,1.6840136907198668,1.2590247687774172,0.06050739595662404,0.045237346123384155,0.7946843853820601,0.7946843853820601,-0.2356197124976409,-0.42498892194244964,MODE_3_RELOCALIZE,simple,four_mode_relocalization_v2,,0,0,0,False,1,0,0.5573838841534384,0,0,restarted_se3,1,46.20677046477795,4.645543172955513,0,257,cache_read_only_not_online_fps,b18588ca73eff0bed9b27155081eb3c6df55568f77c0b4b80229d1c92a313cef,cached_perception_v2,1,1,1,0.3913035881299393,,1,2472.6471370086074,0,25.37611685693264,2472.6471370086074,2523.499450646341,42.48744165124607,42.60616496062493,42.48744165124607,42.487766080543565,0.3913035881299393,39.44315456608541
cracker_box_yalehand0_black10_5,257,0.8134816642943783,0.35564116977713034,1.7099241815279247,1.1737851259913819,0.06143837195485565,0.04217464607190708,0.7946843853820601,0.7946843853820601,-0.45784049451724795,-0.5361390555365428,MODE_3_RELOCALIZE,simple,four_mode_relocalization_v2,,0,0,0,False,1,0,0.35564116977713034,0,0,restarted_se3,1,48.44558238983154,2.049804665148258,0,258,cache_read_only_not_online_fps,b18588ca73eff0bed9b27155081eb3c6df55568f77c0b4b80229d1c92a313cef,cached_perception_v2,1,1,1,0.3754502572538624,,1,2467.767489142716,0,21.790227852761745,2467.767489142716,2518.2628761976957,42.265900173809946,42.32679495147628,42.265900173809946,42.26614520730422,0.3754502572538624,40.10036749914544
cracker_box_yalehand0_black10_5,258,0.8472974660666717,0.36697579325019875,1.6985163662995353,1.1931872678687467,0.061028483842408596,0.042871774062878745,0.7946843853820601,0.7946843853820601,-0.4803216728164729,-0.5053290984307885,MODE_3_RELOCALIZE,simple,four_mode_relocalization_v2,,0,0,0,False,1,0,0.36697579325019875,0,0,restarted_se3,1,47.50742204487324,3.7944819778203964,0,259,cache_read_only_not_online_fps,b18588ca73eff0bed9b27155081eb3c6df55568f77c0b4b80229d1c92a313cef,cached_perception_v2,1,1,1,0.38351797152827455,,1,2477.6881774887443,0,24.68915283679962,2477.6881774887443,2528.990081511438,41.620624907827,41.84413706723426,41.620624907827,41.62077862889184,0.38351797152827455,40.891802568617386
cracker_box_yalehand0_black10_5,259,0.8719245471042995,0.40196836020953464,1.7486561690079678,1.1884458004903835,0.06283003029798953,0.04270141093242498,0.7946843853820601,0.7946843853820601,-0.4699561868947648,-0.5602103685175843,MODE_3_RELOCALIZE,simple,four_mode_relocalization_v2,,0,0,0,False,1,0,0.40196836020953464,0,0,restarted_se3,1,46.96255084127188,2.589319832623005,0,260,cache_read_only_not_online_fps,b18588ca73eff0bed9b27155081eb3c6df55568f77c0b4b80229d1c92a313cef,cached_perception_v2,1,1,1,0.3991689416769131,,1,2469.1747641190886,0,21.86459396034479,2469.1747641190886,2518.7266347929835,41.53654328608381,41.45215922038609,41.53654328608381,41.5367008074555,0.3991689416769131,41.53654328608381
cracker_box_yalehand0_black10_5,260,0.9257990180878819,0.44384406826574296,1.786428333811926,1.2256147066006213,0.06418720176549403,0.044036907034196784,0.7946843853820601,0.7946843853820601,-0.48195494982213893,-0.5608136272113047,MODE_3_RELOCALIZE,simple,four_mode_relocalization_v2,,0,0,0,False,1,0,0.44384406826574296,0,0,restarted_se3,1,47.750674188137054,2.9009031131863594,0,261,cache_read_only_not_online_fps,b18588ca73eff0bed9b27155081eb3c6df55568f77c0b4b80229d1c92a313cef,cached_perception_v2,1,1,1,0.39068304418704025,,1,2464.552686549723,0,21.29031252115965,2464.552686549723,2515.2042638510466,41.48776970671563,41.28369913235429,41.48776970671563,41.48777887369326,0.39068304418704025,41.48776970671563
cracker_box_yalehand0_black10_5,261,0.8624902901094973,0.3814957608089148,1.6971970092256987,1.1988388337288907,0.060981078728474705,0.04307483745550977,0.7946843853820601,0.7946843853820601,-0.4809945293005825,-0.49835817549680805,MODE_3_RELOCALIZE,simple,four_mode_relocalization_v2,,0,0,0,False,1,0,0.3814957608089148,0,0,restarted_se3,1,47.218093648552895,2.7273939922451973,0,262,cache_read_only_not_online_fps,b18588ca73eff0bed9b27155081eb3c6df55568f77c0b4b80229d1c92a313cef,cached_perception_v2,1,1,1,0.37579591419080394,,1,2463.6460533365607,0,23.534586653113365,2463.6460533365607,2513.591540977359,41.64667920258457,41.467156678660906,41.64667920258457,41.6297074924935,0.37579591419080394,41.554222954875556
cracker_box_yalehand0_black10_5,262,0.8667637112997355,0.40470222669928235,1.7099429261201728,1.2279670076554117,0.061439045456782304,0.04412142630628806,0.7946843853820601,0.7946843853820601,-0.46206148460045315,-0.4819759184647612,MODE_3_RELOCALIZE,simple,four_mode_relocalization_v2,,0,0,0,False,1,0,0.40470222669928235,0,0,restarted_se3,1,47.25431278347969,2.5773802772164345,0,263,cache_read_only_not_online_fps,b18588ca73eff0bed9b27155081eb3c6df55568f77c0b4b80229d1c92a313cef,cached_perception_v2,1,1,1,0.3588252946823573,,1,2470.4430485144258,0,21.594740450382233,2470.4430485144258,2520.274741575122,41.485548360270315,41.49740842903528,41.485548360270315,41.50210863143947,0.3588252946823573,41.485548360270315
cracker_box_yalehand0_black10_5,263,0.8095694638253902,0.3687382531870546,1.6325994962110184,1.2207961737393647,0.05866006001031832,0.043863774905062235,0.7946843853820601,0.7946843853820601,-0.4408312106383356,-0.41180332247165374,MODE_3_RELOCALIZE,simple,four_mode_relocalization_v2,,0,0,0,False,1,0,0.3687382531870546,0,0,restarted_se3,1,46.47250100970268,2.486070618033409,0,264,cache_read_only_not_online_fps,b18588ca73eff0bed9b27155081eb3c6df55568f77c0b4b80229d1c92a313cef,cached_perception_v2,1,1,1,0.3847579987866296,,1,2463.325025513768,0,21.57137729227543,2463.325025513768,2512.2835971415043,41.14251495016297,41.26804599065277,41.14251495016297,41.14269622423989,0.3847579987866296,40.69628349106271
cracker_box_yalehand0_black10_5,264,0.9856751989488414,0.41809618261962267,1.8001661720662403,1.1894777529266434,0.06468080869008294,0.042738489463919865,0.7946843853820601,0.7946843853820601,-0.5675790163292187,-0.6106884191395969,MODE_3_RELOCALIZE,simple,four_mode_relocalization_v2,,0,0,0,False,1,0,0.41809618261962267,0,0,restarted_se3,1,48.46235737204552,2.4042166769504547,0,265,cache_read_only_not_online_fps,b18588ca73eff0bed9b27155081eb3c6df55568f77c0b4b80229d1c92a313cef,cached_perception_v2,1,1,1,0.4039129961436555,,1,2469.725353643298,0,22.75830041617155,2469.725353643298,2520.591927692294,41.31653999197778,41.15045787114878,41.31653999197778,41.31679178111665,0.4039129961436555,39.12151995084902
cracker_box_yalehand0_black10_5,265,0.8435370037675335,0.5228219507937446,1.7179378232089293,1.2381303776607613,0.06172630583147383,0.04448660092247808,0.7946843853820601,0.7946843853820601,-0.3207150529737889,-0.479807445548168,MODE_3_RELOCALIZE,simple,four_mode_relocalization_v2,,0,0,0,False,1,0,0.5228219507937446,0,0,restarted_se3,1,46.683442778885365,4.624770954251289,0,266,cache_read_only_not_online_fps,b18588ca73eff0bed9b27155081eb3c6df55568f77c0b4b80229d1c92a313cef,cached_perception_v2,1,1,1,0.37494379436142844,,1,2471.3730104267597,0,23.877475410699844,2471.3730104267597,2522.6812241598964,40.844747567657066,40.92161748387627,40.844747567657066,40.84497877503236,0.37494379436142844,37.02487499213895
cracker_box_yalehand0_black10_5,266,0.8628030166520173,0.4527413809477337,1.6597631611832981,1.193622188585822,0.059636063139727684,0.042887400966735184,0.7946843853820601,0.7946843853820601,-0.4100616357042836,-0.4661409725974761,MODE_3_RELOCALIZE,simple,four_mode_relocalization_v2,,0,0,0,False,1,0,0.4527413809477337,0,0,restarted_se3,1,45.3298669308424,1.9694548100233078,0,267,cache_read_only_not_online_fps,b18588ca73eff0bed9b27155081eb3c6df55568f77c0b4b80229d1c92a313cef,cached_perception_v2,1,1,1,0.40810446697118147,,1,2484.4694454222918,0,30.65021149814129,2484.4694454222918,2531.7687671631575,40.69169597919255,40.66158189170059,40.69169597919255,40.69198698291546,0.40810446697118147,34.83492954928806
cracker_box_yalehand0_black10_5,267,0.9116029984038018,0.4794516902431816,1.643239882508567,1.251138711990938,0.05904237404397798,0.04495399643142771,0.7946843853820601,0.7946843853820601,-0.43215130816062014,-0.39210117051762894,MODE_3_RELOCALIZE,simple,four_mode_relocalization_v2,,0,0,0,False,1,0,0.4794516902431816,0,0,restarted_se3,1,47.00846318155527,2.992386929690838,0,268,cache_read_only_not_online_fps,b18588ca73eff0bed9b27155081eb3c6df55568f77c0b4b80229d1c92a313cef,cached_perception_v2,1,1,1,0.37041217545230887,,1,2463.2506165653467,0,22.531284019351006,2463.2506165653467,2513.251466676593,40.394378484441866,40.42731902357948,40.394378484441866,40.394696193738774,0.37041217545230887,33.03437878603443
cracker_box_yalehand0_black10_5,268,0.950593336962044,0.3329959559782896,1.6447045671773177,1.226410608753477,0.05909500084605927,0.04406550416910784,0.7946843853820601,0.7946843853820601,-0.6175973809837543,-0.41829395842384076,MODE_3_RELOCALIZE,simple,four_mode_relocalization_v2,,0,0,0,False,1,0,0.3329959559782896,0,0,restarted_se3,1,47.82365821301937,2.3294752463698387,0,269,cache_read_only_not_online_fps,b18588ca73eff0bed9b27155081eb3c6df55568f77c0b4b80229d1c92a313cef,cached_perception_v2,1,1,1,0.43231616202970924,,1,2464.515813626349,0,22.03880436718464,2464.515813626349,2514.668947085738,40.051475915429016,40.159944586001615,40.051475915429016,40.05179987880319,0.43231616202970924,31.762839331267823
cracker_box_yalehand0_black10_5,269,0.8471635897396464,0.5647332465337516,1.5523229046431937,1.232727487529477,0.05577568469982652,0.04429247256456431,0.7946843853820601,0.7946843853820601,-0.2824303432058949,-0.31959541711371675,MODE_3_RELOCALIZE,simple,four_mode_relocalization_v2,,0,0,0,False,1,0,0.5647332465337516,0,0,restarted_se3,1,47.049553133547306,2.409650944173336,0,270,cache_read_only_not_online_fps,b18588ca73eff0bed9b27155081eb3c6df55568f77c0b4b80229d1c92a313cef,cached_perception_v2,1,1,1,0.36773510734858794,,1,2465.5398270115256,0,23.09459075331688,2465.5398270115256,2514.9990310892463,39.86997019752808,39.84652495972856,39.86997019752808,39.87033433800682,0.36773510734858794,30.914253174527833
cracker_box_yalehand0_black10_5,270,0.9012251364020856,0.5141893066792745,1.748643748902044,1.288975602912304,0.06282958403780109,0.04631349353846609,0.7946843853820601,0.7946843853820601,-0.38703582972281103,-0.45966814598974004,MODE_3_RELOCALIZE,simple,four_mode_relocalization_v2,,0,0,0,False,1,0,0.5141893066792745,0,0,restarted_se3,1,49.38328359276056,2.499256283044815,0,271,cache_read_only_not_online_fps,b18588ca73eff0bed9b27155081eb3c6df55568f77c0b4b80229d1c92a313cef,cached_perception_v2,1,1,1,0.4024720867445443,,1,2469.197141006589,0,21.10355906188488,2469.197141006589,2521.0796808823943,39.493801162705886,39.482021361470956,39.493801162705886,39.49427072482797,0.4024720867445443,30.59387877254089
cracker_box_yalehand0_black10_5,271,0.9172411546072524,0.46130543538518687,1.7320273047941577,1.2440097346770607,0.06223254746466183,0.044697848957405584,0.7946843853820601,0.7946843853820601,-0.45593571922206555,-0.488017570117097,MODE_3_RELOCALIZE,simple,four_mode_relocalization_v2,,0,0,0,False,1,0,0.46130543538518687,0,0,restarted_se3,1,60.73767226189375,2.1449150517582893,0,272,cache_read_only_not_online_fps,b18588ca73eff0bed9b27155081eb3c6df55568f77c0b4b80229d1c92a313cef,cached_perception_v2,1,1,1,0.3611308325321509,,1,2470.416424795985,0,22.047709673643112,2470.416424795985,2533.2990121096373,39.22397700144277,39.14702894146701,39.22397700144277,39.22444666860642,0.3611308325321509,30.813714064552876
cracker_box_yalehand0_black10_5,272,1.0056042540786283,0.39450652806227204,1.7355503881029535,1.2112605855731413,0.06235913348823647,0.04352115678263692,0.7946843853820601,0.7946843853820601,-0.6110977260163563,-0.5242898025298122,MODE_3_RELOCALIZE,simple,four_mode_relocalization_v2,,0,0,0,False,1,0,0.39450652806227204,0,0,restarted_se3,1,47.98083193600178,2.560203894972801,0,273,cache_read_only_not_online_fps,b18588ca73eff0bed9b27155081eb3c6df55568f77c0b4b80229d1c92a313cef,cached_perception_v2,1,1,1,0.39875944200750657,,1,2468.0076772347093,0,21.416550502181053,2468.0076772347093,2518.548713065684,38.97019398812836,38.87713510939797,38.97019398812836,38.97074641413945,0.39875944200750657,31.4883834660706
cracker_box_yalehand0_black10_5,273,0.8592727726876754,0.5047213136027624,1.6929077431772617,1.224932534029666,0.060826963402342685,0.04401239625611404,0.7946843853820601,0.7946843853820601,-0.35455145908491303,-0.4679752091475957,MODE_3_RELOCALIZE,simple,four_mode_relocalization_v2,,0,0,0,False,1,0,0.5047213136027624,0,0,restarted_se3,1,49.448272213339806,3.329804167151451,0,274,cache_read_only_not_online_fps,b18588ca73eff0bed9b27155081eb3c6df55568f77c0b4b80229d1c92a313cef,cached_perception_v2,1,1,1,0.38442806759289777,,1,2472.9841919615865,0,19.853049889206886,2472.9841919615865,2525.7622683420777,38.53197736584905,38.56496439123013,38.53197736584905,38.53262763849404,0.38442806759289777,32.54299944368427
cracker_box_yalehand0_black10_5,274,0.9033734115172052,0.40223615613344443,1.7307161145333216,1.2148897984206057,0.06218543578812138,0.043651556089948085,0.7946843853820601,0.7946843853820601,-0.5011372553837607,-0.5158263161127159,MODE_3_RELOCALIZE,simple,four_mode_relocalization_v2,,0,0,0,False,1,0,0.40223615613344443,0,0,restarted_se3,1,49.83149096369743,2.859729342162609,0,275,cache_read_only_not_online_fps,b18588ca73eff0bed9b27155081eb3c6df55568f77c0b4b80229d1c92a313cef,cached_perception_v2,1,1,1,0.36264132807783994,,1,2467.4328016117215,0,23.478166200220585,2467.4328016117215,2520.1240219175816,37.7542178957204,38.001332314110975,37.7542178957204,37.75494708058647,0.36264132807783994,33.91591830848326
cracker_box_yalehand0_black10_5,275,0.9586261416602817,0.38763454805634123,1.7281253315213747,1.2233639225917639,0.0620923477482762,0.043956035316830545,0.7946843853820601,0.7946843853820601,-0.5709915936039405,-0.5047614089296109,MODE_3_RELOCALIZE,simple,four_mode_relocalization_v2,,0,0,0,False,1,0,0.38763454805634123,0,0,restarted_se3,1,48.14944230020046,2.4306075647473335,0,276,cache_read_only_not_online_fps,b18588ca73eff0bed9b27155081eb3c6df55568f77c0b4b80229d1c92a313cef,cached_perception_v2,1,1,1,0.37781969760963746,,1,2473.1715712696314,0,24.860317818820477,2473.1715712696314,2523.751621134579,37.35030902194514,37.396396196893164,37.35030902194514,37.3511922468381,0.37781969760963746,35.57282887336619
cracker_box_yalehand0_black10_5,276,0.9219991556343766,0.499189514374083,1.715594281549788,1.2571873638212263,0.061642101288546455,0.04517132730784271,0.7946843853820601,0.7946843853820601,-0.42280964126029363,-0.4584069177285617,MODE_3_RELOCALIZE,simple,four_mode_relocalization_v2,,0,0,0,False,1,0,0.499189514374083,0,0,restarted_se3,1,45.84713838994503,2.5485027581453323,0,277,cache_read_only_not_online_fps,b18588ca73eff0bed9b27155081eb3c6df55568f77c0b4b80229d1c92a313cef,cached_perception_v2,1,1,1,0.39334944418684403,,1,2471.5434331446886,0,21.26774936914444,2471.5434331446886,2519.939074292779,36.959763422204006,36.84426106364602,36.959763422204006,36.96078382648165,0.39334944418684403,36.959763422204006
cracker_box_yalehand0_black10_5,277,0.9454825395422162,0.4306298175961155,1.7756330249946728,1.2353254476524043,0.063799321293572,0.044385818481348566,0.7946843853820601,0.7946843853820601,-0.5148527219461007,-0.5403075773422685,MODE_3_RELOCALIZE,simple,four_mode_relocalization_v2,,0,0,0,False,1,0,0.4306298175961155,0,0,restarted_se3,1,33.203533850610256,3.017054870724678,0,278,cache_read_only_not_online_fps,b18588ca73eff0bed9b27155081eb3c6df55568f77c0b4b80229d1c92a313cef,cached_perception_v2,1,1,1,0.4015512769014197,,1,2466.9854007661343,0,24.91580694913864,2466.9854007661343,2503.205989487469,36.437642085460084,36.35711417849721,36.437642085460084,36.43879157348574,0.4015512769014197,36.437642085460084
cracker_box_yalehand0_black10_5,278,0.9541521242121046,0.4100209971960542,1.7169166180535222,1.2228142892251184,0.061689613454783736,0.04393628673406672,0.7946843853820601,0.7946843853820601,-0.5441311270160504,-0.4941023288284039,MODE_3_RELOCALIZE,simple,four_mode_relocalization_v2,,0,0,0,False,1,0,0.4100209971960542,0,0,restarted_se3,1,46.87484260648489,2.5620972737669945,0,279,cache_read_only_not_online_fps,b18588ca73eff0bed9b27155081eb3c6df55568f77c0b4b80229d1c92a313cef,cached_perception_v2,1,1,1,0.4417877493604345,,1,2458.2501873373985,0,25.371926836669445,2458.2501873373985,2507.6871272176504,35.65487191856666,35.780051545958,35.65487191856666,35.65623144413737,0.4417877493604345,35.65487191856666
cracker_box_yalehand0_black10_5,279,1.0343941858658576,0.4683532130678646,1.7888019353672124,1.234927526569011,0.0642724863744853,0.04437152099155674,0.7946843853820601,0.7946843853820601,-0.566040972797993,-0.5538744087982015,MODE_3_RELOCALIZE,simple,four_mode_relocalization_v2,,0,0,0,False,1,0,0.4683532130678646,0,0,restarted_se3,1,58.67536924779415,2.4181725457310677,0,280,cache_read_only_not_online_fps,b18588ca73eff0bed9b27155081eb3c6df55568f77c0b4b80229d1c92a313cef,cached_perception_v2,1,1,1,0.42803241241458095,,1,2454.9594037234783,0,25.0267731025815,2454.9594037234783,2516.0529455170035,34.83814074432129,35.04018785506112,34.83814074432129,34.83960848805778,0.42803241241458095,34.83814074432129
cracker_box_yalehand0_black10_5,280,0.9525337589727751,0.5632842051732868,1.7426677017401258,1.2751951315983485,0.06261486188092416,0.045818354788195015,0.7946843853820601,0.7946843853820601,-0.38924955379948833,-0.46747257014177723,MODE_3_RELOCALIZE,simple,four_mode_relocalization_v2,,0,0,0,False,1,0,0.5632842051732868,0,0,restarted_se3,1,41.5149861946702,2.8162747621536255,0,281,cache_read_only_not_online_fps,b18588ca73eff0bed9b27155081eb3c6df55568f77c0b4b80229d1c92a313cef,cached_perception_v2,1,1,1,0.43816584825761545,,1,2470.3729012981057,0,24.414312094449997,2470.3729012981057,2514.7041622549295,35.04347714698463,34.72689400117318,35.04347714698463,35.04506677515151,0.43816584825761545,34.107162391633345
cracker_box_yalehand0_black10_5,281,1.004289082725067,0.4577980987696098,1.7358311690560941,1.2039451325087966,0.0623692220786098,0.04325830914808046,0.7946843853820601,0.7946843853820601,-0.5464909839554573,-0.5318860365472975,MODE_3_RELOCALIZE,simple,four_mode_relocalization_v2,,0,0,0,False,1,0,0.4577980987696098,0,0,restarted_se3,1,48.09912480413914,2.6985881850123405,0,282,cache_read_only_not_online_fps,b18588ca73eff0bed9b27155081eb3c6df55568f77c0b4b80229d1c92a313cef,cached_perception_v2,1,1,1,0.43343577045803366,,1,2461.743561550975,0,23.09174370020628,2461.743561550975,2512.5412745401263,34.62463099956496,34.55867382295478,34.62463099956496,34.62625319281606,0.43343577045803366,33.47396682674631
cracker_box_yalehand0_black10_5,282,1.0235725483942386,0.4837573869101676,1.7956903187369035,1.2587725123359512,0.06451998919607622,0.04522828243199584,0.7946843853820601,0.7946843853820601,-0.5398151614840709,-0.5369178064009523,MODE_3_RELOCALIZE,simple,four_mode_relocalization_v2,,0,0,0,False,1,0,0.4837573869101676,0,0,restarted_se3,1,46.4681526646018,1.8456019461154938,0,283,cache_read_only_not_online_fps,b18588ca73eff0bed9b27155081eb3c6df55568f77c0b4b80229d1c92a313cef,cached_perception_v2,1,1,1,0.40341443641847274,,1,2456.8694373592734,0,22.782240994274616,2456.8694373592734,2505.1831919699907,34.30628909937338,34.35533171115019,34.30628909937338,34.30797897344772,0.40341443641847274,32.894593479364595
cracker_box_yalehand0_black10_5,283,1.0238138516938187,0.36150583322586743,1.7900601287149758,1.248614665963337,0.06431769384726455,0.044863306282501715,0.7946843853820601,0.7946843853820601,-0.6623080184679513,-0.5414454627516387,MODE_3_RELOCALIZE,simple,four_mode_relocalization_v2,,0,0,0,False,1,0,0.36150583322586743,0,0,restarted_se3,1,46.58482130616903,4.005655646324158,0,284,cache_read_only_not_online_fps,b18588ca73eff0bed9b27155081eb3c6df55568f77c0b4b80229d1c92a313cef,cached_perception_v2,1,1,1,0.45712000689339055,,1,2453.9590580388904,0,25.93183144927025,2453.9590580388904,2504.5495349913836,33.71851233197397,33.91494849295426,33.71851233197397,33.720268737645625,0.45712000689339055,32.3165624039547
cracker_box_yalehand0_black10_5,284,1.0763632890630985,0.5198660972364229,1.6296120683370576,1.2815483115900108,0.05855272033590966,0.04604662750323149,0.7946843853820601,0.7946843853820601,-0.5564971918266757,-0.3480637567470468,MODE_3_RELOCALIZE,simple,four_mode_relocalization_v2,,0,0,0,False,1,0,0.5198660972364229,0,0,restarted_se3,1,47.19751328229904,2.5176191702485085,0,285,cache_read_only_not_online_fps,b18588ca73eff0bed9b27155081eb3c6df55568f77c0b4b80229d1c92a313cef,cached_perception_v2,1,1,1,0.4417753734420821,,1,2465.1131704449654,0,21.255764178931713,2465.1131704449654,2514.828302897513,33.108100715472794,33.315575005880696,33.108100715472794,33.10992650776654,0.4417753734420821,31.823250333273833
cracker_box_yalehand0_black10_5,285,1.0731099885316584,0.4606158464224542,1.8556264892985668,1.3126152520554215,0.06667352370965138,0.04716287713840988,0.9274193548387096,0.7946843853820601,-0.6124941421092043,-0.5430112372431453,MODE_3_RELOCALIZE,simple,four_mode_relocalization_v2,,0,0,0,False,1,0,0.4606158464224542,0,0,restarted_se3,1,49.30323641747236,2.093113958835602,0,286,cache_read_only_not_online_fps,b18588ca73eff0bed9b27155081eb3c6df55568f77c0b4b80229d1c92a313cef,cached_perception_v2,1,1,1,0.42879360542719663,,1,2454.673131927848,0,15.778472647070885,2454.673131927848,2506.069482304156,32.89762194159718,32.89144262140056,32.89762194159718,32.899535129658666,0.42879360542719663,31.512165462222363
cracker_box_yalehand0_black10_5,286,1.111750990405256,0.4284252268176301,1.798110506722535,1.269186379626601,0.06460694767719966,0.0456024575322741,0.7946843853820601,0.7946843853820601,-0.683325763587626,-0.528924127095934,MODE_3_RELOCALIZE,simple,four_mode_relocalization_v2,,0,0,0,False,1,0,0.4284252268176301,0,0,restarted_se3,1,41.365329176187515,2.1559353917837143,0,287,cache_read_only_not_online_fps,b18588ca73eff0bed9b27155081eb3c6df55568f77c0b4b80229d1c92a313cef,cached_perception_v2,1,1,1,0.4185276973105871,,1,2466.07094630599,0,17.21165794879198,2466.07094630599,2509.5922108739614,32.803210172997474,32.684499619354334,32.803210172997474,32.805154622187494,0.4185276973105871,31.290409196020484
cracker_box_yalehand0_black10_5,287,1.0704117165812204,0.4611517671212809,1.68981291621393,1.390501436807837,0.060715764828649675,0.04996136401908996,0.7946843853820601,0.7946843853820601,-0.6092599494599394,-0.29931147940609293,MODE_3_RELOCALIZE,simple,four_mode_relocalization_v2,,0,0,0,False,1,0,0.4611517671212809,0,0,restarted_se3,1,43.78132987767458,1.9546719267964363,0,288,cache_read_only_not_online_fps,b18588ca73eff0bed9b27155081eb3c6df55568f77c0b4b80229d1c92a313cef,cached_perception_v2,1,1,1,0.5315881705344981,,1,2456.5566778182983,0,13.113747350871563,2456.5566778182983,2502.2926796227694,32.896366570005924,32.72657564404343,32.896366570005924,32.898367792022476,0.5315881705344981,31.16650968822406
cracker_box_yalehand0_black10_5,288,1.1906786288353768,0.639781690888852,1.8635607176958346,1.323384041037721,0.06695860423001138,0.04754980474031482,0.9274193548387096,0.7946843853820601,-0.5508969379465248,-0.5401766766581138,MODE_3_RELOCALIZE,simple,four_mode_relocalization_v2,,0,0,0,False,1,0,0.639781690888852,0,0,restarted_se3,1,32.22446423023939,2.1964656189084053,0,289,cache_read_only_not_online_fps,b18588ca73eff0bed9b27155081eb3c6df55568f77c0b4b80229d1c92a313cef,cached_perception_v2,1,1,1,0.47977095449227536,,1,2459.5204796642065,0,16.73522125929594,2459.5204796642065,2493.9414095133543,32.707347559341734,32.63173335563662,32.707347559341734,32.70936435152927,0.47977095449227536,30.791841089930514
cracker_box_yalehand0_black10_5,289,1.1732907819964424,0.5499074113074023,1.9495066364367373,1.4542110888847999,0.07004668110537729,0.052250481480380716,0.9274193548387096,0.7946843853820601,-0.6233833706890402,-0.4952955475519374,MODE_3_RELOCALIZE,simple,four_mode_relocalization_v2,,0,0,0,False,1,0,0.5499074113074023,0,0,restarted_se3,1,45.271165668964386,1.5905741602182388,0,290,cache_read_only_not_online_fps,b18588ca73eff0bed9b27155081eb3c6df55568f77c0b4b80229d1c92a313cef,cached_perception_v2,1,1,1,0.43437038741763884,,1,2461.812812834978,0,21.387052722275257,2461.812812834978,2508.6745526641607,32.58816668584743,32.64706673512902,32.58816668584743,32.59019226023139,0.43437038741763884,30.532653376176455
cracker_box_yalehand0_black10_5,290,0.9945975616188483,0.3976285545172172,1.6885648338853525,1.3640830037405804,0.0606709206494973,0.04901213741899578,0.7946843853820601,0.7946843853820601,-0.5969690071016311,-0.32448183014477205,MODE_3_RELOCALIZE,simple,four_mode_relocalization_v2,,0,0,0,False,1,0,0.3976285545172172,0,0,restarted_se3,1,46.73657938838005,2.339680679142475,0,291,cache_read_only_not_online_fps,b18588ca73eff0bed9b27155081eb3c6df55568f77c0b4b80229d1c92a313cef,cached_perception_v2,1,1,1,0.41937090735765775,,1,2454.4104132801294,0,21.220987662672997,2454.4104132801294,2503.486673347652,32.46035583751719,32.61955179541555,32.46035583751719,32.46238169166703,0.41937090735765775,30.363668112715924
cracker_box_yalehand0_black10_5,291,1.0940038108450425,0.4700532925774773,1.9043405282681989,1.4589747719816115,0.06842384181028507,0.05242164283194161,0.9274193548387096,0.7946843853820601,-0.6239505182675652,-0.44536575628658737,MODE_3_RELOCALIZE,simple,four_mode_relocalization_v2,,0,0,0,False,1,0,0.4700532925774773,0,0,restarted_se3,1,45.615353621542454,2.2413982078433037,0,292,cache_read_only_not_online_fps,b18588ca73eff0bed9b27155081eb3c6df55568f77c0b4b80229d1c92a313cef,cached_perception_v2,1,1,1,0.43818156790002194,,1,2467.793783172965,0,20.82114014774561,2467.793783172965,2515.650535002351,32.454406116594505,32.59874255769934,32.454406116594505,32.45640289724886,0.43818156790002194,30.359518041861605
cracker_box_yalehand0_black10_5,292,1.2006163307872313,0.5225860632182423,1.8664302997163882,1.3590661179272625,0.06706170964804002,0.0488318783759438,0.9274193548387096,0.7946843853820601,-0.678030267568989,-0.5073641817891257,MODE_3_RELOCALIZE,simple,four_mode_relocalization_v2,,0,0,0,False,1,0,0.5225860632182423,0,0,restarted_se3,1,50.15498120337725,1.8624281510710716,0,293,cache_read_only_not_online_fps,b18588ca73eff0bed9b27155081eb3c6df55568f77c0b4b80229d1c92a313cef,cached_perception_v2,1,1,1,0.4159092778303503,,1,2477.7714060619473,0,15.612920746207237,2477.7714060619473,2529.7888154163957,32.65218320172795,32.60546364180841,32.65218320172795,32.65412981892649,0.4159092778303503,30.323398774512476
cracker_box_yalehand0_black10_5,293,1.1179233627237406,0.4004501356578349,1.772208294530592,1.4283335416729146,0.06367626913349944,0.05132068916089759,0.7946843853820601,0.7946843853820601,-0.7174732270659057,-0.3438747528576773,MODE_3_RELOCALIZE,simple,four_mode_relocalization_v2,,0,0,0,False,1,0,0.4004501356578349,0,0,restarted_se3,1,49.803875386714935,2.501450479030609,0,294,cache_read_only_not_online_fps,b18588ca73eff0bed9b27155081eb3c6df55568f77c0b4b80229d1c92a313cef,cached_perception_v2,1,1,1,0.4504270784482968,,1,2466.5391352027655,0,17.127499915659428,2466.5391352027655,2518.844461068511,32.90229996057489,32.82170432462764,32.90229996057489,32.90416959674939,0.4504270784482968,30.41700361497062
cracker_box_yalehand0_black10_5,294,1.0914314917665944,0.5337096207527826,1.8513207418217779,1.4670995670070444,0.06651881619812519,0.05271357049997626,0.9274193548387096,0.7946843853820601,-0.5577218710138118,-0.3842211748147335,MODE_3_RELOCALIZE,simple,four_mode_relocalization_v2,,0,0,0,False,1,0,0.5337096207527826,0,0,restarted_se3,1,46.98002804070711,2.2232485935091972,0,295,cache_read_only_not_online_fps,b18588ca73eff0bed9b27155081eb3c6df55568f77c0b4b80229d1c92a313cef,cached_perception_v2,1,1,1,0.48231612707482446,,1,2477.5141132995486,0,21.148622035980225,2477.5141132995486,2526.717389933765,32.91161521760716,32.95931067489518,32.91161521760716,32.91340239353487,0.48231612707482446,30.496108708979637
cracker_box_yalehand0_black10_5,295,1.1587584760967338,0.5315435349417313,1.8914879620503007,1.377156665834878,0.06796204312213269,0.049481880184925796,0.9274193548387096,0.7946843853820601,-0.6272149411550024,-0.5143312962154227,MODE_3_RELOCALIZE,simple,four_mode_relocalization_v2,,0,0,0,False,1,0,0.5315435349417313,0,0,restarted_se3,1,51.595376804471016,2.565634436905384,0,296,cache_read_only_not_online_fps,b18588ca73eff0bed9b27155081eb3c6df55568f77c0b4b80229d1c92a313cef,cached_perception_v2,1,1,1,0.45155539492518404,,1,2463.3183935657144,0,21.730241365730762,2463.3183935657144,2517.4794048070908,32.93214829529264,33.026540658302345,32.93214829529264,32.9338950867249,0.45155539492518404,30.595375706598414
cracker_box_yalehand0_black10_5,296,1.227347498388684,0.45614298764821454,1.9023229953200704,1.4253727730590233,0.06835135091212868,0.05121430736611533,0.9274193548387096,0.7946843853820601,-0.7712045107404695,-0.4769502222610471,MODE_3_RELOCALIZE,simple,four_mode_relocalization_v2,,0,0,0,False,1,0,0.45614298764821454,0,0,restarted_se3,1,46.1957436054945,2.855708822607994,0,297,cache_read_only_not_online_fps,b18588ca73eff0bed9b27155081eb3c6df55568f77c0b4b80229d1c92a313cef,cached_perception_v2,1,1,1,0.48560847967344883,,1,2474.684544838965,0,21.71616069972515,2474.684544838965,2523.7359972670674,33.55811072988308,33.37010167977649,33.55811072988308,33.55970816049274,0.48560847967344883,30.7737747063472
cracker_box_yalehand0_black10_5,297,1.1458218116926389,0.5360479833591651,1.8782034193047072,1.501974722092414,0.06748472331621905,0.05396665105949183,0.9274193548387096,0.7946843853820601,-0.6097738283334737,-0.37622869721229324,MODE_3_RELOCALIZE,simple,four_mode_relocalization_v2,,0,0,0,False,1,0,0.5360479833591651,0,0,restarted_se3,1,42.84424614161253,2.087327651679516,0,298,cache_read_only_not_online_fps,b18588ca73eff0bed9b27155081eb3c6df55568f77c0b4b80229d1c92a313cef,cached_perception_v2,1,1,1,0.44081766522342525,,1,2471.8549512326717,0,22.70759455859661,2471.8549512326717,2516.786525025964,33.51004776921448,33.63375033667898,33.51004776921448,33.51165724406449,0.44081766522342525,30.86031987631347
cracker_box_yalehand0_black10_5,298,1.1743653527983582,0.4708562288279568,1.8316091685601175,1.5710227364045326,0.06581057019344963,0.05644757836134534,0.9274193548387096,0.7946843853820601,-0.7035091239704014,-0.26058643215558486,MODE_3_RELOCALIZE,simple,four_mode_relocalization_v2,,0,0,0,False,1,0,0.4708562288279568,0,0,restarted_se3,1,47.63117432594299,2.1548615768551826,0,299,cache_read_only_not_online_fps,b18588ca73eff0bed9b27155081eb3c6df55568f77c0b4b80229d1c92a313cef,cached_perception_v2,1,1,1,0.4865184173840363,,1,2470.0324181467295,0,20.332285203039646,2470.0324181467295,2519.8184540495276,33.82002184990534,33.83936104646993,33.82002184990534,33.821599885803636,0.4865184173840363,30.79782560987091
cracker_box_yalehand0_black10_5,299,1.1098257368362816,0.5718825914963906,1.9165926497893715,1.5523523453654633,0.06886406624092695,0.05577674251868478,0.9274193548387096,0.7946843853820601,-0.537943145339891,-0.3642403044239082,MODE_3_RELOCALIZE,simple,four_mode_relocalization_v2,,0,0,0,False,1,0,0.5718825914963906,0,0,restarted_se3,1,47.980316914618015,3.578200936317444,0,300,cache_read_only_not_online_fps,b18588ca73eff0bed9b27155081eb3c6df55568f77c0b4b80229d1c92a313cef,cached_perception_v2,1,1,1,0.4970470069552691,,1,2464.0905540436506,0,21.43148612231016,2464.0905540436506,2515.649071894586,33.84288263253383,33.94300364822948,33.84288263253383,33.84429688949717,0.4970470069552691,30.598800077617405
cracker_box_yalehand0_black10_5,300,1.0685371960587893,0.6212811134791056,2.003290238923375,1.660376296755451,0.07197915098348234,0.05965809338630097,0.9274193548387096,0.7946843853820601,-0.44725608257968363,-0.34291394216792415,MODE_3_RELOCALIZE,simple,four_mode_relocalization_v2,,0,0,0,False,1,0,0.6212811134791056,0,0,restarted_se3,1,44.752417132258415,2.9577668756246567,0,301,cache_read_only_not_online_fps,b18588ca73eff0bed9b27155081eb3c6df55568f77c0b4b80229d1c92a313cef,cached_perception_v2,1,1,1,0.5248816533925585,,1,2477.2403417155147,0,17.36985892057419,2477.2403417155147,2524.9505257233977,34.46422145276118,34.293688606677215,34.46422145276118,34.46533041276588,0.5248816533925585,30.377560491652005
cracker_box_yalehand0_black10_5,301,1.0188054613253346,0.5100232420377099,1.9911213031495183,1.6576260190031136,0.07154191545547145,0.059559274626175426,0.9274193548387096,0.7946843853820601,-0.5087822192876247,-0.3334952841464047,MODE_3_RELOCALIZE,simple,four_mode_relocalization_v2,,0,0,0,False,1,0,0.5100232420377099,0,0,restarted_se3,1,51.96088831871748,3.3139409497380257,0,302,cache_read_only_not_online_fps,b18588ca73eff0bed9b27155081eb3c6df55568f77c0b4b80229d1c92a313cef,cached_perception_v2,1,1,1,0.518814812245647,,1,2488.303354009986,0,24.632958695292473,2488.303354009986,2543.5781832784414,34.76466872251066,34.79735480943849,34.76466872251066,34.80978317340103,0.518814812245647,30.344322724237056
cracker_box_yalehand0_black10_5,302,1.0491727575528795,0.5760455502684251,2.0097654372793228,1.586731609278822,0.07221180787515734,0.05701200547751123,0.9274193548387096,0.7946843853820601,-0.47312720728445445,-0.4230338280005008,MODE_3_RELOCALIZE,simple,four_mode_relocalization_v2,,0,0,0,False,1,0,0.5760455502684251,0,0,restarted_se3,1,47.02093545347452,2.4509169161319733,0,303,cache_read_only_not_online_fps,b18588ca73eff0bed9b27155081eb3c6df55568f77c0b4b80229d1c92a313cef,cached_perception_v2,1,1,1,0.5498140429413959,,1,2464.0733245760202,0,21.85643371194601,2464.0733245760202,2513.5451769456267,34.900585161197235,34.99919330809557,34.900585161197235,34.901613557458546,0.5498140429413959,30.073431616111723
cracker_box_yalehand0_black10_5,303,1.0981214337236518,0.5582014142892027,2.0484805686640697,1.5993035415960366,0.07360286057093929,0.05746372085895353,0.9274193548387096,0.7946843853820601,-0.5399200194344491,-0.4491770270680331,MODE_3_RELOCALIZE,simple,four_mode_relocalization_v2,,0,0,0,False,1,0,0.5582014142892027,0,0,restarted_se3,1,45.510292053222656,3.105413168668747,0,304,cache_read_only_not_online_fps,b18588ca73eff0bed9b27155081eb3c6df55568f77c0b4b80229d1c92a313cef,cached_perception_v2,1,1,1,0.5371325849521702,,1,2477.6601353660226,0,21.9957260414958,2477.6601353660226,2526.275840587914,35.2577456451717,35.28992580131079,35.2577456451717,35.2587322521453,0.5371325849521702,30.027627746685393
cracker_box_yalehand0_black10_5,304,1.0449418384670774,0.5265391945596393,1.9931864153023389,1.614672055573798,0.07161611589660452,0.05801591872150167,0.9274193548387096,0.7946843853820601,-0.5184026439074382,-0.37851435972854097,MODE_3_RELOCALIZE,simple,four_mode_relocalization_v2,,0,0,0,False,1,0,0.5265391945596393,0,0,restarted_se3,1,44.867212884128094,2.93110404163599,0,305,cache_read_only_not_online_fps,b18588ca73eff0bed9b27155081eb3c6df55568f77c0b4b80229d1c92a313cef,cached_perception_v2,1,1,1,0.4730306009620441,,1,2471.3077805936337,0,22.397125139832497,2471.3077805936337,2519.1060975193977,35.591572299678184,35.561507500854425,35.591572299678184,35.5926524993911,0.4730306009620441,29.92624577960189
cracker_box_yalehand0_black10_5,305,0.9877693706460084,0.41844785711343135,2.024264789810619,1.5507683463513593,0.07273277636226672,0.05571982869662415,0.9274193548387096,0.7946843853820601,-0.5693215135325771,-0.4734964434592599,MODE_3_RELOCALIZE,simple,four_mode_relocalization_v2,,0,0,0,False,1,0,0.41844785711343135,0,0,restarted_se3,1,46.99310101568699,4.042803309857845,0,306,cache_read_only_not_online_fps,b18588ca73eff0bed9b27155081eb3c6df55568f77c0b4b80229d1c92a313cef,cached_perception_v2,1,1,1,0.4952535476208708,,1,2467.5749288871884,0,21.725698374211788,2467.5749288871884,2518.6108332127333,35.957983017351246,35.97711401536971,35.957983017351246,35.95904078643354,0.4952535476208708,30.11623153721908
cracker_box_yalehand0_black10_5,306,1.1825891357862945,0.5968588605574277,2.0140228774325637,1.6202834618424797,0.07236477968205735,0.058217539161313815,0.9274193548387096,0.7946843853820601,-0.5857302752288669,-0.39373941559008396,MODE_3_RELOCALIZE,simple,four_mode_relocalization_v2,,0,0,0,False,1,0,0.5968588605574277,0,0,restarted_se3,1,47.32228070497513,2.1361755207180977,0,307,cache_read_only_not_online_fps,b18588ca73eff0bed9b27155081eb3c6df55568f77c0b4b80229d1c92a313cef,cached_perception_v2,1,1,1,0.42697671244496405,,1,2468.3573376387358,0,20.858597941696644,2468.3573376387358,2517.815793864429,36.13389796838867,36.23934930778013,36.13389796838867,36.13501043420458,0.42697671244496405,30.39457613569833
cracker_box_yalehand0_black10_5,307,1.0063739328911994,0.39532297944211214,1.9393185520296539,1.5481895934053629,0.06968061848922635,0.05562717290264957,0.9274193548387096,0.7946843853820601,-0.6110509534490872,-0.391128958624291,MODE_3_RELOCALIZE,simple,four_mode_relocalization_v2,,0,0,0,False,1,0,0.39532297944211214,0,0,restarted_se3,1,48.090068623423576,2.4331919848918915,0,308,cache_read_only_not_online_fps,b18588ca73eff0bed9b27155081eb3c6df55568f77c0b4b80229d1c92a313cef,cached_perception_v2,1,1,1,0.4368916763983704,,1,2462.9086274653673,0,21.099464036524296,2462.9086274653673,2513.431888073683,36.652868202817615,36.474380162965,36.652868202817615,36.65372709372342,0.4368916763983704,30.509497186415572
cracker_box_yalehand0_black10_5,308,1.0794358368879988,0.47546922257225194,2.041018371041675,1.4787781859817708,0.07333474033609025,0.05313318871711097,0.9274193548387096,0.7946843853820601,-0.6039666143157469,-0.5622401850599041,MODE_3_RELOCALIZE,simple,four_mode_relocalization_v2,,0,0,0,False,1,0,0.47546922257225194,0,0,restarted_se3,1,47.18773998320103,1.9909106194972992,0,309,cache_read_only_not_online_fps,b18588ca73eff0bed9b27155081eb3c6df55568f77c0b4b80229d1c92a313cef,cached_perception_v2,1,1,1,1.9350023472669495,,1,2463.7127174064517,0,21.893532015383244,2463.7127174064517,2512.89136800915,37.00109734100868,36.89560404709942,37.00109734100868,37.00182096981287,1.9350023472669495,30.81845523034186
cracker_box_yalehand0_black10_5,309,2.1009012846359902,2.7350143912871214,1.7212718404974359,2.02833084785745,0.06184609862491345,0.07287887172097907,0.7946843853820601,0.9274193548387096,0.6341131066511312,0.3070590073600141,MODE_3_RELOCALIZE,simple,four_mode_relocalization_v2,,0,0,0,False,1,1,2.1009012846359902,0,0,restarted_se3,1,48.92263188958168,2.345360815525055,0,310,cache_read_only_not_online_fps,b18588ca73eff0bed9b27155081eb3c6df55568f77c0b4b80229d1c92a313cef,cached_perception_v2,1,1,1,0.458219893595979,,1,2474.033717997372,0,22.58499339222908,2474.033717997372,2525.301710702479,37.346385726266405,37.364016854645406,37.346385726266405,37.34734531972424,0.458219893595979,31.308610728302806
cracker_box_yalehand0_black10_5,310,1.1607674091129079,1.808741394320651,1.9733109017206099,1.6316615864668589,0.07090197943990098,0.05862636047653533,0.9274193548387096,0.7946843853820601,0.6479739852077431,-0.341649315253751,MODE_3_RELOCALIZE,simple,four_mode_relocalization_v2,,0,0,0,False,1,1,1.1607674091129079,0,0,restarted_se3,1,48.407125286757946,1.9454443827271461,0,311,cache_read_only_not_online_fps,b18588ca73eff0bed9b27155081eb3c6df55568f77c0b4b80229d1c92a313cef,cached_perception_v2,1,1,1,0.5394144323173352,,1,2469.985949806869,0,21.736541762948036,2469.985949806869,2520.338519476354,37.690144695624426,37.77592560706701,37.690144695624426,37.69091537023136,0.5394144323173352,31.91699499113009
cracker_box_yalehand0_black10_5,311,1.277599876873526,0.6318590916445523,2.0118244795861666,1.475239530176873,0.07228579022389844,0.05300604316650109,0.9274193548387096,0.7946843853820601,-0.6457407852289736,-0.5365849494092936,MODE_3_RELOCALIZE,simple,four_mode_relocalization_v2,,0,0,0,False,1,0,0.6318590916445523,0,0,restarted_se3,1,48.73531125485897,2.309270203113556,0,312,cache_read_only_not_online_fps,b18588ca73eff0bed9b27155081eb3c6df55568f77c0b4b80229d1c92a313cef,cached_perception_v2,1,1,1,1.8971059789301632,,1,2457.376283593476,0,22.05063682049513,2457.376283593476,2508.4208650514483,37.87176332148592,37.94171115114785,37.87176332148592,37.87259233923951,1.8971059789301632,32.42137169489459
cracker_box_yalehand0_black10_5,312,2.0868583585615035,2.7673811594507605,1.6601445144162883,2.0384939278427487,0.05964976533894081,0.07324403591661363,0.7946843853820601,0.9274193548387096,0.680522800889257,0.37834941342646045,MODE_3_RELOCALIZE,simple,four_mode_relocalization_v2,,0,0,0,False,1,1,2.0868583585615035,0,0,restarted_se3,1,47.35716711729765,2.289990894496441,0,313,cache_read_only_not_online_fps,b18588ca73eff0bed9b27155081eb3c6df55568f77c0b4b80229d1c92a313cef,cached_perception_v2,1,1,1,0.4747736629924024,,1,2464.156704954803,0,21.070126444101334,2464.156704954803,2513.803862966597,38.50984963687726,38.39954512073779,38.50984963687726,38.51049740602192,0.4747736629924024,33.20602381995062
cracker_box_yalehand0_black10_5,313,0.9136108529817046,1.828111996813702,1.8995043649432635,1.7426200013765505,0.0682500762103821,0.0626131479846524,0.9274193548387096,0.7946843853820601,0.9145011438319974,-0.15688436356671298,MODE_3_RELOCALIZE,simple,four_mode_relocalization_v2,,0,0,0,False,1,0,0.9136108529817046,0,0,restarted_se3,1,47.02741373330355,2.1729031577706337,0,314,cache_read_only_not_online_fps,b18588ca73eff0bed9b27155081eb3c6df55568f77c0b4b80229d1c92a313cef,cached_perception_v2,1,1,1,0.4396626431323234,,1,2465.011555701494,0,21.107051521539688,2465.011555701494,2514.2118725925684,38.91558491998739,38.83929536642304,38.91558491998739,38.91615813318065,0.4396626431323234,33.96568517143347
cracker_box_yalehand0_black10_5,314,0.9995174011459452,0.5059351511362209,1.9284003305261095,1.5021612386345393,0.06928832170725976,0.053973352685689424,0.9274193548387096,0.7946843853820601,-0.49358225000972433,-0.42623909189157017,MODE_3_RELOCALIZE,simple,four_mode_relocalization_v2,,0,0,0,False,1,0,0.5059351511362209,0,0,restarted_se3,1,47.026900574564934,2.1377447992563248,0,315,cache_read_only_not_online_fps,b18588ca73eff0bed9b27155081eb3c6df55568f77c0b4b80229d1c92a313cef,cached_perception_v2,1,1,1,0.4945675434766221,,1,2461.822216399014,0,21.837759763002396,2461.822216399014,2510.9868617728353,38.762459020429354,38.878675590871,38.762459020429354,38.76285528871092,0.4945675434766221,34.51395995180479
cracker_box_yalehand0_black10_5,315,1.151446301621995,0.4593129047880335,1.8232041401119956,1.4858222658437004,0.0655085736080657,0.053386285786157756,0.7946843853820601,0.7946843853820601,-0.6921333968339614,-0.33738187426829525,MODE_3_RELOCALIZE,simple,four_mode_relocalization_v2,,0,0,0,False,1,0,0.4593129047880335,0,0,restarted_se3,1,47.88644053041935,2.246808260679245,0,316,cache_read_only_not_online_fps,b18588ca73eff0bed9b27155081eb3c6df55568f77c0b4b80229d1c92a313cef,cached_perception_v2,1,1,1,0.5028436837204057,,1,2461.0344488173723,0,21.33961021900177,2461.0344488173723,2511.167697608471,39.269993424105934,39.398296788114365,39.269993424105934,39.270470578138095,0.5028436837204057,35.779512123578755
cracker_box_yalehand0_black10_5,316,1.0247668942695838,0.5723423390822343,1.7129963661962078,1.467845496313785,0.06154875698034568,0.05274037208725986,0.7946843853820601,0.7946843853820601,-0.4524245551873495,-0.24515086988242274,MODE_3_RELOCALIZE,simple,four_mode_relocalization_v2,,0,0,0,False,1,0,0.5723423390822343,0,0,restarted_se3,1,46.79064080119133,1.7977859824895859,0,317,cache_read_only_not_online_fps,b18588ca73eff0bed9b27155081eb3c6df55568f77c0b4b80229d1c92a313cef,cached_perception_v2,1,1,1,0.44603568482231143,,1,2472.995319403708,0,21.65216486901045,2472.995319403708,2521.583746187389,39.92542367744839,39.75986327203378,39.92542367744839,39.92577671549578,0.44603568482231143,36.770064741436755
cracker_box_yalehand0_black10_5,317,1.0257364373040994,0.4091552889300326,1.9215712730102772,1.4651138022207955,0.06904295049121913,0.05264222104666694,0.9274193548387096,0.7946843853820601,-0.6165811483740667,-0.45645747078948173,MODE_3_RELOCALIZE,simple,four_mode_relocalization_v2,,0,0,0,False,1,0,0.4091552889300326,0,0,restarted_se3,1,47.19080775976181,2.352670766413212,0,318,cache_read_only_not_online_fps,b18588ca73eff0bed9b27155081eb3c6df55568f77c0b4b80229d1c92a313cef,cached_perception_v2,1,1,1,0.4266076647184547,,1,2459.8881928250194,0,20.75934037566185,2459.8881928250194,2509.4316713511944,40.067453280647605,40.08304850174475,40.067453280647605,40.0675111675206,0.4266076647184547,37.7918401164537
cracker_box_yalehand0_black10_5,318,1.0426944374067886,0.4122271837082249,1.9556823923688682,1.4232610402328891,0.07026857889134908,0.05113843182248428,0.9274193548387096,0.7946843853820601,-0.6304672536985636,-0.5324213521359791,MODE_3_RELOCALIZE,simple,four_mode_relocalization_v2,,0,0,0,False,1,0,0.4122271837082249,0,0,restarted_se3,1,49.817271530628204,2.149299718439579,0,319,cache_read_only_not_online_fps,b18588ca73eff0bed9b27155081eb3c6df55568f77c0b4b80229d1c92a313cef,cached_perception_v2,1,1,1,0.4642474477109252,,1,2470.043934881687,0,21.048180758953094,2470.043934881687,2522.010506130755,40.45250161577451,40.50119416500929,40.45250161577451,40.452521156042124,0.4642474477109252,39.02672070633504
cracker_box_yalehand0_black10_5,319,1.0277207545681477,0.5151447906394222,1.864744501268757,1.4256815307884683,0.06700113812493662,0.05122540117508681,0.9274193548387096,0.7946843853820601,-0.5125759639287255,-0.43906297048028864,MODE_3_RELOCALIZE,simple,four_mode_relocalization_v2,,0,0,0,False,1,0,0.5151447906394222,0,0,restarted_se3,1,45.62772996723652,2.126060426235199,0,320,cache_read_only_not_online_fps,b18588ca73eff0bed9b27155081eb3c6df55568f77c0b4b80229d1c92a313cef,cached_perception_v2,1,1,1,0.4722742457297086,,1,2474.912458099425,0,22.38871157169342,2474.912458099425,2522.6662484928966,41.00637934883032,40.82689518947421,41.00637934883032,41.00639349690245,0.4722742457297086,40.0551948318953
cracker_box_yalehand0_black10_5,320,0.9796637081666032,0.47511430209080513,1.8271123158568399,1.3993891528627431,0.06564899618216026,0.05028070379491706,0.7946843853820601,0.7946843853820601,-0.504549406075798,-0.42772316299409674,MODE_3_RELOCALIZE,simple,four_mode_relocalization_v2,,0,0,0,False,1,0,0.47511430209080513,0,0,restarted_se3,1,46.193404123187065,2.8254464268684387,0,321,cache_read_only_not_online_fps,b18588ca73eff0bed9b27155081eb3c6df55568f77c0b4b80229d1c92a313cef,cached_perception_v2,1,1,1,0.45024118840918026,,1,2464.927659370005,0,14.269334264099598,2464.927659370005,2513.9465099200606,40.91283814154072,41.02390915872957,40.91283814154072,40.912757938059826,0.45024118840918026,40.91283814154072
cracker_box_yalehand0_black10_5,321,0.9813101153927991,0.4513603045856094,1.8250503922843606,1.3927565528274544,0.0655749103082034,0.05004239138761971,0.7946843853820601,0.7946843853820601,-0.5299498108071897,-0.43229383945690625,MODE_3_RELOCALIZE,simple,four_mode_relocalization_v2,,0,0,0,False,1,0,0.4513603045856094,0,0,restarted_se3,1,46.17839213460684,4.493437707424164,0,322,cache_read_only_not_online_fps,b18588ca73eff0bed9b27155081eb3c6df55568f77c0b4b80229d1c92a313cef,cached_perception_v2,1,1,1,0.40425650282457265,,1,2462.938011623919,0,21.312527358531952,2462.938011623919,2513.60984146595,41.32226072321317,41.2799929092544,41.32226072321317,41.32223999563275,0.40425650282457265,41.32226072321317
cracker_box_yalehand0_black10_5,322,1.0678291814098277,0.33813611427971807,1.8480249395471533,1.3762165488072486,0.06640039648792663,0.04944810134242006,0.9274193548387096,0.7946843853820601,-0.7296930671301096,-0.47180839073990466,MODE_3_RELOCALIZE,simple,four_mode_relocalization_v2,,0,0,0,False,1,0,0.33813611427971807,0,0,restarted_se3,1,44.3420335650444,2.037540078163147,0,323,cache_read_only_not_online_fps,b18588ca73eff0bed9b27155081eb3c6df55568f77c0b4b80229d1c92a313cef,cached_perception_v2,1,1,1,0.4465821296129933,,1,2471.160407178104,0,20.650992169976234,2471.160407178104,2517.5399808213115,41.667794737964805,41.5411842731463,41.667794737964805,41.667833985681604,0.4465821296129933,41.59321960111393
cracker_box_yalehand0_black10_5,323,1.1382088797598322,0.5878394741039263,1.9420935070593945,1.4298794484470654,0.06978032391541833,0.051376234311041574,0.9274193548387096,0.7946843853820601,-0.5503694056559059,-0.5122140586123292,MODE_3_RELOCALIZE,simple,four_mode_relocalization_v2,,0,0,0,False,1,0,0.5878394741039263,0,0,restarted_se3,1,60.832491144537926,2.0625097677111626,0,324,cache_read_only_not_online_fps,b18588ca73eff0bed9b27155081eb3c6df55568f77c0b4b80229d1c92a313cef,cached_perception_v2,1,1,1,0.5136622251091957,,1,2468.336943536997,0,20.418690517544746,2468.336943536997,2531.231944449246,42.238542180814335,42.10220037255308,42.238542180814335,42.237226319397685,0.5136622251091957,42.038942796002075
cracker_box_yalehand0_black10_5,324,1.1768707293779905,0.5756845502909007,1.9649640781420181,1.4040737561420227,0.0706020741825785,0.05044902377181576,0.9274193548387096,0.7946843853820601,-0.6011861790870898,-0.5608903219999954,MODE_3_RELOCALIZE,simple,four_mode_relocalization_v2,,0,0,0,False,1,0,0.5756845502909007,0,0,restarted_se3,1,49.764265306293964,2.0403703674674034,0,325,cache_read_only_not_online_fps,b18588ca73eff0bed9b27155081eb3c6df55568f77c0b4b80229d1c92a313cef,cached_perception_v2,1,1,1,0.42962518768797875,,1,2463.5302843526006,0,19.075150601565838,2463.5302843526006,2515.334920026362,42.32962953893719,42.4782307410066,42.32962953893719,42.32972320667246,0.42962518768797875,42.32962953893719
cracker_box_yalehand0_black10_5,325,1.0016080933333127,0.5806776624688648,1.6520259427425261,1.387806447915848,0.05935806127882918,0.04986453181345832,0.7946843853820601,0.7946843853820601,-0.4209304308644479,-0.26421949482667806,MODE_3_RELOCALIZE,simple,four_mode_relocalization_v2,,0,0,0,False,1,0,0.5806776624688648,0,0,restarted_se3,1,54.94753364473581,2.1522045135498047,0,326,cache_read_only_not_online_fps,b18588ca73eff0bed9b27155081eb3c6df55568f77c0b4b80229d1c92a313cef,cached_perception_v2,1,1,1,0.5651392926179291,,1,2463.482119143009,0,23.935302160680294,2463.482119143009,2520.581857301295,42.46636009919845,42.59298463772348,42.46636009919845,42.46648477359029,0.5651392926179291,42.46636009919845
cracker_box_yalehand0_black10_5,326,1.3732131696860252,0.9652506692719335,1.965338792647933,1.6224926089809562,0.07061553784923692,0.05829691484654183,0.9274193548387096,0.7946843853820601,-0.40796250041409177,-0.34284618366697694,MODE_3_RELOCALIZE,simple,four_mode_relocalization_v2,,0,0,0,False,1,0,0.9652506692719335,0,0,restarted_se3,1,44.676381163299084,2.426495775580406,0,327,cache_read_only_not_online_fps,b18588ca73eff0bed9b27155081eb3c6df55568f77c0b4b80229d1c92a313cef,cached_perception_v2,1,1,1,0.45512670958238094,,1,2458.2105660811067,0,24.200143292546272,2458.2105660811067,2505.313443019986,42.671770031080136,42.82025594680401,42.671770031080136,42.67188597971715,0.45512670958238094,42.671770031080136
cracker_box_yalehand0_black10_5,327,1.1028685896167096,0.4391897671635737,1.919985059031441,1.3775744569671717,0.06898595708444441,0.04949689161482579,0.9274193548387096,0.7946843853820601,-0.6636788224531359,-0.5424106020642692,MODE_3_RELOCALIZE,simple,four_mode_relocalization_v2,,0,0,0,False,1,0,0.4391897671635737,0,0,restarted_se3,1,48.26917964965105,2.406436949968338,0,328,cache_read_only_not_online_fps,b18588ca73eff0bed9b27155081eb3c6df55568f77c0b4b80229d1c92a313cef,cached_perception_v2,1,1,1,0.45932694774542954,,1,2462.1281567960978,0,20.306956954300404,2462.1281567960978,2512.803773395717,42.9200054119774,42.858232721898695,42.9200054119774,42.92016856729469,0.45932694774542954,42.63915661358961
cracker_box_yalehand0_black10_5,328,1.108744700255936,0.5423549267533062,1.901301849210347,1.3729229263427492,0.0683146606569775,0.04932975995381418,0.9274193548387096,0.7946843853820601,-0.5663897735026299,-0.5283789228675979,MODE_3_RELOCALIZE,simple,four_mode_relocalization_v2,,0,0,0,False,1,0,0.5423549267533062,0,0,restarted_se3,1,46.634926460683346,2.219032496213913,0,329,cache_read_only_not_online_fps,b18588ca73eff0bed9b27155081eb3c6df55568f77c0b4b80229d1c92a313cef,cached_perception_v2,1,1,1,0.5180234127500211,,1,2465.993069112301,0,21.192112006247044,2465.993069112301,2514.847028069198,43.04574274267124,43.0143763666523,43.04574274267124,43.04589633892352,0.5180234127500211,42.70570021553346
cracker_box_yalehand0_black10_5,329,1.3176784749060135,0.6820072244185773,1.9249061879701828,1.339258454999312,0.06916277553841005,0.04812017982482067,0.9274193548387096,0.7946843853820601,-0.6356712504874362,-0.5856477329708707,MODE_3_RELOCALIZE,simple,four_mode_relocalization_v2,,0,0,0,False,1,0,0.6820072244185773,0,0,restarted_se3,1,48.83981216698885,2.872752957046032,0,330,cache_read_only_not_online_fps,b18588ca73eff0bed9b27155081eb3c6df55568f77c0b4b80229d1c92a313cef,cached_perception_v2,1,1,1,0.4293168932190234,,1,2464.570952579379,0,22.72939309477806,2464.570952579379,2516.283517703414,43.73064552276767,43.59332638206364,43.73064552276767,43.7308635108906,0.4293168932190234,43.0570105186794
cracker_box_yalehand0_black10_5,330,1.0379535751057307,0.4874264767414192,1.7452663889509594,1.3433069157597326,0.0627082339223154,0.048265642904839284,0.7946843853820601,0.7946843853820601,-0.5505270983643116,-0.4019594731912268,MODE_3_RELOCALIZE,simple,four_mode_relocalization_v2,,0,0,0,False,1,0,0.4874264767414192,0,0,restarted_se3,1,39.77165278047323,1.9667912274599075,0,331,cache_read_only_not_online_fps,b18588ca73eff0bed9b27155081eb3c6df55568f77c0b4b80229d1c92a313cef,cached_perception_v2,1,1,1,0.32591572468329094,,1,2431.2445633113384,0,17.203088849782944,2431.2445633113384,2472.9830073192716,43.6665290453161,43.76493113237472,43.6665290453161,43.666713315990926,0.32591572468329094,43.10441425532998
cracker_box_yalehand0_black10_5,331,1.0096168721252348,0.3948129829834537,1.8837853068749715,1.2717785096596443,0.06768528313545363,0.045695593971214435,0.9274193548387096,0.7946843853820601,-0.6148038891417811,-0.6120067972153271,MODE_3_RELOCALIZE,simple,four_mode_relocalization_v2,,0,0,0,False,1,0,0.3948129829834537,0,0,restarted_se3,1,44.57816109061241,2.364574931561947,0,332,cache_read_only_not_online_fps,b18588ca73eff0bed9b27155081eb3c6df55568f77c0b4b80229d1c92a313cef,cached_perception_v2,1,1,1,0.28715975886872214,,1,2461.541283875704,0,14.678312465548515,2461.541283875704,2508.484019897878,44.0086374399797,44.00395172087228,44.0086374399797,44.00881942103735,0.28715975886872214,43.229336248969034
cracker_box_yalehand0_black10_5,332,1.1245194418734972,0.4269842771424487,1.8783234420212782,1.307006613203103,0.06748903578830605,0.046961356133156135,0.9274193548387096,0.7946843853820601,-0.6975351647310485,-0.5713168288181751,MODE_3_RELOCALIZE,simple,four_mode_relocalization_v2,,0,0,0,False,1,0,0.4269842771424487,0,0,restarted_se3,1,46.732816845178604,2.1606218069791794,0,333,cache_read_only_not_online_fps,b18588ca73eff0bed9b27155081eb3c6df55568f77c0b4b80229d1c92a313cef,cached_perception_v2,1,1,1,0.3114433119689505,,1,2466.085380874574,0,20.67675068974495,2466.085380874574,2514.978819526732,44.92758616935501,44.7981886650972,44.92758616935501,44.92786999983572,0.3114433119689505,43.7795871498663
cracker_box_yalehand0_black10_5,333,1.0983064800265154,0.4371182853067636,1.8949151974167529,1.2601717553659204,0.0680851852845137,0.045278557885527156,0.9274193548387096,0.7946843853820601,-0.6611881947197518,-0.6347434420508324,MODE_3_RELOCALIZE,simple,four_mode_relocalization_v2,,0,0,0,False,1,0,0.4371182853067636,0,0,restarted_se3,1,47.156793996691704,2.7892878279089928,0,334,cache_read_only_not_online_fps,b18588ca73eff0bed9b27155081eb3c6df55568f77c0b4b80229d1c92a313cef,cached_perception_v2,1,1,1,0.5269206813321088,,1,2467.8166434168816,0,23.945732042193413,2467.8166434168816,2517.7627252414823,45.64916818387648,45.58008739336666,45.64916818387648,45.6495362358082,0.5269206813321088,44.262573017969956
cracker_box_yalehand0_black10_5,334,1.4887594373761588,0.8944076931886202,1.914282586316629,1.3817115470271881,0.06878106458482378,0.049645539186843224,0.9274193548387096,0.7946843853820601,-0.5943517441875386,-0.5325710392894409,MODE_3_RELOCALIZE,simple,four_mode_relocalization_v2,,0,0,0,False,1,0,0.8944076931886202,0,0,restarted_se3,1,57.596721686422825,2.0968662574887276,0,335,cache_read_only_not_online_fps,b18588ca73eff0bed9b27155081eb3c6df55568f77c0b4b80229d1c92a313cef,cached_perception_v2,1,1,1,0.5448424945755588,,1,2472.099862061441,0,22.686532698571682,2472.099862061441,2531.7934500053525,46.41363609080141,46.37045296548784,46.41363609080141,46.41397515791721,0.5448424945755588,44.77277452302967
cracker_box_yalehand0_black10_5,335,1.3151015722517785,0.4642681515599966,1.8772614464906083,1.2339568476590848,0.06745087779444144,0.04433664404639096,0.9274193548387096,0.7946843853820601,-0.8508334206917818,-0.6433045988315236,MODE_3_RELOCALIZE,simple,four_mode_relocalization_v2,,0,0,0,False,1,0,0.4642681515599966,0,0,restarted_se3,1,46.12225200980902,2.2260043770074844,0,336,cache_read_only_not_online_fps,b18588ca73eff0bed9b27155081eb3c6df55568f77c0b4b80229d1c92a313cef,cached_perception_v2,1,1,1,0.48451249706514604,,1,2467.5739808008075,0,21.68771345168352,2467.5739808008075,2515.922237187624,46.82457719734154,46.75930088499455,46.82457719734154,46.82507708670916,0.48451249706514604,44.86836525875517
cracker_box_yalehand0_black10_5,336,1.3243293549944235,0.5017702155780717,1.8786173265136996,1.2613661292629066,0.06749959519494653,0.045321472295726695,0.9274193548387096,0.7946843853820601,-0.8225591394163518,-0.617251197250793,MODE_3_RELOCALIZE,simple,four_mode_relocalization_v2,,0,0,0,False,1,0,0.5017702155780717,0,0,restarted_se3,1,46.99228145182133,2.282564528286457,0,337,cache_read_only_not_online_fps,b18588ca73eff0bed9b27155081eb3c6df55568f77c0b4b80229d1c92a313cef,cached_perception_v2,1,1,1,0.4805426538876285,,1,2462.150266394019,0,22.252362221479416,2462.150266394019,2511.425112374127,47.21104105481691,47.293994325367976,47.21104105481691,47.211711573028985,0.4805426538876285,45.26435246288481
cracker_box_yalehand0_black10_5,337,1.3348833254994992,0.49031564837462976,1.8794686155938303,1.1670935934456097,0.06753018240794181,0.041934216192070065,0.9274193548387096,0.7946843853820601,-0.8445676771248694,-0.7123750221482206,MODE_3_RELOCALIZE,simple,four_mode_relocalization_v2,,0,0,0,False,1,0,0.49031564837462976,0,0,restarted_se3,1,46.68746702373028,2.4877842515707016,0,338,cache_read_only_not_online_fps,b18588ca73eff0bed9b27155081eb3c6df55568f77c0b4b80229d1c92a313cef,cached_perception_v2,1,1,1,0.5159754375917437,,1,2467.0027010142803,0,23.392698727548122,2467.0027010142803,2516.1779522895813,47.90519873149457,47.9575503051695,47.90519873149457,47.90610427587898,0.5159754375917437,45.95999749664728
cracker_box_yalehand0_black10_5,338,1.3305034597637246,0.5517146345555091,1.7820161385420452,1.2310338771244964,0.06402866953520171,0.04423162035419623,0.7946843853820601,0.7946843853820601,-0.7787888252082156,-0.5509822614175488,MODE_3_RELOCALIZE,simple,four_mode_relocalization_v2,,0,0,0,False,1,0,0.5517146345555091,0,0,restarted_se3,1,47.55279514938593,2.682081423699856,0,339,cache_read_only_not_online_fps,b18588ca73eff0bed9b27155081eb3c6df55568f77c0b4b80229d1c92a313cef,cached_perception_v2,1,1,1,0.5384213384370001,,1,2476.7929324880242,0,21.869326010346413,2476.7929324880242,2527.02780906111,48.80237406413733,48.55035165815346,48.80237406413733,48.80324981823402,0.5384213384370001,46.48225577621239
cracker_box_yalehand0_black10_5,339,1.303302916762233,0.5130232336819749,1.880515924540591,1.1919062962351121,0.06756781270600873,0.04282574815568294,0.9274193548387096,0.7946843853820601,-0.7902796830802581,-0.6886096283054788,MODE_3_RELOCALIZE,simple,four_mode_relocalization_v2,,0,0,0,False,1,0,0.5130232336819749,0,0,restarted_se3,1,46.179864555597305,2.2883890196681023,0,340,cache_read_only_not_online_fps,b18588ca73eff0bed9b27155081eb3c6df55568f77c0b4b80229d1c92a313cef,cached_perception_v2,1,1,1,0.4279342276887292,,1,2469.426764175296,0,22.98150025308132,2469.426764175296,2517.8950177505612,49.23900514049698,49.095734989064205,49.23900514049698,49.239996916337525,0.4279342276887292,46.86827666579227
cracker_box_yalehand0_black10_5,340,1.2403199619584364,0.39858203050064367,1.7351017414900445,1.1689066952714517,0.06234301340655216,0.041999361784822935,0.7946843853820601,0.7946843853820601,-0.8417379314577927,-0.5661950462185927,MODE_3_RELOCALIZE,simple,four_mode_relocalization_v2,,0,0,0,False,1,0,0.39858203050064367,0,0,restarted_se3,1,46.34761717170477,4.516801796853542,0,341,cache_read_only_not_online_fps,b18588ca73eff0bed9b27155081eb3c6df55568f77c0b4b80229d1c92a313cef,cached_perception_v2,1,1,1,0.4938155456424176,,1,2471.355341374874,0,24.035326205193996,2471.355341374874,2522.2197603434324,49.575690333155286,49.67059044638156,49.575690333155286,49.57680282033125,0.4938155456424176,47.45177246983467
cracker_box_yalehand0_black10_5,341,1.259475066649147,0.49784579313714056,1.8290701596199783,1.1728962978220305,0.06571934242010966,0.04214271006195852,0.9274193548387096,0.7946843853820601,-0.7616292735120065,-0.6561738617979478,MODE_3_RELOCALIZE,simple,four_mode_relocalization_v2,,0,0,0,False,1,0,0.49784579313714056,0,0,restarted_se3,1,50.255222246050835,1.844358630478382,0,342,cache_read_only_not_online_fps,b18588ca73eff0bed9b27155081eb3c6df55568f77c0b4b80229d1c92a313cef,cached_perception_v2,1,1,1,0.4461000892344803,,1,2468.5094179585576,0,20.700454711914062,2468.5094179585576,2520.608998835087,49.9880722450101,50.050138669000646,49.9880722450101,49.98923833812114,0.4461000892344803,47.95584758643661
cracker_box_yalehand0_black10_5,342,1.3535716519905654,0.47946961690950896,1.835412928988231,1.152355410194744,0.06594724107660001,0.04140466640601089,0.9274193548387096,0.7946843853820601,-0.8741020350810564,-0.6830575187934871,MODE_3_RELOCALIZE,simple,four_mode_relocalization_v2,,0,0,0,False,1,0,0.47946961690950896,0,0,restarted_se3,1,44.835226610302925,2.5804974138736725,0,343,cache_read_only_not_online_fps,b18588ca73eff0bed9b27155081eb3c6df55568f77c0b4b80229d1c92a313cef,cached_perception_v2,1,1,1,0.5391849833341311,,1,2475.4069512709975,0,22.088706493377686,2475.4069512709975,2522.822675295174,50.577911415643406,50.45414826297353,50.577911415643406,50.57903319023137,0.5391849833341311,48.43250601687268
cracker_box_yalehand0_black10_5,343,1.2904868849367024,0.5442594407031529,1.8594433967998028,1.1706468666807412,0.0668106669732601,0.04206188695375388,0.9274193548387096,0.7946843853820601,-0.7462274442335495,-0.6887965301190615,MODE_3_RELOCALIZE,simple,four_mode_relocalization_v2,,0,0,0,False,1,0,0.5442594407031529,0,0,restarted_se3,1,49.6247923001647,4.702473990619183,0,344,cache_read_only_not_online_fps,b18588ca73eff0bed9b27155081eb3c6df55568f77c0b4b80229d1c92a313cef,cached_perception_v2,1,1,1,0.48960626950838243,,1,2479.8294473439455,0,26.37864649295807,2479.8294473439455,2534.1567136347294,50.727669034157564,50.79164940484412,50.727669034157564,50.72879287569392,0.48960626950838243,48.90709391392314
cracker_box_yalehand0_black10_5,344,1.3085316593444465,0.480874891437481,1.8580658762322024,1.1306493839547531,0.06676117201791532,0.040624758777239436,0.9274193548387096,0.66,-0.8276567679069655,-0.7274164922774493,MODE_3_RELOCALIZE,simple,four_mode_relocalization_v2,,0,0,0,False,1,0,0.480874891437481,0,0,restarted_se3,1,47.970001585781574,2.073589712381363,0,345,cache_read_only_not_online_fps,b18588ca73eff0bed9b27155081eb3c6df55568f77c0b4b80229d1c92a313cef,cached_perception_v2,1,1,1,0.546615688917986,,1,2461.0930187627673,0,25.655332021415234,2461.0930187627673,2511.1366100609303,50.92465219047382,51.05685148339829,50.92465219047382,50.92581976670716,0.546615688917986,49.46587547235473
cracker_box_yalehand0_black10_5,345,1.3253276067637847,0.5700675250954592,1.8385933025597785,1.1312008343917137,0.0660615133797553,0.04064457264818568,0.9274193548387096,0.66,-0.7552600816683255,-0.7073924681680648,MODE_3_RELOCALIZE,simple,four_mode_relocalization_v2,,0,0,0,False,1,0,0.5700675250954592,0,0,restarted_se3,1,39.50371313840151,2.0043309777975082,0,346,cache_read_only_not_online_fps,b18588ca73eff0bed9b27155081eb3c6df55568f77c0b4b80229d1c92a313cef,cached_perception_v2,1,1,1,0.5721650823921236,,1,2466.048877686262,0,21.709442138671875,2466.048877686262,2507.556921802461,50.82608915115501,51.00702232739975,50.82608915115501,50.82723826126075,0.5721650823921236,49.915214312543156
cracker_box_yalehand0_black10_5,346,1.3358094802576712,0.5925246422737654,1.8852267315129485,1.144006958155284,0.06773707419379973,0.04110470263733123,0.9274193548387096,0.7272727272727273,-0.7432848379839058,-0.7412197733576644,MODE_3_RELOCALIZE,simple,four_mode_relocalization_v2,,0,0,0,False,1,0,0.5925246422737654,0,0,restarted_se3,1,47.01016657054424,1.989268697798252,0,347,cache_read_only_not_online_fps,b18588ca73eff0bed9b27155081eb3c6df55568f77c0b4b80229d1c92a313cef,cached_perception_v2,1,1,1,0.4806631512089261,,1,2465.3352638706565,0,20.277081057429314,2465.3352638706565,2514.334699138999,51.40283416173976,51.164061185238,51.40283416173976,51.40396329084499,0.4806631512089261,50.360353477611966
cracker_box_yalehand0_black10_5,347,1.2803144136115099,0.3913149608984915,1.7922714747483344,1.137996200572732,0.06439714853980943,0.04088873331888032,0.7946843853820601,0.66,-0.8889994527130184,-0.6542752741756024,MODE_3_RELOCALIZE,simple,four_mode_relocalization_v2,,0,0,0,False,1,0,0.3913149608984915,0,0,restarted_se3,1,46.036397106945515,3.6103613674640656,0,348,cache_read_only_not_online_fps,b18588ca73eff0bed9b27155081eb3c6df55568f77c0b4b80229d1c92a313cef,cached_perception_v2,1,1,1,0.5324292496918442,,1,2480.620197020471,0,22.239929996430874,2480.620197020471,2530.2669554948807,51.82876770786346,51.58493456201537,51.82876770786346,51.82991427534765,0.5324292496918442,50.84134327632404
cracker_box_yalehand0_black10_5,348,1.2547917700500522,0.5980370519601115,1.8472124653129776,1.1943082425874287,0.06637120391041806,0.04291205120642837,0.9274193548387096,0.7946843853820601,-0.6567547180899407,-0.6529042227255488,MODE_3_RELOCALIZE,simple,four_mode_relocalization_v2,,0,0,0,False,1,0,0.5980370519601115,0,0,restarted_se3,1,44.4582412019372,2.1159378811717033,0,349,cache_read_only_not_online_fps,b18588ca73eff0bed9b27155081eb3c6df55568f77c0b4b80229d1c92a313cef,cached_perception_v2,1,1,1,0.5350798254389327,,1,2471.8457898125052,0,27.406572364270687,2471.8457898125052,2518.419968895614,52.318249907689626,52.17037320283913,52.318249907689626,52.31940546277555,0.5350798254389327,51.364467538280245
cracker_box_yalehand0_black10_5,349,1.2388831170433312,0.5371504073418197,1.823812963621828,1.113480869171966,0.06553044892023219,0.04000788604771597,0.7946843853820601,0.6060606060606061,-0.7017327097015115,-0.7103320944498621,MODE_3_RELOCALIZE,simple,four_mode_relocalization_v2,,0,0,0,False,1,0,0.5371504073418197,0,0,restarted_se3,1,51.01592559367418,2.389769069850445,0,350,cache_read_only_not_online_fps,b18588ca73eff0bed9b27155081eb3c6df55568f77c0b4b80229d1c92a313cef,cached_perception_v2,1,1,1,0.45330300534052786,,1,2452.7274426072836,0,21.777800284326077,2452.7274426072836,2506.133137270808,52.67979711505577,52.70346659877816,52.67979711505577,52.680934375415944,0.45330300534052786,51.88260164184448
cracker_box_yalehand0_black10_5,350,1.21366394389308,0.38009348623439726,1.6699611098498823,1.1364147992417157,0.060002480183315124,0.04083191283278248,0.7946843853820601,0.66,-0.8335704576586829,-0.5335463106081666,MODE_3_RELOCALIZE,simple,four_mode_relocalization_v2,,0,0,0,False,1,0,0.38009348623439726,0,0,restarted_se3,1,49.12989120930433,2.8141820803284645,0,351,cache_read_only_not_online_fps,b18588ca73eff0bed9b27155081eb3c6df55568f77c0b4b80229d1c92a313cef,cached_perception_v2,1,1,1,0.47027288816458046,,1,2457.5368110090494,0,22.793695330619812,2457.5368110090494,2509.480884298682,52.902556951683835,53.07101750152643,52.902556951683835,52.94518472191101,0.47027288816458046,52.43918593809301
cracker_box_yalehand0_black10_5,351,1.2373189353799994,0.48044321426684466,1.877069391316557,1.1343757626118125,0.06744397716262004,0.040758649297328156,0.9274193548387096,0.66,-0.7568757211131547,-0.7426936287047445,MODE_3_RELOCALIZE,simple,four_mode_relocalization_v2,,0,0,0,False,1,0,0.48044321426684466,0,0,restarted_se3,1,53.12275420874357,2.192544750869274,0,352,cache_read_only_not_online_fps,b18588ca73eff0bed9b27155081eb3c6df55568f77c0b4b80229d1c92a313cef,cached_perception_v2,1,1,1,0.5883455749578451,,1,2474.38517306,0,23.36728572845459,2474.38517306,2529.700472019613,53.37920168271373,53.39617495188491,53.37920168271373,53.38050409543085,0.5883455749578451,53.00351756851002
cracker_box_yalehand0_black10_5,352,1.3253248372039808,0.7121827264790588,1.8591801841635385,1.157415843617939,0.06680120962069165,0.04158649013496081,0.9274193548387096,0.7946843853820601,-0.613142110724922,-0.7017643405455996,MODE_3_RELOCALIZE,simple,four_mode_relocalization_v2,,0,0,0,False,1,0,0.7121827264790588,0,0,restarted_se3,1,46.15089017897844,2.5507789105176926,0,353,cache_read_only_not_online_fps,b18588ca73eff0bed9b27155081eb3c6df55568f77c0b4b80229d1c92a313cef,cached_perception_v2,1,1,1,0.5305012605922577,,1,2459.339895285666,0,12.835172936320305,2459.339895285666,2508.041564375162,53.509192852670914,53.64419962614474,53.509192852670914,53.51054774247651,0.5305012605922577,53.509192852670914
cracker_box_yalehand0_black10_5,353,1.2961353143789462,0.5271464927327393,1.847049314008677,1.1545406830941347,0.06636534180809399,0.0414831842787131,0.9274193548387096,0.7946843853820601,-0.768988821646207,-0.6925086309145423,MODE_3_RELOCALIZE,simple,four_mode_relocalization_v2,,0,0,0,False,1,0,0.5271464927327393,0,0,restarted_se3,1,49.27560966461897,1.9784113392233849,0,354,cache_read_only_not_online_fps,b18588ca73eff0bed9b27155081eb3c6df55568f77c0b4b80229d1c92a313cef,cached_perception_v2,1,1,1,0.5286802787861202,,1,2461.9174655526876,0,21.562756970524788,2461.9174655526876,2513.17148655653,54.12190283374238,54.10666825987514,54.12190283374238,54.12327589642915,0.5286802787861202,54.12190283374238
cracker_box_yalehand0_black10_5,354,1.2706395603205975,0.5072183294098593,1.851751247187516,1.1609891159415904,0.06653428445635237,0.04171487947320639,0.9274193548387096,0.7946843853820601,-0.7634212309107382,-0.6907621312459256,MODE_3_RELOCALIZE,simple,four_mode_relocalization_v2,,0,0,0,False,1,0,0.5072183294098593,0,0,restarted_se3,1,45.85162177681923,1.961001195013523,0,355,cache_read_only_not_online_fps,b18588ca73eff0bed9b27155081eb3c6df55568f77c0b4b80229d1c92a313cef,cached_perception_v2,1,1,1,0.5022252389115727,,1,2451.189376413822,0,20.53389512002468,2451.189376413822,2499.001999385655,54.405616997299944,54.55058770054082,54.405616997299944,54.40702730646703,0.5022252389115727,54.405616997299944
cracker_box_yalehand0_black10_5,355,1.3047936008907104,0.4894673656469022,1.8169256018486937,1.1440538841581704,0.06528298280508117,0.04110638871046291,0.7946843853820601,0.7272727272727273,-0.8153262352438082,-0.6728717176905232,MODE_3_RELOCALIZE,simple,four_mode_relocalization_v2,,0,0,0,False,1,0,0.4894673656469022,0,0,restarted_se3,1,47.83914890140295,3.391498699784279,0,356,cache_read_only_not_online_fps,b18588ca73eff0bed9b27155081eb3c6df55568f77c0b4b80229d1c92a313cef,cached_perception_v2,1,1,1,0.4950187537288317,,1,2458.521435968578,0,21.602263674139977,2458.521435968578,2509.752083569765,55.049323827856036,55.09192346607692,55.049323827856036,55.050858787636955,0.4950187537288317,54.836831849814395
cracker_box_yalehand0_black10_5,356,1.3636149300448175,0.5084540172962014,1.8420149496240135,1.1357631500521204,0.06618445475183582,0.04080849877400318,0.9274193548387096,0.66,-0.855160912748616,-0.7062517995718931,MODE_3_RELOCALIZE,simple,four_mode_relocalization_v2,,0,0,0,False,1,0,0.5084540172962014,0,0,restarted_se3,1,37.79265284538269,2.5251107290387154,0,357,cache_read_only_not_online_fps,b18588ca73eff0bed9b27155081eb3c6df55568f77c0b4b80229d1c92a313cef,cached_perception_v2,1,1,1,0.5157188658421359,,1,2468.859656713903,0,13.988740742206573,2468.859656713903,2509.1774202883244,55.75934398103741,55.769698056532256,55.75934398103741,55.760984105057155,0.5157188658421359,55.42666812375362
cracker_box_yalehand0_black10_5,357,1.3494068929107568,0.5361418708846186,1.8060864689822242,1.1317570903242753,0.06489352771466705,0.04066455918282623,0.7946843853820601,0.66,-0.8132650220261382,-0.674329378657949,MODE_3_RELOCALIZE,simple,four_mode_relocalization_v2,,0,0,0,False,1,0,0.5361418708846186,0,0,restarted_se3,1,49.70271419733763,2.649066038429737,0,358,cache_read_only_not_online_fps,b18588ca73eff0bed9b27155081eb3c6df55568f77c0b4b80229d1c92a313cef,cached_perception_v2,1,1,1,0.5039910763541608,,1,2474.2580857127905,0,25.348788127303123,2474.2580857127905,2526.609865948558,57.03719275342316,56.770476864286344,57.03719275342316,57.03881163416771,0.5039910763541608,56.07352830521253
cracker_box_yalehand0_black10_5,358,1.289152810144595,0.44910689555792355,1.8382547466893153,1.0896305848093255,0.06604934890970351,0.03915093422626642,0.9274193548387096,0.3888888888888889,-0.8400459145866714,-0.7486241618799898,MODE_3_RELOCALIZE,simple,four_mode_relocalization_v2,,0,0,0,False,1,0,0.44910689555792355,0,0,restarted_se3,1,46.34810984134674,2.1291114389896393,0,359,cache_read_only_not_online_fps,b18588ca73eff0bed9b27155081eb3c6df55568f77c0b4b80229d1c92a313cef,cached_perception_v2,1,1,1,0.534694042941703,,1,2474.871316924691,0,24.486016482114792,2474.871316924691,2523.3485382050276,57.82074234970545,57.78286892040813,57.82074234970545,57.82236271723733,0.534694042941703,56.73279160436828
cracker_box_yalehand0_black10_5,359,1.3596839403653287,0.6399329264696252,1.789413411025291,1.1593204915075845,0.06429445697957306,0.04165492502040848,0.7946843853820601,0.7946843853820601,-0.7197510138957035,-0.6300929195177065,MODE_3_RELOCALIZE,simple,four_mode_relocalization_v2,,0,0,0,False,1,0,0.6399329264696252,0,0,restarted_se3,1,31.859802082180977,3.6347471177577972,0,360,cache_read_only_not_online_fps,b18588ca73eff0bed9b27155081eb3c6df55568f77c0b4b80229d1c92a313cef,cached_perception_v2,1,1,1,0.6315958939015718,,1,2468.420894816518,0,20.232221111655235,2468.420894816518,2503.9154440164566,58.845161029962355,58.94309434829847,58.845161029962355,58.846676363536574,0.6315958939015718,57.63916930331868
cracker_box_yalehand0_black10_5,360,1.427175519469898,0.6444144074215851,1.8305617419883098,1.1157367497031272,0.06577293566906,0.04008894088550144,0.9274193548387096,0.6060606060606061,-0.782761112048313,-0.7148249922851826,MODE_3_RELOCALIZE,simple,four_mode_relocalization_v2,,0,0,0,False,1,0,0.6444144074215851,0,0,restarted_se3,1,48.298994079232216,2.496756613254547,0,361,cache_read_only_not_online_fps,b18588ca73eff0bed9b27155081eb3c6df55568f77c0b4b80229d1c92a313cef,cached_perception_v2,1,1,1,0.5700017850584784,,1,2482.138028368354,0,21.90969604998827,2482.138028368354,2532.9337790608406,59.24440783589166,59.553976117169725,59.24440783589166,59.24534397079022,0.5700017850584784,58.27304343533469
cracker_box_yalehand0_black10_5,361,1.2748745328259488,0.5331360516829432,1.7416850741213263,1.1355992621365487,0.06257955561308545,0.040802610204893175,0.7946843853820601,0.66,-0.7417384811430056,-0.6060858119847776,MODE_3_RELOCALIZE,simple,four_mode_relocalization_v2,,0,0,0,False,1,0,0.5331360516829432,0,0,restarted_se3,1,46.29759769886732,2.622968517243862,0,362,cache_read_only_not_online_fps,b18588ca73eff0bed9b27155081eb3c6df55568f77c0b4b80229d1c92a313cef,cached_perception_v2,1,1,1,0.6107082167361179,,1,2476.910333149135,0,21.227198652923107,2476.910333149135,2525.8308993652463,59.37568639957485,59.51458115336937,59.37568639957485,59.375240031132606,0.6107082167361179,58.55236959512224
cracker_box_yalehand0_black10_5,362,1.3923447759299967,0.6659629694800898,1.8321591217663757,1.1323610011368288,0.06583033026819965,0.04068625797949221,0.9274193548387096,0.66,-0.7263818064499069,-0.6997981206295469,MODE_3_RELOCALIZE,simple,four_mode_relocalization_v2,,0,0,0,False,1,0,0.6659629694800898,0,0,restarted_se3,1,40.28184153139591,3.955323249101639,0,363,cache_read_only_not_online_fps,b18588ca73eff0bed9b27155081eb3c6df55568f77c0b4b80229d1c92a313cef,cached_perception_v2,1,1,1,0.5538748281406957,,1,2473.462849855423,0,20.197661593556404,2473.462849855423,2517.7000146359205,59.037968659844076,58.808140185669345,59.037968659844076,59.03679764111239,0.5538748281406957,58.435715435463685
cracker_box_yalehand0_black10_5,363,1.2521225887441327,0.5057466996705866,1.7899240570544486,1.1655296220689777,0.06431280472914908,0.04187802197234834,0.7946843853820601,0.7946843853820601,-0.7463758890735461,-0.6243944349854709,MODE_3_RELOCALIZE,simple,four_mode_relocalization_v2,,0,0,0,False,1,0,0.5057466996705866,0,0,restarted_se3,1,45.646349899470806,5.117145366966724,0,364,cache_read_only_not_online_fps,b18588ca73eff0bed9b27155081eb3c6df55568f77c0b4b80229d1c92a313cef,cached_perception_v2,1,1,1,0.5671938646411256,,1,2471.0222305729985,0,21.64172474294901,2471.0222305729985,2521.785725839436,57.9025147779631,57.824164119281704,57.9025147779631,57.90139150379512,0.5671938646411256,57.83832199956051
cracker_box_yalehand0_black10_5,364,1.3856988891023598,0.5900541657574784,1.8275382140858623,1.117264814673622,0.06566429890382024,0.04014384497133322,0.8877461891151044,0.6060606060606061,-0.7956447233448815,-0.7102733994122403,MODE_3_RELOCALIZE,simple,four_mode_relocalization_v2,,0,0,0,False,1,0,0.5900541657574784,0,0,restarted_se3,1,46.00536543875933,2.6003774255514145,0,365,cache_read_only_not_online_fps,b18588ca73eff0bed9b27155081eb3c6df55568f77c0b4b80229d1c92a313cef,cached_perception_v2,1,1,1,0.5602354402213685,,1,2476.541635580361,0,22.83157128840685,2476.541635580361,2525.1473784446716,57.04135612563527,56.96750228188827,57.04135612563527,57.04051774807374,0.5602354402213685,56.95878437805075
cracker_box_yalehand0_black10_5,365,1.31613780674243,0.5573062936643377,1.7950088568107068,1.1104497677237695,0.06449550395179052,0.03989897716145132,0.7946843853820601,0.5121951219512195,-0.7588315130780924,-0.6845590890869373,MODE_3_RELOCALIZE,simple,four_mode_relocalization_v2,,0,0,0,False,1,0,0.5573062936643377,0,0,restarted_se3,1,45.193091966211796,3.0308160930871964,0,366,cache_read_only_not_online_fps,b18588ca73eff0bed9b27155081eb3c6df55568f77c0b4b80229d1c92a313cef,cached_perception_v2,1,1,1,0.617377194142391,,1,2473.1016429141164,0,20.921675488352776,2473.1016429141164,2521.3255509734154,56.78148052116255,56.41901956454167,56.78148052116255,56.78087021676937,0.617377194142391,56.058405887565996
cracker_box_yalehand0_black10_5,366,1.3732564922462107,0.6652048598930143,1.834667121640906,1.1575139750532697,0.065920443871375,0.041590016043120626,0.9274193548387096,0.7946843853820601,-0.7080516323531965,-0.6771531465876364,MODE_3_RELOCALIZE,simple,four_mode_relocalization_v2,,0,0,0,False,1,0,0.6652048598930143,0,0,restarted_se3,1,47.067493200302124,2.2008391097187996,0,367,cache_read_only_not_online_fps,b18588ca73eff0bed9b27155081eb3c6df55568f77c0b4b80229d1c92a313cef,cached_perception_v2,1,1,1,0.5721117889492606,,1,2486.324076540768,0,20.615508779883385,2486.324076540768,2535.592408850789,56.37268307504223,56.12628319324319,56.37268307504223,56.37213267365478,0.5721117889492606,55.289095789113254
cracker_box_yalehand0_black10_5,367,1.378229609220564,0.529563894861142,1.8360436802602214,1.1265821016088775,0.06596990426347003,0.04047861942889241,0.9274193548387096,0.66,-0.848665714359422,-0.7094615786513438,MODE_3_RELOCALIZE,simple,four_mode_relocalization_v2,,0,0,0,False,1,0,0.529563894861142,0,0,restarted_se3,1,49.6438704431057,2.3414604365825653,0,368,cache_read_only_not_online_fps,b18588ca73eff0bed9b27155081eb3c6df55568f77c0b4b80229d1c92a313cef,cached_perception_v2,1,1,1,0.5984548034957196,,1,2468.414635397494,0,20.709065720438957,2468.414635397494,2520.399966277182,56.262948989684226,56.048392342469135,56.262948989684226,56.26243596316453,0.5984548034957196,54.68085144182885
cracker_box_yalehand0_black10_5,368,1.3826895943279105,0.6198958980509783,1.8006399309508878,1.15858007190119,0.06469783106738267,0.041628321399223546,0.7946843853820601,0.7946843853820601,-0.7627936962769322,-0.6420598590496978,MODE_3_RELOCALIZE,simple,four_mode_relocalization_v2,,0,0,0,False,1,0,0.6198958980509783,0,0,restarted_se3,1,46.248012222349644,2.573113888502121,0,369,cache_read_only_not_online_fps,b18588ca73eff0bed9b27155081eb3c6df55568f77c0b4b80229d1c92a313cef,cached_perception_v2,1,1,1,0.5449110696710895,,1,2481.4750058576465,0,22.446224465966225,2481.4750058576465,2530.2961319684982,56.067905941732555,56.0328303779569,56.067905941732555,56.06749350000529,0.5449110696710895,54.31256896177493
cracker_box_yalehand0_black10_5,369,1.3886462715874361,0.5076091371455395,1.8396344701044884,1.116019030938761,0.0660989230143872,0.04009908338172326,0.9274193548387096,0.6060606060606061,-0.8810371344418967,-0.7236154391657275,MODE_3_RELOCALIZE,simple,four_mode_relocalization_v2,,0,0,0,False,1,0,0.5076091371455395,0,0,restarted_se3,1,52.61597316712141,4.627065733075142,0,370,cache_read_only_not_online_fps,b18588ca73eff0bed9b27155081eb3c6df55568f77c0b4b80229d1c92a313cef,cached_perception_v2,1,1,1,0.5692418152571505,,1,2477.581240236759,0,21.695537492632866,2477.581240236759,2534.8242791369557,55.81619466939427,55.89938852162481,55.81619466939427,55.815895388800506,0.5692418152571505,54.142508076066676
cracker_box_yalehand0_black10_5,370,1.354592832756678,0.5834951731437235,1.8087980734918465,1.1240219935709472,0.06499095692717621,0.0403866335551454,0.7946843853820601,0.66,-0.7710976596129546,-0.6847760799208993,MODE_3_RELOCALIZE,simple,four_mode_relocalization_v2,,0,0,0,False,1,0,0.5834951731437235,0,0,restarted_se3,1,49.155060201883316,2.8202515095472336,0,371,cache_read_only_not_online_fps,b18588ca73eff0bed9b27155081eb3c6df55568f77c0b4b80229d1c92a313cef,cached_perception_v2,1,1,1,0.5968759132423365,,1,2456.8378971889615,0,21.2847413495183,2456.8378971889615,2508.813208900392,55.871469329102865,55.84111259321297,55.871469329102865,55.87135994192144,0.5968759132423365,54.24809324994234
cracker_box_yalehand0_black10_5,371,1.410174223536869,0.6225834674232771,1.8424368949089556,1.1614729266601298,0.06619961544237457,0.04173226301757782,0.9274193548387096,0.7946843853820601,-0.787590756113592,-0.6809639682488258,MODE_3_RELOCALIZE,simple,four_mode_relocalization_v2,,0,0,0,False,1,0,0.6225834674232771,0,0,restarted_se3,1,50.806199200451374,3.9821602404117584,0,372,cache_read_only_not_online_fps,b18588ca73eff0bed9b27155081eb3c6df55568f77c0b4b80229d1c92a313cef,cached_perception_v2,1,1,1,0.6238429799530707,,1,2454.512250609696,0,20.664885640144348,2454.512250609696,2509.300610050559,55.439822456242474,55.6037442602774,55.439822456242474,55.439782999426924,0.6238429799530707,54.5741968489072
cracker_box_yalehand0_black10_5,372,1.3385081270972317,0.6577233350036606,1.7988218271480974,1.1825607568500505,0.06463250575126919,0.042489958574448344,0.7946843853820601,0.7946843853820601,-0.680784792093571,-0.6162610702980469,MODE_3_RELOCALIZE,simple,four_mode_relocalization_v2,,0,0,0,False,1,0,0.6577233350036606,0,0,restarted_se3,1,56.00763950496912,4.490494728088379,0,373,cache_read_only_not_online_fps,b18588ca73eff0bed9b27155081eb3c6df55568f77c0b4b80229d1c92a313cef,cached_perception_v2,1,1,1,0.4951988682109029,,1,2463.0683958530426,0,21.932409144937992,2463.0683958530426,2523.5665300861,55.07051915518595,55.23833823931865,55.07051915518595,55.070651898057456,0.4951988682109029,55.07051915518595
cracker_box_yalehand0_black10_5,373,1.3351341577097804,0.3693564937383157,1.836099807344781,1.1053681634570085,0.0659719209357501,0.03971639275423529,0.9274193548387096,0.5121951219512195,-0.9657776639714647,-0.7307316438877725,MODE_3_RELOCALIZE,simple,four_mode_relocalization_v2,,0,0,0,False,1,0,0.3693564937383157,0,0,restarted_se3,1,47.23971523344517,2.7847187593579292,0,374,cache_read_only_not_online_fps,b18588ca73eff0bed9b27155081eb3c6df55568f77c0b4b80229d1c92a313cef,cached_perception_v2,1,1,1,0.5855385382920304,,1,2460.411344654858,0,22.298808209598064,2460.411344654858,2510.435778647661,54.89624670025825,54.91513550876878,54.89624670025825,54.89645033271111,0.5855385382920304,54.89624670025825
cracker_box_yalehand0_black10_5,374,1.380353460437185,0.6919622341531242,1.8478997800380643,1.1560538523986554,0.06639589944849286,0.04153755315633126,0.9274193548387096,0.7946843853820601,-0.6883912262840608,-0.6918459276394089,MODE_3_RELOCALIZE,simple,four_mode_relocalization_v2,,0,0,0,False,1,0,0.6919622341531242,0,0,restarted_se3,1,35.79069301486015,3.7825237959623337,0,375,cache_read_only_not_online_fps,b18588ca73eff0bed9b27155081eb3c6df55568f77c0b4b80229d1c92a313cef,cached_perception_v2,1,1,1,0.6286563729501492,,1,2442.930420860648,0,21.644440479576588,2442.930420860648,2482.5036376714706,55.19766500045215,54.927494478687464,55.19766500045215,55.19788452149117,0.6286563729501492,54.773216029012374
cracker_box_yalehand0_black10_5,375,1.3705125045862125,0.6449455396461597,1.7931819813100431,1.1578183743493955,0.06442986346448851,0.041600953251553725,0.7946843853820601,0.7946843853820601,-0.7255669649400528,-0.6353636069606476,MODE_3_RELOCALIZE,simple,four_mode_relocalization_v2,,0,0,0,False,1,0,0.6449455396461597,0,0,restarted_se3,1,46.193662099540234,2.084684558212757,0,376,cache_read_only_not_online_fps,b18588ca73eff0bed9b27155081eb3c6df55568f77c0b4b80229d1c92a313cef,cached_perception_v2,1,1,1,0.6189233563160113,,1,2475.0661635771394,0,21.904840134084225,2475.0661635771394,2523.3445102348924,54.871265185647566,54.886775700944604,54.871265185647566,54.871486472721266,0.6189233563160113,54.62674858957167
cracker_box_yalehand0_black10_5,376,1.3635817037538567,0.6253960412680069,1.82069655133026,1.1101353508106808,0.06541847477564587,0.03988768001537671,0.7946843853820601,0.5121951219512195,-0.7381856624858498,-0.7105612005195792,MODE_3_RELOCALIZE,simple,four_mode_relocalization_v2,,0,0,0,False,1,0,0.6253960412680069,0,0,restarted_se3,1,51.11190862953663,2.8555961325764656,0,377,cache_read_only_not_online_fps,b18588ca73eff0bed9b27155081eb3c6df55568f77c0b4b80229d1c92a313cef,cached_perception_v2,1,1,1,0.4913861411628823,,1,2487.1604619547725,0,24.296470917761326,2487.1604619547725,2541.1279667168856,54.7214125111532,54.78845461856269,54.7214125111532,54.72177290355739,0.4913861411628823,54.51143170864914
cracker_box_yalehand0_black10_5,377,1.2081755409434152,0.3743535459543262,1.7666755124148084,1.1281271222783138,0.06347747369610704,0.04053413274088145,0.7946843853820601,0.66,-0.833821994989089,-0.6385483901364946,MODE_3_RELOCALIZE,simple,four_mode_relocalization_v2,,0,0,0,False,1,0,0.3743535459543262,0,0,restarted_se3,1,45.75884062796831,2.5407904759049416,0,378,cache_read_only_not_online_fps,b18588ca73eff0bed9b27155081eb3c6df55568f77c0b4b80229d1c92a313cef,cached_perception_v2,1,1,1,0.5604285867306332,,1,2474.981339648366,0,21.86906524002552,2474.981339648366,2523.280970752239,54.94307390176309,54.82029640725593,54.94307390176309,54.94350183008869,0.5604285867306332,54.41313102767199
cracker_box_yalehand0_black10_5,378,1.3922759120840025,0.643366384742318,1.8335083535902108,1.1421491000820123,0.06587880879581018,0.04103794893177043,0.9274193548387096,0.7272727272727273,-0.7489095273416845,-0.6913592535081985,MODE_3_RELOCALIZE,simple,four_mode_relocalization_v2,,0,0,0,False,1,0,0.643366384742318,0,0,restarted_se3,1,49.15229510515928,1.513495109975338,0,379,cache_read_only_not_online_fps,b18588ca73eff0bed9b27155081eb3c6df55568f77c0b4b80229d1c92a313cef,cached_perception_v2,1,1,1,0.5751563026325957,,1,2468.645354732871,0,20.808066241443157,2468.645354732871,2519.3111449480057,55.329266133252695,55.10571690931404,55.329266133252695,55.32976448359366,0.5751563026325957,54.331344572785056
cracker_box_yalehand0_black10_5,379,1.3296749124931193,0.5605100861929802,1.8232176740304677,1.157953842640821,0.06550905988805757,0.04160582069033645,0.7946843853820601,0.7946843853820601,-0.7691648263001392,-0.6652638313896468,MODE_3_RELOCALIZE,simple,four_mode_relocalization_v2,,0,0,0,False,1,0,0.5605100861929802,0,0,restarted_se3,1,44.8863971978426,2.0837709307670593,0,380,cache_read_only_not_online_fps,b18588ca73eff0bed9b27155081eb3c6df55568f77c0b4b80229d1c92a313cef,cached_perception_v2,1,1,1,0.5609751181942182,,1,2467.392433434725,0,20.846553146839142,2467.392433434725,2514.3626015633345,55.56750915861278,55.48696499510212,55.56750915861278,55.56802801739897,0.5609751181942182,54.23746415644138
cracker_box_yalehand0_black10_5,380,1.3544032508695176,0.5790894359455062,1.7960967975095974,1.136001759282338,0.06453459416762894,0.040817072114737424,0.7946843853820601,0.66,-0.7753138149240114,-0.6600950382272595,MODE_3_RELOCALIZE,simple,four_mode_relocalization_v2,,0,0,0,False,1,0,0.5790894359455062,0,0,restarted_se3,1,47.08512686192989,2.343248575925827,0,381,cache_read_only_not_online_fps,b18588ca73eff0bed9b27155081eb3c6df55568f77c0b4b80229d1c92a313cef,cached_perception_v2,1,1,1,0.6019654285455559,,1,2466.5182195603848,0,21.501739509403706,2466.5182195603848,2515.9465949982405,56.11920401032066,56.02137544879624,56.11920401032066,56.11983889133136,0.6019654285455559,54.20716674078447
cracker_box_yalehand0_black10_5,381,1.417981247043782,0.6300788140345402,1.8323864668815426,1.128975036127257,0.06583849888403574,0.04056459868024871,0.9274193548387096,0.66,-0.7879024330092418,-0.7034114307542856,MODE_3_RELOCALIZE,simple,four_mode_relocalization_v2,,0,0,0,False,1,0,0.6300788140345402,0,0,restarted_se3,1,45.526993460953236,1.4404291287064552,0,382,cache_read_only_not_online_fps,b18588ca73eff0bed9b27155081eb3c6df55568f77c0b4b80229d1c92a313cef,cached_perception_v2,1,1,1,0.6001482052859354,,1,2462.819244712591,0,20.64707037061453,2462.819244712591,2509.786667302251,56.23215072831492,56.37912255124249,56.23215072831492,56.232898964241826,0.6001482052859354,54.16434632258246
cracker_box_yalehand0_black10_5,382,1.4194588752583377,0.6159394144456641,1.814215130335201,1.146841879476466,0.06518559430165045,0.04120656268029401,0.7946843853820601,0.7272727272727273,-0.8035194608126736,-0.6673732508587349,MODE_3_RELOCALIZE,simple,four_mode_relocalization_v2,,0,0,0,False,1,0,0.6159394144456641,0,0,restarted_se3,1,50.34128110855818,2.363271079957485,0,383,cache_read_only_not_online_fps,b18588ca73eff0bed9b27155081eb3c6df55568f77c0b4b80229d1c92a313cef,cached_perception_v2,1,1,1,0.5956716816757259,,1,2489.9681881070137,0,23.173865862190723,2489.9681881070137,2542.6727402955294,56.91412438444132,56.849818277368705,56.91412438444132,56.91497976052211,0.5956716816757259,54.15717902173625
cracker_box_yalehand0_black10_5,383,1.4132306528105847,0.5829773149068431,1.841433777995494,1.1222477661477799,0.06616357298463917,0.04032288473777991,0.9274193548387096,0.6060606060606061,-0.8302533379037416,-0.719186011847714,MODE_3_RELOCALIZE,simple,four_mode_relocalization_v2,,0,0,0,False,1,0,0.5829773149068431,0,0,restarted_se3,1,51.469904370605946,2.6504769921302795,0,384,cache_read_only_not_online_fps,b18588ca73eff0bed9b27155081eb3c6df55568f77c0b4b80229d1c92a313cef,cached_perception_v2,1,1,1,0.5601635930658266,,1,2478.995580226183,0,22.590460255742073,2478.995580226183,2533.115961588919,57.375214679999,57.37741267066454,57.375214679999,57.37617512291449,0.5601635930658266,54.15820917522199
cracker_box_yalehand0_black10_5,384,1.3919136468021824,0.5369280368441736,1.8295772209000079,1.136178460402092,0.06573756136798051,0.04082342106823932,0.9274193548387096,0.66,-0.8549856099580089,-0.6933987604979159,MODE_3_RELOCALIZE,simple,four_mode_relocalization_v2,,0,0,0,False,1,0,0.5369280368441736,0,0,restarted_se3,1,52.47265473008156,2.385267987847328,0,385,cache_read_only_not_online_fps,b18588ca73eff0bed9b27155081eb3c6df55568f77c0b4b80229d1c92a313cef,cached_perception_v2,1,1,1,0.5920775701999282,,1,2484.1352440416813,0,22.160119377076626,2484.1352440416813,2538.99316675961,57.464931053886204,57.72215833849614,57.464931053886204,57.46598852931979,0.5920775701999282,54.16812727772897
cracker_box_yalehand0_black10_5,385,1.3647571801671226,0.6208066363096667,1.8534701015415755,1.160037577927114,0.06659604369356403,0.04168069026932581,0.9274193548387096,0.7946843853820601,-0.7439505438574558,-0.6934325236144616,MODE_3_RELOCALIZE,simple,four_mode_relocalization_v2,,0,0,0,False,1,0,0.6208066363096667,0,0,restarted_se3,1,48.443349078297615,1.8842639401555061,0,386,cache_read_only_not_online_fps,b18588ca73eff0bed9b27155081eb3c6df55568f77c0b4b80229d1c92a313cef,cached_perception_v2,1,1,1,0.6306775661684172,,1,2462.0894473046064,0,20.286336541175842,2462.0894473046064,2512.4170603230596,58.2988950099384,58.23303411041749,58.2988950099384,58.30006151632785,0.6306775661684172,54.22282406266531
cracker_box_yalehand0_black10_5,386,1.4328402869639256,0.6834242159148022,1.8454179875411723,1.1398096996697087,0.06630672748859778,0.04095389318577003,0.9274193548387096,0.7272727272727273,-0.7494160710491234,-0.7056082878714636,MODE_3_RELOCALIZE,simple,four_mode_relocalization_v2,,0,0,0,False,1,0,0.6834242159148022,0,0,restarted_se3,1,46.67383525520563,2.0182477310299873,0,387,cache_read_only_not_online_fps,b18588ca73eff0bed9b27155081eb3c6df55568f77c0b4b80229d1c92a313cef,cached_perception_v2,1,1,1,0.5747235256563273,,1,2459.6653720363975,0,20.855926908552647,2459.6653720363975,2508.357455022633,58.26070247353648,58.526550461576385,58.26070247353648,58.262030593801306,0.5747235256563273,54.25356612033567
cracker_box_yalehand0_black10_5,387,1.3542321480297936,0.5244366781286538,1.8385072160654676,1.140206468043643,0.06605842025193426,0.04096814925817432,0.9274193548387096,0.7272727272727273,-0.8297954699011398,-0.6983007480218246,MODE_3_RELOCALIZE,simple,four_mode_relocalization_v2,,0,0,0,False,1,0,0.5244366781286538,0,0,restarted_se3,1,48.11383970081806,2.486531622707844,0,388,cache_read_only_not_online_fps,b18588ca73eff0bed9b27155081eb3c6df55568f77c0b4b80229d1c92a313cef,cached_perception_v2,1,1,1,0.6346981291279916,,1,2459.734651260078,0,22.254464216530323,2459.734651260078,2510.335022583604,58.71836256334524,58.81419736715166,58.71836256334524,58.71972145867018,0.6346981291279916,54.32730377344208
cracker_box_yalehand0_black10_5,388,1.4176005831343117,0.6718742644880441,1.8146540042204355,1.1419281969126853,0.06520136324467939,0.04103001177804763,0.7946843853820601,0.7272727272727273,-0.7457263186462676,-0.6727258073077502,MODE_3_RELOCALIZE,simple,four_mode_relocalization_v2,,0,0,0,False,1,0,0.6718742644880441,0,0,restarted_se3,1,50.949208438396454,2.636851742863655,0,389,cache_read_only_not_online_fps,b18588ca73eff0bed9b27155081eb3c6df55568f77c0b4b80229d1c92a313cef,cached_perception_v2,1,1,1,0.5555382343220794,,1,2488.8102570548654,0,21.156711503863335,2488.8102570548654,2542.3963172361255,60.09257008336413,59.60055927822465,60.09257008336413,60.09411778573943,0.5555382343220794,54.38136825603459
cracker_box_yalehand0_black10_5,389,1.2815063351318854,0.5118487885620643,1.801224579250792,1.1522190923174758,0.06471883775300084,0.041399768441213285,0.7946843853820601,0.7946843853820601,-0.7696575465698211,-0.6490054869333162,MODE_3_RELOCALIZE,simple,four_mode_relocalization_v2,,0,0,0,False,1,0,0.5118487885620643,0,0,restarted_se3,1,48.027743585407734,1.8307175487279892,0,390,cache_read_only_not_online_fps,b18588ca73eff0bed9b27155081eb3c6df55568f77c0b4b80229d1c92a313cef,cached_perception_v2,1,1,1,0.5426104306137061,,1,2471.473203971982,0,20.588599145412445,2471.473203971982,2521.3316651061177,60.94255742278586,60.71194928069531,60.94255742278586,60.94423250840361,0.5426104306137061,54.477611433045446
cracker_box_yalehand0_black10_5,390,1.4067015465107235,0.5477295668906543,1.8263819105141723,1.115910711019272,0.0656227523781335,0.04009519139658405,0.7946843853820601,0.6060606060606061,-0.8589719796200692,-0.7104711994949002,MODE_3_RELOCALIZE,simple,four_mode_relocalization_v2,,0,0,0,False,1,0,0.5477295668906543,0,0,restarted_se3,1,46.30235396325588,2.0921798422932625,0,391,cache_read_only_not_online_fps,b18588ca73eff0bed9b27155081eb3c6df55568f77c0b4b80229d1c92a313cef,cached_perception_v2,1,1,1,0.601023057336969,,1,2478.723233565688,0,20.407461561262608,2478.723233565688,2527.1177673712373,61.972434877770986,61.91700760397243,61.972434877770986,61.973916385749185,0.601023057336969,54.62110755939933
cracker_box_yalehand0_black10_5,391,1.2920553218514998,0.6304484414730122,1.8074671405008504,1.1497956225754626,0.06494313588514923,0.04131269204505513,0.7946843853820601,0.7272727272727273,-0.6616068803784877,-0.6576715179253878,MODE_3_RELOCALIZE,simple,four_mode_relocalization_v2,,0,0,0,False,1,0,0.6304484414730122,0,0,restarted_se3,1,46.68308608233929,2.2879643365740776,0,392,cache_read_only_not_online_fps,b18588ca73eff0bed9b27155081eb3c6df55568f77c0b4b80229d1c92a313cef,cached_perception_v2,1,1,1,0.6257626464048104,,1,2478.2269205898046,0,20.811610855162144,2478.2269205898046,2527.197971008718,62.5829513599776,62.6876632619071,62.5829513599776,62.584073334423195,0.6257626464048104,54.70439564704811
cracker_box_yalehand0_black10_5,392,1.4273712000344927,0.6790926885473286,1.8278028148903667,1.1500841283399192,0.06567380613391986,0.04132305819149559,0.9274193548387096,0.7272727272727273,-0.7482785114871641,-0.6777186865504474,MODE_3_RELOCALIZE,simple,four_mode_relocalization_v2,,0,0,0,False,1,0,0.6790926885473286,0,0,restarted_se3,1,44.53148506581783,2.4251649156212807,0,393,cache_read_only_not_online_fps,b18588ca73eff0bed9b27155081eb3c6df55568f77c0b4b80229d1c92a313cef,cached_perception_v2,1,1,1,0.6253424643824547,,1,2479.46825157851,0,21.49840909987688,2479.46825157851,2526.424901559949,63.515919597715765,63.328532888644894,63.515919597715765,63.515944882913324,0.6253424643824547,54.85689042576214
cracker_box_yalehand0_black10_5,393,1.246731556012988,0.6148042780526959,1.7844415157607998,1.1547236386518998,0.06411581446788728,0.0414897579570847,0.7946843853820601,0.7946843853820601,-0.631927277960292,-0.6297178771089,MODE_3_RELOCALIZE,simple,four_mode_relocalization_v2,,0,0,0,False,1,0,0.6148042780526959,0,0,restarted_se3,1,44.123079627752304,2.6136264204978943,0,394,cache_read_only_not_online_fps,b18588ca73eff0bed9b27155081eb3c6df55568f77c0b4b80229d1c92a313cef,cached_perception_v2,1,1,1,0.62852208964122,,1,2475.051235407591,0,20.853533409535885,2475.051235407591,2521.787941455841,63.720859169432565,63.70041865303697,63.720859169432565,63.72065192580472,0.62852208964122,55.019934354269786
cracker_box_yalehand0_black10_5,394,1.4460908685073421,0.6375230092001636,1.8411483998729679,1.1320194730454671,0.06615331921582945,0.040673986716159724,0.9274193548387096,0.66,-0.8085678593071786,-0.7091289268275007,MODE_3_RELOCALIZE,simple,four_mode_relocalization_v2,,0,0,0,False,1,0,0.6375230092001636,0,0,restarted_se3,1,44.23185437917709,1.765197142958641,0,395,cache_read_only_not_online_fps,b18588ca73eff0bed9b27155081eb3c6df55568f77c0b4b80229d1c92a313cef,cached_perception_v2,1,1,1,0.5847872489470837,,1,2472.993563860655,0,21.429574117064476,2472.993563860655,2518.9906153827906,64.01625206273226,64.00494011842177,64.01625206273226,64.0156862112756,0.5847872489470837,55.188645946521774
cracker_box_yalehand0_black10_5,395,1.404535241457665,0.5279200983824314,1.8005565259486265,1.1172760263188186,0.06469483428681942,0.040144247810965095,0.7946843853820601,0.6060606060606061,-0.8766151430752337,-0.6832804996298079,MODE_3_RELOCALIZE,simple,four_mode_relocalization_v2,,0,0,0,False,1,0,0.5279200983824314,0,0,restarted_se3,1,47.571372240781784,2.2703297436237335,0,396,cache_read_only_not_online_fps,b18588ca73eff0bed9b27155081eb3c6df55568f77c0b4b80229d1c92a313cef,cached_perception_v2,1,1,1,0.6041355133025029,,1,2474.9294640496373,0,20.597023889422417,2474.9294640496373,2524.771166034043,64.10237014776109,64.21551154190507,64.10237014776109,64.10180293424534,0.6041355133025029,55.3736414497247
cracker_box_yalehand0_black10_5,396,1.4154700495914723,0.6528549033785663,1.8362754974271271,1.1495791808013713,0.06597823356220721,0.0413049151913403,0.9274193548387096,0.7272727272727273,-0.7626151462129059,-0.6866963166257558,MODE_3_RELOCALIZE,simple,four_mode_relocalization_v2,,0,0,0,False,1,0,0.6528549033785663,0,0,restarted_se3,1,48.543951474130154,2.1878518164157867,0,397,cache_read_only_not_online_fps,b18588ca73eff0bed9b27155081eb3c6df55568f77c0b4b80229d1c92a313cef,cached_perception_v2,1,1,1,0.5372645014235377,,1,2479.033436626196,0,21.750769577920437,2479.033436626196,2529.765239916742,64.61044606156504,64.53338398654977,64.61044606156504,64.60987772225252,0.5372645014235377,55.59515414451004
cracker_box_yalehand0_black10_5,397,1.3926410602128358,0.4487262553744644,1.8180355225163503,1.1186477878378562,0.06532286277143087,0.0401935358410137,0.7946843853820601,0.6060606060606061,-0.9439148048383714,-0.699387734678494,MODE_3_RELOCALIZE,simple,four_mode_relocalization_v2,,0,0,0,False,1,0,0.4487262553744644,0,0,restarted_se3,1,46.87980003654957,3.186756744980812,0,398,cache_read_only_not_online_fps,b18588ca73eff0bed9b27155081eb3c6df55568f77c0b4b80229d1c92a313cef,cached_perception_v2,1,1,1,0.5204488369776494,,1,2488.9943208545446,0,14.011180028319359,2488.9943208545446,2539.060877636075,64.87926253170124,64.84934951006508,64.87926253170124,64.87869520858625,0.5204488369776494,55.78283584220727
cracker_box_yalehand0_black10_5,398,1.3791561428004164,0.5277941319476271,1.8449713688915812,1.1666736329822691,0.06629068027257969,0.04191912681709556,0.9274193548387096,0.7946843853820601,-0.8513620108527893,-0.6782977359093121,MODE_3_RELOCALIZE,simple,four_mode_relocalization_v2,,0,0,0,False,1,0,0.5277941319476271,0,0,restarted_se3,1,45.36337126046419,4.052182659506798,0,399,cache_read_only_not_online_fps,b18588ca73eff0bed9b27155081eb3c6df55568f77c0b4b80229d1c92a313cef,cached_perception_v2,1,1,1,0.6011493597959671,,1,2491.635525599122,0,22.843165323138237,2491.635525599122,2541.051079519093,65.59843366875128,65.39937522308156,65.59843366875128,65.59788133156437,0.6011493597959671,56.01477251157885
cracker_box_yalehand0_black10_5,399,1.350978055848443,0.6835269279112333,1.8271487718407875,1.1519682152663129,0.0656503060626368,0.04139075431196078,0.7946843853820601,0.73768990473747,-0.6674511279372097,-0.6751805565744746,MODE_3_RELOCALIZE,simple,four_mode_relocalization_v2,,0,0,0,False,1,0,0.6835269279112333,0,0,restarted_se3,1,50.68265926092863,5.435390397906303,0,400,cache_read_only_not_online_fps,b18588ca73eff0bed9b27155081eb3c6df55568f77c0b4b80229d1c92a313cef,cached_perception_v2,1,1,1,0.5706429354779403,,1,2480.955329723656,0,28.068572282791138,2480.955329723656,2537.073379382491,65.72120801627688,65.84273087014935,65.72120801627688,65.74766371535317,0.5706429354779403,56.260914172935706
cracker_box_yalehand0_black10_5,400,1.3199756938166156,0.521602639280767,1.8041189726977842,1.102857120681824,0.06482283465713323,0.039626169818222715,0.7946843853820601,0.3888888888888889,-0.7983730545358486,-0.7012618520159601,MODE_3_RELOCALIZE,simple,four_mode_relocalization_v2,,0,0,0,False,1,0,0.521602639280767,0,0,restarted_se3,1,46.19970265775919,2.546940930187702,0,401,cache_read_only_not_online_fps,b18588ca73eff0bed9b27155081eb3c6df55568f77c0b4b80229d1c92a313cef,cached_perception_v2,1,1,1,0.6187728684977324,,1,2477.0849980413914,0,21.761788055300713,2477.0849980413914,2525.8316416293383,66.17395698414647,66.2226026383163,66.17395698414647,66.17352574045493,0.6187728684977324,56.453931086098905
cracker_box_yalehand0_black10_5,401,1.4507197077383234,0.6886076709916378,1.8537934471221256,1.168626148465125,0.06660766165081758,0.041989281607453646,0.9274193548387096,0.7946843853820601,-0.7621120367466856,-0.6851672986570005,MODE_3_RELOCALIZE,simple,four_mode_relocalization_v2,,0,0,0,False,1,0,0.6886076709916378,0,0,restarted_se3,1,51.91773734986782,2.5439923629164696,0,402,cache_read_only_not_online_fps,b18588ca73eff0bed9b27155081eb3c6df55568f77c0b4b80229d1c92a313cef,cached_perception_v2,1,1,1,0.673390452037789,,1,2460.798814892769,0,23.34773074835539,2460.798814892769,2515.260544605553,66.2753161917512,66.4459063204461,66.2753161917512,66.27474965088972,0.673390452037789,56.66543884035089
cracker_box_yalehand0_black10_5,402,1.481533273834855,0.7218911169069838,1.8420162703862972,1.17743157714763,0.0661845022074396,0.04230566475967872,0.9274193548387096,0.7946843853820601,-0.7596421569278712,-0.6645846932386672,MODE_3_RELOCALIZE,simple,four_mode_relocalization_v2,,0,0,0,False,1,0,0.7218911169069838,0,0,restarted_se3,1,46.49739060550928,2.6455912739038467,0,403,cache_read_only_not_online_fps,b18588ca73eff0bed9b27155081eb3c6df55568f77c0b4b80229d1c92a313cef,cached_perception_v2,1,1,1,0.5658535137080017,,1,2480.355814099312,0,21.454190835356712,2480.355814099312,2529.498795978725,65.66466396577016,66.16390928938995,65.66466396577016,65.6643067241409,0.5658535137080017,56.81208699884017
cracker_box_yalehand0_black10_5,403,1.3536180452954107,0.48526696715004797,1.8082364275951432,1.1311436396030918,0.06497077672861458,0.04064251761280155,0.7946843853820601,0.66,-0.8683510781453627,-0.6770927879920514,MODE_3_RELOCALIZE,simple,four_mode_relocalization_v2,,0,0,0,False,1,0,0.48526696715004797,0,0,restarted_se3,1,48.82428143173456,4.537600092589855,0,404,cache_read_only_not_online_fps,b18588ca73eff0bed9b27155081eb3c6df55568f77c0b4b80229d1c92a313cef,cached_perception_v2,1,1,1,0.6073391324019376,,1,2499.296961352229,0,22.158793173730373,2499.296961352229,2552.6588428765535,65.43616820396464,65.69955386351445,65.43616820396464,65.43577801867552,0.6073391324019376,56.91168325213085
cracker_box_yalehand0_black10_5,404,1.429539115988722,0.6427623059727917,1.833517181308763,1.1341497480412963,0.0658791259798478,0.04075052848858085,0.9274193548387096,0.66,-0.7867768100159304,-0.6993674332674666,MODE_3_RELOCALIZE,simple,four_mode_relocalization_v2,,0,0,0,False,1,0,0.6427623059727917,0,0,restarted_se3,1,60.41430775076151,4.606526345014572,0,405,cache_read_only_not_online_fps,b18588ca73eff0bed9b27155081eb3c6df55568f77c0b4b80229d1c92a313cef,cached_perception_v2,1,1,1,0.5740755185674346,,1,2495.116036385298,0,24.001793935894966,2495.116036385298,2560.136870481074,65.54889381224895,65.43183489118579,65.54889381224895,65.54833824011997,0.5740755185674346,56.92405378655017
cracker_box_yalehand0_black10_5,405,1.3748692951034192,0.5333050882777102,1.8437477896627412,1.0946369361728698,0.06624671650120911,0.03933081476163337,0.9274193548387096,0.3888888888888889,-0.841564206825709,-0.7491108534898714,MODE_3_RELOCALIZE,simple,four_mode_relocalization_v2,,0,0,0,False,1,0,0.5333050882777102,0,0,restarted_se3,1,48.37728291749954,2.497883513569832,0,406,cache_read_only_not_online_fps,b18588ca73eff0bed9b27155081eb3c6df55568f77c0b4b80229d1c92a313cef,cached_perception_v2,1,1,1,0.5263963180668615,,1,2482.9981280490756,0,21.344012580811977,2482.9981280490756,2533.873294480145,65.27270888487574,65.25960329247226,65.27270888487574,65.2719476193127,0.5263963180668615,56.89028405012571
cracker_box_yalehand0_black10_5,406,1.3311135114031158,0.5005941190066892,1.8190360612660137,1.1271584063646796,0.06535881259454066,0.04049932632708638,0.7946843853820601,0.66,-0.8305193923964267,-0.6918776549013341,MODE_3_RELOCALIZE,simple,four_mode_relocalization_v2,,0,0,0,False,1,0,0.5005941190066892,0,0,restarted_se3,1,45.89253757148981,2.4582436308264732,0,407,cache_read_only_not_online_fps,b18588ca73eff0bed9b27155081eb3c6df55568f77c0b4b80229d1c92a313cef,cached_perception_v2,1,1,1,0.6138457350325032,,1,2492.2099951654673,0,21.997268311679363,2492.2099951654673,2540.5607763677835,64.26156106662452,64.66369520457525,64.26156106662452,64.26052582510134,0.6138457350325032,56.808163610211714
cracker_box_yalehand0_black10_5,407,1.4459853896417614,0.6823534635561515,1.8489554134854944,1.153686073635273,0.06643382884974458,0.041452477762964096,0.9274193548387096,0.7946843853820601,-0.7636319260856099,-0.6952693398502214,MODE_3_RELOCALIZE,simple,four_mode_relocalization_v2,,0,0,0,False,1,0,0.6823534635561515,0,0,restarted_se3,1,45.7951296120882,2.4176109582185745,0,408,cache_read_only_not_online_fps,b18588ca73eff0bed9b27155081eb3c6df55568f77c0b4b80229d1c92a313cef,cached_perception_v2,1,1,1,0.5094756884478086,,1,2479.77312002331,0,23.030588403344154,2479.77312002331,2527.985860593617,63.47032284462898,63.70253540391235,63.47032284462898,63.4690716302328,0.5094756884478086,56.66834848123771
cracker_box_yalehand0_black10_5,408,1.3830994714786655,0.40442776571448114,1.8274876196750993,1.0939429675553582,0.0656624810230856,0.03930588014610581,0.8477560850611997,0.3888888888888889,-0.9786717057641844,-0.7335446521197411,MODE_3_RELOCALIZE,simple,four_mode_relocalization_v2,,0,0,0,False,1,0,0.40442776571448114,0,0,restarted_se3,1,47.682786360383034,2.952937036752701,0,409,cache_read_only_not_online_fps,b18588ca73eff0bed9b27155081eb3c6df55568f77c0b4b80229d1c92a313cef,cached_perception_v2,1,1,1,0.6064916975484341,,1,2471.849068067968,0,21.524420008063316,2471.849068067968,2522.4847914651036,61.77258168521031,62.24788789680715,61.77258168521031,61.77127080563669,0.6064916975484341,56.49931690518598
cracker_box_yalehand0_black10_5,409,1.2173333531333173,0.6907304394581126,1.5936681972737026,1.1936053838419582,0.0572612403137285,0.04288679716446415,0.7946843853820601,0.7946843853820601,-0.5266029136752046,-0.4000628134317443,MODE_3_RELOCALIZE,simple,four_mode_relocalization_v2,,0,0,0,False,1,0,0.6907304394581126,0,0,restarted_se3,1,59.49720926582813,2.517418935894966,0,410,cache_read_only_not_online_fps,b18588ca73eff0bed9b27155081eb3c6df55568f77c0b4b80229d1c92a313cef,cached_perception_v2,1,1,1,0.5102282489698104,,1,2469.8781883344054,0,23.596186190843582,2469.8781883344054,2531.8928165361285,60.92898596415732,60.940855709492055,60.92898596415732,60.8970652231846,0.5102282489698104,56.29124944712206
cracker_box_yalehand0_black10_5,410,1.3083096964056986,0.46237288600240944,1.846359739371491,1.1972240357284487,0.06634056507032529,0.04301681701153052,0.9274193548387096,0.7946843853820601,-0.8459368104032892,-0.6491357036430423,MODE_3_RELOCALIZE,simple,four_mode_relocalization_v2,,0,0,0,False,1,0,0.46237288600240944,0,0,restarted_se3,1,48.947335220873356,2.437715418636799,0,411,cache_read_only_not_online_fps,b18588ca73eff0bed9b27155081eb3c6df55568f77c0b4b80229d1c92a313cef,cached_perception_v2,1,1,1,0.584344596938193,,1,2462.385364808142,0,19.24831885844469,2462.385364808142,2513.7704154476523,60.051771018404054,59.95051265715694,60.051771018404054,60.05056919563655,0.584344596938193,56.088039780739294
cracker_box_yalehand0_black10_5,411,1.4215283935591718,0.6600641978911549,1.826401766167517,1.1595443354798214,0.06562346580100265,0.041662967838549024,0.7946843853820601,0.7946843853820601,-0.7614641956680169,-0.6668574306876955,MODE_3_RELOCALIZE,simple,four_mode_relocalization_v2,,0,0,0,False,1,0,0.6600641978911549,0,0,restarted_se3,1,45.703995041549206,1.9859662279486656,0,412,cache_read_only_not_online_fps,b18588ca73eff0bed9b27155081eb3c6df55568f77c0b4b80229d1c92a313cef,cached_perception_v2,1,1,1,0.6127322644999585,,1,2468.284571543336,0,20.97031380981207,2468.284571543336,2515.974532812834,59.54243984917713,59.3230163741895,59.54243984917713,59.541367246210484,0.6127322644999585,55.91948317666736
cracker_box_yalehand0_black10_5,412,1.3375763145797614,0.6347389358578782,1.8498745154066423,1.1343254048088636,0.06646685260969015,0.04075683991802244,0.9274193548387096,0.66,-0.7028373787218832,-0.7155491105977787,MODE_3_RELOCALIZE,simple,four_mode_relocalization_v2,,0,0,0,False,1,0,0.6347389358578782,0,0,restarted_se3,1,46.79236840456724,2.2236956283450127,0,413,cache_read_only_not_online_fps,b18588ca73eff0bed9b27155081eb3c6df55568f77c0b4b80229d1c92a313cef,cached_perception_v2,1,1,1,0.6069509303123376,,1,2464.0837581828237,0,21.17705997079611,2464.0837581828237,2513.099822215736,59.255882005671054,59.0164090041448,59.255882005671054,59.254915736418766,0.6069509303123376,55.73989996462362
cracker_box_yalehand0_black10_5,413,1.426394758899152,0.5931184468340279,1.8316396135150363,1.161373580877285,0.06581166409485453,0.04172869347734644,0.9274193548387096,0.7946843853820601,-0.833276312065124,-0.6702660326377514,MODE_3_RELOCALIZE,simple,four_mode_relocalization_v2,,0,0,0,False,1,0,0.5931184468340279,0,0,restarted_se3,1,45.34751456230879,2.5260644033551216,0,414,cache_read_only_not_online_fps,b18588ca73eff0bed9b27155081eb3c6df55568f77c0b4b80229d1c92a313cef,cached_perception_v2,1,1,1,0.5485369718283111,,1,2472.9182682931423,0,21.379977464675903,2472.9182682931423,2520.7918472588062,59.02823560207835,58.90375661350623,59.02823560207835,59.027323829739316,0.5485369718283111,55.579781181903506
cracker_box_yalehand0_black10_5,414,1.274675312487449,0.5207070155467051,1.7970794726224792,1.1071439469431335,0.06456990214195214,0.03978019748166732,0.7946843853820601,0.5121951219512195,-0.753968296940744,-0.6899355256793458,MODE_3_RELOCALIZE,simple,four_mode_relocalization_v2,,0,0,0,False,1,0,0.5207070155467051,0,0,restarted_se3,1,49.38054271042347,1.9261278212070465,0,415,cache_read_only_not_online_fps,b18588ca73eff0bed9b27155081eb3c6df55568f77c0b4b80229d1c92a313cef,cached_perception_v2,1,1,1,0.5888413941858155,,1,2481.9796830415726,0,22.542113438248634,2481.9796830415726,2533.286353573203,59.35593027649101,59.105640480733236,59.35593027649101,59.35507784217471,0.5888413941858155,55.43772892449701
cracker_box_yalehand0_black10_5,415,1.3709570831814393,0.6262996277119759,1.7990120299944943,1.12947352315031,0.06463933982809555,0.040582509551074356,0.7946843853820601,0.66,-0.7446574554694634,-0.6695385068441844,MODE_3_RELOCALIZE,simple,four_mode_relocalization_v2,,0,0,0,False,1,0,0.6262996277119759,0,0,restarted_se3,1,41.5081437677145,3.0355993658304214,0,416,cache_read_only_not_online_fps,b18588ca73eff0bed9b27155081eb3c6df55568f77c0b4b80229d1c92a313cef,cached_perception_v2,1,1,1,0.5872002828554228,,1,2473.279779776931,0,21.983018144965172,2473.279779776931,2517.8235229104757,59.278448337446235,59.30397797406233,59.278448337446235,59.27760597467765,0.5872002828554228,55.28927390938397
cracker_box_yalehand0_black10_5,416,1.4325898164887967,0.5831576640352344,1.8548767711000145,1.127399497681841,0.06664658598572094,0.04050798885036014,0.9274193548387096,0.66,-0.8494321524535623,-0.7274772734181736,MODE_3_RELOCALIZE,simple,four_mode_relocalization_v2,,0,0,0,False,1,0,0.5831576640352344,0,0,restarted_se3,1,46.00171931087971,2.3085642606019974,0,417,cache_read_only_not_online_fps,b18588ca73eff0bed9b27155081eb3c6df55568f77c0b4b80229d1c92a313cef,cached_perception_v2,1,1,1,0.5667969198917769,,1,2469.342391937971,0,21.848601289093494,2469.342391937971,2517.652675509453,59.18778462764691,59.382837833439886,59.18778462764691,59.18705739599189,0.5667969198917769,55.17862222986755
cracker_box_yalehand0_black10_5,417,1.3264676317834283,0.5474758587201852,1.8034825369996328,1.143245763449565,0.06479996722618467,0.041077352557155014,0.7946843853820601,0.7272727272727273,-0.7789917730632431,-0.6602367735500678,MODE_3_RELOCALIZE,simple,four_mode_relocalization_v2,,0,0,0,False,1,0,0.5474758587201852,0,0,restarted_se3,1,46.22989892959595,2.295147627592087,0,418,cache_read_only_not_online_fps,b18588ca73eff0bed9b27155081eb3c6df55568f77c0b4b80229d1c92a313cef,cached_perception_v2,1,1,1,0.5932082391269361,,1,2469.45876814425,0,21.464772522449493,2469.45876814425,2517.983814701438,59.13938079088496,59.32379013886533,59.13938079088496,59.13869535544536,0.5932082391269361,55.07868264862973
cracker_box_yalehand0_black10_5,418,1.3449666358822743,0.6121259134636727,1.8277622773594318,1.1391438632319504,0.06567234960155977,0.04092996937255889,0.9274193548387096,0.7272727272727273,-0.7328407224186015,-0.6886184141274814,MODE_3_RELOCALIZE,simple,four_mode_relocalization_v2,,0,0,0,False,1,0,0.6121259134636727,0,0,restarted_se3,1,47.13533353060484,2.4289358407258987,0,419,cache_read_only_not_online_fps,b18588ca73eff0bed9b27155081eb3c6df55568f77c0b4b80229d1c92a313cef,cached_perception_v2,1,1,1,0.5539453057007842,,1,2460.7298923656344,0,21.3568527251482,2460.7298923656344,2510.294161736965,59.09173538559204,59.199405480674095,59.09173538559204,59.091123738721706,0.5539453057007842,54.9785451268185
cracker_box_yalehand0_black10_5,419,1.3266686004151993,0.5396419636250265,1.821075392547155,1.1540394572911519,0.06543208671695114,0.041465175002249444,0.7946843853820601,0.7946843853820601,-0.7870266367901728,-0.6670359352560031,MODE_3_RELOCALIZE,simple,four_mode_relocalization_v2,,0,0,0,False,1,0,0.5396419636250265,0,0,restarted_se3,1,47.40744084119797,2.6811519637703896,0,420,cache_read_only_not_online_fps,b18588ca73eff0bed9b27155081eb3c6df55568f77c0b4b80229d1c92a313cef,cached_perception_v2,1,1,1,0.5828741649231218,,1,2467.3030599951744,0,21.94662857800722,2467.3030599951744,2517.3916528001428,59.28688443404111,59.245749538015566,59.28688443404111,59.28637985363373,0.5828741649231218,54.927039137001955
cracker_box_yalehand0_black10_5,420,1.3989262825230244,0.605746193590149,1.8084825230318282,1.144266662861298,0.06497961905223265,0.041114033948332546,0.7946843853820601,0.7272727272727273,-0.7931800889328754,-0.6642158601705301,MODE_3_RELOCALIZE,simple,four_mode_relocalization_v2,,0,0,0,False,1,0,0.605746193590149,0,0,restarted_se3,1,47.94662073254585,2.210911363363266,0,421,cache_read_only_not_online_fps,b18588ca73eff0bed9b27155081eb3c6df55568f77c0b4b80229d1c92a313cef,cached_perception_v2,1,1,1,0.5544685400219522,,1,2468.6369011178613,0,21.356096491217613,2468.6369011178613,2518.7944332137704,59.472342975150895,59.42720277509079,59.472342975150895,59.471847994219665,0.5544685400219522,54.84008286697385
cracker_box_yalehand0_black10_5,421,1.4141171249982054,0.5429293521870139,1.8579497982737747,1.1351755709335816,0.06675700128282502,0.04078738678270691,0.9274193548387096,0.66,-0.8711877728111915,-0.7227742273401931,MODE_3_RELOCALIZE,simple,four_mode_relocalization_v2,,0,0,0,False,1,0,0.5429293521870139,0,0,restarted_se3,1,45.873540453612804,2.1029608324170113,0,422,cache_read_only_not_online_fps,b18588ca73eff0bed9b27155081eb3c6df55568f77c0b4b80229d1c92a313cef,cached_perception_v2,1,1,1,0.6018490678113319,,1,2464.3065175041556,0,21.579302847385406,2464.3065175041556,2512.2830187901855,60.021128561936145,59.87399808516562,60.021128561936145,60.02081705352607,0.6018490678113319,54.78802703251636
cracker_box_yalehand0_black10_5,422,1.3881548872993212,0.6385258928938857,1.7976777203236578,1.1526914693469974,0.06459139746038978,0.04141674116781497,0.7946843853820601,0.7946843853820601,-0.7496289944054355,-0.6449862509766604,MODE_3_RELOCALIZE,simple,four_mode_relocalization_v2,,0,0,0,False,1,0,0.6385258928938857,0,0,restarted_se3,1,49.407750368118286,2.8149550780653954,0,423,cache_read_only_not_online_fps,b18588ca73eff0bed9b27155081eb3c6df55568f77c0b4b80229d1c92a313cef,cached_perception_v2,1,1,1,0.5856092604656222,,1,2486.4998878911138,0,20.876995287835598,2486.4998878911138,2538.7225933372974,60.18204257212007,60.26125165491641,60.18204257212007,60.18179691955934,0.5856092604656222,54.71610507404381
cracker_box_yalehand0_black10_5,423,1.3670444555882602,0.5782073221570014,1.8232612174592215,1.138920701296007,0.0655106244237258,0.040921951060299916,0.7946843853820601,0.7272727272727273,-0.7888371334312587,-0.6843405161632146,MODE_3_RELOCALIZE,simple,four_mode_relocalization_v2,,0,0,0,False,1,0,0.5782073221570014,0,0,restarted_se3,1,46.63081653416157,4.512627609074116,0,424,cache_read_only_not_online_fps,b18588ca73eff0bed9b27155081eb3c6df55568f77c0b4b80229d1c92a313cef,cached_perception_v2,1,1,1,0.6180397633065543,,1,2462.7649085596204,0,21.00424375385046,2462.7649085596204,2513.908352702856,60.42862299093288,60.56966613050869,60.42862299093288,60.42845143187715,0.6180397633065543,54.69375778406245
cracker_box_yalehand0_black10_5,424,1.4477576265268075,0.6486132369574598,1.8649007295387972,1.1712865114341886,0.06700675147941648,0.04208486968755331,0.9274193548387096,0.7946843853820601,-0.7991443895693477,-0.6936142181046085,MODE_3_RELOCALIZE,simple,four_mode_relocalization_v2,,0,0,0,False,1,0,0.6486132369574598,0,0,restarted_se3,1,47.96546325087547,2.2482015192508698,0,425,cache_read_only_not_online_fps,b18588ca73eff0bed9b27155081eb3c6df55568f77c0b4b80229d1c92a313cef,cached_perception_v2,1,1,1,0.5972464855231626,,1,2474.600057117641,0,21.320625208318233,2474.600057117641,2524.8137218877673,61.11984816000356,61.00184641402715,61.11984816000356,61.11980968761554,0.5972464855231626,54.656621381082616
cracker_box_yalehand0_black10_5,425,1.3234775426335896,0.5636086278677049,1.8386285652926406,1.12861468930054,0.06606278038616478,0.04055165125099322,0.9274193548387096,0.66,-0.7598689147658847,-0.7100138759921006,MODE_3_RELOCALIZE,simple,four_mode_relocalization_v2,,0,0,0,False,1,0,0.5636086278677049,0,0,restarted_se3,1,48.00589196383953,2.486146055161953,0,426,cache_read_only_not_online_fps,b18588ca73eff0bed9b27155081eb3c6df55568f77c0b4b80229d1c92a313cef,cached_perception_v2,1,1,1,0.6087638809088719,,1,2468.2180983945727,0,23.922893218696117,2468.2180983945727,2518.710136413574,61.586871853130575,61.511632693191586,61.586871853130575,61.58694816122032,0.6087638809088719,54.60840256240623
cracker_box_yalehand0_black10_5,426,1.4738784557920004,0.6267637032752846,1.8356747772900135,1.1701211338614923,0.06595664940799531,0.04204299712878572,0.9274193548387096,0.7946843853820601,-0.8471147525167158,-0.6655536434285212,MODE_3_RELOCALIZE,simple,four_mode_relocalization_v2,,0,0,0,False,1,0,0.6267637032752846,0,0,restarted_se3,1,48.95797558128834,2.123718149960041,0,427,cache_read_only_not_online_fps,b18588ca73eff0bed9b27155081eb3c6df55568f77c0b4b80229d1c92a313cef,cached_perception_v2,1,1,1,0.5208421782833206,,1,2465.057278983295,0,20.95196582376957,2465.057278983295,2516.1389727145433,61.93898775493529,61.98801635641159,61.93898775493529,61.93913118912748,0.5208421782833206,54.58576222078803
cracker_box_yalehand0_black10_5,427,1.3617583867829037,0.43523906512659233,1.8072651343327597,1.119885412474693,0.06493587770947898,0.04023800427043291,0.7946843853820601,0.6060606060606061,-0.9265193216563115,-0.6873797218580666,MODE_3_RELOCALIZE,simple,four_mode_relocalization_v2,,0,0,0,False,1,0,0.43523906512659233,0,0,restarted_se3,1,59.377990663051605,4.344462417066097,0,428,cache_read_only_not_online_fps,b18588ca73eff0bed9b27155081eb3c6df55568f77c0b4b80229d1c92a313cef,cached_perception_v2,1,1,1,0.5570838227767005,,1,2468.4648187831044,0,21.847713738679886,2468.4648187831044,2532.187271863222,62.172108240545555,62.293665011715994,62.172108240545555,62.17231876927332,0.5570838227767005,54.55253934619782
cracker_box_yalehand0_black10_5,428,1.3117500480341053,0.5970966600328856,1.8209606946711332,1.0983517219690537,0.06542796556886424,0.03946428874483339,0.7946843853820601,0.3888888888888889,-0.7146533880012197,-0.7226089727020795,MODE_3_RELOCALIZE,simple,four_mode_relocalization_v2,,0,0,0,False,1,0,0.5970966600328856,0,0,restarted_se3,1,46.03158123791218,2.1930187940597534,0,429,cache_read_only_not_online_fps,b18588ca73eff0bed9b27155081eb3c6df55568f77c0b4b80229d1c92a313cef,cached_perception_v2,1,1,1,0.5545788966899504,,1,2471.820463426411,0,21.84754516929388,2471.820463426411,2520.045063458383,62.31058574853455,62.438129160891364,62.31058574853455,62.31088198272572,0.5545788966899504,54.525627899331695
cracker_box_yalehand0_black10_5,429,1.3088333258774256,0.5759923894027249,1.8366455997526074,1.1551519010340177,0.06599153151107527,0.041505145623866105,0.9274193548387096,0.7946843853820601,-0.7328409364747007,-0.6814936987185898,MODE_3_RELOCALIZE,simple,four_mode_relocalization_v2,,0,0,0,False,1,0,0.5759923894027249,0,0,restarted_se3,1,44.16039492934942,2.606102265417576,0,430,cache_read_only_not_online_fps,b18588ca73eff0bed9b27155081eb3c6df55568f77c0b4b80229d1c92a313cef,cached_perception_v2,1,1,1,0.5954062728792,,1,2473.6046344041824,0,23.48314505070448,2473.6046344041824,2520.3711315989494,62.32203703075341,62.4320095847783,62.32203703075341,62.32245102792044,0.5954062728792,54.49131621029264
cracker_box_yalehand0_black10_5,430,1.4292695634086934,0.6311875120102057,1.8132812570670802,1.1253345399883796,0.06515203980033085,0.04043379395902376,0.7946843853820601,0.66,-0.7980820513984876,-0.6879467170787006,MODE_3_RELOCALIZE,simple,four_mode_relocalization_v2,,0,0,0,False,1,0,0.6311875120102057,0,0,restarted_se3,1,48.07446990162134,2.594010904431343,0,431,cache_read_only_not_online_fps,b18588ca73eff0bed9b27155081eb3c6df55568f77c0b4b80229d1c92a313cef,cached_perception_v2,1,1,1,0.5415821394996306,,1,2467.947091907263,0,21.40703797340393,2467.947091907263,2518.6155727133155,62.425341813834045,62.38967313170173,62.425341813834045,62.425833599766115,0.5415821394996306,54.45679762502568
cracker_box_yalehand0_black10_5,431,1.2973676898030517,0.48977889154016696,1.8158849077307422,1.142776398405703,0.06524559018089313,0.041060488052600416,0.7946843853820601,0.7272727272727273,-0.8075887982628848,-0.6731085093250391,MODE_3_RELOCALIZE,simple,four_mode_relocalization_v2,,0,0,0,False,1,0,0.48977889154016696,0,0,restarted_se3,1,45.03021668642759,2.255665138363838,0,432,cache_read_only_not_online_fps,b18588ca73eff0bed9b27155081eb3c6df55568f77c0b4b80229d1c92a313cef,cached_perception_v2,1,1,1,0.601296267710504,,1,2470.633475109935,0,22.129613906145096,2470.633475109935,2517.9193569347262,62.45708724703557,62.34654221716004,62.45708724703557,62.457628740273066,0.601296267710504,54.40657884518567
cracker_box_yalehand0_black10_5,432,1.4672875079456387,0.6515413490393483,1.8260542271354436,1.1251442906977631,0.0656109785617718,0.04042695821343497,0.7946843853820601,0.66,-0.8157461589062903,-0.7009099364376805,MODE_3_RELOCALIZE,simple,four_mode_relocalization_v2,,0,0,0,False,1,0,0.6515413490393483,0,0,restarted_se3,1,46.55468184500933,2.575913444161415,0,433,cache_read_only_not_online_fps,b18588ca73eff0bed9b27155081eb3c6df55568f77c0b4b80229d1c92a313cef,cached_perception_v2,1,1,1,0.6041373532273229,,1,2472.624101676047,0,22.21317496150732,2472.624101676047,2521.7546969652176,62.269488875621846,62.25570274370143,62.269488875621846,62.27013926149312,0.6041373532273229,54.3474988920199
cracker_box_yalehand0_black10_5,433,1.4198671355030972,0.6080079007474501,1.8214769909937036,1.1430841076743632,0.06544651633611326,0.041071544189887746,0.7946843853820601,0.7272727272727273,-0.811859234755647,-0.6783928833193404,MODE_3_RELOCALIZE,simple,four_mode_relocalization_v2,,0,0,0,False,1,0,0.6080079007474501,0,0,restarted_se3,1,45.29639147222042,1.7993245273828506,0,434,cache_read_only_not_online_fps,b18588ca73eff0bed9b27155081eb3c6df55568f77c0b4b80229d1c92a313cef,cached_perception_v2,1,1,1,0.5508057600263201,,1,2474.8322125524282,0,21.03045303374529,2474.8322125524282,2521.9279285520315,61.86482666444733,61.976375638894865,61.86482666444733,61.86561722850173,0.5508057600263201,54.25153594209563
cracker_box_yalehand0_black10_5,434,1.3415760770280627,0.508841981847368,1.8169610839467811,1.1186301478028262,0.06528425769338533,0.04019290202634217,0.7946843853820601,0.6060606060606061,-0.8327340951806947,-0.6983309361439549,MODE_3_RELOCALIZE,simple,four_mode_relocalization_v2,,0,0,0,False,1,0,0.508841981847368,0,0,restarted_se3,1,45.453558675944805,1.9598565995693207,0,435,cache_read_only_not_online_fps,b18588ca73eff0bed9b27155081eb3c6df55568f77c0b4b80229d1c92a313cef,cached_perception_v2,1,1,1,0.6168672355396541,,1,2500.814259983599,0,22.273283451795578,2500.814259983599,2548.2276752591133,61.77193599077291,61.71981587218332,61.77193599077291,61.77278416202705,0.6168672355396541,54.182354368247054
cracker_box_yalehand0_black10_5,435,1.4049359945327111,0.6637798453355989,1.8259600653609434,1.1867178799091147,0.06560759528537383,0.042639325941448605,0.7946843853820601,0.7946843853820601,-0.7411561491971123,-0.6392421854518286,MODE_3_RELOCALIZE,simple,four_mode_relocalization_v2,,0,0,0,False,1,0,0.6637798453355989,0,0,restarted_se3,1,45.885803177952766,2.1698102355003357,0,436,cache_read_only_not_online_fps,b18588ca73eff0bed9b27155081eb3c6df55568f77c0b4b80229d1c92a313cef,cached_perception_v2,1,1,1,0.4949382446902361,,1,2472.110382281244,0,22.82242849469185,2472.110382281244,2520.165995694697,61.37262375005888,61.39666000414519,61.37262375005888,61.373606943874904,0.4949382446902361,54.09030736193577
cracker_box_yalehand0_black10_5,436,1.2668679754536953,0.40716762282959296,1.8100641264397364,1.1331391245897398,0.06503644679904731,0.040714216317436776,0.7946843853820601,0.66,-0.8597003526241024,-0.6769250018499966,MODE_3_RELOCALIZE,simple,four_mode_relocalization_v2,,0,0,0,False,1,0,0.40716762282959296,0,0,restarted_se3,1,46.35869059711695,2.2687260061502457,0,437,cache_read_only_not_online_fps,b18588ca73eff0bed9b27155081eb3c6df55568f77c0b4b80229d1c92a313cef,cached_perception_v2,1,1,1,0.5735690531015296,,1,2467.5708217546344,0,20.9875600412488,2467.5708217546344,2516.1982383579016,61.09817614083439,61.08044973040335,61.09817614083439,61.099283587503315,0.5735690531015296,53.97996478797761
cracker_box_yalehand0_black10_5,437,1.397756962757119,0.6523668967360571,1.8332604136204973,1.177253613709171,0.0658699001972616,0.042299270450478044,0.9274193548387096,0.7946843853820601,-0.7453900660210618,-0.6560067999113264,MODE_3_RELOCALIZE,simple,four_mode_relocalization_v2,,0,0,0,False,1,0,0.6523668967360571,0,0,restarted_se3,1,44.8345597833395,2.4981843307614326,0,438,cache_read_only_not_online_fps,b18588ca73eff0bed9b27155081eb3c6df55568f77c0b4b80229d1c92a313cef,cached_perception_v2,1,1,1,0.5785873566317119,,1,2471.936244517565,0,23.501991294324398,2471.936244517565,2519.2689886316657,60.943329271108205,60.865027072048825,60.943329271108205,60.94448386469675,0.5785873566317119,53.85499403084509
cracker_box_yalehand0_black10_5,438,1.3986614549932628,0.5779703422587711,1.8247887724069722,1.1008571366673705,0.06556551018420292,0.03955430946142376,0.7946843853820601,0.3888888888888889,-0.8206911127344917,-0.7239316357396017,MODE_3_RELOCALIZE,simple,four_mode_relocalization_v2,,0,0,0,False,1,0,0.5779703422587711,0,0,restarted_se3,1,45.301065780222416,2.815769985318184,0,439,cache_read_only_not_online_fps,b18588ca73eff0bed9b27155081eb3c6df55568f77c0b4b80229d1c92a313cef,cached_perception_v2,1,1,1,0.6117420763652025,,1,2467.9489880800247,0,22.232835181057453,2467.9489880800247,2516.0658238455653,60.81843627409545,60.74751853170951,60.81843627409545,60.81969671516085,0.6117420763652025,53.73753507580521
cracker_box_yalehand0_black10_5,439,1.379523712260563,0.6490628149893877,1.843787343631499,1.1479064697986763,0.06624813769372226,0.04124481390622675,0.9274193548387096,0.7272727272727273,-0.7304608972711754,-0.6958808738328228,MODE_3_RELOCALIZE,simple,four_mode_relocalization_v2,,0,0,0,False,1,0,0.6490628149893877,0,0,restarted_se3,1,49.922299571335316,2.1229637786746025,0,440,cache_read_only_not_online_fps,b18588ca73eff0bed9b27155081eb3c6df55568f77c0b4b80229d1c92a313cef,cached_perception_v2,1,1,1,0.5567157314145857,,1,2468.082318082452,0,20.744381472468376,2468.082318082452,2520.1275814324617,60.73529938678936,60.69418631782746,60.73529938678936,60.736664135577115,0.5567157314145857,53.61341568936775
cracker_box_yalehand0_black10_5,440,1.3453035545874155,0.5002912814479717,1.8366802521912158,1.1064115417670881,0.06599277658932808,0.039753881822696215,0.9274193548387096,0.5121951219512195,-0.8450122731394437,-0.7302687104241277,MODE_3_RELOCALIZE,simple,four_mode_relocalization_v2,,0,0,0,False,1,0,0.5002912814479717,0,0,restarted_se3,1,46.794881112873554,2.238227054476738,0,441,cache_read_only_not_online_fps,b18588ca73eff0bed9b27155081eb3c6df55568f77c0b4b80229d1c92a313cef,cached_perception_v2,1,1,1,0.5675474416931712,,1,2487.8384796902537,0,22.46055006980896,2487.8384796902537,2536.871587857604,60.670419759445295,60.65916131267903,60.670419759445295,60.671788401231744,0.5675474416931712,53.472125925428195
cracker_box_yalehand0_black10_5,441,1.4033065916842105,0.6074497847986845,1.8323432820361945,1.138912980649677,0.06583694723243623,0.04092167365388267,0.9274193548387096,0.7272727272727273,-0.795856806885526,-0.6934303013865175,MODE_3_RELOCALIZE,simple,four_mode_relocalization_v2,,0,0,0,False,1,0,0.6074497847986845,0,0,restarted_se3,1,47.67150338739157,4.211741499602795,0,442,cache_read_only_not_online_fps,b18588ca73eff0bed9b27155081eb3c6df55568f77c0b4b80229d1c92a313cef,cached_perception_v2,1,1,1,0.5649511053378121,,1,2464.420155622065,0,21.578910760581493,2464.420155622065,2516.3034005090594,60.65096564460525,60.64905973086903,60.65096564460525,60.65233763530842,0.5649511053378121,53.34111178213893
cracker_box_yalehand0_black10_5,442,1.3032722599705167,0.5643356307131875,1.81139907471131,1.1488054487035935,0.0650844121119749,0.04127711463683021,0.7946843853820601,0.7272727272727273,-0.7389366292573292,-0.6625936260077165,MODE_3_RELOCALIZE,simple,four_mode_relocalization_v2,,0,0,0,False,1,0,0.5643356307131875,0,0,restarted_se3,1,49.761499278247356,4.063286818563938,0,443,cache_read_only_not_online_fps,b18588ca73eff0bed9b27155081eb3c6df55568f77c0b4b80229d1c92a313cef,cached_perception_v2,1,1,1,0.5601798575274866,,1,2462.2814087197185,0,20.84438130259514,2462.2814087197185,2516.1061948165298,60.4975702459416,60.55857372126611,60.4975702459416,60.498973575592,0.5601798575274866,53.18951149044167
cracker_box_yalehand0_black10_5,443,1.3236007028075931,0.5549899914688742,1.8501894747001926,1.1036137222243003,0.06647816924374728,0.039653354863905116,0.9274193548387096,0.3888888888888889,-0.7686107113387189,-0.7465757524758923,MODE_3_RELOCALIZE,simple,four_mode_relocalization_v2,,0,0,0,False,1,0,0.5549899914688742,0,0,restarted_se3,1,46.94316070526838,2.225051634013653,0,444,cache_read_only_not_online_fps,b18588ca73eff0bed9b27155081eb3c6df55568f77c0b4b80229d1c92a313cef,cached_perception_v2,1,1,1,0.5433153968346336,,1,2466.414331458509,0,22.141193971037865,2466.414331458509,2515.582543797791,60.72654101827214,60.607551262176976,60.72654101827214,60.72801056644035,0.5433153968346336,53.063784611317054
cracker_box_yalehand0_black10_5,444,1.2939440209495623,0.5311306630810195,1.7908647015570982,1.1401964471999435,0.06434660252407788,0.04096778920459465,0.7946843853820601,0.7272727272727273,-0.7628133578685428,-0.6506682543571547,MODE_3_RELOCALIZE,simple,four_mode_relocalization_v2,,0,0,0,False,1,0,0.5311306630810195,0,0,restarted_se3,1,49.03102200478315,2.1848101168870926,0,445,cache_read_only_not_online_fps,b18588ca73eff0bed9b27155081eb3c6df55568f77c0b4b80229d1c92a313cef,cached_perception_v2,1,1,1,0.5751031620227802,,1,2466.6691422462463,0,21.964644081890583,2466.6691422462463,2517.8849743679166,60.73125132133285,60.69824857341738,60.73125132133285,60.73273475514721,0.5751031620227802,52.925840704244386
cracker_box_yalehand0_black10_5,445,1.320460757176055,0.6282028463634913,1.7454801077295987,1.161159349473452,0.06271591293753587,0.04172099604326411,0.7946843853820601,0.7946843853820601,-0.6922579108125636,-0.5843207582561467,MODE_3_RELOCALIZE,simple,four_mode_relocalization_v2,,0,0,0,False,1,0,0.6282028463634913,0,0,restarted_se3,1,46.386721543967724,3.255443647503853,0,446,cache_read_only_not_online_fps,b18588ca73eff0bed9b27155081eb3c6df55568f77c0b4b80229d1c92a313cef,cached_perception_v2,1,1,1,0.5844869076717576,,1,2477.296706289053,0,21.70219924300909,2477.296706289053,2526.9388714805245,60.71359757081527,60.76470573069882,60.71359757081527,60.715212906976525,0.5844869076717576,52.794262611444985
cracker_box_yalehand0_black10_5,446,1.3687965551370334,0.59489831751503,1.7898884750670774,1.1673906666691871,0.06431152625177644,0.04194489017130561,0.7946843853820601,0.7946843853820601,-0.7738982376220034,-0.6224978083978903,MODE_3_RELOCALIZE,simple,four_mode_relocalization_v2,,0,0,0,False,1,0,0.59489831751503,0,0,restarted_se3,1,46.591101214289665,3.8301395252346992,0,447,cache_read_only_not_online_fps,b18588ca73eff0bed9b27155081eb3c6df55568f77c0b4b80229d1c92a313cef,cached_perception_v2,1,1,1,0.5072726840162382,,1,2456.7440757527947,0,25.021367706358433,2456.7440757527947,2507.165316492319,60.578227517619666,60.7425683940448,60.578227517619666,60.57988861698767,0.5072726840162382,52.685213045298354
cracker_box_yalehand0_black10_5,447,1.3003442083329677,0.4667209271239815,1.806477865188735,1.14819942146251,0.06490759076259461,0.04125533979590177,0.7946843853820601,0.7272727272727273,-0.8336232812089862,-0.658278443726225,MODE_3_RELOCALIZE,simple,four_mode_relocalization_v2,,0,0,0,False,1,0,0.4667209271239815,0,0,restarted_se3,1,46.507347375154495,2.1460577845573425,0,448,cache_read_only_not_online_fps,b18588ca73eff0bed9b27155081eb3c6df55568f77c0b4b80229d1c92a313cef,cached_perception_v2,1,1,1,0.6241134496155688,,1,2459.068919532001,0,21.402827464044094,2459.068919532001,2507.722324691713,60.487656103114126,60.65508094658496,60.487656103114126,60.48942261776692,0.6241134496155688,52.609793927247814
cracker_box_yalehand0_black10_5,448,1.4174297285074902,0.7236205039516724,1.8433282223845457,1.1659056588332142,0.06623164125355993,0.041891533148363885,0.9274193548387096,0.7946843853820601,-0.6938092245558177,-0.6774225635513316,MODE_3_RELOCALIZE,simple,four_mode_relocalization_v2,,0,0,0,False,1,0,0.7236205039516724,0,0,restarted_se3,1,46.632044948637486,2.051951363682747,0,449,cache_read_only_not_online_fps,b18588ca73eff0bed9b27155081eb3c6df55568f77c0b4b80229d1c92a313cef,cached_perception_v2,1,1,1,0.5652421000187526,,1,2608.8658710941672,0,21.316280588507652,2608.8658710941672,2657.5498674064875,60.258055089772355,60.432384233262894,60.258055089772355,60.2598927780193,0.5652421000187526,52.503796957936544
cracker_box_yalehand0_black10_5,449,1.3674327532107584,0.5173837095861473,1.8342114202253927,1.1440334415444209,0.06590407030734852,0.041105654197833144,0.9274193548387096,0.7272727272727273,-0.8500490436246111,-0.6901779786809719,MODE_3_RELOCALIZE,simple,four_mode_relocalization_v2,,0,0,0,False,1,0,0.5173837095861473,0,0,restarted_se3,1,45.518714003264904,1.8323427066206932,0,450,cache_read_only_not_online_fps,b18588ca73eff0bed9b27155081eb3c6df55568f77c0b4b80229d1c92a313cef,cached_perception_v2,1,1,1,0.6136404517188994,,1,2463.924796320498,0,21.4269096031785,2463.924796320498,2511.2758530303836,60.282423452566455,60.28488717732683,60.282423452566455,60.28431854739831,0.6136404517188994,52.418545166186505
cracker_box_yalehand0_black10_5,450,1.3285412831000807,0.6336551697242789,1.8166749931211799,1.1376088410868148,0.0652739783168223,0.04087481531220312,0.7946843853820601,0.66,-0.6948861133758018,-0.679066152034365,MODE_3_RELOCALIZE,simple,four_mode_relocalization_v2,,0,0,0,False,1,0,0.6336551697242789,0,0,restarted_se3,1,47.7792713791132,2.4369554594159126,0,451,cache_read_only_not_online_fps,b18588ca73eff0bed9b27155081eb3c6df55568f77c0b4b80229d1c92a313cef,cached_perception_v2,1,1,1,0.5566475641290953,,1,2470.000958070159,0,23.247419856488705,2470.000958070159,2520.217184908688,60.40118079403791,60.28757469551847,60.40118079403791,60.403145240000114,0.5566475641290953,52.344452359498774
cracker_box_yalehand0_black10_5,451,1.3587645287663186,0.5407179602411576,1.8294235789747684,1.1499068045152208,0.0657320409420735,0.04131668686391512,0.9274193548387096,0.7272727272727273,-0.818046568525161,-0.6795167744595476,MODE_3_RELOCALIZE,simple,four_mode_relocalization_v2,,0,0,0,False,1,0,0.5407179602411576,0,0,restarted_se3,1,48.42476360499859,2.0874841138720512,0,452,cache_read_only_not_online_fps,b18588ca73eff0bed9b27155081eb3c6df55568f77c0b4b80229d1c92a313cef,cached_perception_v2,1,1,1,0.603620239437516,,1,2493.8252735882998,0,21.047904156148434,2493.8252735882998,2544.3375213071704,60.544274119811995,60.449808478384966,60.544274119811995,60.54629926933755,0.603620239437516,52.30211691691808
cracker_box_yalehand0_black10_5,452,1.3646756653156185,0.6497112509355769,1.835187146956908,1.1395424588569125,0.06593912862309417,0.04094429109894334,0.9274193548387096,0.7272727272727273,-0.7149644143800415,-0.6956446880999956,MODE_3_RELOCALIZE,simple,four_mode_relocalization_v2,,0,0,0,False,1,0,0.6497112509355769,0,0,restarted_se3,1,52.2861098870635,2.847570925951004,0,453,cache_read_only_not_online_fps,b18588ca73eff0bed9b27155081eb3c6df55568f77c0b4b80229d1c92a313cef,cached_perception_v2,1,1,1,0.6097100452540669,,1,2477.785423398018,0,25.331774726510048,2477.785423398018,2532.9191042110324,60.91030966676697,60.77611489931661,60.91030966676697,60.91241313004582,0.6097100452540669,52.27247385274338
cracker_box_yalehand0_black10_5,453,1.407627342804236,0.5981036306596796,1.8077656343103912,1.1556310381847115,0.06495386090669983,0.04152236124476891,0.7946843853820601,0.7946843853820601,-0.8095237121445564,-0.6521345961256797,MODE_3_RELOCALIZE,simple,four_mode_relocalization_v2,,0,0,0,False,1,0,0.5981036306596796,0,0,restarted_se3,1,46.75227403640747,2.475152723491192,0,454,cache_read_only_not_online_fps,b18588ca73eff0bed9b27155081eb3c6df55568f77c0b4b80229d1c92a313cef,cached_perception_v2,1,1,1,0.5699417209157162,,1,2460.043660365045,0,20.88462933897972,2460.043660365045,2509.2710871249437,60.84298929786963,60.99031323606011,60.84298929786963,60.845121957066105,0.5699417209157162,52.25035419535562
cracker_box_yalehand0_black10_5,454,1.3464799832469594,0.5486365649150213,1.7877604949549548,1.1356425159797683,0.06423506693559536,0.04080416433561833,0.7946843853820601,0.66,-0.7978434183319381,-0.6521179789751865,MODE_3_RELOCALIZE,simple,four_mode_relocalization_v2,,0,0,0,False,1,0,0.5486365649150213,0,0,restarted_se3,1,48.345355316996574,2.2955480962991714,0,455,cache_read_only_not_online_fps,b18588ca73eff0bed9b27155081eb3c6df55568f77c0b4b80229d1c92a313cef,cached_perception_v2,1,1,1,0.6169601583883674,,1,2457.700025290251,0,21.986951120197773,2457.700025290251,2508.3409287035465,61.16459877878431,61.179807112780914,61.16459877878431,61.16681318884147,0.6169601583883674,52.187225640205384
cracker_box_yalehand0_black10_5,455,1.3724748034121983,0.6423078470086594,1.8258766857724071,1.1670264263494898,0.06560459941793756,0.04193180284703458,0.7946843853820601,0.7946843853820601,-0.7301669564035389,-0.6588502594229173,MODE_3_RELOCALIZE,simple,four_mode_relocalization_v2,,0,0,0,False,1,0,0.6423078470086594,0,0,restarted_se3,1,47.36853577196598,2.401290461421013,0,456,cache_read_only_not_online_fps,b18588ca73eff0bed9b27155081eb3c6df55568f77c0b4b80229d1c92a313cef,cached_perception_v2,1,1,1,0.583918237579238,,1,2461.158168502152,0,20.698816515505314,2461.158168502152,2510.927994735539,61.32595396495436,61.362612974540006,61.32595396495436,61.32812526884731,0.583918237579238,52.13085719848992
cracker_box_yalehand0_black10_5,456,1.329932815914698,0.5557988708243513,1.7959966379448482,1.124691516488295,0.06453099538783486,0.040410689825284556,0.7946843853820601,0.66,-0.7741339450903466,-0.6713051214565533,MODE_3_RELOCALIZE,simple,four_mode_relocalization_v2,,0,0,0,False,1,0,0.5557988708243513,0,0,restarted_se3,1,50.195938907563686,2.4677449837327003,0,457,cache_read_only_not_online_fps,b18588ca73eff0bed9b27155081eb3c6df55568f77c0b4b80229d1c92a313cef,cached_perception_v2,1,1,1,0.5609626881676706,,1,2465.1583656668663,0,22.647706791758537,2465.1583656668663,2517.8220495581627,61.55450200607533,61.56974257287218,61.55450200607533,61.55676447250437,0.5609626881676706,52.04666123747198
cracker_box_yalehand0_black10_5,457,1.3724444924312138,0.5685439618154905,1.8151225415233272,1.1366135031568325,0.06521819800811554,0.040839052356965895,0.7946843853820601,0.66,-0.8039005306157233,-0.6785090383664947,MODE_3_RELOCALIZE,simple,four_mode_relocalization_v2,,0,0,0,False,1,0,0.5685439618154905,0,0,restarted_se3,1,48.00449404865503,1.9059935584664345,0,458,cache_read_only_not_online_fps,b18588ca73eff0bed9b27155081eb3c6df55568f77c0b4b80229d1c92a313cef,cached_perception_v2,1,1,1,0.5298551344076646,,1,2468.136946670711,0,22.65104465186596,2468.136946670711,2518.0474342778325,62.29670819774189,62.076467267618675,62.29670819774189,62.299020747596344,0.5298551344076646,51.98234605020764
cracker_box_yalehand0_black10_5,458,1.2499866421547898,0.4815481922912562,1.7918861047514167,1.1598650729099098,0.06438330201639826,0.04167449208374217,0.7946843853820601,0.7946843853820601,-0.7684384498635336,-0.6320210318415069,MODE_3_RELOCALIZE,simple,four_mode_relocalization_v2,,0,0,0,False,1,0,0.4815481922912562,0,0,restarted_se3,1,47.214568592607975,1.712673343718052,0,459,cache_read_only_not_online_fps,b18588ca73eff0bed9b27155081eb3c6df55568f77c0b4b80229d1c92a313cef,cached_perception_v2,1,1,1,0.5328550263698855,,1,2468.9879193902016,0,22.008717991411686,2468.9879193902016,2517.9151613265276,63.13094398754612,62.843529423283584,63.13094398754612,63.13324645030814,0.5328550263698855,51.895038865218666
cracker_box_yalehand0_black10_5,459,1.3491152649002298,0.5657005004078332,1.8166840364453378,1.1319299711225415,0.06527430324766972,0.04067077087039839,0.7946843853820601,0.66,-0.7834147644923967,-0.6847540653227964,MODE_3_RELOCALIZE,simple,four_mode_relocalization_v2,,0,0,0,False,1,0,0.5657005004078332,0,0,restarted_se3,1,48.318357206881046,2.158302813768387,0,460,cache_read_only_not_online_fps,b18588ca73eff0bed9b27155081eb3c6df55568f77c0b4b80229d1c92a313cef,cached_perception_v2,1,1,1,0.520079832893239,,1,2462.30826433748,0,21.370896138250828,2462.30826433748,2512.7849243581295,63.57473078473438,63.60814493649725,63.57473078473438,63.57702862490231,0.520079832893239,51.84052934375213
cracker_box_yalehand0_black10_5,460,1.3391880163015784,0.5197277775546962,1.825079998178865,1.1713259042986837,0.06557597406177695,0.04208628509151529,0.7946843853820601,0.7946843853820601,-0.8194602387468821,-0.6537540938801814,MODE_3_RELOCALIZE,simple,four_mode_relocalization_v2,,0,0,0,False,1,0,0.5197277775546962,0,0,restarted_se3,1,48.29811118543148,2.100689336657524,0,461,cache_read_only_not_online_fps,b18588ca73eff0bed9b27155081eb3c6df55568f77c0b4b80229d1c92a313cef,cached_perception_v2,1,1,1,0.6248939641198209,,1,2469.3033546209335,0,21.81548159569502,2469.3033546209335,2519.7021551430225,64.7507918451391,64.54573811047601,64.7507918451391,64.75291969668586,0.6248939641198209,51.7965846515563
cracker_box_yalehand0_black10_5,461,1.3680430540952473,0.7269796758871298,1.819209480253627,1.1370382217863653,0.06536504361950662,0.040854312695067015,0.7946843853820601,0.66,-0.6410633782081175,-0.6821712584672617,MODE_3_RELOCALIZE,simple,four_mode_relocalization_v2,,0,0,0,False,1,0,0.7269796758871298,0,0,restarted_se3,1,47.39203862845898,2.2310232743620872,0,462,cache_read_only_not_online_fps,b18588ca73eff0bed9b27155081eb3c6df55568f77c0b4b80229d1c92a313cef,cached_perception_v2,1,1,1,0.6077076546937346,,1,2475.9100768715143,0,20.969104021787643,2475.9100768715143,2525.5331387743354,65.49518393569272,65.4303112185872,65.49518393569272,65.49676144360474,0.6077076546937346,51.7958084607504
cracker_box_yalehand0_black10_5,462,1.4020395413723794,0.5967628795031791,1.8131125487013533,1.1316619028296333,0.06514597803020244,0.04066113905182601,0.7946843853820601,0.66,-0.8052766618692003,-0.68145064587172,MODE_3_RELOCALIZE,simple,four_mode_relocalization_v2,,0,0,0,False,1,0,0.5967628795031791,0,0,restarted_se3,1,46.22949752956629,3.0090436339378357,0,463,cache_read_only_not_online_fps,b18588ca73eff0bed9b27155081eb3c6df55568f77c0b4b80229d1c92a313cef,cached_perception_v2,1,1,1,0.575302770527277,,1,2473.6973447725177,0,20.780944265425205,2473.6973447725177,2522.935885936022,65.97091054434124,66.00238213202336,65.97091054434124,65.9718124620226,0.575302770527277,51.80633096838546
cracker_box_yalehand0_black10_5,463,1.3724342703248098,0.5315092900603477,1.801874087821269,1.1252198695757352,0.06474217489833858,0.04042967379770879,0.7946843853820601,0.66,-0.840924980264462,-0.6766542182455337,MODE_3_RELOCALIZE,simple,four_mode_relocalization_v2,,0,0,0,False,1,0,0.5315092900603477,0,0,restarted_se3,1,46.611675061285496,2.458469942212105,0,464,cache_read_only_not_online_fps,b18588ca73eff0bed9b27155081eb3c6df55568f77c0b4b80229d1c92a313cef,cached_perception_v2,1,1,1,0.5799387681952427,,1,2473.7977162003517,0,22.337867878377438,2473.7977162003517,2522.8678612038493,66.04330728597607,66.13966229033767,66.04330728597607,66.04347807088608,0.5799387681952427,51.81286015017582
cracker_box_yalehand0_black10_5,464,1.2980140024353095,0.595200415494447,1.799351423033835,1.1772847874195498,0.06465153437801488,0.04230039053640592,0.7946843853820601,0.7946843853820601,-0.7028135869408625,-0.6220666356142852,MODE_3_RELOCALIZE,simple,four_mode_relocalization_v2,,0,0,0,False,1,0,0.595200415494447,0,0,restarted_se3,1,46.006642282009125,2.1645547822117805,0,465,cache_read_only_not_online_fps,b18588ca73eff0bed9b27155081eb3c6df55568f77c0b4b80229d1c92a313cef,cached_perception_v2,1,1,1,0.5738858348098724,,1,2480.189469642937,0,20.171521231532097,2480.189469642937,2528.360666707158,65.49418455437865,65.75615996964342,65.49418455437865,65.49381725703438,0.5738858348098724,51.85826576373779
cracker_box_yalehand0_black10_5,465,1.3206313287738929,0.5788840058106962,1.822377825212958,1.117946946490402,0.06547888372902466,0.040168354285099475,0.7946843853820601,0.6060606060606061,-0.7417473229631967,-0.7044308787225562,MODE_3_RELOCALIZE,simple,four_mode_relocalization_v2,,0,0,0,False,1,0,0.5788840058106962,0,0,restarted_se3,1,46.50445282459259,1.8186820670962334,0,466,cache_read_only_not_online_fps,b18588ca73eff0bed9b27155081eb3c6df55568f77c0b4b80229d1c92a313cef,cached_perception_v2,1,1,1,0.547870192225892,,1,2473.8424234092236,0,22.15644344687462,2473.8424234092236,2522.1655583009124,65.54759685115629,65.4009025436737,65.54759685115629,65.54732791296519,0.547870192225892,51.92490319299892
cracker_box_yalehand0_black10_5,466,1.3886420146662044,0.5175825144767496,1.8228921851668063,1.130283252972055,0.06549736492164396,0.04061160352056654,0.7946843853820601,0.66,-0.8710595001894548,-0.6926089321947513,MODE_3_RELOCALIZE,simple,four_mode_relocalization_v2,,0,0,0,False,1,0,0.5175825144767496,0,0,restarted_se3,1,47.81898204237223,1.682010479271412,0,467,cache_read_only_not_online_fps,b18588ca73eff0bed9b27155081eb3c6df55568f77c0b4b80229d1c92a313cef,cached_perception_v2,1,1,1,0.5446241983340001,,1,2475.900461897254,0,22.808351553976536,2475.900461897254,2525.4014544188976,65.2264532844395,65.14894748223924,65.2264532844395,65.22613800763789,0.5446241983340001,52.01841749651156
cracker_box_yalehand0_black10_5,467,1.3437096400124893,0.5498473855856586,1.8213227615386223,1.1068687272045392,0.0654409747999855,0.03977030870832185,0.7946843853820601,0.5121951219512195,-0.7938622544268307,-0.714454034334083,MODE_3_RELOCALIZE,simple,four_mode_relocalization_v2,,0,0,0,False,1,0,0.5498473855856586,0,0,restarted_se3,1,48.30688890069723,2.254799008369446,0,468,cache_read_only_not_online_fps,b18588ca73eff0bed9b27155081eb3c6df55568f77c0b4b80229d1c92a313cef,cached_perception_v2,1,1,1,0.5927902931828436,,1,2473.8884894177318,0,21.596256643533707,2473.8884894177318,2524.4501773267984,64.71150259143366,64.80834288452391,64.71150259143366,64.7113214654642,0.5927902931828436,52.11911578323182
cracker_box_yalehand0_black10_5,468,1.3240803071370026,0.657120698709343,1.8215646229997098,1.157390186880384,0.06544966499488908,0.0415855682764351,0.7946843853820601,0.7946843853820601,-0.6669596084276597,-0.6641744361193258,MODE_3_RELOCALIZE,simple,four_mode_relocalization_v2,,0,0,0,False,1,0,0.657120698709343,0,0,restarted_se3,1,47.13308531790972,2.0201122388243675,0,469,cache_read_only_not_online_fps,b18588ca73eff0bed9b27155081eb3c6df55568f77c0b4b80229d1c92a313cef,cached_perception_v2,1,1,1,0.5560136701167907,,1,2476.697982288897,0,22.20719587057829,2476.697982288897,2525.851179845631,64.7828716696716,64.65020168356033,64.7828716696716,64.78277699727674,0.5560136701167907,52.24860523822231
cracker_box_yalehand0_black10_5,469,1.3722442734412132,0.5163613721573932,1.840519809145767,1.099885929731043,0.06613073365833963,0.03951941354402355,0.9274193548387096,0.3888888888888889,-0.85588290128382,-0.740633879414724,MODE_3_RELOCALIZE,simple,four_mode_relocalization_v2,,0,0,0,False,1,0,0.5163613721573932,0,0,restarted_se3,1,49.891289323568344,1.8797945231199265,0,470,cache_read_only_not_online_fps,b18588ca73eff0bed9b27155081eb3c6df55568f77c0b4b80229d1c92a313cef,cached_perception_v2,1,1,1,0.5836250832849281,,1,2483.3728643134236,0,20.6830482929945,2483.3728643134236,2535.143948160112,64.61980903728974,64.57544027878984,64.61980903728974,64.61976608619726,0.5836250832849281,52.41294637782142
cracker_box_yalehand0_black10_5,470,1.345139335637105,0.6258528544824212,1.8210626223646527,1.1453184248564174,0.06543162787834825,0.04115182424650026,0.7946843853820601,0.7272727272727273,-0.7192864811546839,-0.6757441975082352,MODE_3_RELOCALIZE,simple,four_mode_relocalization_v2,,0,0,0,False,1,0,0.6258528544824212,0,0,restarted_se3,1,48.376443795859814,2.7130525559186935,0,471,cache_read_only_not_online_fps,b18588ca73eff0bed9b27155081eb3c6df55568f77c0b4b80229d1c92a313cef,cached_perception_v2,1,1,1,0.6310036289272952,,1,2466.3117565214634,0,20.397081039845943,2466.3117565214634,2517.401252873242,64.45683278859698,64.47442511472347,64.45683278859698,64.45696578531219,0.6310036289272952,52.57826093116395
cracker_box_yalehand0_black10_5,471,1.3766629792513914,0.6485049509539854,1.7995337466931682,1.1528571621895864,0.06465808535198161,0.04142269458879305,0.7946843853820601,0.7946843853820601,-0.728158028297406,-0.6466765845035818,MODE_3_RELOCALIZE,simple,four_mode_relocalization_v2,,0,0,0,False,1,0,0.6485049509539854,0,0,restarted_se3,1,47.496831975877285,2.2052722051739693,0,472,cache_read_only_not_online_fps,b18588ca73eff0bed9b27155081eb3c6df55568f77c0b4b80229d1c92a313cef,cached_perception_v2,1,1,1,0.6218097612356612,,1,2466.9712092727423,0,20.884953439235687,2466.9712092727423,2516.6733134537935,64.17256125976886,64.30375495012031,64.17256125976886,64.17279773664406,0.6218097612356612,52.76150306601942
cracker_box_yalehand0_black10_5,472,1.3145379321929183,0.6325153923243958,1.8205991242870132,1.1882062691328292,0.06541497417662158,0.04269280445922619,0.7946843853820601,0.7946843853820601,-0.6820225398685225,-0.632392855154184,MODE_3_RELOCALIZE,simple,four_mode_relocalization_v2,,0,0,0,False,1,0,0.6325153923243958,0,0,restarted_se3,1,47.4089365452528,2.4611884728074074,0,473,cache_read_only_not_online_fps,b18588ca73eff0bed9b27155081eb3c6df55568f77c0b4b80229d1c92a313cef,cached_perception_v2,1,1,1,0.5340641311588337,,1,2473.8687174394727,0,20.634200423955917,2473.8687174394727,2523.738842457533,64.43306640945991,64.34532560121731,64.43306640945991,64.43343354611072,0.5340641311588337,52.96945436474992
cracker_box_yalehand0_black10_5,473,1.3945787124893645,0.46686536311910676,1.8370597812466303,1.1240413102957367,0.0660064132449916,0.040387327614060636,0.9274193548387096,0.66,-0.9277133493702577,-0.7130184709508935,MODE_3_RELOCALIZE,simple,four_mode_relocalization_v2,,0,0,0,False,1,0,0.46686536311910676,0,0,restarted_se3,1,47.70982172340155,2.6476718485355377,0,474,cache_read_only_not_online_fps,b18588ca73eff0bed9b27155081eb3c6df55568f77c0b4b80229d1c92a313cef,cached_perception_v2,1,1,1,0.5411924759132632,,1,2466.800873167813,0,21.136341616511345,2466.800873167813,2517.15836673975,64.59133851692141,64.55773602799883,64.59133851692141,64.59184322474665,0.5411924759132632,53.18903949085385
cracker_box_yalehand0_black10_5,474,1.327376876569423,0.5668444624461381,1.8339022526157625,1.174200284989437,0.06589296177119115,0.0421895629279984,0.9274193548387096,0.7946843853820601,-0.7605324141232849,-0.6597019676263254,MODE_3_RELOCALIZE,simple,four_mode_relocalization_v2,,0,0,0,False,1,0,0.5668444624461381,0,0,restarted_se3,1,48.61123766750097,1.9020596519112587,0,475,cache_read_only_not_online_fps,b18588ca73eff0bed9b27155081eb3c6df55568f77c0b4b80229d1c92a313cef,cached_perception_v2,1,1,1,0.5500303294585488,,1,2482.359760440886,0,21.905597299337387,2482.359760440886,2532.8730577602983,64.75872912776553,64.8488152924807,64.75872912776553,64.75930904108529,0.5500303294585488,53.45022784257668
cracker_box_yalehand0_black10_5,475,1.3302047915137096,0.5575257974138237,1.8263058770263156,1.1459390678081935,0.06562002045951487,0.04117412423671872,0.7946843853820601,0.7272727272727273,-0.7726789940998859,-0.6803668092181221,MODE_3_RELOCALIZE,simple,four_mode_relocalization_v2,,0,0,0,False,1,0,0.5575257974138237,0,0,restarted_se3,1,32.74688310921192,2.08872277289629,0,476,cache_read_only_not_online_fps,b18588ca73eff0bed9b27155081eb3c6df55568f77c0b4b80229d1c92a313cef,cached_perception_v2,1,1,1,0.6421094677911976,,1,2467.206384986639,0,13.136018998920918,2467.206384986639,2502.0419908687472,64.78391192413986,65.0070049251236,64.78391192413986,64.78461669308638,0.6421094677911976,53.696088224072206
cracker_box_yalehand0_black10_5,476,1.3766060526262616,0.7159770535888699,1.8124002644395738,1.16452591809452,0.06512038532504888,0.04184195842123803,0.7946843853820601,0.7946843853820601,-0.6606289990373917,-0.6478743463450538,MODE_3_RELOCALIZE,simple,four_mode_relocalization_v2,,0,0,0,False,1,0,0.7159770535888699,0,0,restarted_se3,1,32.4451494961977,2.0469818264245987,0,477,cache_read_only_not_online_fps,b18588ca73eff0bed9b27155081eb3c6df55568f77c0b4b80229d1c92a313cef,cached_perception_v2,1,1,1,0.520181933920895,,1,2461.938380263746,0,13.256915844976902,2461.938380263746,2496.430511586368,65.24676839323621,65.29111631755914,65.24676839323621,65.24754412714495,0.520181933920895,53.96703420455944
cracker_box_yalehand0_black10_5,477,1.3361823740502115,0.446787158226904,1.8218834140539557,1.1561187042176349,0.065461119305892,0.04153988331238113,0.7946843853820601,0.7946843853820601,-0.8893952158233074,-0.6657647098363209,MODE_3_RELOCALIZE,simple,four_mode_relocalization_v2,,0,0,0,False,1,0,0.446787158226904,0,0,restarted_se3,1,31.674384139478207,2.5376304984092712,0,478,cache_read_only_not_online_fps,b18588ca73eff0bed9b27155081eb3c6df55568f77c0b4b80229d1c92a313cef,cached_perception_v2,1,1,1,0.622916948630273,,1,2463.493013754487,0,12.040805071592331,2463.493013754487,2497.7050283923745,65.4112351134001,65.57232670019134,65.4112351134001,65.4120405616992,0.622916948630273,54.26975610186937
cracker_box_yalehand0_black10_5,478,1.4365424007784806,0.7246071421509591,1.8510484262626277,1.1448182246914123,0.06650903177329928,0.04113385182168666,0.9274193548387096,0.7272727272727273,-0.7119352586275215,-0.7062302015712154,MODE_3_RELOCALIZE,simple,four_mode_relocalization_v2,,0,0,0,False,1,0,0.7246071421509591,0,0,restarted_se3,1,31.929905526340008,3.190893679857254,0,479,cache_read_only_not_online_fps,b18588ca73eff0bed9b27155081eb3c6df55568f77c0b4b80229d1c92a313cef,cached_perception_v2,1,1,1,0.6036966060188536,,1,2468.463578261435,0,14.0110207721591,2468.463578261435,2503.5843774676323,65.94994184587621,65.9193127013209,65.94994184587621,65.95075022597402,0.6036966060188536,54.58716167655135
cracker_box_yalehand0_black10_5,479,1.3871398734020717,0.5846694422545392,1.8223688509861804,1.1187297765334194,0.06547856128087828,0.040196481733017875,0.7946843853820601,0.6060606060606061,-0.8024704311475325,-0.703639074452761,MODE_3_RELOCALIZE,simple,four_mode_relocalization_v2,,0,0,0,False,1,0,0.5846694422545392,0,0,restarted_se3,1,31.848560087382793,2.4719228968024254,0,480,cache_read_only_not_online_fps,b18588ca73eff0bed9b27155081eb3c6df55568f77c0b4b80229d1c92a313cef,cached_perception_v2,1,1,1,0.6467807440949624,,1,2466.087876819074,0,13.470922596752644,2466.087876819074,2500.4083598032594,66.38980230555893,66.3248321029133,66.38980230555893,66.39057959484667,0.6467807440949624,54.903280056753026
cracker_box_yalehand0_black10_5,480,1.352379814622076,0.6873879402606072,1.7958792817855862,1.1499837133549455,0.06452677872639348,0.04131945023433392,0.7946843853820601,0.7272727272727273,-0.6649918743614688,-0.6458955684306407,MODE_3_RELOCALIZE,simple,four_mode_relocalization_v2,,0,0,0,False,1,0,0.6873879402606072,0,0,restarted_se3,1,34.08491890877485,2.151944674551487,0,481,cache_read_only_not_online_fps,b18588ca73eff0bed9b27155081eb3c6df55568f77c0b4b80229d1c92a313cef,cached_perception_v2,1,1,1,0.5447616390446575,,1,2468.2597843930125,0,13.760927133262157,2468.2597843930125,2504.496647976339,66.92063583591154,66.81623937548858,66.92063583591154,66.92136211274216,0.5447616390446575,55.204361090745934
cracker_box_yalehand0_black10_5,481,1.3683776036125628,0.45415866491246804,1.8467121813212766,1.1302280199289148,0.06635322847367225,0.04060961897161091,0.9274193548387096,0.66,-0.9142189387000947,-0.7164841613923618,MODE_3_RELOCALIZE,simple,four_mode_relocalization_v2,,0,0,0,False,1,0,0.45415866491246804,0,0,restarted_se3,1,36.86664719134569,2.521187998354435,0,482,cache_read_only_not_online_fps,b18588ca73eff0bed9b27155081eb3c6df55568f77c0b4b80229d1c92a313cef,cached_perception_v2,1,1,1,0.5930440892151039,,1,2479.6825228258967,0,11.295708827674389,2479.6825228258967,2519.070358015597,67.50465827634537,67.41077396308272,67.50465827634537,67.50530809086781,0.5930440892151039,55.53741549865238
cracker_box_yalehand0_black10_5,482,1.3892819150767768,0.6560992765731287,1.7977404082364028,1.110668039148343,0.06459364986628116,0.03990681975535983,0.7946843853820601,0.5121951219512195,-0.7331826385036481,-0.6870723690880598,MODE_3_RELOCALIZE,simple,four_mode_relocalization_v2,,0,0,0,False,1,0,0.6560992765731287,0,0,restarted_se3,1,34.759869799017906,2.0091552287340164,0,483,cache_read_only_not_online_fps,b18588ca73eff0bed9b27155081eb3c6df55568f77c0b4b80229d1c92a313cef,cached_perception_v2,1,1,1,0.6067216543257806,,1,2475.8975384756923,0,11.511999182403088,2475.8975384756923,2512.666563503444,67.82229385409454,67.90040866596063,67.82229385409454,67.82291813194752,0.6067216543257806,55.90560820925668
cracker_box_yalehand0_black10_5,483,1.3540028850654422,0.601938319397447,1.8392857359500232,1.1520001553282202,0.06608639283385238,0.04139190193325588,0.9274193548387096,0.748375912518564,-0.7520645656679952,-0.687285580621803,MODE_3_RELOCALIZE,simple,four_mode_relocalization_v2,,0,0,0,False,1,0,0.601938319397447,0,0,restarted_se3,1,36.261401139199734,2.116275019943714,0,484,cache_read_only_not_online_fps,b18588ca73eff0bed9b27155081eb3c6df55568f77c0b4b80229d1c92a313cef,cached_perception_v2,1,1,1,0.5944718635796853,,1,2478.555924259126,0,10.373438708484173,2478.555924259126,2516.9336004182696,67.95051242855497,68.13883027833293,67.95051242855497,67.95091766119864,0.5944718635796853,56.26519028576732
cracker_box_yalehand0_black10_5,484,1.3195139069439874,0.6055249884772432,1.819907352147232,1.162974766853117,0.06539011848156152,0.04178622483494392,0.7946843853820601,0.7946843853820601,-0.7139889184667442,-0.656932585294115,MODE_3_RELOCALIZE,simple,four_mode_relocalization_v2,,0,0,0,False,1,0,0.6055249884772432,0,0,restarted_se3,1,36.01335734128952,2.118116244673729,0,485,cache_read_only_not_online_fps,b18588ca73eff0bed9b27155081eb3c6df55568f77c0b4b80229d1c92a313cef,cached_perception_v2,1,1,1,0.5721914114030768,,1,2465.370620600879,0,10.931144468486309,2465.370620600879,2503.5020941868424,68.18239233084755,68.23265171409875,68.18239233084755,68.1827506607067,0.5721914114030768,56.635458321611246
cracker_box_yalehand0_black10_5,485,1.3176831225308623,0.534050573105138,1.8012764791654634,1.1291942860759157,0.06472070254109874,0.04057247643298319,0.7946843853820601,0.66,-0.7836325494257242,-0.6720821930895478,MODE_3_RELOCALIZE,simple,four_mode_relocalization_v2,,0,0,0,False,1,0,0.534050573105138,0,0,restarted_se3,1,48.538938164711,2.92226392775774,0,486,cache_read_only_not_online_fps,b18588ca73eff0bed9b27155081eb3c6df55568f77c0b4b80229d1c92a313cef,cached_perception_v2,1,1,1,0.6131421249461529,,1,2486.866718158126,0,22.603439167141914,2486.866718158126,2538.3279202505946,68.13724389174672,68.17965961564317,68.13724389174672,68.13756873917711,0.6131421249461529,56.99057230450567
cracker_box_yalehand0_black10_5,486,1.3681970311182974,0.6562345699548106,1.8537736064158017,1.1441050009998428,0.06660694876500185,0.04110822536238336,0.9274193548387096,0.7272727272727273,-0.7119624611634868,-0.7096686054159589,MODE_3_RELOCALIZE,simple,four_mode_relocalization_v2,,0,0,0,False,1,0,0.6562345699548106,0,0,restarted_se3,1,45.59152666479349,2.1798834204673767,0,487,cache_read_only_not_online_fps,b18588ca73eff0bed9b27155081eb3c6df55568f77c0b4b80229d1c92a313cef,cached_perception_v2,1,1,1,0.6016996838823718,,1,2484.1204630210996,0,20.388029515743256,2484.1204630210996,2531.8918731063604,68.09213682476906,68.078094212242,68.09213682476906,68.09252992070284,0.6016996838823718,57.34930992540572
cracker_box_yalehand0_black10_5,487,1.3504993989253875,0.5944476334137716,1.8074793615563425,1.1849162928724386,0.06494357499336298,0.04257459408043156,0.7946843853820601,0.7946843853820601,-0.7560517655116159,-0.6225630686839039,MODE_3_RELOCALIZE,simple,four_mode_relocalization_v2,,0,0,0,False,1,0,0.5944476334137716,0,0,restarted_se3,1,50.1570850610733,2.106470987200737,0,488,cache_read_only_not_online_fps,b18588ca73eff0bed9b27155081eb3c6df55568f77c0b4b80229d1c92a313cef,cached_perception_v2,1,1,1,0.5717680383293209,,1,2468.923498876393,0,18.666076473891735,2468.923498876393,2521.187054924667,67.92178901593776,67.94186116117065,67.92178901593776,67.92223576768691,0.5717680383293209,57.68574427479759
cracker_box_yalehand0_black10_5,488,1.3976228781540945,0.5538327872286231,1.839219358088306,1.1294750148116852,0.06608400784637644,0.04058256314716206,0.9274193548387096,0.66,-0.8437900909254714,-0.7097443432766208,MODE_3_RELOCALIZE,simple,four_mode_relocalization_v2,,0,0,0,False,1,0,0.5538327872286231,0,0,restarted_se3,1,46.03286925703287,2.0361850038170815,0,489,cache_read_only_not_online_fps,b18588ca73eff0bed9b27155081eb3c6df55568f77c0b4b80229d1c92a313cef,cached_perception_v2,1,1,1,0.6243091352191861,,1,2480.2374243736267,0,21.27804607152939,2480.2374243736267,2528.3064786344767,67.88682229579788,67.8742895435993,67.88682229579788,67.88735774218415,0.6243091352191861,58.02561065281697
cracker_box_yalehand0_black10_5,489,1.3756576181203315,0.6625663080017468,1.8394788219411942,1.1384675103049517,0.06609333050341282,0.04090566769699303,0.9274193548387096,0.7272727272727273,-0.7130913101185847,-0.7010113116362424,MODE_3_RELOCALIZE,simple,four_mode_relocalization_v2,,0,0,0,False,1,0,0.6625663080017468,0,0,restarted_se3,1,46.03995103389025,2.215382643043995,0,490,cache_read_only_not_online_fps,b18588ca73eff0bed9b27155081eb3c6df55568f77c0b4b80229d1c92a313cef,cached_perception_v2,1,1,1,0.5724710366935887,,1,2472.574214451015,0,21.508456207811832,2472.574214451015,2520.8295481279492,67.72317438336273,67.76696358456287,67.72317438336273,67.72383284504137,0.5724710366935887,58.304043684657906
cracker_box_yalehand0_black10_5,490,1.3307812466943816,0.5161847613163197,1.8203381437867838,1.1062873303385181,0.06540559702574011,0.0397494188482369,0.7946843853820601,0.5121951219512195,-0.8145964853780618,-0.7140508134482657,MODE_3_RELOCALIZE,simple,four_mode_relocalization_v2,,0,0,0,False,1,0,0.5161847613163197,0,0,restarted_se3,1,46.62321973592043,2.3659169673919678,0,491,cache_read_only_not_online_fps,b18588ca73eff0bed9b27155081eb3c6df55568f77c0b4b80229d1c92a313cef,cached_perception_v2,1,1,1,0.5856716068726041,,1,2468.4846261516213,0,27.175323106348515,2468.4846261516213,2517.4737628549337,67.19126752837687,67.4424791714217,67.19126752837687,67.19203405887222,0.5856716068726041,58.54039593011265
cracker_box_yalehand0_black10_5,491,1.320645334497544,0.6213681436088594,1.7818440849881423,1.1583426510037458,0.06402248757090467,0.04161979075583911,0.7946843853820601,0.7946843853820601,-0.6992771908886846,-0.6235014339843965,MODE_3_RELOCALIZE,simple,four_mode_relocalization_v2,,0,0,0,False,1,0,0.6213681436088594,0,0,restarted_se3,1,45.805761590600014,1.7189057543873787,0,492,cache_read_only_not_online_fps,b18588ca73eff0bed9b27155081eb3c6df55568f77c0b4b80229d1c92a313cef,cached_perception_v2,1,1,1,0.5663093434933119,,1,2473.9476712420583,0,20.64148522913456,2473.9476712420583,2521.4723385870457,66.75464852590903,66.95774616659146,66.75464852590903,66.7554459721672,0.5663093434933119,58.75621332669792
cracker_box_yalehand0_black10_5,492,1.3585881542731029,0.5409519611511218,1.8214415891459264,1.1340988968322654,0.0654452443312401,0.04074870138096488,0.7946843853820601,0.66,-0.8176361931219811,-0.687342692313661,MODE_3_RELOCALIZE,simple,four_mode_relocalization_v2,,0,0,0,False,1,0,0.5409519611511218,0,0,restarted_se3,1,47.21562284976244,2.512791194021702,0,493,cache_read_only_not_online_fps,b18588ca73eff0bed9b27155081eb3c6df55568f77c0b4b80229d1c92a313cef,cached_perception_v2,1,1,1,0.5615330947259133,,1,2467.7455481141806,0,22.945906035602093,2467.7455481141806,2517.4739621579647,66.41249871343376,66.46220579581275,66.41249871343376,66.41342146687936,0.5615330947259133,58.93681439408459
cracker_box_yalehand0_black10_5,493,1.3744123564462152,0.5465174608802297,1.8545631398382274,1.1492426134265719,0.06663531706846337,0.04129282216886353,0.9274193548387096,0.7272727272727273,-0.8278948955659855,-0.7053205264116555,MODE_3_RELOCALIZE,simple,four_mode_relocalization_v2,,0,0,0,False,1,0,0.5465174608802297,0,0,restarted_se3,1,45.935843139886856,2.461240626871586,0,494,cache_read_only_not_online_fps,b18588ca73eff0bed9b27155081eb3c6df55568f77c0b4b80229d1c92a313cef,cached_perception_v2,1,1,1,0.5808886936013754,,1,2467.233586125076,0,22.43811823427677,2467.233586125076,2515.6306698918343,66.02695000358212,65.9907663408958,66.02695000358212,66.0279366982222,0.5808886936013754,59.024470917340665
cracker_box_yalehand0_black10_5,494,1.3172780405430666,0.620591956662605,1.8382788783354853,1.1124220003032075,0.0660502159709857,0.03996984039626956,0.9274193548387096,0.5267814556011164,-0.6966860838804616,-0.7258568780322778,MODE_3_RELOCALIZE,simple,four_mode_relocalization_v2,,0,0,0,False,1,0,0.620591956662605,0,0,restarted_se3,1,46.468501910567284,2.2902926430106163,0,495,cache_read_only_not_online_fps,b18588ca73eff0bed9b27155081eb3c6df55568f77c0b4b80229d1c92a313cef,cached_perception_v2,1,1,1,0.5675246503211724,,1,2473.660840652883,0,20.675987005233765,2473.660840652883,2522.419635206461,65.78827382963179,65.67189196352396,65.78827382963179,65.78929114672408,0.5675246503211724,59.06597277168538
cracker_box_yalehand0_black10_5,495,1.4396875561310933,0.5655155649298544,1.820836015158416,1.115718518623161,0.06542348577592358,0.040088285834310164,0.7946843853820601,0.6060606060606061,-0.8741719912012389,-0.7051174965352549,MODE_3_RELOCALIZE,simple,four_mode_relocalization_v2,,0,0,0,False,1,0,0.5655155649298544,0,0,restarted_se3,1,44.476673007011414,2.3500779643654823,0,496,cache_read_only_not_online_fps,b18588ca73eff0bed9b27155081eb3c6df55568f77c0b4b80229d1c92a313cef,cached_perception_v2,1,1,1,0.614867912251378,,1,2476.4346089214087,0,21.130003966391087,2476.4346089214087,2523.2613598927855,65.35972592158087,65.36927712499947,65.35972592158087,65.36079826914997,0.614867912251378,59.08767241185671
cracker_box_yalehand0_black10_5,496,1.3993395617604023,0.6429512488435891,1.812321504902308,1.1536959744958761,0.06511755545820577,0.04145283350549525,0.7946843853820601,0.7946843853820601,-0.7563883129168132,-0.6586255304064319,MODE_3_RELOCALIZE,simple,four_mode_relocalization_v2,,0,0,0,False,1,0,0.6429512488435891,0,0,restarted_se3,1,46.20508477091789,2.1193111315369606,0,497,cache_read_only_not_online_fps,b18588ca73eff0bed9b27155081eb3c6df55568f77c0b4b80229d1c92a313cef,cached_perception_v2,1,1,1,0.639407985311996,,1,2480.2872631698847,0,21.627487614750862,2480.2872631698847,2528.6116590723395,64.98996280273818,65.02244850187863,64.98996280273818,64.99113393093603,0.639407985311996,59.07708647858585
cracker_box_yalehand0_black10_5,497,1.3412417183748242,0.6679875515245365,1.8632682958943199,1.145650336051398,0.06694809737853617,0.04116374997026831,0.9274193548387096,0.7272727272727273,-0.6732541668502877,-0.7176179598429218,MODE_3_RELOCALIZE,simple,four_mode_relocalization_v2,,0,0,0,False,1,0,0.6679875515245365,0,0,restarted_se3,1,47.95242752879858,2.276894636452198,0,498,cache_read_only_not_online_fps,b18588ca73eff0bed9b27155081eb3c6df55568f77c0b4b80229d1c92a313cef,cached_perception_v2,1,1,1,0.6131021719099861,,1,2469.9820345267653,0,20.768181420862675,2469.9820345267653,2520.211356692016,64.51798383016487,64.58924422126236,64.51798383016487,64.51922814956708,0.6131021719099861,59.04035156483881
cracker_box_yalehand0_black10_5,498,1.4141277900285725,0.4502901980364753,1.819631779219962,1.1128540661015236,0.0653802170179825,0.03998536472156578,0.7946843853820601,0.6060606060606061,-0.9638375919920972,-0.7067777131184385,MODE_3_RELOCALIZE,simple,four_mode_relocalization_v2,,0,0,0,False,1,0,0.4502901980364753,0,0,restarted_se3,1,47.164239920675755,2.0048432052135468,0,499,cache_read_only_not_online_fps,b18588ca73eff0bed9b27155081eb3c6df55568f77c0b4b80229d1c92a313cef,cached_perception_v2,1,1,1,0.5466685618214961,,1,2469.6719394996762,0,21.66710514575243,2469.6719394996762,2518.8410226255655,64.34857585472936,64.25138368162642,64.34857585472936,64.34987873898659,0.5466685618214961,59.045763917797814
cracker_box_yalehand0_black10_5,499,1.3220395876498714,0.5298532092806854,1.8365144687546628,1.1647259011678825,0.06598681991326669,0.04184914390617277,0.9274193548387096,0.7946843853820601,-0.792186378369186,-0.6717885675867803,MODE_3_RELOCALIZE,simple,four_mode_relocalization_v2,,0,0,0,False,1,0,0.5298532092806854,0,0,restarted_se3,1,46.108754351735115,2.1745068952441216,0,500,cache_read_only_not_online_fps,b18588ca73eff0bed9b27155081eb3c6df55568f77c0b4b80229d1c92a313cef,cached_perception_v2,1,1,1,0.5461064880906731,,1,2460.364635102451,0,21.184246987104416,2460.364635102451,2508.64789634943,63.96301679694476,63.911218345301066,63.96301679694476,63.96434777425781,0.5461064880906731,58.93925910932668
cracker_box_yalehand0_black10_5,500,1.1887946959051212,0.5179004820955849,1.825263317100859,1.158888463028666,0.06558256079599448,0.04163940203601559,0.7946843853820601,0.7946843853820601,-0.6708942138095363,-0.666374854072193,MODE_3_RELOCALIZE,simple,four_mode_relocalization_v2,,0,0,0,False,1,0,0.5179004820955849,0,0,restarted_se3,1,45.86112778633833,2.1388977766036987,0,501,cache_read_only_not_online_fps,b18588ca73eff0bed9b27155081eb3c6df55568f77c0b4b80229d1c92a313cef,cached_perception_v2,1,1,1,0.5765963741905334,,1,2464.9773687124252,0,23.54738488793373,2464.9773687124252,2512.9773942753673,63.83058795684566,63.76349856965058,63.83058795684566,63.83202762152075,0.5765963741905334,58.955766291259536
cracker_box_yalehand0_black10_5,501,1.349165087077789,0.7094923538917347,1.7987549140129555,1.1780681580687933,0.0646301015311699,0.04232853740855772,0.7946843853820601,0.7946843853820601,-0.6396727331860542,-0.6206867559441622,MODE_3_RELOCALIZE,simple,four_mode_relocalization_v2,,0,0,0,False,1,0,0.7094923538917347,0,0,restarted_se3,1,45.9599606692791,2.3782625794410706,0,502,cache_read_only_not_online_fps,b18588ca73eff0bed9b27155081eb3c6df55568f77c0b4b80229d1c92a313cef,cached_perception_v2,1,1,1,0.5663756361942295,,1,2464.338133111596,0,21.6335104778409,2464.338133111596,2512.6763563603163,63.74357695749452,63.713557059741774,63.74357695749452,63.74507893568777,0.5663756361942295,58.952561210278
cracker_box_yalehand0_black10_5,502,1.3077306799314312,0.5082425625422973,1.836670477904229,1.125242607637737,0.06599242539464589,0.040430490786862984,0.9274193548387096,0.66,-0.799488117389134,-0.711427870266492,MODE_3_RELOCALIZE,simple,four_mode_relocalization_v2,,0,0,0,False,1,0,0.5082425625422973,0,0,restarted_se3,1,46.113877557218075,2.350985072553158,0,503,cache_read_only_not_online_fps,b18588ca73eff0bed9b27155081eb3c6df55568f77c0b4b80229d1c92a313cef,cached_perception_v2,1,1,1,0.6244690497661585,,1,2462.241817265749,0,20.886965095996857,2462.241817265749,2510.70667989552,63.49180648418674,63.61253018660633,63.49180648418674,63.493293964329524,0.6244690497661585,58.962523482389884
cracker_box_yalehand0_black10_5,503,1.2743206518755246,0.6629523650355241,1.8551879592823264,1.1750013695974157,0.0666577671219955,0.04221834627093488,0.9274193548387096,0.7946843853820601,-0.6113682868400004,-0.6801865896849106,MODE_3_RELOCALIZE,simple,four_mode_relocalization_v2,,0,0,0,False,1,0,0.6629523650355241,0,0,restarted_se3,1,49.99588895589113,2.3413505405187607,0,504,cache_read_only_not_online_fps,b18588ca73eff0bed9b27155081eb3c6df55568f77c0b4b80229d1c92a313cef,cached_perception_v2,1,1,1,0.5196245643740247,,1,2470.6682125106454,0,21.5013874694705,2470.6682125106454,2523.0054520070553,63.410569617123805,63.45005909067153,63.410569617123805,63.41206590355456,0.5196245643740247,58.87235284743415
cracker_box_yalehand0_black10_5,504,1.2096194496079993,0.4401862554792828,1.7910639206824523,1.122725217375076,0.064353760560005,0.04034003978267009,0.7946843853820601,0.6305118681080438,-0.7694331941287165,-0.6683387033073764,MODE_3_RELOCALIZE,simple,four_mode_relocalization_v2,,0,0,0,False,1,0,0.4401862554792828,0,0,restarted_se3,1,47.89669159799814,2.455449663102627,0,505,cache_read_only_not_online_fps,b18588ca73eff0bed9b27155081eb3c6df55568f77c0b4b80229d1c92a313cef,cached_perception_v2,1,1,1,0.5491646648825591,,1,2461.667069233954,0,20.64472623169422,2461.667069233954,2512.0192104950547,64.00398866868053,63.69057470169558,64.00398866868053,63.95539990431912,0.5491646648825591,58.834851665268594
cracker_box_yalehand0_black10_5,505,1.1096338749217776,0.5068726888245008,1.7928779437966866,1.1492660932655325,0.06441893925507874,0.04129366581040921,0.7946843853820601,0.7272727272727273,-0.6027611860972768,-0.6436118505311541,MODE_3_RELOCALIZE,simple,four_mode_relocalization_v2,,0,0,0,False,1,0,0.5068726888245008,0,0,restarted_se3,1,47.55980987101793,2.298586070537567,0,506,cache_read_only_not_online_fps,b18588ca73eff0bed9b27155081eb3c6df55568f77c0b4b80229d1c92a313cef,cached_perception_v2,1,1,1,0.4948615768965779,,1,2464.190003462136,0,22.706800140440464,2464.190003462136,2514.0483994036913,64.07711814768595,64.05212994062282,64.07711814768595,64.07868573627862,0.4948615768965779,58.85117730891376
cracker_box_yalehand0_black10_5,506,1.2472133758496915,0.6132346523322799,1.8333536866964335,1.1824130345460167,0.0658732515423064,0.042484650843287335,0.9274193548387096,0.7946843853820601,-0.6339787235174116,-0.6509406521504169,MODE_3_RELOCALIZE,simple,four_mode_relocalization_v2,,0,0,0,False,1,0,0.6132346523322799,0,0,restarted_se3,1,45.64660880714655,2.141566015779972,0,507,cache_read_only_not_online_fps,b18588ca73eff0bed9b27155081eb3c6df55568f77c0b4b80229d1c92a313cef,cached_perception_v2,1,1,1,0.4233034271844941,,1,2464.03780952096,0,22.891545668244362,2464.03780952096,2511.8259843438864,64.31885024315001,64.46398339585954,64.31885024315001,64.32047590358336,0.4233034271844941,58.898888896595125
cracker_box_yalehand0_black10_5,507,1.191240058505575,0.33699115110081657,1.8638640188999545,1.1532869956063967,0.06696950198348744,0.041438138703582414,0.9274193548387096,0.7946843853820601,-0.8542489074047583,-0.7105770232935578,MODE_3_RELOCALIZE,simple,four_mode_relocalization_v2,,0,0,0,False,1,0,0.33699115110081657,0,0,restarted_se3,1,48.19711856544018,2.039540559053421,0,508,cache_read_only_not_online_fps,b18588ca73eff0bed9b27155081eb3c6df55568f77c0b4b80229d1c92a313cef,cached_perception_v2,1,1,1,0.44496339125751655,,1,2472.3211731761694,0,21.318783052265644,2472.3211731761694,2522.557832300663,64.71823537709234,64.82034981634345,64.71823537709234,64.7198446264548,0.44496339125751655,58.93069254779218
cracker_box_yalehand0_black10_5,508,1.19753612880541,0.4653467489570693,1.7985210140484746,1.1757268724442052,0.06462169739654612,0.042244413926002214,0.7946843853820601,0.7946843853820601,-0.7321893798483408,-0.6227941416042695,MODE_3_RELOCALIZE,simple,four_mode_relocalization_v2,,0,0,0,False,1,0,0.4653467489570693,0,0,restarted_se3,1,47.68265411257744,2.044317312538624,0,509,cache_read_only_not_online_fps,b18588ca73eff0bed9b27155081eb3c6df55568f77c0b4b80229d1c92a313cef,cached_perception_v2,1,1,1,0.36323944854980683,,1,2468.893701210618,0,21.284280344843864,2468.893701210618,2518.620672635734,65.24101191943839,65.2378607549876,65.24101191943839,65.24257406917113,0.36323944854980683,58.97838991820702
cracker_box_yalehand0_black10_5,509,1.1766556176491936,0.31658851410657485,1.8144624365215718,1.1415478243132626,0.06519448012806844,0.041016344813455154,0.7946843853820601,0.7272727272727273,-0.8600671035426187,-0.6729146122083092,MODE_3_RELOCALIZE,simple,four_mode_relocalization_v2,,0,0,0,False,1,0,0.31658851410657485,0,0,restarted_se3,1,48.99443872272968,1.9481927156448364,0,510,cache_read_only_not_online_fps,b18588ca73eff0bed9b27155081eb3c6df55568f77c0b4b80229d1c92a313cef,cached_perception_v2,1,1,1,0.5140223288177717,,1,2473.6477099359035,0,20.951113663613796,2473.6477099359035,2524.590341374278,65.50029688063488,65.63767132137373,65.50029688063488,65.50180944535593,0.5140223288177717,59.1239658619939
cracker_box_yalehand0_black10_5,510,1.2567700331848293,0.6259799423929158,1.8205716833342702,1.169320257734312,0.06541398821041347,0.042014221276661386,0.7946843853820601,0.7946843853820601,-0.6307900907919135,-0.6512514255999582,MODE_3_RELOCALIZE,simple,four_mode_relocalization_v2,,0,0,0,False,1,0,0.6259799423929158,0,0,restarted_se3,1,46.48307431489229,2.0542144775390625,0,511,cache_read_only_not_online_fps,b18588ca73eff0bed9b27155081eb3c6df55568f77c0b4b80229d1c92a313cef,cached_perception_v2,1,1,1,0.4931802648088463,,1,2468.3688478544354,0,21.078206598758698,2468.3688478544354,2516.906136646867,65.9007230888723,65.92365722329455,65.9007230888723,65.90226084658978,0.4931802648088463,59.156439899316574
cracker_box_yalehand0_black10_5,511,1.2110989180776779,0.45660920153459805,1.8065072444236532,1.1732222719951335,0.06490864637218371,0.042154422465766325,0.7946843853820601,0.7946843853820601,-0.7544897165430798,-0.6332849724285197,MODE_3_RELOCALIZE,simple,four_mode_relocalization_v2,,0,0,0,False,1,0,0.45660920153459805,0,0,restarted_se3,1,46.61540314555168,2.0293425768613815,0,512,cache_read_only_not_online_fps,b18588ca73eff0bed9b27155081eb3c6df55568f77c0b4b80229d1c92a313cef,cached_perception_v2,1,1,1,0.44222139364103913,,1,2471.5403355658054,0,20.880261436104774,2471.5403355658054,2520.1850812882185,66.45273871369761,66.33931336862867,66.45273871369761,66.45410989337562,0.44222139364103913,59.19360458982137
cracker_box_yalehand0_black10_5,512,1.2530688265465624,0.47457472360642156,1.7920349119009078,1.1639782232810418,0.06438864872656164,0.04182227949159206,0.7946843853820601,0.7946843853820601,-0.7784941029401409,-0.628056688619866,MODE_3_RELOCALIZE,simple,four_mode_relocalization_v2,,0,0,0,False,1,0,0.47457472360642156,0,0,restarted_se3,1,46.10521625727415,2.0800158381462097,0,513,cache_read_only_not_online_fps,b18588ca73eff0bed9b27155081eb3c6df55568f77c0b4b80229d1c92a313cef,cached_perception_v2,1,1,1,0.4745202599182619,,1,2474.138713441789,0,22.812768816947937,2474.138713441789,2522.3239455372095,67.32205392683997,67.09353076522838,67.32205392683997,67.32305847848843,0.4745202599182619,59.30633341291555
cracker_box_yalehand0_black10_5,513,1.180257690929742,0.43752316720684903,1.8664266310645286,1.1380367822550028,0.06706157783167065,0.040890191437618476,0.9274193548387096,0.66,-0.742734523722893,-0.7283898488095257,MODE_3_RELOCALIZE,simple,four_mode_relocalization_v2,,0,0,0,False,1,0,0.43752316720684903,0,0,restarted_se3,1,47.35778272151947,2.6831775903701782,0,514,cache_read_only_not_online_fps,b18588ca73eff0bed9b27155081eb3c6df55568f77c0b4b80229d1c92a313cef,cached_perception_v2,1,1,1,0.4658852699642247,,1,2477.0158547908068,0,21.38869557529688,2477.0158547908068,2527.0568151026964,67.94222859283731,67.77681830297891,67.94222859283731,67.9426026357964,0.4658852699642247,59.355097952639646
cracker_box_yalehand0_black10_5,514,1.1878027795247004,0.5065269734548161,1.8296830253630192,1.1748239916583185,0.06574136297159731,0.04221197299899887,0.9274193548387096,0.7946843853820601,-0.6812758060698842,-0.6548590337047007,MODE_3_RELOCALIZE,simple,four_mode_relocalization_v2,,0,0,0,False,1,0,0.5065269734548161,0,0,restarted_se3,1,46.72013223171234,1.8515707924962044,0,515,cache_read_only_not_online_fps,b18588ca73eff0bed9b27155081eb3c6df55568f77c0b4b80229d1c92a313cef,cached_perception_v2,1,1,1,0.435016385193771,,1,2477.352282963693,0,20.846745930612087,2477.352282963693,2525.9239859879017,67.93024548768646,68.05169540532412,67.93024548768646,67.93024429822829,0.435016385193771,59.44154054091574
cracker_box_yalehand0_black10_5,515,1.1645601481012209,0.4032941667022741,1.852639824505633,1.1436744756109551,0.0665662114530993,0.04109275638471509,0.9274193548387096,0.7272727272727273,-0.7612659813989469,-0.7089653488946779,MODE_3_RELOCALIZE,simple,four_mode_relocalization_v2,,0,0,0,False,1,0,0.4032941667022741,0,0,restarted_se3,1,47.15230781584978,2.0333435386419296,0,516,cache_read_only_not_online_fps,b18588ca73eff0bed9b27155081eb3c6df55568f77c0b4b80229d1c92a313cef,cached_perception_v2,1,1,1,0.3854007973747582,,1,2473.600732162595,0,22.16667216271162,2473.600732162595,2522.7863835170865,68.1600662588679,68.13263655753332,68.1600662588679,68.15929763578042,0.3854007973747582,59.549530517778834
cracker_box_yalehand0_black10_5,516,1.165736803060523,0.3538536135593992,1.8061659541453239,1.1396664902440041,0.0648963836535842,0.040948747604428515,0.7946843853820601,0.7272727272727273,-0.8118831895011238,-0.6664994639013198,MODE_3_RELOCALIZE,simple,four_mode_relocalization_v2,,0,0,0,False,1,0,0.3538536135593992,0,0,restarted_se3,1,46.3778181001544,2.114642411470413,0,517,cache_read_only_not_online_fps,b18588ca73eff0bed9b27155081eb3c6df55568f77c0b4b80229d1c92a313cef,cached_perception_v2,1,1,1,0.4392028809598362,,1,2479.3208856135607,0,20.862171426415443,2479.3208856135607,2527.8133461251855,67.94448297091907,68.00394506774269,67.94448297091907,67.94326378472645,0.4392028809598362,59.64121231679215
cracker_box_yalehand0_black10_5,517,1.1146468590854237,0.4690023315404588,1.7453001604875658,1.1407944944092854,0.06270944734934915,0.04098927731926724,0.7946843853820601,0.7272727272727273,-0.6456445275449649,-0.6045056660782804,MODE_3_RELOCALIZE,simple,four_mode_relocalization_v2,,0,0,0,False,1,0,0.4690023315404588,0,0,restarted_se3,1,44.99378241598606,2.621510997414589,0,518,cache_read_only_not_online_fps,b18588ca73eff0bed9b27155081eb3c6df55568f77c0b4b80229d1c92a313cef,cached_perception_v2,1,1,1,0.48102096508320674,,1,2476.4988720417023,0,21.381639875471592,2476.4988720417023,2524.114165455103,68.0000476561002,67.87025139297246,68.0000476561002,67.99838681095237,0.48102096508320674,59.67992788144002
cracker_box_yalehand0_black10_5,518,1.128167121526179,0.5399786983362787,1.8266306681696294,1.1880650286253798,0.06563169035651155,0.04268772962203428,0.7946843853820601,0.7946843853820601,-0.5881884231899004,-0.6385656395442496,MODE_3_RELOCALIZE,simple,four_mode_relocalization_v2,,0,0,0,False,1,0,0.5399786983362787,0,0,restarted_se3,1,45.001246966421604,2.439853735268116,0,519,cache_read_only_not_online_fps,b18588ca73eff0bed9b27155081eb3c6df55568f77c0b4b80229d1c92a313cef,cached_perception_v2,1,1,1,0.40818005925738926,,1,2479.8387326300144,0,21.288365125656128,2479.8387326300144,2527.279833331704,67.56671453270731,67.66971254164112,67.56671453270731,67.56485456041528,0.40818005925738926,59.82124446569757
cracker_box_yalehand0_black10_5,519,1.2100836544603801,0.3506473269678064,1.8531869667533607,1.132539483913933,0.06658587052880058,0.040692670948772214,0.9274193548387096,0.66,-0.8594363274925737,-0.7206474828394276,MODE_3_RELOCALIZE,simple,four_mode_relocalization_v2,,0,0,0,False,1,0,0.3506473269678064,0,0,restarted_se3,1,47.15115483850241,2.353849820792675,0,520,cache_read_only_not_online_fps,b18588ca73eff0bed9b27155081eb3c6df55568f77c0b4b80229d1c92a313cef,cached_perception_v2,1,1,1,0.5308523565240857,,1,2476.956866681576,0,20.741182379424572,2476.956866681576,2526.461871340871,67.42545562271913,67.44134307332774,67.42545562271913,67.42363131160974,0.5308523565240857,59.950893922507206
cracker_box_yalehand0_black10_5,520,1.2814825774382599,0.6518230015802122,1.8128027321723048,1.1838727944468688,0.06513484617806825,0.04253710069616514,0.7946843853820601,0.7946843853820601,-0.6296595758580477,-0.628929937725436,MODE_3_RELOCALIZE,simple,four_mode_relocalization_v2,,0,0,0,False,1,0,0.6518230015802122,0,0,restarted_se3,1,45.497749000787735,2.25103460252285,0,521,cache_read_only_not_online_fps,b18588ca73eff0bed9b27155081eb3c6df55568f77c0b4b80229d1c92a313cef,cached_perception_v2,1,1,1,0.46710173174193403,,1,2471.689984202385,0,21.07851952314377,2471.689984202385,2519.4387678056955,67.058548238984,67.1408683205073,67.058548238984,67.05671648134451,0.46710173174193403,60.07305652662577
cracker_box_yalehand0_black10_5,521,1.171383091520941,0.385699924903289,1.806337537249044,1.145384759509996,0.06490254871438714,0.04115420768148766,0.7946843853820601,0.7272727272727273,-0.785683166617652,-0.660952777739048,MODE_3_RELOCALIZE,simple,four_mode_relocalization_v2,,0,0,0,False,1,0,0.385699924903289,0,0,restarted_se3,1,48.18582255393267,2.127748914062977,0,522,cache_read_only_not_online_fps,b18588ca73eff0bed9b27155081eb3c6df55568f77c0b4b80229d1c92a313cef,cached_perception_v2,1,1,1,0.5089452436192141,,1,2483.898871578276,0,26.216790080070496,2483.898871578276,2534.212443046272,66.92908537975477,66.90477682521167,66.92908537975477,66.92725698264749,0.5089452436192141,60.22648365875912
cracker_box_yalehand0_black10_5,522,1.2999673262953724,0.5638431930828189,1.785989334340306,1.1428819120245017,0.06417142831008779,0.041064279206049256,0.7946843853820601,0.7272727272727273,-0.7361241332125534,-0.6431074223158042,MODE_3_RELOCALIZE,simple,four_mode_relocalization_v2,,0,0,0,False,1,0,0.5638431930828189,0,0,restarted_se3,1,36.54045704752207,1.8177460879087448,0,523,cache_read_only_not_online_fps,b18588ca73eff0bed9b27155081eb3c6df55568f77c0b4b80229d1c92a313cef,cached_perception_v2,1,1,1,0.4893301926375724,,1,2477.6229495182633,0,20.358960144221783,2477.6229495182633,2515.981152653694,66.75609449755835,66.71856877495436,66.75609449755835,66.75429484833298,0.4893301926375724,60.392924870122066
cracker_box_yalehand0_black10_5,523,1.3541237865237048,0.5713484221698322,1.8349814568964697,1.1392878449376354,0.06593173808345672,0.04093514270227966,0.9274193548387096,0.7272727272727273,-0.7827753643538726,-0.6956936119588344,MODE_3_RELOCALIZE,simple,four_mode_relocalization_v2,,0,0,0,False,1,0,0.5713484221698322,0,0,restarted_se3,1,46.480550430715084,2.3661479353904724,0,524,cache_read_only_not_online_fps,b18588ca73eff0bed9b27155081eb3c6df55568f77c0b4b80229d1c92a313cef,cached_perception_v2,1,1,1,0.4710373363368552,,1,2473.0036361142993,0,22.605287842452526,2473.0036361142993,2521.850334480405,66.43909800271511,66.48584157142422,66.43909800271511,66.43731417628021,0.4710373363368552,60.5374622355891
cracker_box_yalehand0_black10_5,524,1.3479361160202257,0.5407949531882408,1.8410858330451962,1.1390148724337992,0.06615107116057753,0.04092533467312532,0.9274193548387096,0.7272727272727273,-0.8071411628319849,-0.7020709606113971,MODE_3_RELOCALIZE,simple,four_mode_relocalization_v2,,0,0,0,False,1,0,0.5407949531882408,0,0,restarted_se3,1,46.649050898849964,2.3955535143613815,0,525,cache_read_only_not_online_fps,b18588ca73eff0bed9b27155081eb3c6df55568f77c0b4b80229d1c92a313cef,cached_perception_v2,1,1,1,0.5165339122245366,,1,2474.4225135073066,0,20.833024755120277,2474.4225135073066,2523.467117920518,66.38808280884754,66.34157896807696,66.38808280884754,66.38631201035449,0.5165339122245366,60.726244652509564
cracker_box_yalehand0_black10_5,525,1.424487557760359,0.5618460118480247,1.8693588094798488,1.1433329747732648,0.06716693236730711,0.041080486100619706,0.9274193548387096,0.7272727272727273,-0.8626415459123343,-0.726025834706584,MODE_3_RELOCALIZE,simple,four_mode_relocalization_v2,,0,0,0,False,1,0,0.5618460118480247,0,0,restarted_se3,1,46.889944933354855,2.405206672847271,0,526,cache_read_only_not_online_fps,b18588ca73eff0bed9b27155081eb3c6df55568f77c0b4b80229d1c92a313cef,cached_perception_v2,1,1,1,0.5373632465895877,,1,2477.7558147907257,0,21.40317764133215,2477.7558147907257,2527.050966396928,66.30611962780544,66.20253323849212,66.30611962780544,66.30430108560378,0.5373632465895877,60.79550847243438
cracker_box_yalehand0_black10_5,526,1.4139676011127493,0.5024850682478322,1.8452110779114115,1.1654231611718449,0.06629929312926676,0.04187419678274792,0.9274193548387096,0.7946843853820601,-0.9114825328649171,-0.6797879167395666,MODE_3_RELOCALIZE,simple,four_mode_relocalization_v2,,0,0,0,False,1,0,0.5024850682478322,0,0,restarted_se3,1,47.319065779447556,2.176780253648758,0,527,cache_read_only_not_online_fps,b18588ca73eff0bed9b27155081eb3c6df55568f77c0b4b80229d1c92a313cef,cached_perception_v2,1,1,1,0.4236684944509019,,1,2459.548121318221,0,21.324683912098408,2459.548121318221,2509.0439673513174,65.98349849782295,66.0733662682544,65.98349849782295,65.98170780592925,0.4236684944509019,60.97774087319139
cracker_box_yalehand0_black10_5,527,1.2255130705813713,0.37399849765275034,1.8347317030243484,1.1577634792499505,0.06592276431055011,0.041598980845072416,0.9274193548387096,0.7946843853820601,-0.8515145729286209,-0.6769682237743979,MODE_3_RELOCALIZE,simple,four_mode_relocalization_v2,,0,0,0,False,1,0,0.37399849765275034,0,0,restarted_se3,1,48.57628233730793,2.500103786587715,0,528,cache_read_only_not_online_fps,b18588ca73eff0bed9b27155081eb3c6df55568f77c0b4b80229d1c92a313cef,cached_perception_v2,1,1,1,0.3275393174312098,,1,2480.775810778141,0,21.06591034680605,2480.775810778141,2531.8521969020367,65.82373539239477,65.84571365391452,65.82373539239477,65.82193177852868,0.3275393174312098,61.080556494031605
cracker_box_yalehand0_black10_5,528,1.7488932713010923,0.7899738157769297,1.8295594477303219,1.148726462425123,0.06573692276971879,0.04127427662307006,0.9274193548387096,0.7272727272727273,-0.9589194555241626,-0.6808329853051989,MODE_3_RELOCALIZE,simple,four_mode_relocalization_v2,,0,0,0,False,1,0,0.7899738157769297,0,0,restarted_se3,1,47.27454762905836,1.9679674878716469,0,529,cache_read_only_not_online_fps,b18588ca73eff0bed9b27155081eb3c6df55568f77c0b4b80229d1c92a313cef,cached_perception_v2,1,1,1,0.6322701972109644,,1,2470.5426767468452,0,21.69793378561735,2470.5426767468452,2519.7851918637753,65.97893041906012,66.10483411976148,65.97893041906012,66.01569391260328,0.6322701972109644,61.74305917594535
cracker_box_yalehand0_black10_5,529,1.390616082160107,0.20811078090237678,1.8330212484684978,1.1715885698363584,0.0658613068819989,0.042095722786576695,0.9274193548387096,0.7946843853820601,-1.1825053012577302,-0.6614326786321394,MODE_3_RELOCALIZE,simple,four_mode_relocalization_v2,,0,0,0,False,1,0,0.20811078090237678,0,0,restarted_se3,1,46.809785068035126,2.181209623813629,0,530,cache_read_only_not_online_fps,b18588ca73eff0bed9b27155081eb3c6df55568f77c0b4b80229d1c92a313cef,cached_perception_v2,1,1,1,0.4555848164781909,,1,2465.18624573946,0,20.62567789107561,2465.18624573946,2514.1772404313087,65.78351549450313,65.71383352294056,65.78351549450313,65.78178759527736,0.4555848164781909,61.70157227340943
cracker_box_yalehand0_black10_5,530,1.3238600166660566,0.5092722564081006,1.7711310600385974,1.150624651430216,0.06363756359665942,0.04134247943778861,0.7946843853820601,0.7272727272727273,-0.814587760257956,-0.6205064086083814,MODE_3_RELOCALIZE,simple,four_mode_relocalization_v2,,0,0,0,False,1,0,0.5092722564081006,0,0,restarted_se3,1,44.86410226672888,4.1332123801112175,0,531,cache_read_only_not_online_fps,b18588ca73eff0bed9b27155081eb3c6df55568f77c0b4b80229d1c92a313cef,cached_perception_v2,1,1,1,0.40026522067353953,,1,2488.388555124402,0,21.144415251910686,2488.388555124402,2537.385869771242,65.95390165760303,65.765497628815,65.95390165760303,65.95213240786035,0.40026522067353953,61.91308948392835
cracker_box_yalehand0_black10_5,531,1.3380851399866085,0.26597722054605394,1.791668409471815,1.116639805259335,0.06437548012364683,0.04012138809208379,0.7946843853820601,0.6060606060606061,-1.0721079194405545,-0.67502860421248,MODE_3_RELOCALIZE,simple,four_mode_relocalization_v2,,0,0,0,False,1,0,0.26597722054605394,0,0,restarted_se3,1,48.68575558066368,2.3563746362924576,0,532,cache_read_only_not_online_fps,b18588ca73eff0bed9b27155081eb3c6df55568f77c0b4b80229d1c92a313cef,cached_perception_v2,1,1,1,0.3300851386622514,,1,2494.3641871213913,0,24.229594506323338,2494.3641871213913,2545.4063173383474,66.41615645359728,66.07727104876751,66.41615645359728,66.41433446163066,0.3300851386622514,61.94270004234489
cracker_box_yalehand0_black10_5,532,1.3658726549077875,0.4164466753392232,1.7754969327279135,1.176868635323022,0.06379443143506502,0.04228543799782411,0.7946843853820601,0.7946843853820601,-0.9494259795685643,-0.5986282974048915,MODE_3_RELOCALIZE,simple,four_mode_relocalization_v2,,0,0,0,False,1,0,0.4164466753392232,0,0,restarted_se3,1,38.416377268731594,2.092404291033745,0,533,cache_read_only_not_online_fps,b18588ca73eff0bed9b27155081eb3c6df55568f77c0b4b80229d1c92a313cef,cached_perception_v2,1,1,1,0.3384657822997269,,1,2471.3892014697194,0,22.23392855376005,2471.3892014697194,2511.8979830294847,66.91389927902665,66.78446822209784,66.91389927902665,66.91212086590376,0.3384657822997269,62.245920409272095
cracker_box_yalehand0_black10_5,533,1.2320731313286224,0.4524902073332604,1.7248188325983194,1.1437793453084155,0.06197354370251933,0.041096524401770446,0.7946843853820601,0.7272727272727273,-0.779582923995362,-0.5810394872899038,MODE_3_RELOCALIZE,simple,four_mode_relocalization_v2,,0,0,0,False,1,0,0.4524902073332604,0,0,restarted_se3,1,48.87000471353531,2.1595479920506477,0,534,cache_read_only_not_online_fps,b18588ca73eff0bed9b27155081eb3c6df55568f77c0b4b80229d1c92a313cef,cached_perception_v2,1,1,1,0.348401125219817,,1,2489.17424865067,0,28.363926336169243,2489.17424865067,2540.203801356256,66.95997329020558,67.13452894037486,66.95997329020558,66.95825534285163,0.348401125219817,62.400078717547494
cracker_box_yalehand0_black10_5,534,1.2503905368897388,0.36783682523717914,1.7674757306228392,1.1136103829729094,0.06350622590889002,0.04001253953888336,0.7946843853820601,0.6060606060606061,-0.8825537116525597,-0.6538653476499299,MODE_3_RELOCALIZE,simple,four_mode_relocalization_v2,,0,0,0,False,1,0,0.36783682523717914,0,0,restarted_se3,1,48.03661070764065,2.2321874275803566,0,535,cache_read_only_not_online_fps,b18588ca73eff0bed9b27155081eb3c6df55568f77c0b4b80229d1c92a313cef,cached_perception_v2,1,1,1,0.31505642841776393,,1,2469.181776046753,0,22.090792655944824,2469.181776046753,2519.450574181974,66.84497053647434,67.04505650029976,66.84497053647434,66.84330641229538,0.31505642841776393,62.20713920566675
cracker_box_yalehand0_black10_5,535,1.15298165113218,0.4417955797969968,1.7577322470757721,1.1376590018534833,0.06315613800863831,0.040876617611903546,0.7946843853820601,0.66,-0.7111860713351832,-0.6200732452222888,MODE_3_RELOCALIZE,simple,four_mode_relocalization_v2,,0,0,0,False,1,0,0.4417955797969968,0,0,restarted_se3,1,48.732707276940346,2.0992914214730263,0,536,cache_read_only_not_online_fps,b18588ca73eff0bed9b27155081eb3c6df55568f77c0b4b80229d1c92a313cef,cached_perception_v2,1,1,1,0.3969486133211843,,1,2465.340953320265,0,22.290850058197975,2465.340953320265,2516.172952018678,66.77540314903683,66.92000357701134,66.77540314903683,66.77380799008549,0.3969486133211843,62.110973799974424
cracker_box_yalehand0_black10_5,536,1.126323258184226,0.4404222120784653,1.7430195225117118,1.1437131533910099,0.06262750296504921,0.04109414609536019,0.7946843853820601,0.7272727272727273,-0.6859010461057606,-0.5993063691207019,MODE_3_RELOCALIZE,simple,four_mode_relocalization_v2,,0,0,0,False,1,0,0.4404222120784653,0,0,restarted_se3,1,46.376884914934635,2.23376601934433,0,537,cache_read_only_not_online_fps,b18588ca73eff0bed9b27155081eb3c6df55568f77c0b4b80229d1c92a313cef,cached_perception_v2,1,1,1,0.4301741891503696,,1,2481.0314858332276,0,21.75617590546608,2481.0314858332276,2529.6421367675066,66.5016591786437,66.69296835811551,66.5016591786437,66.50018287004877,0.4301741891503696,62.106184971337775
cracker_box_yalehand0_black10_5,537,1.1739434629643635,0.435919328106049,1.7409122479764654,1.15055877304883,0.06255178760988546,0.04134011239687352,0.7946843853820601,0.7272727272727273,-0.7380241348583145,-0.5903534749276353,MODE_3_RELOCALIZE,simple,four_mode_relocalization_v2,,0,0,0,False,1,0,0.435919328106049,0,0,restarted_se3,1,47.20721859484911,2.3042839020490646,0,538,cache_read_only_not_online_fps,b18588ca73eff0bed9b27155081eb3c6df55568f77c0b4b80229d1c92a313cef,cached_perception_v2,1,1,1,0.45919830193462885,,1,2470.051118172705,0,21.662102080881596,2470.051118172705,2519.5626206696033,66.34703240299537,66.45206959606197,66.34703240299537,66.34562423404131,0.45919830193462885,62.09423977188783
cracker_box_yalehand0_black10_5,538,1.2159824994596475,0.48199742225016434,1.7231998774299997,1.109791869596908,0.06191537388956273,0.039875338575446645,0.7946843853820601,0.5121951219512195,-0.7339850772094831,-0.6134080078330917,MODE_3_RELOCALIZE,simple,four_mode_relocalization_v2,,0,0,0,False,1,0,0.48199742225016434,0,0,restarted_se3,1,47.48556762933731,2.649560570716858,0,539,cache_read_only_not_online_fps,b18588ca73eff0bed9b27155081eb3c6df55568f77c0b4b80229d1c92a313cef,cached_perception_v2,1,1,1,0.5143031267835578,,1,2470.2875250950456,0,21.25881426036358,2470.2875250950456,2520.4226532950997,66.1606253977874,66.24877186728514,66.1606253977874,66.15926396238736,0.5143031267835578,62.20122583009206
cracker_box_yalehand0_black10_5,539,1.3527354514794994,0.5844039357046517,1.7404598962898272,1.102475031436214,0.06253553440317705,0.039612441173733484,0.7946843853820601,0.3888888888888889,-0.7683315157748477,-0.6379848648536133,MODE_3_RELOCALIZE,simple,four_mode_relocalization_v2,,0,0,0,False,1,0,0.5844039357046517,0,0,restarted_se3,1,45.120551250874996,2.3657074198126793,0,540,cache_read_only_not_online_fps,b18588ca73eff0bed9b27155081eb3c6df55568f77c0b4b80229d1c92a313cef,cached_perception_v2,1,1,1,0.5537169007757712,,1,2465.3047854080796,0,21.99016697704792,2465.3047854080796,2512.7910440787673,65.85853885629436,65.96985625622742,65.85853885629436,65.85726858552778,0.5537169007757712,62.27021348934094
cracker_box_yalehand0_black10_5,540,1.1319513347461085,0.5679903169096479,1.7422799200688404,1.1464925486466355,0.06260092870493011,0.04119401106093551,0.7946843853820601,0.7272727272727273,-0.5639610178364607,-0.5957873714222048,MODE_3_RELOCALIZE,simple,four_mode_relocalization_v2,,0,0,0,False,1,0,0.5679903169096479,0,0,restarted_se3,1,47.03687783330679,2.1694395691156387,0,541,cache_read_only_not_online_fps,b18588ca73eff0bed9b27155081eb3c6df55568f77c0b4b80229d1c92a313cef,cached_perception_v2,1,1,1,0.5329839943848702,,1,2483.8354866951704,0,21.922257728874683,2483.8354866951704,2533.041804097593,65.14473811219142,65.27204697995803,65.14473811219142,65.1436706687036,0.5329839943848702,62.195631859004486
cracker_box_yalehand0_black10_5,541,1.237595364438409,0.4456745224000711,1.7090430366294098,1.1273075486367876,0.061406712008405445,0.04050468507836141,0.7946843853820601,0.66,-0.7919208420383379,-0.5817354879926222,MODE_3_RELOCALIZE,simple,four_mode_relocalization_v2,,0,0,0,False,1,0,0.4456745224000711,0,0,restarted_se3,1,48.54486137628555,4.471674561500549,0,542,cache_read_only_not_online_fps,b18588ca73eff0bed9b27155081eb3c6df55568f77c0b4b80229d1c92a313cef,cached_perception_v2,1,1,1,0.46548153985612384,,1,2466.0931080579758,0,22.32462912797928,2466.0931080579758,2519.109643995762,64.93552021791538,64.92866027198907,64.93552021791538,64.93455947372465,0.46548153985612384,62.20039950360703
cracker_box_yalehand0_black10_5,542,1.3164967482455563,0.4677261423741877,1.7201601012170145,1.1359236052552109,0.061806153314960394,0.04081426400415552,0.7946843853820601,0.66,-0.8487706058713687,-0.5842364959618036,MODE_3_RELOCALIZE,simple,four_mode_relocalization_v2,,0,0,0,False,1,0,0.4677261423741877,0,0,restarted_se3,1,44.463055208325386,2.089947462081909,0,543,cache_read_only_not_online_fps,b18588ca73eff0bed9b27155081eb3c6df55568f77c0b4b80229d1c92a313cef,cached_perception_v2,1,1,1,0.4579207804325169,,1,2483.317820355296,0,22.962292656302452,2483.317820355296,2529.8708230257034,64.5851377399961,64.52355010978357,64.5851377399961,64.5843353034792,0.4579207804325169,62.128842750511346
cracker_box_yalehand0_black10_5,543,1.220810581462576,0.48915926385748026,1.6915688646986313,1.1385843883220534,0.060778856875245715,0.04090986717856398,0.7946843853820601,0.7272727272727273,-0.7316513176050958,-0.5529844763765779,MODE_3_RELOCALIZE,simple,four_mode_relocalization_v2,,0,0,0,False,1,0,0.48915926385748026,0,0,restarted_se3,1,43.73350739479065,2.1961182355880737,0,544,cache_read_only_not_online_fps,b18588ca73eff0bed9b27155081eb3c6df55568f77c0b4b80229d1c92a313cef,cached_perception_v2,1,1,1,0.49837066035052996,,1,2473.8231925293803,0,20.7595219835639,2473.8231925293803,2519.752818159759,64.11708477167477,64.13962447812152,64.11708477167477,64.11641599404048,0.49837066035052996,62.05311514652306
cracker_box_yalehand0_black10_5,544,1.262743202546985,0.503852230445209,1.6912388552025435,1.0792431898897683,0.06076699948040429,0.038777710290606615,0.7946843853820601,0.3888888888888889,-0.7588909721017759,-0.6119956653127752,MODE_3_RELOCALIZE,simple,four_mode_relocalization_v2,,0,0,0,False,1,0,0.503852230445209,0,0,restarted_se3,1,46.191465109586716,2.099638804793358,0,545,cache_read_only_not_online_fps,b18588ca73eff0bed9b27155081eb3c6df55568f77c0b4b80229d1c92a313cef,cached_perception_v2,1,1,1,0.502232664640732,,1,2475.627520121634,0,20.588240586221218,2475.627520121634,2523.918624036014,63.871408364585314,63.83462922501521,63.871408364585314,63.870863978752546,0.502232664640732,61.96370432631295
cracker_box_yalehand0_black10_5,545,1.2858943922170762,0.5169806448883905,1.6911071278009373,1.1050605716214716,0.06076226645353446,0.039705340836374746,0.7946843853820601,0.5121951219512195,-0.7689137473286858,-0.5860465561794657,MODE_3_RELOCALIZE,simple,four_mode_relocalization_v2,,0,0,0,False,1,0,0.5169806448883905,0,0,restarted_se3,1,46.92396894097328,1.9192080944776535,0,546,cache_read_only_not_online_fps,b18588ca73eff0bed9b27155081eb3c6df55568f77c0b4b80229d1c92a313cef,cached_perception_v2,1,1,1,0.5151019070720757,,1,2469.714319333434,0,20.990884862840176,2469.714319333434,2518.557496368885,63.916577816780794,63.711111113675564,63.916577816780794,63.88352864652539,0.5151019070720757,61.85267865358072
cracker_box_yalehand0_black10_5,546,1.2984627217623141,0.5091882290845314,1.7160930301864226,1.1261649353194634,0.06166002155926989,0.040463630449887995,0.7946843853820601,0.66,-0.7892744926777827,-0.5899280948669592,MODE_3_RELOCALIZE,simple,four_mode_relocalization_v2,,0,0,0,False,1,0,0.5091882290845314,0,0,restarted_se3,1,44.79117039591074,2.4334341287612915,0,547,cache_read_only_not_online_fps,b18588ca73eff0bed9b27155081eb3c6df55568f77c0b4b80229d1c92a313cef,cached_perception_v2,1,1,1,0.4977337983170108,,1,2472.310183569789,0,22.03567512333393,2472.310183569789,2519.534788094461,63.664013575780274,63.62861433435331,63.664013575780274,63.67167389670012,0.4977337983170108,61.78610141574975
cracker_box_yalehand0_black10_5,547,1.2639135911111672,0.5050025496842511,1.6889254017990758,1.1169163371982092,0.060683876022511865,0.04013132401339626,0.7946843853820601,0.6060606060606061,-0.7589110414269161,-0.5720090646008666,MODE_3_RELOCALIZE,simple,four_mode_relocalization_v2,,0,0,0,False,1,0,0.5050025496842511,0,0,restarted_se3,1,46.32766917347908,4.041900858283043,0,548,cache_read_only_not_online_fps,b18588ca73eff0bed9b27155081eb3c6df55568f77c0b4b80229d1c92a313cef,cached_perception_v2,1,1,1,0.4826874089180265,,1,2468.982554972172,0,22.914995439350605,2468.982554972172,2519.352125003934,63.746415372732166,63.59365335648651,63.746415372732166,63.74621005934975,0.4826874089180265,61.72063736902389
cracker_box_yalehand0_black10_5,548,1.3203607774238793,0.5061407675766655,1.7203815169964534,1.1295269750924006,0.06181410888700317,0.040584430104240024,0.7946843853820601,0.66,-0.8142200098472138,-0.5908545419040527,MODE_3_RELOCALIZE,simple,four_mode_relocalization_v2,,0,0,0,False,1,0,0.5061407675766655,0,0,restarted_se3,1,45.1400438323617,2.47881468385458,0,549,cache_read_only_not_online_fps,b18588ca73eff0bed9b27155081eb3c6df55568f77c0b4b80229d1c92a313cef,cached_perception_v2,1,1,1,0.44273025154172063,,1,2476.0174741968513,0,21.989707835018635,2476.0174741968513,2523.6363327130675,63.73136594614542,63.65469560235504,63.73136594614542,63.7311872405372,0.44273025154172063,61.63877013713145
cracker_box_yalehand0_black10_5,549,1.3864828192925216,0.4441100047900904,1.710969412057675,1.1416503444635826,0.06147592757443171,0.04102002841018784,0.7946843853820601,0.7272727272727273,-0.9423728145024313,-0.5693190675940925,MODE_3_RELOCALIZE,simple,four_mode_relocalization_v2,,0,0,0,False,1,0,0.4441100047900904,0,0,restarted_se3,1,44.32500060647726,2.322508953511715,0,550,cache_read_only_not_online_fps,b18588ca73eff0bed9b27155081eb3c6df55568f77c0b4b80229d1c92a313cef,cached_perception_v2,1,1,1,0.474353939757845,,1,2474.1485379636288,0,14.685357920825481,2474.1485379636288,2520.7960475236177,64.07591940024932,63.99123462188796,64.07591940024932,64.07583182456686,0.474353939757845,61.6324393590733
cracker_box_yalehand0_black10_5,550,1.3668748439549576,0.4614958491896597,1.6810720238430863,1.1406577505749924,0.06040170049614963,0.040984364049635416,0.7946843853820601,0.7272727272727273,-0.9053789947652979,-0.5404142732680939,MODE_3_RELOCALIZE,simple,four_mode_relocalization_v2,,0,0,0,False,1,0,0.4614958491896597,0,0,restarted_se3,1,45.794534496963024,2.581142820417881,0,551,cache_read_only_not_online_fps,b18588ca73eff0bed9b27155081eb3c6df55568f77c0b4b80229d1c92a313cef,cached_perception_v2,1,1,1,0.4078059575389964,,1,2474.005783908069,0,20.988292060792446,2474.005783908069,2522.38146122545,64.31344157962194,64.22766073307798,64.31344157962194,64.3133773293966,0.4078059575389964,61.570934455816996
cracker_box_yalehand0_black10_5,551,1.2960665409205716,0.355073791481168,1.728764913133996,1.1394045533026627,0.06211532821339635,0.04093933608817259,0.7946843853820601,0.7272727272727273,-0.9409927494394036,-0.5893603598313333,MODE_3_RELOCALIZE,simple,four_mode_relocalization_v2,,0,0,0,False,1,0,0.355073791481168,0,0,restarted_se3,1,45.91604135930538,2.2549033164978027,0,552,cache_read_only_not_online_fps,b18588ca73eff0bed9b27155081eb3c6df55568f77c0b4b80229d1c92a313cef,cached_perception_v2,1,1,1,0.3602916433133986,,1,2472.544874995947,0,20.56685369461775,2472.544874995947,2520.71581967175,64.93798420854081,64.73779474072053,64.93798420854081,64.93795425500906,0.3602916433133986,61.54560646848727
cracker_box_yalehand0_black10_5,552,1.3173336726878373,0.34370401845576354,1.7561231464065215,1.1082874407587016,0.06309832227242135,0.039821283746852586,0.7946843853820601,0.5121951219512195,-0.9736296542320737,-0.6478357056478199,MODE_3_RELOCALIZE,simple,four_mode_relocalization_v2,,0,0,0,False,1,0,0.34370401845576354,0,0,restarted_se3,1,47.81437013298273,2.3818202316761017,0,553,cache_read_only_not_online_fps,b18588ca73eff0bed9b27155081eb3c6df55568f77c0b4b80229d1c92a313cef,cached_perception_v2,1,1,1,0.33312485584430845,,1,2470.76996229589,0,21.50907926261425,2470.76996229589,2520.9661526605487,65.6590567934332,65.46601528546802,65.6590567934332,65.6590538235442,0.33312485584430845,61.53425126663834
cracker_box_yalehand0_black10_5,553,1.357932986065248,0.3252035518519711,1.7226272561029041,1.1456625397242701,0.06189479933867712,0.04116418845391643,0.7946843853820601,0.7272727272727273,-1.032729434213277,-0.576964716378634,MODE_3_RELOCALIZE,simple,four_mode_relocalization_v2,,0,0,0,False,1,0,0.3252035518519711,0,0,restarted_se3,1,45.64729053527117,1.887967810034752,0,554,cache_read_only_not_online_fps,b18588ca73eff0bed9b27155081eb3c6df55568f77c0b4b80229d1c92a313cef,cached_perception_v2,1,1,1,0.29529247417761,,1,2474.265804514289,0,22.956893779337406,2474.265804514289,2521.801062859595,66.09435284112837,66.16511478289769,66.09435284112837,66.09433473302241,0.29529247417761,61.554360102819416
cracker_box_yalehand0_black10_5,554,1.461263756576704,0.28900325465030996,1.7521032723419194,1.1671278439887238,0.06295388632569299,0.04193544683003064,0.7946843853820601,0.7946843853820601,-1.1722605019263939,-0.5849754283531956,MODE_3_RELOCALIZE,simple,four_mode_relocalization_v2,,0,0,0,False,1,0,0.28900325465030996,0,0,restarted_se3,1,73.3362976461649,2.0113280043005943,0,555,cache_read_only_not_online_fps,b18588ca73eff0bed9b27155081eb3c6df55568f77c0b4b80229d1c92a313cef,cached_perception_v2,1,1,1,0.28750783622924003,,1,2473.416238091886,0,12.101291678845882,2473.416238091886,2548.7638637423515,66.70983962488738,66.81985894516454,66.70983962488738,66.70981934766719,0.28750783622924003,61.59157226210223
cracker_box_yalehand0_black10_5,555,1.507473943258603,0.34632576049259967,1.7529951222301001,1.188177637476445,0.06298593090740595,0.042691775710481876,0.7946843853820601,0.7946843853820601,-1.1611481827660035,-0.5648174847536551,MODE_3_RELOCALIZE,simple,four_mode_relocalization_v2,,0,0,0,False,1,0,0.34632576049259967,0,0,restarted_se3,1,47.80374746769667,2.08865012973547,0,556,cache_read_only_not_online_fps,b18588ca73eff0bed9b27155081eb3c6df55568f77c0b4b80229d1c92a313cef,cached_perception_v2,1,1,1,0.36103738232424987,,1,2469.9095943942666,0,23.61668273806572,2469.9095943942666,2519.8019919916987,67.34980533709289,67.41368548953068,67.34980533709289,67.34979332907088,0.36103738232424987,61.6439169378492
cracker_box_yalehand0_black10_5,556,1.5410240776711763,0.42653047100322294,1.746744557353166,1.1768820223601177,0.06276134520121757,0.042285919000299745,0.7946843853820601,0.7946843853820601,-1.1144936066679534,-0.5698625349930482,MODE_3_RELOCALIZE,simple,four_mode_relocalization_v2,,0,0,0,False,1,0,0.42653047100322294,0,0,restarted_se3,1,45.080119743943214,2.1073883399367332,0,557,cache_read_only_not_online_fps,b18588ca73eff0bed9b27155081eb3c6df55568f77c0b4b80229d1c92a313cef,cached_perception_v2,1,1,1,0.36943012050123225,,1,2470.323368906975,0,23.026583716273308,2470.323368906975,2517.5108769908547,68.03023891543434,68.02509011899393,68.03023891543434,68.03030080690881,0.36943012050123225,61.74799983670295
cracker_box_yalehand0_black10_5,557,1.5592365813472884,0.28592236708179575,1.6625903745169133,1.1670306752118278,0.05973764623110848,0.04193195551063659,0.7946843853820601,0.7946843853820601,-1.2733142142654925,-0.4955596993050855,MODE_3_RELOCALIZE,simple,four_mode_relocalization_v2,,0,0,0,False,1,0,0.28592236708179575,0,0,restarted_se3,1,47.13375121355057,2.013569697737694,0,558,cache_read_only_not_online_fps,b18588ca73eff0bed9b27155081eb3c6df55568f77c0b4b80229d1c92a313cef,cached_perception_v2,1,1,1,0.3171925367666093,,1,2474.9869238585234,0,22.067639976739883,2474.9869238585234,2524.1342447698116,68.52467643681625,68.52057596409769,68.52467643681625,68.52476496546267,0.3171925367666093,61.80846093888616
cracker_box_yalehand0_black10_5,558,1.5432394416518969,0.3618916500797898,1.6789728254017893,1.2354288637417616,0.06032627531880159,0.044389534269588006,0.7946843853820601,0.7946843853820601,-1.1813477915721071,-0.44354396166002763,MODE_3_RELOCALIZE,simple,four_mode_relocalization_v2,,0,0,0,False,1,0,0.3618916500797898,0,0,restarted_se3,1,45.897990465164185,1.9832225516438484,0,559,cache_read_only_not_online_fps,b18588ca73eff0bed9b27155081eb3c6df55568f77c0b4b80229d1c92a313cef,cached_perception_v2,1,1,1,0.347584533597436,,1,2481.72908462584,0,22.664407268166542,2481.72908462584,2529.610297642648,69.32014362007395,69.2035675243566,69.32014362007395,69.32028191856733,0.347584533597436,61.95245274243505
cracker_box_yalehand0_black10_5,559,1.3895766973693924,0.31743693309181636,1.6832190105074876,1.2443657267192154,0.06047884272660323,0.04471063991722424,0.7946843853820601,0.7946843853820601,-1.072139764277576,-0.43885328378827215,MODE_3_RELOCALIZE,simple,four_mode_relocalization_v2,,0,0,0,False,1,0,0.31743693309181636,0,0,restarted_se3,1,39.60959240794182,2.0877299830317497,0,560,cache_read_only_not_online_fps,b18588ca73eff0bed9b27155081eb3c6df55568f77c0b4b80229d1c92a313cef,cached_perception_v2,1,1,1,0.3003661103245749,,1,2482.9449225217104,0,21.63679338991642,2482.9449225217104,2524.642244912684,69.93384715913334,69.83800413987721,69.93384715913334,69.93403995000101,0.3003661103245749,62.03271248899354
cracker_box_yalehand0_black10_5,560,1.4235202144176982,0.3512231190546955,1.6411529200026491,1.243369637354943,0.05896738850948496,0.04467484996260312,0.7946843853820601,0.7946843853820601,-1.0722970953630027,-0.3977832826477061,MODE_3_RELOCALIZE,simple,four_mode_relocalization_v2,,0,0,0,False,1,0,0.3512231190546955,0,0,restarted_se3,1,44.147586449980736,2.0614201202988625,0,561,cache_read_only_not_online_fps,b18588ca73eff0bed9b27155081eb3c6df55568f77c0b4b80229d1c92a313cef,cached_perception_v2,1,1,1,0.3260839512747157,,1,2475.7952373474836,0,22.162924520671368,2475.7952373474836,2522.0042439177632,70.90865560934553,70.73167532402643,70.90865560934553,70.90894021172801,0.3260839512747157,62.186936480885976
cracker_box_yalehand0_black10_5,561,1.619502399642768,0.4657380846789615,1.693195652771671,1.2284336538691794,0.06083730812811578,0.04413819312201153,0.7946843853820601,0.7946843853820601,-1.1537643149638064,-0.4647619989024916,MODE_3_RELOCALIZE,simple,four_mode_relocalization_v2,,0,0,0,False,1,0,0.4657380846789615,0,0,restarted_se3,1,47.53754008561373,2.0492244511842728,0,562,cache_read_only_not_online_fps,b18588ca73eff0bed9b27155081eb3c6df55568f77c0b4b80229d1c92a313cef,cached_perception_v2,1,1,1,0.5042710067499417,,1,2478.1386768445373,0,22.686579264700413,2478.1386768445373,2527.7254413813353,72.06625125190868,71.98852330094688,72.06625125190868,72.07883640285698,0.5042710067499417,62.46802164100431
cracker_box_yalehand0_black10_5,562,1.6396916239203079,0.518217847538807,1.7297105608803047,1.2037857204934637,0.06214930577719925,0.04325258140014994,0.7946843853820601,0.7946843853820601,-1.1214737763815008,-0.5259248403868411,MODE_3_RELOCALIZE,simple,four_mode_relocalization_v2,,0,0,0,False,1,0,0.518217847538807,0,0,restarted_se3,1,42.65291057527065,2.544076181948185,0,563,cache_read_only_not_online_fps,b18588ca73eff0bed9b27155081eb3c6df55568f77c0b4b80229d1c92a313cef,cached_perception_v2,1,1,1,0.45046863476090404,,1,2478.5217866301537,0,22.476835176348686,2478.5217866301537,2523.7187733873725,73.120057040689,72.97938807076454,73.120057040689,73.12048825099518,0.45046863476090404,62.67020988283455
cracker_box_yalehand0_black10_5,563,1.7103465252708463,0.5144754805409626,1.608488127705941,1.1918081991807554,0.05779372731407453,0.04282222348284753,0.7946843853820601,0.7946843853820601,-1.1958710447298837,-0.41667992852518565,MODE_3_RELOCALIZE,simple,four_mode_relocalization_v2,,0,0,0,False,1,0,0.5144754805409626,0,0,restarted_se3,1,47.06629551947117,2.2819237783551216,0,564,cache_read_only_not_online_fps,b18588ca73eff0bed9b27155081eb3c6df55568f77c0b4b80229d1c92a313cef,cached_perception_v2,1,1,1,0.5076734443537984,,1,2480.5976236239076,0,22.64448720961809,2480.5976236239076,2529.945842921734,73.77356743171897,73.87253183193921,73.77356743171897,73.77417173384293,0.5076734443537984,62.93580674875226
cracker_box_yalehand0_black10_5,564,1.7223803857852886,0.4591861109384557,1.5870956135758416,1.1617975399311369,0.05702508432137755,0.0417439265235397,0.7946843853820601,0.7946843853820601,-1.263194274846833,-0.42529807364470473,MODE_3_RELOCALIZE,simple,four_mode_relocalization_v2,,0,0,0,False,1,0,0.4591861109384557,0,0,restarted_se3,1,45.70125229656696,1.8047308549284935,0,565,cache_read_only_not_online_fps,b18588ca73eff0bed9b27155081eb3c6df55568f77c0b4b80229d1c92a313cef,cached_perception_v2,1,1,1,0.5701071748842332,,1,2480.524734593928,0,22.62945380061865,2480.524734593928,2528.0307177454233,74.04191426132235,74.28999722951771,74.04191426132235,74.04268135315868,0.5701071748842332,63.17281981785033
cracker_box_yalehand0_black10_5,565,1.605036867196295,0.562657890561522,1.5869936014932666,1.1738868842584782,0.05702141897975549,0.04217830229382083,0.7946843853820601,0.7946843853820601,-1.0423789766347729,-0.4131067172347884,MODE_3_RELOCALIZE,simple,four_mode_relocalization_v2,,0,0,0,False,1,0,0.562657890561522,0,0,restarted_se3,1,44.96048856526613,2.0648911595344543,0,566,cache_read_only_not_online_fps,b18588ca73eff0bed9b27155081eb3c6df55568f77c0b4b80229d1c92a313cef,cached_perception_v2,1,1,1,0.5812477079243478,,1,2478.457803837955,0,23.1152456253767,2478.457803837955,2525.4831835627556,74.78948312221493,74.71193530801084,74.78948312221493,74.53098973324401,0.5812477079243478,63.37616426758381
cracker_box_yalehand0_black10_5,566,1.7134737266544058,0.5625188263338265,1.5007633763150605,1.1519272490046906,0.05392312684172886,0.04138928237510747,0.7946843853820601,0.7272727272727273,-1.1509549003205792,-0.34883612731036995,MODE_3_RELOCALIZE,simple,four_mode_relocalization_v2,,0,0,0,False,1,0,0.5625188263338265,0,0,restarted_se3,1,43.22169907391071,2.5128694251179695,0,567,cache_read_only_not_online_fps,b18588ca73eff0bed9b27155081eb3c6df55568f77c0b4b80229d1c92a313cef,cached_perception_v2,1,1,1,0.570476021149799,,1,2486.830829642713,0,22.24492747336626,2486.830829642713,2532.5653981417418,75.75397436433545,75.46541672921916,75.75397436433545,75.3800365026924,0.570476021149799,63.57218968782905
cracker_box_yalehand0_black10_5,567,1.612997377546953,0.46765559346541047,1.5522247906715023,1.1266840312503827,0.0557721594191434,0.04048228180836845,0.7946843853820601,0.66,-1.1453417840815425,-0.4255407594211196,MODE_3_RELOCALIZE,simple,four_mode_relocalization_v2,,0,0,0,False,1,0,0.46765559346541047,0,0,restarted_se3,1,44.884284026920795,2.1728500723838806,0,568,cache_read_only_not_online_fps,b18588ca73eff0bed9b27155081eb3c6df55568f77c0b4b80229d1c92a313cef,cached_perception_v2,1,1,1,0.5543852921128489,,1,2459.649408236146,0,22.30832725763321,2459.649408236146,2506.7065423354506,75.89978518338124,76.08791489733177,75.89978518338124,75.90117793621837,0.5543852921128489,63.74215361474839
cracker_box_yalehand0_black10_5,568,1.5593813314187137,0.5500641388732099,1.4855692295600489,1.1561889591413304,0.05337719407467663,0.04154240760449904,0.7946843853820601,0.7946843853820601,-1.0093171925455038,-0.32938027041871853,MODE_3_RELOCALIZE,simple,four_mode_relocalization_v2,,0,0,0,False,1,0,0.5500641388732099,0,0,restarted_se3,1,47.93345369398594,2.2453926503658295,0,569,cache_read_only_not_online_fps,b18588ca73eff0bed9b27155081eb3c6df55568f77c0b4b80229d1c92a313cef,cached_perception_v2,1,1,1,0.5284847423695463,,1,2471.0021847859025,0,20.888801664114,2471.0021847859025,2521.1810311302543,76.2715839357193,76.54865703844823,76.2715839357193,76.27326371756318,0.5284847423695463,63.92300432396908
cracker_box_yalehand0_black10_5,569,1.5387477395954448,0.49341186163679984,1.5213295771738746,1.1107805284933538,0.0546620800138707,0.03991086154989926,0.7946843853820601,0.5121951219512195,-1.045335877958645,-0.4105490486805208,MODE_3_RELOCALIZE,simple,four_mode_relocalization_v2,,0,0,0,False,1,0,0.49341186163679984,0,0,restarted_se3,1,48.38316421955824,2.31022946536541,0,570,cache_read_only_not_online_fps,b18588ca73eff0bed9b27155081eb3c6df55568f77c0b4b80229d1c92a313cef,cached_perception_v2,1,1,1,0.5248498329638294,,1,2494.3832280114293,0,21.774927154183388,2494.3832280114293,2545.076621696353,77.48652739637207,77.310790592044,77.48652739637207,77.48851570685136,0.5248498329638294,64.0904109979917
cracker_box_yalehand0_black10_5,570,1.8124146975238644,0.802648372418046,1.406496460537418,1.067562693690918,0.05053607266871361,0.03835802462393512,0.7946843853820601,0.24242424242424243,-1.0097663251058184,-0.3389337668465,MODE_1_ACCEPT,simple,four_mode_relocalization_v2,0.0,0,0,0,False,0,0,0.802648372418046,0,0,restarted_se3,0,46.50994669646025,2.5362446904182434,0,571,cache_read_only_not_online_fps,b18588ca73eff0bed9b27155081eb3c6df55568f77c0b4b80229d1c92a313cef,cached_perception_v2,0,0,0,,,0,0.0,0,22.495390847325325,0.7909424602985382,49.83713384717703,79.36508713881668,78.96018562044043,79.36508713881668,79.36717778853865,1.8124146975238644,64.4728912257949
cracker_box_yalehand0_black10_5,571,2.7048292862304932,2.7540059834796877,1.8608693696418601,1.8316400695226585,0.06686190284138471,0.06581168047942071,0.9274193548387096,0.9274193548387096,0.04917669724919449,-0.029229300119201662,MODE_1_ACCEPT,simple,four_mode_relocalization_v2,0.0,0,0,0,True,0,1,2.7048292862304932,0,0,restarted_se3,0,46.462816186249256,2.316135913133621,0,572,cache_read_only_not_online_fps,b18588ca73eff0bed9b27155081eb3c6df55568f77c0b4b80229d1c92a313cef,cached_perception_v2,0,0,0,,,0,0.0,0,20.868618972599506,0.6963508203625679,49.475302919745445,81.58088520044548,81.22877894713923,81.58088520044548,81.5830965304485,2.7048292862304932,64.77442606563487
cracker_box_yalehand0_black10_5,572,3.5587178623519446,3.583171958910805,1.8982215762854,1.8943540260021963,0.06820398501665978,0.0680650221343165,0.9274193548387096,0.9274193548387096,0.02445409655886044,-0.0038675502832037356,MODE_1_ACCEPT,simple,four_mode_relocalization_v2,0.0,0,0,0,True,0,1,3.5587178623519446,0,0,restarted_se3,0,46.90312221646309,2.602844499051571,0,573,cache_read_only_not_online_fps,b18588ca73eff0bed9b27155081eb3c6df55568f77c0b4b80229d1c92a313cef,cached_perception_v2,0,0,0,,,0,0.0,0,21.507292985916138,0.8796015754342079,50.38556829094887,83.88919335792122,83.8520939989227,83.88919335792122,83.89149716139804,3.5587178623519446,65.05505274098009
cracker_box_yalehand0_black10_5,573,4.772627962854446,4.804385438186402,1.9239791990558912,1.9188016436907234,0.06912946839512878,0.06894343642027373,0.9274193548387096,0.9274193548387096,0.03175747533195583,-0.005177555365167841,MODE_3_RELOCALIZE,simple,four_mode_relocalization_v2,,0,0,0,False,1,1,4.772627962854446,0,0,restarted_se3,1,47.068968415260315,3.492421470582485,0,574,cache_read_only_not_online_fps,b18588ca73eff0bed9b27155081eb3c6df55568f77c0b4b80229d1c92a313cef,cached_perception_v2,1,1,1,0.7427423385718607,,1,2481.900214217603,0,21.375976502895355,2481.900214217603,2532.461604103446,86.6439611587895,86.73429437386717,86.6439611587895,86.64604831925767,0.7427423385718607,65.58380288769843
cracker_box_yalehand0_black10_5,574,1.8115733299473986,3.025958026034152,1.5262498893096181,1.711667120282439,0.05483886911972431,0.061500996555788945,0.7946843853820601,0.7946843853820601,1.2143846960867533,0.1854172309728208,MODE_3_RELOCALIZE,simple,four_mode_relocalization_v2,,0,0,0,False,1,1,1.8115733299473986,0,0,restarted_se3,1,46.821205876767635,2.097868360579014,0,575,cache_read_only_not_online_fps,b18588ca73eff0bed9b27155081eb3c6df55568f77c0b4b80229d1c92a313cef,cached_perception_v2,1,1,1,0.7613448566666514,,1,2480.134670622647,0,20.577603951096535,2480.134670622647,2529.0537448599935,88.07053076316308,88.50881042733596,88.07053076316308,88.16245328635168,0.7613448566666514,65.99534427368937
cracker_box_yalehand0_black10_5,575,2.0663671618001134,0.9694141171926619,1.5801522948956588,1.1440945239733797,0.05677560764850368,0.04110784891794461,0.7946843853820601,0.7272727272727273,-1.0969530446074516,-0.43605777092227904,MODE_3_RELOCALIZE,simple,four_mode_relocalization_v2,,0,0,0,False,1,0,0.9694141171926619,0,0,restarted_se3,1,45.17115838825703,2.2876672446727753,0,576,cache_read_only_not_online_fps,b18588ca73eff0bed9b27155081eb3c6df55568f77c0b4b80229d1c92a313cef,cached_perception_v2,1,1,1,1.009652163340772,,1,2481.3161632046103,0,23.314030840992928,2481.3161632046103,2528.77498883754,89.97094355283812,90.01318154058582,89.97094355283812,89.97183896441246,1.009652163340772,66.70379988703257
cracker_box_yalehand0_black10_5,576,2.1057382655121524,1.0623796315439031,1.624859182632908,1.1683776295036938,0.0583819469396942,0.04198035220546308,0.7946843853820601,0.7946843853820601,-1.0433586339682492,-0.4564815531292141,MODE_3_RELOCALIZE,simple,four_mode_relocalization_v2,,0,0,0,False,1,1,1.0623796315439031,0,0,restarted_se3,1,47.69169818609953,2.675948664546013,0,577,cache_read_only_not_online_fps,b18588ca73eff0bed9b27155081eb3c6df55568f77c0b4b80229d1c92a313cef,cached_perception_v2,1,1,1,1.0518840158381917,,1,2488.48186340183,0,23.760497570037842,2488.48186340183,2538.8495102524757,90.98787012963233,91.02518121920264,90.98787012963233,90.98766077644146,1.0518840158381917,67.14557008106948
cracker_box_yalehand0_black10_5,577,2.0625929274235717,1.0004338384237896,1.4986325717164628,1.1145199256574183,0.0538465660404337,0.04004521983100587,0.7946843853820601,0.6060606060606061,-1.062159088999782,-0.3841126460590445,MODE_3_RELOCALIZE,simple,four_mode_relocalization_v2,,0,0,0,False,1,1,1.0004338384237896,0,0,restarted_se3,1,46.63530923426151,2.073359675705433,0,578,cache_read_only_not_online_fps,b18588ca73eff0bed9b27155081eb3c6df55568f77c0b4b80229d1c92a313cef,cached_perception_v2,1,1,1,1.0500746297396146,,1,2499.553638510406,0,21.30382601171732,2499.553638510406,2548.262307420373,90.70404506924955,91.24464431034151,90.70404506924955,90.81396681325154,1.0500746297396146,67.52268286331346
cracker_box_yalehand0_black10_5,578,2.054810321074178,0.9545953417196973,1.508628222776309,1.0737106058813304,0.05420571443682459,0.03857892197130338,0.7946843853820601,0.3888888888888889,-1.1002149793544809,-0.43491761689497865,MODE_3_RELOCALIZE,simple,four_mode_relocalization_v2,,0,0,0,False,1,0,0.9545953417196973,0,0,restarted_se3,1,45.492345467209816,2.060316503047943,0,579,cache_read_only_not_online_fps,b18588ca73eff0bed9b27155081eb3c6df55568f77c0b4b80229d1c92a313cef,cached_perception_v2,1,1,1,1.0028527095054358,,1,2472.8325521573424,0,24.115516804158688,2472.8325521573424,2520.3852141276,90.74106115299068,91.01655233914212,90.74106115299068,90.74045972008284,1.0028527095054358,67.78530872448486
cracker_box_yalehand0_black10_5,579,2.012045674673431,0.9473223497197791,1.492387568465963,1.097829155966748,0.05362218016607251,0.03944551270507241,0.7946843853820601,0.3888888888888889,-1.0647233249536519,-0.3945584124992152,MODE_3_RELOCALIZE,simple,four_mode_relocalization_v2,,0,0,0,False,1,0,0.9473223497197791,0,0,restarted_se3,1,46.69471923261881,2.402888610959053,0,580,cache_read_only_not_online_fps,b18588ca73eff0bed9b27155081eb3c6df55568f77c0b4b80229d1c92a313cef,cached_perception_v2,1,1,1,1.046286840287234,,1,2468.785122036934,0,15.333435498178005,2468.785122036934,2517.8827298805118,90.47187158133916,90.72849800190205,90.90723744224154,90.4714362878523,1.046286840287234,68.03477625705091
cracker_box_yalehand0_black10_5,580,2.143771199247943,1.15756482439543,1.589100026608958,1.063935226151094,0.057097103814879153,0.03822768802634006,0.7946843853820601,0.24242424242424243,-0.9862063748525132,-0.5251648004578642,MODE_1_ACCEPT,simple,four_mode_relocalization_v2,0.0,0,0,0,False,0,1,1.15756482439543,0,0,restarted_se3,0,48.684244975447655,2.2336887195706367,0,581,cache_read_only_not_online_fps,b18588ca73eff0bed9b27155081eb3c6df55568f77c0b4b80229d1c92a313cef,cached_perception_v2,0,0,0,,,0,0.0,0,11.795182712376118,0.8200975134968758,51.73803120851517,91.04671277640072,90.94854601636993,91.29016345467478,91.04637551964694,2.143771199247943,68.34745327754804
cracker_box_yalehand0_black10_5,581,3.0841922618621247,3.168868643865346,1.826023463718389,1.8461622818144505,0.06560987321787408,0.06633347032836784,0.7946843853820601,0.9274193548387096,0.08467638200322147,0.02013881809606155,MODE_3_RELOCALIZE,simple,four_mode_relocalization_v2,,0,0,0,False,1,1,3.0841922618621247,0,0,restarted_se3,1,46.443670988082886,3.0683744698762894,0,582,cache_read_only_not_online_fps,b18588ca73eff0bed9b27155081eb3c6df55568f77c0b4b80229d1c92a313cef,cached_perception_v2,1,1,1,1.0050149240981945,,1,2455.2231281995773,0,9.468954056501389,2455.2231281995773,2504.7351736575365,92.31904200913918,92.0135440910761,91.83726908100091,92.31886537911518,1.0050149240981945,68.63055899448337
cracker_box_yalehand0_black10_5,582,2.111896807790815,0.8291056134839067,1.590319535606854,1.448714860388355,0.05714092134095687,0.05205299943154992,0.7946843853820601,0.7946843853820601,-1.2827911943069084,-0.14160467521849895,MODE_3_RELOCALIZE,simple,four_mode_relocalization_v2,,0,0,0,False,1,0,0.8291056134839067,0,0,restarted_se3,1,46.777332201600075,2.474444918334484,0,583,cache_read_only_not_online_fps,b18588ca73eff0bed9b27155081eb3c6df55568f77c0b4b80229d1c92a313cef,cached_perception_v2,1,1,1,1.0118618556520782,,1,2463.558462448418,0,12.592948973178864,2463.558462448418,2512.8102395683527,94.08556047489549,93.98317111894022,92.58493950351705,94.08550156463271,1.0118618556520782,68.87779966564028
cracker_box_yalehand0_black10_5,583,2.105285076798334,1.065921705036377,1.5699276482758746,1.0913400983411845,0.05640823133502765,0.03921235784338748,0.7946843853820601,0.3888888888888889,-1.0393633717619573,-0.4785875499346901,MODE_3_RELOCALIZE,simple,four_mode_relocalization_v2,,0,0,0,False,1,1,1.065921705036377,0,0,restarted_se3,1,45.41057161986828,3.290998749434948,0,584,cache_read_only_not_online_fps,b18588ca73eff0bed9b27155081eb3c6df55568f77c0b4b80229d1c92a313cef,cached_perception_v2,1,1,1,1.0022401586100373,,1,2476.7879731953144,0,22.27967418730259,2476.7879731953144,2525.4895435646176,97.35959184434074,96.93769289852547,93.58318863385377,97.35975386052148,1.0022401586100373,69.12028772898408
cracker_box_yalehand0_black10_5,584,2.0089861529727915,0.9216881025478688,1.5447414844303855,1.1104399151551925,0.05550328074179584,0.039898623154075157,0.7946843853820601,0.5121951219512195,-1.0872980504249226,-0.43430156927519303,MODE_3_RELOCALIZE,simple,four_mode_relocalization_v2,,0,0,0,False,1,0,0.9216881025478688,0,0,restarted_se3,1,43.561031110584736,2.5917990133166313,0,585,cache_read_only_not_online_fps,b18588ca73eff0bed9b27155081eb3c6df55568f77c0b4b80229d1c92a313cef,cached_perception_v2,1,1,1,0.8861242412660465,,1,2482.132793404162,0,22.628650069236755,2482.132793404162,2528.2856235280633,98.8399041999935,98.08219067011422,94.63492771717719,98.84052934676723,0.8861242412660465,69.20795528276736
cracker_box_yalehand0_black10_5,585,2.0054515334448744,0.8852458654999297,1.5929346472855783,1.1066165416749156,0.05723488352112639,0.03976124756482904,0.7946843853820601,0.5121951219512195,-1.1202056679449446,-0.4863181056106627,MODE_3_RELOCALIZE,simple,four_mode_relocalization_v2,,0,0,0,False,1,0,0.8852458654999297,0,0,restarted_se3,1,45.08550278842449,3.0835578218102455,0,586,cache_read_only_not_online_fps,b18588ca73eff0bed9b27155081eb3c6df55568f77c0b4b80229d1c92a313cef,cached_perception_v2,1,1,1,0.8737802371948926,,1,2479.7800639644265,0,23.0648685246706,2479.7800639644265,2527.9491245746613,99.75089695176541,99.25064331503386,96.03278788992434,99.75180773963922,0.8737802371948926,69.34943851069745
cracker_box_yalehand0_black10_5,586,2.2239057797413473,1.037337386772511,1.6085913137354966,1.1496440049784484,0.05779743483615818,0.04130724435420375,0.7946843853820601,0.7272727272727273,-1.1865683929688362,-0.45894730875704814,MODE_3_RELOCALIZE,simple,four_mode_relocalization_v2,,0,0,0,False,1,1,1.037337386772511,0,0,restarted_se3,1,44.58142630755901,2.844104543328285,0,587,cache_read_only_not_online_fps,b18588ca73eff0bed9b27155081eb3c6df55568f77c0b4b80229d1c92a313cef,cached_perception_v2,1,1,1,1.0077758611067247,,1,2475.1938553526998,0,21.86755184084177,2475.1938553526998,2522.619386203587,101.3392578732837,101.03701000678595,97.7859677281823,101.3403673023153,1.0077758611067247,69.59340649677323
cracker_box_yalehand0_black10_5,587,2.19917996154795,0.9885222101657529,1.6278113320190388,1.091227043767868,0.05848801904161005,0.03920829573993187,0.7946843853820601,0.3888888888888889,-1.2106577513821972,-0.5365842882511709,MODE_3_RELOCALIZE,simple,four_mode_relocalization_v2,,0,0,0,False,1,0,0.9885222101657529,0,0,restarted_se3,1,44.48462184518576,2.389146015048027,0,588,cache_read_only_not_online_fps,b18588ca73eff0bed9b27155081eb3c6df55568f77c0b4b80229d1c92a313cef,cached_perception_v2,1,1,1,1.0493420379116007,,1,2477.9246291145682,0,21.86449710279703,2477.9246291145682,2524.798396974802,103.35991974287538,102.955562957596,99.40107226404297,103.2426722685907,1.0493420379116007,69.38050978465
cracker_box_yalehand0_black10_5,588,2.195133064909138,0.9980180527087144,1.6332078992945647,1.1168187755214714,0.0586819202163726,0.04012781857692796,0.7946843853820601,0.6060606060606061,-1.1971150122004235,-0.5163891237730933,MODE_3_RELOCALIZE,simple,four_mode_relocalization_v2,,0,0,0,False,1,0,0.9980180527087144,0,0,restarted_se3,1,43.177264742553234,2.456177957355976,0,589,cache_read_only_not_online_fps,b18588ca73eff0bed9b27155081eb3c6df55568f77c0b4b80229d1c92a313cef,cached_perception_v2,1,1,1,0.9253675123261764,,1,2486.3176764920354,0,22.534930147230625,2486.3176764920354,2531.9511191919446,105.30185911689836,105.24473531019211,100.98964458212261,105.39226199922905,0.9253675123261764,69.24742393410702
cracker_box_yalehand0_black10_5,589,2.060359855882891,0.7871874927498783,1.5580576131142831,1.1125875326142975,0.05598173544517865,0.039975788049276144,0.7946843853820601,0.5573817040129996,-1.2731723631330125,-0.4454700804999856,MODE_3_RELOCALIZE,simple,four_mode_relocalization_v2,,0,0,0,False,1,0,0.7871874927498783,0,0,restarted_se3,1,44.95126008987427,2.259880304336548,0,590,cache_read_only_not_online_fps,b18588ca73eff0bed9b27155081eb3c6df55568f77c0b4b80229d1c92a313cef,cached_perception_v2,1,1,1,0.8496366247885834,,1,2472.3794544115663,0,22.782977670431137,2472.3794544115663,2519.590594805777,107.07491705761352,107.48229489838099,102.541205090861,107.11642101610292,0.8496366247885834,69.0183214658252
cracker_box_yalehand0_black10_5,590,1.858378789151543,0.6786104362010323,1.6074582913151108,1.103016206717936,0.05775672481307713,0.03963188585356806,0.7946843853820601,0.3888888888888889,-1.1797683529505107,-0.5044420845971747,MODE_3_RELOCALIZE,simple,four_mode_relocalization_v2,,0,0,0,False,1,0,0.6786104362010323,0,0,restarted_se3,1,48.64525608718395,1.828877255320549,0,591,cache_read_only_not_online_fps,b18588ca73eff0bed9b27155081eb3c6df55568f77c0b4b80229d1c92a313cef,cached_perception_v2,1,1,1,0.7040918084226405,,1,2481.441169977188,0,21.625323221087456,2481.441169977188,2531.9153033196926,107.83699702777429,108.79236324034744,103.85630435880593,108.36893387460552,0.7040918084226405,68.79122157040065
cracker_box_yalehand0_black10_5,591,1.796425302673079,0.6618451842425428,1.5641405625767026,1.104932071135622,0.056200298651484536,0.039700723754090464,0.7946843853820601,0.5121951219512195,-1.1345801184305362,-0.45920849144108056,MODE_3_RELOCALIZE,simple,four_mode_relocalization_v2,,0,0,0,False,1,0,0.6618451842425428,0,0,restarted_se3,1,45.399452559649944,2.353259362280369,0,592,cache_read_only_not_online_fps,b18588ca73eff0bed9b27155081eb3c6df55568f77c0b4b80229d1c92a313cef,cached_perception_v2,1,1,1,0.6484661057710149,,1,2479.1449392214417,0,22.904648445546627,2479.1449392214417,2526.897651143372,109.57526698062364,109.95722474187883,105.29374380316344,109.63982379117259,0.6484661057710149,68.6373312178653
cracker_box_yalehand0_black10_5,592,1.7799064931836874,0.6060106457441938,1.5106275059038736,1.1129025679319582,0.05427754961043131,0.03998710741491495,0.7946843853820601,0.6060606060606061,-1.1738958474394936,-0.39772493797191544,MODE_3_RELOCALIZE,simple,four_mode_relocalization_v2,,0,0,0,False,1,0,0.6060106457441938,0,0,restarted_se3,1,47.39337135106325,2.127271145582199,0,593,cache_read_only_not_online_fps,b18588ca73eff0bed9b27155081eb3c6df55568f77c0b4b80229d1c92a313cef,cached_perception_v2,1,1,1,0.6570292708211913,,1,2481.430746614933,0,21.33522555232048,2481.430746614933,2530.9513891115785,111.58714041959583,111.38367302903185,106.03988479632784,111.48782935428537,0.6570292708211913,68.58216085884555
cracker_box_yalehand0_black10_5,593,1.981618687476451,0.7631293745215867,1.5157415320175402,1.0562378171977054,0.054461298949701746,0.03795111653885788,0.7946843853820601,0.24242424242424243,-1.2184893129548642,-0.4595037148198349,MODE_1_ACCEPT,simple,four_mode_relocalization_v2,0.0,0,0,0,False,0,0,0.7631293745215867,0,0,restarted_se3,0,47.510107047855854,2.453428693115711,0,594,cache_read_only_not_online_fps,b18588ca73eff0bed9b27155081eb3c6df55568f77c0b4b80229d1c92a313cef,cached_perception_v2,0,0,0,,,0,0.0,0,22.67003245651722,0.999785028398037,50.9633207693696,113.1362824502931,113.16758067897432,106.03456891723422,113.33506027233054,1.981618687476451,68.89210241338628
cracker_box_yalehand0_black10_5,594,2.916382565161641,2.926046261807519,1.7591119582679113,1.7715448263058662,0.0632057116741427,0.06365243041128515,0.7946843853820601,0.7946843853820601,0.009663696645878073,0.012432868037954847,MODE_3_RELOCALIZE,simple,four_mode_relocalization_v2,,0,0,0,False,1,1,2.916382565161641,0,0,restarted_se3,1,45.91307416558266,3.4106187522411346,0,595,cache_read_only_not_online_fps,b18588ca73eff0bed9b27155081eb3c6df55568f77c0b4b80229d1c92a313cef,cached_perception_v2,1,1,1,0.7865772929542794,,1,2469.75105907768,0,22.33538217842579,2469.75105907768,2519.074751995504,113.7232015275224,114.10455415970613,105.20736829614835,113.72409237974554,0.7865772929542794,68.71310742326072
cracker_box_yalehand0_black10_5,595,1.9017312651748848,0.8951615264712615,1.4452729211598867,1.298152489879312,0.0519293289525608,0.046643223359798223,0.7946843853820601,0.7946843853820601,-1.0065697387036234,-0.14712043128057473,MODE_1_ACCEPT,simple,four_mode_relocalization_v2,0.0,0,0,0,True,0,0,0.8951615264712615,0,0,restarted_se3,0,49.415696412324905,1.9351085647940636,0,596,cache_read_only_not_online_fps,b18588ca73eff0bed9b27155081eb3c6df55568f77c0b4b80229d1c92a313cef,cached_perception_v2,0,0,0,,,0,0.0,0,21.838726475834846,0.7794536650180817,52.13025864213705,115.2208278358819,115.14448975919225,104.64445263064268,115.16231741964282,1.9017312651748848,68.56290699956324
cracker_box_yalehand0_black10_5,596,2.884693092416515,2.8363837231243543,1.7471815635060555,1.7134109840015403,0.06277704703575376,0.061563654391130505,0.7946843853820601,0.7946843853820601,-0.048309369292160564,-0.03377057950451512,MODE_1_ACCEPT,simple,four_mode_relocalization_v2,0.0,0,0,0,True,0,1,2.8363837231243543,0,0,restarted_se3,0,41.081368923187256,3.693941980600357,0,597,cache_read_only_not_online_fps,b18588ca73eff0bed9b27155081eb3c6df55568f77c0b4b80229d1c92a313cef,cached_perception_v2,0,0,0,,,0,0.0,0,22.815844044089317,0.8926996961236,45.66801059991121,116.12253326388459,116.1653602659728,104.39896410121254,116.44231197313385,2.884693092416515,68.3633148493557
cracker_box_yalehand0_black10_5,597,4.088941902113912,4.229086809158478,1.8232788479021844,1.8304451851682695,0.0655112578937499,0.06576874772824902,0.7946843853820601,0.9274193548387096,0.14014490704456595,0.0071663372660850655,MODE_1_ACCEPT,simple,four_mode_relocalization_v2,0.0,0,0,0,True,0,1,4.088941902113912,0,0,restarted_se3,0,44.513896107673645,4.54267393797636,0,598,cache_read_only_not_online_fps,b18588ca73eff0bed9b27155081eb3c6df55568f77c0b4b80229d1c92a313cef,cached_perception_v2,0,0,0,,,0,0.0,0,22.568962536752224,1.6099736094474792,50.666543655097485,118.01995223560002,117.65784896170375,104.58447621087912,117.88867916755493,4.088941902113912,68.18761117214129
cracker_box_yalehand0_black10_5,598,5.741553369335637,5.78245328405163,1.88300577716674,1.889969085795493,0.06765727427010067,0.06790746919113366,0.9274193548387096,0.9274193548387096,0.0408999147159923,0.006963308628753051,MODE_1_ACCEPT,simple,four_mode_relocalization_v2,0.0,0,0,0,True,0,1,5.741553369335637,0,0,restarted_se3,0,46.71881813555956,4.345233552157879,0,599,cache_read_only_not_online_fps,b18588ca73eff0bed9b27155081eb3c6df55568f77c0b4b80229d1c92a313cef,cached_perception_v2,0,0,0,,,0,0.0,0,22.109996527433395,1.814226619899273,52.87827830761671,119.88597809354253,119.46121735295804,105.20716994650915,119.50774831502144,5.741553369335637,67.98650082126305
cracker_box_yalehand0_black10_5,599,7.155408971500303,7.704858457124164,1.920053160775022,1.9287199397356867,0.06898840401179833,0.06929980541496467,0.9274193548387096,0.9274193548387096,0.5494494856238612,0.0086667789606647,MODE_3_RELOCALIZE,simple,four_mode_relocalization_v2,,0,0,0,False,1,1,7.155408971500303,0,0,restarted_se3,1,47.73047752678394,3.8063842803239822,0,600,cache_read_only_not_online_fps,b18588ca73eff0bed9b27155081eb3c6df55568f77c0b4b80229d1c92a313cef,cached_perception_v2,1,1,1,0.7506735920580605,,1,2465.7310154289007,0,25.999021716415882,2465.7310154289007,2517.2678772360086,122.32061784544453,121.85128482300287,106.27555067358429,121.43443249173227,0.7506735920580605,67.78699898071888
cracker_box_yalehand0_black10_5,600,0.9436830233206464,4.457577593155437,1.7884942867560343,1.5750700826595874,0.06426143241664953,0.05659300139666726,0.7946843853820601,0.7946843853820601,3.513894569834791,-0.2134242040964469,BLACKOUT_WAITING,simple,four_mode_relocalization_v2,1.0,0,0,0,True,0,0,0.9436830233206464,1,0,restarted_se3,0,40.18692672252655,3.93653754144907,0,601,cache_read_only_not_online_fps,b18588ca73eff0bed9b27155081eb3c6df55568f77c0b4b80229d1c92a313cef,cached_perception_v2,0,0,0,,,0,0.0,0,21.75313699990511,1.3559544458985329,45.47941870987415,122.27359136489272,121.8225227290146,107.72803064061729,122.28366526095292,4.457577593155437,67.57102271500159
cracker_box_yalehand0_black10_5,601,1.1491537705635084,10.674003338584402,1.7960278315314782,1.406129752735802,0.06453211618792569,0.05052289668666843,0.7946843853820601,0.7946843853820601,9.524849568020894,-0.38989807879567606,BLACKOUT_WAITING,simple,four_mode_relocalization_v2,1.0,0,0,0,True,0,1,1.1491537705635084,1,0,restarted_se3,0,39.61193189024925,3.768843598663807,0,602,cache_read_only_not_online_fps,b18588ca73eff0bed9b27155081eb3c6df55568f77c0b4b80229d1c92a313cef,cached_perception_v2,0,0,0,,,0,0.0,0,21.931678988039494,1.7225304618477821,45.10330595076084,122.18436982530328,121.28727834697428,109.55455441951129,120.84114168049112,10.674003338584402,67.32355469909591
cracker_box_yalehand0_black10_5,602,1.3851348067714704,17.80122774142719,1.8038366794736826,1.2562673345954263,0.06481269173016019,0.04513827022940925,0.7946843853820601,0.7946843853820601,16.41609293465572,-0.5475693448782564,BLACKOUT_WAITING,simple,four_mode_relocalization_v2,1.0,0,0,0,True,0,1,1.3851348067714704,1,0,restarted_se3,0,38.378143683075905,3.9333058521151543,0,603,cache_read_only_not_online_fps,b18588ca73eff0bed9b27155081eb3c6df55568f77c0b4b80229d1c92a313cef,cached_perception_v2,0,0,0,,,0,0.0,0,20.867841318249702,1.665409654378891,43.97685918956995,122.09146878203437,121.52118233960472,111.71984276913842,119.842098224278,17.80122774142719,67.14587021905606
cracker_box_yalehand0_black10_5,603,1.6625744102207425,25.50412893070883,1.8108289565576268,1.1035239920849773,0.06506392750127543,0.039650130818222364,0.7946843853820601,0.3888888888888889,23.84155452048809,-0.7073049644726495,BLACKOUT_WAITING,simple,four_mode_relocalization_v2,1.0,0,0,0,True,0,1,1.6625744102207425,1,0,restarted_se3,0,32.30277169495821,4.097014665603638,0,604,cache_read_only_not_online_fps,b18588ca73eff0bed9b27155081eb3c6df55568f77c0b4b80229d1c92a313cef,cached_perception_v2,0,0,0,,,0,0.0,0,21.756130270659924,1.6650659963488579,38.064852356910706,122.02166985414868,121.91351566797057,113.88107867666106,119.41629408069909,25.50412893070883,67.01943806470825
cracker_box_yalehand0_black10_5,604,2.0595409143252343,33.12052150678185,1.8174107069383552,1.008869337601722,0.06530041285680965,0.036249145012989675,0.7946843853820601,0.0891009055627426,31.060980592456616,-0.8085413693366332,BLACKOUT_WAITING,simple,four_mode_relocalization_v2,1.0,0,0,0,True,0,1,2.0595409143252343,1,0,restarted_se3,0,38.069991394877434,4.411211237311363,0,605,cache_read_only_not_online_fps,b18588ca73eff0bed9b27155081eb3c6df55568f77c0b4b80229d1c92a313cef,cached_perception_v2,0,0,0,,,0,0.0,0,22.97136653214693,0.7363548502326012,43.2175574824214,121.99584889578807,122.14108095872733,115.15481599778106,119.40535939291621,33.12052150678185,66.97222913716993
cracker_box_yalehand0_black10_5,605,2.217467259457704,41.20499397250625,1.82317781644684,1.260695868059757,0.06550762778652079,0.04529738949863495,0.7946843853820601,0.7946843853820601,38.987526713048545,-0.5624819483870829,BLACKOUT_WAITING,simple,four_mode_relocalization_v2,1.0,0,0,0,True,0,1,2.217467259457704,1,0,restarted_se3,0,40.07807094603777,3.1188344582915306,0,606,cache_read_only_not_online_fps,b18588ca73eff0bed9b27155081eb3c6df55568f77c0b4b80229d1c92a313cef,cached_perception_v2,0,0,0,,,0,0.0,0,20.495657809078693,1.760602928698063,44.95750833302736,121.89218184246893,122.05378052156195,115.44585863172132,119.51968024271275,41.20499397250625,66.70725573346668
cracker_box_yalehand0_black10_5,606,2.397346087767447,49.27575896182928,1.829577650081012,1.260695868059757,0.0657375767886538,0.04529738949863495,0.9274193548387096,0.7946843853820601,46.87841287406184,-0.5688817820212548,BLACKOUT_WAITING,simple,four_mode_relocalization_v2,1.0,0,0,0,True,0,1,2.397346087767447,1,0,restarted_se3,0,34.7638176754117,3.9735594764351845,0,607,cache_read_only_not_online_fps,b18588ca73eff0bed9b27155081eb3c6df55568f77c0b4b80229d1c92a313cef,cached_perception_v2,0,0,0,,,0,0.0,0,18.708585761487484,1.271713525056839,40.009090676903725,121.88970710718637,121.97288632373547,115.82784069885182,120.07812679635823,49.27575896182928,66.54815160111116
cracker_box_yalehand0_black10_5,607,2.614594971090253,57.27541510792309,1.8361179368911698,1.260695868059757,0.06597257233879267,0.04529738949863495,0.9274193548387096,0.7946843853820601,54.66082013683283,-0.5754220688314127,BLACKOUT_WAITING,simple,four_mode_relocalization_v2,1.0,0,0,0,True,0,1,2.614594971090253,1,0,restarted_se3,0,40.56273773312569,4.363176412880421,0,608,cache_read_only_not_online_fps,b18588ca73eff0bed9b27155081eb3c6df55568f77c0b4b80229d1c92a313cef,cached_perception_v2,0,0,0,,,0,0.0,0,17.146353609859943,1.0018469765782356,45.92776112258434,121.86832201274633,121.90307285036488,116.32572422892295,121.18645916023054,57.27541510792309,66.3763451944196
cracker_box_yalehand0_black10_5,608,2.632796311130837,65.91891255571822,1.8426909089483992,1.260695868059757,0.06620874228507653,0.04529738949863495,0.9274193548387096,0.7946843853820601,63.28611624458738,-0.5819950408886421,BLACKOUT_WAITING,simple,four_mode_relocalization_v2,1.0,0,0,0,True,0,1,2.632796311130837,1,0,restarted_se3,0,49.01695344597101,4.285015165805817,0,609,cache_read_only_not_online_fps,b18588ca73eff0bed9b27155081eb3c6df55568f77c0b4b80229d1c92a313cef,cached_perception_v2,0,0,0,,,0,0.0,0,12.222782708704472,1.5679020434617996,54.86987065523863,121.30867648940612,121.30577451177382,116.31449195443825,121.47653553124675,65.91891255571822,65.65380691291821
cracker_box_yalehand0_black10_5,609,2.810312699895323,74.04641000935558,1.8486104873522695,1.260695868059757,0.06642143549318588,0.04529738949863495,0.9274193548387096,0.7946843853820601,71.23609730946026,-0.5879146192925124,BLACKOUT_WAITING,simple,four_mode_relocalization_v2,1.0,0,0,0,True,0,1,2.810312699895323,1,0,restarted_se3,0,44.327505864202976,3.6641759797930717,0,610,cache_read_only_not_online_fps,b18588ca73eff0bed9b27155081eb3c6df55568f77c0b4b80229d1c92a313cef,cached_perception_v2,0,0,0,,,0,0.0,0,20.895753987133503,1.4224965125322342,49.41417835652828,121.24614186746965,121.23309178307929,116.93056433418563,121.83407183504214,74.04641000935558,65.4293898757498
cracker_box_yalehand0_black10_5,610,3.966330130096269,82.14377610774314,1.789900895752108,1.260695868059757,0.06431197253277246,0.04529738949863495,0.7946843853820601,0.7946843853820601,78.17744597764687,-0.529205027692351,BLACKOUT_RECOVERY,simple,four_mode_relocalization_v2,,0,0,0,True,0,1,3.966330130096269,0,1,restarted_se3,0,51.41751375049353,4.691645503044128,0,611,cache_read_only_not_online_fps,b18588ca73eff0bed9b27155081eb3c6df55568f77c0b4b80229d1c92a313cef,cached_perception_v2,0,0,0,,,0,0.0,1,19.447552040219307,2539.1438817605376,2595.2530410140753,121.06463809149366,121.00949950476709,121.06463809149366,121.99687251542608,82.14377610774314,65.23899862783674
cracker_box_yalehand0_black10_5,611,5.479548711924733,90.26984073164344,1.8441061932848501,1.260695868059757,0.06625959411021831,0.04529738949863495,0.9274193548387096,0.7946843853820601,84.7902920197187,-0.5834103252250931,MODE_3_RELOCALIZE,simple,four_mode_relocalization_v2,,0,0,0,False,1,1,5.479548711924733,0,0,restarted_se3,1,50.8161848410964,3.3492334187030792,0,612,cache_read_only_not_online_fps,b18588ca73eff0bed9b27155081eb3c6df55568f77c0b4b80229d1c92a313cef,cached_perception_v2,1,1,1,0.3763780338457184,,1,2513.709251768887,0,20.977118983864784,2513.709251768887,2567.8746700286865,122.40624688883494,121.56868596870014,122.40624688883494,122.03674703054301,0.3763780338457184,65.07320830056923
cracker_box_yalehand0_black10_5,612,1.393776985095002,85.03175542891178,1.6083509602949644,2.9312838832485357,0.057788798825135254,0.10532239468265342,0.7946843853820601,1.0,83.63797844381678,1.3229329229535713,MODE_3_RELOCALIZE,simple,four_mode_relocalization_v2,,0,0,0,False,1,1,1.393776985095002,0,0,restarted_se3,1,51.15295760333538,4.9747806042432785,0,613,cache_read_only_not_online_fps,b18588ca73eff0bed9b27155081eb3c6df55568f77c0b4b80229d1c92a313cef,cached_perception_v2,1,1,1,0.35511783404799685,,1,2509.778463281691,0,23.167457431554794,2509.778463281691,2565.9062014892697,124.37257355179798,123.46946232051224,124.37257355179798,122.06425936078256,0.35511783404799685,64.85738843806502
cracker_box_yalehand0_black10_5,613,1.4029799109659113,0.3172519730881412,1.591339492346651,1.0420299494117464,0.05717756886149285,0.03744062123435896,0.7946843853820601,0.1346153846153846,-1.0857279378777702,-0.5493095429349046,MODE_1_ACCEPT,simple,four_mode_relocalization_v2,0.0,0,0,0,False,0,0,0.3172519730881412,0,0,restarted_se3,0,54.27366215735674,2.7213189750909805,0,614,cache_read_only_not_online_fps,b18588ca73eff0bed9b27155081eb3c6df55568f77c0b4b80229d1c92a313cef,cached_perception_v2,0,0,0,,,0,0.0,0,23.98980688303709,1.555139198899269,58.55012033134699,126.24176937306635,124.77623735121952,125.47494860261486,122.43031329136407,1.4029799109659113,64.64175364861458
cracker_box_yalehand0_black10_5,614,2.560339351622277,2.5605333497035123,1.6867475166778183,1.6825893959642864,0.06060562359611761,0.06045622038292784,0.7946843853820601,0.7946843853820601,0.0001939980812353248,-0.004158120713531943,MODE_1_ACCEPT,simple,four_mode_relocalization_v2,0.0,0,0,0,True,0,1,2.560339351622277,0,0,restarted_se3,0,50.203219056129456,4.9940673634409904,0,615,cache_read_only_not_online_fps,b18588ca73eff0bed9b27155081eb3c6df55568f77c0b4b80229d1c92a313cef,cached_perception_v2,0,0,0,,,0,0.0,0,21.51166833937168,1.7434339970350266,56.94072041660547,127.65227363605524,126.7195756023935,126.68755836617665,123.39669218792754,2.560339351622277,64.5466079911453
cracker_box_yalehand0_black10_5,615,3.519431519366998,3.6724694234581836,1.7783876145322248,1.7966945782750365,0.06389829497814781,0.06455607270884806,0.7946843853820601,0.7946843853820601,0.15303790409118578,0.01830696374281171,MODE_1_ACCEPT,simple,four_mode_relocalization_v2,0.0,0,0,0,True,0,1,3.519431519366998,0,0,restarted_se3,0,50.1982755959034,4.949379712343216,0,616,cache_read_only_not_online_fps,b18588ca73eff0bed9b27155081eb3c6df55568f77c0b4b80229d1c92a313cef,cached_perception_v2,0,0,0,,,0,0.0,0,25.206774473190308,1.515466719865799,56.66312202811241,129.34870873580797,128.89257049467423,126.84918938573789,124.8769968165683,3.519431519366998,64.4736031695383
cracker_box_yalehand0_black10_5,616,5.344637486993516,5.090025487349654,1.857582714937413,1.8421121235054414,0.06674381180764158,0.06618794625463809,0.9274193548387096,0.9274193548387096,-0.2546119996438625,-0.015470591431971492,MODE_1_ACCEPT,simple,four_mode_relocalization_v2,0.0,0,0,0,True,0,1,5.090025487349654,0,0,restarted_se3,0,38.97461295127869,4.363749176263809,0,617,cache_read_only_not_online_fps,b18588ca73eff0bed9b27155081eb3c6df55568f77c0b4b80229d1c92a313cef,cached_perception_v2,0,0,0,,,0,0.0,0,23.065699264407158,1.2480486184358597,44.586410745978355,132.0610551761612,131.5252936552335,122.17468997918675,124.97967990026915,5.344637486993516,64.41927826822294
cracker_box_yalehand0_black10_5,617,7.136731395917718,7.583209022958319,1.8837369687636742,1.8897358545631175,0.0676835463246093,0.06789908908436579,0.9274193548387096,0.9274193548387096,0.44647762704060057,0.005998885799443299,MODE_1_ACCEPT,simple,four_mode_relocalization_v2,0.0,0,0,0,True,0,1,7.136731395917718,0,0,restarted_se3,0,65.53473137319088,5.090611055493355,0,618,cache_read_only_not_online_fps,b18588ca73eff0bed9b27155081eb3c6df55568f77c0b4b80229d1c92a313cef,cached_perception_v2,0,0,0,,,0,0.0,0,18.906084820628166,1.8188729882240295,72.44421541690826,134.35792731476124,135.00602027429184,119.36161885807999,125.40220836329621,7.136731395917718,64.44591593409416
cracker_box_yalehand0_black10_5,618,9.068487589391411,9.18360751700596,1.9196608970846576,1.9208927978148347,0.06897430979477202,0.06901857256156,0.9274193548387096,0.9274193548387096,0.1151199276145487,0.0012319007301770935,MODE_3_RELOCALIZE,simple,four_mode_relocalization_v2,,0,0,0,False,1,1,9.068487589391411,0,0,restarted_se3,1,51.356738433241844,4.284732975065708,0,619,cache_read_only_not_online_fps,b18588ca73eff0bed9b27155081eb3c6df55568f77c0b4b80229d1c92a313cef,cached_perception_v2,1,1,1,0.4172216190642854,,1,2510.0031970068812,0,21.98022324591875,2510.0031970068812,2565.644668415189,134.5796881729372,134.96719128758565,134.5796881729372,127.41314178250293,0.4172216190642854,64.51777213856816
cracker_box_yalehand0_black10_5,619,1.5528806089095253,6.951604480308927,1.6130822539490584,1.7183123695195208,0.057958796408939306,0.061739763454795975,0.7946843853820601,0.7946843853820601,5.398723871399402,0.10523011557046247,MODE_1_ACCEPT,simple,four_mode_relocalization_v2,0.0,0,0,0,True,0,1,1.5528806089095253,0,0,restarted_se3,0,51.2134674936533,2.518230117857456,0,620,cache_read_only_not_online_fps,b18588ca73eff0bed9b27155081eb3c6df55568f77c0b4b80229d1c92a313cef,cached_perception_v2,0,0,0,,,0,0.0,0,25.967194698750973,1.2672413140535355,54.99893892556429,136.26168119585444,136.23301319670074,136.26168119585444,127.1431782792674,1.5528806089095253,64.5934967493409
cracker_box_yalehand0_black10_5,620,2.7230981237731546,2.7459820691739627,1.6754686792947209,1.698119440168739,0.06020036971770186,0.06101422210172681,0.7946843853820601,0.7946843853820601,0.02288394540080807,0.022650760874018072,MODE_3_RELOCALIZE,simple,four_mode_relocalization_v2,,0,0,0,False,1,1,2.7230981237731546,0,0,restarted_se3,1,53.373885340988636,4.61333803832531,0,621,cache_read_only_not_online_fps,b18588ca73eff0bed9b27155081eb3c6df55568f77c0b4b80229d1c92a313cef,cached_perception_v2,1,1,1,0.5365137280103853,,1,2505.452432669699,0,23.463429883122444,2505.452432669699,2563.439656049013,139.4968250770879,139.2880757397179,138.31074914960328,132.44945121007908,0.5365137280103853,64.77787527253994
cracker_box_yalehand0_black10_5,621,1.5629364283938563,1.558857958460761,1.5824342861762388,1.4168338037453392,0.05685760065767251,0.050907498223071085,0.7946843853820601,0.7946843853820601,-0.004078469933095352,-0.16560048243089964,MODE_1_ACCEPT,simple,four_mode_relocalization_v2,0.0,0,0,0,True,0,1,1.558857958460761,0,0,restarted_se3,0,53.47785726189613,2.4686725810170174,0,622,cache_read_only_not_online_fps,b18588ca73eff0bed9b27155081eb3c6df55568f77c0b4b80229d1c92a313cef,cached_perception_v2,0,0,0,,,0,0.0,0,19.516131840646267,1.421729102730751,57.3682589456439,144.46431036319154,143.81822603891146,144.46431036319154,140.55656725636265,1.5629364283938563,64.95786659911063
cracker_box_yalehand0_black10_5,622,2.6726357245131096,2.6455213877960477,1.6736009954254563,1.6935310151455534,0.06013326296671631,0.06084935785434858,0.7946843853820601,0.7946843853820601,-0.02711433671706187,0.019930019720097114,MODE_3_RELOCALIZE,simple,four_mode_relocalization_v2,,0,0,0,False,1,1,2.6455213877960477,0,0,restarted_se3,1,49.06031023710966,2.6169084012508392,0,623,cache_read_only_not_online_fps,b18588ca73eff0bed9b27155081eb3c6df55568f77c0b4b80229d1c92a313cef,cached_perception_v2,1,1,1,0.4880924447707542,,1,2512.824640609324,0,22.790701128542423,2512.824640609324,2564.5018592476845,150.9297379877074,149.8122502742897,150.8617673558032,141.35299522839563,0.4880924447707542,64.99878556472771
cracker_box_yalehand0_black10_5,623,1.3927131161095594,1.543261743846067,1.5685738331025245,1.3556608438052764,0.05635958812553511,0.04870952529130125,0.7946843853820601,0.7946843853820601,0.15054862773650757,-0.2129129892972481,MODE_1_ACCEPT,simple,four_mode_relocalization_v2,0.0,0,0,0,True,0,1,1.3927131161095594,0,0,restarted_se3,0,45.609782449901104,2.605503425002098,0,624,cache_read_only_not_online_fps,b18588ca73eff0bed9b27155081eb3c6df55568f77c0b4b80229d1c92a313cef,cached_perception_v2,0,0,0,,,0,0.0,0,22.221106104552746,1.7098933458328247,49.92517922073603,150.5273031836065,150.70181339863916,147.90248347237213,140.59629577902828,1.3927131161095594,64.92952902117975
cracker_box_yalehand0_black10_5,624,2.4999174108059004,2.4891703523930024,1.668518396949297,1.6685558181288203,0.059950642837093705,0.05995198739749666,0.7946843853820601,0.7946843853820601,-0.010747058412897914,3.742117952332258e-05,MODE_3_RELOCALIZE,simple,four_mode_relocalization_v2,,0,0,0,False,1,1,2.4891703523930024,0,0,restarted_se3,1,46.79394792765379,3.575834445655346,0,625,cache_read_only_not_online_fps,b18588ca73eff0bed9b27155081eb3c6df55568f77c0b4b80229d1c92a313cef,cached_perception_v2,1,1,1,0.5276133796908885,,1,2509.3036936596036,0,21.300765685737133,2509.3036936596036,2559.6734760329127,150.7105864500356,149.99785170260705,145.31122327981106,140.69837061745287,0.5276133796908885,64.9690387920959
cracker_box_yalehand0_black10_5,625,1.520615521876121,1.3187989279891505,1.589310497541334,1.3604927285379629,0.05710466613347122,0.04888313715939269,0.7946843853820601,0.7946843853820601,-0.20181659388697049,-0.22881776900337103,MODE_3_RELOCALIZE,simple,four_mode_relocalization_v2,,0,0,0,False,1,1,1.3187989279891505,0,0,restarted_se3,1,50.664715468883514,5.1293037831783295,0,626,cache_read_only_not_online_fps,b18588ca73eff0bed9b27155081eb3c6df55568f77c0b4b80229d1c92a313cef,cached_perception_v2,1,1,1,0.49316664293865403,,1,2511.211048811674,0,23.293382488191128,2511.211048811674,2567.005068063736,152.27184104293733,151.63057527407483,144.15082129130067,142.1693066314173,0.49316664293865403,65.15846231419316
cracker_box_yalehand0_black10_5,626,1.4965265137355945,0.4379987683258647,1.5759950446324826,0.9406543653373857,0.05662623571100046,0.03379814929976366,0.7946843853820601,0.0891009055627426,-1.0585277454097297,-0.635340679295097,MODE_1_ACCEPT,simple,four_mode_relocalization_v2,0.0,0,0,0,False,0,0,0.4379987683258647,0,0,restarted_se3,0,53.88751160353422,2.2919364273548126,0,627,cache_read_only_not_online_fps,b18588ca73eff0bed9b27155081eb3c6df55568f77c0b4b80229d1c92a313cef,cached_perception_v2,0,0,0,,,0,0.0,0,22.89799600839615,1.4968384057283401,57.676286436617374,151.8390511990146,150.86023905777952,139.0496193451303,144.67591164307794,1.4965265137355945,65.02661224942571
cracker_box_yalehand0_black10_5,627,2.5233629750230357,2.6350979593942006,1.676088274381483,1.6923198118271985,0.06022263205764249,0.060805838755203755,0.7946843853820601,0.7946843853820601,0.1117349843711648,0.016231537445715594,MODE_1_ACCEPT,simple,four_mode_relocalization_v2,0.0,0,0,0,True,0,1,2.5233629750230357,0,0,restarted_se3,0,49.620477482676506,4.614753648638725,0,628,cache_read_only_not_online_fps,b18588ca73eff0bed9b27155081eb3c6df55568f77c0b4b80229d1c92a313cef,cached_perception_v2,0,0,0,,,0,0.0,0,25.815165601670742,1.349576748907566,55.5848078802228,152.15402336493122,151.3700001711634,135.97363092329354,149.14445474972044,2.5233629750230357,65.08768060143251
cracker_box_yalehand0_black10_5,628,3.323206375660273,3.3892076553199466,1.7475245184632333,1.7509679289178373,0.06278936956703934,0.0629130929078685,0.7946843853820601,0.7946843853820601,0.06600127965967362,0.0034434104546039457,MODE_1_ACCEPT,simple,four_mode_relocalization_v2,0.0,0,0,0,True,0,1,3.323206375660273,0,0,restarted_se3,0,55.68616930395365,4.7743478789925575,0,629,cache_read_only_not_online_fps,b18588ca73eff0bed9b27155081eb3c6df55568f77c0b4b80229d1c92a313cef,cached_perception_v2,0,0,0,,,0,0.0,0,22.96511922031641,1.184411346912384,61.64492852985859,153.6961803263985,153.37896558726186,136.93239642990142,153.82095602661843,3.323206375660273,65.11908555907246
cracker_box_yalehand0_black10_5,629,4.6708165359350025,4.6221471052275085,1.8075016998856364,1.7989689350655402,0.06494437761993486,0.06463779140723394,0.7946843853820601,0.7946843853820601,-0.048669430707493966,-0.008532764820096128,MODE_1_ACCEPT,simple,four_mode_relocalization_v2,0.0,0,0,0,True,0,1,4.6221471052275085,0,0,restarted_se3,0,48.51472098380327,2.1874643862247467,0,630,cache_read_only_not_online_fps,b18588ca73eff0bed9b27155081eb3c6df55568f77c0b4b80229d1c92a313cef,cached_perception_v2,0,0,0,,,0,0.0,0,21.945681422948837,1.0346975177526474,51.736882887780666,156.41803302367205,156.32467111500432,136.6827806648282,157.51804093717473,4.6708165359350025,65.18390091117804
cracker_box_yalehand0_black10_5,630,6.426776440170292,6.63597175713066,1.8329649505869288,1.8522078499258883,0.06585928407290276,0.06655069040532881,0.9274193548387096,0.9274193548387096,0.20919531696036842,0.019242899338959507,MODE_1_ACCEPT,simple,four_mode_relocalization_v2,0.0,0,0,0,True,0,1,6.426776440170292,0,0,restarted_se3,0,45.30767165124416,3.139612264931202,0,631,cache_read_only_not_online_fps,b18588ca73eff0bed9b27155081eb3c6df55568f77c0b4b80229d1c92a313cef,cached_perception_v2,0,0,0,,,0,0.0,0,20.871751941740513,1.0061468929052353,49.4534308090806,158.92752776314006,159.05541502072435,137.9236636342283,160.5100502434079,6.426776440170292,65.28518453936076
cracker_box_yalehand0_black10_5,631,8.266197536276936,8.253903809159524,1.8743541683861553,1.881683196372877,0.0673464179385676,0.06760975332640533,0.9274193548387096,0.9274193548387096,-0.01229372711741128,0.007329027986721748,MODE_1_ACCEPT,simple,four_mode_relocalization_v2,0.0,0,0,0,True,0,1,8.253903809159524,0,0,restarted_se3,0,46.71620111912489,3.803499974310398,0,632,cache_read_only_not_online_fps,b18588ca73eff0bed9b27155081eb3c6df55568f77c0b4b80229d1c92a313cef,cached_perception_v2,0,0,0,,,0,0.0,0,27.211985550820827,0.9655943140387535,51.48529540747404,158.94954988020723,159.26599913686923,143.44643764856437,159.8590827355107,8.266197536276936,65.39280939512322
cracker_box_yalehand0_black10_5,632,10.311833008909058,10.245399411173594,1.9172775117832994,1.9181783196325124,0.06888867365122925,0.06892104009665279,0.9274193548387096,0.9274193548387096,-0.06643359773546464,0.0009008078492129812,MODE_1_ACCEPT,simple,four_mode_relocalization_v2,0.0,0,0,0,True,0,1,10.245399411173594,0,0,restarted_se3,0,45.33923510462046,1.8907589837908745,0,633,cache_read_only_not_online_fps,b18588ca73eff0bed9b27155081eb3c6df55568f77c0b4b80229d1c92a313cef,cached_perception_v2,0,0,0,,,0,0.0,0,15.435769222676754,1.4451518654823303,48.67514595389366,159.80390565441976,159.94380947055845,150.76851791547264,159.86890277015,10.311833008909058,65.60830315193834
cracker_box_yalehand0_black10_5,633,12.297431279120012,12.309746574004002,1.9516259975116037,1.9410214469360583,0.07012283073553688,0.06974180429605331,0.9274193548387096,0.9274193548387096,0.012315294883990191,-0.010604550575545435,MODE_3_RELOCALIZE,simple,four_mode_relocalization_v2,,0,0,0,False,1,1,12.297431279120012,0,0,restarted_se3,1,44.92085333913565,3.4456737339496613,0,634,cache_read_only_not_online_fps,b18588ca73eff0bed9b27155081eb3c6df55568f77c0b4b80229d1c92a313cef,cached_perception_v2,1,1,1,0.5118145812575771,,1,2481.4413478598,0,20.746760070323944,2481.4413478598,2529.807874932885,161.78326010029627,161.84733353471623,148.820050774927,161.60849367192583,0.5118145812575771,65.74643382152415
cracker_box_yalehand0_black10_5,634,1.4516946246724414,9.485677964161242,1.5359162190256685,2.0104349982453296,0.05518618484690604,0.07223586551240252,0.7946843853820601,0.9274193548387096,8.0339833394888,0.474518779219661,MODE_3_RELOCALIZE,simple,four_mode_relocalization_v2,,0,0,0,False,1,1,1.4516946246724414,0,0,restarted_se3,1,49.83009863644838,2.7428558096289635,0,635,cache_read_only_not_online_fps,b18588ca73eff0bed9b27155081eb3c6df55568f77c0b4b80229d1c92a313cef,cached_perception_v2,1,1,1,0.6446842777922344,,1,2506.5824538469315,0,21.595201455056667,2506.5824538469315,2559.155408293009,164.6435652378528,164.60546178934527,145.91213514233667,164.64473923271257,0.6446842777922344,65.86851712343837
cracker_box_yalehand0_black10_5,635,1.6235775431449377,0.6239541554645878,1.5228463639032133,0.9845247948842171,0.054716578867246776,0.0353744342587313,0.7946843853820601,0.0891009055627426,-0.99962338768035,-0.5383215690189962,MODE_1_ACCEPT,simple,four_mode_relocalization_v2,0.0,0,0,0,False,0,0,0.6239541554645878,0,0,restarted_se3,0,35.11648718267679,2.2013522684574127,0,636,cache_read_only_not_online_fps,b18588ca73eff0bed9b27155081eb3c6df55568f77c0b4b80229d1c92a313cef,cached_perception_v2,0,0,0,,,0,0.0,0,19.867784343659878,1.6417289152741432,38.95956836640835,167.9713303135199,168.02796883627536,145.27095637822717,168.0120394260005,1.6235775431449377,66.25192091162482
cracker_box_yalehand0_black10_5,636,2.5506929066851605,2.598540208784141,1.656179497629408,1.6598905047777464,0.05950730043974164,0.059640638654365294,0.7946843853820601,0.7946843853820601,0.04784730209898047,0.0037110071483383855,MODE_1_ACCEPT,simple,four_mode_relocalization_v2,0.0,0,0,0,True,0,1,2.5506929066851605,0,0,restarted_se3,0,53.10218408703804,2.50853318721056,0,637,cache_read_only_not_online_fps,b18588ca73eff0bed9b27155081eb3c6df55568f77c0b4b80229d1c92a313cef,cached_perception_v2,0,0,0,,,0,0.0,0,22.703072987496853,2.783886156976223,58.39460343122482,171.06171345445577,171.0449540342329,140.47569727499655,171.06201578085657,2.5506929066851605,66.19014566969932
cracker_box_yalehand0_black10_5,637,3.4321852545234353,3.4901130791968096,1.7352016439901994,1.7425727399039592,0.06234660294989569,0.06261144985793803,0.7946843853820601,0.7946843853820601,0.05792782467337432,0.00737109591375984,MODE_1_ACCEPT,simple,four_mode_relocalization_v2,0.0,0,0,0,True,0,1,3.4321852545234353,0,0,restarted_se3,0,45.20490486174822,3.5551488399505615,0,638,cache_read_only_not_online_fps,b18588ca73eff0bed9b27155081eb3c6df55568f77c0b4b80229d1c92a313cef,cached_perception_v2,0,0,0,,,0,0.0,0,20.78523114323616,2.0936988294124603,50.85375253111124,172.16426368484105,172.97101644316083,136.73296475841403,173.13161934675952,3.4321852545234353,66.15356533384586
cracker_box_yalehand0_black10_5,638,5.369607891223076,5.428491735235105,1.7945865040180868,1.7917574380191776,0.06448032861931118,0.06437867896080379,0.7946843853820601,0.7946843853820601,0.05888384401202895,-0.002829065998909197,MODE_1_ACCEPT,simple,four_mode_relocalization_v2,0.0,0,0,0,True,0,1,5.369607891223076,0,0,restarted_se3,0,47.63785656541586,4.771563224494457,0,639,cache_read_only_not_online_fps,b18588ca73eff0bed9b27155081eb3c6df55568f77c0b4b80229d1c92a313cef,cached_perception_v2,0,0,0,,,0,0.0,0,21.81283477693796,4.098186269402504,56.50760605931282,174.00800440680968,174.64774122809922,137.481992136723,175.02322109601474,5.369607891223076,66.66358290489514
cracker_box_yalehand0_black10_5,639,6.584715650717913,6.930143631600008,1.8250613798615207,1.8396882742522094,0.0655753050969664,0.06610085622246514,0.7946843853820601,0.9274193548387096,0.3454279808820946,0.01462689439068865,MODE_1_ACCEPT,simple,four_mode_relocalization_v2,0.0,0,0,0,True,0,1,6.584715650717913,0,0,restarted_se3,0,47.61206544935703,3.8041481748223305,0,640,cache_read_only_not_online_fps,b18588ca73eff0bed9b27155081eb3c6df55568f77c0b4b80229d1c92a313cef,cached_perception_v2,0,0,0,,,0,0.0,0,21.14773914217949,2.802181988954544,54.21839561313391,173.25847052985773,174.39216043413194,173.25847052985773,174.85192663292193,6.584715650717913,66.39216608697721
cracker_box_yalehand0_black10_5,640,8.483515238713819,8.329818453095957,1.8612382741226237,1.8609200724917785,0.0668751577511344,0.06686372461838869,0.9274193548387096,0.9274193548387096,-0.15369678561786237,-0.00031820163084517183,MODE_1_ACCEPT,simple,four_mode_relocalization_v2,0.0,0,0,0,True,0,1,8.329818453095957,0,0,restarted_se3,0,48.757496289908886,4.192011430859566,0,641,cache_read_only_not_online_fps,b18588ca73eff0bed9b27155081eb3c6df55568f77c0b4b80229d1c92a313cef,cached_perception_v2,0,0,0,,,0,0.0,0,20.863245241343975,2.8662802651524544,55.815787985920906,170.85196208371892,171.83737537750085,170.85196208371892,170.94445461146046,8.483515238713819,66.5060063486116
cracker_box_yalehand0_black10_5,641,10.15068087747774,10.353355000561331,1.9104905828976348,1.9032999158285506,0.06864481613648493,0.0683864521208365,0.9274193548387096,0.9274193548387096,0.20267412308359134,-0.007190667069084222,MODE_1_ACCEPT,simple,four_mode_relocalization_v2,0.0,0,0,0,True,0,1,10.15068087747774,0,0,restarted_se3,0,45.63797637820244,4.303459078073502,0,642,cache_read_only_not_online_fps,b18588ca73eff0bed9b27155081eb3c6df55568f77c0b4b80229d1c92a313cef,cached_perception_v2,0,0,0,,,0,0.0,0,22.357306443154812,5.118842236697674,55.060277692973614,168.00510142254038,168.2702355680172,168.00510142254038,167.57480852439187,10.15068087747774,66.64399181074333
cracker_box_yalehand0_black10_5,642,11.666282482566187,11.853825988278485,1.9595314143320834,1.9374995533627632,0.07040687604252868,0.06961526102022914,0.9274193548387096,0.9274193548387096,0.1875435057122985,-0.022031860969320194,MODE_1_ACCEPT,simple,four_mode_relocalization_v2,0.0,0,0,0,True,0,1,11.666282482566187,0,0,restarted_se3,0,46.205813996493816,4.376410506665707,0,643,cache_read_only_not_online_fps,b18588ca73eff0bed9b27155081eb3c6df55568f77c0b4b80229d1c92a313cef,cached_perception_v2,0,0,0,,,0,0.0,0,20.146730355918407,2.2430680692195892,52.82529257237911,166.0942340751434,165.69628202321235,166.0942340751434,165.4320739082015,11.666282482566187,66.80184452272606
cracker_box_yalehand0_black10_5,643,13.084665617031387,13.121768425858438,2.002057985607209,1.9966633413395287,0.07193487554811563,0.07174104346792029,0.9274193548387096,0.9274193548387096,0.03710280882705064,-0.005394644267680215,MODE_1_ACCEPT,simple,four_mode_relocalization_v2,0.0,0,0,0,True,0,1,13.084665617031387,0,0,restarted_se3,0,47.50483389943838,3.6375755444169044,0,644,cache_read_only_not_online_fps,b18588ca73eff0bed9b27155081eb3c6df55568f77c0b4b80229d1c92a313cef,cached_perception_v2,0,0,0,,,0,0.0,0,20.753986202180386,1.4646342024207115,52.607043646276,163.16068818983075,163.475847480732,163.16068818983075,163.43162250901267,13.084665617031387,66.98569274924706
cracker_box_yalehand0_black10_5,644,14.008810918769301,14.438347867970041,2.0317778442154797,2.02426299591748,0.07300272390498784,0.07273271190685102,0.9274193548387096,0.9274193548387096,0.4295369492007399,-0.007514848297999865,MODE_3_RELOCALIZE,simple,four_mode_relocalization_v2,,0,0,0,False,1,1,14.008810918769301,0,0,restarted_se3,1,51.24796461313963,3.7127137184143066,0,645,cache_read_only_not_online_fps,b18588ca73eff0bed9b27155081eb3c6df55568f77c0b4b80229d1c92a313cef,cached_perception_v2,1,1,1,0.2853356623029526,,1,2489.2975632101297,0,23.59820529818535,2489.2975632101297,2544.2582415416837,159.36100131705203,160.5150281777016,159.36100131705203,160.5833263804557,0.2853356623029526,67.16911909398287
cracker_box_yalehand0_black10_5,645,1.3695092958995032,12.299842723192553,1.5140388283111208,2.1702431775167743,0.054400120012779274,0.07797784779768371,0.7946843853820601,1.0,10.93033342729305,0.6562043492056535,MODE_3_RELOCALIZE,simple,four_mode_relocalization_v2,,0,0,0,False,1,1,1.3695092958995032,0,0,restarted_se3,1,45.01613602042198,2.261766232550144,0,646,cache_read_only_not_online_fps,b18588ca73eff0bed9b27155081eb3c6df55568f77c0b4b80229d1c92a313cef,cached_perception_v2,1,1,1,0.4028509280805883,,1,2492.5809800624847,0,12.408367358148098,2492.5809800624847,2539.858882315457,156.2321604407125,157.09604836718987,156.2321604407125,157.03595869246294,0.4028509280805883,67.39608217167431
cracker_box_yalehand0_black10_5,646,1.3654186256544876,0.34460722894746687,1.553190061282383,0.8884766890235868,0.05580684204160645,0.031923381096741504,0.7946843853820601,0.0891009055627426,-1.0208113967070207,-0.6647133722587962,MODE_1_ACCEPT,simple,four_mode_relocalization_v2,0.0,0,0,0,False,0,0,0.34460722894746687,0,0,restarted_se3,0,45.92058528214693,1.5679877251386642,0,647,cache_read_only_not_online_fps,b18588ca73eff0bed9b27155081eb3c6df55568f77c0b4b80229d1c92a313cef,cached_perception_v2,0,0,0,,,0,0.0,0,19.966157153248787,0.7682144641876221,48.25678747147322,154.64637553454662,154.42517484376597,154.64637553454662,154.6491745620122,1.3654186256544876,67.56892100298757
cracker_box_yalehand0_black10_5,647,2.3993407040391026,2.458472773157039,1.648202066184998,1.642101820911551,0.0592206676137832,0.05900148296093445,0.7946843853820601,0.7946843853820601,0.059132069117936226,-0.0061002452734471024,MODE_1_ACCEPT,simple,four_mode_relocalization_v2,0.0,0,0,0,True,0,1,2.3993407040391026,0,0,restarted_se3,0,46.15433420985937,2.284867689013481,0,648,cache_read_only_not_online_fps,b18588ca73eff0bed9b27155081eb3c6df55568f77c0b4b80229d1c92a313cef,cached_perception_v2,0,0,0,,,0,0.0,0,20.497468300163746,0.9260112419724464,49.3652131408453,151.73244724354458,152.02326728503252,151.73244724354458,151.81665223832977,2.3993407040391026,67.83712510169629
cracker_box_yalehand0_black10_5,648,3.1808363736603673,3.168062468317175,1.7357459805303868,1.7188549659868115,0.062366161215218756,0.061759259198489715,0.7946843853820601,0.7946843853820601,-0.012773905343192116,-0.016891014543575222,MODE_1_ACCEPT,simple,four_mode_relocalization_v2,0.0,0,0,0,True,0,1,3.168062468317175,0,0,restarted_se3,0,47.85570036619902,2.7285385876893997,0,649,cache_read_only_not_online_fps,b18588ca73eff0bed9b27155081eb3c6df55568f77c0b4b80229d1c92a313cef,cached_perception_v2,0,0,0,,,0,0.0,0,21.634808741509914,0.7235370576381683,51.307776011526585,148.72127819339215,149.4453828216918,148.72127819339215,148.72357325330208,3.1808363736603673,68.04592477478272
cracker_box_yalehand0_black10_5,649,4.132301485055592,4.377391023522689,1.788768777121619,1.7823153425936877,0.06427129498328318,0.06403942007608171,0.7946843853820601,0.7946843853820601,0.2450895384670968,-0.006453434527931234,MODE_1_ACCEPT,simple,four_mode_relocalization_v2,0.0,0,0,0,True,0,1,4.132301485055592,0,0,restarted_se3,0,46.9767889007926,2.423354424536228,0,650,cache_read_only_not_online_fps,b18588ca73eff0bed9b27155081eb3c6df55568f77c0b4b80229d1c92a313cef,cached_perception_v2,0,0,0,,,0,0.0,0,22.591096349060535,0.8233347907662392,50.223478116095066,146.02155022034265,146.61322780086547,146.02155022034265,146.0235195432723,4.132301485055592,68.29483810827568
cracker_box_yalehand0_black10_5,650,5.435762654356164,5.572765264878418,1.816859778544782,1.8253846561793514,0.06528061774312538,0.06558692056557819,0.7946843853820601,0.7946843853820601,0.13700261052225393,0.008524877634569439,MODE_1_ACCEPT,simple,four_mode_relocalization_v2,0.0,0,0,0,True,0,1,5.435762654356164,0,0,restarted_se3,0,47.014933079481125,3.5195210948586464,0,651,cache_read_only_not_online_fps,b18588ca73eff0bed9b27155081eb3c6df55568f77c0b4b80229d1c92a313cef,cached_perception_v2,0,0,0,,,0,0.0,0,20.576794631779194,0.8069360628724098,51.34139023721218,143.83785087250754,144.3204575380452,143.83785087250754,143.83939742239616,5.435762654356164,68.6018911288753
cracker_box_yalehand0_black10_5,651,6.93932005486046,6.834245392807168,1.8679827100114057,1.8473664832335253,0.06711748847271669,0.06637673784601156,0.9274193548387096,0.9274193548387096,-0.10507466205329141,-0.020616226777880442,MODE_1_ACCEPT,simple,four_mode_relocalization_v2,0.0,0,0,0,True,0,1,6.834245392807168,0,0,restarted_se3,0,47.48102463781834,2.601676620543003,0,652,cache_read_only_not_online_fps,b18588ca73eff0bed9b27155081eb3c6df55568f77c0b4b80229d1c92a313cef,cached_perception_v2,0,0,0,,,0,0.0,0,23.683469742536545,0.8366815745830536,50.91938283294439,142.5912190028098,142.77091430003406,142.5912190028098,142.59759419794068,6.93932005486046,68.841852340191
cracker_box_yalehand0_black10_5,652,8.624860863222477,8.634073663481011,1.9116558513291513,1.9081211405357434,0.06868668477375912,0.0685596809692488,0.9274193548387096,0.9274193548387096,0.00921280025853477,-0.003534710793407836,MODE_3_RELOCALIZE,simple,four_mode_relocalization_v2,,0,0,0,False,1,1,8.624860863222477,0,0,restarted_se3,1,46.48993909358978,2.6266081258654594,0,653,cache_read_only_not_online_fps,b18588ca73eff0bed9b27155081eb3c6df55568f77c0b4b80229d1c92a313cef,cached_perception_v2,1,1,1,0.706428308026497,,1,2480.2949521690607,0,22.51233719289303,2480.2949521690607,2529.411499388516,141.4857511599426,141.68357191316952,141.4857511599426,141.48882934267647,0.706428308026497,69.40546712625382
cracker_box_yalehand0_black10_5,653,1.4412144811997245,6.722209951602885,1.602467585837201,1.7805805455313435,0.057577406441665493,0.06397708800993872,0.7946843853820601,0.7946843853820601,5.280995470403161,0.17811295969414243,MODE_3_RELOCALIZE,simple,four_mode_relocalization_v2,,0,0,0,False,1,1,1.4412144811997245,0,0,restarted_se3,1,47.61140327900648,1.7087487503886223,0,654,cache_read_only_not_online_fps,b18588ca73eff0bed9b27155081eb3c6df55568f77c0b4b80229d1c92a313cef,cached_perception_v2,1,1,1,0.521793681941857,,1,2487.666869536042,0,21.150505170226097,2487.666869536042,2536.9870215654373,141.13296860916586,140.9711675597039,141.13296860916586,141.13381861511704,0.521793681941857,69.54586105766825
cracker_box_yalehand0_black10_5,654,1.4151315613348572,0.4800459689817855,1.576949015202612,1.011622354589049,0.05666051231773821,0.03634806219510374,0.7946843853820601,0.0891009055627426,-0.9350855923530716,-0.565326660613563,MODE_1_ACCEPT,simple,four_mode_relocalization_v2,0.0,0,0,0,False,0,0,0.4800459689817855,0,0,restarted_se3,0,44.92248687893152,2.176678739488125,0,655,cache_read_only_not_online_fps,b18588ca73eff0bed9b27155081eb3c6df55568f77c0b4b80229d1c92a313cef,cached_perception_v2,0,0,0,,,0,0.0,0,23.970686830580235,1.484280452132225,48.58344607055187,141.281738129511,140.84030914259748,141.281738129511,141.28226787099442,1.4151315613348572,69.75852205073481
cracker_box_yalehand0_black10_5,655,2.40352891643607,2.464695459144892,1.695453019390081,1.6894143112847793,0.060918416361708,0.0607014427679614,0.7946843853820601,0.7946843853820601,0.06116654270882238,-0.0060387081053017155,MODE_1_ACCEPT,simple,four_mode_relocalization_v2,0.0,0,0,0,True,0,1,2.40352891643607,0,0,restarted_se3,0,48.86835440993309,3.95369715988636,0,656,cache_read_only_not_online_fps,b18588ca73eff0bed9b27155081eb3c6df55568f77c0b4b80229d1c92a313cef,cached_perception_v2,0,0,0,,,0,0.0,0,20.65768837928772,1.484595239162445,54.306646808981895,139.65950896876973,139.73622690189308,139.65950896876973,139.65809957857002,2.40352891643607,70.09083877748107
cracker_box_yalehand0_black10_5,656,3.2142857103489137,3.3018906050906405,1.7595681944266817,1.7565087214526451,0.06322210445174337,0.06311217616334597,0.7946843853820601,0.7946843853820601,0.08760489474172672,-0.0030594729740365256,MODE_1_ACCEPT,simple,four_mode_relocalization_v2,0.0,0,0,0,True,0,1,3.2142857103489137,0,0,restarted_se3,0,46.23364005237818,3.9937756955623627,0,657,cache_read_only_not_online_fps,b18588ca73eff0bed9b27155081eb3c6df55568f77c0b4b80229d1c92a313cef,cached_perception_v2,0,0,0,,,0,0.0,0,21.212448365986347,1.496397890150547,51.72381363809109,136.35743125014514,136.4391243277375,136.35743125014514,136.35596314020694,3.2142857103489137,70.51935676472819
cracker_box_yalehand0_black10_5,657,4.131473991719252,4.3754135323156484,1.8020931064024597,1.7959504603128218,0.06475004433793222,0.0645293362040166,0.7946843853820601,0.7946843853820601,0.24393954059639622,-0.006142646089637882,MODE_1_ACCEPT,simple,four_mode_relocalization_v2,0.0,0,0,0,True,0,1,4.131473991719252,0,0,restarted_se3,0,44.151606038212776,5.4238224402070045,0,658,cache_read_only_not_online_fps,b18588ca73eff0bed9b27155081eb3c6df55568f77c0b4b80229d1c92a313cef,cached_perception_v2,0,0,0,,,0,0.0,0,22.19770848751068,1.64711382240057,51.22254230082035,132.47042489448796,132.79524072876475,132.47042489448796,132.46912079407963,4.131473991719252,70.8852583563397
cracker_box_yalehand0_black10_5,658,5.363925978271481,5.439206165393219,1.8412362676953962,1.840199759506075,0.06615647634759911,0.06611923412577565,0.9274193548387096,0.9274193548387096,0.0752801871217379,-0.0010365081893211059,MODE_1_ACCEPT,simple,four_mode_relocalization_v2,0.0,0,0,0,True,0,1,5.363925978271481,0,0,restarted_se3,0,45.49840930849314,5.046417936682701,0,659,cache_read_only_not_online_fps,b18588ca73eff0bed9b27155081eb3c6df55568f77c0b4b80229d1c92a313cef,cached_perception_v2,0,0,0,,,0,0.0,0,22.19459507614374,1.0309917852282524,51.57581903040409,129.2305136491225,129.3584891437555,129.2305136491225,129.22947264700827,5.363925978271481,71.27272379943768
cracker_box_yalehand0_black10_5,659,7.010550420589355,6.720662076817891,1.876361865686273,1.866428613311642,0.06741855543731165,0.06706164905473233,0.9274193548387096,0.9274193548387096,-0.2898883437714641,-0.009933252374631163,MODE_1_ACCEPT,simple,four_mode_relocalization_v2,0.0,0,0,0,True,0,1,6.720662076817891,0,0,restarted_se3,0,39.32995907962322,4.089870490133762,0,660,cache_read_only_not_online_fps,b18588ca73eff0bed9b27155081eb3c6df55568f77c0b4b80229d1c92a313cef,cached_perception_v2,0,0,0,,,0,0.0,0,21.55259530991316,1.0438710451126099,44.463700614869595,126.76176765192528,126.51744189240284,126.76176765192528,126.76109573229377,7.010550420589355,71.60353221418595
cracker_box_yalehand0_black10_5,660,8.659268949613558,8.6004630694888,1.9452637941916102,1.9355895723907282,0.06989423380811235,0.06954663451464821,0.9274193548387096,0.9274193548387096,-0.0588058801247584,-0.009674221800882066,MODE_1_ACCEPT,simple,four_mode_relocalization_v2,0.0,0,0,0,True,0,1,8.6004630694888,0,0,restarted_se3,0,39.192973636090755,3.638104535639286,0,661,cache_read_only_not_online_fps,b18588ca73eff0bed9b27155081eb3c6df55568f77c0b4b80229d1c92a313cef,cached_perception_v2,0,0,0,,,0,0.0,0,21.306196227669716,1.0263007134199142,43.857378885149956,124.54486592477348,124.36030672903597,124.54486592477348,124.544551992651,8.659268949613558,71.89241098783484
cracker_box_yalehand0_black10_5,661,10.045986581548151,10.471820374037295,1.9903138581933357,1.9866883699639073,0.07151290358226273,0.07138263810221171,0.9274193548387096,0.9274193548387096,0.42583379248914355,-0.0036254882294284307,MODE_3_RELOCALIZE,simple,four_mode_relocalization_v2,,0,0,0,False,1,1,10.045986581548151,0,0,restarted_se3,1,38.887144066393375,3.704080358147621,0,662,cache_read_only_not_online_fps,b18588ca73eff0bed9b27155081eb3c6df55568f77c0b4b80229d1c92a313cef,cached_perception_v2,1,1,1,0.585224372282973,,1,2486.272757872939,0,22.12969772517681,2486.272757872939,2528.86398229748,123.38451178200773,123.02647701438684,123.38451178200773,123.38445179699164,0.585224372282973,72.1197246754974
cracker_box_yalehand0_black10_5,662,1.3976733931130394,8.44981534298746,1.55188558984775,1.960913712594077,0.05575997177561966,0.07045654266265743,0.7946843853820601,0.9274193548387096,7.052141949874421,0.40902812274632705,MODE_3_RELOCALIZE,simple,four_mode_relocalization_v2,,0,0,0,False,1,1,1.3976733931130394,0,0,restarted_se3,1,41.36939160525799,2.1739425137639046,0,663,cache_read_only_not_online_fps,b18588ca73eff0bed9b27155081eb3c6df55568f77c0b4b80229d1c92a313cef,cached_perception_v2,1,1,1,0.49714582862532086,,1,2494.473097845912,0,21.73196990042925,2494.473097845912,2538.016431964934,122.86530486606821,122.45721531883882,122.86530486606821,122.8654657036514,0.49714582862532086,72.35385932522921
cracker_box_yalehand0_black10_5,663,1.476941934786514,0.6472607912609768,1.5795737563896548,1.0340643217816312,0.056754820490624955,0.0371544125249438,0.7946843853820601,0.12499999999999999,-0.8296811435255372,-0.5455094346080236,MODE_1_ACCEPT,simple,four_mode_relocalization_v2,0.0,0,0,0,False,0,0,0.6472607912609768,0,0,restarted_se3,0,39.911859668791294,2.308296039700508,0,664,cache_read_only_not_online_fps,b18588ca73eff0bed9b27155081eb3c6df55568f77c0b4b80229d1c92a313cef,cached_perception_v2,0,0,0,,,0,0.0,0,23.354371078312397,1.1262083426117897,43.34636405110359,123.47112469872951,122.74354262726328,123.47112469872951,123.4714014404264,1.476941934786514,72.61123349887094
cracker_box_yalehand0_black10_5,664,2.5672908834000308,2.58934668215377,1.7329041518160984,1.7289281145700697,0.062264052986405694,0.062121192116978384,0.7946843853820601,0.7946843853820601,0.022055798753739086,-0.003976037246028685,MODE_1_ACCEPT,simple,four_mode_relocalization_v2,0.0,0,0,0,True,0,1,2.5672908834000308,0,0,restarted_se3,0,46.37777712196112,4.293781705200672,0,665,cache_read_only_not_online_fps,b18588ca73eff0bed9b27155081eb3c6df55568f77c0b4b80229d1c92a313cef,cached_perception_v2,0,0,0,,,0,0.0,0,21.314026787877083,1.3031186535954475,51.97467748075724,123.06699834586982,122.93424224189191,123.06699834586982,123.06731928822066,2.5672908834000308,72.71780558338963
cracker_box_yalehand0_black10_5,665,3.4721941895696404,3.6078626567840297,1.7690030098640968,1.7669356773434381,0.06356110176310448,0.06348682154312121,0.7946843853820601,0.7946843853820601,0.1356684672143893,-0.0020673325206586046,MODE_1_ACCEPT,simple,four_mode_relocalization_v2,0.0,0,0,0,True,0,1,3.4721941895696404,0,0,restarted_se3,0,46.214050613343716,5.048422142863274,0,666,cache_read_only_not_online_fps,b18588ca73eff0bed9b27155081eb3c6df55568f77c0b4b80229d1c92a313cef,cached_perception_v2,0,0,0,,,0,0.0,0,22.115558385849,1.160401850938797,52.422874607145786,123.52942970070708,123.41518739818358,123.52942970070708,123.52991821803985,3.4721941895696404,72.87343871502325
cracker_box_yalehand0_black10_5,666,4.80475836592041,4.857671435647576,1.8271969883116652,1.8204779562615394,0.06565203850288423,0.06541062055305247,0.7946843853820601,0.7946843853820601,0.052913069727165585,-0.006719032050125806,MODE_1_ACCEPT,simple,four_mode_relocalization_v2,0.0,0,0,0,True,0,1,4.80475836592041,0,0,restarted_se3,0,47.255474142730236,4.630831070244312,0,667,cache_read_only_not_online_fps,b18588ca73eff0bed9b27155081eb3c6df55568f77c0b4b80229d1c92a313cef,cached_perception_v2,0,0,0,,,0,0.0,0,21.04702964425087,1.3371724635362625,53.22347767651081,123.3627855866715,123.60023688677755,123.3627855866715,123.3633907867848,4.80475836592041,72.87718436837605
cracker_box_yalehand0_black10_5,667,6.6059876022743245,6.531008942155149,1.8946204453465707,1.8820640045215475,0.06807459470540034,0.06762343594048506,0.9274193548387096,0.9274193548387096,-0.07497866011917509,-0.012556440825023163,MODE_1_ACCEPT,simple,four_mode_relocalization_v2,0.0,0,0,0,True,0,1,6.531008942155149,0,0,restarted_se3,0,48.32790978252888,3.6860154941678047,0,668,cache_read_only_not_online_fps,b18588ca73eff0bed9b27155081eb3c6df55568f77c0b4b80229d1c92a313cef,cached_perception_v2,0,0,0,,,0,0.0,0,24.818163365125656,1.7225444316864014,53.73646970838308,123.83939043912306,123.8549332742676,123.83939043912306,123.82659203240055,6.6059876022743245,72.89243845477759
cracker_box_yalehand0_black10_5,668,8.455854171800793,8.548882091490432,1.940094993076681,1.9354898533019245,0.06970851637754422,0.06954305156135993,0.9274193548387096,0.9274193548387096,0.0930279196896393,-0.004605139774756628,MODE_1_ACCEPT,simple,four_mode_relocalization_v2,0.0,0,0,0,True,0,1,8.455854171800793,0,0,restarted_se3,0,39.591407403349876,3.999697044491768,0,669,cache_read_only_not_online_fps,b18588ca73eff0bed9b27155081eb3c6df55568f77c0b4b80229d1c92a313cef,cached_perception_v2,0,0,0,,,0,0.0,0,23.037192411720753,0.9009223431348801,44.492026790976524,123.50088270281177,123.79853016432116,123.50088270281177,123.65961036617448,8.455854171800793,72.88066963604874
cracker_box_yalehand0_black10_5,669,10.396233120444164,10.310783929770835,1.9800023910057676,1.9748426839550124,0.07114240776536399,0.07095701708875567,0.9274193548387096,0.9274193548387096,-0.08544919067332835,-0.005159707050755191,MODE_1_ACCEPT,simple,four_mode_relocalization_v2,0.0,0,0,0,True,0,1,10.310783929770835,0,0,restarted_se3,0,39.355989545583725,3.3390289172530174,0,670,cache_read_only_not_online_fps,b18588ca73eff0bed9b27155081eb3c6df55568f77c0b4b80229d1c92a313cef,cached_perception_v2,0,0,0,,,0,0.0,0,21.79568074643612,1.9646091386675835,44.659627601504326,123.41996652699937,123.53953176260977,123.41996652699937,123.42090568312383,10.396233120444164,72.90597290628222
cracker_box_yalehand0_black10_5,670,12.29562661614917,12.32052273331585,2.022479754265743,2.0079292088140233,0.07266863920405614,0.07214583133148136,0.9274193548387096,0.9274193548387096,0.024896117166679943,-0.014550545451719632,MODE_1_ACCEPT,simple,four_mode_relocalization_v2,0.0,0,0,0,True,0,1,12.29562661614917,0,0,restarted_se3,0,38.76667097210884,3.7375912070274353,0,671,cache_read_only_not_online_fps,b18588ca73eff0bed9b27155081eb3c6df55568f77c0b4b80229d1c92a313cef,cached_perception_v2,0,0,0,,,0,0.0,0,23.470870219171047,1.8325410783290863,44.33680325746536,123.3553038727886,123.29445280101092,123.3553038727886,123.35641605912106,12.29562661614917,72.98883718863357
cracker_box_yalehand0_black10_5,671,13.521461952927572,14.152543317748279,2.04242807213509,2.067013207559307,0.07338539155271029,0.07426874691493683,0.9274193548387096,0.9274193548387096,0.631081364820707,0.02458513542421681,MODE_1_ACCEPT,simple,four_mode_relocalization_v2,0.0,0,0,0,True,0,1,13.521461952927572,0,0,restarted_se3,0,29.790126718580723,3.103921189904213,0,672,cache_read_only_not_online_fps,b18588ca73eff0bed9b27155081eb3c6df55568f77c0b4b80229d1c92a313cef,cached_perception_v2,0,0,0,,,0,0.0,0,21.57587930560112,1.6329502686858177,34.52699817717075,123.31941701915628,123.12405870581551,123.31941701915628,123.32066922116309,13.521461952927572,73.00427061986086
cracker_box_yalehand0_black10_5,672,14.217971756751158,14.674002438423539,2.083571285074514,2.077723342167439,0.0748636863492266,0.07465356703786943,0.9274193548387096,0.9274193548387096,0.4560306816723809,-0.005847942907074799,MODE_1_ACCEPT,simple,four_mode_relocalization_v2,0.0,0,0,0,True,0,1,14.217971756751158,0,0,restarted_se3,0,47.29815758764744,3.427566960453987,0,673,cache_read_only_not_online_fps,b18588ca73eff0bed9b27155081eb3c6df55568f77c0b4b80229d1c92a313cef,cached_perception_v2,0,0,0,,,0,0.0,0,20.944845862686634,1.6515245661139488,52.377249114215374,123.17746595076756,123.05003166038438,123.17746595076756,123.17885076476604,14.217971756751158,73.07012680899305
cracker_box_yalehand0_black10_5,673,14.984238748129442,14.91340878138638,2.1016547746629084,2.1110194540495506,0.07551343454951276,0.07584991183991541,0.9274193548387096,0.9274193548387096,-0.0708299667430623,0.009364679386642205,MODE_1_ACCEPT,simple,four_mode_relocalization_v2,0.0,0,0,0,True,0,1,14.91340878138638,0,0,restarted_se3,0,46.847108751535416,3.0930060893297195,0,674,cache_read_only_not_online_fps,b18588ca73eff0bed9b27155081eb3c6df55568f77c0b4b80229d1c92a313cef,cached_perception_v2,0,0,0,,,0,0.0,0,21.01759985089302,1.710052601993084,51.65016744285822,123.01914386580279,123.02387322400905,123.01914386580279,123.02052312173224,14.984238748129442,73.16255637729543
cracker_box_yalehand0_black10_5,674,16.288601375270144,15.831802933010838,2.13151008961309,2.1414141949475396,0.07658614991581605,0.07694200903167128,0.9274193548387096,0.9274193548387096,-0.45679844225930566,0.009904105334449742,MODE_1_ACCEPT,simple,four_mode_relocalization_v2,0.0,0,0,0,True,0,1,15.831802933010838,0,0,restarted_se3,0,45.13898212462664,2.996494062244892,0,675,cache_read_only_not_online_fps,b18588ca73eff0bed9b27155081eb3c6df55568f77c0b4b80229d1c92a313cef,cached_perception_v2,0,0,0,,,0,0.0,0,20.871291868388653,1.6531581059098244,49.78863429278135,122.93343267389072,122.93187846673152,122.93343267389072,122.93484676894475,16.288601375270144,73.27479734828104
cracker_box_yalehand0_black10_5,675,17.233170228146534,17.517255367079223,2.169123381671212,2.16906389478578,0.07793761301159413,0.07793547562010446,1.0,1.0,0.2840851389326886,-5.9486885431780934e-05,MODE_1_ACCEPT,simple,four_mode_relocalization_v2,0.0,0,0,0,True,0,1,17.233170228146534,0,0,restarted_se3,0,47.04319220036268,2.944132313132286,0,676,cache_read_only_not_online_fps,b18588ca73eff0bed9b27155081eb3c6df55568f77c0b4b80229d1c92a313cef,cached_perception_v2,0,0,0,,,0,0.0,0,21.875180304050446,1.514059491455555,51.50138400495052,122.83876389923738,122.81804175279049,122.83876389923738,122.84020528564774,17.233170228146534,73.29183634784093
cracker_box_yalehand0_black10_5,676,18.635312361950014,18.224215339145495,2.1964532553450744,2.201042974852343,0.0789195880970354,0.07908449885582944,1.0,1.0,-0.411097022804519,0.004589719507268608,MODE_1_ACCEPT,simple,four_mode_relocalization_v2,0.0,0,0,0,True,0,1,18.224215339145495,0,0,restarted_se3,0,45.770793221890926,2.5417571887373924,0,677,cache_read_only_not_online_fps,b18588ca73eff0bed9b27155081eb3c6df55568f77c0b4b80229d1c92a313cef,cached_perception_v2,0,0,0,,,0,0.0,0,20.469353534281254,1.7468975856900215,50.05944799631834,122.45535481127557,122.57446913047998,122.45535481127557,122.45683121848721,18.635312361950014,73.39135106329208
cracker_box_yalehand0_black10_5,677,19.607448133402688,20.065939213662087,2.241054193024461,2.24303972895699,0.08052212055331832,0.08059346178380694,1.0,1.0,0.45849108025939955,0.0019855359325289257,MODE_1_ACCEPT,simple,four_mode_relocalization_v2,0.0,0,0,0,True,0,1,19.607448133402688,0,0,restarted_se3,0,44.87340431660414,3.207794390618801,0,678,cache_read_only_not_online_fps,b18588ca73eff0bed9b27155081eb3c6df55568f77c0b4b80229d1c92a313cef,cached_perception_v2,0,0,0,,,0,0.0,0,10.326476767659187,0.6796913221478462,48.760890029370785,122.6364165499491,122.48469354886574,122.6364165499491,122.63793679962328,19.607448133402688,73.58488337712288
cracker_box_yalehand0_black10_5,678,20.740933189609162,20.675823682980727,2.246718797980641,2.2541588014254472,0.08072565244674071,0.08099297523445576,1.0,1.0,-0.06510950662843484,0.007440003444806109,MODE_1_ACCEPT,simple,four_mode_relocalization_v2,0.0,0,0,0,True,0,1,20.675823682980727,0,0,restarted_se3,0,46.90353758633137,3.9310138672590256,0,679,cache_read_only_not_online_fps,b18588ca73eff0bed9b27155081eb3c6df55568f77c0b4b80229d1c92a313cef,cached_perception_v2,0,0,0,,,0,0.0,0,21.086806431412697,0.8861208334565163,51.72067228704691,123.08698679095245,122.80494223331166,123.08698679095245,123.08848942984534,20.740933189609162,73.69034448954031
cracker_box_yalehand0_black10_5,679,21.561170195986207,21.89873646336742,2.2799096450424923,2.2148229515121116,0.08191821503478516,0.07957961983294526,1.0,1.0,0.337566267381213,-0.06508669353038066,MODE_1_ACCEPT,simple,four_mode_relocalization_v2,0.0,0,0,0,True,0,1,21.561170195986207,0,0,restarted_se3,0,47.778052277863026,2.5969846174120903,0,680,cache_read_only_not_online_fps,b18588ca73eff0bed9b27155081eb3c6df55568f77c0b4b80229d1c92a313cef,cached_perception_v2,0,0,0,,,0,0.0,0,22.276349365711212,0.9617852047085762,51.33682209998369,123.21946468269846,123.20897780621283,123.21946468269846,123.22088594761264,21.561170195986207,73.8032027867872
cracker_box_yalehand0_black10_5,680,22.665971254147514,22.693272975464733,2.3525958821231887,2.3713147954024802,0.08452986537461032,0.08520244464395321,1.0,1.0,0.027301721317218863,0.018718913279291538,MODE_3_RELOCALIZE,simple,four_mode_relocalization_v2,,0,0,0,False,1,1,22.665971254147514,0,0,restarted_se3,1,45.629062689840794,2.8365235775709152,0,681,cache_read_only_not_online_fps,b18588ca73eff0bed9b27155081eb3c6df55568f77c0b4b80229d1c92a313cef,cached_perception_v2,1,1,1,0.6217227121731536,,1,2493.0433984845877,0,21.120497956871986,2493.0433984845877,2541.5089847519994,123.71877579964767,123.77036221773079,123.71877579964767,123.72017905856423,0.6217227121731536,73.97183727806524
cracker_box_yalehand0_black10_5,681,1.3081311534041549,23.71509385732537,1.6510050291820368,2.3273310210611626,0.05932137937928025,0.08362208715374822,0.7946843853820601,1.0,22.406962703921216,0.6763259918791258,MODE_3_RELOCALIZE,simple,four_mode_relocalization_v2,,0,0,0,False,1,1,1.3081311534041549,0,0,restarted_se3,1,49.36658684164286,1.7824871465563774,0,682,cache_read_only_not_online_fps,b18588ca73eff0bed9b27155081eb3c6df55568f77c0b4b80229d1c92a313cef,cached_perception_v2,1,1,1,0.49976457718591255,,1,2501.569834537804,0,21.39153704047203,2501.569834537804,2552.7189085260034,124.03712692599933,124.10575202732392,124.03712692599933,124.03834814991808,0.49976457718591255,73.95232769292124
cracker_box_yalehand0_black10_5,682,1.3244127397642462,0.5784312222850575,1.6618303096878582,1.0668097152793006,0.059710336747926855,0.03833096975903136,0.7946843853820601,0.24242424242424243,-0.7459815174791887,-0.5950205944085576,MODE_1_ACCEPT,simple,four_mode_relocalization_v2,0.0,0,0,0,False,0,0,0.5784312222850575,0,0,restarted_se3,0,47.688051126897335,1.614161767065525,0,683,cache_read_only_not_online_fps,b18588ca73eff0bed9b27155081eb3c6df55568f77c0b4b80229d1c92a313cef,cached_perception_v2,0,0,0,,,0,0.0,0,21.300085820257664,1.4913780614733696,50.79359095543623,123.88037803478625,124.06369064851744,123.88037803478625,123.88143602493795,1.3244127397642462,73.76446652168855
cracker_box_yalehand0_black10_5,683,2.5215582057173993,2.525992319333201,1.776301992956464,1.7599256425020924,0.06382335762389964,0.06323494772751481,0.7946843853820601,0.7946843853820601,0.004434113615801483,-0.01637635045437169,MODE_1_ACCEPT,simple,four_mode_relocalization_v2,0.0,0,0,0,True,0,1,2.5215582057173993,0,0,restarted_se3,0,48.06495364755392,3.9994586259126663,0,684,cache_read_only_not_online_fps,b18588ca73eff0bed9b27155081eb3c6df55568f77c0b4b80229d1c92a313cef,cached_perception_v2,0,0,0,,,0,0.0,0,20.802092738449574,1.4225291088223457,53.48694138228893,124.6347127485618,124.51013212234068,124.6347127485618,124.63536784933476,2.5215582057173993,74.03905223451079
cracker_box_yalehand0_black10_5,684,3.707731697903031,3.7405784015867694,1.8193839301990633,1.8224685359998247,0.06537131168726718,0.06548214300983023,0.7946843853820601,0.7946843853820601,0.03284670368373854,0.0030846058007614197,MODE_3_RELOCALIZE,simple,four_mode_relocalization_v2,,0,0,0,False,1,1,3.707731697903031,0,0,restarted_se3,1,46.85216769576073,4.2288638651371,0,685,cache_read_only_not_online_fps,b18588ca73eff0bed9b27155081eb3c6df55568f77c0b4b80229d1c92a313cef,cached_perception_v2,1,1,1,0.5399239835745112,,1,2502.584857866168,0,23.811050690710545,2502.584857866168,2553.665889427066,124.94745297016394,124.9068489422063,124.94745297016394,124.94794700629032,0.5399239835745112,74.44501255573358
cracker_box_yalehand0_black10_5,685,1.5560608305584092,2.6002482204769093,1.628864020609536,1.6652581198092025,0.05852584263278109,0.05983349956151873,0.7946843853820601,0.7946843853820601,1.0441873899185001,0.03639409919966652,MODE_3_RELOCALIZE,simple,four_mode_relocalization_v2,,0,0,0,False,1,1,1.5560608305584092,0,0,restarted_se3,1,47.674559988081455,2.760406583547592,0,686,cache_read_only_not_online_fps,b18588ca73eff0bed9b27155081eb3c6df55568f77c0b4b80229d1c92a313cef,cached_perception_v2,1,1,1,0.6158914998521886,,1,2470.1152304187417,0,15.637435019016266,2470.1152304187417,2520.5501969903708,124.50312887454942,124.50756409512975,124.50312887454942,124.50375307915232,0.6158914998521886,74.66654990913945
cracker_box_yalehand0_black10_5,686,1.3600461444696499,0.5707817695229488,1.5867377837966095,1.0702312380593773,0.057012227330810086,0.03845390666552421,0.7946843853820601,0.24242424242424243,-0.7892643749467011,-0.5165065457372322,MODE_1_ACCEPT,simple,four_mode_relocalization_v2,0.0,0,0,0,False,0,0,0.5707817695229488,0,0,restarted_se3,0,47.56920039653778,2.38826684653759,0,687,cache_read_only_not_online_fps,b18588ca73eff0bed9b27155081eb3c6df55568f77c0b4b80229d1c92a313cef,cached_perception_v2,0,0,0,,,0,0.0,0,22.9895431548357,1.5776436775922775,51.53511092066765,123.8923121048661,124.00435158613607,123.8923121048661,123.89329727675053,1.3600461444696499,74.75772779483523
cracker_box_yalehand0_black10_5,687,2.5587368671963113,2.545496399967989,1.7500009923296185,1.7576949831583384,0.06287835042606404,0.06315479909873545,0.7946843853820601,0.7946843853820601,-0.013240467228322395,0.00769399082871991,MODE_3_RELOCALIZE,simple,four_mode_relocalization_v2,,0,0,0,False,1,1,2.545496399967989,0,0,restarted_se3,1,47.71822039037943,3.8407649844884872,0,688,cache_read_only_not_online_fps,b18588ca73eff0bed9b27155081eb3c6df55568f77c0b4b80229d1c92a313cef,cached_perception_v2,1,1,1,0.5550014012212852,,1,2493.252955377102,0,23.273054510354996,2493.252955377102,2544.81194075197,123.30282806235992,123.29747960435277,123.30282806235992,123.30399443257791,0.5550014012212852,75.0199323782057
cracker_box_yalehand0_black10_5,688,1.5048380537963706,1.2994171721653176,1.5777781643882947,1.2400512135135369,0.056690304034017994,0.04455561744897787,0.7946843853820601,0.7946843853820601,-0.205420881631053,-0.3377269508747578,MODE_1_ACCEPT,simple,four_mode_relocalization_v2,0.0,0,0,0,True,0,1,1.2994171721653176,0,0,restarted_se3,0,47.16211184859276,2.1011661738157272,0,689,cache_read_only_not_online_fps,b18588ca73eff0bed9b27155081eb3c6df55568f77c0b4b80229d1c92a313cef,cached_perception_v2,0,0,0,,,0,0.0,0,22.997792810201645,1.368250697851181,50.631528720259666,122.86420164809843,122.62133807048737,122.86420164809843,122.86542290327036,1.5048380537963706,75.23048826980221
cracker_box_yalehand0_black10_5,689,2.7232539961260978,2.721412922382324,1.7892346817352403,1.7849766326834833,0.06428803515296812,0.06413504146806093,0.7946843853820601,0.7946843853820601,-0.0018410737437739577,-0.004258049051756974,MODE_1_ACCEPT,simple,four_mode_relocalization_v2,0.0,0,0,0,True,0,1,2.721412922382324,0,0,restarted_se3,0,46.58223316073418,3.263038583099842,0,690,cache_read_only_not_online_fps,b18588ca73eff0bed9b27155081eb3c6df55568f77c0b4b80229d1c92a313cef,cached_perception_v2,0,0,0,,,0,0.0,0,21.425935439765453,1.065603457391262,50.91087520122528,122.52478562122222,122.28106965851258,122.52478562122222,122.52622445750627,2.7232539961260978,75.49172933301591
cracker_box_yalehand0_black10_5,690,3.3514335632067502,3.560415496979149,1.850566694373819,1.8429394207797543,0.06649172292224795,0.06621767143088014,0.9274193548387096,0.9274193548387096,0.2089819337723986,-0.007627273594064787,MODE_3_RELOCALIZE,simple,four_mode_relocalization_v2,,0,0,0,False,1,1,3.3514335632067502,0,0,restarted_se3,1,48.58267027884722,3.2953880727291107,0,691,cache_read_only_not_online_fps,b18588ca73eff0bed9b27155081eb3c6df55568f77c0b4b80229d1c92a313cef,cached_perception_v2,1,1,1,0.4853979297972157,,1,2485.673688352108,0,21.39529585838318,2485.673688352108,2537.5517467036843,121.09568101044526,121.2871995352019,121.09568101044526,121.09724303110067,0.4853979297972157,75.39230231408438
cracker_box_yalehand0_black10_5,691,1.2759681980472952,2.6222475772011284,1.6748230185988022,1.5986627872852088,0.06017717082828851,0.05744069825824083,0.7946843853820601,0.7946843853820601,1.3462793791538332,-0.0761602313135934,MODE_3_RELOCALIZE,simple,four_mode_relocalization_v2,,0,0,0,False,1,1,1.2759681980472952,0,0,restarted_se3,1,37.33540792018175,2.0587025210261345,0,692,cache_read_only_not_online_fps,b18588ca73eff0bed9b27155081eb3c6df55568f77c0b4b80229d1c92a313cef,cached_perception_v2,1,1,1,0.3923916071460843,,1,2480.262726545334,0,20.935067906975746,2480.262726545334,2519.6568369865417,120.5408003389793,120.6143347468584,120.5408003389793,120.54253520585594,0.3923916071460843,75.61761468333745
cracker_box_yalehand0_black10_5,692,1.3578401420472213,0.4277612693081113,1.6433392625992815,1.101632369808583,0.059045944816907094,0.03958216394912332,0.7946843853820601,0.3888888888888889,-0.9300788727391099,-0.5417068927906985,MODE_3_RELOCALIZE,simple,four_mode_relocalization_v2,,0,0,0,False,1,0,0.4277612693081113,0,0,restarted_se3,1,31.31960052996874,2.3234253749251366,0,693,cache_read_only_not_online_fps,b18588ca73eff0bed9b27155081eb3c6df55568f77c0b4b80229d1c92a313cef,cached_perception_v2,1,1,1,0.43415931568945515,,1,2486.8696043267846,0,19.321435131132603,2486.8696043267846,2520.5126302316785,119.60199148901933,119.99538208996456,119.60199148901933,119.6304334095861,0.43415931568945515,76.10713531997074
cracker_box_yalehand0_black10_5,693,1.3179745609113154,0.40550796698606867,1.55143496271578,1.097017083006697,0.055743780532963395,0.03941633454552997,0.7946843853820601,0.3888888888888889,-0.9124665939252468,-0.454417879709083,MODE_3_RELOCALIZE,simple,four_mode_relocalization_v2,,0,0,0,False,1,0,0.40550796698606867,0,0,restarted_se3,1,46.586981043219566,3.8167349994182587,0,694,cache_read_only_not_online_fps,b18588ca73eff0bed9b27155081eb3c6df55568f77c0b4b80229d1c92a313cef,cached_perception_v2,1,1,1,0.4212697612325292,,1,2478.629128076136,0,22.548630833625793,2478.629128076136,2529.032844118774,118.63808686777134,118.97223632080356,118.63808686777134,118.6401526938862,0.4212697612325292,76.38652368072421
cracker_box_yalehand0_black10_5,694,1.4999058024639975,0.5032240925378404,1.5562012015378002,1.0998306945935148,0.055915033712920933,0.039517428919815585,0.7946843853820601,0.3888888888888889,-0.9966817099261571,-0.4563705069442854,MODE_3_RELOCALIZE,simple,four_mode_relocalization_v2,,0,0,0,False,1,0,0.5032240925378404,0,0,restarted_se3,1,30.65180592238903,4.125810228288174,0,695,cache_read_only_not_online_fps,b18588ca73eff0bed9b27155081eb3c6df55568f77c0b4b80229d1c92a313cef,cached_perception_v2,1,1,1,0.5092624124076364,,1,2483.4834448993206,0,20.723198540508747,2483.4834448993206,2518.261061049998,117.97908274709687,118.01171764201344,117.97908274709687,117.98121295172265,0.5092624124076364,76.81165409043174
cracker_box_yalehand0_black10_5,695,1.3510371371563519,0.42058152173190877,1.5712306545523091,1.0763451981339522,0.05645504895719822,0.03867358409756287,0.7946843853820601,0.3888888888888889,-0.9304556154244431,-0.4948854564183569,MODE_3_RELOCALIZE,simple,four_mode_relocalization_v2,,0,0,0,False,1,0,0.42058152173190877,0,0,restarted_se3,1,31.389993615448475,2.0926035940647125,0,696,cache_read_only_not_online_fps,b18588ca73eff0bed9b27155081eb3c6df55568f77c0b4b80229d1c92a313cef,cached_perception_v2,1,1,1,0.4355751511952831,,1,2479.4059693813324,0,20.527813583612442,2479.4059693813324,2512.8885665908456,117.74637063141742,117.50007029661818,117.74637063141742,117.74858158244395,0.4355751511952831,76.83309173032698
cracker_box_yalehand0_black10_5,696,1.3820119103897652,0.4646463543020597,1.5926400412769803,1.0577211203843229,0.057224298190073755,0.0380044123129546,0.7946843853820601,0.24242424242424243,-0.9173655560877055,-0.5349189208926575,MODE_1_ACCEPT,simple,four_mode_relocalization_v2,0.0,0,0,0,False,0,0,0.4646463543020597,0,0,restarted_se3,0,30.435229651629925,2.39740964025259,0,697,cache_read_only_not_online_fps,b18588ca73eff0bed9b27155081eb3c6df55568f77c0b4b80229d1c92a313cef,cached_perception_v2,0,0,0,,,0,0.0,0,18.620054237544537,0.7835403084754944,33.61617960035801,117.43048040444776,117.24801902019838,117.43048040444776,117.43274298233364,1.3820119103897652,77.06637147571097
cracker_box_yalehand0_black10_5,697,2.686525296185476,2.652726661945076,1.7815992424900737,1.7871413239061478,0.06401369026595444,0.06421281983153587,0.7946843853820601,0.7946843853820601,-0.033798634240400194,0.005542081416074041,MODE_1_ACCEPT,simple,four_mode_relocalization_v2,0.0,0,0,0,True,0,1,2.652726661945076,0,0,restarted_se3,0,29.29789200425148,2.748827449977398,0,698,cache_read_only_not_online_fps,b18588ca73eff0bed9b27155081eb3c6df55568f77c0b4b80229d1c92a313cef,cached_perception_v2,0,0,0,,,0,0.0,0,21.04895282536745,0.870751217007637,32.917470671236515,117.21772696957483,117.15432064001551,117.21772696957483,117.22002868665187,2.686525296185476,77.29737667462989
cracker_box_yalehand0_black10_5,698,3.7161267801333295,3.9933541725146218,1.8486710568362987,1.8488243096244243,0.0664236117829472,0.06642911822697653,0.9274193548387096,0.9274193548387096,0.27722739238129224,0.00015325278812561294,MODE_1_ACCEPT,simple,four_mode_relocalization_v2,0.0,0,0,0,True,0,1,3.7161267801333295,0,0,restarted_se3,0,30.35095799714327,3.2923882827162743,0,699,cache_read_only_not_online_fps,b18588ca73eff0bed9b27155081eb3c6df55568f77c0b4b80229d1c92a313cef,cached_perception_v2,0,0,0,,,0,0.0,0,20.39399743080139,0.9708600118756294,34.61420629173517,117.19691533280599,117.08179891204047,117.19691533280599,117.19922689789695,3.7161267801333295,77.40842417871325
cracker_box_yalehand0_black10_5,699,5.242621200175974,5.140473732803859,1.8881297106914874,1.9048885150280297,0.06784137958726397,0.06844353122969941,0.9274193548387096,0.9274193548387096,-0.10214746737211478,0.01675880433654231,MODE_1_ACCEPT,simple,four_mode_relocalization_v2,0.0,0,0,0,True,0,1,5.140473732803859,0,0,restarted_se3,0,29.851221479475498,3.5721510648727417,0,700,cache_read_only_not_online_fps,b18588ca73eff0bed9b27155081eb3c6df55568f77c0b4b80229d1c92a313cef,cached_perception_v2,0,0,0,,,0,0.0,0,21.974023431539536,1.1489838361740112,34.57235638052225,117.25720371755324,117.08653763168701,117.25720371755324,117.25952644983144,5.242621200175974,77.37985391054933
cracker_box_yalehand0_black10_5,700,6.931889297282987,7.131619415418516,1.947441199712113,1.9516277987322412,0.0699724690022282,0.070122895454233,0.9274193548387096,0.9274193548387096,0.19973011813552954,0.00418659902012819,MODE_1_ACCEPT,simple,four_mode_relocalization_v2,0.0,0,0,0,True,0,1,6.931889297282987,0,0,restarted_se3,0,28.759772889316082,3.6327289417386055,0,701,cache_read_only_not_online_fps,b18588ca73eff0bed9b27155081eb3c6df55568f77c0b4b80229d1c92a313cef,cached_perception_v2,0,0,0,,,0,0.0,0,21.65082097053528,1.4841742813587189,33.876676112413406,118.02464571423789,117.88186387405115,118.02464571423789,118.02692039754028,6.931889297282987,77.75373432043487
cracker_box_yalehand0_black10_5,701,8.688561271465225,8.85753304519007,1.987556574343088,1.9927530364020976,0.07141383308977735,0.07160054439094476,0.9274193548387096,0.9274193548387096,0.16897177372484506,0.005196462059009477,MODE_1_ACCEPT,simple,four_mode_relocalization_v2,0.0,0,0,0,True,0,1,8.688561271465225,0,0,restarted_se3,0,28.607227839529514,3.9546331390738487,0,702,cache_read_only_not_online_fps,b18588ca73eff0bed9b27155081eb3c6df55568f77c0b4b80229d1c92a313cef,cached_perception_v2,0,0,0,,,0,0.0,0,21.10078651458025,1.4297589659690857,33.99161994457245,118.38007753857771,118.41481833085305,118.38007753857771,118.3820552786264,8.688561271465225,77.63560021100824
cracker_box_yalehand0_black10_5,702,10.640599473322752,10.489719784850958,2.0425934415118316,2.035299430200043,0.07339133335140986,0.07312925612900567,0.9274193548387096,0.9274193548387096,-0.15087968847179312,-0.007294011311788751,MODE_1_ACCEPT,simple,four_mode_relocalization_v2,0.0,0,0,0,True,0,1,10.489719784850958,0,0,restarted_se3,0,31.469802372157574,3.6459872499108315,0,703,cache_read_only_not_online_fps,b18588ca73eff0bed9b27155081eb3c6df55568f77c0b4b80229d1c92a313cef,cached_perception_v2,0,0,0,,,0,0.0,0,23.916227743029594,1.1712610721588135,36.28705069422722,118.53797675347795,118.5596737459669,118.53797675347795,118.53915821067757,10.640599473322752,77.76709836624065
cracker_box_yalehand0_black10_5,703,12.65629157559227,12.357379769805462,2.077146989179333,2.0864110970639866,0.07463285840666631,0.07496572211617808,0.9274193548387096,0.9274193548387096,-0.2989118057868083,0.009264107884653594,MODE_1_ACCEPT,simple,four_mode_relocalization_v2,0.0,0,0,0,True,0,1,12.357379769805462,0,0,restarted_se3,0,29.36085406690836,3.6192992702126503,0,704,cache_read_only_not_online_fps,b18588ca73eff0bed9b27155081eb3c6df55568f77c0b4b80229d1c92a313cef,cached_perception_v2,0,0,0,,,0,0.0,0,21.83529082685709,0.9941132739186287,33.97426661103964,118.5789311231346,118.54163612955165,118.5789311231346,118.57985365496044,12.65629157559227,78.3858038051841
cracker_box_yalehand0_black10_5,704,15.012470138526771,14.768012300576222,2.1321293613156374,2.142206241815654,0.0766084006364113,0.07697046764440661,0.9274193548387096,0.9274193548387096,-0.24445783795054865,0.01007688050001665,MODE_1_ACCEPT,simple,four_mode_relocalization_v2,0.0,0,0,0,True,0,1,14.768012300576222,0,0,restarted_se3,0,30.22571373730898,3.911556676030159,0,705,cache_read_only_not_online_fps,b18588ca73eff0bed9b27155081eb3c6df55568f77c0b4b80229d1c92a313cef,cached_perception_v2,0,0,0,,,0,0.0,0,22.36191090196371,0.9972089901566505,35.13447940349579,118.02751783466836,118.04103400100341,118.02751783466836,118.02852763313582,15.012470138526771,78.43401241225743
cracker_box_yalehand0_black10_5,705,16.528826774100096,17.335763343256627,2.185689517032972,2.159486593232286,0.07853284196806216,0.07759135871625344,1.0,0.9274193548387096,0.8069365691565302,-0.026202923800685785,MODE_1_ACCEPT,simple,four_mode_relocalization_v2,0.0,0,0,0,True,0,1,16.528826774100096,0,0,restarted_se3,0,29.80604860931635,3.2993732020258904,0,706,cache_read_only_not_online_fps,b18588ca73eff0bed9b27155081eb3c6df55568f77c0b4b80229d1c92a313cef,cached_perception_v2,0,0,0,,,0,0.0,0,21.17832377552986,1.0271696373820305,34.13259144872427,118.01410738155163,118.0979562091637,118.01410738155163,118.01512166071369,16.528826774100096,78.92094221306738
cracker_box_yalehand0_black10_5,706,17.590247615194446,17.912073335040144,2.1857030917813582,2.1956146855270524,0.07853332971509186,0.07888945789304957,1.0,1.0,0.3218257198456982,0.00991159374569417,MODE_3_RELOCALIZE,simple,four_mode_relocalization_v2,,0,0,0,False,1,1,17.590247615194446,0,0,restarted_se3,1,28.123983182013035,3.7597771733999252,0,707,cache_read_only_not_online_fps,b18588ca73eff0bed9b27155081eb3c6df55568f77c0b4b80229d1c92a313cef,cached_perception_v2,1,1,1,0.39641837889768816,,1,2479.7143591567874,0,20.83615120500326,2479.7143591567874,2511.5981195122004,117.57881697058504,117.66293158268076,117.57881697058504,117.57990723795761,0.39641837889768816,79.04354475876663
cracker_box_yalehand0_black10_5,707,1.3258102509720542,15.090831930352156,1.5618453856365677,1.8901659976240615,0.05611783187542888,0.06791454432481303,0.7946843853820601,0.9274193548387096,13.765021679380101,0.32832061198749374,MODE_3_RELOCALIZE,simple,four_mode_relocalization_v2,,0,0,0,False,1,1,1.3258102509720542,0,0,restarted_se3,1,45.707667246460915,2.2166678681969643,0,708,cache_read_only_not_online_fps,b18588ca73eff0bed9b27155081eb3c6df55568f77c0b4b80229d1c92a313cef,cached_perception_v2,1,1,1,0.2690521839631219,,1,2476.36956628412,0,23.327678442001343,2476.36956628412,2524.293901398778,117.40240270697247,117.39420566203427,117.40240270697247,117.40358736340038,0.2690521839631219,79.00490007314495
cracker_box_yalehand0_black10_5,708,1.3087560824525042,0.5007430548444154,1.614759609872789,1.025589564518806,0.05801906458822826,0.03684991055078299,0.7946843853820601,0.12499999999999999,-0.8080130276080888,-0.589170045353983,MODE_1_ACCEPT,simple,four_mode_relocalization_v2,0.0,0,0,0,False,0,0,0.5007430548444154,0,0,restarted_se3,0,48.52298181504011,2.0541781559586525,0,709,cache_read_only_not_online_fps,b18588ca73eff0bed9b27155081eb3c6df55568f77c0b4b80229d1c92a313cef,cached_perception_v2,0,0,0,,,0,0.0,0,21.540166810154915,0.7276562973856926,51.30481626838446,117.55889171946868,117.62274995898665,117.55889171946868,117.56018564440869,1.3087560824525042,79.62616472372329
cracker_box_yalehand0_black10_5,709,2.5211643231079344,2.4783961686052924,1.7833230195006649,1.7856148351564474,0.06407562637650718,0.0641579723800511,0.7946843853820601,0.7946843853820601,-0.04276815450264193,0.0022918156557825142,MODE_1_ACCEPT,simple,four_mode_relocalization_v2,0.0,0,0,0,True,0,1,2.4783961686052924,0,0,restarted_se3,0,47.878747805953026,2.3679081350564957,0,710,cache_read_only_not_online_fps,b18588ca73eff0bed9b27155081eb3c6df55568f77c0b4b80229d1c92a313cef,cached_perception_v2,0,0,0,,,0,0.0,0,20.940608344972134,0.7657445967197418,51.01240053772926,117.46582374806411,117.57429301552307,117.46582374806411,117.46717741556098,2.5211643231079344,79.82643689452013
cracker_box_yalehand0_black10_5,710,3.595525233675293,3.672949130911079,1.8403240313249198,1.828238158580955,0.06612369927008566,0.06568944823541156,0.9274193548387096,0.9274193548387096,0.07742389723578569,-0.012085872743964776,MODE_1_ACCEPT,simple,four_mode_relocalization_v2,0.0,0,0,0,True,0,1,3.595525233675293,0,0,restarted_se3,0,45.737490989267826,2.6672352105379105,0,711,cache_read_only_not_online_fps,b18588ca73eff0bed9b27155081eb3c6df55568f77c0b4b80229d1c92a313cef,cached_perception_v2,0,0,0,,,0,0.0,0,21.8169828876853,1.0700849816203117,49.47481118142605,118.08574308316079,117.9681835948055,118.08574308316079,118.08711572558738,3.595525233675293,80.19154597326651
cracker_box_yalehand0_black10_5,711,5.050355139334769,5.229828277370917,1.8949082626954972,1.8874265693037997,0.06808493611675029,0.06781611538983329,0.9274193548387096,0.9274193548387096,0.17947313803614762,-0.007481693391697464,MODE_1_ACCEPT,simple,four_mode_relocalization_v2,0.0,0,0,0,True,0,1,5.050355139334769,0,0,restarted_se3,0,46.830443665385246,2.5522345677018166,0,712,cache_read_only_not_online_fps,b18588ca73eff0bed9b27155081eb3c6df55568f77c0b4b80229d1c92a313cef,cached_perception_v2,0,0,0,,,0,0.0,0,22.93135318905115,0.8783163502812386,50.2609945833683,118.71866790744643,118.56095544292499,118.71866790744643,118.7201136276308,5.050355139334769,80.05228842437933
cracker_box_yalehand0_black10_5,712,6.656143596013392,6.8167143165122015,1.9395005724090901,1.9327396530345418,0.06968715856620519,0.06944423558530488,0.9274193548387096,0.9274193548387096,0.16057072049880983,-0.006760919374548369,MODE_1_ACCEPT,simple,four_mode_relocalization_v2,0.0,0,0,0,True,0,1,6.656143596013392,0,0,restarted_se3,0,47.293721698224545,2.9423972591757774,0,713,cache_read_only_not_online_fps,b18588ca73eff0bed9b27155081eb3c6df55568f77c0b4b80229d1c92a313cef,cached_perception_v2,0,0,0,,,0,0.0,0,23.51266983896494,0.9419061243534088,51.17802508175373,119.06108099504318,119.10332290961266,119.06108099504318,119.06254385295681,6.656143596013392,80.4697345169347
cracker_box_yalehand0_black10_5,713,8.49957863985913,8.46086574735423,2.0012870286772197,2.001572462654251,0.07190717470667626,0.07191743048236435,0.9274193548387096,0.9274193548387096,-0.03871289250490051,0.00028543397703106876,MODE_1_ACCEPT,simple,four_mode_relocalization_v2,0.0,0,0,0,True,0,1,8.46086574735423,0,0,restarted_se3,0,46.256136149168015,2.6163579896092415,0,714,cache_read_only_not_online_fps,b18588ca73eff0bed9b27155081eb3c6df55568f77c0b4b80229d1c92a313cef,cached_perception_v2,0,0,0,,,0,0.0,0,21.634415723383427,0.9746216237545013,49.84711576253176,119.39201498780298,119.40448418141294,119.39201498780298,119.39351253002161,8.49957863985913,80.32959297024033
cracker_box_yalehand0_black10_5,714,10.706273256676315,10.36306497907345,2.0559090473827064,2.0529672506310632,0.07386976926987734,0.07376406914293865,0.9274193548387096,0.9274193548387096,-0.34320827760286576,-0.0029417967516431887,MODE_1_ACCEPT,simple,four_mode_relocalization_v2,0.0,0,0,0,True,0,1,10.36306497907345,0,0,restarted_se3,0,46.967167407274246,3.432835452258587,0,715,cache_read_only_not_online_fps,b18588ca73eff0bed9b27155081eb3c6df55568f77c0b4b80229d1c92a313cef,cached_perception_v2,0,0,0,,,0,0.0,0,22.938713431358337,0.9846417233347893,51.38464458286762,120.48532498039451,120.37343439255727,120.48532498039451,120.486830364428,10.706273256676315,80.24425123694819
cracker_box_yalehand0_black10_5,715,13.350825550966691,13.252084816936069,2.1158763915093397,2.116284093075165,0.07602442386415578,0.07603907277123502,0.9274193548387096,0.9274193548387096,-0.09874073403062233,0.0004077015658254801,MODE_1_ACCEPT,simple,four_mode_relocalization_v2,0.0,0,0,0,True,0,1,13.252084816936069,0,0,restarted_se3,0,57.068574242293835,3.5607023164629936,0,716,cache_read_only_not_online_fps,b18588ca73eff0bed9b27155081eb3c6df55568f77c0b4b80229d1c92a313cef,cached_perception_v2,0,0,0,,,0,0.0,0,20.654797554016113,0.9660730138421059,61.595349572598934,122.43397820358453,122.1696895163597,122.43397820358453,122.43556819299349,13.350825550966691,80.73756574828373
cracker_box_yalehand0_black10_5,716,15.318754751115307,15.804501409674367,2.1483500220852685,2.1577299639196736,0.07719121652993685,0.07752824220719357,0.9274193548387096,0.9274193548387096,0.4857466585590604,0.009379941834405159,MODE_3_RELOCALIZE,simple,four_mode_relocalization_v2,,0,0,0,False,1,1,15.318754751115307,0,0,restarted_se3,1,44.586433097720146,3.33299208432436,0,717,cache_read_only_not_online_fps,b18588ca73eff0bed9b27155081eb3c6df55568f77c0b4b80229d1c92a313cef,cached_perception_v2,1,1,1,0.4772923245663952,,1,2478.4688344225287,0,21.075583063066006,2478.4688344225287,2526.3882596045732,123.67837487575324,123.70608735723272,123.67837487575324,123.67988914706005,0.4772923245663952,81.1715442460642
cracker_box_yalehand0_black10_5,717,1.3385257388311498,11.85770738244291,1.5034035795993739,2.0045007888977344,0.05401799057496944,0.07202264660767321,0.7946843853820601,0.9274193548387096,10.519181643611761,0.5010972092983605,MODE_3_RELOCALIZE,simple,four_mode_relocalization_v2,,0,0,0,False,1,1,1.3385257388311498,0,0,restarted_se3,1,45.59588897973299,2.275753766298294,0,718,cache_read_only_not_online_fps,b18588ca73eff0bed9b27155081eb3c6df55568f77c0b4b80229d1c92a313cef,cached_perception_v2,1,1,1,0.45682007289515014,,1,2485.2422634139657,0,22.118556313216686,2485.2422634139657,2533.113906159997,124.80367051385035,124.84435668220529,124.80367051385035,124.80530133238945,0.45682007289515014,81.35487154438744
cracker_box_yalehand0_black10_5,718,1.392752806083273,0.4632618948429732,1.5080656304569673,1.0018626145830727,0.054185500232856926,0.03599739019271469,0.7946843853820601,0.0891009055627426,-0.9294909112402998,-0.5062030158738946,MODE_1_ACCEPT,simple,four_mode_relocalization_v2,0.0,0,0,0,False,0,0,0.4632618948429732,0,0,restarted_se3,0,47.11676947772503,2.5143837556242943,0,719,cache_read_only_not_online_fps,b18588ca73eff0bed9b27155081eb3c6df55568f77c0b4b80229d1c92a313cef,cached_perception_v2,0,0,0,,,0,0.0,0,20.89257352054119,1.3569919392466545,50.98814517259598,124.58594153153591,124.81448784901978,124.58594153153591,124.58783990346858,1.392752806083273,81.62040271899201
cracker_box_yalehand0_black10_5,719,2.553013551711742,2.5794052205151594,1.785346935511248,1.7833891643501099,0.06414834662106941,0.0640780029917437,0.7946843853820601,0.7946843853820601,0.026391668803417367,-0.0019577711611380444,MODE_1_ACCEPT,simple,four_mode_relocalization_v2,0.0,0,0,0,True,0,1,2.553013551711742,0,0,restarted_se3,0,48.43336157500744,2.887171693146229,0,720,cache_read_only_not_online_fps,b18588ca73eff0bed9b27155081eb3c6df55568f77c0b4b80229d1c92a313cef,cached_perception_v2,0,0,0,,,0,0.0,0,21.928880363702774,1.3952245935797691,52.71575786173344,123.62371534773939,123.8956364080348,123.62371534773939,123.6258878238799,2.553013551711742,81.94531290447014
cracker_box_yalehand0_black10_5,720,3.594356107032707,3.6469722715963617,1.8379661842164685,1.817373251118489,0.06603898072570419,0.06529906705176305,0.9274193548387096,0.7946843853820601,0.0526161645636547,-0.020592933097979493,MODE_1_ACCEPT,simple,four_mode_relocalization_v2,0.0,0,0,0,True,0,1,3.594356107032707,0,0,restarted_se3,0,46.613515354692936,3.967062570154667,0,721,cache_read_only_not_online_fps,b18588ca73eff0bed9b27155081eb3c6df55568f77c0b4b80229d1c92a313cef,cached_perception_v2,0,0,0,,,0,0.0,0,20.942690782248974,2.0633144304156303,52.64389235526323,122.99722374321411,122.89118138944701,122.99722374321411,122.9995732617238,3.594356107032707,82.22533584122264
cracker_box_yalehand0_black10_5,721,4.763632816826091,4.787701724161064,1.8856969198866993,1.8880812786195886,0.06775396828098057,0.06783963940037147,0.9274193548387096,0.9274193548387096,0.024068907334973133,0.0023843587328893356,MODE_1_ACCEPT,simple,four_mode_relocalization_v2,0.0,0,0,0,True,0,1,4.763632816826091,0,0,restarted_se3,0,46.32236436009407,2.894836477935314,0,722,cache_read_only_not_online_fps,b18588ca73eff0bed9b27155081eb3c6df55568f77c0b4b80229d1c92a313cef,cached_perception_v2,0,0,0,,,0,0.0,0,23.07832147926092,1.0376134887337685,50.25481432676315,122.17114942552828,122.16639259637236,122.17114942552828,122.17367278409964,4.763632816826091,82.599435782388
cracker_box_yalehand0_black10_5,722,6.342008203698031,6.345325732236192,1.9233229595875367,1.9162711034517055,0.0691058894054965,0.06885251293130792,0.9274193548387096,0.9274193548387096,0.0033175285381608077,-0.007051856135831258,MODE_1_ACCEPT,simple,four_mode_relocalization_v2,0.0,0,0,0,True,0,1,6.342008203698031,0,0,restarted_se3,0,45.6788195297122,3.1453995034098625,0,723,cache_read_only_not_online_fps,b18588ca73eff0bed9b27155081eb3c6df55568f77c0b4b80229d1c92a313cef,cached_perception_v2,0,0,0,,,0,0.0,0,20.79212572425604,0.9058741852641106,49.73009321838617,121.6238775701346,121.55104428666263,121.6238775701346,121.6265211794384,6.342008203698031,82.89183544057359
cracker_box_yalehand0_black10_5,723,7.944472109251585,8.165263070390495,1.9737769270606251,1.9632456959058444,0.07091872394734146,0.07054033190878228,0.9274193548387096,0.9274193548387096,0.22079096113890984,-0.010531231154780718,MODE_1_ACCEPT,simple,four_mode_relocalization_v2,0.0,0,0,0,True,0,1,7.944472109251585,0,0,restarted_se3,0,44.4606626406312,3.1999805942177773,0,724,cache_read_only_not_online_fps,b18588ca73eff0bed9b27155081eb3c6df55568f77c0b4b80229d1c92a313cef,cached_perception_v2,0,0,0,,,0,0.0,0,20.075947046279907,0.849471427500248,48.510114662349224,120.93986202543061,121.03442097422597,120.93986202543061,120.94264188656905,7.944472109251585,83.30129820682461
cracker_box_yalehand0_black10_5,724,9.581009206156118,9.652893901402996,2.0191989068013,2.0109700043010914,0.07255075682715013,0.07225508852907606,0.9274193548387096,0.9274193548387096,0.07188469524687768,-0.00822890250020869,MODE_3_RELOCALIZE,simple,four_mode_relocalization_v2,,0,0,0,False,1,1,9.581009206156118,0,0,restarted_se3,1,43.89060102403164,2.9094191268086433,0,725,cache_read_only_not_online_fps,b18588ca73eff0bed9b27155081eb3c6df55568f77c0b4b80229d1c92a313cef,cached_perception_v2,1,1,1,0.46131261732712986,,1,2471.325470134616,0,21.116367541253567,2471.325470134616,2518.125490285456,120.53111065298216,120.60741405859574,120.53111065298216,120.53396718253326,0.46131261732712986,83.6685063472851
cracker_box_yalehand0_black10_5,725,1.3286596600081335,7.6804578035946065,1.4472207332470455,1.912091005060776,0.05199931474772167,0.06870232004993682,0.7946843853820601,0.9274193548387096,6.351798143586473,0.46487027181373053,MODE_3_RELOCALIZE,simple,four_mode_relocalization_v2,,0,0,0,False,1,1,1.3286596600081335,0,0,restarted_se3,1,47.62683808803558,2.238241024315357,0,726,cache_read_only_not_online_fps,b18588ca73eff0bed9b27155081eb3c6df55568f77c0b4b80229d1c92a313cef,cached_perception_v2,1,1,1,0.4178673966198616,,1,2466.788563877344,0,21.77597302943468,2466.788563877344,2516.653642989695,120.2334104850593,120.2275352159695,120.2334104850593,120.23632150060483,0.4178673966198616,83.94328873399492
cracker_box_yalehand0_black10_5,726,1.2881498402023772,0.4242908672854268,1.4386399944646742,0.9562804922554029,0.05169100480822031,0.03435960331519554,0.7946843853820601,0.0891009055627426,-0.8638589729169504,-0.48235950220927126,MODE_1_ACCEPT,simple,four_mode_relocalization_v2,0.0,0,0,0,False,0,0,0.4242908672854268,0,0,restarted_se3,0,48.18672966212034,2.2195177152752876,0,727,cache_read_only_not_online_fps,b18588ca73eff0bed9b27155081eb3c6df55568f77c0b4b80229d1c92a313cef,cached_perception_v2,0,0,0,,,0,0.0,0,21.612933836877346,0.9857099503278732,51.3919573277235,120.08584834276574,120.08687844339532,120.08584834276574,120.08876629658245,1.2881498402023772,84.325042847318
cracker_box_yalehand0_black10_5,727,2.5344168899210513,2.408712823925475,1.7243088842560559,1.697133833194912,0.061955221021158254,0.06097880878427482,0.7946843853820601,0.7946843853820601,-0.12570406599557638,-0.02717505106114393,MODE_1_ACCEPT,simple,four_mode_relocalization_v2,0.0,0,0,0,True,0,1,2.408712823925475,0,0,restarted_se3,0,47.35664464533329,3.017047420144081,0,728,cache_read_only_not_online_fps,b18588ca73eff0bed9b27155081eb3c6df55568f77c0b4b80229d1c92a313cef,cached_perception_v2,0,0,0,,,0,0.0,0,20.674599334597588,0.8509187027812004,51.22461076825857,119.57854467975113,119.84536353643914,119.57854467975113,119.58145737234489,2.5344168899210513,84.68832029578651
cracker_box_yalehand0_black10_5,728,3.5791157026744362,3.739220371861108,1.8190994612092768,1.8254183363677177,0.06536109058402007,0.06558813071042713,0.7946843853820601,0.7946843853820601,0.16010466918667188,0.006318875158440873,MODE_1_ACCEPT,simple,four_mode_relocalization_v2,0.0,0,0,0,True,0,1,3.5791157026744362,0,0,restarted_se3,0,46.29822727292776,2.550153061747551,0,729,cache_read_only_not_online_fps,b18588ca73eff0bed9b27155081eb3c6df55568f77c0b4b80229d1c92a313cef,cached_perception_v2,0,0,0,,,0,0.0,0,20.946773700416088,0.9309034794569016,49.779283814132214,118.67561854286512,119.16810493923857,118.67561854286512,118.67852114481208,3.5791157026744362,84.98078026568136
cracker_box_yalehand0_black10_5,729,4.894610249492571,4.952297080041521,1.855795208374915,1.8650307968642663,0.06667958586461739,0.06701142485897779,0.9274193548387096,0.9274193548387096,0.05768683054894996,0.009235588489351354,MODE_1_ACCEPT,simple,four_mode_relocalization_v2,0.0,0,0,0,True,0,1,4.894610249492571,0,0,restarted_se3,0,43.49552188068628,3.995908424258232,0,730,cache_read_only_not_online_fps,b18588ca73eff0bed9b27155081eb3c6df55568f77c0b4b80229d1c92a313cef,cached_perception_v2,0,0,0,,,0,0.0,0,20.380793139338493,0.8971653878688812,48.3885956928134,118.53701511045016,118.54603510237534,118.53701511045016,118.4487943034743,4.894610249492571,85.33994736127904
cracker_box_yalehand0_black10_5,730,5.972098835199828,6.542677662352222,1.8995395233002235,1.906638515341986,0.06825133946651682,0.06850640955575121,0.9274193548387096,0.9274193548387096,0.5705788271523939,0.007098992041762564,MODE_1_ACCEPT,simple,four_mode_relocalization_v2,0.0,0,0,0,True,0,1,5.972098835199828,0,0,restarted_se3,0,46.48376349359751,3.4697679802775383,0,731,cache_read_only_not_online_fps,b18588ca73eff0bed9b27155081eb3c6df55568f77c0b4b80229d1c92a313cef,cached_perception_v2,0,0,0,,,0,0.0,0,20.814085379242897,1.0536201298236847,51.00715160369873,118.15706688407315,118.10158089528898,118.15706688407315,118.15979934556415,5.972098835199828,85.66773396818694
cracker_box_yalehand0_black10_5,731,7.288182588667963,7.3146365228168895,1.9658064593095803,1.9679901348138202,0.07063234133012782,0.07071080180767852,0.9274193548387096,0.9274193548387096,0.026453934148926272,0.0021836755042399236,MODE_1_ACCEPT,simple,four_mode_relocalization_v2,0.0,0,0,0,True,0,1,7.288182588667963,0,0,restarted_se3,0,44.93305925279856,3.994991071522236,0,732,cache_read_only_not_online_fps,b18588ca73eff0bed9b27155081eb3c6df55568f77c0b4b80229d1c92a313cef,cached_perception_v2,0,0,0,,,0,0.0,0,21.91957738250494,1.4298539608716965,50.35790428519249,118.54737602984918,118.17042222828005,118.54737602984918,118.54998131109755,7.288182588667963,85.98306944775094
cracker_box_yalehand0_black10_5,732,8.82029235592565,8.602767207852455,2.0098403780890473,2.0145750000159754,0.07221450053334194,0.07238461770353852,0.9274193548387096,0.9274193548387096,-0.21752514807319479,0.004734621926928195,MODE_1_ACCEPT,simple,four_mode_relocalization_v2,0.0,0,0,0,True,0,1,8.602767207852455,0,0,restarted_se3,0,46.08409572392702,4.153013229370117,0,733,cache_read_only_not_online_fps,b18588ca73eff0bed9b27155081eb3c6df55568f77c0b4b80229d1c92a313cef,cached_perception_v2,0,0,0,,,0,0.0,0,20.809030160307884,1.494373194873333,51.73148214817047,118.86705422619237,118.63408767276577,118.86705422619237,118.86953817019474,8.82029235592565,86.04183300929546
cracker_box_yalehand0_black10_5,733,10.72917357008511,10.676499311817587,2.066041443436259,2.070076176516483,0.07423383097755834,0.07437880081563611,0.9274193548387096,0.9274193548387096,-0.05267425826752259,0.004034733080223951,MODE_1_ACCEPT,simple,four_mode_relocalization_v2,0.0,0,0,0,True,0,1,10.676499311817587,0,0,restarted_se3,0,46.021933667361736,3.6708638072013855,0,734,cache_read_only_not_online_fps,b18588ca73eff0bed9b27155081eb3c6df55568f77c0b4b80229d1c92a313cef,cached_perception_v2,0,0,0,,,0,0.0,0,20.104418508708477,1.4308905228972435,51.123687997460365,119.29565646352754,119.1424215060636,119.29565646352754,119.29756694305911,10.72917357008511,86.30293643862538
cracker_box_yalehand0_black10_5,734,12.57949778629821,12.557791952190659,2.1020920601650697,2.1145854194466684,0.07552914642119835,0.07597803863688865,0.9274193548387096,0.9274193548387096,-0.02170583410755178,0.012493359281598782,MODE_1_ACCEPT,simple,four_mode_relocalization_v2,0.0,0,0,0,True,0,1,12.557791952190659,0,0,restarted_se3,0,44.48730871081352,3.96037008613348,0,735,cache_read_only_not_online_fps,b18588ca73eff0bed9b27155081eb3c6df55568f77c0b4b80229d1c92a313cef,cached_perception_v2,0,0,0,,,0,0.0,0,20.697958767414093,1.5110503882169724,49.958729185163975,119.86249573820864,119.62637240544167,119.86249573820864,119.86375580713498,12.57949778629821,86.5324900922115
cracker_box_yalehand0_black10_5,735,14.846286094084688,14.531875554055555,2.1387152787286565,2.140838393271513,0.07684503571535584,0.07692132020936787,0.9274193548387096,0.9274193548387096,-0.31441054002913305,0.00212311454285663,MODE_3_RELOCALIZE,simple,four_mode_relocalization_v2,,0,0,0,False,1,1,14.531875554055555,0,0,restarted_se3,1,46.221066266298294,4.0256427600979805,0,736,cache_read_only_not_online_fps,b18588ca73eff0bed9b27155081eb3c6df55568f77c0b4b80229d1c92a313cef,cached_perception_v2,1,1,1,0.5649380642523809,,1,2482.0837881416082,0,21.610981784760952,2482.0837881416082,2532.3304971680045,119.93676980869499,119.93866704311029,119.93676980869499,119.93746862443719,0.5649380642523809,86.71664545463233
cracker_box_yalehand0_black10_5,736,1.4936230452098207,12.314923078646771,1.4892099559428225,2.0112240649800546,0.05350800706867197,0.07226421704755767,0.7946843853820601,0.9274193548387096,10.82130003343695,0.5220141090372321,MODE_3_RELOCALIZE,simple,four_mode_relocalization_v2,,0,0,0,False,1,1,1.4936230452098207,0,0,restarted_se3,1,45.47552578151226,1.7743734642863274,0,737,cache_read_only_not_online_fps,b18588ca73eff0bed9b27155081eb3c6df55568f77c0b4b80229d1c92a313cef,cached_perception_v2,1,1,1,0.4864060320627927,,1,2480.505384504795,0,21.60615287721157,2480.505384504795,2527.7552837505937,120.07946934443316,120.10166886046932,120.07946934443316,120.07975324450722,0.4864060320627927,86.86413788501338
cracker_box_yalehand0_black10_5,737,1.4511382569592877,0.4259228815179399,1.4354244661342064,0.9484556660102647,0.05157546937820953,0.0340784536650974,0.7946843853820601,0.0891009055627426,-1.0252153754413478,-0.4869688001239417,MODE_1_ACCEPT,simple,four_mode_relocalization_v2,0.0,0,0,0,False,0,0,0.4259228815179399,0,0,restarted_se3,0,32.1256909519434,2.2750915959477425,0,738,cache_read_only_not_online_fps,b18588ca73eff0bed9b27155081eb3c6df55568f77c0b4b80229d1c92a313cef,cached_perception_v2,0,0,0,,,0,0.0,0,21.01793233305216,1.048121601343155,35.448904149234295,119.88715529505178,120.0552896822065,119.88715529505178,119.8873961343633,1.4511382569592877,87.05750080415274
cracker_box_yalehand0_black10_5,738,2.6991993643191883,2.7460202558776623,1.7541804243981642,1.7201849142754966,0.06302851936616168,0.06180704485970421,0.7946843853820601,0.7946843853820601,0.04682089155847402,-0.03399551012266766,MODE_1_ACCEPT,simple,four_mode_relocalization_v2,0.0,0,0,0,True,0,1,2.6991993643191883,0,0,restarted_se3,0,30.84198199212551,3.832925111055374,0,739,cache_read_only_not_online_fps,b18588ca73eff0bed9b27155081eb3c6df55568f77c0b4b80229d1c92a313cef,cached_perception_v2,0,0,0,,,0,0.0,0,21.70219924300909,1.011105254292488,35.68601235747337,119.73360265575454,119.91953784144212,119.73360265575454,119.7338220007395,2.6991993643191883,87.19227995848648
cracker_box_yalehand0_black10_5,739,3.949663710592392,4.011944229126179,1.8309235653249651,1.8362274355522799,0.06578593615000503,0.06597650667666713,0.9274193548387096,0.9274193548387096,0.06228051853378691,0.005303870227314711,MODE_1_ACCEPT,simple,four_mode_relocalization_v2,0.0,0,0,0,True,0,1,3.949663710592392,0,0,restarted_se3,0,30.262627638876438,3.9593903347849846,0,740,cache_read_only_not_online_fps,b18588ca73eff0bed9b27155081eb3c6df55568f77c0b4b80229d1c92a313cef,cached_perception_v2,0,0,0,,,0,0.0,0,21.939442493021488,0.9310329332947731,35.153050906956196,119.78522125416542,119.80567913501174,119.78522125416542,119.78546069262438,3.949663710592392,87.36797712393623
cracker_box_yalehand0_black10_5,740,5.54119900952748,5.6362997856389905,1.8943523851424375,1.8799412957891624,0.06806496317746141,0.06754716602743221,0.9274193548387096,0.9274193548387096,0.09510077611151058,-0.014411089353275175,MODE_1_ACCEPT,simple,four_mode_relocalization_v2,0.0,0,0,0,True,0,1,5.54119900952748,0,0,restarted_se3,0,29.825620353221893,2.7046287432312965,0,741,cache_read_only_not_online_fps,b18588ca73eff0bed9b27155081eb3c6df55568f77c0b4b80229d1c92a313cef,cached_perception_v2,0,0,0,,,0,0.0,0,21.027371287345886,1.0998239740729332,33.63007307052612,120.05296259999196,119.94836242842261,120.05296259999196,120.05323436070574,5.54119900952748,87.50478823010657
cracker_box_yalehand0_black10_5,741,7.460671047128359,7.5418732004869735,1.9441310938117224,1.9448767831570846,0.06985353535609633,0.06988032832145588,0.9274193548387096,0.9274193548387096,0.08120215335861491,0.0007456893453621216,MODE_1_ACCEPT,simple,four_mode_relocalization_v2,0.0,0,0,0,True,0,1,7.460671047128359,0,0,restarted_se3,0,29.572686180472374,2.8868215158581734,0,742,cache_read_only_not_online_fps,b18588ca73eff0bed9b27155081eb3c6df55568f77c0b4b80229d1c92a313cef,cached_perception_v2,0,0,0,,,0,0.0,0,21.329899318516254,0.818849541246891,33.27835723757744,120.3386407561364,120.40874000267809,120.3386407561364,120.33894586014597,7.460671047128359,87.80600459464068
cracker_box_yalehand0_black10_5,742,9.29615914145883,9.700037236680753,1.9988928523335794,1.9973551853714788,0.07182115083596016,0.07176590174609945,0.9274193548387096,0.9274193548387096,0.4038780952219234,-0.001537666962100559,MODE_1_ACCEPT,simple,four_mode_relocalization_v2,0.0,0,0,0,True,0,1,9.29615914145883,0,0,restarted_se3,0,27.23040245473385,3.2064467668533325,0,743,cache_read_only_not_online_fps,b18588ca73eff0bed9b27155081eb3c6df55568f77c0b4b80229d1c92a313cef,cached_perception_v2,0,0,0,,,0,0.0,0,21.891817450523376,1.035170629620552,31.472019851207733,120.7656485256065,120.88203246786975,120.7656485256065,120.76595348143336,9.29615914145883,88.0074534110061
cracker_box_yalehand0_black10_5,743,10.756799934513637,10.923342756052747,2.0443547504484036,2.054988000828032,0.07345461800153735,0.07383667563834378,0.9274193548387096,0.9274193548387096,0.16654282153911026,0.010633250379628478,MODE_1_ACCEPT,simple,four_mode_relocalization_v2,0.0,0,0,0,True,0,1,10.756799934513637,0,0,restarted_se3,0,48.6186221241951,3.1770505011081696,0,744,cache_read_only_not_online_fps,b18588ca73eff0bed9b27155081eb3c6df55568f77c0b4b80229d1c92a313cef,cached_perception_v2,0,0,0,,,0,0.0,0,21.190084517002106,0.9211860597133636,52.71685868501663,121.40406690400386,121.4492432578892,121.40406690400386,121.40436716057495,10.756799934513637,88.28749985417627
cracker_box_yalehand0_black10_5,744,12.726960465089604,12.284663144727478,2.0945576962809374,2.079686772621829,0.07525843321896564,0.07472411400823656,0.9274193548387096,0.9274193548387096,-0.4422973203621261,-0.01487092365910847,MODE_1_ACCEPT,simple,four_mode_relocalization_v2,0.0,0,0,0,True,0,1,12.284663144727478,0,0,restarted_se3,0,46.21502198278904,3.5613691434264183,0,745,cache_read_only_not_online_fps,b18588ca73eff0bed9b27155081eb3c6df55568f77c0b4b80229d1c92a313cef,cached_perception_v2,0,0,0,,,0,0.0,0,21.206749603152275,0.9824689477682114,50.75886007398367,122.2520914361369,122.21832361701492,122.2520914361369,122.25242941622152,12.726960465089604,88.63721877482783
cracker_box_yalehand0_black10_5,745,14.221339862471366,14.698925411057603,2.1486061786577424,2.1413862985556213,0.07720042035484811,0.07694100670132156,0.9274193548387096,0.9274193548387096,0.47758554858623725,-0.007219880102121046,MODE_1_ACCEPT,simple,four_mode_relocalization_v2,0.0,0,0,0,True,0,1,14.221339862471366,0,0,restarted_se3,0,45.44027801603079,4.141787998378277,0,746,cache_read_only_not_online_fps,b18588ca73eff0bed9b27155081eb3c6df55568f77c0b4b80229d1c92a313cef,cached_perception_v2,0,0,0,,,0,0.0,0,21.559113636612892,1.1213282123208046,50.70339422672987,122.76477006686974,122.89923414545989,122.76477006686974,122.76510836144006,14.221339862471366,88.95945125519337
cracker_box_yalehand0_black10_5,746,15.437204170088659,15.710719471544346,2.197915356631242,2.205743347041148,0.07897212207697771,0.07925338541698912,1.0,1.0,0.2735153014556868,0.007827990409905894,MODE_1_ACCEPT,simple,four_mode_relocalization_v2,0.0,0,0,0,True,0,1,15.437204170088659,0,0,restarted_se3,0,45.80526798963547,4.473187029361725,0,747,cache_read_only_not_online_fps,b18588ca73eff0bed9b27155081eb3c6df55568f77c0b4b80229d1c92a313cef,cached_perception_v2,0,0,0,,,0,0.0,0,20.664974115788937,1.1033155024051666,51.38177052140236,124.1987091734431,123.91240248211588,124.1987091734431,124.19903879101628,15.437204170088659,89.34021558172121
cracker_box_yalehand0_black10_5,747,16.849396117449597,16.654476350744606,2.2293273934998297,2.2207170474058824,0.08010077118659345,0.0797913974426025,1.0,1.0,-0.19491976670499156,-0.008610346093947285,MODE_1_ACCEPT,simple,four_mode_relocalization_v2,0.0,0,0,0,True,0,1,16.654476350744606,0,0,restarted_se3,0,46.52814660221338,3.944425843656063,0,748,cache_read_only_not_online_fps,b18588ca73eff0bed9b27155081eb3c6df55568f77c0b4b80229d1c92a313cef,cached_perception_v2,0,0,0,,,0,0.0,0,21.267026662826538,1.4353375881910324,51.90791003406048,125.56916752472551,125.32449254958561,125.56916752472551,125.57306889554576,16.849396117449597,89.55399477227229
cracker_box_yalehand0_black10_5,748,17.493891760808744,18.337945369603524,2.250372167428609,2.27616605605166,0.08085691971195488,0.08178370613939115,1.0,1.0,0.8440536087947805,0.02579388862305132,MODE_1_ACCEPT,simple,four_mode_relocalization_v2,0.0,0,0,0,True,0,1,17.493891760808744,0,0,restarted_se3,0,48.174128867685795,3.9241742342710495,0,749,cache_read_only_not_online_fps,b18588ca73eff0bed9b27155081eb3c6df55568f77c0b4b80229d1c92a313cef,cached_perception_v2,0,0,0,,,0,0.0,0,20.743691362440586,1.4926102012395859,53.59091330319643,127.18875003503535,127.05099055689246,127.18875003503535,127.15386374891173,17.493891760808744,89.85951005787193
cracker_box_yalehand0_black10_5,749,18.267718725376074,18.366732431189988,2.294405024860242,2.298425284265298,0.0824390407804472,0.08258349057263747,1.0,1.0,0.09901370581391333,0.004020259405055793,MODE_3_RELOCALIZE,simple,four_mode_relocalization_v2,,0,0,0,False,1,1,18.267718725376074,0,0,restarted_se3,1,46.90755344927311,3.630015067756176,0,750,cache_read_only_not_online_fps,b18588ca73eff0bed9b27155081eb3c6df55568f77c0b4b80229d1c92a313cef,cached_perception_v2,1,1,1,0.6888148079383273,,1,2482.8874142840505,0,20.77108807861805,2482.8874142840505,2533.4249828010798,128.4564708449389,128.41981995697373,128.4564708449389,128.45725470458638,0.6888148079383273,89.99546996781899
cracker_box_yalehand0_black10_5,750,1.4463253951607682,17.762323800344674,1.4441639839128502,1.9745820134641363,0.051889484320971846,0.0709476510766546,0.7946843853820601,0.9274193548387096,16.315998405183905,0.5304180295512861,MODE_3_RELOCALIZE,simple,four_mode_relocalization_v2,,0,0,0,False,1,1,1.4463253951607682,0,0,restarted_se3,1,45.676822774112225,2.2966675460338593,0,751,cache_read_only_not_online_fps,b18588ca73eff0bed9b27155081eb3c6df55568f77c0b4b80229d1c92a313cef,cached_perception_v2,1,1,1,0.6150784846523482,,1,2476.423299871385,0,20.71477472782135,2476.423299871385,2524.396790191531,127.62626669902937,127.80949724232724,127.62626669902937,127.62763277230229,0.6150784846523482,90.23615091561716
cracker_box_yalehand0_black10_5,751,1.4365735133065949,0.588378949413483,1.4464763520404704,0.9150487411180825,0.05197256878439779,0.032878127300006874,0.7946843853820601,0.0891009055627426,-0.8481945638931119,-0.5314276109223879,MODE_1_ACCEPT,simple,four_mode_relocalization_v2,0.0,0,0,0,False,0,0,0.588378949413483,0,0,restarted_se3,0,47.45226912200451,2.3691318929195404,0,752,cache_read_only_not_online_fps,b18588ca73eff0bed9b27155081eb3c6df55568f77c0b4b80229d1c92a313cef,cached_perception_v2,0,0,0,,,0,0.0,0,15.251245349645615,0.9142793715000153,50.735680386424065,126.75451599272213,126.83122156022353,126.75451599272213,126.7561917918365,1.4365735133065949,90.4147052482649
cracker_box_yalehand0_black10_5,752,2.7103061843745175,2.7626570645447615,1.7441193015074963,1.6886185867598387,0.06266701853640674,0.06067285201530404,0.7946843853820601,0.7946843853820601,0.05235088017024392,-0.05550071474765761,MODE_1_ACCEPT,simple,four_mode_relocalization_v2,0.0,0,0,0,True,0,1,2.7103061843745175,0,0,restarted_se3,0,46.60641402006149,4.174784757196903,0,753,cache_read_only_not_online_fps,b18588ca73eff0bed9b27155081eb3c6df55568f77c0b4b80229d1c92a313cef,cached_perception_v2,0,0,0,,,0,0.0,0,20.8275206387043,0.9430395439267159,51.72423832118511,126.34781209703144,126.21938434991972,126.34781209703144,126.34963458676147,2.7103061843745175,90.64144247645801
cracker_box_yalehand0_black10_5,753,3.6847708581347756,3.9518893192779903,1.85094020462282,1.835582979526346,0.06650514331939478,0.06595335107160721,0.9274193548387096,0.9274193548387096,0.2671184611432147,-0.01535722509647397,MODE_1_ACCEPT,simple,four_mode_relocalization_v2,0.0,0,0,0,True,0,1,3.6847708581347756,0,0,restarted_se3,0,44.641862623393536,3.4524016082286835,0,754,cache_read_only_not_online_fps,b18588ca73eff0bed9b27155081eb3c6df55568f77c0b4b80229d1c92a313cef,cached_perception_v2,0,0,0,,,0,0.0,0,21.41621708869934,0.8845245465636253,48.978788778185844,125.7518565757469,125.72258136305766,125.7518565757469,125.79860204395288,3.6847708581347756,90.85221892495855
cracker_box_yalehand0_black10_5,754,5.006999989935497,4.988423101962897,1.8937586278174965,1.8955102908493389,0.06804362920033265,0.06810656726861222,0.9274193548387096,0.9274193548387096,-0.01857688797259982,0.0017516630318423765,MODE_1_ACCEPT,simple,four_mode_relocalization_v2,0.0,0,0,0,True,0,1,4.988423101962897,0,0,restarted_se3,0,44.285401701927185,3.5104770213365555,0,755,cache_read_only_not_online_fps,b18588ca73eff0bed9b27155081eb3c6df55568f77c0b4b80229d1c92a313cef,cached_perception_v2,0,0,0,,,0,0.0,0,20.134381018579006,0.7485486567020416,48.54442737996578,125.21985381861751,125.30263041676129,125.21985381861751,125.22221026667077,5.006999989935497,91.10258089546994
cracker_box_yalehand0_black10_5,755,6.675436525146855,6.632108478713182,1.9338598694417377,1.9515427861240602,0.06948448548236975,0.07011984091164059,0.9274193548387096,0.9274193548387096,-0.043328046433673606,0.01768291668232247,MODE_1_ACCEPT,simple,four_mode_relocalization_v2,0.0,0,0,0,True,0,1,6.632108478713182,0,0,restarted_se3,0,44.819473288953304,3.372025676071644,0,756,cache_read_only_not_online_fps,b18588ca73eff0bed9b27155081eb3c6df55568f77c0b4b80229d1c92a313cef,cached_perception_v2,0,0,0,,,0,0.0,0,21.880965679883957,1.4325650408864021,49.62406400591135,124.9759980365307,125.10890321377121,124.9759980365307,124.97846072833126,6.675436525146855,91.40964793556961
cracker_box_yalehand0_black10_5,756,7.823132627543428,8.617894318631151,1.9841324795310644,1.9760316007447292,0.07129080376897914,0.07099973542255028,0.9274193548387096,0.9274193548387096,0.7947616910877233,-0.008100878786335253,MODE_1_ACCEPT,simple,four_mode_relocalization_v2,0.0,0,0,0,True,0,1,7.823132627543428,0,0,restarted_se3,0,47.30435460805893,3.552825190126896,0,757,cache_read_only_not_online_fps,b18588ca73eff0bed9b27155081eb3c6df55568f77c0b4b80229d1c92a313cef,cached_perception_v2,0,0,0,,,0,0.0,0,9.828639216721058,1.0982481762766838,51.95542797446251,125.16981462889325,125.0763276292262,125.16981462889325,125.17240115788016,7.823132627543428,91.71238559551452
cracker_box_yalehand0_black10_5,757,9.028673657649957,8.921473293644395,2.047608090133428,2.049039606908838,0.07357151201112169,0.07362294707535283,0.9274193548387096,0.9274193548387096,-0.10720036400556232,0.001431516775409758,MODE_1_ACCEPT,simple,four_mode_relocalization_v2,0.0,0,0,0,True,0,1,8.921473293644395,0,0,restarted_se3,0,45.37165630608797,3.654124215245247,0,758,cache_read_only_not_online_fps,b18588ca73eff0bed9b27155081eb3c6df55568f77c0b4b80229d1c92a313cef,cached_perception_v2,0,0,0,,,0,0.0,0,9.65548399835825,1.2100329622626305,50.23581348359585,125.36979948099676,125.29389882642195,125.36979948099676,125.37242758595795,9.028673657649957,92.1336454632951
cracker_box_yalehand0_black10_5,758,10.781044509341472,10.256723876681518,2.0834707912229806,2.0911596183600363,0.07486007555835272,0.0751363386971785,0.9274193548387096,0.9274193548387096,-0.5243206326599541,0.007688827137055654,MODE_1_ACCEPT,simple,four_mode_relocalization_v2,0.0,0,0,0,True,0,1,10.256723876681518,0,0,restarted_se3,0,43.554539792239666,3.9514144882559776,0,759,cache_read_only_not_online_fps,b18588ca73eff0bed9b27155081eb3c6df55568f77c0b4b80229d1c92a313cef,cached_perception_v2,0,0,0,,,0,0.0,0,9.541171602904797,1.2075407430529594,48.7134950235486,126.08774775792928,125.92046694382428,126.08774775792928,126.09033194074657,10.781044509341472,92.583217828828
cracker_box_yalehand0_black10_5,759,12.267608464013223,12.615324987636429,2.121709311565414,2.105272986296141,0.07623400339748211,0.0756434385780746,0.9274193548387096,0.9274193548387096,0.3477165236232054,-0.016436325269272967,MODE_3_RELOCALIZE,simple,four_mode_relocalization_v2,,0,0,0,False,1,1,12.267608464013223,0,0,restarted_se3,1,44.61199697107077,3.9313631132245064,0,760,cache_read_only_not_online_fps,b18588ca73eff0bed9b27155081eb3c6df55568f77c0b4b80229d1c92a313cef,cached_perception_v2,1,1,1,0.579469345592273,,1,2483.849332667887,0,9.524581953883171,2483.849332667887,2532.3926927521825,126.64967642760558,126.64043165648542,126.64967642760558,126.65220394749801,0.579469345592273,93.02062709527314
cracker_box_yalehand0_black10_5,760,1.4439832838949314,11.154364526522135,1.503723904858465,1.9771629716764938,0.05402950001066675,0.07104038610687627,0.7946843853820601,0.9274193548387096,9.710381242627204,0.47343906681802883,MODE_3_RELOCALIZE,simple,four_mode_relocalization_v2,,0,0,0,False,1,1,1.4439832838949314,0,0,restarted_se3,1,40.625120513141155,2.1675899624824524,0,761,cache_read_only_not_online_fps,b18588ca73eff0bed9b27155081eb3c6df55568f77c0b4b80229d1c92a313cef,cached_perception_v2,1,1,1,0.5613033840218573,,1,2474.603034555912,0,10.617302730679512,2474.603034555912,2517.3957450315356,127.28216762863767,127.3550982298505,127.28216762863767,127.28463662786864,0.5613033840218573,93.35828112667231
cracker_box_yalehand0_black10_5,761,1.4331099858870462,0.51273317386233,1.437429444533188,0.8571035812604866,0.05164750918556989,0.03079613072801067,0.7946843853820601,0.0891009055627426,-0.9203768120247162,-0.5803258632727015,MODE_1_ACCEPT,simple,four_mode_relocalization_v2,0.0,0,0,0,False,0,0,0.51273317386233,0,0,restarted_se3,0,39.91736099123955,2.2646011784672737,0,762,cache_read_only_not_online_fps,b18588ca73eff0bed9b27155081eb3c6df55568f77c0b4b80229d1c92a313cef,cached_perception_v2,0,0,0,,,0,0.0,0,10.25787740945816,1.5104180201888084,43.69238018989563,128.32556363947953,128.26528715576805,128.32556363947953,128.32795504698896,1.4331099858870462,93.67401463464603
cracker_box_yalehand0_black10_5,762,2.572103712735065,2.694414735196186,1.7524042806111069,1.6717219178350893,0.06296470169294939,0.06006574683402682,0.7946843853820601,0.7946843853820601,0.1223110224611208,-0.08068236277601759,MODE_1_ACCEPT,simple,four_mode_relocalization_v2,0.0,0,0,0,True,0,1,2.572103712735065,0,0,restarted_se3,0,45.79599108546972,4.017927683889866,0,763,cache_read_only_not_online_fps,b18588ca73eff0bed9b27155081eb3c6df55568f77c0b4b80229d1c92a313cef,cached_perception_v2,0,0,0,,,0,0.0,0,9.968424215912819,1.4668386429548264,51.280757412314415,129.1058579112664,129.13414319135558,129.1058579112664,129.1078549683968,2.572103712735065,93.86697440560393
cracker_box_yalehand0_black10_5,763,3.665550059741112,3.667722718856615,1.8114827729035934,1.808922746201802,0.06508741942699214,0.06499543647569048,0.7946843853820601,0.7946843853820601,0.0021726591155029062,-0.0025600267017913403,MODE_1_ACCEPT,simple,four_mode_relocalization_v2,0.0,0,0,0,True,0,1,3.665550059741112,0,0,restarted_se3,0,46.337311156094074,3.7404661998152733,0,764,cache_read_only_not_online_fps,b18588ca73eff0bed9b27155081eb3c6df55568f77c0b4b80229d1c92a313cef,cached_perception_v2,0,0,0,,,0,0.0,0,10.15620119869709,1.2481668964028358,51.32594425231218,129.79155807080988,129.75491247087737,129.79155807080988,129.79286762461916,3.665550059741112,94.00755115125257
cracker_box_yalehand0_black10_5,764,4.770884617274836,5.0374963026985435,1.8587317066628997,1.8630893768767234,0.06678509561528996,0.06694166873493218,0.9274193548387096,0.9274193548387096,0.2666116854237073,0.004357670213823717,MODE_1_ACCEPT,simple,four_mode_relocalization_v2,0.0,0,0,0,True,0,1,4.770884617274836,0,0,restarted_se3,0,44.95505057275295,4.920262843370438,0,765,cache_read_only_not_online_fps,b18588ca73eff0bed9b27155081eb3c6df55568f77c0b4b80229d1c92a313cef,cached_perception_v2,0,0,0,,,0,0.0,0,11.24525722116232,1.4779064804315567,51.35321989655495,130.17752386849608,130.20237902860202,130.17752386849608,130.17851134492582,4.770884617274836,94.26164597461066
cracker_box_yalehand0_black10_5,765,6.157982683492561,6.157126472350225,1.898550556556432,1.9002245637678992,0.06821580543096575,0.06827595328946398,0.9274193548387096,0.9274193548387096,-0.0008562111423362495,0.0016740072114671545,MODE_1_ACCEPT,simple,four_mode_relocalization_v2,0.0,0,0,0,True,0,1,6.157126472350225,0,0,restarted_se3,0,46.53456900268793,4.019401036202908,0,766,cache_read_only_not_online_fps,b18588ca73eff0bed9b27155081eb3c6df55568f77c0b4b80229d1c92a313cef,cached_perception_v2,0,0,0,,,0,0.0,0,10.280268266797066,2.020087093114853,52.57405713200569,130.29227170466874,130.3190958074574,130.29227170466874,130.29327214035695,6.157982683492561,94.25290917845804
cracker_box_yalehand0_black10_5,766,7.433166135969387,7.613458349511913,1.930963928025354,1.945646866996283,0.06938043295897643,0.06990799779233664,0.9274193548387096,0.9274193548387096,0.18029221354252645,0.014682938970928872,MODE_1_ACCEPT,simple,four_mode_relocalization_v2,0.0,0,0,0,True,0,1,7.433166135969387,0,0,restarted_se3,0,43.77464484423399,4.248367622494698,0,767,cache_read_only_not_online_fps,b18588ca73eff0bed9b27155081eb3c6df55568f77c0b4b80229d1c92a313cef,cached_perception_v2,0,0,0,,,0,0.0,0,9.719837456941605,1.2542949989438057,49.27730746567249,130.40906480522733,130.47653171246202,130.40906480522733,130.41016220954458,7.433166135969387,94.2474408380447
cracker_box_yalehand0_black10_5,767,8.906146565929737,8.873243744197426,1.979746262880274,1.9774613432399397,0.07113320496256596,0.07105110673606777,0.9274193548387096,0.9274193548387096,-0.03290282173231063,-0.002284919640334282,MODE_1_ACCEPT,simple,four_mode_relocalization_v2,0.0,0,0,0,True,0,1,8.873243744197426,0,0,restarted_se3,0,46.30094859749079,4.028544761240482,0,768,cache_read_only_not_online_fps,b18588ca73eff0bed9b27155081eb3c6df55568f77c0b4b80229d1c92a313cef,cached_perception_v2,0,0,0,,,0,0.0,0,10.07863413542509,2.132822759449482,52.46231611818075,130.8689720899406,130.88816159132725,130.8689720899406,130.87016873201247,8.906146565929737,94.30064229951307
cracker_box_yalehand0_black10_5,768,10.464834159402745,10.462701406264607,2.011083076225565,2.0283216666846173,0.07225915125596682,0.07287854183716458,0.9274193548387096,0.9274193548387096,-0.0021327531381380993,0.017238590459052183,MODE_1_ACCEPT,simple,four_mode_relocalization_v2,0.0,0,0,0,True,0,1,10.462701406264607,0,0,restarted_se3,0,44.749485328793526,4.346740432083607,0,769,cache_read_only_not_online_fps,b18588ca73eff0bed9b27155081eb3c6df55568f77c0b4b80229d1c92a313cef,cached_perception_v2,0,0,0,,,0,0.0,0,9.468935430049896,2.173454500734806,51.26968026161194,131.21570154049942,131.37858099207523,131.21570154049942,131.2169695084729,10.464834159402745,94.27140130860253
cracker_box_yalehand0_black10_5,769,11.811845140609272,12.026709206418287,2.0422805192748075,2.0435786204244817,0.07338008990974215,0.07342673128842447,0.9274193548387096,0.9274193548387096,0.21486406580901551,0.0012981011496742134,MODE_1_ACCEPT,simple,four_mode_relocalization_v2,0.0,0,0,0,True,0,1,11.811845140609272,0,0,restarted_se3,0,43.813714757561684,4.069856368005276,0,770,cache_read_only_not_online_fps,b18588ca73eff0bed9b27155081eb3c6df55568f77c0b4b80229d1c92a313cef,cached_perception_v2,0,0,0,,,0,0.0,0,9.860685095191002,3.4278491511940956,51.311420276761055,131.61038898260063,131.81709710766293,131.61038898260063,131.61170744809078,11.811845140609272,94.11625260076082
cracker_box_yalehand0_black10_5,770,13.26356909212697,13.170677970485464,2.0866750895165658,2.0945645767647356,0.07497520748790978,0.07525868043795195,0.9274193548387096,0.9274193548387096,-0.09289112164150559,0.007889487248169846,MODE_1_ACCEPT,simple,four_mode_relocalization_v2,0.0,0,0,0,True,0,1,13.170677970485464,0,0,restarted_se3,0,43.75035781413317,4.498106427490711,0,771,cache_read_only_not_online_fps,b18588ca73eff0bed9b27155081eb3c6df55568f77c0b4b80229d1c92a313cef,cached_perception_v2,0,0,0,,,0,0.0,0,10.02566423267126,1.6774320974946022,49.92589633911848,132.52439737999325,132.66604124044238,132.52439737999325,132.525725022265,13.26356909212697,94.32328195150001
cracker_box_yalehand0_black10_5,771,14.822866273795594,14.778073283398053,2.1089658132913107,2.1019474850560225,0.07577612357133051,0.07552395177021848,0.9274193548387096,0.9274193548387096,-0.04479299039754103,-0.0070183282352882514,MODE_1_ACCEPT,simple,four_mode_relocalization_v2,0.0,0,0,0,True,0,1,14.778073283398053,0,0,restarted_se3,0,45.543198473751545,4.271055571734905,0,772,cache_read_only_not_online_fps,b18588ca73eff0bed9b27155081eb3c6df55568f77c0b4b80229d1c92a313cef,cached_perception_v2,0,0,0,,,0,0.0,0,9.586791507899761,2.286224626004696,52.100478671491146,133.03179159130264,133.30760954239182,133.03179159130264,133.033183930987,14.822866273795594,94.46876749664544
cracker_box_yalehand0_black10_5,772,16.305584266408722,16.5456785589971,2.110234071512028,2.1386854017642722,0.07582169267968103,0.07684396222211529,0.9274193548387096,0.9274193548387096,0.24009429258837756,0.028451330252244222,MODE_1_ACCEPT,simple,four_mode_relocalization_v2,0.0,0,0,0,True,0,1,16.305584266408722,0,0,restarted_se3,0,43.2522427290678,3.6190329119563103,0,773,cache_read_only_not_online_fps,b18588ca73eff0bed9b27155081eb3c6df55568f77c0b4b80229d1c92a313cef,cached_perception_v2,0,0,0,,,0,0.0,0,10.091118514537811,1.7001200467348099,48.57139568775892,134.01673793656678,133.97286882139602,134.01673793656678,134.0181539151396,16.305584266408722,94.49453790326614
cracker_box_yalehand0_black10_5,773,17.971813994687974,17.83468035472192,2.133342579375781,2.1336763027730337,0.07665199212616663,0.07666398296320603,0.9274193548387096,0.9274193548387096,-0.1371336399660521,0.0003337233972526832,MODE_1_ACCEPT,simple,four_mode_relocalization_v2,0.0,0,0,0,True,0,1,17.83468035472192,0,0,restarted_se3,0,45.17223313450813,3.95955890417099,0,774,cache_read_only_not_online_fps,b18588ca73eff0bed9b27155081eb3c6df55568f77c0b4b80229d1c92a313cef,cached_perception_v2,0,0,0,,,0,0.0,0,9.98526532202959,3.017839975655079,52.1496320143342,134.984821125646,134.8729535705131,134.984821125646,134.9862793991183,17.971813994687974,94.54964191788734
cracker_box_yalehand0_black10_5,774,19.976247376399126,19.605065100690076,2.14640086816613,2.1205676784379577,0.07712118252212821,0.07619298398768701,0.9274193548387096,0.9274193548387096,-0.3711822757090495,-0.02583318972817228,MODE_1_ACCEPT,simple,four_mode_relocalization_v2,0.0,0,0,0,True,0,1,19.605065100690076,0,0,restarted_se3,0,45.54892424494028,4.306338727474213,0,775,cache_read_only_not_online_fps,b18588ca73eff0bed9b27155081eb3c6df55568f77c0b4b80229d1c92a313cef,cached_perception_v2,0,0,0,,,0,0.0,0,21.988180465996265,2.92002409696579,52.77528706938028,136.20239516438033,136.03261462849957,136.20239516438033,136.20393635542808,19.976247376399126,94.47123309981474
cracker_box_yalehand0_black10_5,775,21.777859831907552,22.015437273455497,2.1668990648982893,2.1528702377189637,0.07785769227433774,0.07735362998219353,1.0,0.9274193548387096,0.2375774415479448,-0.014028827179325631,MODE_3_RELOCALIZE,simple,four_mode_relocalization_v2,,0,0,0,False,1,1,21.777859831907552,0,0,restarted_se3,1,43.24168246239424,5.086932331323624,0,776,cache_read_only_not_online_fps,b18588ca73eff0bed9b27155081eb3c6df55568f77c0b4b80229d1c92a313cef,cached_perception_v2,1,1,1,0.5315109271384112,,1,2489.142115227878,0,20.48421837389469,2489.142115227878,2537.470730021596,137.3264556272099,137.3171082790125,137.3264556272099,137.32791566895148,0.5315109271384112,94.42906133116455
cracker_box_yalehand0_black10_5,776,1.4038792807504876,19.967438522714698,1.462784065498193,1.2791237074688715,0.05255851252153675,0.04595951034830318,0.7946843853820601,0.7946843853820601,18.56355924196421,-0.18366035802932146,MODE_1_ACCEPT,simple,four_mode_relocalization_v2,0.0,0,0,0,True,0,1,1.4038792807504876,0,0,restarted_se3,0,45.43320182710886,2.2433390840888023,0,777,cache_read_only_not_online_fps,b18588ca73eff0bed9b27155081eb3c6df55568f77c0b4b80229d1c92a313cef,cached_perception_v2,0,0,0,,,0,0.0,0,23.131560534238815,0.8242353796958923,48.500776290893555,138.82687891251732,138.82937472317815,138.82687891251732,138.8284013742984,1.4038792807504876,94.49288003767509
cracker_box_yalehand0_black10_5,777,2.661276485094895,2.6620095752054995,1.696377852887756,1.6835562508296704,0.06095164605986672,0.0604909599283928,0.7946843853820601,0.7946843853820601,0.0007330901106046284,-0.01282160205808558,MODE_3_RELOCALIZE,simple,four_mode_relocalization_v2,,0,0,0,False,1,1,2.661276485094895,0,0,restarted_se3,1,44.440167024731636,3.9113853126764297,0,778,cache_read_only_not_online_fps,b18588ca73eff0bed9b27155081eb3c6df55568f77c0b4b80229d1c92a313cef,cached_perception_v2,1,1,1,0.4814330748457481,,1,2493.5572892427444,0,20.243373699486256,2493.5572892427444,2541.9088415801525,140.1112494933899,140.22125216593633,140.1112494933899,140.11274837785484,0.4814330748457481,94.34858578949546
cracker_box_yalehand0_black10_5,778,1.5389921182845925,1.4582866225225348,1.4427553056900106,1.0082142323211536,0.051838869856567826,0.03622560677525262,0.7946843853820601,0.0891009055627426,-0.08070549576205766,-0.43454107336885706,MODE_1_ACCEPT,simple,four_mode_relocalization_v2,0.0,0,0,0,False,0,1,1.4582866225225348,0,0,restarted_se3,0,47.58437816053629,3.506501205265522,0,779,cache_read_only_not_online_fps,b18588ca73eff0bed9b27155081eb3c6df55568f77c0b4b80229d1c92a313cef,cached_perception_v2,0,0,0,,,0,0.0,0,22.956243716180325,1.7342539504170418,52.82513331621885,142.05914017026862,141.8768898569241,142.05914017026862,142.0607863521612,1.5389921182845925,94.20159860081631
cracker_box_yalehand0_black10_5,779,2.677270180064052,2.77759292140295,1.7160908392825058,1.6588099131463014,0.06165994283907211,0.0596018124939418,0.7946843853820601,0.7946843853820601,0.10032274133889807,-0.05728092613620439,MODE_3_RELOCALIZE,simple,four_mode_relocalization_v2,,0,0,0,False,1,1,2.677270180064052,0,0,restarted_se3,1,46.58594727516174,4.020979627966881,0,780,cache_read_only_not_online_fps,b18588ca73eff0bed9b27155081eb3c6df55568f77c0b4b80229d1c92a313cef,cached_perception_v2,1,1,1,0.44059835787491575,,1,2488.050824031234,0,20.90101595968008,2488.050824031234,2538.6577509343624,142.19006583814365,142.12817631722,142.19006583814365,142.19848106964713,0.44059835787491575,94.07218474546394
cracker_box_yalehand0_black10_5,780,1.442448434576525,1.566823196318042,1.44755623780556,1.1581649228450288,0.05201136958271449,0.04161340490034911,0.7946843853820601,0.7946843853820601,0.12437476174151696,-0.28939131496053117,MODE_1_ACCEPT,simple,four_mode_relocalization_v2,0.0,0,0,0,True,0,1,1.442448434576525,0,0,restarted_se3,0,48.94100967794657,3.1853755936026573,0,781,cache_read_only_not_online_fps,b18588ca73eff0bed9b27155081eb3c6df55568f77c0b4b80229d1c92a313cef,cached_perception_v2,0,0,0,,,0,0.0,0,21.134077571332455,1.0306648910045624,53.15705016255379,141.86022366248307,141.80045453066356,141.86022366248307,141.86232884576947,1.442448434576525,93.9314743256439
cracker_box_yalehand0_black10_5,781,2.575738251148511,2.705406115137647,1.6942192042940944,1.6596174345039068,0.0608740848108652,0.05963082711228921,0.7946843853820601,0.7946843853820601,0.12966786398913577,-0.0346017697901877,MODE_3_RELOCALIZE,simple,four_mode_relocalization_v2,,0,0,0,False,1,1,2.575738251148511,0,0,restarted_se3,1,49.61307533085346,4.105036146938801,0,782,cache_read_only_not_online_fps,b18588ca73eff0bed9b27155081eb3c6df55568f77c0b4b80229d1c92a313cef,cached_perception_v2,1,1,1,0.43710695220169826,,1,2487.2646182775497,0,20.916062407195568,2487.2646182775497,2540.982729755342,141.3839000651962,141.41418380444472,141.3839000651962,141.3862291418557,0.43710695220169826,93.87993794807213
cracker_box_yalehand0_black10_5,782,1.4636689478627192,1.4808743472612618,1.5042698461884987,1.1200995944347636,0.05404911593683616,0.04024569992797784,0.7946843853820601,0.6060606060606061,0.017205399398542598,-0.3841702517537351,MODE_1_ACCEPT,simple,four_mode_relocalization_v2,0.0,0,0,0,True,0,1,1.4636689478627192,0,0,restarted_se3,0,48.21060877293348,2.170402556657791,0,783,cache_read_only_not_online_fps,b18588ca73eff0bed9b27155081eb3c6df55568f77c0b4b80229d1c92a313cef,cached_perception_v2,0,0,0,,,0,0.0,0,21.68228290975094,0.8581057190895081,51.23911704868078,140.48603061128307,140.77956053547146,140.48603061128307,140.48856409392636,1.4636689478627192,93.78376899230896
cracker_box_yalehand0_black10_5,783,2.6904069300704805,2.801111383931748,1.7154792150819622,1.7332154746715815,0.06163796689678442,0.06227523896155,0.7946843853820601,0.7946843853820601,0.11070445386126737,0.01773625958961933,MODE_3_RELOCALIZE,simple,four_mode_relocalization_v2,,0,0,0,False,1,1,2.6904069300704805,0,0,restarted_se3,1,45.16374692320824,3.0670538544654846,0,784,cache_read_only_not_online_fps,b18588ca73eff0bed9b27155081eb3c6df55568f77c0b4b80229d1c92a313cef,cached_perception_v2,1,1,1,0.4087572330681936,,1,2477.3302040994167,0,20.74917685240507,2477.3302040994167,2525.5610048770905,140.05738965352634,140.15361218456488,140.05738965352634,140.0601486620516,0.4087572330681936,93.66061739035813
cracker_box_yalehand0_black10_5,784,1.4631955422425882,1.5638951631826774,1.4671618403900433,1.1390016260217397,0.052715808011620874,0.04092485872337271,0.7946843853820601,0.7272727272727273,0.10069962094008922,-0.32816021436830356,MODE_1_ACCEPT,simple,four_mode_relocalization_v2,0.0,0,0,0,True,0,1,1.4631955422425882,0,0,restarted_se3,0,45.4414626583457,1.6947779804468155,0,785,cache_read_only_not_online_fps,b18588ca73eff0bed9b27155081eb3c6df55568f77c0b4b80229d1c92a313cef,cached_perception_v2,0,0,0,,,0,0.0,0,22.254634648561478,0.7694559171795845,47.9056965559721,139.76194296577452,139.7811323974268,139.76194296577452,139.76486176954154,1.4631955422425882,93.69220982278155
cracker_box_yalehand0_black10_5,785,2.5683751552041687,2.727304762486325,1.7023083529967216,1.6770583309042963,0.061164731689925096,0.06025748664014954,0.7946843853820601,0.7946843853820601,0.15892960728215622,-0.025250022092425217,MODE_3_RELOCALIZE,simple,four_mode_relocalization_v2,,0,0,0,False,1,1,2.5683751552041687,0,0,restarted_se3,1,45.02546135336161,3.356979228556156,0,786,cache_read_only_not_online_fps,b18588ca73eff0bed9b27155081eb3c6df55568f77c0b4b80229d1c92a313cef,cached_perception_v2,1,1,1,0.46533018518320945,,1,2488.5087590664625,0,22.983011789619923,2488.5087590664625,2536.8911996483803,139.08024349194588,139.34235556040153,139.08024349194588,139.12156784305452,0.46533018518320945,93.74521851239726
cracker_box_yalehand0_black10_5,786,1.415657654633198,1.639840064318134,1.4778576044284848,1.1222568455415345,0.05310011179329378,0.04032321096462473,0.7946843853820601,0.6060606060606061,0.22418240968493586,-0.3556007588869503,MODE_1_ACCEPT,simple,four_mode_relocalization_v2,0.0,0,0,0,True,0,1,1.415657654633198,0,0,restarted_se3,0,48.584713600575924,2.1408433094620705,0,787,cache_read_only_not_online_fps,b18588ca73eff0bed9b27155081eb3c6df55568f77c0b4b80229d1c92a313cef,cached_perception_v2,0,0,0,,,0,0.0,0,19.198555499315262,0.8011516183614731,51.52670852839947,138.74248651028336,138.96511703432654,138.74248651028336,138.7454638268517,1.415657654633198,93.85943708533951
cracker_box_yalehand0_black10_5,787,2.593294333046598,2.6805808381711764,1.7596826813978108,1.7097169345465302,0.06322621802191929,0.06143092547432336,0.7946843853820601,0.7946843853820601,0.08728650512457836,-0.049965746851280635,MODE_3_RELOCALIZE,simple,four_mode_relocalization_v2,,0,0,0,False,1,1,2.593294333046598,0,0,restarted_se3,1,48.56809228658676,2.818385139107704,0,788,cache_read_only_not_online_fps,b18588ca73eff0bed9b27155081eb3c6df55568f77c0b4b80229d1c92a313cef,cached_perception_v2,1,1,1,0.4561712236346057,,1,2485.030229203403,0,23.56894686818123,2485.030229203403,2536.4167066290975,138.81853348919086,138.7524672116923,138.81853348919086,138.82149084510365,0.4561712236346057,94.00103570752111
cracker_box_yalehand0_black10_5,788,1.3373344231832756,1.5884986339880618,1.4142919683457538,1.0680644001771735,0.05081616889372725,0.03837605117157257,0.7946843853820601,0.24242424242424243,0.25116421080478624,-0.34622756816858025,MODE_1_ACCEPT,simple,four_mode_relocalization_v2,0.0,0,0,0,False,0,1,1.3373344231832756,0,0,restarted_se3,0,46.59494198858738,2.093617804348469,0,789,cache_read_only_not_online_fps,b18588ca73eff0bed9b27155081eb3c6df55568f77c0b4b80229d1c92a313cef,cached_perception_v2,0,0,0,,,0,0.0,0,21.691839210689068,0.818643718957901,49.50720351189375,139.06150292419355,138.86044374915772,139.06150292419355,139.0644177667465,1.3373344231832756,94.14183184324492
cracker_box_yalehand0_black10_5,789,2.487336913642455,2.530014033972213,1.7411936717031695,1.7536597171304689,0.0625618992954122,0.06300981011160064,0.7946843853820601,0.7946843853820601,0.04267712032975801,0.012466045427299344,MODE_3_RELOCALIZE,simple,four_mode_relocalization_v2,,0,0,0,False,1,1,2.487336913642455,0,0,restarted_se3,1,45.44887691736221,3.1169122084975243,0,790,cache_read_only_not_online_fps,b18588ca73eff0bed9b27155081eb3c6df55568f77c0b4b80229d1c92a313cef,cached_perception_v2,1,1,1,0.40890374009652275,,1,2482.079572044313,0,20.64924594014883,2482.079572044313,2530.6453611701727,139.36742512105513,139.24774387382115,139.36742512105513,139.37027417691874,0.40890374009652275,94.38356273406822
cracker_box_yalehand0_black10_5,790,1.418066486383627,1.427072999874376,1.4136777374088039,1.0435445243013908,0.05079409929018683,0.03749504061530503,0.7946843853820601,0.1346153846153846,0.009006513490749102,-0.3701332131074131,MODE_1_ACCEPT,simple,four_mode_relocalization_v2,0.0,0,0,0,False,0,1,1.418066486383627,0,0,restarted_se3,0,46.52325250208378,2.28743813931942,0,791,cache_read_only_not_online_fps,b18588ca73eff0bed9b27155081eb3c6df55568f77c0b4b80229d1c92a313cef,cached_perception_v2,0,0,0,,,0,0.0,0,20.973848178982735,0.8920198306441307,49.70271047204733,139.665789398963,139.712228749898,139.665789398963,139.6685579168314,1.418066486383627,94.52051628636849
cracker_box_yalehand0_black10_5,791,2.5216274921721893,2.6907288324415557,1.6928830074998804,1.655752705860722,0.060826074637937856,0.05949196561278553,0.7946843853820601,0.7946843853820601,0.1691013402693664,-0.037130301639158425,MODE_3_RELOCALIZE,simple,four_mode_relocalization_v2,,0,0,0,False,1,1,2.5216274921721893,0,0,restarted_se3,1,46.49677965790033,3.387562930583954,0,792,cache_read_only_not_online_fps,b18588ca73eff0bed9b27155081eb3c6df55568f77c0b4b80229d1c92a313cef,cached_perception_v2,1,1,1,0.4003405155114192,,1,2485.51363684237,0,21.092009730637074,2485.51363684237,2535.3979794308543,140.10063482602806,140.1378038790625,140.10063482602806,140.10331423383454,0.4003405155114192,94.74584249199032
cracker_box_yalehand0_black10_5,792,1.488430786570185,1.479900408657792,1.479486167372578,1.0386861129791654,0.05315862681810716,0.03732047563450112,0.7946843853820601,0.12499999999999999,-0.008530377912392861,-0.44080005439341274,MODE_1_ACCEPT,simple,four_mode_relocalization_v2,0.0,0,0,0,False,0,1,1.479900408657792,0,0,restarted_se3,0,46.78085446357727,2.0606815814971924,0,793,cache_read_only_not_online_fps,b18588ca73eff0bed9b27155081eb3c6df55568f77c0b4b80229d1c92a313cef,cached_perception_v2,0,0,0,,,0,0.0,0,20.986566320061684,0.9934604167938232,49.834996461868286,140.50249234217395,140.59456932921978,140.50249234217395,140.505062778622,1.488430786570185,94.75514581486833
cracker_box_yalehand0_black10_5,793,2.661726932126324,2.764406851528019,1.7420046449214228,1.7604978991523788,0.06259103794071982,0.06325550917539288,0.7946843853820601,0.7946843853820601,0.10267991940169496,0.018493254230955936,MODE_3_RELOCALIZE,simple,four_mode_relocalization_v2,,0,0,0,False,1,1,2.661726932126324,0,0,restarted_se3,1,45.33554334193468,3.101442940533161,0,794,cache_read_only_not_online_fps,b18588ca73eff0bed9b27155081eb3c6df55568f77c0b4b80229d1c92a313cef,cached_perception_v2,1,1,1,0.49945364298585465,,1,2493.8055304810405,0,21.677066572010517,2493.8055304810405,2542.2425167635083,141.12485141726953,141.1085897349707,141.12485141726953,141.12733405849528,0.49945364298585465,94.85885050455711
cracker_box_yalehand0_black10_5,794,1.463991956313899,1.4695682039476217,1.5120706292108026,0.9765963777556822,0.05432940170274373,0.03508956253996251,0.7946843853820601,0.0891009055627426,0.005576247633722664,-0.5354742514551204,MODE_1_ACCEPT,simple,four_mode_relocalization_v2,0.0,0,0,0,False,0,1,1.463991956313899,0,0,restarted_se3,0,46.45463824272156,1.9067469984292984,0,795,cache_read_only_not_online_fps,b18588ca73eff0bed9b27155081eb3c6df55568f77c0b4b80229d1c92a313cef,cached_perception_v2,0,0,0,,,0,0.0,0,22.531445138156414,1.3523409143090248,49.71372615545988,141.8272501384118,141.6603209386974,141.8272501384118,141.82923188775138,1.463991956313899,94.81284755942653
cracker_box_yalehand0_black10_5,795,2.605396378304462,2.7434851664172717,1.7478932719418685,1.7589781649113307,0.06280261905121226,0.06320090441654877,0.7946843853820601,0.7946843853820601,0.1380887881128099,0.011084892969462246,MODE_3_RELOCALIZE,simple,four_mode_relocalization_v2,,0,0,0,False,1,1,2.605396378304462,0,0,restarted_se3,1,45.68143282085657,3.6758920177817345,0,796,cache_read_only_not_online_fps,b18588ca73eff0bed9b27155081eb3c6df55568f77c0b4b80229d1c92a313cef,cached_perception_v2,1,1,1,0.39545475291545334,,1,2497.176774777472,0,21.66454028338194,2497.176774777472,2546.5340996161103,142.1258601146298,142.10573224926836,142.1258601146298,142.12720384166312,0.39545475291545334,94.95251712117431
cracker_box_yalehand0_black10_5,796,1.4541123171222903,1.4738549751047867,1.482867007332771,1.0705056569572267,0.05328010197194034,0.038463766664288856,0.7946843853820601,0.2857142857142857,0.019742657982496414,-0.41236135037554433,MODE_1_ACCEPT,simple,four_mode_relocalization_v2,0.0,0,0,0,True,0,1,1.4541123171222903,0,0,restarted_se3,0,48.02031069993973,1.9028577953577042,0,797,cache_read_only_not_online_fps,b18588ca73eff0bed9b27155081eb3c6df55568f77c0b4b80229d1c92a313cef,cached_perception_v2,0,0,0,,,0,0.0,0,21.010810509324074,1.0126279667019844,50.935796461999416,141.7962734330227,141.92975588860185,141.7962734330227,141.79666192254106,1.4541123171222903,94.8880929098052
cracker_box_yalehand0_black10_5,797,2.637743650324219,2.7318838526266065,1.6450332912516166,1.692346980409977,0.05910681205509735,0.06080681493503224,0.7946843853820601,0.7946843853820601,0.09414020230238762,0.04731368915836054,MODE_3_RELOCALIZE,simple,four_mode_relocalization_v2,,0,0,0,False,1,1,2.637743650324219,0,0,restarted_se3,1,47.20467887818813,3.7568658590316772,0,798,cache_read_only_not_online_fps,b18588ca73eff0bed9b27155081eb3c6df55568f77c0b4b80229d1c92a313cef,cached_perception_v2,1,1,1,0.39597343255979883,,1,2486.8739619851112,0,21.308600902557373,2486.8739619851112,2537.835506722331,141.32740216658763,141.53428074488687,141.32740216658763,141.32766402263414,0.39597343255979883,95.06828948352005
cracker_box_yalehand0_black10_5,798,1.5118420743204364,1.4615958725900167,1.4848164723044113,1.0296074353850762,0.05335014715601018,0.03699427452166262,0.7946843853820601,0.12499999999999999,-0.050246201730419715,-0.4552090369193351,MODE_1_ACCEPT,simple,four_mode_relocalization_v2,0.0,0,0,0,False,0,1,1.4615958725900167,0,0,restarted_se3,0,46.73594515770674,2.21366249024868,0,799,cache_read_only_not_online_fps,b18588ca73eff0bed9b27155081eb3c6df55568f77c0b4b80229d1c92a313cef,cached_perception_v2,0,0,0,,,0,0.0,0,21.156751550734043,1.0184040293097496,49.96801167726517,140.92711593429337,140.98577115949723,140.92711593429337,140.92741116622426,1.5118420743204364,95.0204639838534
cracker_box_yalehand0_black10_5,799,2.7331111843572202,2.8096024134913278,1.6785894260535066,1.675601340618774,0.06031249960171336,0.06020513630084002,0.7946843853820601,0.7946843853820601,0.07649122913410755,-0.0029880854347326125,MODE_3_RELOCALIZE,simple,four_mode_relocalization_v2,,0,0,0,False,1,1,2.7331111843572202,0,0,restarted_se3,1,46.52427323162556,2.9612230136990547,0,800,cache_read_only_not_online_fps,b18588ca73eff0bed9b27155081eb3c6df55568f77c0b4b80229d1c92a313cef,cached_perception_v2,1,1,1,0.42183800316609604,,1,2493.7502164393663,0,20.645118318498135,2493.7502164393663,2543.235712684691,140.76232460466142,140.6698512516991,140.76232460466142,140.7626579587977,0.42183800316609604,95.11315646317767
cracker_box_yalehand0_black10_5,800,1.4791158200898908,1.513272305756172,1.4224933721029753,1.0278650859932237,0.051110849149162835,0.03693167109680416,0.7946843853820601,0.12499999999999999,0.03415648566628127,-0.39462828610975165,MODE_1_ACCEPT,simple,four_mode_relocalization_v2,0.0,0,0,0,False,0,1,1.4791158200898908,0,0,restarted_se3,0,48.75117354094982,2.285541035234928,0,801,cache_read_only_not_online_fps,b18588ca73eff0bed9b27155081eb3c6df55568f77c0b4b80229d1c92a313cef,cached_perception_v2,0,0,0,,,0,0.0,0,21.05275448411703,0.7724389433860779,51.80915351957083,140.69419474025753,140.55367771674545,140.69419474025753,140.69454017350483,1.4791158200898908,95.19387432738685
cracker_box_yalehand0_black10_5,801,2.5921235129090436,2.6941493780818258,1.675751968307896,1.6531539387372023,0.060210548423839945,0.05939859070009426,0.7946843853820601,0.7946843853820601,0.10202586517278212,-0.02259802957069379,MODE_3_RELOCALIZE,simple,four_mode_relocalization_v2,,0,0,0,False,1,1,2.5921235129090436,0,0,restarted_se3,1,45.152184553444386,2.1916404366493225,0,802,cache_read_only_not_online_fps,b18588ca73eff0bed9b27155081eb3c6df55568f77c0b4b80229d1c92a313cef,cached_perception_v2,1,1,1,0.4532583002117222,,1,2503.113520331681,0,20.803065970540047,2503.113520331681,2550.4573453217745,140.43006304730307,140.5111753023635,140.43006304730307,140.43043581882011,0.4532583002117222,95.36645542862551
cracker_box_yalehand0_black10_5,802,1.4806095125870322,1.4992176562219501,1.4633071878512234,1.040277827099979,0.052577308551238294,0.03737766666393785,0.7946843853820601,0.12499999999999999,0.018608143634917917,-0.4230293607512443,MODE_1_ACCEPT,simple,four_mode_relocalization_v2,0.0,0,0,0,False,0,1,1.4806095125870322,0,0,restarted_se3,0,48.06725960224867,2.0770523697137833,0,803,cache_read_only_not_online_fps,b18588ca73eff0bed9b27155081eb3c6df55568f77c0b4b80229d1c92a313cef,cached_perception_v2,0,0,0,,,0,0.0,0,22.352326661348343,0.7276898249983788,50.87200179696083,140.6565284925604,140.65434636646262,140.6565284925604,140.6569057345785,1.4806095125870322,95.47214603629747
cracker_box_yalehand0_black10_5,803,2.697216990476786,2.814375427337346,1.7177606471152798,1.7026560138754068,0.061719939811938726,0.06117722330716144,0.7946843853820601,0.7946843853820601,0.11715843686056004,-0.015104633239872989,MODE_3_RELOCALIZE,simple,four_mode_relocalization_v2,,0,0,0,False,1,1,2.697216990476786,0,0,restarted_se3,1,45.48748768866062,2.374757081270218,0,804,cache_read_only_not_online_fps,b18588ca73eff0bed9b27155081eb3c6df55568f77c0b4b80229d1c92a313cef,cached_perception_v2,1,1,1,0.5082373818274091,,1,2486.3771060481668,0,22.656848654150963,2486.3771060481668,2534.2393508180976,140.76771057197647,140.82084561011675,140.76771057197647,140.76809970848993,0.5082373818274091,95.66204625325672
cracker_box_yalehand0_black10_5,804,1.4407447137871547,1.5774295573324308,1.4578475363118193,1.013881599702263,0.0523811407295036,0.036429237923888864,0.7946843853820601,0.0891009055627426,0.1366848435452761,-0.4439659366095563,MODE_1_ACCEPT,simple,four_mode_relocalization_v2,0.0,0,0,0,False,0,1,1.4407447137871547,0,0,restarted_se3,0,47.43135906755924,1.5784362331032753,0,805,cache_read_only_not_online_fps,b18588ca73eff0bed9b27155081eb3c6df55568f77c0b4b80229d1c92a313cef,cached_perception_v2,0,0,0,,,0,0.0,0,20.829093642532825,1.240275800228119,50.250071100890636,140.8035132347933,141.03393489992422,140.8035132347933,140.80390215239075,1.4407447137871547,96.02033793517722
cracker_box_yalehand0_black10_5,805,2.629476175321021,2.6962560180174187,1.677738184725038,1.6173039201765422,0.06028191410445753,0.058110482842031116,0.7946843853820601,0.7946843853820601,0.06677984269639747,-0.060434264548495875,MODE_3_RELOCALIZE,simple,four_mode_relocalization_v2,,0,0,0,False,1,1,2.629476175321021,0,0,restarted_se3,1,47.250800766050816,2.703247591853142,0,806,cache_read_only_not_online_fps,b18588ca73eff0bed9b27155081eb3c6df55568f77c0b4b80229d1c92a313cef,cached_perception_v2,1,1,1,0.4993135780207302,,1,2485.8225025236607,0,21.32074534893036,2485.8225025236607,2535.7765508815646,140.9068439757592,141.1302182700816,140.9068439757592,140.90724127899125,0.4993135780207302,96.40953743386237
cracker_box_yalehand0_black10_5,806,1.459524501714103,1.5054843553567847,1.42647474130303,1.0921963567164004,0.05125390159818077,0.0392431236054688,0.7946843853820601,0.3888888888888889,0.045959853642681736,-0.33427838458662973,MODE_1_ACCEPT,simple,four_mode_relocalization_v2,0.0,0,0,0,True,0,1,1.459524501714103,0,0,restarted_se3,0,46.5135183185339,3.3799950033426285,0,807,cache_read_only_not_online_fps,b18588ca73eff0bed9b27155081eb3c6df55568f77c0b4b80229d1c92a313cef,cached_perception_v2,0,0,0,,,0,0.0,0,21.96537610143423,0.8391747251152992,50.732688046991825,141.62710729418023,141.49568059783553,141.62710729418023,141.62751656296118,1.459524501714103,96.7186100496268
cracker_box_yalehand0_black10_5,807,2.63298880575005,2.7048629474738495,1.6805715835972523,1.6525178612273426,0.060383719445120075,0.05937573613901778,0.7946843853820601,0.7946843853820601,0.07187414172379958,-0.028053722369909773,MODE_3_RELOCALIZE,simple,four_mode_relocalization_v2,,0,0,0,False,1,1,2.63298880575005,0,0,restarted_se3,1,46.412781812250614,3.3441567793488503,0,808,cache_read_only_not_online_fps,b18588ca73eff0bed9b27155081eb3c6df55568f77c0b4b80229d1c92a313cef,cached_perception_v2,1,1,1,0.4294219493530632,,1,2494.3163339048624,0,22.44875766336918,2494.3163339048624,2544.073272496462,142.33740065290513,142.24572835750914,142.33740065290513,142.3377409057833,0.4294219493530632,97.19172060222822
cracker_box_yalehand0_black10_5,808,1.4240724491686132,1.4596337970035982,1.4012588575023261,1.0576249194606318,0.050347883153120984,0.038000955768976816,0.7946843853820601,0.24242424242424243,0.03556134783498499,-0.3436339380416944,MODE_1_ACCEPT,simple,four_mode_relocalization_v2,0.0,0,0,0,False,0,1,1.4240724491686132,0,0,restarted_se3,0,49.058265052735806,2.0632632076740265,0,809,cache_read_only_not_online_fps,b18588ca73eff0bed9b27155081eb3c6df55568f77c0b4b80229d1c92a313cef,cached_perception_v2,0,0,0,,,0,0.0,0,22.14487362653017,1.3441946357488632,52.465722896158695,142.86137538402906,142.96994637331585,142.86137538402906,142.86174139500142,1.4240724491686132,97.44057524047824
cracker_box_yalehand0_black10_5,809,2.5320071952909213,2.697356300722918,1.694524284643162,1.6677474394567895,0.06088504648984759,0.05992294197544279,0.7946843853820601,0.7946843853820601,0.16534910543199688,-0.026776845186372578,MODE_3_RELOCALIZE,simple,four_mode_relocalization_v2,,0,0,0,False,1,1,2.5320071952909213,0,0,restarted_se3,1,45.76998949050903,3.0932817608118057,0,810,cache_read_only_not_online_fps,b18588ca73eff0bed9b27155081eb3c6df55568f77c0b4b80229d1c92a313cef,cached_perception_v2,1,1,1,0.4323380030736097,,1,2494.1326985135674,0,22.590242326259613,2494.1326985135674,2542.9959697648883,143.38175893496788,143.5229985765485,143.38175893496788,143.3821401650208,0.4323380030736097,97.90773229743141
cracker_box_yalehand0_black10_5,810,1.4458346286277601,1.466380323289001,1.3895780616617428,0.9625176731386327,0.04992818672018252,0.034583708128258756,0.7946843853820601,0.0891009055627426,0.020545694661240788,-0.4270603885231101,MODE_1_ACCEPT,simple,four_mode_relocalization_v2,0.0,0,0,0,False,0,1,1.4458346286277601,0,0,restarted_se3,0,48.160445876419544,2.394392155110836,0,811,cache_read_only_not_online_fps,b18588ca73eff0bed9b27155081eb3c6df55568f77c0b4b80229d1c92a313cef,cached_perception_v2,0,0,0,,,0,0.0,0,21.949196234345436,1.1146971955895424,51.66953522711992,143.97637288106483,144.09417606641188,143.97637288106483,143.97675879770716,1.4458346286277601,98.26812487499764
cracker_box_yalehand0_black10_5,811,2.5845852449713527,2.7170126635231813,1.7419296326326523,1.6607036464399982,0.06258834271425981,0.05966985521287538,0.7946843853820601,0.7946843853820601,0.1324274185518286,-0.08122598619265409,MODE_3_RELOCALIZE,simple,four_mode_relocalization_v2,,0,0,0,False,1,1,2.5845852449713527,0,0,restarted_se3,1,49.110906198620796,3.581726923584938,0,812,cache_read_only_not_online_fps,b18588ca73eff0bed9b27155081eb3c6df55568f77c0b4b80229d1c92a313cef,cached_perception_v2,1,1,1,0.33742555341568015,,1,2499.469739384949,0,21.960237063467503,2499.469739384949,2552.162372507155,144.56940072371103,144.63953407927542,144.56940072371103,144.56981386874804,0.33742555341568015,98.47192745182883
cracker_box_yalehand0_black10_5,812,1.411762208897232,1.5751851582370908,1.4285651248889184,1.0193742504217227,0.05132901005366994,0.03662659142152683,0.7946843853820601,0.09302325581395349,0.1634229493398589,-0.4091908744671957,MODE_1_ACCEPT,simple,four_mode_relocalization_v2,0.0,0,0,0,False,0,1,1.411762208897232,0,0,restarted_se3,0,47.864546068012714,2.0466577261686325,0,813,cache_read_only_not_online_fps,b18588ca73eff0bed9b27155081eb3c6df55568f77c0b4b80229d1c92a313cef,cached_perception_v2,0,0,0,,,0,0.0,0,23.060248233377934,1.4434019103646278,51.354605704545975,145.23222158980857,145.1090379324706,145.23222158980857,145.23292988407744,1.411762208897232,98.70191496979352
cracker_box_yalehand0_black10_5,813,2.616594844770132,2.7190630450790945,1.7411792542180315,1.7103557470244592,0.06256138126845864,0.06145387830407593,0.7946843853820601,0.7946843853820601,0.10246820030896231,-0.030823507193572297,MODE_3_RELOCALIZE,simple,four_mode_relocalization_v2,,0,0,0,False,1,1,2.616594844770132,0,0,restarted_se3,1,49.847797490656376,4.684935323894024,0,814,cache_read_only_not_online_fps,b18588ca73eff0bed9b27155081eb3c6df55568f77c0b4b80229d1c92a313cef,cached_perception_v2,1,1,1,0.45093709552011163,,1,2498.2423316687346,0,21.804562769830227,2498.2423316687346,2552.775064483285,144.85773256712105,145.00057296496604,144.85773256712105,144.85877161692238,0.45093709552011163,98.90431780737407
cracker_box_yalehand0_black10_5,814,1.452117502748362,1.4964807915182181,1.4552933234142356,0.97612560137084,0.05228936667089393,0.03507264732526939,0.7946843853820601,0.0891009055627426,0.04436328876985618,-0.4791677220433955,MODE_1_ACCEPT,simple,four_mode_relocalization_v2,0.0,0,0,0,False,0,1,1.452117502748362,0,0,restarted_se3,0,47.4714208394289,2.2659599781036377,0,815,cache_read_only_not_online_fps,b18588ca73eff0bed9b27155081eb3c6df55568f77c0b4b80229d1c92a313cef,cached_perception_v2,0,0,0,,,0,0.0,0,22.64373656362295,3.69361974298954,53.43100056052208,144.07877815725746,144.27907909665586,144.07877815725746,144.08003512236934,1.452117502748362,99.12134884380825
cracker_box_yalehand0_black10_5,815,2.683702188547611,2.7580847083677846,1.7338717686638814,1.7117447583023915,0.06229881991025302,0.061503786125992825,0.7946843853820601,0.7946843853820601,0.07438251982017352,-0.022127010361489896,MODE_3_RELOCALIZE,simple,four_mode_relocalization_v2,,0,0,0,False,1,1,2.683702188547611,0,0,restarted_se3,1,47.86804411560297,3.733806312084198,0,816,cache_read_only_not_online_fps,b18588ca73eff0bed9b27155081eb3c6df55568f77c0b4b80229d1c92a313cef,cached_perception_v2,1,1,1,0.5263960860023357,,1,2499.214612878859,0,21.63809258490801,2499.214612878859,2550.816463306546,143.2622298996676,143.3968441989183,143.2622298996676,143.26371074749517,0.5263960860023357,99.42523314514766
cracker_box_yalehand0_black10_5,816,1.504776117481838,1.5494442872572936,1.4515151283123604,1.0454962456769177,0.0521536143618181,0.037565166873017065,0.7946843853820601,0.1346153846153846,0.044668169775455624,-0.4060188826354427,MODE_1_ACCEPT,simple,four_mode_relocalization_v2,0.0,0,0,0,False,0,1,1.504776117481838,0,0,restarted_se3,0,46.16021551191807,2.166277728974819,0,817,cache_read_only_not_online_fps,b18588ca73eff0bed9b27155081eb3c6df55568f77c0b4b80229d1c92a313cef,cached_perception_v2,0,0,0,,,0,0.0,0,22.762510925531387,1.6896473243832588,50.016140565276146,142.5226861829095,142.48804834322817,142.5226861829095,142.52432542273,1.504776117481838,99.73314445486822
cracker_box_yalehand0_black10_5,817,2.7229920218170642,2.8841164387594724,1.7074052508650255,1.713991828820683,0.06134786560336502,0.061584524415914096,0.7946843853820601,0.7946843853820601,0.1611244169424082,0.0065865779556575355,MODE_3_RELOCALIZE,simple,four_mode_relocalization_v2,,0,0,0,False,1,1,2.7229920218170642,0,0,restarted_se3,1,48.085253685712814,3.0027804896235466,0,818,cache_read_only_not_online_fps,b18588ca73eff0bed9b27155081eb3c6df55568f77c0b4b80229d1c92a313cef,cached_perception_v2,1,1,1,0.47373945185640864,,1,2488.0438335239887,0,21.79898042231798,2488.0438335239887,2539.131867699325,142.07629572658323,141.8726949425494,142.07629572658323,142.07807265036806,0.47373945185640864,100.09708696680929
cracker_box_yalehand0_black10_5,818,1.4304403802871555,1.6362107267894954,1.4790424630670853,1.0899122229820626,0.053142684315829386,0.039161053616938966,0.7946843853820601,0.3888888888888889,0.20577034650233994,-0.3891302400850227,MODE_1_ACCEPT,simple,four_mode_relocalization_v2,0.0,0,0,0,True,0,1,1.4304403802871555,0,0,restarted_se3,0,47.083222307264805,1.9986089318990707,0,819,cache_read_only_not_online_fps,b18588ca73eff0bed9b27155081eb3c6df55568f77c0b4b80229d1c92a313cef,cached_perception_v2,0,0,0,,,0,0.0,0,21.187533624470234,2.1055415272712708,51.187372766435146,141.21666467783243,141.26669674107947,141.21666467783243,141.21857194158923,1.4304403802871555,100.5060862483065
cracker_box_yalehand0_black10_5,819,2.6625995930104485,2.7364633745071525,1.7480976531744874,1.7575131005134976,0.0628099625640568,0.06314826397062476,0.7946843853820601,0.7946843853820601,0.07386378149670403,0.00941544733901023,MODE_3_RELOCALIZE,simple,four_mode_relocalization_v2,,0,0,0,False,1,1,2.6625995930104485,0,0,restarted_se3,1,46.025109477341175,2.438487485051155,0,820,cache_read_only_not_online_fps,b18588ca73eff0bed9b27155081eb3c6df55568f77c0b4b80229d1c92a313cef,cached_perception_v2,1,1,1,0.4882430668608961,,1,2492.603402584791,0,21.21077384799719,2492.603402584791,2541.0669995471835,140.5525987008722,140.64365769688973,140.5525987008722,140.55459693914906,0.4882430668608961,101.06824449175849
cracker_box_yalehand0_black10_5,820,1.3937659902342108,1.4957620248818009,1.3959949907579365,1.0310268198997083,0.05015874997022534,0.03704527366811543,0.7946843853820601,0.12499999999999999,0.1019960346475901,-0.3649681708582282,MODE_1_ACCEPT,simple,four_mode_relocalization_v2,0.0,0,0,0,False,0,1,1.3937659902342108,0,0,restarted_se3,0,45.53018882870674,2.5715548545122147,0,821,cache_read_only_not_online_fps,b18588ca73eff0bed9b27155081eb3c6df55568f77c0b4b80229d1c92a313cef,cached_perception_v2,0,0,0,,,0,0.0,0,25.2486914396286,1.2769699096679688,49.378713592886925,139.89452453931264,139.99195739249598,139.89452453931264,139.89663457565456,1.3937659902342108,101.60215017986675
cracker_box_yalehand0_black10_5,821,2.482018543871675,2.5638352371490543,1.6463729337642368,1.670533551374272,0.0591549460342913,0.06002304827380579,0.7946843853820601,0.7946843853820601,0.0818166932773794,0.024160617610035295,MODE_3_RELOCALIZE,simple,four_mode_relocalization_v2,,0,0,0,False,1,1,2.482018543871675,0,0,restarted_se3,1,44.75744627416134,2.7221934869885445,0,822,cache_read_only_not_online_fps,b18588ca73eff0bed9b27155081eb3c6df55568f77c0b4b80229d1c92a313cef,cached_perception_v2,1,1,1,0.37143578598096155,,1,2505.5819749832153,0,23.287253454327583,2505.5819749832153,2553.061614744365,139.3047760227864,139.33465093749143,139.3047760227864,139.30698535930082,0.37143578598096155,102.28346021253618
cracker_box_yalehand0_black10_5,822,1.3793749725335729,1.4895448206143282,1.4418472650354208,0.9767482446370153,0.051806243533079624,0.03509501918771553,0.7946843853820601,0.0891009055627426,0.11016984808075536,-0.46509902039840556,MODE_1_ACCEPT,simple,four_mode_relocalization_v2,0.0,0,0,0,False,0,1,1.3793749725335729,0,0,restarted_se3,0,46.859863214194775,2.2255126386880875,0,823,cache_read_only_not_online_fps,b18588ca73eff0bed9b27155081eb3c6df55568f77c0b4b80229d1c92a313cef,cached_perception_v2,0,0,0,,,0,0.0,0,21.309594623744488,0.7499577477574348,49.8353336006403,138.8874522369657,138.82321974795937,138.8874522369657,138.88977228519968,1.3793749725335729,102.96279988647461
cracker_box_yalehand0_black10_5,823,2.5543689705972343,2.617288004734835,1.7405345093108666,1.7561542839783715,0.06253821528376159,0.06309944105987506,0.7946843853820601,0.7946843853820601,0.0629190341376007,0.01561977466750486,MODE_3_RELOCALIZE,simple,four_mode_relocalization_v2,,0,0,0,False,1,1,2.5543689705972343,0,0,restarted_se3,1,47.87406325340271,2.6444271206855774,0,824,cache_read_only_not_online_fps,b18588ca73eff0bed9b27155081eb3c6df55568f77c0b4b80229d1c92a313cef,cached_perception_v2,1,1,1,0.46373145820871486,,1,2485.8578806743026,0,21.308662369847298,2485.8578806743026,2536.376371048391,138.6511860132518,138.5236927257073,138.6511860132518,138.65357404209067,0.46373145820871486,103.72851541527703
cracker_box_yalehand0_black10_5,824,1.317033772641499,1.4455980374542354,1.4103323687001486,1.0269643140241638,0.050673898634936224,0.03689930594057123,0.7946843853820601,0.12499999999999999,0.12856426481273653,-0.3833680546759848,MODE_1_ACCEPT,simple,four_mode_relocalization_v2,0.0,0,0,0,False,0,1,1.317033772641499,0,0,restarted_se3,0,47.57841117680073,3.260567784309387,0,825,cache_read_only_not_online_fps,b18588ca73eff0bed9b27155081eb3c6df55568f77c0b4b80229d1c92a313cef,cached_perception_v2,0,0,0,,,0,0.0,0,21.448420360684395,0.8006365969777107,51.639615558087826,138.6442726085111,138.46803957198415,138.6442726085111,138.64679946020186,1.317033772641499,104.42608689870214
cracker_box_yalehand0_black10_5,825,2.586832889485287,2.538344741535703,1.739242101017285,1.7227102048518723,0.062491778452049174,0.06189777972584712,0.7946843853820601,0.7946843853820601,-0.048488147949584004,-0.01653189616541262,MODE_3_RELOCALIZE,simple,four_mode_relocalization_v2,,0,0,0,False,1,1,2.538344741535703,0,0,restarted_se3,1,47.769478522241116,3.0414965003728867,0,826,cache_read_only_not_online_fps,b18588ca73eff0bed9b27155081eb3c6df55568f77c0b4b80229d1c92a313cef,cached_perception_v2,1,1,1,0.44059742649633465,,1,2493.6141278594732,0,21.78323734551668,2493.6141278594732,2544.4251028820872,138.3248352104067,138.41349933212183,138.3248352104067,138.3274029219546,0.44059742649633465,105.05836743546475
cracker_box_yalehand0_black10_5,826,1.2960361269467249,1.5481949834720545,1.3905876227449747,1.009008114237618,0.04996446071993807,0.03625413132212954,0.7946843853820601,0.0891009055627426,0.25215885652532966,-0.3815795085073568,MODE_1_ACCEPT,simple,four_mode_relocalization_v2,0.0,0,0,0,False,0,1,1.2960361269467249,0,0,restarted_se3,0,49.17572904378176,3.4133465960621834,0,827,cache_read_only_not_online_fps,b18588ca73eff0bed9b27155081eb3c6df55568f77c0b4b80229d1c92a313cef,cached_perception_v2,0,0,0,,,0,0.0,0,21.8883091583848,0.7711751386523247,53.360250778496265,138.6681113499947,138.5632371299414,138.6681113499947,138.6707276064171,1.2960361269467249,105.68671424538915
cracker_box_yalehand0_black10_5,827,2.6288351244146213,2.5818628045310357,1.7407848106626813,1.7344789174235598,0.06254720872786848,0.06232063504786674,0.7946843853820601,0.7946843853820601,-0.046972319883585634,-0.006305893239121563,MODE_3_RELOCALIZE,simple,four_mode_relocalization_v2,,0,0,0,False,1,1,2.5818628045310357,0,0,restarted_se3,1,46.87534924596548,3.0996622517704964,0,828,cache_read_only_not_online_fps,b18588ca73eff0bed9b27155081eb3c6df55568f77c0b4b80229d1c92a313cef,cached_perception_v2,1,1,1,0.5625646705452387,,1,2488.5125188156962,0,20.77019028365612,2488.5125188156962,2538.487530313432,138.83655070041323,138.81299665726928,138.83655070041323,138.83919058536347,0.5625646705452387,106.30852256628629
cracker_box_yalehand0_black10_5,828,1.4121477221406857,1.427249810021407,1.3912250004770703,1.0187723923353815,0.049987361998604846,0.03660496638026937,0.7946843853820601,0.09302325581395349,0.015102087880721315,-0.3724526081416888,MODE_1_ACCEPT,simple,four_mode_relocalization_v2,0.0,0,0,0,False,0,1,1.4121477221406857,0,0,restarted_se3,0,47.3636519163847,2.1389247849583626,0,829,cache_read_only_not_online_fps,b18588ca73eff0bed9b27155081eb3c6df55568f77c0b4b80229d1c92a313cef,cached_perception_v2,0,0,0,,,0,0.0,0,20.590800791978836,0.6712758913636208,50.17385259270668,138.93175261136628,139.01004636316586,138.93175261136628,138.93448345704155,1.4121477221406857,106.83065467411205
cracker_box_yalehand0_black10_5,829,2.714680008607657,2.666274343248163,1.7388966871104206,1.7406914762322856,0.0624793675695565,0.06254385517832939,0.7946843853820601,0.7946843853820601,-0.04840566535949398,0.001794789121865037,MODE_1_ACCEPT,simple,four_mode_relocalization_v2,0.0,0,0,0,True,0,1,2.666274343248163,0,0,restarted_se3,0,47.62210417538881,4.2900992557406425,0,830,cache_read_only_not_online_fps,b18588ca73eff0bed9b27155081eb3c6df55568f77c0b4b80229d1c92a313cef,cached_perception_v2,0,0,0,,,0,0.0,0,21.5788334608078,0.842653214931488,52.754856646060944,138.80806825706506,138.9552123685774,138.80806825706506,138.8108085774635,2.714680008607657,107.14120332902368
cracker_box_yalehand0_black10_5,830,3.6904203704878533,3.8099246366017985,1.7980594571336046,1.797035565454087,0.06460511344170154,0.06456832453694936,0.7946843853820601,0.7946843853820601,0.11950426611394516,-0.0010238916795175523,MODE_3_RELOCALIZE,simple,four_mode_relocalization_v2,,0,0,0,False,1,1,3.6904203704878533,0,0,restarted_se3,1,46.83826956897974,4.630017094314098,0,831,cache_read_only_not_online_fps,b18588ca73eff0bed9b27155081eb3c6df55568f77c0b4b80229d1c92a313cef,cached_perception_v2,1,1,1,0.5817161905533278,,1,2491.871760226786,0,20.759211853146553,2491.871760226786,2543.34004689008,138.74818474961157,138.86909705251543,138.74818474961157,138.75090056327824,0.5817161905533278,107.51788323341268
cracker_box_yalehand0_black10_5,831,1.3145617396506497,2.8077758411648213,1.3849662316848323,1.3838843445749118,0.04976248152191999,0.049723608814351714,0.7946843853820601,0.7946843853820601,1.4932141015141716,-0.0010818871099205207,MODE_3_RELOCALIZE,simple,four_mode_relocalization_v2,,0,0,0,False,1,1,1.3145617396506497,0,0,restarted_se3,1,52.722590044140816,2.1465029567480087,0,832,cache_read_only_not_online_fps,b18588ca73eff0bed9b27155081eb3c6df55568f77c0b4b80229d1c92a313cef,cached_perception_v2,1,1,1,0.4499894165447173,,1,2499.477262608707,0,22.095603868365288,2499.477262608707,2554.346355609596,139.17731186182087,139.03289347357548,139.17731186182087,139.18001455612955,0.4499894165447173,107.84816526954725
cracker_box_yalehand0_black10_5,832,1.3828373767482078,0.5844368472753901,1.4110762254021716,0.713799975989578,0.050700625752567355,0.025647165470826776,0.7946843853820601,0.0891009055627426,-0.7984005294728177,-0.6972762494125936,MODE_1_ACCEPT,simple,four_mode_relocalization_v2,0.0,0,0,0,False,0,0,0.5844368472753901,0,0,restarted_se3,0,50.40115211158991,4.212380386888981,0,833,cache_read_only_not_online_fps,b18588ca73eff0bed9b27155081eb3c6df55568f77c0b4b80229d1c92a313cef,cached_perception_v2,0,0,0,,,0,0.0,0,21.151836961507797,0.8251452818512917,55.43867778033018,139.62034879210913,139.46555541784926,139.62034879210913,139.62298581709305,1.3828373767482078,108.10910376210168
cracker_box_yalehand0_black10_5,833,2.6521977328484803,2.5887439244204344,1.7141905092894256,1.741182156517601,0.06159166309765837,0.06256148554943344,0.7946843853820601,0.7946843853820601,-0.06345380842804582,0.026991647228175486,MODE_1_ACCEPT,simple,four_mode_relocalization_v2,0.0,0,0,0,True,0,1,2.5887439244204344,0,0,restarted_se3,0,46.95839807391167,3.0597038567066193,0,834,cache_read_only_not_online_fps,b18588ca73eff0bed9b27155081eb3c6df55568f77c0b4b80229d1c92a313cef,cached_perception_v2,0,0,0,,,0,0.0,0,22.00835756957531,1.1628977954387665,51.18099972605705,139.7368828927429,139.7964374870308,139.7368828927429,139.73946370138088,2.6521977328484803,108.34134457014568
cracker_box_yalehand0_black10_5,834,3.6058933971710645,3.80082727357475,1.804533451256583,1.7868112834258854,0.06483772706472526,0.06420096132341863,0.7946843853820601,0.7946843853820601,0.19493387640368542,-0.017722167830697577,MODE_1_ACCEPT,simple,four_mode_relocalization_v2,0.0,0,0,0,True,0,1,3.6058933971710645,0,0,restarted_se3,0,45.85977736860514,4.298628307878971,0,835,cache_read_only_not_online_fps,b18588ca73eff0bed9b27155081eb3c6df55568f77c0b4b80229d1c92a313cef,cached_perception_v2,0,0,0,,,0,0.0,0,21.29699755460024,1.0062996298074722,51.16470530629158,139.91887928382906,140.03003023368709,139.91887928382906,139.92138606163255,3.6058933971710645,108.46146442419399
cracker_box_yalehand0_black10_5,835,4.730647199231643,4.7299757824483795,1.8295933035246572,1.8493982601454086,0.06573813922417196,0.06644974053641742,0.9274193548387096,0.9274193548387096,-0.0006714167832635454,0.019804956620751435,MODE_1_ACCEPT,simple,four_mode_relocalization_v2,0.0,0,0,0,True,0,1,4.7299757824483795,0,0,restarted_se3,0,45.87604198604822,3.9117075502872467,0,836,cache_read_only_not_online_fps,b18588ca73eff0bed9b27155081eb3c6df55568f77c0b4b80229d1c92a313cef,cached_perception_v2,0,0,0,,,0,0.0,0,20.55642195045948,1.0153697803616524,50.80311931669712,140.59656424484132,140.43629242834047,140.59656424484132,140.59903670621082,4.730647199231643,108.61301673892618
cracker_box_yalehand0_black10_5,836,6.104923353323246,6.418588038467093,1.8734931806053716,1.867129912339436,0.0673154822467423,0.06708684705531426,0.9274193548387096,0.9274193548387096,0.3136646851438476,-0.006363268265935584,MODE_1_ACCEPT,simple,four_mode_relocalization_v2,0.0,0,0,0,True,0,1,6.104923353323246,0,0,restarted_se3,0,45.341385528445244,3.929455764591694,0,837,cache_read_only_not_online_fps,b18588ca73eff0bed9b27155081eb3c6df55568f77c0b4b80229d1c92a313cef,cached_perception_v2,0,0,0,,,0,0.0,0,22.41244725883007,1.3681482523679733,50.63898954540491,140.5904383166498,140.70305239708316,140.5904383166498,140.59279741005818,6.104923353323246,108.47469465076927
cracker_box_yalehand0_black10_5,837,7.584773483145447,7.4318718418059095,1.8975635103649673,1.903084190454271,0.06818034040175397,0.06837870100770044,0.9274193548387096,0.9274193548387096,-0.15290164133953787,0.005520680089303731,MODE_1_ACCEPT,simple,four_mode_relocalization_v2,0.0,0,0,0,True,0,1,7.4318718418059095,0,0,restarted_se3,0,45.884897001087666,4.012386314570904,0,838,cache_read_only_not_online_fps,b18588ca73eff0bed9b27155081eb3c6df55568f77c0b4b80229d1c92a313cef,cached_perception_v2,0,0,0,,,0,0.0,0,20.94919141381979,1.0901978239417076,50.98748113960028,140.7138951004406,140.83818249097422,140.7138951004406,140.7161263180584,7.584773483145447,108.55998927402975
cracker_box_yalehand0_black10_5,838,8.977903434542728,9.18987686850158,1.9290491468753634,1.934839358838302,0.06931163398076667,0.06951967899242245,0.9274193548387096,0.9274193548387096,0.2119734339588515,0.005790211962938496,MODE_1_ACCEPT,simple,four_mode_relocalization_v2,0.0,0,0,0,True,0,1,8.977903434542728,0,0,restarted_se3,0,47.45529405772686,4.893219098448753,0,839,cache_read_only_not_online_fps,b18588ca73eff0bed9b27155081eb3c6df55568f77c0b4b80229d1c92a313cef,cached_perception_v2,0,0,0,,,0,0.0,0,20.957013592123985,1.2580454349517822,53.606558591127396,141.06514792419378,141.00877841257,141.06514792419378,141.06716601631896,8.977903434542728,108.6677646772122
cracker_box_yalehand0_black10_5,839,10.732808763250343,10.389221104098944,1.9638631719196553,1.9704809273500983,0.07056251810944518,0.07080029714317901,0.9274193548387096,0.9274193548387096,-0.34358765915139955,0.006617755430442962,MODE_1_ACCEPT,simple,four_mode_relocalization_v2,0.0,0,0,0,True,0,1,10.389221104098944,0,0,restarted_se3,0,46.99994809925556,3.931407816708088,0,840,cache_read_only_not_online_fps,b18588ca73eff0bed9b27155081eb3c6df55568f77c0b4b80229d1c92a313cef,cached_perception_v2,0,0,0,,,0,0.0,0,21.008942276239395,1.208229921758175,52.139585837721825,141.40137223632888,141.33312832223675,141.40137223632888,141.40237008578353,10.732808763250343,108.75952765532185
cracker_box_yalehand0_black10_5,840,12.505916008759213,12.614761423402648,1.990049247234661,1.9944814902970285,0.07150339598731903,0.07166264854412932,0.9274193548387096,0.9274193548387096,0.10884541464343478,0.004432243062367558,MODE_1_ACCEPT,simple,four_mode_relocalization_v2,0.0,0,0,0,True,0,1,12.505916008759213,0,0,restarted_se3,0,45.65275181084871,3.9934618398547173,0,841,cache_read_only_not_online_fps,b18588ca73eff0bed9b27155081eb3c6df55568f77c0b4b80229d1c92a313cef,cached_perception_v2,0,0,0,,,0,0.0,0,20.25569323450327,1.2377593666315079,50.88397301733494,140.82862634261068,141.06384282477157,140.82862634261068,140.82959223462785,12.505916008759213,108.8362092438583
cracker_box_yalehand0_black10_5,841,14.241599580876496,14.313375268785444,2.025131353135301,2.028447569187026,0.07276391238598016,0.07288306557269425,0.9274193548387096,0.9274193548387096,0.07177568790894817,0.0033162160517248296,MODE_1_ACCEPT,simple,four_mode_relocalization_v2,0.0,0,0,0,True,0,1,14.241599580876496,0,0,restarted_se3,0,45.55220436304808,3.6468207836151123,0,842,cache_read_only_not_online_fps,b18588ca73eff0bed9b27155081eb3c6df55568f77c0b4b80229d1c92a313cef,cached_perception_v2,0,0,0,,,0,0.0,0,20.512497052550316,1.5087500214576721,50.70777516812086,140.55924875544926,140.64582150042128,140.55924875544926,140.56021257038472,14.241599580876496,108.9171463834993
cracker_box_yalehand0_black10_5,842,16.40396165076583,16.084876013090614,2.095870390965944,2.087090029089325,0.07530559895016697,0.07499011645994808,0.9274193548387096,0.9274193548387096,-0.31908563767521514,-0.008780361876619125,MODE_1_ACCEPT,simple,four_mode_relocalization_v2,0.0,0,0,0,True,0,1,16.084876013090614,0,0,restarted_se3,0,46.83942440897226,4.4439248740673065,0,843,cache_read_only_not_online_fps,b18588ca73eff0bed9b27155081eb3c6df55568f77c0b4b80229d1c92a313cef,cached_perception_v2,0,0,0,,,0,0.0,0,22.274456918239594,1.0141059756278992,52.29745525866747,140.09451395042973,140.16272410201358,140.09451395042973,140.0955387051984,16.40396165076583,108.99925109405402
cracker_box_yalehand0_black10_5,843,17.21993012795639,18.594026297275903,2.1477329624000068,2.157527298431902,0.07716904528815256,0.0775209603418602,0.9274193548387096,0.9274193548387096,1.3740961693195146,0.009794336031895057,MODE_1_ACCEPT,simple,four_mode_relocalization_v2,0.0,0,0,0,True,0,1,17.21993012795639,0,0,restarted_se3,0,44.97332125902176,3.992488607764244,0,844,cache_read_only_not_online_fps,b18588ca73eff0bed9b27155081eb3c6df55568f77c0b4b80229d1c92a313cef,cached_perception_v2,0,0,0,,,0,0.0,0,24.00624193251133,0.8478108793497086,49.81362074613571,140.06021682017834,139.94962773370628,140.06021682017834,140.06131625340558,17.21993012795639,109.24948135482913
cracker_box_yalehand0_black10_5,844,18.761896906800388,18.375307107153247,2.1956889126521535,2.1818676510310504,0.07889212490821337,0.0783955205432152,1.0,1.0,-0.38658979964714035,-0.013821261621103087,MODE_1_ACCEPT,simple,four_mode_relocalization_v2,0.0,0,0,0,True,0,1,18.375307107153247,0,0,restarted_se3,0,46.85219656676054,3.90720646828413,0,845,cache_read_only_not_online_fps,b18588ca73eff0bed9b27155081eb3c6df55568f77c0b4b80229d1c92a313cef,cached_perception_v2,0,0,0,,,0,0.0,0,21.357152611017227,0.9889677166938782,51.74837075173855,139.70262490629725,139.7336424021546,139.70262490629725,139.7037769400471,18.761896906800388,109.50308933782713
cracker_box_yalehand0_black10_5,845,20.462474658193667,20.305052973493908,2.227266955073559,2.2346860250943292,0.08002673867463134,0.0802933093146745,1.0,1.0,-0.15742168469975937,0.0074190700207701354,MODE_1_ACCEPT,simple,four_mode_relocalization_v2,0.0,0,0,0,True,0,1,20.305052973493908,0,0,restarted_se3,0,45.781646855175495,3.0951593071222305,0,846,cache_read_only_not_online_fps,b18588ca73eff0bed9b27155081eb3c6df55568f77c0b4b80229d1c92a313cef,cached_perception_v2,0,0,0,,,0,0.0,0,20.308748818933964,0.8674692362546921,49.74427539855242,139.72381671023143,139.65610403482867,139.72381671023143,139.72503336665872,20.462474658193667,109.77898272363271
cracker_box_yalehand0_black10_5,846,21.114330189407447,22.216952311185757,2.2732095459492005,2.2722164071920354,0.08167747735490732,0.08164179341697332,1.0,1.0,1.1026221217783103,-0.000993138757165113,MODE_1_ACCEPT,simple,four_mode_relocalization_v2,0.0,0,0,0,True,0,1,21.114330189407447,0,0,restarted_se3,0,45.28012406080961,3.360181115567684,0,847,cache_read_only_not_online_fps,b18588ca73eff0bed9b27155081eb3c6df55568f77c0b4b80229d1c92a313cef,cached_perception_v2,0,0,0,,,0,0.0,0,19.891181960701942,0.8952179923653603,49.53552316874266,139.41398496444754,139.51920993095516,139.41398496444754,139.41524991992532,21.114330189407447,110.07325125846232
cracker_box_yalehand0_black10_5,847,22.651448066571053,21.81702700632259,2.3227648611459912,2.3158362749836012,0.08345802290206719,0.08320907557541683,1.0,1.0,-0.834421060248463,-0.006928586162390005,MODE_1_ACCEPT,simple,four_mode_relocalization_v2,0.0,0,0,0,True,0,1,21.81702700632259,0,0,restarted_se3,0,46.31982836872339,3.1235776841640472,0,848,cache_read_only_not_online_fps,b18588ca73eff0bed9b27155081eb3c6df55568f77c0b4b80229d1c92a313cef,cached_perception_v2,0,0,0,,,0,0.0,0,20.647133700549603,0.7635839283466339,50.206989981234074,139.4265091300817,139.44276849967144,139.4265091300817,139.4278600382159,22.651448066571053,110.3753298136287
cracker_box_yalehand0_black10_5,848,23.54337756578378,24.16731468212022,2.3605001664553478,2.3758285502542402,0.0848138699907695,0.08536462595730693,1.0,1.0,0.6239371163364424,0.015328383798892453,MODE_1_ACCEPT,simple,four_mode_relocalization_v2,0.0,0,0,0,True,0,1,23.54337756578378,0,0,restarted_se3,0,44.667589478194714,2.961159683763981,0,849,cache_read_only_not_online_fps,b18588ca73eff0bed9b27155081eb3c6df55568f77c0b4b80229d1c92a313cef,cached_perception_v2,0,0,0,,,0,0.0,0,21.914645098149776,0.8724536746740341,48.50120283663273,139.9312049506859,139.65066205689723,139.9312049506859,139.93266050678622,23.54337756578378,110.6188422183045
cracker_box_yalehand0_black10_5,849,25.09194004450596,24.558188286654058,2.4016112212629523,2.3921860553721825,0.08629100933063724,0.08595235873197976,1.0,1.0,-0.5337517578519027,-0.009425165890769804,MODE_1_ACCEPT,simple,four_mode_relocalization_v2,0.0,0,0,0,True,0,1,24.558188286654058,0,0,restarted_se3,0,46.863107942044735,2.4528484791517258,0,850,cache_read_only_not_online_fps,b18588ca73eff0bed9b27155081eb3c6df55568f77c0b4b80229d1c92a313cef,cached_perception_v2,0,0,0,,,0,0.0,0,21.140580996870995,0.8965684100985527,50.21252483129501,140.42817278267836,140.21580949013875,140.42817278267836,140.42966514268764,25.09194004450596,110.94244645854215
cracker_box_yalehand0_black10_5,850,26.426790939388876,26.287520591267434,2.44915535569757,2.447749134178156,0.08799929221663957,0.08794876602273344,1.0,1.0,-0.13927034812144257,-0.0014062215194137195,MODE_1_ACCEPT,simple,four_mode_relocalization_v2,0.0,0,0,0,True,0,1,26.287520591267434,0,0,restarted_se3,0,46.227915212512016,2.9361965134739876,0,851,cache_read_only_not_online_fps,b18588ca73eff0bed9b27155081eb3c6df55568f77c0b4b80229d1c92a313cef,cached_perception_v2,0,0,0,,,0,0.0,0,21.40720747411251,0.8994955569505692,50.06360728293657,140.08178120793943,140.32905399974723,140.08178120793943,140.08328417667343,26.426790939388876,111.25128638263465
cracker_box_yalehand0_black10_5,851,27.79075489967651,28.16531824369103,2.482350556466213,2.4845437613094443,0.08919201123539608,0.08927081410653345,1.0,1.0,0.3745633440145184,0.0021932048432313778,MODE_1_ACCEPT,simple,four_mode_relocalization_v2,0.0,0,0,0,True,0,1,27.79075489967651,0,0,restarted_se3,0,44.83748413622379,2.826463431119919,0,852,cache_read_only_not_online_fps,b18588ca73eff0bed9b27155081eb3c6df55568f77c0b4b80229d1c92a313cef,cached_perception_v2,0,0,0,,,0,0.0,0,21.086720749735832,0.858355313539505,48.52230288088322,140.41904093979815,140.67389113476452,140.41904093979815,140.420590937802,27.79075489967651,111.77359355669134
cracker_box_yalehand0_black10_5,852,28.54643291397651,29.195025351354325,2.501353838979047,2.5195288061064836,0.0898748080236978,0.09052784305455217,1.0,1.0,0.6485924373778147,0.018174967127436492,MODE_1_ACCEPT,simple,four_mode_relocalization_v2,0.0,0,0,0,True,0,1,28.54643291397651,0,0,restarted_se3,0,44.28229387849569,2.3941779509186745,0,853,cache_read_only_not_online_fps,b18588ca73eff0bed9b27155081eb3c6df55568f77c0b4b80229d1c92a313cef,cached_perception_v2,0,0,0,,,0,0.0,0,22.67949003726244,0.8135167881846428,47.48998861759901,141.1573066513697,141.02904318003908,141.1573066513697,141.15888958914263,28.54643291397651,111.8848338815847
cracker_box_yalehand0_black10_5,853,29.554323849233267,29.346565848102884,2.532063035335635,2.5184436769073457,0.09097820374648641,0.09048885385720884,1.0,1.0,-0.207758001130383,-0.013619358428289097,MODE_1_ACCEPT,simple,four_mode_relocalization_v2,0.0,0,0,0,True,0,1,29.346565848102884,0,0,restarted_se3,0,47.22876939922571,2.7907583862543106,0,854,cache_read_only_not_online_fps,b18588ca73eff0bed9b27155081eb3c6df55568f77c0b4b80229d1c92a313cef,cached_perception_v2,0,0,0,,,0,0.0,0,22.357217967510223,0.8658953011035919,50.885423086583614,142.53792590691612,142.00129515621066,142.53792590691612,142.5395564821554,29.554323849233267,112.2291594150143
cracker_box_yalehand0_black10_5,854,30.88589310381224,30.818469873284553,2.5629111376591087,2.5583612562331512,0.09208659042533757,0.09192311106735301,1.0,1.0,-0.0674232305276874,-0.004549881425957469,MODE_1_ACCEPT,simple,four_mode_relocalization_v2,0.0,0,0,0,True,0,1,30.818469873284553,0,0,restarted_se3,0,46.57528642565012,2.7851825580000877,0,855,cache_read_only_not_online_fps,b18588ca73eff0bed9b27155081eb3c6df55568f77c0b4b80229d1c92a313cef,cached_perception_v2,0,0,0,,,0,0.0,0,21.42560388892889,1.2263013049960136,50.58677028864622,143.2635662825957,143.27897778485726,143.2635662825957,143.26515692009184,30.88589310381224,112.49458307792585
cracker_box_yalehand0_black10_5,855,32.65831059654094,32.22753339612568,2.554200449045725,2.5524153452987117,0.09177361132790543,0.09170947171916033,1.0,1.0,-0.4307772004152639,-0.0017851037470131281,MODE_1_ACCEPT,simple,four_mode_relocalization_v2,0.0,0,0,0,True,0,1,32.22753339612568,0,0,restarted_se3,0,44.930990785360336,2.9534464702010155,0,856,cache_read_only_not_online_fps,b18588ca73eff0bed9b27155081eb3c6df55568f77c0b4b80229d1c92a313cef,cached_perception_v2,0,0,0,,,0,0.0,0,20.86709812283516,0.8140997961163521,48.698537051677704,144.1001502612654,144.3614698809039,144.1001502612654,144.10186856992863,32.65831059654094,112.63655689265374
cracker_box_yalehand0_black10_5,856,33.96776392832167,34.19337557324744,2.5376567412668365,2.5162417595963373,0.0911791882049319,0.09040973794304785,1.0,1.0,0.22561164492576324,-0.021414981670499156,MODE_1_ACCEPT,simple,four_mode_relocalization_v2,0.0,0,0,0,True,0,1,33.96776392832167,0,0,restarted_se3,0,48.04681520909071,3.169112838804722,0,857,cache_read_only_not_online_fps,b18588ca73eff0bed9b27155081eb3c6df55568f77c0b4b80229d1c92a313cef,cached_perception_v2,0,0,0,,,0,0.0,0,20.512687042355537,0.9394129738211632,52.155341021716595,144.6331521780285,145.08411883362663,144.6331521780285,144.6348353629412,33.96776392832167,112.7578525640434
cracker_box_yalehand0_black10_5,857,34.642213723402634,35.091313620608474,2.544423490938703,2.4926899897243247,0.09142232067112935,0.08956351188622999,1.0,1.0,0.44909989720584065,-0.051733501214378474,MODE_1_ACCEPT,simple,four_mode_relocalization_v2,0.0,0,0,0,True,0,1,34.642213723402634,0,0,restarted_se3,0,46.99758719652891,2.996521070599556,0,858,cache_read_only_not_online_fps,b18588ca73eff0bed9b27155081eb3c6df55568f77c0b4b80229d1c92a313cef,cached_perception_v2,0,0,0,,,0,0.0,0,21.645105443894863,1.0752473026514053,51.06935556977987,145.94137990617767,145.88991063474919,145.94137990617767,145.94306113407725,34.642213723402634,112.89471677767455
cracker_box_yalehand0_black10_5,858,35.34149011564717,35.12954785677896,2.5463270008182732,2.5711494089126345,0.09149071466734518,0.09238259534708027,1.0,1.0,-0.2119422588682056,0.024822408094361315,MODE_1_ACCEPT,simple,four_mode_relocalization_v2,0.0,0,0,0,True,0,1,35.12954785677896,0,0,restarted_se3,0,49.46074262261391,3.8710329681634903,0,859,cache_read_only_not_online_fps,b18588ca73eff0bed9b27155081eb3c6df55568f77c0b4b80229d1c92a313cef,cached_perception_v2,0,0,0,,,0,0.0,0,22.400755435228348,1.3357773423194885,54.667552933096886,146.7618651240537,146.73602862976801,146.7618651240537,146.7634405162821,35.34149011564717,113.01916368850988
cracker_box_yalehand0_black10_5,859,36.15245220072495,36.05891104222801,2.522323191671456,2.56804598057976,0.09062824662892155,0.09227108772217493,1.0,1.0,-0.09354115849694011,0.04572278890830406,MODE_1_ACCEPT,simple,four_mode_relocalization_v2,0.0,0,0,0,True,0,1,36.05891104222801,0,0,restarted_se3,0,46.6462941840291,3.730950877070427,0,860,cache_read_only_not_online_fps,b18588ca73eff0bed9b27155081eb3c6df55568f77c0b4b80229d1c92a313cef,cached_perception_v2,0,0,0,,,0,0.0,0,19.687354564666748,1.920349895954132,52.29759495705366,147.31859792649007,147.29295962819023,147.31859792649007,147.32029499050435,36.15245220072495,113.1311421167226
cracker_box_yalehand0_black10_5,860,37.04843707436579,37.000117697057874,2.530990946706033,2.502645247901966,0.090939683102878,0.08992120894755701,1.0,1.0,-0.04831937730791935,-0.028345698804067343,MODE_1_ACCEPT,simple,four_mode_relocalization_v2,0.0,0,0,0,True,0,1,37.000117697057874,0,0,restarted_se3,0,46.3643679395318,2.9639946296811104,0,861,cache_read_only_not_online_fps,b18588ca73eff0bed9b27155081eb3c6df55568f77c0b4b80229d1c92a313cef,cached_perception_v2,0,0,0,,,0,0.0,0,20.620953291654587,1.4656111598014832,50.7939737290144,147.0546463428694,147.1342697430388,147.0546463428694,147.05667105102688,37.04843707436579,113.27814365168214
cracker_box_yalehand0_black10_5,861,37.835162660124624,37.946618475850016,2.595817933794475,2.575655430215368,0.093268946931344,0.09254449879041685,1.0,1.0,0.11145581572539243,-0.020162503579106872,MODE_1_ACCEPT,simple,four_mode_relocalization_v2,0.0,0,0,0,True,0,1,37.835162660124624,0,0,restarted_se3,0,44.2956667393446,4.128630273044109,0,862,cache_read_only_not_online_fps,b18588ca73eff0bed9b27155081eb3c6df55568f77c0b4b80229d1c92a313cef,cached_perception_v2,0,0,0,,,0,0.0,0,20.036842674016953,1.0226545855402946,49.446951597929,146.7193466368665,146.58085112908284,146.7193466368665,146.7216104211353,37.835162660124624,113.42434763932741
cracker_box_yalehand0_black10_5,862,38.935934798312054,38.59344867375033,2.629156748991094,2.650619916142966,0.09446682608336218,0.09523800767202634,1.0,1.0,-0.34248612456172367,0.02146316715187213,MODE_1_ACCEPT,simple,four_mode_relocalization_v2,0.0,0,0,0,True,0,1,38.59344867375033,0,0,restarted_se3,0,45.40940187871456,3.1756963580846786,0,863,cache_read_only_not_online_fps,b18588ca73eff0bed9b27155081eb3c6df55568f77c0b4b80229d1c92a313cef,cached_perception_v2,0,0,0,,,0,0.0,0,22.29508478194475,1.1128587648272514,49.69795700162649,146.2691988805432,146.15774756177845,146.2691988805432,146.27156647880116,38.935934798312054,113.566293832257
cracker_box_yalehand0_black10_5,863,39.98493928057791,40.058139901745484,2.5899106887621306,2.639098869226863,0.09305669686701579,0.09482405109232092,1.0,1.0,0.07320062116757242,0.0491881804647325,MODE_1_ACCEPT,simple,four_mode_relocalization_v2,0.0,0,0,0,True,0,1,39.98493928057791,0,0,restarted_se3,0,46.965159475803375,3.367059864103794,0,864,cache_read_only_not_online_fps,b18588ca73eff0bed9b27155081eb3c6df55568f77c0b4b80229d1c92a313cef,cached_perception_v2,0,0,0,,,0,0.0,0,19.805850461125374,1.0158196091651917,51.34803894907236,145.66077361000816,145.71108893621542,145.66077361000816,145.66327327568405,39.98493928057791,113.71119879059832
cracker_box_yalehand0_black10_5,864,40.96761344140388,40.97422829510789,2.615318905153584,2.5844415059061276,0.0939696259116081,0.09286018658063808,1.0,1.0,0.0066148537040149336,-0.03087739924745625,MODE_1_ACCEPT,simple,four_mode_relocalization_v2,0.0,0,0,0,True,0,1,40.96761344140388,0,0,restarted_se3,0,47.688478603959084,3.3517060801386833,0,865,cache_read_only_not_online_fps,b18588ca73eff0bed9b27155081eb3c6df55568f77c0b4b80229d1c92a313cef,cached_perception_v2,0,0,0,,,0,0.0,0,22.38930854946375,0.967223197221756,52.00740788131952,144.77550413489897,145.050421224194,144.77550413489897,144.7781652728903,40.96761344140388,113.85012425760783
cracker_box_yalehand0_black10_5,865,42.02675168067247,41.866576533127656,2.677215771069826,2.663012312768922,0.09619360912214076,0.09568327225249285,1.0,1.0,-0.16017514754481255,-0.014203458300904082,MODE_1_ACCEPT,simple,four_mode_relocalization_v2,0.0,0,0,0,True,0,1,41.866576533127656,0,0,restarted_se3,0,44.34209689497948,2.9251109808683395,0,866,cache_read_only_not_online_fps,b18588ca73eff0bed9b27155081eb3c6df55568f77c0b4b80229d1c92a313cef,cached_perception_v2,0,0,0,,,0,0.0,0,20.161017775535583,1.0626604780554771,48.329868353903294,143.9638318425193,144.2104926082267,143.9638318425193,143.96665522122106,42.02675168067247,114.00939277447802
cracker_box_yalehand0_black10_5,866,42.652031874721544,42.89991722440654,2.6541198047813164,2.712933408097092,0.09536376030029281,0.0974769604500744,1.0,1.0,0.2478853496849993,0.058813603315775786,MODE_1_ACCEPT,simple,four_mode_relocalization_v2,0.0,0,0,0,True,0,1,42.652031874721544,0,0,restarted_se3,0,46.67280148714781,3.612414002418518,0,867,cache_read_only_not_online_fps,b18588ca73eff0bed9b27155081eb3c6df55568f77c0b4b80229d1c92a313cef,cached_perception_v2,0,0,0,,,0,0.0,0,23.03972002118826,1.0880958288908005,51.37331131845713,143.29746785943976,143.36865598402505,143.29746785943976,143.30036165731318,42.652031874721544,114.16091189666497
cracker_box_yalehand0_black10_5,867,43.373100772489956,43.107822761894894,2.7134812371360617,2.688723077414598,0.09749664420250476,0.09660707199672086,1.0,1.0,-0.2652780105950612,-0.02475815972146389,MODE_1_ACCEPT,simple,four_mode_relocalization_v2,0.0,0,0,0,True,0,1,43.107822761894894,0,0,restarted_se3,0,46.38043884187937,3.5656532272696495,0,868,cache_read_only_not_online_fps,b18588ca73eff0bed9b27155081eb3c6df55568f77c0b4b80229d1c92a313cef,cached_perception_v2,0,0,0,,,0,0.0,0,20.657474175095558,0.9337104856967926,50.87980255484581,142.8293620422335,142.72528739006768,142.8293620422335,142.83234068839835,43.373100772489956,114.32668032889327
cracker_box_yalehand0_black10_5,868,44.380813854783206,44.03965094123384,2.700038911363088,2.750010356448305,0.09701365517895616,0.09880915246675043,1.0,1.0,-0.34116291354936834,0.049971445085217336,MODE_1_ACCEPT,simple,four_mode_relocalization_v2,0.0,0,0,0,True,0,1,44.03965094123384,0,0,restarted_se3,0,48.88228513300419,3.1758947297930717,0,869,cache_read_only_not_online_fps,b18588ca73eff0bed9b27155081eb3c6df55568f77c0b4b80229d1c92a313cef,cached_perception_v2,0,0,0,,,0,0.0,0,19.490336999297142,0.959327444434166,53.017507307231426,142.82849213144317,142.49495137624433,142.82849213144317,142.83151269966504,44.380813854783206,114.46333622889895
cracker_box_yalehand0_black10_5,869,44.667168589969414,45.30612662505624,2.7482096284802395,2.7153054399460816,0.09874445147246852,0.09756218865878757,1.0,1.0,0.6389580350868229,-0.032904188534157885,MODE_1_ACCEPT,simple,four_mode_relocalization_v2,0.0,0,0,0,True,0,1,44.667168589969414,0,0,restarted_se3,0,49.630907364189625,3.3192113041877747,0,870,cache_read_only_not_online_fps,b18588ca73eff0bed9b27155081eb3c6df55568f77c0b4b80229d1c92a313cef,cached_perception_v2,0,0,0,,,0,0.0,0,21.363813430070877,0.8897623047232628,53.83988097310066,142.44264146980797,142.3985946599007,142.44264146980797,142.44568814979039,44.667168589969414,114.61175737750435
cracker_box_yalehand0_black10_5,870,45.21710384110039,45.0873384004793,2.753296334290834,2.772827791304164,0.09892721918052969,0.09962899352454357,1.0,1.0,-0.1297654406210924,0.019531457013330034,MODE_3_RELOCALIZE,simple,four_mode_relocalization_v2,,0,0,0,False,1,1,45.0873384004793,0,0,restarted_se3,1,46.53611499816179,2.942657098174095,0,871,cache_read_only_not_online_fps,b18588ca73eff0bed9b27155081eb3c6df55568f77c0b4b80229d1c92a313cef,cached_perception_v2,1,1,1,0.36117104021157537,,1,2494.5250460878015,0,22.57042657583952,2494.5250460878015,2544.0038181841373,142.27648536580645,142.3597888178352,142.27648536580645,142.27948647018326,0.36117104021157537,114.76748408631656
cracker_box_yalehand0_black10_5,871,1.3334236949304654,48.18823713180052,1.3764047057334912,1.3393489419190938,0.049454861908382726,0.04812343106197765,0.7946843853820601,0.7946843853820601,46.85481343687005,-0.03705576381439735,MODE_1_ACCEPT,simple,four_mode_relocalization_v2,0.0,0,0,0,True,0,1,1.3334236949304654,0,0,restarted_se3,0,47.359065152704716,2.482350915670395,0,872,cache_read_only_not_online_fps,b18588ca73eff0bed9b27155081eb3c6df55568f77c0b4b80229d1c92a313cef,cached_perception_v2,0,0,0,,,0,0.0,0,14.999005943536758,0.9459163993597031,50.787332467734814,142.57079280854163,142.51096544962633,142.57079280854163,142.5737303906968,1.3334236949304654,114.9043481806671
cracker_box_yalehand0_black10_5,872,2.568092275105838,2.543870739218047,1.7020281944348452,1.7184199722542597,0.06115466546235966,0.061743629671153204,0.7946843853820601,0.7946843853820601,-0.0242215358877913,0.016391777819414477,MODE_3_RELOCALIZE,simple,four_mode_relocalization_v2,,0,0,0,False,1,1,2.543870739218047,0,0,restarted_se3,1,45.06498668342829,2.4247393012046814,0,873,cache_read_only_not_online_fps,b18588ca73eff0bed9b27155081eb3c6df55568f77c0b4b80229d1c92a313cef,cached_perception_v2,1,1,1,0.3776930710236149,,1,2509.906127117574,0,15.112707391381264,2509.906127117574,2557.395853102207,142.8746808388869,142.8782537415998,142.8746808388869,142.87754275820416,0.3776930710236149,115.04485850690551
cracker_box_yalehand0_black10_5,873,1.3285949099325143,1.4845255516649865,1.412358386317298,1.0984580331995235,0.05074669439120086,0.03946810855684093,0.7946843853820601,0.3888888888888889,0.15593064173247217,-0.3139003531177744,MODE_1_ACCEPT,simple,four_mode_relocalization_v2,0.0,0,0,0,True,0,1,1.3285949099325143,0,0,restarted_se3,0,48.5411211848259,2.6233531534671783,0,874,cache_read_only_not_online_fps,b18588ca73eff0bed9b27155081eb3c6df55568f77c0b4b80229d1c92a313cef,cached_perception_v2,0,0,0,,,0,0.0,0,15.472307801246643,1.0036816820502281,52.168156020343304,143.17406871301222,143.27352265922877,143.17406871301222,143.1768572874291,1.3285949099325143,115.22279134322669
cracker_box_yalehand0_black10_5,874,2.5440224968521243,2.5268050205197192,1.7129539470104413,1.7351689085840658,0.06154723283925142,0.062345426751512244,0.7946843853820601,0.7946843853820601,-0.017217476332405113,0.02221496157362446,MODE_3_RELOCALIZE,simple,four_mode_relocalization_v2,,0,0,0,False,1,1,2.5268050205197192,0,0,restarted_se3,1,46.0232337936759,3.964499570429325,0,875,cache_read_only_not_online_fps,b18588ca73eff0bed9b27155081eb3c6df55568f77c0b4b80229d1c92a313cef,cached_perception_v2,1,1,1,0.3963289497457709,,1,2505.876896902919,0,22.277165204286575,2505.876896902919,2555.864630267024,143.8355447897006,143.78561633821326,143.8355447897006,143.83823270672642,0.3963289497457709,115.36147399442139
cracker_box_yalehand0_black10_5,875,1.3260566661254298,1.4891964045231254,1.4960790512278725,1.110050173369135,0.05375481686040153,0.03988461955024475,0.7946843853820601,0.5121951219512195,0.16313973839769558,-0.3860288778587375,MODE_1_ACCEPT,simple,four_mode_relocalization_v2,0.0,0,0,0,True,0,1,1.3260566661254298,0,0,restarted_se3,0,49.85271114856005,2.4183364585042,0,876,cache_read_only_not_online_fps,b18588ca73eff0bed9b27155081eb3c6df55568f77c0b4b80229d1c92a313cef,cached_perception_v2,0,0,0,,,0,0.0,0,20.938153378665447,0.9388579055666924,53.20990551263094,144.36257793194312,144.38780747504364,144.36257793194312,144.3651249835059,1.3260566661254298,115.52227641456265
cracker_box_yalehand0_black10_5,876,2.472274255609929,2.528661722481525,1.7230648215163904,1.7219512105441093,0.061910521267706936,0.06187050870699393,0.7946843853820601,0.7946843853820601,0.056387466871596015,-0.0011136109722811316,MODE_3_RELOCALIZE,simple,four_mode_relocalization_v2,,0,0,0,False,1,1,2.472274255609929,0,0,restarted_se3,1,47.84216918051243,3.3887382596731186,0,877,cache_read_only_not_online_fps,b18588ca73eff0bed9b27155081eb3c6df55568f77c0b4b80229d1c92a313cef,cached_perception_v2,1,1,1,0.4393735753472876,,1,2503.3517936244607,0,24.98156949877739,2503.3517936244607,2554.5827010646462,144.65881125226525,144.83126320880325,144.65881125226525,144.66124866278753,0.4393735753472876,115.64508302803776
cracker_box_yalehand0_black10_5,877,1.34821428610979,1.4601112462438108,1.443276316359866,1.0992928556609858,0.051857590012509724,0.039498104116560864,0.7946843853820601,0.3888888888888889,0.11189696013402073,-0.3439834606988803,MODE_3_RELOCALIZE,simple,four_mode_relocalization_v2,,0,0,0,False,1,1,1.34821428610979,0,0,restarted_se3,1,48.14864508807659,2.9822979122400284,0,878,cache_read_only_not_online_fps,b18588ca73eff0bed9b27155081eb3c6df55568f77c0b4b80229d1c92a313cef,cached_perception_v2,1,1,1,0.424678278401787,,1,2499.6001636609435,0,21.7825910076499,2499.6001636609435,2550.73110666126,145.18746253189883,145.22520464094822,145.18746253189883,145.18950499488304,0.424678278401787,115.82493038629713
cracker_box_yalehand0_black10_5,878,1.296549172457354,0.41119797042335343,1.446510317314333,0.759618738143971,0.05197378917250134,0.027293454927495697,0.7946843853820601,0.0891009055627426,-0.8853512020340004,-0.686891579170362,MODE_1_ACCEPT,simple,four_mode_relocalization_v2,0.0,0,0,0,False,0,0,0.41119797042335343,0,0,restarted_se3,0,46.227321960031986,2.5272760540246964,0,879,cache_read_only_not_online_fps,b18588ca73eff0bed9b27155081eb3c6df55568f77c0b4b80229d1c92a313cef,cached_perception_v2,0,0,0,,,0,0.0,0,21.152216009795666,1.1408496648073196,49.895447678864,145.4997168514781,145.38730563063137,145.4997168514781,145.50078042479058,1.296549172457354,115.98205545339393
cracker_box_yalehand0_black10_5,879,2.432335352701064,2.484833573307787,1.6951350548443802,1.6875680329327836,0.06090699174754191,0.060635105127177374,0.7946843853820601,0.7946843853820601,0.052498220606723045,-0.007567021911596639,MODE_1_ACCEPT,simple,four_mode_relocalization_v2,0.0,0,0,0,True,0,1,2.432335352701064,0,0,restarted_se3,0,46.21369019150734,3.6066845059394836,0,880,cache_read_only_not_online_fps,b18588ca73eff0bed9b27155081eb3c6df55568f77c0b4b80229d1c92a313cef,cached_perception_v2,0,0,0,,,0,0.0,0,21.752309054136276,1.4429781585931778,51.26335285604,145.03205422270045,145.11205301034616,145.03205422270045,145.03238228302058,2.432335352701064,116.13226445829774
cracker_box_yalehand0_black10_5,880,3.428903935507483,3.416851794869265,1.7959469301752486,1.7876830620464967,0.06452920936453002,0.06423228473514297,0.7946843853820601,0.7946843853820601,-0.012052140638218134,-0.008263868128751906,MODE_1_ACCEPT,simple,four_mode_relocalization_v2,0.0,0,0,0,True,0,1,3.416851794869265,0,0,restarted_se3,0,45.31201347708702,4.2174579575657845,0,881,cache_read_only_not_online_fps,b18588ca73eff0bed9b27155081eb3c6df55568f77c0b4b80229d1c92a313cef,cached_perception_v2,0,0,0,,,0,0.0,0,22.01678603887558,0.9287865832448006,50.458258017897606,144.19105400574878,144.4585991391626,144.19105400574878,144.19140597725345,3.428903935507483,116.31391943251263
cracker_box_yalehand0_black10_5,881,4.878249023255475,5.007057825263475,1.8157304376360932,1.8157086186194895,0.06524003999847365,0.0652392560310485,0.7946843853820601,0.7946843853820601,0.12880880200799982,-2.1819016603696895e-05,MODE_1_ACCEPT,simple,four_mode_relocalization_v2,0.0,0,0,0,True,0,1,4.878249023255475,0,0,restarted_se3,0,47.31169901788235,2.2105639800429344,0,882,cache_read_only_not_online_fps,b18588ca73eff0bed9b27155081eb3c6df55568f77c0b4b80229d1c92a313cef,cached_perception_v2,0,0,0,,,0,0.0,0,21.13423589617014,1.1049704626202583,50.62723346054554,143.7552613219372,143.816633226568,143.7552613219372,143.75563423453139,4.878249023255475,116.45909633744
cracker_box_yalehand0_black10_5,882,6.968565182629318,6.92262438373691,1.8427184831790375,1.8350089944637984,0.06620973304002148,0.06593272752107188,0.9274193548387096,0.9274193548387096,-0.0459407988924081,-0.007709488715239132,MODE_1_ACCEPT,simple,four_mode_relocalization_v2,0.0,0,0,0,True,0,1,6.92262438373691,0,0,restarted_se3,0,46.10886704176664,2.597731538116932,0,883,cache_read_only_not_online_fps,b18588ca73eff0bed9b27155081eb3c6df55568f77c0b4b80229d1c92a313cef,cached_perception_v2,0,0,0,,,0,0.0,0,20.636091008782387,0.9682178497314453,49.67481642961502,143.3593804497928,143.35834095542452,143.3593804497928,143.35973937659963,6.968565182629318,116.63893256109459
cracker_box_yalehand0_black10_5,883,8.926930150889858,9.179907335985622,1.8748118529546562,1.8649649212142267,0.06736286275820424,0.06700905791620125,0.9274193548387096,0.9274193548387096,0.25297718509576406,-0.009846931740429499,MODE_1_ACCEPT,simple,four_mode_relocalization_v2,0.0,0,0,0,True,0,1,8.926930150889858,0,0,restarted_se3,0,47.17536550015211,2.8410786762833595,0,884,cache_read_only_not_online_fps,b18588ca73eff0bed9b27155081eb3c6df55568f77c0b4b80229d1c92a313cef,cached_perception_v2,0,0,0,,,0,0.0,0,18.833748064935207,0.84737129509449,50.86381547152996,142.90747096049822,142.9845801012438,142.90747096049822,142.92101084053016,8.926930150889858,116.79497991088034
cracker_box_yalehand0_black10_5,884,10.666971978893105,10.883304442327443,1.9373353317882975,1.9218656855656706,0.06960936046259972,0.06905352887140805,0.9274193548387096,0.9274193548387096,0.21633246343433754,-0.01546964622262692,MODE_1_ACCEPT,simple,four_mode_relocalization_v2,0.0,0,0,0,True,0,1,10.666971978893105,0,0,restarted_se3,0,46.529567800462246,2.8715431690216064,0,885,cache_read_only_not_online_fps,b18588ca73eff0bed9b27155081eb3c6df55568f77c0b4b80229d1c92a313cef,cached_perception_v2,0,0,0,,,0,0.0,0,20.688170567154884,0.9193215519189835,50.320432521402836,142.45621899346588,142.57471856550657,142.45621899346588,142.45658071418745,10.666971978893105,116.9642815410089
cracker_box_yalehand0_black10_5,885,11.661433729316668,12.367513689377843,1.9683061155445056,1.9727065160132733,0.07072215514244748,0.07088026358004434,0.9274193548387096,0.9274193548387096,0.7060799600611745,0.004400400468767662,MODE_1_ACCEPT,simple,four_mode_relocalization_v2,0.0,0,0,0,True,0,1,11.661433729316668,0,0,restarted_se3,0,48.690435476601124,3.3798376098275185,0,886,cache_read_only_not_online_fps,b18588ca73eff0bed9b27155081eb3c6df55568f77c0b4b80229d1c92a313cef,cached_perception_v2,0,0,0,,,0,0.0,0,22.403177805244923,0.8427854627370834,52.913058549165726,142.4693868986803,142.36670119770443,142.4693868986803,142.46975285455443,11.661433729316668,117.13098408114288
cracker_box_yalehand0_black10_5,886,12.640932591419343,12.670219323704119,2.015636633819121,2.0403581041855987,0.07242276270036477,0.07331101664054204,0.9274193548387096,0.9274193548387096,0.02928673228477585,0.02472147036647776,MODE_1_ACCEPT,simple,four_mode_relocalization_v2,0.0,0,0,0,True,0,1,12.640932591419343,0,0,restarted_se3,0,48.72949328273535,3.1498754397034645,0,887,cache_read_only_not_online_fps,b18588ca73eff0bed9b27155081eb3c6df55568f77c0b4b80229d1c92a313cef,cached_perception_v2,0,0,0,,,0,0.0,0,21.380123682320118,1.1572139337658882,53.0365826562047,142.52530192716068,142.38282487641908,142.52530192716068,142.5256561750922,12.640932591419343,117.30092808819444
cracker_box_yalehand0_black10_5,887,13.461261214627493,13.740152037659536,2.069342360564865,2.067271413550715,0.07435243446684184,0.07427802437642458,0.9274193548387096,0.9274193548387096,0.27889082303204304,-0.002070947014150004,MODE_1_ACCEPT,simple,four_mode_relocalization_v2,0.0,0,0,0,True,0,1,13.461261214627493,0,0,restarted_se3,0,45.43373081833124,3.8635293021798134,0,888,cache_read_only_not_online_fps,b18588ca73eff0bed9b27155081eb3c6df55568f77c0b4b80229d1c92a313cef,cached_perception_v2,0,0,0,,,0,0.0,0,22.212323732674122,0.9498121216893196,50.247072242200375,142.65417663156413,142.58220877231878,142.65417663156413,142.65452355417025,13.461261214627493,117.48317496529279
cracker_box_yalehand0_black10_5,888,14.788074602988308,14.55179044094797,2.112506990072532,2.109244272402954,0.07590335970179343,0.07578612873685783,0.9274193548387096,0.9274193548387096,-0.23628416204033797,-0.0032627176695783078,MODE_1_ACCEPT,simple,four_mode_relocalization_v2,0.0,0,0,0,True,0,1,14.55179044094797,0,0,restarted_se3,0,46.356186270713806,3.391854465007782,0,889,cache_read_only_not_online_fps,b18588ca73eff0bed9b27155081eb3c6df55568f77c0b4b80229d1c92a313cef,cached_perception_v2,0,0,0,,,0,0.0,0,21.090086549520493,1.3207178562879562,51.068758592009544,142.88930033444177,142.9242588786553,142.88930033444177,142.88963310796512,14.788074602988308,117.65920165752992
cracker_box_yalehand0_black10_5,889,15.700289213348109,16.179414867017215,2.136396018667944,2.1734287325969817,0.07676170362156512,0.07809230627485758,0.9274193548387096,1.0,0.4791256536691062,0.03703271392903762,MODE_1_ACCEPT,simple,four_mode_relocalization_v2,0.0,0,0,0,True,0,1,15.700289213348109,0,0,restarted_se3,0,47.76138998568058,3.8795936852693558,0,890,cache_read_only_not_online_fps,b18588ca73eff0bed9b27155081eb3c6df55568f77c0b4b80229d1c92a313cef,cached_perception_v2,0,0,0,,,0,0.0,0,20.88320255279541,1.1035986244678497,52.744582295417786,143.00095662143937,143.19978295112762,143.00095662143937,143.0012719414843,15.700289213348109,117.84360273595422
cracker_box_yalehand0_black10_5,890,17.062349313777382,16.886371424650797,2.1620924721132373,2.1612467377514353,0.07768498915770033,0.07765460152832078,1.0,1.0,-0.1759778891265853,-0.0008457343618020197,MODE_1_ACCEPT,simple,four_mode_relocalization_v2,0.0,0,0,0,True,0,1,16.886371424650797,0,0,restarted_se3,0,39.77549262344837,3.5494016483426094,0,891,cache_read_only_not_online_fps,b18588ca73eff0bed9b27155081eb3c6df55568f77c0b4b80229d1c92a313cef,cached_perception_v2,0,0,0,,,0,0.0,0,21.179577335715294,0.933036208152771,44.25793047994375,143.11821903494408,143.3220957820004,143.11821903494408,143.11852531450754,17.062349313777382,118.0237629609679
cracker_box_yalehand0_black10_5,891,18.13716340461408,18.486667787580984,2.21235675346743,2.1865333665079865,0.07949100818897864,0.07856316187258186,1.0,1.0,0.3495043829669058,-0.02582338695944353,MODE_1_ACCEPT,simple,four_mode_relocalization_v2,0.0,0,0,0,True,0,1,18.13716340461408,0,0,restarted_se3,0,38.50501589477062,3.6226175725460052,0,892,cache_read_only_not_online_fps,b18588ca73eff0bed9b27155081eb3c6df55568f77c0b4b80229d1c92a313cef,cached_perception_v2,0,0,0,,,0,0.0,0,20.663234405219555,0.9855451062321663,43.113178573548794,143.5105521909552,143.5547730729815,143.5105521909552,143.51088643003615,18.13716340461408,118.31537232917522
cracker_box_yalehand0_black10_5,892,19.040139157233664,19.23540600963409,2.255994796760453,2.2635434159034764,0.08105894340165172,0.08133016880197338,1.0,1.0,0.19526685240042596,0.007548619143023405,MODE_1_ACCEPT,simple,four_mode_relocalization_v2,0.0,0,0,0,True,0,1,19.040139157233664,0,0,restarted_se3,0,37.911055609583855,3.4899963065981865,0,893,cache_read_only_not_online_fps,b18588ca73eff0bed9b27155081eb3c6df55568f77c0b4b80229d1c92a313cef,cached_perception_v2,0,0,0,,,0,0.0,0,22.543628700077534,1.505885273218155,42.906937189400196,143.92631323740417,143.83890028432452,143.92631323740417,143.92657271283932,19.040139157233664,118.49739939287728
cracker_box_yalehand0_black10_5,893,20.474143432212095,19.889789252677797,2.302085742406115,2.313318013481962,0.0827150125378861,0.08311859326720183,1.0,1.0,-0.5843541795342979,0.01123227107584679,MODE_1_ACCEPT,simple,four_mode_relocalization_v2,0.0,0,0,0,True,0,1,19.889789252677797,0,0,restarted_se3,0,38.73096499592066,3.5128165036439896,0,894,cache_read_only_not_online_fps,b18588ca73eff0bed9b27155081eb3c6df55568f77c0b4b80229d1c92a313cef,cached_perception_v2,0,0,0,,,0,0.0,0,20.059716887772083,1.1730873957276344,43.41686889529228,144.26135599962333,144.24978581693506,144.26135599962333,144.26164820059293,20.474143432212095,118.90641424605633
cracker_box_yalehand0_black10_5,894,22.051955775688985,21.959753548511284,2.3425172720149523,2.3415463007910855,0.08416773622098639,0.08413284877284463,1.0,1.0,-0.09220222717770099,-0.0009709712238668011,MODE_1_ACCEPT,simple,four_mode_relocalization_v2,0.0,0,0,0,True,0,1,21.959753548511284,0,0,restarted_se3,0,38.52056618779898,4.39042504876852,0,895,cache_read_only_not_online_fps,b18588ca73eff0bed9b27155081eb3c6df55568f77c0b4b80229d1c92a313cef,cached_perception_v2,0,0,0,,,0,0.0,0,20.699000917375088,1.1881748214364052,44.0991660580039,144.48256721092096,144.57031744890185,144.48256721092096,144.4828573512865,22.051955775688985,119.16806937538038
cracker_box_yalehand0_black10_5,895,23.670137438555702,23.421879594980176,2.402051760588467,2.3928419776156598,0.08630683811371084,0.08597592632357451,1.0,1.0,-0.2482578435755265,-0.009209782972807279,MODE_1_ACCEPT,simple,four_mode_relocalization_v2,0.0,0,0,0,True,0,1,23.421879594980176,0,0,restarted_se3,0,39.57028966397047,3.5261446610093117,0,896,cache_read_only_not_online_fps,b18588ca73eff0bed9b27155081eb3c6df55568f77c0b4b80229d1c92a313cef,cached_perception_v2,0,0,0,,,0,0.0,0,21.907005459070206,1.4088340103626251,44.50526833534241,144.5379369678484,144.6021290743574,144.5379369678484,144.5381679697906,23.670137438555702,119.45258666849779
cracker_box_yalehand0_black10_5,896,24.73381156664683,25.390224061780792,2.450896918356461,2.456355180145394,0.08806186737381644,0.08825798526116967,1.0,1.0,0.6564124951339636,0.005458261788933161,MODE_1_ACCEPT,simple,four_mode_relocalization_v2,0.0,0,0,0,True,0,1,24.73381156664683,0,0,restarted_se3,0,44.233331456780434,3.897896036505699,0,897,cache_read_only_not_online_fps,b18588ca73eff0bed9b27155081eb3c6df55568f77c0b4b80229d1c92a313cef,cached_perception_v2,0,0,0,,,0,0.0,0,21.500051952898502,1.4390498399734497,49.57027733325958,145.2425474246736,145.09805552107798,145.2425474246736,145.24292918510733,24.73381156664683,120.12353621387597
cracker_box_yalehand0_black10_5,897,26.217395055977143,25.900252182910783,2.466608653146051,2.476543500586188,0.08862639731993155,0.08898336101395714,1.0,1.0,-0.31714287306635924,0.009934847440137062,MODE_1_ACCEPT,simple,four_mode_relocalization_v2,0.0,0,0,0,True,0,1,25.900252182910783,0,0,restarted_se3,0,45.49917206168175,3.129861317574978,0,898,cache_read_only_not_online_fps,b18588ca73eff0bed9b27155081eb3c6df55568f77c0b4b80229d1c92a313cef,cached_perception_v2,0,0,0,,,0,0.0,0,20.593968220055103,1.5067337080836296,50.135767087340355,145.55507887952047,145.37823054762376,145.55507887952047,145.5557434387557,26.217395055977143,120.4026225398083
cracker_box_yalehand0_black10_5,898,27.844099019206826,27.97683033847055,2.482342195281081,2.4818065042616038,0.08919171081412146,0.08917246318638272,1.0,1.0,0.13273131926372272,-0.000535691019477369,MODE_1_ACCEPT,simple,four_mode_relocalization_v2,0.0,0,0,0,True,0,1,27.844099019206826,0,0,restarted_se3,0,46.263485215604305,3.66393756121397,0,899,cache_read_only_not_online_fps,b18588ca73eff0bed9b27155081eb3c6df55568f77c0b4b80229d1c92a313cef,cached_perception_v2,0,0,0,,,0,0.0,0,20.479115657508373,1.4898600056767464,51.41728278249502,144.80007401585337,144.97071448745734,144.80007401585337,144.80110134895352,27.844099019206826,120.56640426458446
cracker_box_yalehand0_black10_5,899,28.727227270352245,29.263629142848067,2.51714252438134,2.490273602052245,0.09044210284115425,0.08947668995214184,1.0,1.0,0.5364018724958228,-0.02686892232909477,MODE_1_ACCEPT,simple,four_mode_relocalization_v2,0.0,0,0,0,True,0,1,28.727227270352245,0,0,restarted_se3,0,44.08784583210945,3.9905523881316185,0,900,cache_read_only_not_online_fps,b18588ca73eff0bed9b27155081eb3c6df55568f77c0b4b80229d1c92a313cef,cached_perception_v2,0,0,0,,,0,0.0,0,20.963394083082676,1.4421287924051285,49.5205270126462,144.17116384924475,144.24099180866367,144.17116384924475,144.17254457112588,28.727227270352245,120.77771403656779
cracker_box_yalehand0_black10_5,900,29.83332711335497,29.696150646052068,2.5549912734518543,2.5300942444636556,0.09180202601701248,0.09090746417381956,1.0,1.0,-0.13717646730290056,-0.024897028988198677,MODE_1_ACCEPT,simple,four_mode_relocalization_v2,0.0,0,0,0,True,0,1,29.696150646052068,0,0,restarted_se3,0,44.95780449360609,1.9187554717063904,0,901,cache_read_only_not_online_fps,b18588ca73eff0bed9b27155081eb3c6df55568f77c0b4b80229d1c92a313cef,cached_perception_v2,0,0,0,,,0,0.0,0,20.556396804749966,1.1278307065367699,48.00439067184925,143.3540299016649,143.51005836164532,143.3540299016649,143.35564230428582,29.83332711335497,121.2824065974223
cracker_box_yalehand0_black10_5,901,32.304282328223074,32.530786354791175,2.626265181933879,2.6490186416217805,0.09436293073273042,0.09518047313295308,1.0,1.0,0.22650402656810087,0.022753459687901323,MODE_1_ACCEPT,simple,four_mode_relocalization_v2,0.0,0,0,0,True,0,1,32.304282328223074,0,0,restarted_se3,0,46.34710680693388,3.7527913227677345,0,902,cache_read_only_not_online_fps,b18588ca73eff0bed9b27155081eb3c6df55568f77c0b4b80229d1c92a313cef,cached_perception_v2,0,0,0,,,0,0.0,0,20.88096644729376,0.9937277063727379,51.09362583607435,143.82699470706243,143.82710344990522,143.82699470706243,143.82885201016674,32.304282328223074,121.69626447095692
cracker_box_yalehand0_black10_5,902,33.35136851353496,33.64691677265961,2.536699001534273,2.650503793921455,0.09114477617043304,0.09523383534654284,1.0,1.0,0.29554825912465077,0.11380479238718166,MODE_1_ACCEPT,simple,four_mode_relocalization_v2,0.0,0,0,0,True,0,1,33.35136851353496,0,0,restarted_se3,0,31.689618714153767,2.5918204337358475,0,903,cache_read_only_not_online_fps,b18588ca73eff0bed9b27155081eb3c6df55568f77c0b4b80229d1c92a313cef,cached_perception_v2,0,0,0,,,0,0.0,0,22.618722170591354,1.008003018796444,35.28944216668606,142.89664955020615,143.02782864972826,142.89664955020615,142.956858293748,33.35136851353496,121.87175755830428
cracker_box_yalehand0_black10_5,903,34.372054758471414,34.39418427332659,2.54450966948561,2.5413007389984155,0.09142541710644303,0.09131011874001291,1.0,1.0,0.022129514855173227,-0.0032089304871947277,MODE_1_ACCEPT,simple,four_mode_relocalization_v2,0.0,0,0,0,True,0,1,34.372054758471414,0,0,restarted_se3,0,45.059784315526485,3.4452900290489197,0,904,cache_read_only_not_online_fps,b18588ca73eff0bed9b27155081eb3c6df55568f77c0b4b80229d1c92a313cef,cached_perception_v2,0,0,0,,,0,0.0,0,20.60310821980238,0.8741253986954689,49.379199743270874,141.58351560734576,141.93574245705918,141.58351560734576,141.58571703673198,34.372054758471414,122.02590784155625
cracker_box_yalehand0_black10_5,904,35.6627866784873,35.540943715680875,2.617007577063212,2.530354014642434,0.09403030067953888,0.09091679783728779,1.0,1.0,-0.1218429628064257,-0.08665356242077804,MODE_1_ACCEPT,simple,four_mode_relocalization_v2,0.0,0,0,0,True,0,1,35.540943715680875,0,0,restarted_se3,0,44.30466424673796,3.3554499968886375,0,905,cache_read_only_not_online_fps,b18588ca73eff0bed9b27155081eb3c6df55568f77c0b4b80229d1c92a313cef,cached_perception_v2,0,0,0,,,0,0.0,0,20.121333189308643,0.9474670514464378,48.60758129507303,140.95162716170228,141.0518306616049,140.95162716170228,140.91231915088608,35.6627866784873,122.35445647018221
cracker_box_yalehand0_black10_5,905,36.9336599518618,37.07729200532366,2.628104189755036,2.6908044043706996,0.09442900713995636,0.09668185504328516,1.0,1.0,0.14363205346186447,0.06270021461566344,MODE_1_ACCEPT,simple,four_mode_relocalization_v2,0.0,0,0,0,True,0,1,36.9336599518618,0,0,restarted_se3,0,46.2395865470171,2.9562870040535927,0,906,cache_read_only_not_online_fps,b18588ca73eff0bed9b27155081eb3c6df55568f77c0b4b80229d1c92a313cef,cached_perception_v2,0,0,0,,,0,0.0,0,20.37642803043127,0.941992737352848,50.13786628842354,140.3507115280469,140.32316156732892,140.3507115280469,140.35321427385742,36.9336599518618,122.49941353899871
cracker_box_yalehand0_black10_5,906,38.35731881444934,38.95058649427086,2.6670796847599214,2.6515514417209243,0.09582941482183091,0.09527147781974535,1.0,1.0,0.5932676798215155,-0.015528243038997136,MODE_1_ACCEPT,simple,four_mode_relocalization_v2,0.0,0,0,0,True,0,1,38.35731881444934,0,0,restarted_se3,0,46.71658109873533,2.6270728558301926,0,907,cache_read_only_not_online_fps,b18588ca73eff0bed9b27155081eb3c6df55568f77c0b4b80229d1c92a313cef,cached_perception_v2,0,0,0,,,0,0.0,0,22.831983864307404,0.8296305313706398,50.173284485936165,140.0757797534012,139.95123966613778,140.0757797534012,140.0783490175128,38.35731881444934,122.656052826523
cracker_box_yalehand0_black10_5,907,40.35669076336303,39.84403781182409,2.668858195991215,2.7015155972570337,0.09589331755841685,0.09706671319064628,1.0,1.0,-0.5126529515389393,0.03265740126581873,MODE_1_ACCEPT,simple,four_mode_relocalization_v2,0.0,0,0,0,True,0,1,39.84403781182409,0,0,restarted_se3,0,45.59983965009451,2.455606125295162,0,908,cache_read_only_not_online_fps,b18588ca73eff0bed9b27155081eb3c6df55568f77c0b4b80229d1c92a313cef,cached_perception_v2,0,0,0,,,0,0.0,0,21.044843830168247,0.746777281165123,48.802223056554794,140.10889711831987,139.9934800166162,140.10889711831987,140.11150026022995,40.35669076336303,122.82424423364044
cracker_box_yalehand0_black10_5,908,42.052631952278944,42.90562155432277,2.695215304113108,2.7244157513763367,0.09684034072467224,0.09788952639008772,1.0,1.0,0.8529896020438272,0.02920044726322857,MODE_1_ACCEPT,simple,four_mode_relocalization_v2,0.0,0,0,0,True,0,1,42.052631952278944,0,0,restarted_se3,0,45.5563785508275,2.990410663187504,0,909,cache_read_only_not_online_fps,b18588ca73eff0bed9b27155081eb3c6df55568f77c0b4b80229d1c92a313cef,cached_perception_v2,0,0,0,,,0,0.0,0,19.86906211823225,0.767536461353302,49.31432567536831,139.54264902536258,139.87078594729167,139.54264902536258,139.5452968955831,42.052631952278944,122.959694828944
cracker_box_yalehand0_black10_5,909,44.22890694296038,43.81590024800764,2.6933989044071733,2.706734395485731,0.0967750766375522,0.09725422704078993,1.0,1.0,-0.4130066949527418,0.013335491078557471,MODE_1_ACCEPT,simple,four_mode_relocalization_v2,0.0,0,0,0,True,0,1,43.81590024800764,0,0,restarted_se3,0,45.51405739039183,2.6033958420157433,0,910,cache_read_only_not_online_fps,b18588ca73eff0bed9b27155081eb3c6df55568f77c0b4b80229d1c92a313cef,cached_perception_v2,0,0,0,,,0,0.0,0,21.780279465019703,0.7635969668626785,48.88105019927025,139.3675785835374,139.61804933404702,139.3675785835374,139.3437098986467,44.22890694296038,123.19860202605338
cracker_box_yalehand0_black10_5,910,46.31990789495452,46.63772815708347,2.7107082964123097,2.7337646804412694,0.09739701115126478,0.09822543776409826,1.0,1.0,0.3178202621289543,0.02305638402895971,MODE_1_ACCEPT,simple,four_mode_relocalization_v2,0.0,0,0,0,True,0,1,46.31990789495452,0,0,restarted_se3,0,46.817378140985966,2.032424323260784,0,911,cache_read_only_not_online_fps,b18588ca73eff0bed9b27155081eb3c6df55568f77c0b4b80229d1c92a313cef,cached_perception_v2,0,0,0,,,0,0.0,0,23.36343377828598,0.8540796115994453,49.703882075846195,140.115921932766,139.73718991457739,140.115921932766,139.69814217212453,46.31990789495452,123.47468043003738
cracker_box_yalehand0_black10_5,911,48.08410834437317,48.54765910375174,2.720261204109252,2.7298133220778724,0.09774025157249253,0.09808346361841397,1.0,1.0,0.4635507593785704,0.009552117968620433,MODE_1_ACCEPT,simple,four_mode_relocalization_v2,0.0,0,0,0,True,0,1,48.08410834437317,0,0,restarted_se3,0,47.60081321001053,2.783135510981083,0,912,cache_read_only_not_online_fps,b18588ca73eff0bed9b27155081eb3c6df55568f77c0b4b80229d1c92a313cef,cached_perception_v2,0,0,0,,,0,0.0,0,20.580241456627846,0.9100306779146194,51.29397939890623,140.20539805673457,139.9970806984503,140.20539805673457,140.20795429222102,48.08410834437317,123.5732568382963
cracker_box_yalehand0_black10_5,912,49.64675951751985,49.72850266036606,2.7350152604681655,2.7182003334960205,0.0982703716867141,0.09766620353185168,1.0,1.0,0.08174314284621431,-0.016814926972144928,MODE_1_ACCEPT,simple,four_mode_relocalization_v2,0.0,0,0,0,True,0,1,49.64675951751985,0,0,restarted_se3,0,45.34087888896465,3.9960434660315514,0,913,cache_read_only_not_online_fps,b18588ca73eff0bed9b27155081eb3c6df55568f77c0b4b80229d1c92a313cef,cached_perception_v2,0,0,0,,,0,0.0,0,19.702482968568802,1.047799363732338,50.38472171872854,140.42972331692678,140.41672445054644,140.42972331692678,140.432202921582,49.64675951751985,123.864538322095
cracker_box_yalehand0_black10_5,913,50.97981491462183,51.17844094638877,2.7850319764968616,2.7532913912364063,0.10006749558058498,0.0989270415742827,1.0,1.0,0.19862603176694194,-0.03174058526045531,MODE_1_ACCEPT,simple,four_mode_relocalization_v2,0.0,0,0,0,True,0,1,50.97981491462183,0,0,restarted_se3,0,46.66582588106394,3.602195531129837,0,914,cache_read_only_not_online_fps,b18588ca73eff0bed9b27155081eb3c6df55568f77c0b4b80229d1c92a313cef,cached_perception_v2,0,0,0,,,0,0.0,0,21.08395006507635,1.1120466515421867,51.38006806373596,141.05281913841844,140.89705465695565,141.05281913841844,141.05521621121127,50.97981491462183,123.95046193051655
cracker_box_yalehand0_black10_5,914,52.14478110258638,52.218071461694336,2.824764249167593,2.8520560833383986,0.1014950946363366,0.10247570294472247,1.0,1.0,0.07329035910795767,0.027291834170805718,MODE_1_ACCEPT,simple,four_mode_relocalization_v2,0.0,0,0,0,True,0,1,52.14478110258638,0,0,restarted_se3,0,46.90931178629398,4.025251604616642,0,915,cache_read_only_not_online_fps,b18588ca73eff0bed9b27155081eb3c6df55568f77c0b4b80229d1c92a313cef,cached_perception_v2,0,0,0,,,0,0.0,0,21.9569131731987,1.446802169084549,52.381365559995174,141.9777359552451,141.72689936295836,141.9777359552451,141.9794982674773,52.14478110258638,124.09085622833949
cracker_box_yalehand0_black10_5,915,53.57814061350356,53.21291095911307,2.8666830365910463,2.8533349945035544,0.10300125618515882,0.10252165481832651,1.0,1.0,-0.3652296543904896,-0.013348042087491852,MODE_1_ACCEPT,simple,four_mode_relocalization_v2,0.0,0,0,0,True,0,1,53.21291095911307,0,0,restarted_se3,0,46.086705289781094,3.5233646631240845,0,916,cache_read_only_not_online_fps,b18588ca73eff0bed9b27155081eb3c6df55568f77c0b4b80229d1c92a313cef,cached_perception_v2,0,0,0,,,0,0.0,0,23.094819858670235,3.0076447874307632,52.61771474033594,142.03651988139148,141.9411600508713,142.03651988139148,142.0376858631548,53.57814061350356,124.3373135790363
cracker_box_yalehand0_black10_5,916,54.73960646628547,54.71976279240879,2.885019018030686,2.8971238050587926,0.10366007653521625,0.10409500716892575,1.0,1.0,-0.01984367387668584,0.012104787028106578,MODE_1_ACCEPT,simple,four_mode_relocalization_v2,0.0,0,0,0,True,0,1,54.71976279240879,0,0,restarted_se3,0,45.203354209661484,4.3638721108436584,0,917,cache_read_only_not_online_fps,b18588ca73eff0bed9b27155081eb3c6df55568f77c0b4b80229d1c92a313cef,cached_perception_v2,0,0,0,,,0,0.0,0,23.721992038190365,2.295035868883133,51.862262189388275,141.63109379635495,141.6598872178413,141.63109379635495,141.6320228832903,54.73960646628547,124.49399399780496
cracker_box_yalehand0_black10_5,917,55.69915248733769,55.82551631259361,2.9036004484642137,2.925877408325298,0.1043277159819011,0.10512813752149575,1.0,1.0,0.12636382525591472,0.022276959861084134,MODE_1_ACCEPT,simple,four_mode_relocalization_v2,0.0,0,0,0,True,0,1,55.69915248733769,0,0,restarted_se3,0,46.82718496769667,4.394134506583214,0,918,cache_read_only_not_online_fps,b18588ca73eff0bed9b27155081eb3c6df55568f77c0b4b80229d1c92a313cef,cached_perception_v2,0,0,0,,,0,0.0,0,20.047069527208805,2.4878885596990585,53.70920803397894,141.38525536933952,141.38417364052594,141.38525536933952,141.38621971570387,55.69915248733769,124.66410702407312
cracker_box_yalehand0_black10_5,918,56.07799296196364,56.37851652383446,2.9013806875161947,2.9349139348251065,0.10424795893755462,0.10545282412589188,1.0,1.0,0.3005235618708255,0.03353324730891183,MODE_1_ACCEPT,simple,four_mode_relocalization_v2,0.0,0,0,0,True,0,1,56.07799296196364,0,0,restarted_se3,0,48.817102797329426,2.869701012969017,0,919,cache_read_only_not_online_fps,b18588ca73eff0bed9b27155081eb3c6df55568f77c0b4b80229d1c92a313cef,cached_perception_v2,0,0,0,,,0,0.0,0,20.94525285065174,2.7720052748918533,54.458809085190296,141.29909670077146,141.21629259254257,141.29909670077146,141.30004273192765,56.07799296196364,124.84031269155822
cracker_box_yalehand0_black10_5,919,56.089984833435025,56.072200651498406,2.9061525036503255,2.9169989711880397,0.10441941251293299,0.10480913114149984,1.0,1.0,-0.017784181936619348,0.010846467537714233,MODE_1_ACCEPT,simple,four_mode_relocalization_v2,0.0,0,0,0,True,0,1,56.072200651498406,0,0,restarted_se3,0,46.04679998010397,3.983023576438427,0,920,cache_read_only_not_online_fps,b18588ca73eff0bed9b27155081eb3c6df55568f77c0b4b80229d1c92a313cef,cached_perception_v2,0,0,0,,,0,0.0,0,20.467286929488182,2.063492313027382,52.09331586956978,140.99451549688936,141.01119226899817,140.99451549688936,140.9955540460479,56.089984833435025,125.02671849820439
cracker_box_yalehand0_black10_5,920,56.0398124791641,56.200450610636445,2.9240812144475767,2.8909614631151506,0.10506359943919091,0.1038735913538057,1.0,1.0,0.1606381314723464,-0.03311975133242617,MODE_1_ACCEPT,simple,four_mode_relocalization_v2,0.0,0,0,0,True,0,1,56.0398124791641,0,0,restarted_se3,0,44.88545935600996,3.4161899238824844,0,921,cache_read_only_not_online_fps,b18588ca73eff0bed9b27155081eb3c6df55568f77c0b4b80229d1c92a313cef,cached_perception_v2,0,0,0,,,0,0.0,0,14.23709373921156,2.363705076277256,50.6653543561697,140.6975644374667,140.74899527109545,140.6975644374667,140.69864539630657,56.0398124791641,125.17102334643997
cracker_box_yalehand0_black10_5,921,56.728609449759695,56.277094132598336,2.9420634937328507,2.9547323411030457,0.10570971110616409,0.10616490869058204,1.0,1.0,-0.45151531716135906,0.012668847370195024,MODE_1_ACCEPT,simple,four_mode_relocalization_v2,0.0,0,0,0,True,0,1,56.277094132598336,0,0,restarted_se3,0,46.261778101325035,4.137827083468437,0,922,cache_read_only_not_online_fps,b18588ca73eff0bed9b27155081eb3c6df55568f77c0b4b80229d1c92a313cef,cached_perception_v2,0,0,0,,,0,0.0,0,20.429402589797974,1.887178048491478,52.28678323328495,140.63970380770317,140.62527285755368,140.63970380770317,140.6408281260626,56.728609449759695,125.44055591372825
cracker_box_yalehand0_black10_5,922,57.53867923439407,57.50807534935566,2.975331792158263,2.96733968919505,0.10690505655776139,0.10661789657730153,1.0,1.0,-0.030603885038409828,-0.007992102963213288,MODE_1_ACCEPT,simple,four_mode_relocalization_v2,0.0,0,0,0,True,0,1,57.50807534935566,0,0,restarted_se3,0,48.22480212897062,4.113171249628067,0,923,cache_read_only_not_online_fps,b18588ca73eff0bed9b27155081eb3c6df55568f77c0b4b80229d1c92a313cef,cached_perception_v2,0,0,0,,,0,0.0,0,20.233900286257267,2.415238879621029,54.75321225821972,140.8533507739294,140.67855138765597,140.8533507739294,140.8545266958336,57.53867923439407,125.57885473315548
cracker_box_yalehand0_black10_5,923,58.36282594284265,58.53285628178341,3.0201373274476864,2.993853189071682,0.10851494030143019,0.1075705389721181,1.0,1.0,0.17003033894076225,-0.026284138376004407,MODE_1_ACCEPT,simple,four_mode_relocalization_v2,0.0,0,0,0,True,0,1,58.36282594284265,0,0,restarted_se3,0,45.326302759349346,4.339512437582016,0,924,cache_read_only_not_online_fps,b18588ca73eff0bed9b27155081eb3c6df55568f77c0b4b80229d1c92a313cef,cached_perception_v2,0,0,0,,,0,0.0,0,20.469789393246174,1.463501714169979,51.12931691110134,140.99929973016668,140.88016525506316,140.99929973016668,141.0005390965147,58.36282594284265,125.73684798661324
cracker_box_yalehand0_black10_5,924,59.698416465966694,59.41660142165775,3.0488329174351034,3.0717372144910966,0.10954598620987252,0.11036894826695812,1.0,1.0,-0.2818150443089422,0.022904297055993172,MODE_1_ACCEPT,simple,four_mode_relocalization_v2,0.0,0,0,0,True,0,1,59.41660142165775,0,0,restarted_se3,0,46.69938422739506,2.744341269135475,0,925,cache_read_only_not_online_fps,b18588ca73eff0bed9b27155081eb3c6df55568f77c0b4b80229d1c92a313cef,cached_perception_v2,0,0,0,,,0,0.0,0,20.038370974361897,0.7592346519231796,50.20296014845371,140.76550987872304,140.98173898466288,140.76550987872304,140.76684841504348,59.698416465966694,125.93951053768563
cracker_box_yalehand0_black10_5,925,62.069250303672696,62.01383792025755,3.057438950674224,3.083202104612601,0.10985520499098156,0.11078088710688791,1.0,1.0,-0.05541238341514543,0.025763153938376693,MODE_1_ACCEPT,simple,four_mode_relocalization_v2,0.0,0,0,0,True,0,1,62.01383792025755,0,0,restarted_se3,0,45.777118764817715,2.3309169337153435,0,926,cache_read_only_not_online_fps,b18588ca73eff0bed9b27155081eb3c6df55568f77c0b4b80229d1c92a313cef,cached_perception_v2,0,0,0,,,0,0.0,0,21.353114396333694,0.753181055188179,48.86121675372124,141.10820586507472,141.19397155410843,141.10820586507472,141.10964857248092,62.069250303672696,126.12435781347511
cracker_box_yalehand0_black10_5,926,64.51121127085042,64.92648912333809,3.061842504220698,3.0703048619547504,0.11001342672012843,0.11031748317344742,1.0,1.0,0.41527785248766236,0.00846235773405235,MODE_1_ACCEPT,simple,four_mode_relocalization_v2,0.0,0,0,0,True,0,1,64.51121127085042,0,0,restarted_se3,0,46.24577239155769,2.425749786198139,0,927,cache_read_only_not_online_fps,b18588ca73eff0bed9b27155081eb3c6df55568f77c0b4b80229d1c92a313cef,cached_perception_v2,0,0,0,,,0,0.0,0,21.444570273160934,0.8752346038818359,49.54675678163767,141.5032583266479,141.50593298453288,141.5032583266479,141.50474726434248,64.51121127085042,126.28728489874695
cracker_box_yalehand0_black10_5,927,66.24344552428582,66.76609176536107,3.0482193942118285,3.0657290033062274,0.10952394203481394,0.11015307044176151,1.0,1.0,0.5226462410752504,0.017509609094398915,MODE_3_RELOCALIZE,simple,four_mode_relocalization_v2,,0,0,0,False,1,1,66.24344552428582,0,0,restarted_se3,1,45.480155386030674,3.3862078562378883,0,928,cache_read_only_not_online_fps,b18588ca73eff0bed9b27155081eb3c6df55568f77c0b4b80229d1c92a313cef,cached_perception_v2,1,1,1,0.3200763260120858,,1,2495.7046024501324,0,20.190716721117496,2495.7046024501324,2544.570965692401,142.22108715861995,142.1172592039712,142.22108715861995,142.22257858336081,0.3200763260120858,126.40886518223995
cracker_box_yalehand0_black10_5,928,1.2726111733318275,66.94042618375684,1.5966494616775309,1.260695868059757,0.05736835853178569,0.04529738949863495,0.7946843853820601,0.7946843853820601,65.66781501042502,-0.33595359361777377,MODE_3_RELOCALIZE,simple,four_mode_relocalization_v2,,0,0,0,False,1,1,1.2726111733318275,0,0,restarted_se3,1,47.941628843545914,1.951073296368122,0,929,cache_read_only_not_online_fps,b18588ca73eff0bed9b27155081eb3c6df55568f77c0b4b80229d1c92a313cef,cached_perception_v2,1,1,1,0.3243415154862937,,1,2513.008832000196,0,19.770625047385693,2513.008832000196,2562.90153414011,142.6959975888338,142.77771020084054,142.6959975888338,142.7163584633282,0.3243415154862937,126.47359478325593
cracker_box_yalehand0_black10_5,929,1.2484460598655096,0.25302901919534326,1.3731483620472646,0.803247192633575,0.04933785996363658,0.028861045609997554,0.7946843853820601,0.0891009055627426,-0.9954170406701663,-0.5699011694136896,MODE_1_ACCEPT,simple,four_mode_relocalization_v2,0.0,0,0,0,False,0,0,0.25302901919534326,0,0,restarted_se3,0,46.447995118796825,1.5719356015324593,0,930,cache_read_only_not_online_fps,b18588ca73eff0bed9b27155081eb3c6df55568f77c0b4b80229d1c92a313cef,cached_perception_v2,0,0,0,,,0,0.0,0,20.9261616691947,0.8093984797596931,48.82932920008898,143.24296410691386,143.31187062088893,143.24296410691386,143.2445506571553,1.2484460598655096,126.3727060236362
cracker_box_yalehand0_black10_5,930,2.3897294631190347,2.247740563217432,1.7520007600606193,1.7469737345108538,0.06295020301169785,0.0627695796431944,0.7946843853820601,0.7946843853820601,-0.14198889990160257,-0.005027025549765529,MODE_1_ACCEPT,simple,four_mode_relocalization_v2,0.0,0,0,0,True,0,1,2.247740563217432,0,0,restarted_se3,0,45.42957339435816,3.960561938583851,0,931,cache_read_only_not_online_fps,b18588ca73eff0bed9b27155081eb3c6df55568f77c0b4b80229d1c92a313cef,cached_perception_v2,0,0,0,,,0,0.0,0,21.542148664593697,0.818990170955658,50.20912550389767,144.1855423395277,144.05405886719018,144.1855423395277,144.1871539619288,2.3897294631190347,126.36008812151591
cracker_box_yalehand0_black10_5,931,3.441760265341862,3.5266559749401147,1.8029980928072642,1.7930954448541596,0.06478256092080362,0.06442675416933866,0.7946843853820601,0.7946843853820601,0.08489570959825254,-0.009902647953104582,MODE_1_ACCEPT,simple,four_mode_relocalization_v2,0.0,0,0,0,True,0,1,3.441760265341862,0,0,restarted_se3,0,44.613911770284176,3.1589623540639877,0,932,cache_read_only_not_online_fps,b18588ca73eff0bed9b27155081eb3c6df55568f77c0b4b80229d1c92a313cef,cached_perception_v2,0,0,0,,,0,0.0,0,22.42725621908903,0.8090650662779808,48.581939190626144,145.3400269711018,145.16976798278253,145.3400269711018,145.34160757586469,3.441760265341862,126.32650066178346
cracker_box_yalehand0_black10_5,932,4.42554896768684,4.519623790927484,1.8137723714221974,1.8237817431371082,0.06516968576776497,0.06552932715368046,0.7946843853820601,0.7946843853820601,0.09407482324064365,0.010009371714910786,MODE_1_ACCEPT,simple,four_mode_relocalization_v2,0.0,0,0,0,True,0,1,4.42554896768684,0,0,restarted_se3,0,44.64712180197239,3.2948413863778114,0,933,cache_read_only_not_online_fps,b18588ca73eff0bed9b27155081eb3c6df55568f77c0b4b80229d1c92a313cef,cached_perception_v2,0,0,0,,,0,0.0,0,20.485536195337772,1.0592062026262283,49.00116939097643,145.74773785215083,145.9749194628973,145.74773785215083,145.74935243499974,4.42554896768684,126.20002222702493
cracker_box_yalehand0_black10_5,933,5.576452636846796,5.746369470168271,1.8482110139218384,1.8435225332632283,0.06640708222684223,0.06623862293389894,0.9274193548387096,0.9274193548387096,0.16991683332147467,-0.00468848065861005,MODE_1_ACCEPT,simple,four_mode_relocalization_v2,0.0,0,0,0,True,0,1,5.576452636846796,0,0,restarted_se3,0,47.79449105262756,3.050905652344227,0,934,cache_read_only_not_online_fps,b18588ca73eff0bed9b27155081eb3c6df55568f77c0b4b80229d1c92a313cef,cached_perception_v2,0,0,0,,,0,0.0,0,21.37767057865858,1.1036014184355736,51.948998123407364,146.59404490202434,146.79249894628128,146.59404490202434,146.5957165076647,5.576452636846796,126.24410588850033
cracker_box_yalehand0_black10_5,934,6.963563696124796,7.0613126119632925,1.877840855869294,1.8733084109264886,0.06747169624318108,0.06730884338615431,0.9274193548387096,0.9274193548387096,0.09774891583849676,-0.004532444942805469,MODE_1_ACCEPT,simple,four_mode_relocalization_v2,0.0,0,0,0,True,0,1,6.963563696124796,0,0,restarted_se3,0,47.6597435772419,3.1238365918397903,0,935,cache_read_only_not_online_fps,b18588ca73eff0bed9b27155081eb3c6df55568f77c0b4b80229d1c92a313cef,cached_perception_v2,0,0,0,,,0,0.0,0,20.719334483146667,1.3059228658676147,52.0895030349493,146.52359849993246,146.6967087316908,146.52359849993246,146.52557433747788,6.963563696124796,126.29440204729137
cracker_box_yalehand0_black10_5,935,8.669541545222025,8.374989506806353,1.897018314709463,1.8934017409899253,0.06816075126801757,0.06803080609045738,0.9274193548387096,0.9274193548387096,-0.2945520384156719,-0.003616573719537719,MODE_1_ACCEPT,simple,four_mode_relocalization_v2,0.0,0,0,0,True,0,1,8.374989506806353,0,0,restarted_se3,0,46.46291397511959,3.322785720229149,0,936,cache_read_only_not_online_fps,b18588ca73eff0bed9b27155081eb3c6df55568f77c0b4b80229d1c92a313cef,cached_perception_v2,0,0,0,,,0,0.0,0,21.758158691227436,1.1136773973703384,50.89937709271908,145.940003637217,145.7760560557272,145.940003637217,145.94226163713915,8.669541545222025,126.33546729801286
cracker_box_yalehand0_black10_5,936,10.22166028027068,10.382882783295697,1.9395809266775013,1.970971181555658,0.06969004573248083,0.07081791220503907,0.9274193548387096,0.9274193548387096,0.16122250302501762,0.03139025487815683,MODE_1_ACCEPT,simple,four_mode_relocalization_v2,0.0,0,0,0,True,0,1,10.22166028027068,0,0,restarted_se3,0,47.33997769653797,3.9016148075461388,0,937,cache_read_only_not_online_fps,b18588ca73eff0bed9b27155081eb3c6df55568f77c0b4b80229d1c92a313cef,cached_perception_v2,0,0,0,,,0,0.0,0,21.505482494831085,0.9911796078085899,52.2327721118927,145.12379440981147,144.9975666230926,145.12379440981147,145.12621562078465,10.22166028027068,126.51195380598237
cracker_box_yalehand0_black10_5,937,10.915888344732963,11.844625070614978,1.9444619446783358,1.9834064511894631,0.06986542298177247,0.07126471723263857,0.9274193548387096,0.9274193548387096,0.9287367258820147,0.03894450651112735,MODE_1_ACCEPT,simple,four_mode_relocalization_v2,0.0,0,0,0,True,0,1,10.915888344732963,0,0,restarted_se3,0,47.13670443743467,4.041668958961964,0,938,cache_read_only_not_online_fps,b18588ca73eff0bed9b27155081eb3c6df55568f77c0b4b80229d1c92a313cef,cached_perception_v2,0,0,0,,,0,0.0,0,20.462963730096817,1.0439399629831314,52.22231335937977,144.19381082051427,144.25433671296298,144.19381082051427,144.19637486069925,10.915888344732963,126.69807847131491
cracker_box_yalehand0_black10_5,938,12.057515588109744,11.757992965815118,2.021288040155913,2.0056438318606298,0.07262582036124748,0.07206371667351204,0.9274193548387096,0.9274193548387096,-0.2995226222946261,-0.015644208295283235,MODE_1_ACCEPT,simple,four_mode_relocalization_v2,0.0,0,0,0,True,0,1,11.757992965815118,0,0,restarted_se3,0,45.416162349283695,3.93895898014307,0,939,cache_read_only_not_online_fps,b18588ca73eff0bed9b27155081eb3c6df55568f77c0b4b80229d1c92a313cef,cached_perception_v2,0,0,0,,,0,0.0,0,22.791081108152866,1.009386032819748,50.36450736224651,143.660664672513,143.631998733615,143.660664672513,143.66336543056804,12.057515588109744,126.85699419893601
cracker_box_yalehand0_black10_5,939,13.474883554447459,13.370855749859139,2.0605217881182063,2.082143684288262,0.07403550719212003,0.07481239198830913,0.9274193548387096,0.9274193548387096,-0.10402780458831984,0.02162189617005561,MODE_1_ACCEPT,simple,four_mode_relocalization_v2,0.0,0,0,0,True,0,1,13.370855749859139,0,0,restarted_se3,0,60.818422585725784,3.9715226739645004,0,940,cache_read_only_not_online_fps,b18588ca73eff0bed9b27155081eb3c6df55568f77c0b4b80229d1c92a313cef,cached_perception_v2,0,0,0,,,0,0.0,0,21.35258074849844,0.9489404037594795,65.73888566344976,143.0748243507433,143.05750381205155,143.0748243507433,143.07762108277407,13.474883554447459,126.94968276935671
cracker_box_yalehand0_black10_5,940,15.763337668699432,15.156530765105067,2.1060758515742246,2.1067591136127755,0.075672285901317,0.07569683582447768,0.9274193548387096,0.9274193548387096,-0.6068069035943644,0.000683262038550847,MODE_1_ACCEPT,simple,four_mode_relocalization_v2,0.0,0,0,0,True,0,1,15.156530765105067,0,0,restarted_se3,0,46.427611261606216,4.22951765358448,0,941,cache_read_only_not_online_fps,b18588ca73eff0bed9b27155081eb3c6df55568f77c0b4b80229d1c92a313cef,cached_perception_v2,0,0,0,,,0,0.0,0,20.824390463531017,0.8484935387969017,51.5056224539876,142.75730740730967,142.6622070465907,142.75730740730967,142.7601917045865,15.763337668699432,127.05503124606174
cracker_box_yalehand0_black10_5,941,17.6458965744015,17.98575098222966,2.1477914213433285,2.1448300335925725,0.07717114574520363,0.07706474170454557,0.9274193548387096,0.9274193548387096,0.33985440782815957,-0.0029613877507559394,MODE_1_ACCEPT,simple,four_mode_relocalization_v2,0.0,0,0,0,True,0,1,17.6458965744015,0,0,restarted_se3,0,45.987616293132305,3.16820852458477,0,942,cache_read_only_not_online_fps,b18588ca73eff0bed9b27155081eb3c6df55568f77c0b4b80229d1c92a313cef,cached_perception_v2,0,0,0,,,0,0.0,0,20.30783984810114,0.9715845808386803,50.127409398555756,142.45133473932674,142.35348330496817,142.45133473932674,142.4542855568007,17.6458965744015,127.0622066670692
cracker_box_yalehand0_black10_5,942,19.000133731740917,19.575117664699803,2.1697431082915712,2.1643040576932386,0.07795988007759816,0.07776445245726762,1.0,1.0,0.5749839329588866,-0.0054390505983326065,MODE_1_ACCEPT,simple,four_mode_relocalization_v2,0.0,0,0,0,True,0,1,19.000133731740917,0,0,restarted_se3,0,45.31693086028099,2.961859107017517,0,943,cache_read_only_not_online_fps,b18588ca73eff0bed9b27155081eb3c6df55568f77c0b4b80229d1c92a313cef,cached_perception_v2,0,0,0,,,0,0.0,0,22.117072716355324,0.8798297494649887,49.158619716763496,141.72644101507663,141.81103661279363,141.72644101507663,141.72944501469732,19.000133731740917,126.86061187926505
cracker_box_yalehand0_black10_5,943,20.141416302142233,20.246812717108455,2.185360009995051,2.203004756924735,0.07852100262677661,0.07915498659906392,1.0,1.0,0.1053964149662221,0.017644746929683652,MODE_1_ACCEPT,simple,four_mode_relocalization_v2,0.0,0,0,0,True,0,1,20.141416302142233,0,0,restarted_se3,0,48.03040251135826,3.6327876150608063,0,944,cache_read_only_not_online_fps,b18588ca73eff0bed9b27155081eb3c6df55568f77c0b4b80229d1c92a313cef,cached_perception_v2,0,0,0,,,0,0.0,0,21.220645867288113,1.0965252295136452,52.75971535593271,141.3494044711605,141.41858830393912,141.3494044711605,141.3524090280845,20.141416302142233,126.76850209327641
cracker_box_yalehand0_black10_5,944,21.639424838135042,21.432116153477736,2.2102191348120868,2.2053825844437918,0.07941420255545209,0.079240423048901,1.0,1.0,-0.20730868465730623,-0.004836550368295001,MODE_1_ACCEPT,simple,four_mode_relocalization_v2,0.0,0,0,0,True,0,1,21.432116153477736,0,0,restarted_se3,0,46.1289519444108,3.8554705679416656,0,945,cache_read_only_not_online_fps,b18588ca73eff0bed9b27155081eb3c6df55568f77c0b4b80229d1c92a313cef,cached_perception_v2,0,0,0,,,0,0.0,0,21.204523742198944,0.9594010189175606,50.94382353127003,141.04088007696848,141.11861603398023,141.04088007696848,141.04385975609338,21.639424838135042,126.4905739136748
cracker_box_yalehand0_black10_5,945,23.229555594752227,23.031314511667414,2.238750592625544,2.229919426096407,0.08043935111846681,0.08012204319342911,1.0,1.0,-0.19824108308481314,-0.008831166529137402,MODE_1_ACCEPT,simple,four_mode_relocalization_v2,0.0,0,0,0,True,0,1,23.031314511667414,0,0,restarted_se3,0,46.141439117491245,3.921578638255596,0,946,cache_read_only_not_online_fps,b18588ca73eff0bed9b27155081eb3c6df55568f77c0b4b80229d1c92a313cef,cached_perception_v2,0,0,0,,,0,0.0,0,20.596057176589966,1.0767504572868347,51.139768213033676,141.19767643646156,141.11011666738293,141.19767643646156,141.2006202262114,23.229555594752227,126.30981808658046
cracker_box_yalehand0_black10_5,946,24.181900170342903,24.746227834305692,2.2453826843865836,2.254598965695975,0.08067764526323372,0.08100879054162904,1.0,1.0,0.5643276639627892,0.009216281309391228,MODE_1_ACCEPT,simple,four_mode_relocalization_v2,0.0,0,0,0,True,0,1,24.181900170342903,0,0,restarted_se3,0,45.09702417999506,4.04679961502552,0,947,cache_read_only_not_online_fps,b18588ca73eff0bed9b27155081eb3c6df55568f77c0b4b80229d1c92a313cef,cached_perception_v2,0,0,0,,,0,0.0,0,21.28047402948141,0.9850449860095978,50.12886878103018,141.08404669438747,141.10670141305414,141.08404669438747,141.0869373560555,24.181900170342903,126.08101114193326
cracker_box_yalehand0_black10_5,947,24.873270658472183,25.1250600593334,2.239074543814956,2.252644295226179,0.08045099083552872,0.08093855832158689,1.0,1.0,0.2517894008612167,0.013569751411222963,MODE_1_ACCEPT,simple,four_mode_relocalization_v2,0.0,0,0,0,True,0,1,24.873270658472183,0,0,restarted_se3,0,45.745424926280975,4.039183259010315,0,948,cache_read_only_not_online_fps,b18588ca73eff0bed9b27155081eb3c6df55568f77c0b4b80229d1c92a313cef,cached_perception_v2,0,0,0,,,0,0.0,0,21.809617057442665,1.0505430400371552,50.835151225328445,141.2489604384913,141.26204605615968,141.2489604384913,141.25178885681964,24.873270658472183,125.92575918478757
cracker_box_yalehand0_black10_5,948,25.182303894248886,25.762096287944114,2.2428657995685435,2.239581025523072,0.0805872124199014,0.08046918895911087,1.0,1.0,0.5797923936952287,-0.0032847740454715613,MODE_1_ACCEPT,simple,four_mode_relocalization_v2,0.0,0,0,0,True,0,1,25.182303894248886,0,0,restarted_se3,0,45.20626924932003,3.970818594098091,0,949,cache_read_only_not_online_fps,b18588ca73eff0bed9b27155081eb3c6df55568f77c0b4b80229d1c92a313cef,cached_perception_v2,0,0,0,,,0,0.0,0,21.061050705611706,1.0442249476909637,50.221312791109085,141.19572520637996,141.3781564519384,141.19572520637996,141.19847369338717,25.182303894248886,125.97381018662715
cracker_box_yalehand0_black10_5,949,25.131035416797808,25.508802892991593,2.267593944126553,2.2589247699962103,0.08147570616688782,0.0811642187041598,1.0,1.0,0.37776747619378526,-0.00866917413034285,MODE_1_ACCEPT,simple,four_mode_relocalization_v2,0.0,0,0,0,True,0,1,25.131035416797808,0,0,restarted_se3,0,45.934912748634815,3.1731417402625084,0,950,cache_read_only_not_online_fps,b18588ca73eff0bed9b27155081eb3c6df55568f77c0b4b80229d1c92a313cef,cached_perception_v2,0,0,0,,,0,0.0,0,21.647988818585873,1.086156815290451,50.194211304187775,141.3723253797373,141.47037129297792,141.3723253797373,141.37495826346412,25.131035416797808,125.97459563789921
cracker_box_yalehand0_black10_5,950,25.13078785703034,25.18325230893059,2.2809369742119228,2.2707853565783522,0.08195512745015035,0.08159037510215007,1.0,1.0,0.05246445190024929,-0.010151617633570531,MODE_1_ACCEPT,simple,four_mode_relocalization_v2,0.0,0,0,0,True,0,1,25.13078785703034,0,0,restarted_se3,0,48.887514509260654,4.436188377439976,0,951,cache_read_only_not_online_fps,b18588ca73eff0bed9b27155081eb3c6df55568f77c0b4b80229d1c92a313cef,cached_perception_v2,0,0,0,,,0,0.0,0,9.778030216693878,0.9473152458667755,54.271018132567406,141.2589653293358,141.4200679855019,141.2589653293358,141.26151346962544,25.13078785703034,125.99954601188183
cracker_box_yalehand0_black10_5,951,25.026424185928715,25.293522887849544,2.288293374544942,2.2847935505029073,0.08221944633913467,0.08209369603184388,1.0,1.0,0.26709870192082974,-0.0034998240420347493,MODE_1_ACCEPT,simple,four_mode_relocalization_v2,0.0,0,0,0,True,0,1,25.026424185928715,0,0,restarted_se3,0,46.61534819751978,3.3962661400437355,0,952,cache_read_only_not_online_fps,b18588ca73eff0bed9b27155081eb3c6df55568f77c0b4b80229d1c92a313cef,cached_perception_v2,0,0,0,,,0,0.0,0,19.413121975958347,0.8266642689704895,50.838278606534004,141.76002962071877,141.66281014101202,141.76002962071877,141.7624846791918,25.026424185928715,126.11033147318922
cracker_box_yalehand0_black10_5,952,25.828585505677637,25.555083851201882,2.292237139919424,2.281432414037078,0.08236114766519206,0.08197292883373682,1.0,1.0,-0.2735016544757549,-0.010804725882346045,MODE_1_ACCEPT,simple,four_mode_relocalization_v2,0.0,0,0,0,True,0,1,25.555083851201882,0,0,restarted_se3,0,44.85527891665697,2.4880301207304,0,953,cache_read_only_not_online_fps,b18588ca73eff0bed9b27155081eb3c6df55568f77c0b4b80229d1c92a313cef,cached_perception_v2,0,0,0,,,0,0.0,0,11.80066354572773,0.8459342643618584,48.18924330174923,142.34280995013762,142.08250740767232,142.34280995013762,142.34487657137598,25.828585505677637,126.16862022247975
cracker_box_yalehand0_black10_5,953,26.823248304731028,26.829504681993026,2.2620619962637103,2.286934433494589,0.08127694070459199,0.0821706189544949,1.0,1.0,0.006256377261998125,0.02487243723087884,MODE_1_ACCEPT,simple,four_mode_relocalization_v2,0.0,0,0,0,True,0,1,26.823248304731028,0,0,restarted_se3,0,44.39334571361542,2.3332983255386353,0,954,cache_read_only_not_online_fps,b18588ca73eff0bed9b27155081eb3c6df55568f77c0b4b80229d1c92a313cef,cached_perception_v2,0,0,0,,,0,0.0,0,14.433701522648335,1.47243682295084,48.19908086210489,142.8546192185101,142.63208570440727,142.8546192185101,142.85585353011982,26.823248304731028,126.25581173214921
cracker_box_yalehand0_black10_5,954,28.01187122187163,27.719065884823703,2.3052780250026412,2.314575656863707,0.08282971273785351,0.08316378097944599,1.0,1.0,-0.2928053370479269,0.009297631861065803,MODE_1_ACCEPT,simple,four_mode_relocalization_v2,0.0,0,0,0,True,0,1,27.719065884823703,0,0,restarted_se3,0,44.518004171550274,4.02297917753458,0,955,cache_read_only_not_online_fps,b18588ca73eff0bed9b27155081eb3c6df55568f77c0b4b80229d1c92a313cef,cached_perception_v2,0,0,0,,,0,0.0,0,21.774605847895145,1.1744052171707153,49.71538856625557,142.67348461459065,142.7640538386451,142.67348461459065,142.6739428777493,28.01187122187163,126.32456377844628
cracker_box_yalehand0_black10_5,955,29.198093052228664,29.408579000294683,2.355477861878632,2.343092214103917,0.08463341624902575,0.08418839415792648,1.0,1.0,0.21048594806601884,-0.012385647774714847,MODE_1_ACCEPT,simple,four_mode_relocalization_v2,0.0,0,0,0,True,0,1,29.198093052228664,0,0,restarted_se3,0,32.63070713728666,4.034234210848808,0,956,cache_read_only_not_online_fps,b18588ca73eff0bed9b27155081eb3c6df55568f77c0b4b80229d1c92a313cef,cached_perception_v2,0,0,0,,,0,0.0,0,23.257805965840816,1.1775912716984749,37.842532619833946,142.4252833384729,142.55483960772057,142.4252833384729,142.4256553140851,29.198093052228664,126.34638608476672
cracker_box_yalehand0_black10_5,956,30.487464571647454,30.442809941735522,2.403062032838567,2.4154663784737016,0.08634313766602307,0.08678883157995264,1.0,1.0,-0.04465462991193192,0.012404345635134817,MODE_3_RELOCALIZE,simple,four_mode_relocalization_v2,,0,0,0,False,1,1,30.442809941735522,0,0,restarted_se3,1,45.02186831086874,3.3214865252375603,0,957,cache_read_only_not_online_fps,b18588ca73eff0bed9b27155081eb3c6df55568f77c0b4b80229d1c92a313cef,cached_perception_v2,1,1,1,0.37521236588168044,,1,2510.1961083710194,0,22.146396338939667,2510.1961083710194,2558.5394632071257,141.96721877865215,142.14526290107509,141.96721877865215,141.96754219620726,0.37521236588168044,126.33029499721845
cracker_box_yalehand0_black10_5,957,1.4334449558527311,32.816066333061485,1.2942504988683856,2.2176733106087303,0.04650302300607284,0.07968203456236705,0.7946843853820601,1.0,31.382621377208753,0.9234228117403447,MODE_3_RELOCALIZE,simple,four_mode_relocalization_v2,,0,0,0,False,1,1,1.4334449558527311,0,0,restarted_se3,1,40.815665386617184,1.779821701347828,0,958,cache_read_only_not_online_fps,b18588ca73eff0bed9b27155081eb3c6df55568f77c0b4b80229d1c92a313cef,cached_perception_v2,1,1,1,0.36274725592787516,,1,2497.485247440636,0,23.21210317313671,2497.485247440636,2540.080734528601,141.81616560596981,141.78413377409558,141.81616560596981,141.8165268482944,0.36274725592787516,126.29539557281994
cracker_box_yalehand0_black10_5,958,1.409937768647508,0.36597262347696463,1.2826184769327207,0.7685550181469918,0.04608507904224643,0.027614539628589133,0.7946843853820601,0.0891009055627426,-1.0439651451705434,-0.5140634587857289,MODE_1_ACCEPT,simple,four_mode_relocalization_v2,0.0,0,0,0,False,0,0,0.36597262347696463,0,0,restarted_se3,0,48.71718864887953,3.1222589313983917,0,959,cache_read_only_not_online_fps,b18588ca73eff0bed9b27155081eb3c6df55568f77c0b4b80229d1c92a313cef,cached_perception_v2,0,0,0,,,0,0.0,0,17.27828197181225,1.4689629897475243,53.308410570025444,141.3944076685663,141.4293712619769,141.3944076685663,141.39475878021946,1.409937768647508,126.27768578047987
cracker_box_yalehand0_black10_5,959,2.4746902831751534,2.533388491791283,1.6338237971823941,1.646233600987152,0.058704049714234235,0.0591499397427396,0.7946843853820601,0.7946843853820601,0.0586982086161294,0.01240980380475798,MODE_1_ACCEPT,simple,four_mode_relocalization_v2,0.0,0,0,0,True,0,1,2.4746902831751534,0,0,restarted_se3,0,45.916205272078514,3.0739223584532738,0,960,cache_read_only_not_online_fps,b18588ca73eff0bed9b27155081eb3c6df55568f77c0b4b80229d1c92a313cef,cached_perception_v2,0,0,0,,,0,0.0,0,25.425076484680176,0.984986312687397,49.975113943219185,140.97891122236146,141.02817546331207,140.97891122236146,140.97930079296103,2.4746902831751534,126.22379964639893
cracker_box_yalehand0_black10_5,960,3.334209887089595,3.3987195407956685,1.7422164970505907,1.7323040658524127,0.06259864988635569,0.06224249161834032,0.7946843853820601,0.7946843853820601,0.06450965370607342,-0.009912431198177973,MODE_1_ACCEPT,simple,four_mode_relocalization_v2,0.0,0,0,0,True,0,1,3.334209887089595,0,0,restarted_se3,0,49.58481062203646,4.0173763409256935,0,961,cache_read_only_not_online_fps,b18588ca73eff0bed9b27155081eb3c6df55568f77c0b4b80229d1c92a313cef,cached_perception_v2,0,0,0,,,0,0.0,0,21.962198428809643,0.8182432502508163,54.42043021321297,140.51435276407983,140.62231521842637,140.51435276407983,140.51473261464025,3.334209887089595,126.20857404441617
cracker_box_yalehand0_black10_5,961,3.885976490926895,4.104432886983732,1.7604499877176634,1.7626862209485394,0.06325378769523678,0.06333413659637555,0.7946843853820601,0.7946843853820601,0.21845639605683687,0.0022362332308760724,MODE_1_ACCEPT,simple,four_mode_relocalization_v2,0.0,0,0,0,True,0,1,3.885976490926895,0,0,restarted_se3,0,45.822602696716785,3.7893839180469513,0,962,cache_read_only_not_online_fps,b18588ca73eff0bed9b27155081eb3c6df55568f77c0b4b80229d1c92a313cef,cached_perception_v2,0,0,0,,,0,0.0,0,20.361616276204586,0.7290821522474289,50.341068767011166,139.81435249953574,140.02844371028135,139.81435249953574,139.8147346978299,3.885976490926895,125.96736212105691
cracker_box_yalehand0_black10_5,962,4.986125547265089,4.645720432890679,1.7956331235126441,1.7766520046089773,0.06451793414503942,0.0638359337055341,0.7946843853820601,0.7946843853820601,-0.34040511437441,-0.018981118903666827,MODE_1_ACCEPT,simple,four_mode_relocalization_v2,0.0,0,0,0,True,0,1,4.645720432890679,0,0,restarted_se3,0,53.54124307632446,2.709668129682541,0,963,cache_read_only_not_online_fps,b18588ca73eff0bed9b27155081eb3c6df55568f77c0b4b80229d1c92a313cef,cached_perception_v2,0,0,0,,,0,0.0,0,21.014063619077206,0.7425826042890549,56.99349381029606,139.35626320078572,139.41817437094284,139.35626320078572,139.3566490674363,4.986125547265089,125.70909819202687
cracker_box_yalehand0_black10_5,963,6.105697088898951,6.46223961267952,1.8479964374866475,1.8532365778585453,0.06639937239562257,0.06658765307890797,0.9274193548387096,0.9274193548387096,0.3565425237805693,0.005240140371897795,MODE_1_ACCEPT,simple,four_mode_relocalization_v2,0.0,0,0,0,True,0,1,6.105697088898951,0,0,restarted_se3,0,46.56128864735365,2.729201689362526,0,964,cache_read_only_not_online_fps,b18588ca73eff0bed9b27155081eb3c6df55568f77c0b4b80229d1c92a313cef,cached_perception_v2,0,0,0,,,0,0.0,0,20.07237821817398,0.7676063105463982,50.05809664726257,139.2767366505386,139.04248734219317,139.2767366505386,139.27712364788187,6.105697088898951,125.48027187130046
cracker_box_yalehand0_black10_5,964,7.876583928606647,7.537202045599958,1.8642186423624394,1.8874358079578832,0.06698224376960138,0.06781644733897588,0.9274193548387096,0.9274193548387096,-0.3393818830066886,0.023217165595443845,MODE_1_ACCEPT,simple,four_mode_relocalization_v2,0.0,0,0,0,True,0,1,7.537202045599958,0,0,restarted_se3,0,41.44742712378502,3.3129723742604256,0,965,cache_read_only_not_online_fps,b18588ca73eff0bed9b27155081eb3c6df55568f77c0b4b80229d1c92a313cef,cached_perception_v2,0,0,0,,,0,0.0,0,20.86967322975397,0.8619939908385277,45.62239348888397,139.59623415049464,139.2047074392407,139.59623415049464,139.59659725227004,7.876583928606647,125.2115634145288
cracker_box_yalehand0_black10_5,965,9.462151455879019,9.751687515526736,1.8756533874851962,1.864946726727531,0.06739309948569117,0.06700840417982322,0.9274193548387096,0.9274193548387096,0.2895360596477179,-0.010706660757665132,MODE_1_ACCEPT,simple,four_mode_relocalization_v2,0.0,0,0,0,True,0,1,9.462151455879019,0,0,restarted_se3,0,46.682946383953094,3.6327550187706947,0,966,cache_read_only_not_online_fps,b18588ca73eff0bed9b27155081eb3c6df55568f77c0b4b80229d1c92a313cef,cached_perception_v2,0,0,0,,,0,0.0,0,20.44579479843378,0.7695816457271576,51.08528304845095,139.5516776000332,139.46805938281815,139.5516776000332,139.55204554934573,9.462151455879019,124.85322266229824
cracker_box_yalehand0_black10_5,966,10.842681158691521,10.976020696122719,1.9024272252018646,1.8940368838300736,0.06835509594030927,0.06805362706841596,0.9274193548387096,0.9274193548387096,0.13333953743119764,-0.008390341371790955,MODE_1_ACCEPT,simple,four_mode_relocalization_v2,0.0,0,0,0,True,0,1,10.842681158691521,0,0,restarted_se3,0,47.1785394474864,3.2132621854543686,0,967,cache_read_only_not_online_fps,b18588ca73eff0bed9b27155081eb3c6df55568f77c0b4b80229d1c92a313cef,cached_perception_v2,0,0,0,,,0,0.0,0,21.618790924549103,0.8437745273113251,51.235576160252094,139.62637236344253,139.79102591609538,139.62637236344253,139.62671616261488,10.842681158691521,124.64182612099175
cracker_box_yalehand0_black10_5,967,12.370131423253378,12.19254955066575,1.9220729372367789,1.9258458069464899,0.06906097552044393,0.0691965364856999,0.9274193548387096,0.9274193548387096,-0.17758187258762703,0.003772869709711024,MODE_1_ACCEPT,simple,four_mode_relocalization_v2,0.0,0,0,0,True,0,1,12.19254955066575,0,0,restarted_se3,0,41.17768909782171,3.383760340511799,0,968,cache_read_only_not_online_fps,b18588ca73eff0bed9b27155081eb3c6df55568f77c0b4b80229d1c92a313cef,cached_perception_v2,0,0,0,,,0,0.0,0,21.375237964093685,0.9609740227460861,45.5224234610796,139.91195194725526,140.04700987320368,139.91195194725526,139.91230116639386,12.370131423253378,124.4293772902497
cracker_box_yalehand0_black10_5,968,13.06385285567114,13.834491156903606,1.976988216039688,1.9677979854543917,0.07103410705548249,0.07070389779173268,0.9274193548387096,0.9274193548387096,0.7706383012324665,-0.009190230585296444,MODE_1_ACCEPT,simple,four_mode_relocalization_v2,0.0,0,0,0,True,0,1,13.06385285567114,0,0,restarted_se3,0,48.13344404101372,3.971659578382969,0,969,cache_read_only_not_online_fps,b18588ca73eff0bed9b27155081eb3c6df55568f77c0b4b80229d1c92a313cef,cached_perception_v2,0,0,0,,,0,0.0,0,21.630672737956047,0.9978460147976875,53.102949634194374,139.95796113500646,140.2229183140695,139.95796113500646,139.95827689803102,13.06385285567114,124.45509033034794
cracker_box_yalehand0_black10_5,969,15.13497115583167,13.769139746416718,2.012622999427342,2.028199296865972,0.07231448141356957,0.07287414503260728,0.9274193548387096,0.9274193548387096,-1.3658314094149517,0.015576297438629982,MODE_1_ACCEPT,simple,four_mode_relocalization_v2,0.0,0,0,0,True,0,1,13.769139746416718,0,0,restarted_se3,0,44.86595280468464,4.484782926738262,0,970,cache_read_only_not_online_fps,b18588ca73eff0bed9b27155081eb3c6df55568f77c0b4b80229d1c92a313cef,cached_perception_v2,0,0,0,,,0,0.0,0,20.433967001736164,1.1849533766508102,50.53568910807371,140.62106924135514,140.58108394132495,140.62106924135514,140.62138141922006,15.13497115583167,124.37965171343657
cracker_box_yalehand0_black10_5,970,16.524770484557855,17.219995672724494,2.038754028195375,2.0552207885324196,0.07325338144338192,0.07384503980894455,0.9274193548387096,0.9274193548387096,0.6952251881666385,0.01646676033704475,MODE_1_ACCEPT,simple,four_mode_relocalization_v2,0.0,0,0,0,True,0,1,16.524770484557855,0,0,restarted_se3,0,45.20699102431536,3.8381023332476616,0,971,cache_read_only_not_online_fps,b18588ca73eff0bed9b27155081eb3c6df55568f77c0b4b80229d1c92a313cef,cached_perception_v2,0,0,0,,,0,0.0,0,26.317990384995937,1.1885212734341621,50.23361463099718,140.84070860428795,140.9532815772786,140.84070860428795,140.84103794271036,16.524770484557855,124.41245019423832
cracker_box_yalehand0_black10_5,971,18.335634842893366,17.839657464320492,2.0615477209411472,2.062208981114384,0.07407236943610573,0.07409612882200199,0.9274193548387096,0.9274193548387096,-0.4959773785728743,0.0006612601732367551,MODE_1_ACCEPT,simple,four_mode_relocalization_v2,0.0,0,0,0,True,0,1,17.839657464320492,0,0,restarted_se3,0,44.98531483113766,4.301385022699833,0,972,cache_read_only_not_online_fps,b18588ca73eff0bed9b27155081eb3c6df55568f77c0b4b80229d1c92a313cef,cached_perception_v2,0,0,0,,,0,0.0,0,18.45268066972494,1.2748241424560547,50.561523996293545,141.05747713949975,141.23197139916937,141.05747713949975,141.05779660082845,18.335634842893366,124.45114508577153
cracker_box_yalehand0_black10_5,972,18.87497935465281,20.177782013087615,2.083076544846244,2.0955338692705126,0.07484591010248196,0.07529350756897116,0.9274193548387096,0.9274193548387096,1.3028026584348034,0.012457324424268723,MODE_1_ACCEPT,simple,four_mode_relocalization_v2,0.0,0,0,0,True,0,1,18.87497935465281,0,0,restarted_se3,0,45.00341787934303,3.730267286300659,0,973,cache_read_only_not_online_fps,b18588ca73eff0bed9b27155081eb3c6df55568f77c0b4b80229d1c92a313cef,cached_perception_v2,0,0,0,,,0,0.0,0,24.82478879392147,1.1547906324267387,49.88847579807043,141.51073519081433,141.54747088051994,141.51073519081433,141.51109492218535,18.87497935465281,124.56768358142847
cracker_box_yalehand0_black10_5,973,19.489437756508465,19.2960085851959,2.102067524424872,2.108955602840247,0.07552826484062959,0.07577575670506997,0.9274193548387096,0.9274193548387096,-0.19342917131256598,0.006888078415375087,MODE_1_ACCEPT,simple,four_mode_relocalization_v2,0.0,0,0,0,True,0,1,19.2960085851959,0,0,restarted_se3,0,42.4165278673172,4.239455796778202,0,974,cache_read_only_not_online_fps,b18588ca73eff0bed9b27155081eb3c6df55568f77c0b4b80229d1c92a313cef,cached_perception_v2,0,0,0,,,0,0.0,0,20.873519591987133,0.8147507905960083,47.47073445469141,141.36389029902656,141.47395883639945,141.36389029902656,141.36439058187548,19.489437756508465,124.58721556852093
cracker_box_yalehand0_black10_5,974,20.89381131991724,20.079144199727818,2.1262000970571404,2.122319016722684,0.07639535941103565,0.0762559103876515,0.9274193548387096,0.9274193548387096,-0.8146671201894229,-0.0038810803344562217,MODE_1_ACCEPT,simple,four_mode_relocalization_v2,0.0,0,0,0,True,0,1,20.079144199727818,0,0,restarted_se3,0,44.63659320026636,3.58553696423769,0,975,cache_read_only_not_online_fps,b18588ca73eff0bed9b27155081eb3c6df55568f77c0b4b80229d1c92a313cef,cached_perception_v2,0,0,0,,,0,0.0,0,20.70713695138693,1.4225943014025688,49.64472446590662,140.951694432204,141.02352436876953,140.951694432204,140.95260055445985,20.89381131991724,124.65451440707149
cracker_box_yalehand0_black10_5,975,21.409205701658003,22.12478853157675,2.1680680680556828,2.1527648643300226,0.07789969510205152,0.07734984386726876,1.0,0.9274193548387096,0.7155828299187483,-0.015303203725660186,MODE_1_ACCEPT,simple,four_mode_relocalization_v2,0.0,0,0,0,True,0,1,21.409205701658003,0,0,restarted_se3,0,44.93680503219366,2.4582426995038986,0,976,cache_read_only_not_online_fps,b18588ca73eff0bed9b27155081eb3c6df55568f77c0b4b80229d1c92a313cef,cached_perception_v2,0,0,0,,,0,0.0,0,20.942948758602142,1.3923440128564835,48.78739174455404,140.31075714934875,140.29196755167197,140.31075714934875,140.3120661059901,21.409205701658003,124.70002504079567
cracker_box_yalehand0_black10_5,976,23.038169776653135,21.858447443387686,2.194985387994,2.2046395221178368,0.07886684693969642,0.07921372447357183,1.0,1.0,-1.179722333265449,0.009654134123836755,MODE_1_ACCEPT,simple,four_mode_relocalization_v2,0.0,0,0,0,True,0,1,21.858447443387686,0,0,restarted_se3,0,48.21489751338959,3.9150798693299294,0,977,cache_read_only_not_online_fps,b18588ca73eff0bed9b27155081eb3c6df55568f77c0b4b80229d1c92a313cef,cached_perception_v2,0,0,0,,,0,0.0,0,21.93206176161766,0.8845170959830284,53.014494478702545,139.72441868363845,139.56148659851047,139.72441868363845,139.72597836443313,23.038169776653135,124.77102430991462
cracker_box_yalehand0_black10_5,977,22.799888978941652,24.598516579557312,2.202006698129449,2.223599085674923,0.07911912588186955,0.0798949504194387,1.0,1.0,1.79862760061566,0.02159238754547399,MODE_1_ACCEPT,simple,four_mode_relocalization_v2,0.0,0,0,0,True,0,1,22.799888978941652,0,0,restarted_se3,0,44.86935772001743,3.980986773967743,0,978,cache_read_only_not_online_fps,b18588ca73eff0bed9b27155081eb3c6df55568f77c0b4b80229d1c92a313cef,cached_perception_v2,0,0,0,,,0,0.0,0,23.78284279257059,0.9875083342194557,49.83785282820463,139.0545729045895,138.95458903109653,139.0545729045895,139.0795628193091,22.799888978941652,124.85589006321544
cracker_box_yalehand0_black10_5,978,24.371620573120683,22.60025217206787,2.234009116952802,2.200137824486596,0.08026898768999213,0.07905197638176503,1.0,1.0,-1.7713684010528148,-0.033871292466205905,MODE_1_ACCEPT,simple,four_mode_relocalization_v2,0.0,0,0,0,True,0,1,22.60025217206787,0,0,restarted_se3,0,47.32279013842344,3.346819430589676,0,979,cache_read_only_not_online_fps,b18588ca73eff0bed9b27155081eb3c6df55568f77c0b4b80229d1c92a313cef,cached_perception_v2,0,0,0,,,0,0.0,0,21.535196341574192,1.1398857459425926,51.80949531495571,138.19596275115603,138.3305767022213,138.19596275115603,138.19791091951333,24.371620573120683,124.94198076160335
cracker_box_yalehand0_black10_5,979,24.78550850098466,25.85350552424056,2.241087911970338,2.261181847957661,0.08052333209074267,0.08124531656617308,1.0,1.0,1.0679970232559022,0.020093935987322897,MODE_1_ACCEPT,simple,four_mode_relocalization_v2,0.0,0,0,0,True,0,1,24.78550850098466,0,0,restarted_se3,0,47.15038277208805,4.122733138501644,0,980,cache_read_only_not_online_fps,b18588ca73eff0bed9b27155081eb3c6df55568f77c0b4b80229d1c92a313cef,cached_perception_v2,0,0,0,,,0,0.0,0,25.23117233067751,0.8375793695449829,52.11069528013468,137.32126818145795,137.54769111300283,137.32126818145795,137.32337982501,24.78550850098466,125.03583103736
cracker_box_yalehand0_black10_5,980,25.329204202331447,25.296535047168266,2.256208326814376,2.257068372579015,0.08106661563590525,0.08109751748065189,1.0,1.0,-0.03266915516318036,0.0008600457646390502,MODE_1_ACCEPT,simple,four_mode_relocalization_v2,0.0,0,0,0,True,0,1,25.296535047168266,0,0,restarted_se3,0,45.864335261285305,2.696027047932148,0,981,cache_read_only_not_online_fps,b18588ca73eff0bed9b27155081eb3c6df55568f77c0b4b80229d1c92a313cef,cached_perception_v2,0,0,0,,,0,0.0,0,13.089996762573719,0.9807199239730835,49.54108223319054,136.53320054488748,136.74229217618822,136.53320054488748,136.53549076415524,25.329204202331447,125.15486572985179
cracker_box_yalehand0_black10_5,981,26.057207826912336,26.007452884454214,2.2502500097601534,2.247603680423477,0.08085253053005267,0.08075744668489851,1.0,1.0,-0.04975494245812229,-0.002646329336676523,MODE_1_ACCEPT,simple,four_mode_relocalization_v2,0.0,0,0,0,True,0,1,26.007452884454214,0,0,restarted_se3,0,40.98250437527895,3.768462687730789,0,982,cache_read_only_not_online_fps,b18588ca73eff0bed9b27155081eb3c6df55568f77c0b4b80229d1c92a313cef,cached_perception_v2,0,0,0,,,0,0.0,0,20.555301569402218,1.1454802006483078,45.89644726365805,135.93038309112555,135.9979381492511,135.93038309112555,135.9328466407672,26.057207826912336,125.2689149416198
cracker_box_yalehand0_black10_5,982,26.350044770892627,26.877415925749702,2.2211257687842156,2.2462910317934255,0.07980608299201995,0.08071028260847316,1.0,1.0,0.5273711548570752,0.02516526300920985,MODE_1_ACCEPT,simple,four_mode_relocalization_v2,0.0,0,0,0,True,0,1,26.350044770892627,0,0,restarted_se3,0,44.580125249922276,3.405957482755184,0,983,cache_read_only_not_online_fps,b18588ca73eff0bed9b27155081eb3c6df55568f77c0b4b80229d1c92a313cef,cached_perception_v2,0,0,0,,,0,0.0,0,21.916537545621395,0.8713994175195694,48.85748215019703,135.52408768605795,135.52908663140457,135.52408768605795,135.52664920820484,26.350044770892627,125.37048215908287
cracker_box_yalehand0_black10_5,983,26.93247859568661,26.7846890118406,2.240652497513349,2.192306962175755,0.08050768744658124,0.0787706098530159,1.0,1.0,-0.14778958384600926,-0.048345535337594114,MODE_1_ACCEPT,simple,four_mode_relocalization_v2,0.0,0,0,0,True,0,1,26.7846890118406,0,0,restarted_se3,0,47.567942179739475,3.0676135793328285,0,984,cache_read_only_not_online_fps,b18588ca73eff0bed9b27155081eb3c6df55568f77c0b4b80229d1c92a313cef,cached_perception_v2,0,0,0,,,0,0.0,0,22.420610301196575,0.9466484189033508,51.582204177975655,135.8304338599734,135.57389244126847,135.8304338599734,135.83304243238118,26.93247859568661,125.49153569675352
cracker_box_yalehand0_black10_5,984,27.73095519563722,27.38128752134855,2.2525020390416715,2.2279071678849696,0.08093344699064539,0.08004974181901786,1.0,1.0,-0.34966767428866774,-0.024594871156701892,MODE_1_ACCEPT,simple,four_mode_relocalization_v2,0.0,0,0,0,True,0,1,27.38128752134855,0,0,restarted_se3,0,44.023411348462105,2.627951093018055,0,985,cache_read_only_not_online_fps,b18588ca73eff0bed9b27155081eb3c6df55568f77c0b4b80229d1c92a313cef,cached_perception_v2,0,0,0,,,0,0.0,0,22.12092187255621,0.7351478561758995,47.38651029765606,135.54136570157675,135.67540517272744,135.54136570157675,135.54401151451788,27.73095519563722,125.61535128406709
cracker_box_yalehand0_black10_5,985,28.035549695320483,28.601712334719267,2.259366745924237,2.2514095938814624,0.08118009910503052,0.08089419492741459,1.0,1.0,0.5661626393987831,-0.007957152042774585,MODE_1_ACCEPT,simple,four_mode_relocalization_v2,0.0,0,0,0,True,0,1,28.035549695320483,0,0,restarted_se3,0,47.20653872936964,2.6864493265748024,0,986,cache_read_only_not_online_fps,b18588ca73eff0bed9b27155081eb3c6df55568f77c0b4b80229d1c92a313cef,cached_perception_v2,0,0,0,,,0,0.0,0,17.733446322381496,0.9378194808959961,50.83080753684044,135.57031265775325,135.7318573460092,135.57031265775325,135.57296162739468,28.035549695320483,125.76564826995184
cracker_box_yalehand0_black10_5,986,28.850738639206764,28.374359852264703,2.219666402177979,2.277145732569428,0.0797536472704008,0.08181890637279582,1.0,1.0,-0.4763787869420604,0.057479330391449146,MODE_1_ACCEPT,simple,four_mode_relocalization_v2,0.0,0,0,0,True,0,1,28.374359852264703,0,0,restarted_se3,0,45.88029347360134,2.9747243970632553,0,987,cache_read_only_not_online_fps,b18588ca73eff0bed9b27155081eb3c6df55568f77c0b4b80229d1c92a313cef,cached_perception_v2,0,0,0,,,0,0.0,0,20.930809900164604,1.121416687965393,49.97643455862999,135.60538548059608,135.75078763970748,135.60538548059608,135.6080692243281,28.850738639206764,125.95264014092578
cracker_box_yalehand0_black10_5,987,29.98971285436588,29.780358170551395,2.2142558982414084,2.182716741917988,0.07955924534491823,0.07842602877410561,1.0,1.0,-0.2093546838144853,-0.031539156323420414,MODE_1_ACCEPT,simple,four_mode_relocalization_v2,0.0,0,0,0,True,0,1,29.780358170551395,0,0,restarted_se3,0,46.64122499525547,3.7861159071326256,0,988,cache_read_only_not_online_fps,b18588ca73eff0bed9b27155081eb3c6df55568f77c0b4b80229d1c92a313cef,cached_perception_v2,0,0,0,,,0,0.0,0,23.1888173148036,1.112186349928379,51.539527252316475,135.52820357420754,135.658761277559,135.52820357420754,135.53089395171182,29.98971285436588,126.09564999246243
cracker_box_yalehand0_black10_5,988,30.346466552134615,31.122674224774638,2.2075982985680485,2.232571055628079,0.07932003468898557,0.08021731747705715,1.0,1.0,0.7762076726400231,0.02497275706003066,MODE_1_ACCEPT,simple,four_mode_relocalization_v2,0.0,0,0,0,True,0,1,30.346466552134615,0,0,restarted_se3,0,44.77175883948803,3.2008951529860497,0,989,cache_read_only_not_online_fps,b18588ca73eff0bed9b27155081eb3c6df55568f77c0b4b80229d1c92a313cef,cached_perception_v2,0,0,0,,,0,0.0,0,20.224174484610558,0.9582722559571266,48.930926248431206,135.99602736340617,135.82674833892236,135.99602736340617,135.99866470019194,30.346466552134615,126.25157912038303
cracker_box_yalehand0_black10_5,989,30.918848488195465,30.74133447597841,2.248549293402804,2.2071096024894823,0.08079142299950756,0.07930247561135384,1.0,1.0,-0.1775140122170562,-0.04143969091332167,MODE_1_ACCEPT,simple,four_mode_relocalization_v2,0.0,0,0,0,True,0,1,30.74133447597841,0,0,restarted_se3,0,40.031139738857746,3.9831558242440224,0,990,cache_read_only_not_online_fps,b18588ca73eff0bed9b27155081eb3c6df55568f77c0b4b80229d1c92a313cef,cached_perception_v2,0,0,0,,,0,0.0,0,19.4382406771183,1.1732084676623344,45.1875040307641,135.92284883978374,135.95842343542213,135.92284883978374,135.92540295637536,30.918848488195465,126.43923962942651
cracker_box_yalehand0_black10_5,990,31.85809383606503,31.502578421736565,2.282316447872625,2.277053559908449,0.08200469258103962,0.08181559456617275,1.0,1.0,-0.35551541432846534,-0.005262887964176066,MODE_1_ACCEPT,simple,four_mode_relocalization_v2,0.0,0,0,0,True,0,1,31.502578421736565,0,0,restarted_se3,0,29.885226860642433,3.9661191403865814,0,991,cache_read_only_not_online_fps,b18588ca73eff0bed9b27155081eb3c6df55568f77c0b4b80229d1c92a313cef,cached_perception_v2,0,0,0,,,0,0.0,0,20.60023322701454,1.0175202041864395,34.868866205215454,136.3845095671735,136.24655638376316,136.3845095671735,136.38701957160393,31.85809383606503,126.60810262771616
cracker_box_yalehand0_black10_5,991,32.471529783596516,32.79063356639546,2.3202404569641324,2.3152129247382236,0.08336731988449197,0.08318667831087881,1.0,1.0,0.31910378279894047,-0.005027532225908793,MODE_1_ACCEPT,simple,four_mode_relocalization_v2,0.0,0,0,0,True,0,1,32.471529783596516,0,0,restarted_se3,0,46.080161817371845,3.9706211537122726,0,992,cache_read_only_not_online_fps,b18588ca73eff0bed9b27155081eb3c6df55568f77c0b4b80229d1c92a313cef,cached_perception_v2,0,0,0,,,0,0.0,0,21.885257214307785,1.4141211286187172,51.464904099702835,136.88084960221673,136.72469923428815,136.88084960221673,136.88329032483244,32.471529783596516,126.7979038800106
cracker_box_yalehand0_black10_5,992,33.56809464260213,33.07166644988831,2.2847734779939075,2.34499254927245,0.08209297481725009,0.08425667408529663,1.0,1.0,-0.49642819271381455,0.060219071278542646,MODE_1_ACCEPT,simple,four_mode_relocalization_v2,0.0,0,0,0,True,0,1,33.07166644988831,0,0,restarted_se3,0,43.433891609311104,2.524173818528652,0,993,cache_read_only_not_online_fps,b18588ca73eff0bed9b27155081eb3c6df55568f77c0b4b80229d1c92a313cef,cached_perception_v2,0,0,0,,,0,0.0,0,20.13297099620104,1.1762408539652824,47.13430628180504,136.90880751345728,137.0461488280818,136.90880751345728,136.91120199138493,33.56809464260213,126.9940398492843
cracker_box_yalehand0_black10_5,993,34.170999577209436,34.65977408420975,2.317829584336167,2.3599642435072554,0.08328069610850657,0.08479461402972763,1.0,1.0,0.4887745070003149,0.04213465917108827,MODE_1_ACCEPT,simple,four_mode_relocalization_v2,0.0,0,0,0,True,0,1,34.170999577209436,0,0,restarted_se3,0,47.52668831497431,4.308094270527363,0,994,cache_read_only_not_online_fps,b18588ca73eff0bed9b27155081eb3c6df55568f77c0b4b80229d1c92a313cef,cached_perception_v2,0,0,0,,,0,0.0,0,14.395755715668201,1.7515616491436958,53.58634423464537,137.22647221784246,137.30348958030834,137.22647221784246,137.22875441774158,34.170999577209436,127.20446575362527
cracker_box_yalehand0_black10_5,994,34.94369755832476,34.778945646433336,2.36558035571402,2.351926651232225,0.08499640355608609,0.0845058195971151,1.0,1.0,-0.1647519118914218,-0.013653704481794815,MODE_1_ACCEPT,simple,four_mode_relocalization_v2,0.0,0,0,0,True,0,1,34.778945646433336,0,0,restarted_se3,0,45.05580570548773,2.9329564422369003,0,995,cache_read_only_not_online_fps,b18588ca73eff0bed9b27155081eb3c6df55568f77c0b4b80229d1c92a313cef,cached_perception_v2,0,0,0,,,0,0.0,0,23.578963242471218,1.4598751440644264,49.448637291789055,137.34701929990734,137.43613767938018,137.34701929990734,137.34907712104837,34.94369755832476,127.42958193698158
cracker_box_yalehand0_black10_5,995,35.83843482535903,35.684689252108825,2.363137516932954,2.4235933426716043,0.08490863122133685,0.08708083718736406,1.0,1.0,-0.15374557325020533,0.06045582573865049,MODE_1_ACCEPT,simple,four_mode_relocalization_v2,0.0,0,0,0,True,0,1,35.684689252108825,0,0,restarted_se3,0,43.68608724325895,3.6300159990787506,0,996,cache_read_only_not_online_fps,b18588ca73eff0bed9b27155081eb3c6df55568f77c0b4b80229d1c92a313cef,cached_perception_v2,0,0,0,,,0,0.0,0,20.497210323810577,1.2031132355332375,48.51921647787094,137.53860933885792,137.5313870601995,137.53860933885792,137.54056872162798,35.83843482535903,127.63165246060501
cracker_box_yalehand0_black10_5,996,36.32911151879694,36.769548227598,2.401344996609751,2.360169228245589,0.08628144375489791,0.08480197922681347,1.0,1.0,0.4404367088010588,-0.041175768364162035,MODE_1_ACCEPT,simple,four_mode_relocalization_v2,0.0,0,0,0,True,0,1,36.32911151879694,0,0,restarted_se3,0,48.119318671524525,4.032185301184654,0,997,cache_read_only_not_online_fps,b18588ca73eff0bed9b27155081eb3c6df55568f77c0b4b80229d1c92a313cef,cached_perception_v2,0,0,0,,,0,0.0,0,17.45938789099455,1.3186326250433922,53.47013659775257,137.52104396634851,137.59274917713043,137.52104396634851,137.52243423155403,36.32911151879694,127.87141424577406
cracker_box_yalehand0_black10_5,997,36.79754540232501,36.8134348655767,2.3529392625113132,2.4260090693807412,0.08454220319182788,0.08716763537274594,1.0,1.0,0.015889463251696156,0.07306980686942799,MODE_1_ACCEPT,simple,four_mode_relocalization_v2,0.0,0,0,0,True,0,1,36.79754540232501,0,0,restarted_se3,0,47.17839416116476,4.0500350296497345,0,998,cache_read_only_not_online_fps,b18588ca73eff0bed9b27155081eb3c6df55568f77c0b4b80229d1c92a313cef,cached_perception_v2,0,0,0,,,0,0.0,0,18.775954842567444,1.4254683628678322,52.65389755368233,137.59145887904026,137.58719990141793,137.59145887904026,137.59246507174225,36.79754540232501,128.0993795688896
cracker_box_yalehand0_black10_5,998,37.270379856205174,37.239783705636626,2.43979091721178,2.3890165873290528,0.08766282358191671,0.08583847826953796,1.0,1.0,-0.030596150568548808,-0.050774329882727454,MODE_3_RELOCALIZE,simple,four_mode_relocalization_v2,,0,0,0,False,1,1,37.239783705636626,0,0,restarted_se3,1,41.511356830596924,1.9814493134617805,0,999,cache_read_only_not_online_fps,b18588ca73eff0bed9b27155081eb3c6df55568f77c0b4b80229d1c92a313cef,cached_perception_v2,1,1,1,0.4731844550926451,,1,2495.0956078246236,0,20.117432810366154,2495.0956078246236,2538.5884139686823,137.67991461141617,137.5210342956921,137.67991461141617,137.6719084914671,0.4731844550926451,128.34014005272599
cracker_box_yalehand0_black10_5,999,1.1001382056688835,39.24231639590906,1.0648598210941773,1.3912755679479665,0.038260909153121234,0.049989178911377524,0.24242424242424243,0.7946843853820601,38.14217819024017,0.32641574685378916,MODE_1_ACCEPT,simple,four_mode_relocalization_v2,0.0,0,0,0,False,0,1,1.1001382056688835,0,0,restarted_se3,0,49.702173098921776,2.310795709490776,0,1000,cache_read_only_not_online_fps,b18588ca73eff0bed9b27155081eb3c6df55568f77c0b4b80229d1c92a313cef,cached_perception_v2,0,0,0,,,0,0.0,0,21.768782287836075,1.4241570606827736,53.437125869095325,137.24100052201993,137.35548660435438,137.24100052201993,137.2419344045036,1.1001382056688835,128.58775037357623
cracker_box_yalehand0_black10_5,1000,1.833949240912276,2.157188763332563,1.3038541623954556,1.5179681847163609,0.04684808710790815,0.05454130361786322,0.7946843853820601,0.7946843853820601,0.3232395224202871,0.21411402232090526,MODE_3_RELOCALIZE,simple,four_mode_relocalization_v2,,0,0,0,False,1,1,1.833949240912276,0,0,restarted_se3,1,45.0297174975276,4.401938058435917,0,1001,cache_read_only_not_online_fps,b18588ca73eff0bed9b27155081eb3c6df55568f77c0b4b80229d1c92a313cef,cached_perception_v2,1,1,1,0.45941812123708586,,1,2492.909966968,0,23.248203098773956,2492.909966968,2542.3416225239635,137.03025635272846,137.11968580575896,137.03025635272846,137.03122205315202,0.45941812123708586,128.857691908117
cracker_box_yalehand0_black10_5,1001,1.139325465535237,1.3240033633108366,1.1261036923665535,0.9197077797168134,0.04046142996207624,0.03304552872603097,0.66,0.0891009055627426,0.18467789777559962,-0.2063959126497401,MODE_1_ACCEPT,simple,four_mode_relocalization_v2,0.0,0,0,0,False,0,1,1.139325465535237,0,0,restarted_se3,0,50.59415567666292,2.3132069036364555,0,1002,cache_read_only_not_online_fps,b18588ca73eff0bed9b27155081eb3c6df55568f77c0b4b80229d1c92a313cef,cached_perception_v2,0,0,0,,,0,0.0,0,21.969535388052464,1.2122290208935738,54.11959160119295,136.67815595035094,136.7944222453286,136.67815595035094,136.67918275017064,1.139325465535237,129.09198061977696
cracker_box_yalehand0_black10_5,1002,1.8891380521879169,2.185840428566355,1.2843916144145648,1.4666925556514743,0.04614878869751272,0.05269894639247284,0.7946843853820601,0.7946843853820601,0.2967023763784382,0.18230094123690943,MODE_3_RELOCALIZE,simple,four_mode_relocalization_v2,,0,0,0,False,1,1,1.8891380521879169,0,0,restarted_se3,1,48.638053238391876,3.852863796055317,0,1003,cache_read_only_not_online_fps,b18588ca73eff0bed9b27155081eb3c6df55568f77c0b4b80229d1c92a313cef,cached_perception_v2,1,1,1,0.4418535074985906,,1,2512.4736605212092,0,19.53764073550701,2512.4736605212092,2564.9645775556564,136.54025244249905,136.51765782223418,136.54025244249905,136.53007623697457,0.4418535074985906,129.36530491871696
cracker_box_yalehand0_black10_5,1003,1.153302064068007,1.3595243671869988,1.1446997963298675,0.9364931761459168,0.041129596635518066,0.03364863583473298,0.7272727272727273,0.0891009055627426,0.2062223031189918,-0.20820662018395075,MODE_3_RELOCALIZE,simple,four_mode_relocalization_v2,,0,0,0,False,1,1,1.153302064068007,0,0,restarted_se3,1,43.078369460999966,2.221176400780678,0,1004,cache_read_only_not_online_fps,b18588ca73eff0bed9b27155081eb3c6df55568f77c0b4b80229d1c92a313cef,cached_perception_v2,1,1,1,0.45595634138902114,,1,2509.9398121237755,0,22.532029077410698,2509.9398121237755,2555.239357985556,136.35632938352765,136.30429645118372,136.35632938352765,136.3574523293807,0.45595634138902114,129.62392313555657
cracker_box_yalehand0_black10_5,1004,1.1591026990282312,0.49420234462522766,1.0735630351651906,0.787419024716241,0.038573619686765974,0.02829233216739326,0.3888888888888889,0.0891009055627426,-0.6649003544030034,-0.28614401044894955,MODE_1_ACCEPT,simple,four_mode_relocalization_v2,0.0,0,0,0,False,0,0,0.49420234462522766,0,0,restarted_se3,0,46.666985377669334,2.0428989082574844,0,1005,cache_read_only_not_online_fps,b18588ca73eff0bed9b27155081eb3c6df55568f77c0b4b80229d1c92a313cef,cached_perception_v2,0,0,0,,,0,0.0,0,15.649685636162758,0.8196216076612473,49.529505893588066,136.08085022490027,136.10288257344806,136.08085022490027,136.0820449035921,1.1591026990282312,129.88662942531
cracker_box_yalehand0_black10_5,1005,1.655080661144185,2.2612173248052883,1.3922495961194772,1.622159535323041,0.05002417619707139,0.05828494735493932,0.7946843853820601,0.7946843853820601,0.6061366636611032,0.22990993920356373,MODE_1_ACCEPT,simple,four_mode_relocalization_v2,0.0,0,0,0,True,0,1,1.655080661144185,0,0,restarted_se3,0,44.69646792858839,3.15176323056221,0,1006,cache_read_only_not_online_fps,b18588ca73eff0bed9b27155081eb3c6df55568f77c0b4b80229d1c92a313cef,cached_perception_v2,0,0,0,,,0,0.0,0,20.646248944103718,0.8884808048605919,48.73671196401119,136.21714099825553,136.0744128288389,136.21714099825553,136.21837933443348,1.655080661144185,130.14857988172764
cracker_box_yalehand0_black10_5,1006,2.5716641359236165,2.195770755835771,1.6083110186745126,1.4612804243628104,0.05778736370411626,0.05250448599547189,0.7946843853820601,0.7946843853820601,-0.3758933800878457,-0.1470305943117023,MODE_1_ACCEPT,simple,four_mode_relocalization_v2,0.0,0,0,0,True,0,1,2.195770755835771,0,0,restarted_se3,0,42.24392585456371,2.7197962626814842,0,1007,cache_read_only_not_online_fps,b18588ca73eff0bed9b27155081eb3c6df55568f77c0b4b80229d1c92a313cef,cached_perception_v2,0,0,0,,,0,0.0,0,21.15829475224018,0.7015848532319069,45.665306970477104,135.73301591938602,135.93211403864092,135.73301591938602,135.7342815189131,2.5716641359236165,130.38743046411128
cracker_box_yalehand0_black10_5,1007,3.207163321970605,3.3038180975960243,1.6993087484778877,1.7059429678349898,0.061056954502996905,0.06129532509328092,0.7946843853820601,0.7946843853820601,0.09665477562541946,0.006634219357102067,MODE_1_ACCEPT,simple,four_mode_relocalization_v2,0.0,0,0,0,True,0,1,3.207163321970605,0,0,restarted_se3,0,45.29718868434429,2.84782238304615,0,1008,cache_read_only_not_online_fps,b18588ca73eff0bed9b27155081eb3c6df55568f77c0b4b80229d1c92a313cef,cached_perception_v2,0,0,0,,,0,0.0,0,24.67881143093109,0.7284525781869888,48.87346364557743,135.4840558255787,135.67578592748526,135.4840558255787,135.48541264718165,3.207163321970605,130.66170574508496
cracker_box_yalehand0_black10_5,1008,3.8985258118806376,3.863850864013807,1.7503122662205715,1.7484654241285686,0.06288953464188998,0.06282317674566504,0.7946843853820601,0.7946843853820601,-0.034674947866830674,-0.0018468420920028095,MODE_1_ACCEPT,simple,four_mode_relocalization_v2,0.0,0,0,0,True,0,1,3.863850864013807,0,0,restarted_se3,0,48.37007913738489,3.4472672268748283,0,1009,cache_read_only_not_online_fps,b18588ca73eff0bed9b27155081eb3c6df55568f77c0b4b80229d1c92a313cef,cached_perception_v2,0,0,0,,,0,0.0,0,18.369981087744236,0.7880022749304771,52.6053486391902,135.55284967054402,135.51050000253224,135.55284967054402,135.5542824371244,3.8985258118806376,130.89124160283947
cracker_box_yalehand0_black10_5,1009,4.168642745361246,4.687574402306352,1.7347060361882405,1.7643044282811813,0.062328795530824474,0.06339227953924807,0.7946843853820601,0.7946843853820601,0.5189316569451066,0.029598392092940795,MODE_1_ACCEPT,simple,four_mode_relocalization_v2,0.0,0,0,0,True,0,1,4.168642745361246,0,0,restarted_se3,0,42.681689374148846,3.7130573764443398,0,1010,cache_read_only_not_online_fps,b18588ca73eff0bed9b27155081eb3c6df55568f77c0b4b80229d1c92a313cef,cached_perception_v2,0,0,0,,,0,0.0,0,20.453456789255142,1.018495298922062,47.41324204951525,135.91709600304821,135.71308822212202,135.91709600304821,135.9185564851628,4.168642745361246,131.1215374211072
cracker_box_yalehand0_black10_5,1010,4.535342289779325,4.4250878363304045,1.7424377736235566,1.7120620460624236,0.06260660045664508,0.06151518642293474,0.7946843853820601,0.7946843853820601,-0.11025445344892049,-0.030375727561132937,MODE_1_ACCEPT,simple,four_mode_relocalization_v2,0.0,0,0,0,True,0,1,4.4250878363304045,0,0,restarted_se3,0,43.29942911863327,3.294127993285656,0,1011,cache_read_only_not_online_fps,b18588ca73eff0bed9b27155081eb3c6df55568f77c0b4b80229d1c92a313cef,cached_perception_v2,0,0,0,,,0,0.0,0,24.920137599110603,0.8304044604301453,47.42396157234907,136.21480794285927,136.0941784782767,136.21480794285927,136.21631950362746,4.535342289779325,131.3516914566095
cracker_box_yalehand0_black10_5,1011,5.090071606024398,4.9804635248524205,1.7621375453148642,1.7425056694751753,0.06331442242540325,0.06260903998620493,0.7946843853820601,0.7946843853820601,-0.10960808117197729,-0.01963187583968895,MODE_1_ACCEPT,simple,four_mode_relocalization_v2,0.0,0,0,0,True,0,1,4.9804635248524205,0,0,restarted_se3,0,46.847714111208916,3.2917531207203865,0,1012,cache_read_only_not_online_fps,b18588ca73eff0bed9b27155081eb3c6df55568f77c0b4b80229d1c92a313cef,cached_perception_v2,0,0,0,,,0,0.0,0,13.22812307626009,0.8847974240779877,51.02426465600729,136.96331616655937,136.77327283616356,136.96331616655937,136.8955426192811,5.090071606024398,131.55731655009987
cracker_box_yalehand0_black10_5,1012,5.784835354223323,5.67087814032106,1.774237389918247,1.790322814260294,0.0637491754754913,0.0643271322612099,0.7946843853820601,0.7946843853820601,-0.1139572139022631,0.01608542434204696,MODE_1_ACCEPT,simple,four_mode_relocalization_v2,0.0,0,0,0,True,0,1,5.67087814032106,0,0,restarted_se3,0,41.07442870736122,4.487983882427216,0,1013,cache_read_only_not_online_fps,b18588ca73eff0bed9b27155081eb3c6df55568f77c0b4b80229d1c92a313cef,cached_perception_v2,0,0,0,,,0,0.0,0,21.654412150382996,0.9111091494560242,46.47352173924446,137.49252959012122,137.55936889356488,137.49252959012122,137.4940084706677,5.784835354223323,131.75743556428387
cracker_box_yalehand0_black10_5,1013,6.367064834732275,6.603319910183303,1.7418901177971515,1.7709804575911032,0.06258692292782281,0.06363215238060294,0.7946843853820601,0.7946843853820601,0.23625507545102753,0.029090339793951703,MODE_1_ACCEPT,simple,four_mode_relocalization_v2,0.0,0,0,0,True,0,1,6.367064834732275,0,0,restarted_se3,0,43.96047070622444,2.752101980149746,0,1014,cache_read_only_not_online_fps,b18588ca73eff0bed9b27155081eb3c6df55568f77c0b4b80229d1c92a313cef,cached_perception_v2,0,0,0,,,0,0.0,0,24.0719523280859,0.6689578294754028,47.38153051584959,138.46867553126688,138.53661404099014,138.46867553126688,138.44124180138428,6.367064834732275,131.91947936585197
cracker_box_yalehand0_black10_5,1014,6.974482304184244,6.976274984179886,1.7956982086245445,1.7439486694464004,0.06452027268341257,0.06266088764700808,0.7946843853820601,0.7946843853820601,0.0017926799956420325,-0.05174953917814418,MODE_1_ACCEPT,simple,four_mode_relocalization_v2,0.0,0,0,0,True,0,1,6.974482304184244,0,0,restarted_se3,0,44.892093166708946,2.9533738270401955,0,1015,cache_read_only_not_online_fps,b18588ca73eff0bed9b27155081eb3c6df55568f77c0b4b80229d1c92a313cef,cached_perception_v2,0,0,0,,,0,0.0,0,18.507109954953194,0.8022347465157509,48.64770174026489,138.89054835574063,139.2738302314516,138.89054835574063,138.89204746655713,6.974482304184244,132.0990506245424
cracker_box_yalehand0_black10_5,1015,7.778809872781574,7.701170932113527,1.8396595906560222,1.8136168677856253,0.06609982560749952,0.065164098449703,0.9274193548387096,0.7946843853820601,-0.07763894066804689,-0.026042722870396995,MODE_3_RELOCALIZE,simple,four_mode_relocalization_v2,,0,0,0,False,1,1,7.701170932113527,0,0,restarted_se3,1,45.00149842351675,2.8873374685645103,0,1016,cache_read_only_not_online_fps,b18588ca73eff0bed9b27155081eb3c6df55568f77c0b4b80229d1c92a313cef,cached_perception_v2,1,1,1,0.4473006800698036,,1,2584.7396310418844,0,17.68059842288494,2584.7396310418844,2632.6284669339657,140.12319552765942,140.10058162771483,140.12319552765942,140.1247748841295,0.4473006800698036,132.24075898369003
cracker_box_yalehand0_black10_5,1016,1.1927229019411414,9.116652492787768,1.1679493623323032,1.886842954547201,0.04196496436660087,0.06779514583990727,0.7946843853820601,0.9274193548387096,7.923929590846627,0.7188935922148978,MODE_1_ACCEPT,simple,four_mode_relocalization_v2,0.0,0,0,0,True,0,1,1.1927229019411414,0,0,restarted_se3,0,45.919934287667274,4.939588718116283,0,1017,cache_read_only_not_online_fps,b18588ca73eff0bed9b27155081eb3c6df55568f77c0b4b80229d1c92a313cef,cached_perception_v2,0,0,0,,,0,0.0,0,22.182838059961796,1.3285968452692032,52.18811985105276,141.93876100878742,141.4581617650156,141.93876100878742,141.94028131778524,1.1927229019411414,132.36254735732962
cracker_box_yalehand0_black10_5,1017,2.1737212483783868,2.2881809693342805,1.570593586251389,1.5479887742504403,0.05643215879653764,0.05561995737691511,0.7946843853820601,0.7946843853820601,0.11445972095589374,-0.02260481200094855,MODE_3_RELOCALIZE,simple,four_mode_relocalization_v2,,0,0,0,False,1,1,2.1737212483783868,0,0,restarted_se3,1,47.56599757820368,4.616179503500462,0,1018,cache_read_only_not_online_fps,b18588ca73eff0bed9b27155081eb3c6df55568f77c0b4b80229d1c92a313cef,cached_perception_v2,1,1,1,0.5031628758313721,,1,2516.2273617461324,0,17.301570624113083,2516.2273617461324,2568.4095388278365,142.7423938391594,142.66352531212735,142.7423938391594,142.7442170821996,0.5031628758313721,132.51506376309004
cracker_box_yalehand0_black10_5,1018,1.128774496356444,1.5457776885710572,1.127351314581831,1.1140917835374673,0.04050625760914353,0.040029836485300105,0.66,0.6060606060606061,0.41700319221461335,-0.013259531044363726,MODE_3_RELOCALIZE,simple,four_mode_relocalization_v2,,0,0,0,False,1,1,1.128774496356444,0,0,restarted_se3,1,57.02243372797966,3.8748467341065407,0,1019,cache_read_only_not_online_fps,b18588ca73eff0bed9b27155081eb3c6df55568f77c0b4b80229d1c92a313cef,cached_perception_v2,1,1,1,0.4645848119341078,,1,2495.7534968852997,0,22.344423457980156,2495.7534968852997,2556.650777347386,142.67358547177926,142.60247188572325,142.67358547177926,142.67570987001093,0.4645848119341078,132.604841356675
cracker_box_yalehand0_black10_5,1019,1.2442288405914523,0.42935491505133855,1.2329094388771058,0.7997460091934201,0.044299010161198166,0.0287352464588994,0.7946843853820601,0.0891009055627426,-0.8148739255401138,-0.4331634296836857,MODE_1_ACCEPT,simple,four_mode_relocalization_v2,0.0,0,0,0,False,0,0,0.42935491505133855,0,0,restarted_se3,0,30.704721808433533,2.2844774648547173,0,1020,cache_read_only_not_online_fps,b18588ca73eff0bed9b27155081eb3c6df55568f77c0b4b80229d1c92a313cef,cached_perception_v2,0,0,0,,,0,0.0,0,13.269376941025257,0.8309325203299522,33.8201317936182,142.04420476257823,142.08741857773552,142.04420476257823,142.046534193725,1.2442288405914523,132.70019942059605
cracker_box_yalehand0_black10_5,1020,1.9465346275618793,2.426912311203831,1.484506833235738,1.6341963812323337,0.05333902168010989,0.05871743683261756,0.7946843853820601,0.7946843853820601,0.48037768364195155,0.14968954799659562,MODE_1_ACCEPT,simple,four_mode_relocalization_v2,0.0,0,0,0,True,0,1,1.9465346275618793,0,0,restarted_se3,0,47.525172121822834,1.6463398933410645,0,1021,cache_read_only_not_online_fps,b18588ca73eff0bed9b27155081eb3c6df55568f77c0b4b80229d1c92a313cef,cached_perception_v2,0,0,0,,,0,0.0,0,23.838304914534092,1.0133199393749237,50.18483195453882,141.08784099866003,141.34978708730037,141.08784099866003,141.0903951465366,1.9465346275618793,132.81843781702653
cracker_box_yalehand0_black10_5,1021,2.6448174338225616,2.596086820546927,1.6430981545661205,1.6177856241930244,0.05903728169301969,0.05812779069161679,0.7946843853820601,0.7946843853820601,-0.04873061327563466,-0.02531253037309611,MODE_1_ACCEPT,simple,four_mode_relocalization_v2,0.0,0,0,0,True,0,1,2.596086820546927,0,0,restarted_se3,0,48.32639079540968,4.2019980028271675,0,1022,cache_read_only_not_online_fps,b18588ca73eff0bed9b27155081eb3c6df55568f77c0b4b80229d1c92a313cef,cached_perception_v2,0,0,0,,,0,0.0,0,21.84920385479927,1.0660365223884583,53.594425320625305,140.45244124858115,140.60991954050712,140.45244124858115,140.4551752703436,2.6448174338225616,132.91237913231632
cracker_box_yalehand0_black10_5,1022,3.1091366339531175,3.2158201919559275,1.5782678483833654,1.6733296659604266,0.0567078986079497,0.06012351397271126,0.7946843853820601,0.7946843853820601,0.10668355800281004,0.09506181757706123,MODE_1_ACCEPT,simple,four_mode_relocalization_v2,0.0,0,0,0,True,0,1,3.1091366339531175,0,0,restarted_se3,0,49.65829476714134,3.588186576962471,0,1023,cache_read_only_not_online_fps,b18588ca73eff0bed9b27155081eb3c6df55568f77c0b4b80229d1c92a313cef,cached_perception_v2,0,0,0,,,0,0.0,0,22.4136458709836,1.36667862534523,54.61315996944904,139.51552605332958,139.76214583288737,139.51552605332958,139.51833604028195,3.1091366339531175,133.0308559081564
cracker_box_yalehand0_black10_5,1023,3.5534420237167836,3.6355334464091587,1.6849114224571253,1.5300664051806836,0.06053965187591286,0.054975998311878674,0.7946843853820601,0.7946843853820601,0.08209142269237502,-0.15484501727644173,MODE_1_ACCEPT,simple,four_mode_relocalization_v2,0.0,0,0,0,True,0,1,3.5534420237167836,0,0,restarted_se3,0,50.679625011980534,4.46165818721056,0,1024,cache_read_only_not_online_fps,b18588ca73eff0bed9b27155081eb3c6df55568f77c0b4b80229d1c92a313cef,cached_perception_v2,0,0,0,,,0,0.0,0,21.39756642282009,1.3175560161471367,56.45883921533823,139.10589914985778,139.07278524560425,139.10589914985778,139.1088460434531,3.5534420237167836,133.12597233263
cracker_box_yalehand0_black10_5,1024,4.018429753793208,4.00913107777325,1.7074534768736047,1.6971384470539872,0.061349598386306506,0.06097897456237953,0.7946843853820601,0.7946843853820601,-0.009298676019957597,-0.010315029819617516,MODE_1_ACCEPT,simple,four_mode_relocalization_v2,0.0,0,0,0,True,0,1,4.00913107777325,0,0,restarted_se3,0,51.37780588120222,4.2001232504844666,0,1025,cache_read_only_not_online_fps,b18588ca73eff0bed9b27155081eb3c6df55568f77c0b4b80229d1c92a313cef,cached_perception_v2,0,0,0,,,0,0.0,0,23.0247238650918,1.8466999754309654,57.42462910711765,138.63253801714885,138.59774015414513,138.63253801714885,138.6355482336113,4.018429753793208,133.20673319802017
cracker_box_yalehand0_black10_5,1025,4.456163179975663,4.544424725415472,1.6978087038796195,1.7112909104326501,0.061003057202185046,0.06148747916072892,0.7946843853820601,0.7946843853820601,0.08826154543980902,0.013482206553030673,MODE_1_ACCEPT,simple,four_mode_relocalization_v2,0.0,0,0,0,True,0,1,4.456163179975663,0,0,restarted_se3,0,46.992349438369274,1.5417663380503654,0,1026,cache_read_only_not_online_fps,b18588ca73eff0bed9b27155081eb3c6df55568f77c0b4b80229d1c92a313cef,cached_perception_v2,0,0,0,,,0,0.0,0,12.679449282586575,1.9864896312355995,50.52060540765524,138.2198455189571,138.27977514864816,138.2198455189571,138.22285797529025,4.456163179975663,133.312848874423
cracker_box_yalehand0_black10_5,1026,4.946979004566749,4.927710254702073,1.7188112614738955,1.7026524238974148,0.06175768887499254,0.061177094317580755,0.7946843853820601,0.7946843853820601,-0.019268749864676415,-0.016158837576480733,MODE_1_ACCEPT,simple,four_mode_relocalization_v2,0.0,0,0,0,True,0,1,4.927710254702073,0,0,restarted_se3,0,45.66042497754097,1.291266642510891,0,1027,cache_read_only_not_online_fps,b18588ca73eff0bed9b27155081eb3c6df55568f77c0b4b80229d1c92a313cef,cached_perception_v2,0,0,0,,,0,0.0,0,12.677133083343506,1.6030799597501755,48.554771579802036,137.99957855565944,138.03582721988755,137.99957855565944,138.00257354113344,4.946979004566749,133.4201363277492
cracker_box_yalehand0_black10_5,1027,5.6245564552598415,5.510728777385849,1.7566385183099416,1.7387907593266865,0.06311683982485991,0.06247556153496871,0.7946843853820601,0.7946843853820601,-0.11382767787399217,-0.01784775898325508,MODE_1_ACCEPT,simple,four_mode_relocalization_v2,0.0,0,0,0,True,0,1,5.510728777385849,0,0,restarted_se3,0,46.673232689499855,2.6087621226906776,0,1028,cache_read_only_not_online_fps,b18588ca73eff0bed9b27155081eb3c6df55568f77c0b4b80229d1c92a313cef,cached_perception_v2,0,0,0,,,0,0.0,0,10.539576411247253,1.3965265825390816,50.678521394729614,138.55341438673221,138.21935517616183,138.55341438673221,138.55634365306415,5.6245564552598415,133.529394297238
cracker_box_yalehand0_black10_5,1028,6.200168622055619,6.3935595379607815,1.7913022963765173,1.7923170258986656,0.06436232550967655,0.0643987852138487,0.7946843853820601,0.7946843853820601,0.19339091590516233,0.0010147295221483166,MODE_1_ACCEPT,simple,four_mode_relocalization_v2,0.0,0,0,0,True,0,1,6.200168622055619,0,0,restarted_se3,0,44.12695113569498,2.1926341578364372,0,1029,cache_read_only_not_online_fps,b18588ca73eff0bed9b27155081eb3c6df55568f77c0b4b80229d1c92a313cef,cached_perception_v2,0,0,0,,,0,0.0,0,11.122370138764381,1.3930881395936012,47.71267343312502,138.91659645147084,138.7009681681523,138.91659645147084,138.91944874971168,6.200168622055619,133.63467278171828
cracker_box_yalehand0_black10_5,1029,6.979849313185878,6.933722341899712,1.831897802678292,1.8431649596510138,0.06582094095169894,0.06622577514753168,0.9274193548387096,0.9274193548387096,-0.046126971286166274,0.011267156972721848,MODE_1_ACCEPT,simple,four_mode_relocalization_v2,0.0,0,0,0,True,0,1,6.933722341899712,0,0,restarted_se3,0,43.920693919062614,2.609790302813053,0,1030,cache_read_only_not_online_fps,b18588ca73eff0bed9b27155081eb3c6df55568f77c0b4b80229d1c92a313cef,cached_perception_v2,0,0,0,,,0,0.0,0,9.775500744581223,1.4410456642508507,47.97152988612652,139.50310966806416,139.4222029261452,139.50310966806416,139.4953502099749,6.979849313185878,133.72802175969025
cracker_box_yalehand0_black10_5,1030,7.980542669697428,7.945775117882917,1.8927111667343215,1.887586733765691,0.06800599343593353,0.06782187017351898,0.9274193548387096,0.9274193548387096,-0.034767551814510966,-0.00512443296863041,MODE_1_ACCEPT,simple,four_mode_relocalization_v2,0.0,0,0,0,True,0,1,7.945775117882917,0,0,restarted_se3,0,46.80625628679991,2.5921519845724106,0,1031,cache_read_only_not_online_fps,b18588ca73eff0bed9b27155081eb3c6df55568f77c0b4b80229d1c92a313cef,cached_perception_v2,0,0,0,,,0,0.0,0,13.368182815611362,1.614249311387539,51.01265758275986,139.80388510036022,140.0320865969811,139.80388510036022,139.80655524811553,7.980542669697428,133.86785930498007
cracker_box_yalehand0_black10_5,1031,9.043499512747175,8.996488772597674,1.9243113415569781,1.9324179681928824,0.06914140242983291,0.06943267729917289,0.9274193548387096,0.9274193548387096,-0.04701074014950102,0.008106626635904224,MODE_1_ACCEPT,simple,four_mode_relocalization_v2,0.0,0,0,0,True,0,1,8.996488772597674,0,0,restarted_se3,0,47.20840323716402,1.5383483842015266,0,1032,cache_read_only_not_online_fps,b18588ca73eff0bed9b27155081eb3c6df55568f77c0b4b80229d1c92a313cef,cached_perception_v2,0,0,0,,,0,0.0,0,14.01207409799099,1.265212893486023,50.01196451485157,140.19132041067354,140.43522949252443,140.19132041067354,140.19391572107827,9.043499512747175,133.98137841293328
cracker_box_yalehand0_black10_5,1032,9.887471926720593,10.181619221426915,1.9369640823417367,1.9651009798256676,0.06959602129713716,0.07060699312381119,0.9274193548387096,0.9274193548387096,0.29414729470632217,0.02813689748393089,MODE_1_ACCEPT,simple,four_mode_relocalization_v2,0.0,0,0,0,True,0,1,9.887471926720593,0,0,restarted_se3,0,47.676729038357735,2.35556997358799,0,1033,cache_read_only_not_online_fps,b18588ca73eff0bed9b27155081eb3c6df55568f77c0b4b80229d1c92a313cef,cached_perception_v2,0,0,0,,,0,0.0,0,12.968380935490131,1.457870937883854,51.49016994982958,140.84100229447554,140.87838042687432,140.84100229447554,140.84343433752178,9.887471926720593,134.1082677263829
cracker_box_yalehand0_black10_5,1033,10.761561373236024,10.764515512608346,1.9760171983782984,1.9599212164909114,0.07099921793881891,0.07042088181558084,0.9274193548387096,0.9274193548387096,0.002954139372322473,-0.016095981887386923,MODE_1_ACCEPT,simple,four_mode_relocalization_v2,0.0,0,0,0,True,0,1,10.761561373236024,0,0,restarted_se3,0,46.21763154864311,1.8059397116303444,0,1034,cache_read_only_not_online_fps,b18588ca73eff0bed9b27155081eb3c6df55568f77c0b4b80229d1c92a313cef,cached_perception_v2,0,0,0,,,0,0.0,0,13.843652792274952,1.9500181078910828,49.97358936816454,141.2000397115789,141.23833322514406,141.2000397115789,141.20178438036734,10.761561373236024,134.21430789880043
cracker_box_yalehand0_black10_5,1034,12.042982908146028,11.70229758436132,2.000698741993889,2.0046463673404062,0.07188603729224759,0.07202787730889734,0.9274193548387096,0.9274193548387096,-0.34068532378470806,0.0039476253465173805,MODE_1_ACCEPT,simple,four_mode_relocalization_v2,0.0,0,0,0,True,0,1,11.70229758436132,0,0,restarted_se3,0,47.34246712177992,2.2807884961366653,0,1035,cache_read_only_not_online_fps,b18588ca73eff0bed9b27155081eb3c6df55568f77c0b4b80229d1c92a313cef,cached_perception_v2,0,0,0,,,0,0.0,0,13.402123935520649,1.1125700548291206,50.735825672745705,141.34180191869643,141.27750729869638,141.34180191869643,141.34235952339372,12.042982908146028,134.3270519433685
cracker_box_yalehand0_black10_5,1035,13.19948112834661,13.414334306604491,2.0282568559016325,2.0156039563414248,0.0728762131555571,0.07242158858337705,0.9274193548387096,0.9274193548387096,0.21485317825788108,-0.012652899560207764,MODE_1_ACCEPT,simple,four_mode_relocalization_v2,0.0,0,0,0,True,0,1,13.19948112834661,0,0,restarted_se3,0,49.29601587355137,2.266700379550457,0,1036,cache_read_only_not_online_fps,b18588ca73eff0bed9b27155081eb3c6df55568f77c0b4b80229d1c92a313cef,cached_perception_v2,0,0,0,,,0,0.0,0,11.19058858603239,1.1010589078068733,52.6637751609087,141.0004390859852,140.93683558551356,141.0004390859852,141.00084757091741,13.19948112834661,134.4529779236963
cracker_box_yalehand0_black10_5,1036,14.63459029617763,14.352653378394603,2.057980185768212,2.0623193477616333,0.07394418623635651,0.07410009434702255,0.9274193548387096,0.9274193548387096,-0.28193691778302643,0.0043391619934212144,MODE_3_RELOCALIZE,simple,four_mode_relocalization_v2,,0,0,0,False,1,1,14.352653378394603,0,0,restarted_se3,1,52.04380210489035,2.1407166495919228,0,1037,cache_read_only_not_online_fps,b18588ca73eff0bed9b27155081eb3c6df55568f77c0b4b80229d1c92a313cef,cached_perception_v2,1,1,1,0.4534365046891505,,1,2538.1435053423047,0,19.342108629643917,2538.1435053423047,2592.328024096787,140.4800934111664,140.50207445674158,140.4800934111664,140.48042842477946,0.4534365046891505,134.58928870984622
cracker_box_yalehand0_black10_5,1037,1.0986376082804674,15.85369169192167,1.1355733538787813,2.233036895573241,0.04080167930912913,0.08023405532317425,0.66,1.0,14.755054083641202,1.0974635416944598,MODE_3_RELOCALIZE,simple,four_mode_relocalization_v2,,0,0,0,False,1,1,1.0986376082804674,0,0,restarted_se3,1,49.0506524220109,3.049747087061405,0,1038,cache_read_only_not_online_fps,b18588ca73eff0bed9b27155081eb3c6df55568f77c0b4b80229d1c92a313cef,cached_perception_v2,1,1,1,0.4528735495553894,,1,2536.3893108442426,0,16.782323829829693,2536.3893108442426,2588.489710353315,140.4338380532759,140.27773991022391,140.4338380532759,140.43418221277463,0.4528735495553894,134.71645481993235
cracker_box_yalehand0_black10_5,1038,1.0725546576422247,0.457561909569745,1.1300714770565297,0.7302523675647294,0.04060399431332233,0.026238307560084714,0.66,0.0891009055627426,-0.6149927480724797,-0.3998191094918002,MODE_1_ACCEPT,simple,four_mode_relocalization_v2,0.0,0,0,0,False,0,0,0.457561909569745,0,0,restarted_se3,0,50.45692157000303,2.6436755433678627,0,1039,cache_read_only_not_online_fps,b18588ca73eff0bed9b27155081eb3c6df55568f77c0b4b80229d1c92a313cef,cached_perception_v2,0,0,0,,,0,0.0,0,22.827493026852608,1.186181791126728,54.28677890449762,140.31629143064902,140.20567901651472,140.31629143064902,140.31663689582018,1.0725546576422247,134.84574804826912
cracker_box_yalehand0_black10_5,1039,1.9192722247110994,2.055373708775819,1.3399286324809614,1.5190060820766724,0.04814425961375994,0.054578595753247146,0.7946843853820601,0.7946843853820601,0.13610148406471945,0.17907744959571104,MODE_1_ACCEPT,simple,four_mode_relocalization_v2,0.0,0,0,0,True,0,1,1.9192722247110994,0,0,restarted_se3,0,47.46337328106165,4.019266925752163,0,1040,cache_read_only_not_online_fps,b18588ca73eff0bed9b27155081eb3c6df55568f77c0b4b80229d1c92a313cef,cached_perception_v2,0,0,0,,,0,0.0,0,22.016658447682858,0.8245063945651054,52.30714660137892,139.71592929056155,139.9323969175884,139.71592929056155,139.71628484823106,1.9192722247110994,134.9720197262327
cracker_box_yalehand0_black10_5,1040,2.429775753255305,2.604042376282877,1.4311182523963826,1.50397024705444,0.05142074511370727,0.05403835120046101,0.7946843853820601,0.7946843853820601,0.174266623027572,0.07285199465805747,MODE_1_ACCEPT,simple,four_mode_relocalization_v2,0.0,0,0,0,True,0,1,2.429775753255305,0,0,restarted_se3,0,45.81356141716242,2.6902081444859505,0,1041,cache_read_only_not_online_fps,b18588ca73eff0bed9b27155081eb3c6df55568f77c0b4b80229d1c92a313cef,cached_perception_v2,0,0,0,,,0,0.0,0,21.320962347090244,1.0075056925415993,49.51127525418997,138.89143870670472,139.3021429065511,138.89143870670472,138.89180633704368,2.429775753255305,135.12563807777596
cracker_box_yalehand0_black10_5,1041,2.8365594990822833,2.862146983880876,1.417129152661493,1.428127153733799,0.05091811024713809,0.05131327354615434,0.7946843853820601,0.7946843853820601,0.02558748479859263,0.010998001072305863,MODE_1_ACCEPT,simple,four_mode_relocalization_v2,0.0,0,0,0,True,0,1,2.8365594990822833,0,0,restarted_se3,0,46.29018809646368,2.621958963572979,0,1042,cache_read_only_not_online_fps,b18588ca73eff0bed9b27155081eb3c6df55568f77c0b4b80229d1c92a313cef,cached_perception_v2,0,0,0,,,0,0.0,0,20.459449850022793,1.0669976472854614,49.97914470732212,138.5937353869136,138.6764814287562,138.5937353869136,138.5940986006059,2.8365594990822833,135.2363061667004
cracker_box_yalehand0_black10_5,1042,3.2124657390787172,3.335975170295255,1.563081183857492,1.486005723366103,0.05616223468087401,0.05339287750035249,0.7946843853820601,0.7946843853820601,0.1235094312165379,-0.07707546049138903,MODE_1_ACCEPT,simple,four_mode_relocalization_v2,0.0,0,0,0,True,0,1,3.2124657390787172,0,0,restarted_se3,0,46.55175190418959,2.5287698954343796,0,1043,cache_read_only_not_online_fps,b18588ca73eff0bed9b27155081eb3c6df55568f77c0b4b80229d1c92a313cef,cached_perception_v2,0,0,0,,,0,0.0,0,20.15320397913456,0.7390957325696945,49.81961753219366,138.4597653110972,138.2840020362685,138.4597653110972,138.46015501572097,3.2124657390787172,135.37552859097136
cracker_box_yalehand0_black10_5,1043,3.7020965423920353,3.622168233085536,1.647165539752591,1.6818691200827725,0.05918342473647717,0.060430340535156446,0.7946843853820601,0.7946843853820601,-0.0799283093064993,0.034703580330181394,MODE_1_ACCEPT,simple,four_mode_relocalization_v2,0.0,0,0,0,True,0,1,3.622168233085536,0,0,restarted_se3,0,46.471438370645046,2.4445727467536926,0,1044,cache_read_only_not_online_fps,b18588ca73eff0bed9b27155081eb3c6df55568f77c0b4b80229d1c92a313cef,cached_perception_v2,0,0,0,,,0,0.0,0,23.195399902760983,1.8513128161430359,50.767323933541775,138.13268876090092,138.12105246711005,138.13268876090092,138.1330771753369,3.7020965423920353,135.5093512507514
cracker_box_yalehand0_black10_5,1044,4.134115430920096,4.21379504318831,1.661579481194669,1.6805866489319088,0.05970132436338494,0.060384260749608454,0.7946843853820601,0.7946843853820601,0.0796796122682144,0.019007167737239872,MODE_1_ACCEPT,simple,four_mode_relocalization_v2,0.0,0,0,0,True,0,1,4.134115430920096,0,0,restarted_se3,0,46.97382543236017,3.889603540301323,0,1045,cache_read_only_not_online_fps,b18588ca73eff0bed9b27155081eb3c6df55568f77c0b4b80229d1c92a313cef,cached_perception_v2,0,0,0,,,0,0.0,0,19.97372042387724,0.8690319955348969,51.73246096819639,138.1367525171584,138.13920157720568,138.1367525171584,138.13712385282645,4.134115430920096,135.658976265368
cracker_box_yalehand0_black10_5,1045,4.549598490150863,4.5364612113052045,1.6857832709588785,1.6685475444154831,0.06057097779849917,0.05995169011912435,0.7946843853820601,0.7946843853820601,-0.013137278845658074,-0.017235726543395335,MODE_1_ACCEPT,simple,four_mode_relocalization_v2,0.0,0,0,0,True,0,1,4.5364612113052045,0,0,restarted_se3,0,44.900706969201565,2.7418993413448334,0,1046,cache_read_only_not_online_fps,b18588ca73eff0bed9b27155081eb3c6df55568f77c0b4b80229d1c92a313cef,cached_perception_v2,0,0,0,,,0,0.0,0,19.969498738646507,0.9325779974460602,48.57518430799246,137.93164307551316,138.1136215788712,137.93164307551316,137.9320032587423,4.549598490150863,135.7919943864732
cracker_box_yalehand0_black10_5,1046,4.781188456642481,5.037159141600372,1.7001199836824492,1.734315198913426,0.06108610256159456,0.062314752565572985,0.7946843853820601,0.7946843853820601,0.2559706849578909,0.034195215230976794,MODE_1_ACCEPT,simple,four_mode_relocalization_v2,0.0,0,0,0,True,0,1,4.781188456642481,0,0,restarted_se3,0,47.314632683992386,3.7458091974258423,0,1047,cache_read_only_not_online_fps,b18588ca73eff0bed9b27155081eb3c6df55568f77c0b4b80229d1c92a313cef,cached_perception_v2,0,0,0,,,0,0.0,0,20.88343631476164,0.9429445490241051,52.00338643044233,138.50608571077595,138.34908456230127,138.50608571077595,138.50645297767713,4.781188456642481,135.93012560519645
cracker_box_yalehand0_black10_5,1047,5.254778678960689,5.0237784256303115,1.7233852525570257,1.7077578386493328,0.06192203450418438,0.06136053424661425,0.7946843853820601,0.7946843853820601,-0.23100025333037788,-0.015627413907692844,MODE_1_ACCEPT,simple,four_mode_relocalization_v2,0.0,0,0,0,True,0,1,5.0237784256303115,0,0,restarted_se3,0,45.253416523337364,3.126058727502823,0,1048,cache_read_only_not_online_fps,b18588ca73eff0bed9b27155081eb3c6df55568f77c0b4b80229d1c92a313cef,cached_perception_v2,0,0,0,,,0,0.0,0,20.826938562095165,0.9327530860900879,49.312228336930275,139.38040304512253,139.02127311656875,139.38040304512253,139.38072144631252,5.254778678960689,136.07736086634088
cracker_box_yalehand0_black10_5,1048,5.827444733699803,5.8156914200760506,1.7239535439769025,1.7348504979865331,0.06194245347948769,0.06233398611049616,0.7946843853820601,0.7946843853820601,-0.011753313623752426,0.010896954009630644,MODE_1_ACCEPT,simple,four_mode_relocalization_v2,0.0,0,0,0,True,0,1,5.8156914200760506,0,0,restarted_se3,0,44.02551241219044,3.1097233295440674,0,1049,cache_read_only_not_online_fps,b18588ca73eff0bed9b27155081eb3c6df55568f77c0b4b80229d1c92a313cef,cached_perception_v2,0,0,0,,,0,0.0,0,20.450553856790066,0.9495094418525696,48.084745183587074,139.67265240285587,139.7206418316394,139.67265240285587,139.67299421063558,5.827444733699803,136.21039655577385
cracker_box_yalehand0_black10_5,1049,6.453635776731338,6.508260879799519,1.747725087575841,1.7493918758725504,0.06279657610863702,0.06285646458816699,0.7946843853820601,0.7946843853820601,0.05462510306818125,0.0016667882967094094,MODE_1_ACCEPT,simple,four_mode_relocalization_v2,0.0,0,0,0,True,0,1,6.453635776731338,0,0,restarted_se3,0,46.26959562301636,2.8535258024930954,0,1050,cache_read_only_not_online_fps,b18588ca73eff0bed9b27155081eb3c6df55568f77c0b4b80229d1c92a313cef,cached_perception_v2,0,0,0,,,0,0.0,0,20.24016994982958,1.1318130418658257,50.25493446737528,140.21131787522637,140.36778355252434,140.21131787522637,140.21162894779596,6.453635776731338,136.36696069328949
cracker_box_yalehand0_black10_5,1050,7.080951043013722,7.162366748053546,1.8074193637099785,1.78348774852881,0.0649414192428091,0.06408154516718356,0.7946843853820601,0.7946843853820601,0.08141570503982365,-0.023931615181168375,MODE_1_ACCEPT,simple,four_mode_relocalization_v2,0.0,0,0,0,True,0,1,7.080951043013722,0,0,restarted_se3,0,47.14422021061182,2.9244180768728256,0,1051,cache_read_only_not_online_fps,b18588ca73eff0bed9b27155081eb3c6df55568f77c0b4b80229d1c92a313cef,cached_perception_v2,0,0,0,,,0,0.0,0,21.00739162415266,1.1502262204885483,51.218864507973194,140.1861883855691,140.62923399644615,140.1861883855691,140.18651020265727,7.080951043013722,136.50145982432272
cracker_box_yalehand0_black10_5,1051,7.8316433402170995,7.843093518315403,1.832417827002767,1.8580547220737789,0.06583962566779208,0.06676077124380997,0.9274193548387096,0.9274193548387096,0.011450178098303176,0.025636895071011967,MODE_1_ACCEPT,simple,four_mode_relocalization_v2,0.0,0,0,0,True,0,1,7.8316433402170995,0,0,restarted_se3,0,45.95791641622782,3.6648018285632133,0,1052,cache_read_only_not_online_fps,b18588ca73eff0bed9b27155081eb3c6df55568f77c0b4b80229d1c92a313cef,cached_perception_v2,0,0,0,,,0,0.0,0,20.418185740709305,1.1168885976076126,50.73960684239864,140.782968060594,140.86188043197018,140.782968060594,140.78327915371958,7.8316433402170995,136.6671127350674
cracker_box_yalehand0_black10_5,1052,8.840934885850503,8.66967204004169,1.909863529442993,1.8717945885514597,0.06862228581391389,0.06725445104340874,0.9274193548387096,0.9274193548387096,-0.17126284580881368,-0.03806894089153334,MODE_1_ACCEPT,simple,four_mode_relocalization_v2,0.0,0,0,0,True,0,1,8.66967204004169,0,0,restarted_se3,0,48.248372972011566,3.3956561237573624,0,1053,cache_read_only_not_online_fps,b18588ca73eff0bed9b27155081eb3c6df55568f77c0b4b80229d1c92a313cef,cached_perception_v2,0,0,0,,,0,0.0,0,20.004470832645893,1.613156870007515,53.25718596577644,141.11518419752989,141.0951078203672,141.11518419752989,141.11555016052742,8.840934885850503,136.787998666448
cracker_box_yalehand0_black10_5,1053,9.827103420837771,9.839528369975323,1.9358923360895661,1.9629623636655336,0.06955751295530925,0.07053015164947309,0.9274193548387096,0.9274193548387096,0.012424949137551877,0.027070027575967437,MODE_1_ACCEPT,simple,four_mode_relocalization_v2,0.0,0,0,0,True,0,1,9.827103420837771,0,0,restarted_se3,0,44.96820457279682,4.139854572713375,0,1054,cache_read_only_not_online_fps,b18588ca73eff0bed9b27155081eb3c6df55568f77c0b4b80229d1c92a313cef,cached_perception_v2,0,0,0,,,0,0.0,0,20.325706340372562,1.3988586142659187,50.506917759776115,140.93445771242213,141.00765602690186,140.93445771242213,140.93499390734934,9.827103420837771,136.94953269124332
cracker_box_yalehand0_black10_5,1054,10.8762883373416,10.880828767338333,1.9721761496893024,1.9580557950141901,0.07086120727109424,0.07035385635341271,0.9274193548387096,0.9274193548387096,0.004540429996731987,-0.014120354675112301,MODE_1_ACCEPT,simple,four_mode_relocalization_v2,0.0,0,0,0,True,0,1,10.8762883373416,0,0,restarted_se3,0,45.85339594632387,3.8715116679668427,0,1055,cache_read_only_not_online_fps,b18588ca73eff0bed9b27155081eb3c6df55568f77c0b4b80229d1c92a313cef,cached_perception_v2,0,0,0,,,0,0.0,0,21.074792370200157,1.3964064419269562,51.12131405621767,140.320718550959,140.41857593319605,140.320718550959,140.32171262381848,10.8762883373416,137.09045642701682
cracker_box_yalehand0_black10_5,1055,11.7066769855542,11.939938540878895,2.005511888379376,2.005169581279726,0.07205897588279989,0.0720466766293369,0.9274193548387096,0.9274193548387096,0.23326155532469528,-0.0003423070996499966,MODE_1_ACCEPT,simple,four_mode_relocalization_v2,0.0,0,0,0,True,0,1,11.7066769855542,0,0,restarted_se3,0,45.896015129983425,3.3317673951387405,0,1056,cache_read_only_not_online_fps,b18588ca73eff0bed9b27155081eb3c6df55568f77c0b4b80229d1c92a313cef,cached_perception_v2,0,0,0,,,0,0.0,0,20.40187269449234,1.3965722173452377,50.6243547424674,139.20694821736404,139.35719741795535,139.20694821736404,139.20830739575035,11.7066769855542,137.26231916330266
cracker_box_yalehand0_black10_5,1056,12.59782444561772,12.589704823861245,2.0293711765004763,2.0383767138768234,0.07291625121348289,0.07323982436424503,0.9274193548387096,0.9274193548387096,-0.008119621756474515,0.009005537376347128,MODE_1_ACCEPT,simple,four_mode_relocalization_v2,0.0,0,0,0,True,0,1,12.589704823861245,0,0,restarted_se3,0,43.94247476011515,3.8790032267570496,0,1057,cache_read_only_not_online_fps,b18588ca73eff0bed9b27155081eb3c6df55568f77c0b4b80229d1c92a313cef,cached_perception_v2,0,0,0,,,0,0.0,0,20.914563909173012,1.1548390612006187,48.976317048072815,138.4672602887382,138.33598751654944,138.4672602887382,138.4688542511885,12.59782444561772,137.424602139921
cracker_box_yalehand0_black10_5,1057,13.84995251490038,13.449065635640892,2.0558792045996577,2.041327767819469,0.0738686970047881,0.07334585710636643,0.9274193548387096,0.9274193548387096,-0.4008868792594882,-0.014551436780188887,MODE_1_ACCEPT,simple,four_mode_relocalization_v2,0.0,0,0,0,True,0,1,13.449065635640892,0,0,restarted_se3,0,45.26376537978649,3.7173274904489517,0,1058,cache_read_only_not_online_fps,b18588ca73eff0bed9b27155081eb3c6df55568f77c0b4b80229d1c92a313cef,cached_perception_v2,0,0,0,,,0,0.0,0,19.906966015696526,0.8950605988502502,49.87615346908569,137.63115263283348,137.48420540626347,137.63115263283348,137.63293232693297,13.84995251490038,137.58558672922507
cracker_box_yalehand0_black10_5,1058,15.090292836988532,15.467723210936416,2.104722856412537,2.0785651583696323,0.07562367215522528,0.07468381388595,0.9274193548387096,0.9274193548387096,0.3774303739478846,-0.026157698042904798,MODE_1_ACCEPT,simple,four_mode_relocalization_v2,0.0,0,0,0,True,0,1,15.090292836988532,0,0,restarted_se3,0,43.602196499705315,3.2951952889561653,0,1059,cache_read_only_not_online_fps,b18588ca73eff0bed9b27155081eb3c6df55568f77c0b4b80229d1c92a313cef,cached_perception_v2,0,0,0,,,0,0.0,0,20.545740611851215,0.8621523156762123,47.75954410433769,136.70547922581423,136.71412943824538,136.70547922581423,136.707437024548,15.090292836988532,136.70547922581423
cracker_box_yalehand0_black10_5,1059,16.307281594637306,16.366610984694987,2.12243008644136,2.1423774483859237,0.07625990117435576,0.07697661917618737,0.9274193548387096,0.9274193548387096,0.05932939005768034,0.019947361944563813,MODE_1_ACCEPT,simple,four_mode_relocalization_v2,0.0,0,0,0,True,0,1,16.307281594637306,0,0,restarted_se3,0,44.54025998711586,2.7539152652025223,0,1060,cache_read_only_not_online_fps,b18588ca73eff0bed9b27155081eb3c6df55568f77c0b4b80229d1c92a313cef,cached_perception_v2,0,0,0,,,0,0.0,0,20.322686061263084,0.8803131058812141,48.174488358199596,136.01446290033874,136.03738577151262,136.01446290033874,136.01658683152203,16.307281594637306,136.01446290033874
cracker_box_yalehand0_black10_5,1060,18.14081279473992,17.50843879700922,2.1502665267712366,2.140971477808415,0.07726007743559672,0.07692610199874073,0.9274193548387096,0.9274193548387096,-0.6323739977306992,-0.009295048962821628,MODE_1_ACCEPT,simple,four_mode_relocalization_v2,0.0,0,0,0,True,0,1,17.50843879700922,0,0,restarted_se3,0,45.02137843519449,2.8204768896102905,0,1061,cache_read_only_not_online_fps,b18588ca73eff0bed9b27155081eb3c6df55568f77c0b4b80229d1c92a313cef,cached_perception_v2,0,0,0,,,0,0.0,0,20.25748509913683,0.8631972596049309,48.705052584409714,135.30182156882685,135.35378343052935,135.30182156882685,135.30415759824356,18.14081279473992,135.30182156882685
cracker_box_yalehand0_black10_5,1061,19.218133468772375,20.133381793977982,2.184630469039929,2.1761359853203737,0.07849478988059681,0.07818957912566137,1.0,1.0,0.9152483252056065,-0.008494483719555301,MODE_1_ACCEPT,simple,four_mode_relocalization_v2,0.0,0,0,0,True,0,1,19.218133468772375,0,0,restarted_se3,0,44.172550551593304,2.8146235272288322,0,1062,cache_read_only_not_online_fps,b18588ca73eff0bed9b27155081eb3c6df55568f77c0b4b80229d1c92a313cef,cached_perception_v2,0,0,0,,,0,0.0,0,22.1762889996171,0.867214985191822,47.85438906401396,135.02522894248685,134.9355690132451,135.02522894248685,135.02768078612107,19.218133468772375,134.7756813504988
cracker_box_yalehand0_black10_5,1062,20.610932147237435,20.326000656448947,2.2139524495287084,2.22529664017292,0.07954834229139018,0.07995594434290518,1.0,1.0,-0.28493149078848745,0.011344190644211771,MODE_1_ACCEPT,simple,four_mode_relocalization_v2,0.0,0,0,0,True,0,1,20.326000656448947,0,0,restarted_se3,0,47.97876998782158,3.2306816428899765,0,1063,cache_read_only_not_online_fps,b18588ca73eff0bed9b27155081eb3c6df55568f77c0b4b80229d1c92a313cef,cached_perception_v2,0,0,0,,,0,0.0,0,21.37705124914646,0.8760718628764153,52.08552349358797,134.78288832147823,134.74789738759466,134.78288832147823,134.78542911146874,20.610932147237435,134.44138688311475
cracker_box_yalehand0_black10_5,1063,22.116023068377864,22.047196265908713,2.2340441824262998,2.229848416368946,0.08027024760878082,0.08011949178086047,1.0,1.0,-0.0688268024691503,-0.0041957660573537225,MODE_1_ACCEPT,simple,four_mode_relocalization_v2,0.0,0,0,0,True,0,1,22.047196265908713,0,0,restarted_se3,0,46.273376792669296,2.8377044945955276,0,1064,cache_read_only_not_online_fps,b18588ca73eff0bed9b27155081eb3c6df55568f77c0b4b80229d1c92a313cef,cached_perception_v2,0,0,0,,,0,0.0,0,21.310215815901756,0.8720466867089272,49.98312797397375,134.7165910420741,134.72098038852428,134.7165910420741,134.7192078647553,22.116023068377864,134.25645612874217
cracker_box_yalehand0_black10_5,1064,23.481962978953614,23.716850530021976,2.2371387785547996,2.240573807060783,0.08038143788847085,0.08050486006198357,1.0,1.0,0.23488755106836123,0.0034350285059834285,MODE_1_ACCEPT,simple,four_mode_relocalization_v2,0.0,0,0,0,True,0,1,23.481962978953614,0,0,restarted_se3,0,47.08667565137148,2.9737940058112144,0,1065,cache_read_only_not_online_fps,b18588ca73eff0bed9b27155081eb3c6df55568f77c0b4b80229d1c92a313cef,cached_perception_v2,0,0,0,,,0,0.0,0,20.43427713215351,0.8786553516983986,50.93912500888109,134.69795746309794,134.76065072608063,134.69795746309794,134.70060430777903,23.481962978953614,134.22585252433214
cracker_box_yalehand0_black10_5,1065,24.65198170540701,24.866893901633773,2.264188065968744,2.2520741849776904,0.08135333137895692,0.08091807399492473,1.0,1.0,0.21491219622676283,-0.012113880991053705,MODE_1_ACCEPT,simple,four_mode_relocalization_v2,0.0,0,0,0,True,0,1,24.65198170540701,0,0,restarted_se3,0,45.87280657142401,4.127503372728825,0,1066,cache_read_only_not_online_fps,b18588ca73eff0bed9b27155081eb3c6df55568f77c0b4b80229d1c92a313cef,cached_perception_v2,0,0,0,,,0,0.0,0,21.411252208054066,0.8420329540967941,50.842342898249626,134.54870803840782,134.71319598319283,134.54870803840782,134.55140522995114,24.65198170540701,134.36993933374401
cracker_box_yalehand0_black10_5,1066,26.619882624653503,25.877294805682588,2.2558620989692804,2.2805124220389295,0.08105417550823298,0.0819398730929102,1.0,1.0,-0.7425878189709145,0.024650323069649094,MODE_1_ACCEPT,simple,four_mode_relocalization_v2,0.0,0,0,0,True,0,1,25.877294805682588,0,0,restarted_se3,0,47.5652115419507,3.134242258965969,0,1067,cache_read_only_not_online_fps,b18588ca73eff0bed9b27155081eb3c6df55568f77c0b4b80229d1c92a313cef,cached_perception_v2,0,0,0,,,0,0.0,0,21.009675227105618,0.9673964232206345,51.666850224137306,134.59474517773808,134.67204234759913,134.59474517773808,134.59746823191108,26.619882624653503,134.59474517773808
cracker_box_yalehand0_black10_5,1067,27.229703562720132,28.497998306806345,2.2761116539612902,2.255429757600841,0.08178175144695543,0.08103864128157393,1.0,1.0,1.2682947440862122,-0.020681896360449148,MODE_1_ACCEPT,simple,four_mode_relocalization_v2,0.0,0,0,0,True,0,1,27.229703562720132,0,0,restarted_se3,0,44.6267444640398,3.162788227200508,0,1068,cache_read_only_not_online_fps,b18588ca73eff0bed9b27155081eb3c6df55568f77c0b4b80229d1c92a313cef,cached_perception_v2,0,0,0,,,0,0.0,0,21.014166995882988,0.8218316361308098,48.61136432737112,134.66563137688837,134.6636830711993,134.66563137688837,134.6683377852602,27.229703562720132,134.66563137688837
cracker_box_yalehand0_black10_5,1068,28.833054771018258,27.855596657008004,2.2748684709192317,2.2889956950366805,0.0817370833014487,0.0822446810413917,1.0,1.0,-0.9774581140102541,0.014127224117448822,MODE_1_ACCEPT,simple,four_mode_relocalization_v2,0.0,0,0,0,True,0,1,27.855596657008004,0,0,restarted_se3,0,45.85771635174751,2.572770230472088,0,1069,cache_read_only_not_online_fps,b18588ca73eff0bed9b27155081eb3c6df55568f77c0b4b80229d1c92a313cef,cached_perception_v2,0,0,0,,,0,0.0,0,20.33662050962448,0.8965181186795235,49.327004700899124,134.90575238504775,134.80625718176262,134.90575238504775,134.9084562731452,28.833054771018258,134.78885855505533
cracker_box_yalehand0_black10_5,1069,30.202780369087183,30.17815942807487,2.298632167517717,2.298638173302954,0.08259092398421833,0.08259113977487809,1.0,1.0,-0.02462094101231216,6.005785237128691e-06,MODE_3_RELOCALIZE,simple,four_mode_relocalization_v2,,0,0,0,False,1,1,30.17815942807487,0,0,restarted_se3,1,46.26439418643713,3.9421189576387405,0,1070,cache_read_only_not_online_fps,b18588ca73eff0bed9b27155081eb3c6df55568f77c0b4b80229d1c92a313cef,cached_perception_v2,1,1,1,0.4839614621035002,,1,2501.6110306605697,0,21.985148079693317,2501.6110306605697,2551.8175438046455,135.4239401193215,135.20774858914467,135.4239401193215,135.42659061470482,0.4839614621035002,134.97956415907797
cracker_box_yalehand0_black10_5,1070,1.158019853006791,29.700643643016576,1.1480987194898917,2.3029893206941865,0.04125172152714042,0.08274747852646769,0.7272727272727273,1.0,28.542623790009785,1.1548906012042948,MODE_3_RELOCALIZE,simple,four_mode_relocalization_v2,,0,0,0,False,1,1,1.158019853006791,0,0,restarted_se3,1,48.66836126893759,2.135463058948517,0,1071,cache_read_only_not_online_fps,b18588ca73eff0bed9b27155081eb3c6df55568f77c0b4b80229d1c92a313cef,cached_perception_v2,1,1,1,0.4532182996924429,,1,2499.948383308947,0,20.987890660762787,2499.948383308947,2550.752207636833,135.3486505210541,135.4817109160357,135.3486505210541,135.35128160822802,0.4532182996924429,135.20862314467328
cracker_box_yalehand0_black10_5,1071,1.1823808776928633,0.4485389787496972,1.1115735984767978,0.7523200310067222,0.03993935692364473,0.027031208981896426,0.5121951219512195,0.0891009055627426,-0.7338418989431661,-0.35925356747007564,MODE_1_ACCEPT,simple,four_mode_relocalization_v2,0.0,0,0,0,False,0,0,0.4485389787496972,0,0,restarted_se3,0,47.179022803902626,2.086521126329899,0,1072,cache_read_only_not_online_fps,b18588ca73eff0bed9b27155081eb3c6df55568f77c0b4b80229d1c92a313cef,cached_perception_v2,0,0,0,,,0,0.0,0,21.134579554200172,0.8494788780808449,50.11502280831337,135.6924404936188,135.72378734641362,135.6924404936188,135.69501957536767,1.1823808776928633,135.48213760778333
cracker_box_yalehand0_black10_5,1072,1.9434252815029787,2.291958477620739,1.444851092797978,1.5945486017558494,0.05191417246312108,0.057292873656673876,0.7946843853820601,0.7946843853820601,0.34853319611776046,0.14969750895787137,MODE_1_ACCEPT,simple,four_mode_relocalization_v2,0.0,0,0,0,True,0,1,1.9434252815029787,0,0,restarted_se3,0,45.97519803792238,2.9368791729211807,0,1073,cache_read_only_not_online_fps,b18588ca73eff0bed9b27155081eb3c6df55568f77c0b4b80229d1c92a313cef,cached_perception_v2,0,0,0,,,0,0.0,0,21.34501188993454,0.9336220100522041,49.84569922089577,135.85952846547903,135.93430976056553,135.85952846547903,135.86205135378907,1.9434252815029787,135.83491173284102
cracker_box_yalehand0_black10_5,1073,2.6869554026603857,2.6742953264071856,1.5779973150790418,1.579307668617003,0.0566981782203695,0.05674525983306748,0.7946843853820601,0.7946843853820601,-0.012660076253200092,0.001310353537961051,MODE_1_ACCEPT,simple,four_mode_relocalization_v2,0.0,0,0,0,True,0,1,2.6742953264071856,0,0,restarted_se3,0,44.496395625174046,3.2464899122714996,0,1074,cache_read_only_not_online_fps,b18588ca73eff0bed9b27155081eb3c6df55568f77c0b4b80229d1c92a313cef,cached_perception_v2,0,0,0,,,0,0.0,0,20.228802226483822,0.9699016809463501,48.712787218391895,136.45821439349925,136.29200301130527,136.45821439349925,136.46070585168764,2.6869554026603857,136.19908193323374
cracker_box_yalehand0_black10_5,1074,3.25690814657757,3.3515971993284337,1.6446740129823023,1.6581148437087043,0.05909390301960684,0.05957683832543604,0.7946843853820601,0.7946843853820601,0.09468905275086348,0.013440830726402009,MODE_1_ACCEPT,simple,four_mode_relocalization_v2,0.0,0,0,0,True,0,1,3.25690814657757,0,0,restarted_se3,0,43.69198624044657,3.63151915371418,0,1075,cache_read_only_not_online_fps,b18588ca73eff0bed9b27155081eb3c6df55568f77c0b4b80229d1c92a313cef,cached_perception_v2,0,0,0,,,0,0.0,0,19.98115051537752,0.9119734168052673,48.235478810966015,136.59155243896447,136.63325738707863,136.59155243896447,136.59389937691998,3.25690814657757,136.59155243896447
cracker_box_yalehand0_black10_5,1075,4.122008777866607,3.914309270894329,1.7545110151338115,1.692077921659759,0.06304039764521109,0.06079714752886757,0.7946843853820601,0.7946843853820601,-0.2076995069722778,-0.06243309347405246,MODE_1_ACCEPT,simple,four_mode_relocalization_v2,0.0,0,0,0,True,0,1,3.914309270894329,0,0,restarted_se3,0,47.10429161787033,3.850100561976433,0,1076,cache_read_only_not_online_fps,b18588ca73eff0bed9b27155081eb3c6df55568f77c0b4b80229d1c92a313cef,cached_perception_v2,0,0,0,,,0,0.0,0,20.79972345381975,1.1646822094917297,52.11907438933849,137.4814417575812,137.21235313503496,137.4814417575812,137.34261293939284,4.122008777866607,137.0337837447127
cracker_box_yalehand0_black10_5,1076,4.959812001847346,5.0800916439463055,1.7739766906144523,1.7650746301085367,0.06373980842812865,0.06341995324949824,0.7946843853820601,0.7946843853820601,0.1202796420989598,-0.008902060505915577,MODE_1_ACCEPT,simple,four_mode_relocalization_v2,0.0,0,0,0,True,0,1,4.959812001847346,0,0,restarted_se3,0,46.211871318519115,3.9109736680984497,0,1077,cache_read_only_not_online_fps,b18588ca73eff0bed9b27155081eb3c6df55568f77c0b4b80229d1c92a313cef,cached_perception_v2,0,0,0,,,0,0.0,0,20.284995436668396,1.3021612539887428,51.42500624060631,137.9850658057445,137.80127952925815,137.9850658057445,137.98641236637786,4.959812001847346,137.15696787160857
cracker_box_yalehand0_black10_5,1077,5.594441017240354,5.943254500863632,1.7675811892927498,1.7991125595915836,0.06351001508799972,0.06464295190332389,0.7946843853820601,0.7946843853820601,0.34881348362327813,0.031531370298833794,MODE_1_ACCEPT,simple,four_mode_relocalization_v2,0.0,0,0,0,True,0,1,5.594441017240354,0,0,restarted_se3,0,46.9316840171814,3.93478199839592,0,1078,cache_read_only_not_online_fps,b18588ca73eff0bed9b27155081eb3c6df55568f77c0b4b80229d1c92a313cef,cached_perception_v2,0,0,0,,,0,0.0,0,20.80394420772791,1.1211484670639038,51.98761448264122,137.9396992919876,138.05248425195882,137.9396992919876,137.94093428507367,5.594441017240354,136.49496327470527
cracker_box_yalehand0_black10_5,1078,6.148573625266057,6.260289912590575,1.7632516296113718,1.7661748638344876,0.06335445199287608,0.06345948515952238,0.7946843853820601,0.7946843853820601,0.11171628732451744,0.0029232342231158004,MODE_1_ACCEPT,simple,four_mode_relocalization_v2,0.0,0,0,0,True,0,1,6.148573625266057,0,0,restarted_se3,0,45.284390449523926,4.032406024634838,0,1079,cache_read_only_not_online_fps,b18588ca73eff0bed9b27155081eb3c6df55568f77c0b4b80229d1c92a313cef,cached_perception_v2,0,0,0,,,0,0.0,0,20.15687618404627,1.425039954483509,50.74183642864227,137.66502297557136,137.91342726544048,137.66502297557136,137.66605174670363,6.148573625266057,135.38545032082223
cracker_box_yalehand0_black10_5,1079,6.726458026547317,6.765641564016713,1.7715799798451108,1.7497459688545498,0.06365369349431713,0.06286918731387009,0.7946843853820601,0.7946843853820601,0.039183537469395624,-0.021834010990561037,MODE_3_RELOCALIZE,simple,four_mode_relocalization_v2,,0,0,0,False,1,1,6.726458026547317,0,0,restarted_se3,1,47.028861939907074,3.6153653636574745,0,1080,cache_read_only_not_online_fps,b18588ca73eff0bed9b27155081eb3c6df55568f77c0b4b80229d1c92a313cef,cached_perception_v2,1,1,1,0.4592122464692928,,1,2507.7172983437777,0,20.27819398790598,2507.7172983437777,2558.361525647342,137.57031818652655,137.68134262928118,137.57031818652655,137.57126340666966,0.4592122464692928,133.84480253654624
cracker_box_yalehand0_black10_5,1080,1.0838983739083619,7.714688247771625,1.1370826917141543,1.8183068323439726,0.04085591052027694,0.06533261105985473,0.66,0.7946843853820601,6.630789873863264,0.6812241406298183,MODE_1_ACCEPT,simple,four_mode_relocalization_v2,0.0,0,0,0,True,0,1,1.0838983739083619,0,0,restarted_se3,0,47.71746415644884,2.0743608474731445,0,1081,cache_read_only_not_online_fps,b18588ca73eff0bed9b27155081eb3c6df55568f77c0b4b80229d1c92a313cef,cached_perception_v2,0,0,0,,,0,0.0,0,20.59635054320097,0.8475380018353462,50.63936300575733,137.1782619030212,137.32045287226867,137.1782619030212,137.1792477870018,1.0838983739083619,131.92107225776235
cracker_box_yalehand0_black10_5,1081,1.8678572940224574,1.9406258639208867,1.403193456421657,1.4288322968702036,0.05041739419300996,0.05133860966734839,0.7946843853820601,0.7946843853820601,0.07276856989842928,0.025638840448546585,MODE_3_RELOCALIZE,simple,four_mode_relocalization_v2,,0,0,0,False,1,1,1.8678572940224574,0,0,restarted_se3,1,45.74117064476013,3.1664539128541946,0,1082,cache_read_only_not_online_fps,b18588ca73eff0bed9b27155081eb3c6df55568f77c0b4b80229d1c92a313cef,cached_perception_v2,1,1,1,0.45123611090799154,,1,2501.16188172251,0,21.19488548487425,2501.16188172251,2550.069506280124,137.0993969813303,137.02414027685606,137.0993969813303,137.10041544882878,0.45123611090799154,129.59314309839897
cracker_box_yalehand0_black10_5,1082,1.0523016940240673,1.270759854667215,1.114300019477116,0.9443713170079255,0.040037318499562914,0.03393170110383768,0.6060606060606061,0.0891009055627426,0.21845816064314771,-0.16992870246919045,MODE_3_RELOCALIZE,simple,four_mode_relocalization_v2,,0,0,0,False,1,1,1.0523016940240673,0,0,restarted_se3,1,46.38004954904318,2.2673504427075386,0,1083,cache_read_only_not_online_fps,b18588ca73eff0bed9b27155081eb3c6df55568f77c0b4b80229d1c92a313cef,cached_perception_v2,1,1,1,0.45465752642197094,,1,2493.0258812382817,0,20.830394700169563,2493.0258812382817,2541.6732812300324,136.73091928823544,136.74895396766425,136.73091928823544,136.73196880173586,0.45465752642197094,126.92335767777972
cracker_box_yalehand0_black10_5,1083,1.3115785954921353,0.45907407853490734,1.2798922789360132,0.749612931710778,0.045987125478951806,0.026933941643812274,0.7946843853820601,0.0891009055627426,-0.852504516957228,-0.5302793472252352,MODE_1_ACCEPT,simple,four_mode_relocalization_v2,0.0,0,0,0,False,0,0,0.45907407853490734,0,0,restarted_se3,0,48.722509294748306,2.350364811718464,0,1084,cache_read_only_not_online_fps,b18588ca73eff0bed9b27155081eb3c6df55568f77c0b4b80229d1c92a313cef,cached_perception_v2,0,0,0,,,0,0.0,0,22.97600358724594,0.8666981011629105,51.93957220762968,136.29575677710287,136.40952649870425,136.29575677710287,136.29685947929934,1.3115785954921353,123.96416285622645
cracker_box_yalehand0_black10_5,1084,1.8952505157586195,2.507920611328346,1.4973119421492749,1.6282816955679813,0.05379911520522124,0.05850491942291708,0.7946843853820601,0.7946843853820601,0.6126700955697266,0.13096975341870642,MODE_1_ACCEPT,simple,four_mode_relocalization_v2,0.0,0,0,0,True,0,1,1.8952505157586195,0,0,restarted_se3,0,44.53956428915262,2.9402002692222595,0,1085,cache_read_only_not_online_fps,b18588ca73eff0bed9b27155081eb3c6df55568f77c0b4b80229d1c92a313cef,cached_perception_v2,0,0,0,,,0,0.0,0,20.22556122392416,0.8021052926778793,48.28186985105276,136.13301183259432,136.1364833211909,136.13301183259432,136.13426473476972,1.8952505157586195,120.80502779210445
cracker_box_yalehand0_black10_5,1085,2.466481949663555,2.4785039779674216,1.5172219969887426,1.6217894021237644,0.05451449274539717,0.05827164829676139,0.7946843853820601,0.7946843853820601,0.012022028303866783,0.10456740513502183,MODE_1_ACCEPT,simple,four_mode_relocalization_v2,0.0,0,0,0,True,0,1,2.466481949663555,0,0,restarted_se3,0,43.90944726765156,3.0178381130099297,0,1086,cache_read_only_not_online_fps,b18588ca73eff0bed9b27155081eb3c6df55568f77c0b4b80229d1c92a313cef,cached_perception_v2,0,0,0,,,0,0.0,0,21.306078881025314,0.8069295436143875,47.734214924275875,136.12792755757818,136.0462459614066,136.12792755757818,136.12923653745784,2.466481949663555,117.53629546106521
cracker_box_yalehand0_black10_5,1086,3.0043693188700975,2.9207351026332673,1.7008073696710546,1.5769178216693347,0.061110800660200755,0.05665939151956435,0.7946843853820601,0.7946843853820601,-0.0836342162368302,-0.12388954800171992,MODE_1_ACCEPT,simple,four_mode_relocalization_v2,0.0,0,0,0,True,0,1,2.9207351026332673,0,0,restarted_se3,0,45.78362591564655,3.9804577827453613,0,1087,cache_read_only_not_online_fps,b18588ca73eff0bed9b27155081eb3c6df55568f77c0b4b80229d1c92a313cef,cached_perception_v2,0,0,0,,,0,0.0,0,20.710612647235394,0.78593660145998,50.550020299851894,135.97034126584015,136.03039339121742,135.97034126584015,135.97171231483958,3.0043693188700975,113.51417013448494
cracker_box_yalehand0_black10_5,1087,3.277298155031641,3.5257379886709934,1.6396657394361691,1.7439546276530364,0.05891395341932453,0.06266110172814657,0.7946843853820601,0.7946843853820601,0.24843983363935251,0.10428888821686733,MODE_1_ACCEPT,simple,four_mode_relocalization_v2,0.0,0,0,0,True,0,1,3.277298155031641,0,0,restarted_se3,0,44.77803036570549,3.0146781355142593,0,1088,cache_read_only_not_online_fps,b18588ca73eff0bed9b27155081eb3c6df55568f77c0b4b80229d1c92a313cef,cached_perception_v2,0,0,0,,,0,0.0,0,20.499879494309425,0.8001867681741714,48.59289526939392,136.10832630056905,136.11807740097314,136.10832630056905,136.10972729308816,3.277298155031641,109.29203114225872
cracker_box_yalehand0_black10_5,1088,3.6279490859260113,3.5634244285163765,1.7296977242867548,1.5568334289804968,0.062148844552416496,0.05593774993929172,0.7946843853820601,0.7946843853820601,-0.06452465740963476,-0.17286429530625802,MODE_1_ACCEPT,simple,four_mode_relocalization_v2,0.0,0,0,0,True,0,1,3.5634244285163765,0,0,restarted_se3,0,45.906778424978256,2.962777391076088,0,1089,cache_read_only_not_online_fps,b18588ca73eff0bed9b27155081eb3c6df55568f77c0b4b80229d1c92a313cef,cached_perception_v2,0,0,0,,,0,0.0,0,20.81719972193241,0.7459288462996483,49.61548466235399,136.20100829929075,136.24991030038885,136.20100829929075,136.20246089841066,3.6279490859260113,105.4460346597894
cracker_box_yalehand0_black10_5,1089,4.106935454155504,4.032223215709868,1.7289812010835035,1.7580963835766812,0.06212309954012227,0.06316922160265194,0.7946843853820601,0.7946843853820601,-0.07471223844563646,0.029115182493177683,MODE_1_ACCEPT,simple,four_mode_relocalization_v2,0.0,0,0,0,True,0,1,4.032223215709868,0,0,restarted_se3,0,46.782031655311584,2.9290709644556046,0,1090,cache_read_only_not_online_fps,b18588ca73eff0bed9b27155081eb3c6df55568f77c0b4b80229d1c92a313cef,cached_perception_v2,0,0,0,,,0,0.0,0,20.686299540102482,0.9003430604934692,50.61144568026066,136.16711797169089,136.36153908885998,136.16711797169089,136.16857933885538,4.106935454155504,102.2599122381916
cracker_box_yalehand0_black10_5,1090,4.518419536767252,4.6563151337438775,1.74976550092992,1.751318028796712,0.06286988911043195,0.06292567215951722,0.7946843853820601,0.7946843853820601,0.1378955969766258,0.0015525278667920528,MODE_1_ACCEPT,simple,four_mode_relocalization_v2,0.0,0,0,0,True,0,1,4.518419536767252,0,0,restarted_se3,0,44.94092892855406,2.534870058298111,0,1091,cache_read_only_not_online_fps,b18588ca73eff0bed9b27155081eb3c6df55568f77c0b4b80229d1c92a313cef,cached_perception_v2,0,0,0,,,0,0.0,0,21.45704533904791,0.764879398047924,48.24067838490009,136.7159852466186,136.62112637217228,136.7159852466186,136.71748634290995,4.518419536767252,99.73723021269818
cracker_box_yalehand0_black10_5,1091,4.751313618383637,4.98542589110044,1.7304764282381093,1.7769105804861733,0.06217682374794041,0.06384522445719043,0.7946843853820601,0.7946843853820601,0.23411227271680257,0.04643415224806402,MODE_1_ACCEPT,simple,four_mode_relocalization_v2,0.0,0,0,0,True,0,1,4.751313618383637,0,0,restarted_se3,0,45.21931707859039,2.8364593163132668,0,1092,cache_read_only_not_online_fps,b18588ca73eff0bed9b27155081eb3c6df55568f77c0b4b80229d1c92a313cef,cached_perception_v2,0,0,0,,,0,0.0,0,20.11316642165184,0.7912665605545044,48.847042955458164,137.58336015587136,137.26047529995043,137.58336015587136,137.58492779307838,4.751313618383637,98.12331122804781
cracker_box_yalehand0_black10_5,1092,4.985114113556122,4.984145718717088,1.7406899261783484,1.7353741746078017,0.06254379948416974,0.06235280205531356,0.7946843853820601,0.7946843853820601,-0.0009683948390337704,-0.005315751570546645,MODE_1_ACCEPT,simple,four_mode_relocalization_v2,0.0,0,0,0,True,0,1,4.984145718717088,0,0,restarted_se3,0,44.870332814753056,2.6815086603164673,0,1093,cache_read_only_not_online_fps,b18588ca73eff0bed9b27155081eb3c6df55568f77c0b4b80229d1c92a313cef,cached_perception_v2,0,0,0,,,0,0.0,0,21.664852276444435,0.8391933515667915,48.391034826636314,138.27098726528448,138.13083859283282,138.27098726528448,138.27256005942593,4.985114113556122,97.48842657568197
cracker_box_yalehand0_black10_5,1093,5.24952258687383,5.268923762056725,1.7341940436861634,1.7584134914096947,0.062310399401849556,0.0631806154347323,0.7946843853820601,0.7946843853820601,0.01940117518289508,0.02421944772353135,MODE_1_ACCEPT,simple,four_mode_relocalization_v2,0.0,0,0,0,True,0,1,5.24952258687383,0,0,restarted_se3,0,46.14298418164253,2.510128542780876,0,1094,cache_read_only_not_online_fps,b18588ca73eff0bed9b27155081eb3c6df55568f77c0b4b80229d1c92a313cef,cached_perception_v2,0,0,0,,,0,0.0,0,21.206630393862724,0.8322158828377724,49.48532860726118,138.9046308889988,139.0084126720358,138.9046308889988,138.90622498834463,5.24952258687383,96.46767164099309
cracker_box_yalehand0_black10_5,1094,5.695583459236696,5.565116884116039,1.7556911091528444,1.708971321942589,0.0630827989727473,0.0614041352663188,0.7946843853820601,0.7946843853820601,-0.13046657512065707,-0.04671978721025538,MODE_1_ACCEPT,simple,four_mode_relocalization_v2,0.0,0,0,0,True,0,1,5.565116884116039,0,0,restarted_se3,0,46.87931761145592,2.675631083548069,0,1095,cache_read_only_not_online_fps,b18588ca73eff0bed9b27155081eb3c6df55568f77c0b4b80229d1c92a313cef,cached_perception_v2,0,0,0,,,0,0.0,0,22.61647116392851,0.9615588933229446,50.51650758832693,140.20529642848857,140.13007529603635,140.20529642848857,140.20691785751242,5.695583459236696,95.21841739767808
cracker_box_yalehand0_black10_5,1095,5.948310144483387,6.248726218448037,1.7631307115409436,1.8194197231881928,0.06335010735030813,0.06537259774603123,0.7946843853820601,0.7946843853820601,0.30041607396464975,0.0562890116472492,MODE_1_ACCEPT,simple,four_mode_relocalization_v2,0.0,0,0,0,True,0,1,5.948310144483387,0,0,restarted_se3,0,46.34645860642195,3.386586904525757,0,1096,cache_read_only_not_online_fps,b18588ca73eff0bed9b27155081eb3c6df55568f77c0b4b80229d1c92a313cef,cached_perception_v2,0,0,0,,,0,0.0,0,19.787020981311798,1.108177937567234,50.84122344851494,141.54382423018086,141.41177068193306,141.54382423018086,141.54544984488635,5.948310144483387,95.08247784910809
cracker_box_yalehand0_black10_5,1096,6.804158434588646,6.364504972520105,1.8493811376768317,1.7847025214609638,0.0664491253181495,0.06412519252421413,0.9274193548387096,0.7946843853820601,-0.4396534620685415,-0.0646786162158679,MODE_1_ACCEPT,simple,four_mode_relocalization_v2,0.0,0,0,0,True,0,1,6.364504972520105,0,0,restarted_se3,0,48.148276284337044,3.598901443183422,0,1097,cache_read_only_not_online_fps,b18588ca73eff0bed9b27155081eb3c6df55568f77c0b4b80229d1c92a313cef,cached_perception_v2,0,0,0,,,0,0.0,0,20.726973190903664,1.0703615844249725,52.81753931194544,142.46093027165145,142.58073916928703,142.46093027165145,142.46253730869134,6.804158434588646,96.0228667596833
cracker_box_yalehand0_black10_5,1097,7.3305419120390765,7.801206133008436,1.855372707942454,1.907057075435926,0.06666440522736983,0.06852144861480117,0.9274193548387096,0.9274193548387096,0.47066422096935945,0.05168436749347194,MODE_1_ACCEPT,simple,four_mode_relocalization_v2,0.0,0,0,0,True,0,1,7.3305419120390765,0,0,restarted_se3,0,45.04866432398558,4.018088802695274,0,1098,cache_read_only_not_online_fps,b18588ca73eff0bed9b27155081eb3c6df55568f77c0b4b80229d1c92a313cef,cached_perception_v2,0,0,0,,,0,0.0,0,20.04927583038807,1.5191789716482162,50.58593209832907,142.7420481484365,142.87306262871073,142.7420481484365,142.74392811484688,7.3305419120390765,97.69275062796751
cracker_box_yalehand0_black10_5,1098,8.046174337915787,7.8743067575042,1.9080606161956244,1.8649243600359267,0.0685575063015292,0.06700760053418031,0.9274193548387096,0.9274193548387096,-0.171867580411587,-0.04313625615969774,MODE_1_ACCEPT,simple,four_mode_relocalization_v2,0.0,0,0,0,True,0,1,7.8743067575042,0,0,restarted_se3,0,44.198062270879745,3.9142444729804993,0,1099,cache_read_only_not_online_fps,b18588ca73eff0bed9b27155081eb3c6df55568f77c0b4b80229d1c92a313cef,cached_perception_v2,0,0,0,,,0,0.0,0,20.58691531419754,1.3661673292517662,49.47847407311201,142.0321931105541,142.16116629248714,142.0321931105541,142.03444323724335,8.046174337915787,99.50372935753755
cracker_box_yalehand0_black10_5,1099,8.755491944344165,8.799906429013706,1.9399600663346326,1.9538884430303152,0.06970366839688275,0.07020412145638158,0.9274193548387096,0.9274193548387096,0.044414484669541565,0.013928376695682587,MODE_1_ACCEPT,simple,four_mode_relocalization_v2,0.0,0,0,0,True,0,1,8.755491944344165,0,0,restarted_se3,0,44.440967962145805,3.66204883903265,0,1100,cache_read_only_not_online_fps,b18588ca73eff0bed9b27155081eb3c6df55568f77c0b4b80229d1c92a313cef,cached_perception_v2,0,0,0,,,0,0.0,0,21.371965296566486,0.9173071011900902,49.020323902368546,141.15862663506735,141.23599787752798,141.15862663506735,141.16116487766277,8.755491944344165,101.62415866466594
cracker_box_yalehand0_black10_5,1100,9.349805215579739,9.481167714277262,1.9331013116824498,1.977483939380315,0.06945723014890653,0.07105191862591184,0.9274193548387096,0.9274193548387096,0.13136249869752348,0.04438262769786516,MODE_1_ACCEPT,simple,four_mode_relocalization_v2,0.0,0,0,0,True,0,1,9.349805215579739,0,0,restarted_se3,0,45.31701933592558,3.523232415318489,0,1101,cache_read_only_not_online_fps,b18588ca73eff0bed9b27155081eb3c6df55568f77c0b4b80229d1c92a313cef,cached_perception_v2,0,0,0,,,0,0.0,0,20.372387021780014,0.8233916014432907,49.66364335268736,140.64476816404346,140.54605644690156,140.64476816404346,140.64755162166009,9.349805215579739,103.98196905189931
cracker_box_yalehand0_black10_5,1101,10.025038761553121,10.03279103793301,1.9559835538467523,1.9249785496092187,0.07027939976346528,0.069165375525791,0.9274193548387096,0.9274193548387096,0.007752276379887846,-0.031005004237533607,MODE_3_RELOCALIZE,simple,four_mode_relocalization_v2,,0,0,0,False,1,1,10.025038761553121,0,0,restarted_se3,1,44.556510634720325,3.9318138733506203,0,1102,cache_read_only_not_online_fps,b18588ca73eff0bed9b27155081eb3c6df55568f77c0b4b80229d1c92a313cef,cached_perception_v2,1,1,1,0.4839770288000142,,1,2505.026161670685,0,21.56694419682026,2505.026161670685,2553.5144861787558,140.04291497901983,140.04717392023343,140.04291497901983,140.0457750560878,0.4839770288000142,106.31802036367763
cracker_box_yalehand0_black10_5,1102,1.2119733270046376,12.26533458204976,1.1357635912515007,2.1266085108244015,0.04080851462650233,0.07641003390784407,0.66,0.9274193548387096,11.053361255045123,0.9908449195729008,MODE_1_ACCEPT,simple,four_mode_relocalization_v2,0.0,0,0,0,True,0,1,1.2119733270046376,0,0,restarted_se3,0,46.71446233987808,2.5310544297099113,0,1103,cache_read_only_not_online_fps,b18588ca73eff0bed9b27155081eb3c6df55568f77c0b4b80229d1c92a313cef,cached_perception_v2,0,0,0,,,0,0.0,0,22.794317454099655,0.8835485205054283,50.12906529009342,139.33359822011326,139.50850455827776,139.33359822011326,139.33654905884882,1.2119733270046376,107.64722805758407
cracker_box_yalehand0_black10_5,1103,2.1134919250058157,2.345058016592777,1.5506030287870967,1.5722306801950603,0.05571388875957106,0.05649098034413775,0.7946843853820601,0.7946843853820601,0.23156609158696106,0.021627651407963633,MODE_3_RELOCALIZE,simple,four_mode_relocalization_v2,,0,0,0,False,1,1,2.1134919250058157,0,0,restarted_se3,1,46.71029560267925,2.773052081465721,0,1104,cache_read_only_not_online_fps,b18588ca73eff0bed9b27155081eb3c6df55568f77c0b4b80229d1c92a313cef,cached_perception_v2,1,1,1,0.4639224278465924,,1,2497.031985782087,0,20.661300979554653,2497.031985782087,2546.515333466232,139.0849083555404,139.10603787387404,139.0849083555404,139.08792418285145,0.4639224278465924,107.09529881755877
cracker_box_yalehand0_black10_5,1104,1.1133689381380298,1.490451262990532,1.1341775598737138,1.0136497727852198,0.04075152778066834,0.036420908274824706,0.66,0.0891009055627426,0.37708232485250215,-0.12052778708849399,MODE_1_ACCEPT,simple,four_mode_relocalization_v2,0.0,0,0,0,False,0,1,1.1133689381380298,0,0,restarted_se3,0,46.366664581000805,2.3675747215747833,0,1105,cache_read_only_not_online_fps,b18588ca73eff0bed9b27155081eb3c6df55568f77c0b4b80229d1c92a313cef,cached_perception_v2,0,0,0,,,0,0.0,0,20.940671674907207,0.7326602935791016,49.46689959615469,138.89515434593272,138.9012109817747,138.89515434593272,138.89816544227133,1.1133689381380298,106.06073090757329
cracker_box_yalehand0_black10_5,1105,1.7965370480112492,2.1610246559806754,1.3338851155574372,1.4406712059841742,0.0479271132369357,0.0517639871838146,0.7946843853820601,0.7946843853820601,0.36448760796942614,0.10678609042673703,MODE_3_RELOCALIZE,simple,four_mode_relocalization_v2,,0,0,0,False,1,1,1.7965370480112492,0,0,restarted_se3,1,46.134608797729015,3.7806574255228043,0,1106,cache_read_only_not_online_fps,b18588ca73eff0bed9b27155081eb3c6df55568f77c0b4b80229d1c92a313cef,cached_perception_v2,1,1,1,0.457225857533091,,1,2502.757553011179,0,20.54113894701004,2502.757553011179,2552.672819234431,138.71472694912816,138.80164656357243,138.71472694912816,138.71771334860154,0.457225857533091,104.34611724628422
cracker_box_yalehand0_black10_5,1106,1.1019659454806991,1.3729978691953681,1.1253361053461042,0.9456613101379558,0.04043385020305561,0.03397805115759924,0.66,0.0891009055627426,0.271031923714669,-0.17967479520814833,MODE_1_ACCEPT,simple,four_mode_relocalization_v2,0.0,0,0,0,False,0,1,1.1019659454806991,0,0,restarted_se3,0,46.21761478483677,2.3452630266547203,0,1107,cache_read_only_not_online_fps,b18588ca73eff0bed9b27155081eb3c6df55568f77c0b4b80229d1c92a313cef,cached_perception_v2,0,0,0,,,0,0.0,0,20.990077406167984,0.778726302087307,49.341604113578796,138.70790711536324,138.76867083633564,138.70790711536324,138.7108524642362,1.1019659454806991,101.18509338002374
cracker_box_yalehand0_black10_5,1107,1.8427429472539558,2.1185623920575787,1.3837290143629444,1.5536331800405432,0.04971802772751653,0.05582276350489595,0.7946843853820601,0.7946843853820601,0.27581944480362286,0.1699041656775988,MODE_3_RELOCALIZE,simple,four_mode_relocalization_v2,,0,0,0,False,1,1,1.8427429472539558,0,0,restarted_se3,1,46.47564049810171,3.4814123064279556,0,1108,cache_read_only_not_online_fps,b18588ca73eff0bed9b27155081eb3c6df55568f77c0b4b80229d1c92a313cef,cached_perception_v2,1,1,1,0.4696686823417747,,1,2499.387089163065,0,21.21054381132126,2499.387089163065,2549.3441419675946,138.67112805185974,138.72342852959315,138.67112805185974,138.67404069149083,0.4696686823417747,96.84513079000835
cracker_box_yalehand0_black10_5,1108,1.089326276923294,1.3127058871612374,1.1179333261304927,0.9421427831997529,0.04016786489922652,0.03385162884654137,0.6060606060606061,0.0891009055627426,0.22337961023794328,-0.1757905429307398,MODE_1_ACCEPT,simple,four_mode_relocalization_v2,0.0,0,0,0,False,0,1,1.089326276923294,0,0,restarted_se3,0,44.975764118134975,1.8280325457453728,0,1109,cache_read_only_not_online_fps,b18588ca73eff0bed9b27155081eb3c6df55568f77c0b4b80229d1c92a313cef,cached_perception_v2,0,0,0,,,0,0.0,0,20.76299488544464,0.6937738507986069,47.497570514678955,138.96131131917718,138.86156622404766,138.96131131917718,138.96416814512324,1.089326276923294,92.45109582484427
cracker_box_yalehand0_black10_5,1109,1.8565633455594224,2.095485866917342,1.4792024192512256,1.530839582903494,0.05314843161599851,0.055003778947438076,0.7946843853820601,0.7946843853820601,0.23892252135791958,0.051637163652268336,MODE_3_RELOCALIZE,simple,four_mode_relocalization_v2,,0,0,0,False,1,1,1.8565633455594224,0,0,restarted_se3,1,45.76230328530073,3.4257695078849792,0,1110,cache_read_only_not_online_fps,b18588ca73eff0bed9b27155081eb3c6df55568f77c0b4b80229d1c92a313cef,cached_perception_v2,1,1,1,0.45972277927329963,,1,2501.6889134421945,0,20.675405859947205,2501.6889134421945,2550.87698623538,138.96612335583472,138.97839027842568,138.96612335583472,138.968899682833,0.45972277927329963,88.43367079667624
cracker_box_yalehand0_black10_5,1110,1.120517931061733,1.311578443731571,1.1264422313127351,0.9682761272800328,0.04047359382403071,0.03479061206660074,0.66,0.0891009055627426,0.19106051266983792,-0.15816610403270237,MODE_1_ACCEPT,simple,four_mode_relocalization_v2,0.0,0,0,0,False,0,1,1.120517931061733,0,0,restarted_se3,0,47.644819132983685,2.3823734372854233,0,1111,cache_read_only_not_online_fps,b18588ca73eff0bed9b27155081eb3c6df55568f77c0b4b80229d1c92a313cef,cached_perception_v2,0,0,0,,,0,0.0,0,20.632321015000343,0.9026946499943733,50.92988722026348,139.0561801623586,139.11600882048143,139.0561801623586,139.05890627536007,1.120517931061733,84.28327024636793
cracker_box_yalehand0_black10_5,1111,2.0255301269543944,2.150528292256964,1.4656826627896862,1.4652652180187842,0.0526626604717593,0.052647661486785374,0.7946843853820601,0.7946843853820601,0.12499816530256957,-0.00041744477090199794,MODE_3_RELOCALIZE,simple,four_mode_relocalization_v2,,0,0,0,False,1,1,2.0255301269543944,0,0,restarted_se3,1,45.11221591383219,3.3432478085160255,0,1112,cache_read_only_not_online_fps,b18588ca73eff0bed9b27155081eb3c6df55568f77c0b4b80229d1c92a313cef,cached_perception_v2,1,1,1,0.4531739973173833,,1,2501.5580179169774,0,21.0283026099205,2501.5580179169774,2550.0134816393256,139.62880345934732,139.45004703967373,139.62880345934732,139.63144592559573,0.4531739973173833,80.65537463471394
cracker_box_yalehand0_black10_5,1112,1.203536134605558,1.3484234434804,1.1827564442570928,0.9518490053590613,0.042496989714092215,0.03420037792778262,0.7946843853820601,0.0891009055627426,0.14488730887484214,-0.23090743889803156,MODE_1_ACCEPT,simple,four_mode_relocalization_v2,0.0,0,0,0,False,0,1,1.203536134605558,0,0,restarted_se3,0,47.618224285542965,4.062194377183914,0,1113,cache_read_only_not_online_fps,b18588ca73eff0bed9b27155081eb3c6df55568f77c0b4b80229d1c92a313cef,cached_perception_v2,0,0,0,,,0,0.0,0,21.37625962495804,0.9493241086602211,52.6297427713871,140.2182431876038,140.0360375332086,140.2182431876038,140.22075594295916,1.203536134605558,78.51844299847626
cracker_box_yalehand0_black10_5,1113,1.8212891250151617,2.299919523254958,1.2284886152792804,1.5921447547342882,0.04414016791106559,0.05720650231399757,0.7946843853820601,0.7946843853820601,0.47863039823979636,0.36365613945500774,MODE_3_RELOCALIZE,simple,four_mode_relocalization_v2,,0,0,0,False,1,1,1.8212891250151617,0,0,restarted_se3,1,46.820214949548244,3.9383182302117348,0,1114,cache_read_only_not_online_fps,b18588ca73eff0bed9b27155081eb3c6df55568f77c0b4b80229d1c92a313cef,cached_perception_v2,1,1,1,0.45192737267392424,,1,2503.5247867926955,0,21.85758203268051,2503.5247867926955,2554.2833199724555,140.48551560715393,140.5799945900324,140.48551560715393,140.48781523788244,0.45192737267392424,78.02728964763126
cracker_box_yalehand0_black10_5,1114,1.167811896303985,1.4049589556666688,1.154081819162168,0.9871361765181366,0.04146669708399804,0.035468262416654336,0.7946843853820601,0.0891009055627426,0.23714705936268388,-0.16694564264403144,MODE_1_ACCEPT,simple,four_mode_relocalization_v2,0.0,0,0,0,False,0,1,1.167811896303985,0,0,restarted_se3,0,46.53326887637377,2.364533953368664,0,1115,cache_read_only_not_online_fps,b18588ca73eff0bed9b27155081eb3c6df55568f77c0b4b80229d1c92a313cef,cached_perception_v2,0,0,0,,,0,0.0,0,20.681412890553474,1.4269761741161346,50.324779003858566,140.8593313001115,140.89878285791215,140.8593313001115,140.86063293957497,1.167811896303985,79.11544503289224
cracker_box_yalehand0_black10_5,1115,1.9386497960660654,2.2488805810393457,1.2496874187749825,1.5146251462722302,0.04490185079048019,0.05442118669010193,0.7946843853820601,0.7946843853820601,0.3102307849732804,0.26493772749724775,MODE_3_RELOCALIZE,simple,four_mode_relocalization_v2,,0,0,0,False,1,1,1.9386497960660654,0,0,restarted_se3,1,44.57131214439869,3.8779927417635918,0,1116,cache_read_only_not_online_fps,b18588ca73eff0bed9b27155081eb3c6df55568f77c0b4b80229d1c92a313cef,cached_perception_v2,1,1,1,0.4528511790801339,,1,2509.5494585111737,0,17.614904791116714,2509.5494585111737,2557.998763397336,140.75495705529352,140.74482775629357,140.75495705529352,140.75559730572766,0.4528511790801339,80.0264628641313
cracker_box_yalehand0_black10_5,1116,1.247648593167895,1.4012115533473342,1.2034975618609292,0.9926204138203,0.04324222772632105,0.035665313616291695,0.7946843853820601,0.0891009055627426,0.15356296017943927,-0.21087714804062918,MODE_1_ACCEPT,simple,four_mode_relocalization_v2,0.0,0,0,0,False,0,1,1.247648593167895,0,0,restarted_se3,0,44.54624839127064,2.289094030857086,0,1117,cache_read_only_not_online_fps,b18588ca73eff0bed9b27155081eb3c6df55568f77c0b4b80229d1c92a313cef,cached_perception_v2,0,0,0,,,0,0.0,0,21.25867735594511,1.507752574980259,48.34309499710798,140.44572166204642,140.3927135827488,140.44572166204642,140.4460564101116,1.247648593167895,78.11703205361269
cracker_box_yalehand0_black10_5,1117,1.99133264589594,2.400144540468689,1.4147884676003575,1.5684125184466893,0.05083400834310704,0.0563537920148455,0.7946843853820601,0.7946843853820601,0.408811894572749,0.1536240508463318,MODE_3_RELOCALIZE,simple,four_mode_relocalization_v2,,0,0,0,False,1,1,1.99133264589594,0,0,restarted_se3,1,46.805388294160366,4.0970901027321815,0,1118,cache_read_only_not_online_fps,b18588ca73eff0bed9b27155081eb3c6df55568f77c0b4b80229d1c92a313cef,cached_perception_v2,1,1,1,0.4497765438244107,,1,2503.9831893518567,0,23.153409361839294,2503.9831893518567,2554.8856677487493,140.03205941498825,140.02957138195876,140.03205941498825,140.03241606054803,0.4497765438244107,76.4651480053036
cracker_box_yalehand0_black10_5,1118,1.2929900255571491,1.4982327723365614,1.2344902928208767,1.0062397342188723,0.04435581097941743,0.03615466213914383,0.7946843853820601,0.0891009055627426,0.20524274677941223,-0.2282505586020045,MODE_1_ACCEPT,simple,four_mode_relocalization_v2,0.0,0,0,0,False,0,1,1.2929900255571491,0,0,restarted_se3,0,46.136426739394665,2.091003581881523,0,1119,cache_read_only_not_online_fps,b18588ca73eff0bed9b27155081eb3c6df55568f77c0b4b80229d1c92a313cef,cached_perception_v2,0,0,0,,,0,0.0,0,22.306079044938087,1.4194436371326447,49.64687395840883,139.2245660640803,139.48263371921223,139.2245660640803,139.22492342155562,1.2929900255571491,76.49123836583516
cracker_box_yalehand0_black10_5,1119,2.0677161005479605,2.469126645623921,1.4367643196923119,1.618993968683367,0.05162361094036602,0.0581712070717401,0.7946843853820601,0.7946843853820601,0.40141054507596063,0.1822296489910551,MODE_3_RELOCALIZE,simple,four_mode_relocalization_v2,,0,0,0,False,1,1,2.0677161005479605,0,0,restarted_se3,1,47.40614257752895,3.592122346162796,0,1120,cache_read_only_not_online_fps,b18588ca73eff0bed9b27155081eb3c6df55568f77c0b4b80229d1c92a313cef,cached_perception_v2,1,1,1,0.4591525658918765,,1,2509.549919515848,0,21.992024965584278,2509.549919515848,2560.54818443954,138.4435878667529,138.7385089006405,138.4435878667529,138.44396829494787,0.4591525658918765,78.14545251387014
cracker_box_yalehand0_black10_5,1120,1.2313514129792504,1.588590559889403,1.1395835000124264,1.1584964827907265,0.04094576572676904,0.04162531800356688,0.7272727272727273,0.7946843853820601,0.35723914691015257,0.018912982778300114,MODE_1_ACCEPT,simple,four_mode_relocalization_v2,0.0,0,0,0,True,0,1,1.2313514129792504,0,0,restarted_se3,0,50.59517826884985,2.0413585007190704,0,1121,cache_read_only_not_online_fps,b18588ca73eff0bed9b27155081eb3c6df55568f77c0b4b80229d1c92a313cef,cached_perception_v2,0,0,0,,,0,0.0,0,22.60864246636629,0.7997984066605568,53.43633517622948,138.20027498623153,138.14057141136684,138.20027498623153,138.20066981072907,1.2313514129792504,81.03525804452289
cracker_box_yalehand0_black10_5,1121,2.0811862471814493,2.350063165050987,1.3182844811289758,1.4133911509114188,0.04736657517852244,0.05078380210390582,0.7946843853820601,0.7946843853820601,0.2688769178695378,0.09510666978244298,MODE_3_RELOCALIZE,simple,four_mode_relocalization_v2,,0,0,0,False,1,1,2.0811862471814493,0,0,restarted_se3,1,47.036927193403244,2.5860555469989777,0,1122,cache_read_only_not_online_fps,b18588ca73eff0bed9b27155081eb3c6df55568f77c0b4b80229d1c92a313cef,cached_perception_v2,1,1,1,0.4543996934066071,,1,2503.6397697404027,0,22.4213395267725,2503.6397697404027,2553.262752480805,137.79970788820597,137.68856989380166,137.79970788820597,137.8001029258593,0.4543996934066071,84.50433650248812
cracker_box_yalehand0_black10_5,1122,1.1042857859162407,1.471919775392544,1.1682627483644616,1.0188989876388213,0.0419762244726437,0.03660951500846265,0.7946843853820601,0.09302325581395349,0.3676339894763032,-0.1493637607256404,MODE_1_ACCEPT,simple,four_mode_relocalization_v2,0.0,0,0,0,False,0,1,1.1042857859162407,0,0,restarted_se3,0,49.39256515353918,2.106454223394394,0,1123,cache_read_only_not_online_fps,b18588ca73eff0bed9b27155081eb3c6df55568f77c0b4b80229d1c92a313cef,cached_perception_v2,0,0,0,,,0,0.0,0,23.800620809197426,0.7798867300152779,52.27890610694885,138.0266499183338,137.68342398750173,138.0266499183338,138.02705246401666,1.1042857859162407,87.97298040710585
cracker_box_yalehand0_black10_5,1123,1.9805344571951604,2.087894108368526,1.3314386043346194,1.5239747536760488,0.04783920894964449,0.054757122437144465,0.7946843853820601,0.7946843853820601,0.10735965117336566,0.19253614934142949,MODE_3_RELOCALIZE,simple,four_mode_relocalization_v2,,0,0,0,False,1,1,1.9805344571951604,0,0,restarted_se3,1,44.49229035526514,2.4587204679846764,0,1124,cache_read_only_not_online_fps,b18588ca73eff0bed9b27155081eb3c6df55568f77c0b4b80229d1c92a313cef,cached_perception_v2,1,1,1,0.45517385393737797,,1,2507.2545148432255,0,23.701605387032032,2507.2545148432255,2554.2055256664753,138.1212354713433,137.9895492077678,138.1212354713433,138.12163602620632,0.45517385393737797,91.89587627789516
cracker_box_yalehand0_black10_5,1124,1.1046146120824112,1.3548590953415987,1.1090492387333921,0.9869420284088988,0.03984865550276381,0.03546128658469726,0.5121951219512195,0.0891009055627426,0.25024448325918747,-0.12210721032449334,MODE_1_ACCEPT,simple,four_mode_relocalization_v2,0.0,0,0,0,False,0,1,1.1046146120824112,0,0,restarted_se3,0,46.27667833119631,2.107277512550354,0,1125,cache_read_only_not_online_fps,b18588ca73eff0bed9b27155081eb3c6df55568f77c0b4b80229d1c92a313cef,cached_perception_v2,0,0,0,,,0,0.0,0,22.059408016502857,0.8216351270675659,49.20559097081423,137.99891256475175,138.21279757539747,137.99891256475175,137.99926703677517,1.1046146120824112,96.05796297534911
cracker_box_yalehand0_black10_5,1125,1.9060435370001658,2.0387050211754247,1.2741075903672878,1.328014469186025,0.04577927892542171,0.047716178179534524,0.7946843853820601,0.7946843853820601,0.13266148417525891,0.053906878818737125,MODE_3_RELOCALIZE,simple,four_mode_relocalization_v2,,0,0,0,False,1,1,1.9060435370001658,0,0,restarted_se3,1,46.430797316133976,3.0411332845687866,0,1126,cache_read_only_not_online_fps,b18588ca73eff0bed9b27155081eb3c6df55568f77c0b4b80229d1c92a313cef,cached_perception_v2,1,1,1,0.4650939602666583,,1,2499.489570967853,0,22.73278683423996,2499.489570967853,2548.961501568556,138.36832608361243,138.46224260658911,138.36832608361243,138.36868018920688,0.4650939602666583,100.17923424124038
cracker_box_yalehand0_black10_5,1126,1.0099585676384015,1.312692368839832,1.1058405171614207,0.9597115567664203,0.039733364642754926,0.034482883060523564,0.5121951219512195,0.0891009055627426,0.30273380120143045,-0.14612896039500045,MODE_1_ACCEPT,simple,four_mode_relocalization_v2,0.0,0,0,0,False,0,1,1.0099585676384015,0,0,restarted_se3,0,46.84780444949865,2.806595526635647,0,1127,cache_read_only_not_online_fps,b18588ca73eff0bed9b27155081eb3c6df55568f77c0b4b80229d1c92a313cef,cached_perception_v2,0,0,0,,,0,0.0,0,21.923357620835304,1.8172962591052055,51.471696235239506,138.54972117537716,138.69725234021504,138.54972117537716,138.55007417104835,1.0099585676384015,103.77243931820578
cracker_box_yalehand0_black10_5,1127,1.921593892528581,1.858032442066647,1.3660903743163078,1.3847114563641723,0.04908426317838037,0.04975332732602948,0.7946843853820601,0.7946843853820601,-0.06356145046193395,0.0186210820478645,MODE_3_RELOCALIZE,simple,four_mode_relocalization_v2,,0,0,0,False,1,1,1.858032442066647,0,0,restarted_se3,1,44.383879750967026,3.014517016708851,0,1128,cache_read_only_not_online_fps,b18588ca73eff0bed9b27155081eb3c6df55568f77c0b4b80229d1c92a313cef,cached_perception_v2,1,1,1,0.45330848083855624,,1,2507.4072210118175,0,23.76028336584568,2507.4072210118175,2554.8056177794933,139.26863272116626,139.15936370532177,139.26863272116626,139.2689500756174,0.45330848083855624,105.23105650094102
cracker_box_yalehand0_black10_5,1128,1.0565563956304016,1.149159731397337,1.130620876937975,0.8586038668792568,0.040623734506854206,0.030850036688801378,0.66,0.0891009055627426,0.09260333576693536,-0.27201701005871826,MODE_1_ACCEPT,simple,four_mode_relocalization_v2,0.0,0,0,0,False,0,1,1.0565563956304016,0,0,restarted_se3,0,48.44991210848093,2.3523708805441856,0,1129,cache_read_only_not_online_fps,b18588ca73eff0bed9b27155081eb3c6df55568f77c0b4b80229d1c92a313cef,cached_perception_v2,0,0,0,,,0,0.0,0,16.918035224080086,1.361222006380558,52.163504995405674,139.4876541057374,139.58526816396852,139.4876541057374,139.48792716451234,1.0565563956304016,103.67208747890015
cracker_box_yalehand0_black10_5,1129,1.9518971184756608,1.9937020444406408,1.3205846929892493,1.4308092713437035,0.04744922286160286,0.05140964328062802,0.7946843853820601,0.7946843853820601,0.04180492596497998,0.1102245783544542,MODE_3_RELOCALIZE,simple,four_mode_relocalization_v2,,0,0,0,False,1,1,1.9518971184756608,0,0,restarted_se3,1,46.26230709254742,2.7556028217077255,0,1130,cache_read_only_not_online_fps,b18588ca73eff0bed9b27155081eb3c6df55568f77c0b4b80229d1c92a313cef,cached_perception_v2,1,1,1,0.4519211460370578,,1,2519.8461450636387,0,25.52073821425438,2519.8461450636387,2568.864054977894,139.65914478487846,139.86889960127127,139.65914478487846,139.65948835595518,0.4519211460370578,100.64671894665193
cracker_box_yalehand0_black10_5,1130,1.1428354556001463,1.278645436176447,1.172993377912918,0.9007438275636134,0.042146198194823,0.032364145095862475,0.7946843853820601,0.0891009055627426,0.13580998057630067,-0.27224955034930465,MODE_1_ACCEPT,simple,four_mode_relocalization_v2,0.0,0,0,0,False,0,1,1.1428354556001463,0,0,restarted_se3,0,38.97745255380869,2.6422441005706787,0,1131,cache_read_only_not_online_fps,b18588ca73eff0bed9b27155081eb3c6df55568f77c0b4b80229d1c92a313cef,cached_perception_v2,0,0,0,,,0,0.0,0,13.253013603389263,3.3945906907320023,45.01428734511137,140.15813006670913,140.19531474427953,140.15813006670913,140.15842948374345,1.1428354556001463,97.14661580522224
cracker_box_yalehand0_black10_5,1131,1.8697171832132184,2.150371395879809,1.3593233411903975,1.494696757489586,0.04884112052754716,0.05370515040281168,0.7946843853820601,0.7946843853820601,0.28065421266659074,0.13537341629918842,MODE_3_RELOCALIZE,simple,four_mode_relocalization_v2,,0,0,0,False,1,1,1.8697171832132184,0,0,restarted_se3,1,44.49849110096693,3.9434656500816345,0,1132,cache_read_only_not_online_fps,b18588ca73eff0bed9b27155081eb3c6df55568f77c0b4b80229d1c92a313cef,cached_perception_v2,1,1,1,0.4628241041630138,,1,2517.8393935784698,0,24.608531966805458,2517.8393935784698,2566.2813503295183,140.85746567598102,140.71074035244342,140.85746567598102,140.85777423077747,0.4628241041630138,93.6567831573356
cracker_box_yalehand0_black10_5,1132,1.190441562594079,1.3628874558637418,1.2133684943869156,0.9527150114761078,0.04359689492772348,0.0342314939307663,0.7946843853820601,0.0891009055627426,0.17244589326966286,-0.2606534829108078,MODE_1_ACCEPT,simple,four_mode_relocalization_v2,0.0,0,0,0,False,0,1,1.190441562594079,0,0,restarted_se3,0,45.314693823456764,1.8660323694348335,0,1133,cache_read_only_not_online_fps,b18588ca73eff0bed9b27155081eb3c6df55568f77c0b4b80229d1c92a313cef,cached_perception_v2,0,0,0,,,0,0.0,0,22.901136428117752,3.05342860519886,50.23415479809046,141.8895532246439,141.52913702612696,141.8895532246439,141.890165580734,1.190441562594079,90.5139046531665
cracker_box_yalehand0_black10_5,1133,2.229304295752587,2.2989086650071306,1.5704622377055306,1.575719477224163,0.056427439382131225,0.05661633444571988,0.7946843853820601,0.7946843853820601,0.06960436925454383,0.005257239518632328,MODE_3_RELOCALIZE,simple,four_mode_relocalization_v2,,0,0,0,False,1,1,2.229304295752587,0,0,restarted_se3,1,52.08708345890045,4.2366767302155495,0,1134,cache_read_only_not_online_fps,b18588ca73eff0bed9b27155081eb3c6df55568f77c0b4b80229d1c92a313cef,cached_perception_v2,1,1,1,0.4645927709967872,,1,2543.7016002833843,0,23.609192110598087,2543.7016002833843,2600.0253604725003,141.450243830797,141.40717976613325,141.450243830797,141.4513558022038,0.4645927709967872,88.03711166553866
cracker_box_yalehand0_black10_5,1134,1.1599884663633298,1.4267451625458,1.1408859325152731,1.0176129440654853,0.040992562732987466,0.036563306864111966,0.7272727272727273,0.09302325581395349,0.26675669618247033,-0.12327298844978785,MODE_1_ACCEPT,simple,four_mode_relocalization_v2,0.0,0,0,0,False,0,1,1.1599884663633298,0,0,restarted_se3,0,49.442293122410774,2.8224745765328407,0,1135,cache_read_only_not_online_fps,b18588ca73eff0bed9b27155081eb3c6df55568f77c0b4b80229d1c92a313cef,cached_perception_v2,0,0,0,,,0,0.0,0,22.627699188888073,2.9406268149614334,55.20539451390505,140.44666088881533,140.59375142293817,140.44666088881533,140.44802622619795,1.1599884663633298,85.75616758178805
cracker_box_yalehand0_black10_5,1135,2.076666631893704,2.191734697323977,1.4570991210709943,1.508454545286001,0.05235424982145094,0.05419947412373645,0.7946843853820601,0.7946843853820601,0.11506806543027315,0.05135542421500672,MODE_3_RELOCALIZE,simple,four_mode_relocalization_v2,,0,0,0,False,1,1,2.076666631893704,0,0,restarted_se3,1,43.7524551525712,3.2096998766064644,0,1136,cache_read_only_not_online_fps,b18588ca73eff0bed9b27155081eb3c6df55568f77c0b4b80229d1c92a313cef,cached_perception_v2,1,1,1,0.4508579637131946,,1,2547.1125142648816,0,23.14849942922592,2547.1125142648816,2594.0746692940593,139.3306841858651,139.55316783063637,139.3306841858651,139.33227456830525,0.4508579637131946,83.91324981263317
cracker_box_yalehand0_black10_5,1136,1.0459877901884387,1.365451665108087,1.0908092907984757,0.9892068135690866,0.039193285681242696,0.035542661369949505,0.3888888888888889,0.0891009055627426,0.31946387491964834,-0.10160247722938909,MODE_1_ACCEPT,simple,four_mode_relocalization_v2,0.0,0,0,0,False,0,1,1.0459877901884387,0,0,restarted_se3,0,41.30345210433006,4.248124547302723,0,1137,cache_read_only_not_online_fps,b18588ca73eff0bed9b27155081eb3c6df55568f77c0b4b80229d1c92a313cef,cached_perception_v2,0,0,0,,,0,0.0,0,25.851618498563766,1.7658388242125511,47.31741547584534,138.52511735035787,138.5339622104684,138.52511735035787,138.52687238721683,1.0459877901884387,83.52129287962813
cracker_box_yalehand0_black10_5,1137,1.8984909071263865,1.945788898948322,1.3701573842407977,1.352465436818149,0.049230392738500175,0.04859471283052486,0.7946843853820601,0.7946843853820601,0.047297991821935614,-0.01769194742264868,MODE_3_RELOCALIZE,simple,four_mode_relocalization_v2,,0,0,0,False,1,1,1.8984909071263865,0,0,restarted_se3,1,47.678674571216106,4.938686266541481,0,1138,cache_read_only_not_online_fps,b18588ca73eff0bed9b27155081eb3c6df55568f77c0b4b80229d1c92a313cef,cached_perception_v2,1,1,1,0.4586483283103788,,1,2524.327955208719,0,23.894204758107662,2524.327955208719,2576.9453160464764,137.7457156280257,137.65465404359662,137.7457156280257,137.74765845018456,0.4586483283103788,84.71726216301735
cracker_box_yalehand0_black10_5,1138,1.2294285704295593,1.2766001368054574,1.2564731774829896,0.9613664888273846,0.045145666260196456,0.034542345539983144,0.7946843853820601,0.0891009055627426,0.04717156637589803,-0.29510668865560497,MODE_1_ACCEPT,simple,four_mode_relocalization_v2,0.0,0,0,0,False,0,1,1.2294285704295593,0,0,restarted_se3,0,56.02236092090607,2.476207911968231,0,1139,cache_read_only_not_online_fps,b18588ca73eff0bed9b27155081eb3c6df55568f77c0b4b80229d1c92a313cef,cached_perception_v2,0,0,0,,,0,0.0,0,23.237287998199463,1.4287438243627548,59.92731265723705,137.06988834163306,136.9765508821413,137.06988834163306,137.0719999335536,1.2294285704295593,86.00551718241387
cracker_box_yalehand0_black10_5,1139,1.9966424434827903,2.3498883990285364,1.4722374455544096,1.5654192441021924,0.05289817686829479,0.056246242274028455,0.7946843853820601,0.7946843853820601,0.3532459555457461,0.09318179854778275,MODE_3_RELOCALIZE,simple,four_mode_relocalization_v2,,0,0,0,False,1,1,1.9966424434827903,0,0,restarted_se3,1,50.05782376974821,4.827719181776047,0,1140,cache_read_only_not_online_fps,b18588ca73eff0bed9b27155081eb3c6df55568f77c0b4b80229d1c92a313cef,cached_perception_v2,1,1,1,0.4468277113704236,,1,2576.53165794909,0,22.591277956962585,2576.53165794909,2631.4172009006143,136.00261539896013,136.16717054945556,136.00261539896013,136.00487462449234,0.4468277113704236,86.2488223999396
cracker_box_yalehand0_black10_5,1140,1.197712143213535,1.5054232227712845,1.2095279370768208,1.0987791468741626,0.0434589019154715,0.03947964632067595,0.7946843853820601,0.3888888888888889,0.30771107955774957,-0.11074879020265826,MODE_1_ACCEPT,simple,four_mode_relocalization_v2,0.0,0,0,0,True,0,1,1.197712143213535,0,0,restarted_se3,0,53.36337350308895,2.168937586247921,0,1141,cache_read_only_not_online_fps,b18588ca73eff0bed9b27155081eb3c6df55568f77c0b4b80229d1c92a313cef,cached_perception_v2,0,0,0,,,0,0.0,0,22.44321070611477,1.2958943843841553,56.82820547372103,135.34665086609127,135.46025515189862,135.34665086609127,135.34904720486597,1.197712143213535,87.71933706567484
cracker_box_yalehand0_black10_5,1141,2.1225161333877045,2.30460525909419,1.5567592381302993,1.6163342645090428,0.05593508422750208,0.058075642662442147,0.7946843853820601,0.7946843853820601,0.1820891257064856,0.05957502637874357,MODE_3_RELOCALIZE,simple,four_mode_relocalization_v2,,0,0,0,False,1,1,2.1225161333877045,0,0,restarted_se3,1,49.32074900716543,3.7743914872407913,0,1142,cache_read_only_not_online_fps,b18588ca73eff0bed9b27155081eb3c6df55568f77c0b4b80229d1c92a313cef,cached_perception_v2,1,1,1,0.45341721561436765,,1,2533.614244312048,0,21.352763287723064,2533.614244312048,2586.709384806454,134.8542455397663,134.8571927114254,134.8542455397663,134.85674690219767,0.45341721561436765,90.34955705892735
cracker_box_yalehand0_black10_5,1142,1.0347662732868212,1.4289173784951048,1.0430325693542841,1.0487702617763597,0.037476645835697694,0.037682803795798026,0.1346153846153846,0.22727272727272727,0.39415110520828356,0.005737692422075558,MODE_1_ACCEPT,simple,four_mode_relocalization_v2,0.0,0,0,0,False,0,1,1.0347662732868212,0,0,restarted_se3,0,50.19748769700527,1.9800476729869843,0,1143,cache_read_only_not_online_fps,b18588ca73eff0bed9b27155081eb3c6df55568f77c0b4b80229d1c92a313cef,cached_perception_v2,0,0,0,,,0,0.0,0,22.644711658358574,1.6220435500144958,53.79957892000675,134.66764710949667,134.54965065692122,134.66764710949667,134.6701862192159,1.0347662732868212,93.90504002675634
cracker_box_yalehand0_black10_5,1143,1.8030136369858987,1.9661283039524344,1.362819806695348,1.5905411517686463,0.048966750161036826,0.0571488841128309,0.7946843853820601,0.7946843853820601,0.16311466696653576,0.22772134507329822,MODE_1_ACCEPT,simple,four_mode_relocalization_v2,0.0,0,0,0,True,0,1,1.8030136369858987,0,0,restarted_se3,0,50.99933687597513,4.549634642899036,0,1144,cache_read_only_not_online_fps,b18588ca73eff0bed9b27155081eb3c6df55568f77c0b4b80229d1c92a313cef,cached_perception_v2,0,0,0,,,0,0.0,0,17.70739257335663,1.4404794201254845,56.98945093899965,134.35454622640088,134.32691965871098,134.35454622640088,134.388835549895,1.8030136369858987,97.9148135277833
cracker_box_yalehand0_black10_5,1144,2.774290070843893,2.5921289223235147,1.6605141315965963,1.483776913730835,0.05966304585631696,0.05331279533246022,0.7946843853820601,0.7946843853820601,-0.18216114852037846,-0.17673721786576135,MODE_1_ACCEPT,simple,four_mode_relocalization_v2,0.0,0,0,0,True,0,1,2.5921289223235147,0,0,restarted_se3,0,49.06443413347006,3.95998265594244,0,1145,cache_read_only_not_online_fps,b18588ca73eff0bed9b27155081eb3c6df55568f77c0b4b80229d1c92a313cef,cached_perception_v2,0,0,0,,,0,0.0,0,17.43805967271328,1.435418613255024,54.45983540266752,134.45766238826366,134.32418029587924,134.45766238826366,134.4603142736952,2.774290070843893,102.23240980743668
cracker_box_yalehand0_black10_5,1145,3.2376446732348283,3.591518045804155,1.7068752264336144,1.7288364110918313,0.06132882157877377,0.06211789716830965,0.7946843853820601,0.7946843853820601,0.3538733725693266,0.021961184658216837,MODE_3_RELOCALIZE,simple,four_mode_relocalization_v2,,0,0,0,False,1,1,3.2376446732348283,0,0,restarted_se3,1,44.067833572626114,3.0022049322724342,0,1146,cache_read_only_not_online_fps,b18588ca73eff0bed9b27155081eb3c6df55568f77c0b4b80229d1c92a313cef,cached_perception_v2,1,1,1,0.4546744169972535,,1,2553.129695355892,0,22.066621109843254,2553.129695355892,2600.1997338607907,134.7629644400237,134.5700937976291,134.7629644400237,134.76561710416883,0.4546744169972535,106.19816854813114
cracker_box_yalehand0_black10_5,1146,1.1566860340902945,3.1930827198818323,1.110812223252376,1.560982759570463,0.03991200035734749,0.05608683731924924,0.5121951219512195,0.7946843853820601,2.036396685791538,0.450170536318087,MODE_1_ACCEPT,simple,four_mode_relocalization_v2,0.0,0,0,0,True,0,1,1.1566860340902945,0,0,restarted_se3,0,48.828198574483395,2.2602463141083717,0,1147,cache_read_only_not_online_fps,b18588ca73eff0bed9b27155081eb3c6df55568f77c0b4b80229d1c92a313cef,cached_perception_v2,0,0,0,,,0,0.0,0,22.192630916833878,1.317918300628662,52.40636318922043,135.3098000087835,135.12883897342692,135.3098000087835,135.31238330314926,1.1566860340902945,109.95650460032896
cracker_box_yalehand0_black10_5,1147,1.9384196973652963,2.1510405290097574,1.2597340650731672,1.323005592932082,0.045262831469527136,0.047536206923680005,0.7946843853820601,0.7946843853820601,0.2126208316444611,0.06327152785891488,MODE_3_RELOCALIZE,simple,four_mode_relocalization_v2,,0,0,0,False,1,1,1.9384196973652963,0,0,restarted_se3,1,42.55549889057875,3.7378594279289246,0,1148,cache_read_only_not_online_fps,b18588ca73eff0bed9b27155081eb3c6df55568f77c0b4b80229d1c92a313cef,cached_perception_v2,1,1,1,0.4643359086092102,,1,2517.868483439088,0,21.671699360013008,2517.868483439088,2564.1618417575955,135.7342544926827,135.7737355757546,135.7342544926827,135.73679426046607,0.4643359086092102,113.61822942297157
cracker_box_yalehand0_black10_5,1148,1.1973566494087569,1.4070250370887838,1.203291737161424,1.0094104282678673,0.04323483234903924,0.03626858665254719,0.7946843853820601,0.0891009055627426,0.20966838768002694,-0.1938813088935567,MODE_1_ACCEPT,simple,four_mode_relocalization_v2,0.0,0,0,0,False,0,1,1.1973566494087569,0,0,restarted_se3,0,44.26262155175209,2.1179495379328728,0,1149,cache_read_only_not_online_fps,b18588ca73eff0bed9b27155081eb3c6df55568f77c0b4b80229d1c92a313cef,cached_perception_v2,0,0,0,,,0,0.0,0,22.093843668699265,1.1930912733078003,47.57366236299276,135.9409939802431,136.22215333293582,135.9409939802431,135.94353046730535,1.1973566494087569,116.8027979958269
cracker_box_yalehand0_black10_5,1149,1.9329050962360521,2.306897178355693,1.5338256208297103,1.5449895555310371,0.05511106868037714,0.05551219405194008,0.7946843853820601,0.7946843853820601,0.37399208211964097,0.011163934701326816,MODE_3_RELOCALIZE,simple,four_mode_relocalization_v2,,0,0,0,False,1,1,1.9329050962360521,0,0,restarted_se3,1,45.55455781519413,3.6065569147467613,0,1150,cache_read_only_not_online_fps,b18588ca73eff0bed9b27155081eb3c6df55568f77c0b4b80229d1c92a313cef,cached_perception_v2,1,1,1,0.44880274385977303,,1,2532.351015135646,0,24.12905916571617,2532.351015135646,2581.5121298655868,135.76788809196006,136.2384479051457,135.76788809196006,135.77037257614717,0.44880274385977303,119.36904903572756
cracker_box_yalehand0_black10_5,1150,1.1211502627360184,1.4401898625117793,1.181763652399589,1.0676102582960258,0.042461318240424546,0.03835973364234195,0.7946843853820601,0.24242424242424243,0.3190395997757609,-0.11415339410356307,MODE_1_ACCEPT,simple,four_mode_relocalization_v2,0.0,0,0,0,False,0,1,1.1211502627360184,0,0,restarted_se3,0,46.325220726430416,1.6901837661862373,0,1151,cache_read_only_not_online_fps,b18588ca73eff0bed9b27155081eb3c6df55568f77c0b4b80229d1c92a313cef,cached_perception_v2,0,0,0,,,0,0.0,0,25.88828932493925,1.0501500219106674,49.06555451452732,136.04031682966323,136.16076380530927,136.04031682966323,136.04275713293617,1.1211502627360184,121.44474823354562
cracker_box_yalehand0_black10_5,1151,1.9004673879935516,2.1593201106778688,1.4988571666417636,1.5432480210145998,0.05385463584066745,0.05544961990593467,0.7946843853820601,0.7946843853820601,0.25885272268431714,0.044390854372836186,MODE_3_RELOCALIZE,simple,four_mode_relocalization_v2,,0,0,0,False,1,1,1.9004673879935516,0,0,restarted_se3,1,48.84641245007515,2.943657338619232,0,1152,cache_read_only_not_online_fps,b18588ca73eff0bed9b27155081eb3c6df55568f77c0b4b80229d1c92a313cef,cached_perception_v2,1,1,1,0.47042367210240665,,1,2566.583428531885,0,19.58811655640602,2566.583428531885,2618.3734983205795,136.7669737916253,136.4632030039606,136.7669737916253,136.76870675203554,0.47042367210240665,123.00484348374015
cracker_box_yalehand0_black10_5,1152,1.2442379218490702,1.386551576377436,1.1937917148926045,1.0170947451570531,0.04289349212586654,0.036544687736067116,0.7946843853820601,0.09302325581395349,0.14231365452836586,-0.17669696973555138,MODE_1_ACCEPT,simple,four_mode_relocalization_v2,0.0,0,0,0,False,0,1,1.2442379218490702,0,0,restarted_se3,0,50.2961715683341,2.1048961207270622,0,1153,cache_read_only_not_online_fps,b18588ca73eff0bed9b27155081eb3c6df55568f77c0b4b80229d1c92a313cef,cached_perception_v2,0,0,0,,,0,0.0,0,23.079827427864075,1.2438884004950523,53.64495608955622,136.46573305617105,136.5236252203664,136.46573305617105,136.4667558628947,1.2442379218490702,124.06519385317789
cracker_box_yalehand0_black10_5,1153,2.1057148717139436,2.3993128153451675,1.4135326368520158,1.5795427207138875,0.050788885759625,0.05675370536434493,0.7946843853820601,0.7946843853820601,0.29359794363122393,0.16601008386187166,MODE_3_RELOCALIZE,simple,four_mode_relocalization_v2,,0,0,0,False,1,1,2.1057148717139436,0,0,restarted_se3,1,51.334017887711525,1.9577844068408012,0,1154,cache_read_only_not_online_fps,b18588ca73eff0bed9b27155081eb3c6df55568f77c0b4b80229d1c92a313cef,cached_perception_v2,1,1,1,0.45303033065310283,,1,2547.7406959980726,0,15.406421385705471,2547.7406959980726,2601.032498292625,136.24592223376033,136.15530788597508,136.24592223376033,136.2469476087367,0.45303033065310283,124.37210969095402
cracker_box_yalehand0_black10_5,1154,1.153782032963366,1.4995946713404003,1.2001645598604898,1.0243942790233513,0.04312247141265439,0.03680696338642604,0.7946843853820601,0.12499999999999999,0.34581263837703435,-0.17577028083713842,MODE_1_ACCEPT,simple,four_mode_relocalization_v2,0.0,0,0,0,False,0,1,1.153782032963366,0,0,restarted_se3,0,49.95540902018547,5.572357214987278,0,1155,cache_read_only_not_online_fps,b18588ca73eff0bed9b27155081eb3c6df55568f77c0b4b80229d1c92a313cef,cached_perception_v2,0,0,0,,,0,0.0,0,22.351862862706184,1.3766959309577942,56.90446216613054,135.85689232254416,135.82015527387418,135.85689232254416,135.85791888466005,1.153782032963366,123.17194952128933
cracker_box_yalehand0_black10_5,1155,1.8981028429524156,2.2264548273399876,1.4354137073804991,1.5347417380545485,0.05157508281117973,0.05514398519879468,0.7946843853820601,0.7946843853820601,0.32835198438757196,0.09932803067404938,MODE_3_RELOCALIZE,simple,four_mode_relocalization_v2,,0,0,0,False,1,1,1.8981028429524156,0,0,restarted_se3,1,50.69272872060537,4.884432069957256,0,1156,cache_read_only_not_online_fps,b18588ca73eff0bed9b27155081eb3c6df55568f77c0b4b80229d1c92a313cef,cached_perception_v2,1,1,1,0.4446871048421141,,1,2538.327888585627,0,22.11936004459858,2538.327888585627,2593.9050493761897,135.63345061908115,135.60710207426084,135.63345061908115,135.63449797289223,0.4446871048421141,121.64507272362751
cracker_box_yalehand0_black10_5,1156,1.0680743462259903,1.4029242973706022,1.1392097671993529,0.9910100123448243,0.04093233733279146,0.035607451141501434,0.7272727272727273,0.0891009055627426,0.3348499511446119,-0.14819975485452852,MODE_1_ACCEPT,simple,four_mode_relocalization_v2,0.0,0,0,0,False,0,1,1.0680743462259903,0,0,restarted_se3,0,50.68383552134037,5.1779979839921,0,1157,cache_read_only_not_online_fps,b18588ca73eff0bed9b27155081eb3c6df55568f77c0b4b80229d1c92a313cef,cached_perception_v2,0,0,0,,,0,0.0,0,22.71495759487152,1.6758739948272705,57.53770750015974,135.57207798198522,135.48752006052462,135.57207798198522,135.57311570861623,1.0680743462259903,120.38743637772026
cracker_box_yalehand0_black10_5,1157,1.8568289520440948,2.044387590686421,1.4003953060335554,1.5206358769157238,0.0503168553467927,0.05463715504061992,0.7946843853820601,0.7946843853820601,0.18755863864232625,0.12024057088216833,MODE_3_RELOCALIZE,simple,four_mode_relocalization_v2,,0,0,0,False,1,1,1.8568289520440948,0,0,restarted_se3,1,51.982712000608444,5.089281126856804,0,1158,cache_read_only_not_online_fps,b18588ca73eff0bed9b27155081eb3c6df55568f77c0b4b80229d1c92a313cef,cached_perception_v2,1,1,1,0.44908330488694126,,1,2527.4796476587653,0,24.419788271188736,2527.4796476587653,2584.5516407862306,135.4463345334302,135.44796958319475,135.4463345334302,135.44744473386663,0.44908330488694126,119.65305815900476
cracker_box_yalehand0_black10_5,1158,1.161306343881522,1.2875436029090856,1.1486018354114789,0.9194288725853732,0.04126979871644554,0.03303550746294375,0.7272727272727273,0.0891009055627426,0.12623725902756355,-0.22917296282610566,MODE_1_ACCEPT,simple,four_mode_relocalization_v2,0.0,0,0,0,False,0,1,1.161306343881522,0,0,restarted_se3,0,51.065622828900814,2.207411453127861,0,1159,cache_read_only_not_online_fps,b18588ca73eff0bed9b27155081eb3c6df55568f77c0b4b80229d1c92a313cef,cached_perception_v2,0,0,0,,,0,0.0,0,26.063700206577778,1.366141252219677,54.63917553424835,135.5012626769348,135.4698796661038,135.5012626769348,135.50246303355235,1.161306343881522,119.3441569544319
cracker_box_yalehand0_black10_5,1159,2.1207967668340038,2.216401500408122,1.3472852219767477,1.4680026101577197,0.04840858529945054,0.05274601726082205,0.7946843853820601,0.7946843853820601,0.09560473357411814,0.120717388180972,MODE_3_RELOCALIZE,simple,four_mode_relocalization_v2,,0,0,0,False,1,1,2.1207967668340038,0,0,restarted_se3,1,51.059070974588394,3.436705097556114,0,1160,cache_read_only_not_online_fps,b18588ca73eff0bed9b27155081eb3c6df55568f77c0b4b80229d1c92a313cef,cached_perception_v2,1,1,1,0.45484071007407567,,1,2533.427219837904,0,22.926505655050278,2533.427219837904,2587.9229959100485,135.1356346580832,135.32903344638694,135.1356346580832,135.13693659502124,0.45484071007407567,119.19269575249017
cracker_box_yalehand0_black10_5,1160,1.063567623369588,1.424573159315295,1.1177456151789147,1.0364172156510651,0.04016112035734119,0.037238953097141224,0.6060606060606061,0.12499999999999999,0.36100553594570695,-0.08132839952784954,MODE_1_ACCEPT,simple,four_mode_relocalization_v2,0.0,0,0,0,False,0,1,1.063567623369588,0,0,restarted_se3,0,51.05975549668074,2.6113446801900864,0,1161,cache_read_only_not_online_fps,b18588ca73eff0bed9b27155081eb3c6df55568f77c0b4b80229d1c92a313cef,cached_perception_v2,0,0,0,,,0,0.0,0,23.451861925423145,1.4266362413764,55.09773641824722,135.35903918015873,135.32297362265572,135.35903918015873,135.36037894186998,1.063567623369588,119.6798104745397
cracker_box_yalehand0_black10_5,1161,1.9047355363269478,2.043298295371013,1.3901884678046623,1.4194997744749651,0.04995011889709267,0.05100328779261864,0.7946843853820601,0.7946843853820601,0.13856275904406523,0.029311306670302795,MODE_3_RELOCALIZE,simple,four_mode_relocalization_v2,,0,0,0,False,1,1,1.9047355363269478,0,0,restarted_se3,1,50.79351272433996,4.167160019278526,0,1162,cache_read_only_not_online_fps,b18588ca73eff0bed9b27155081eb3c6df55568f77c0b4b80229d1c92a313cef,cached_perception_v2,1,1,1,0.46279749409952087,,1,2534.961946308613,0,26.183255948126316,2534.961946308613,2589.9226190522313,135.52188590233214,135.47987970368715,135.52188590233214,135.52329991931364,0.46279749409952087,119.7174962568029
cracker_box_yalehand0_black10_5,1162,1.0701160166538766,1.3118516635191364,1.0964351151479355,0.9399667575877269,0.03939542416941001,0.033773443233179566,0.3888888888888889,0.0891009055627426,0.24173564686525983,-0.1564683575602086,MODE_3_RELOCALIZE,simple,four_mode_relocalization_v2,,0,0,0,False,1,1,1.0701160166538766,0,0,restarted_se3,1,32.00298175215721,2.538735046982765,0,1163,cache_read_only_not_online_fps,b18588ca73eff0bed9b27155081eb3c6df55568f77c0b4b80229d1c92a313cef,cached_perception_v2,1,1,1,0.4612887408247077,,1,2514.370718970895,0,21.87422476708889,2514.370718970895,2548.912435770035,135.74082350615103,135.7591822529708,135.74082350615103,135.7422817512186,0.4612887408247077,120.13059371753539
cracker_box_yalehand0_black10_5,1163,1.109470579719565,0.45436763860234564,1.1335825699054822,0.76161512600176,0.04073014951409224,0.02736518607271139,0.66,0.0891009055627426,-0.6551029411172193,-0.3719674439037223,MODE_1_ACCEPT,simple,four_mode_relocalization_v2,0.0,0,0,0,False,0,0,0.45436763860234564,0,0,restarted_se3,0,53.03170345723629,2.5384649634361267,0,1164,cache_read_only_not_online_fps,b18588ca73eff0bed9b27155081eb3c6df55568f77c0b4b80229d1c92a313cef,cached_perception_v2,0,0,0,,,0,0.0,0,22.46934548020363,1.2514228001236916,56.82159122079611,135.99520601399612,136.04397041389714,135.99520601399612,135.99668734534737,1.109470579719565,121.39408476414961
cracker_box_yalehand0_black10_5,1164,2.0623531528762844,2.167215348397251,1.425620988152105,1.5093138300558562,0.051223225849974616,0.05423034862558619,0.7946843853820601,0.7946843853820601,0.10486219552096676,0.08369284190375126,MODE_1_ACCEPT,simple,four_mode_relocalization_v2,0.0,0,0,0,True,0,1,2.0623531528762844,0,0,restarted_se3,0,49.76639151573181,3.077649511396885,0,1165,cache_read_only_not_online_fps,b18588ca73eff0bed9b27155081eb3c6df55568f77c0b4b80229d1c92a313cef,cached_perception_v2,0,0,0,,,0,0.0,0,22.59932179003954,1.037348061800003,53.8813890889287,136.43813867904606,136.42908047465744,136.43813867904606,136.43966103443915,2.0623531528762844,123.56621990765863
cracker_box_yalehand0_black10_5,1165,2.517076103520539,2.8372476538936544,1.4453973947088543,1.6403303366314061,0.05193380134512804,0.05893783270597492,0.7946843853820601,0.7946843853820601,0.3201715503731153,0.19493294192255184,MODE_1_ACCEPT,simple,four_mode_relocalization_v2,0.0,0,0,0,True,0,1,2.517076103520539,0,0,restarted_se3,0,50.44842790812254,3.143269568681717,0,1166,cache_read_only_not_online_fps,b18588ca73eff0bed9b27155081eb3c6df55568f77c0b4b80229d1c92a313cef,cached_perception_v2,0,0,0,,,0,0.0,0,22.215946577489376,0.8433777838945389,54.435075260698795,137.36720630371042,137.11829005936147,137.36720630371042,137.3687610589798,2.517076103520539,126.56173740569285
cracker_box_yalehand0_black10_5,1166,2.94217415406617,2.9538179049944184,1.596100658498558,1.483402112700883,0.05734863977805147,0.05329932855695285,0.7946843853820601,0.7946843853820601,0.01164375092824832,-0.11269854579767502,MODE_1_ACCEPT,simple,four_mode_relocalization_v2,0.0,0,0,0,True,0,1,2.94217415406617,0,0,restarted_se3,0,36.98579501360655,2.2521652281284332,0,1167,cache_read_only_not_online_fps,b18588ca73eff0bed9b27155081eb3c6df55568f77c0b4b80229d1c92a313cef,cached_perception_v2,0,0,0,,,0,0.0,0,21.16641215980053,0.881602056324482,40.11956229805946,137.9232792061274,137.91138440497912,137.9232792061274,137.92485621365017,2.94217415406617,130.2515887098702
cracker_box_yalehand0_black10_5,1167,3.4333417433733993,3.4034483331867196,1.693524056999938,1.7284415344956625,0.060849107844937016,0.06210370906836126,0.7946843853820601,0.7946843853820601,-0.02989341018667968,0.0349174774957246,MODE_1_ACCEPT,simple,four_mode_relocalization_v2,0.0,0,0,0,True,0,1,3.4034483331867196,0,0,restarted_se3,0,36.86332888901234,2.928256057202816,0,1168,cache_read_only_not_online_fps,b18588ca73eff0bed9b27155081eb3c6df55568f77c0b4b80229d1c92a313cef,cached_perception_v2,0,0,0,,,0,0.0,0,21.99602499604225,0.8967462927103043,40.68833123892546,138.84340965317,138.82266341860148,138.84340965317,138.84504351230365,3.4333417433733993,134.44055399269666
cracker_box_yalehand0_black10_5,1168,3.82549055636444,3.8945938527663935,1.7332121481008007,1.680156581197201,0.06227511943631305,0.060368808215667945,0.7946843853820601,0.7946843853820601,0.06910329640195334,-0.053055566903599694,MODE_1_ACCEPT,simple,four_mode_relocalization_v2,0.0,0,0,0,True,0,1,3.82549055636444,0,0,restarted_se3,0,38.35191112011671,2.7934517711400986,0,1169,cache_read_only_not_online_fps,b18588ca73eff0bed9b27155081eb3c6df55568f77c0b4b80229d1c92a313cef,cached_perception_v2,0,0,0,,,0,0.0,0,22.247527725994587,0.8093537762761116,41.95471666753292,139.70745807609154,139.7868112684975,139.70745807609154,139.70907219322186,3.82549055636444,138.83411275227203
cracker_box_yalehand0_black10_5,1169,4.0317751460144,4.262949816502018,1.7281435733668191,1.759004188087625,0.06209300318627612,0.06320183944138899,0.7946843853820601,0.7946843853820601,0.23117467048761764,0.030860614720805923,MODE_1_ACCEPT,simple,four_mode_relocalization_v2,0.0,0,0,0,True,0,1,4.0317751460144,0,0,restarted_se3,0,37.012550979852676,4.196413792669773,0,1170,cache_read_only_not_online_fps,b18588ca73eff0bed9b27155081eb3c6df55568f77c0b4b80229d1c92a313cef,cached_perception_v2,0,0,0,,,0,0.0,0,20.903541706502438,0.9788153693079948,42.187780141830444,140.98520302270327,140.92512853024684,140.98520302270327,140.98685623754199,4.0317751460144,140.98520302270327
cracker_box_yalehand0_black10_5,1170,4.567792209452283,4.2489821529619265,1.7422174841265214,1.696890106049477,0.06259868535245344,0.06097005155446399,0.7946843853820601,0.7946843853820601,-0.31881005649035643,-0.045327378077044456,MODE_1_ACCEPT,simple,four_mode_relocalization_v2,0.0,0,0,0,True,0,1,4.2489821529619265,0,0,restarted_se3,0,44.786314480006695,2.712552435696125,0,1171,cache_read_only_not_online_fps,b18588ca73eff0bed9b27155081eb3c6df55568f77c0b4b80229d1c92a313cef,cached_perception_v2,0,0,0,,,0,0.0,0,22.21666555851698,1.1387616395950317,48.63762855529785,142.1779560444638,142.1412917631818,142.1779560444638,142.17957253618664,4.567792209452283,142.1779560444638
cracker_box_yalehand0_black10_5,1171,5.032357131251318,5.192719049202605,1.743489492016367,1.7523837295950906,0.06264438918816154,0.06296396328537571,0.7946843853820601,0.7946843853820601,0.1603619179512874,0.00889423757872354,MODE_1_ACCEPT,simple,four_mode_relocalization_v2,0.0,0,0,0,True,0,1,5.032357131251318,0,0,restarted_se3,0,45.11819500476122,3.563670441508293,0,1172,cache_read_only_not_online_fps,b18588ca73eff0bed9b27155081eb3c6df55568f77c0b4b80229d1c92a313cef,cached_perception_v2,0,0,0,,,0,0.0,0,22.243828512728214,1.435467042028904,50.117332488298416,142.68902988664712,142.84587058828123,142.68902988664712,142.69076220812406,5.032357131251318,142.68902988664712
cracker_box_yalehand0_black10_5,1172,5.331562183715639,5.562934353769273,1.7704974420221813,1.8011675890700527,0.06361479740632747,0.0647167900692732,0.7946843853820601,0.7946843853820601,0.23137217005363375,0.03067014704787141,MODE_1_ACCEPT,simple,four_mode_relocalization_v2,0.0,0,0,0,True,0,1,5.331562183715639,0,0,restarted_se3,0,45.81276420503855,4.711407236754894,0,1173,cache_read_only_not_online_fps,b18588ca73eff0bed9b27155081eb3c6df55568f77c0b4b80229d1c92a313cef,cached_perception_v2,0,0,0,,,0,0.0,0,21.814358420670033,1.1777300387620926,51.701901480555534,142.2877420263965,142.41008368167377,142.2877420263965,142.2896570079013,5.331562183715639,142.2877420263965
cracker_box_yalehand0_black10_5,1173,5.887643063665546,5.677671824617322,1.7949290324623817,1.782484298125343,0.06449263582579029,0.064045490726997,0.7946843853820601,0.7946843853820601,-0.20997123904822423,-0.012444734337038632,MODE_1_ACCEPT,simple,four_mode_relocalization_v2,0.0,0,0,0,True,0,1,5.677671824617322,0,0,restarted_se3,0,45.56641820818186,3.862513229250908,0,1174,cache_read_only_not_online_fps,b18588ca73eff0bed9b27155081eb3c6df55568f77c0b4b80229d1c92a313cef,cached_perception_v2,0,0,0,,,0,0.0,0,20.658628083765507,1.2169992551207542,50.64593069255352,141.81051906386935,141.72904461254006,141.81051906386935,141.81273274092055,5.887643063665546,141.72339093970186
cracker_box_yalehand0_black10_5,1174,6.539916367467669,6.574423078027094,1.8333056043458378,1.8137306721618915,0.06587152392106314,0.06516818749392769,0.9274193548387096,0.7946843853820601,0.034506710559425,-0.019574932183946236,MODE_1_ACCEPT,simple,four_mode_relocalization_v2,0.0,0,0,0,True,0,1,6.539916367467669,0,0,restarted_se3,0,44.63860485702753,4.0135011076927185,0,1175,cache_read_only_not_online_fps,b18588ca73eff0bed9b27155081eb3c6df55568f77c0b4b80229d1c92a313cef,cached_perception_v2,0,0,0,,,0,0.0,0,20.91341372579336,0.9508822113275528,49.6029881760478,141.27207435738111,141.12897328617146,141.27207435738111,141.27146175694992,6.539916367467669,141.0629579680762
cracker_box_yalehand0_black10_5,1175,7.1850041144397165,7.276080666978825,1.8324702963858508,1.8565552032309856,0.06584151091715518,0.06670689283363711,0.9274193548387096,0.9274193548387096,0.09107655253910885,0.024084906845134757,MODE_1_ACCEPT,simple,four_mode_relocalization_v2,0.0,0,0,0,True,0,1,7.1850041144397165,0,0,restarted_se3,0,45.265414752066135,4.317033104598522,0,1176,cache_read_only_not_online_fps,b18588ca73eff0bed9b27155081eb3c6df55568f77c0b4b80229d1c92a313cef,cached_perception_v2,0,0,0,,,0,0.0,0,19.785325974225998,0.8080033585429192,50.39045121520758,140.28589895243684,140.4132835381225,140.28589895243684,140.28856939004345,7.1850041144397165,140.28589895243684
cracker_box_yalehand0_black10_5,1176,7.890368683576576,7.906209483057768,1.8649624434576915,1.8378477159722066,0.06700896888925534,0.066034724106531,0.9274193548387096,0.9274193548387096,0.015840799481191326,-0.027114727485484824,MODE_1_ACCEPT,simple,four_mode_relocalization_v2,0.0,0,0,0,True,0,1,7.890368683576576,0,0,restarted_se3,0,46.1122989654541,2.634786069393158,0,1177,cache_read_only_not_online_fps,b18588ca73eff0bed9b27155081eb3c6df55568f77c0b4b80229d1c92a313cef,cached_perception_v2,0,0,0,,,0,0.0,0,21.65677398443222,0.7560346275568008,49.50311966240406,139.66470332068954,139.77549907093183,139.66470332068954,139.6675487484079,7.890368683576576,139.66470332068954
cracker_box_yalehand0_black10_5,1177,8.841732657085439,8.673953250183729,1.8967432207244874,1.9080014978747901,0.06815086701305817,0.0685553821527371,0.9274193548387096,0.9274193548387096,-0.16777940690171,0.011258277150302698,MODE_1_ACCEPT,simple,four_mode_relocalization_v2,0.0,0,0,0,True,0,1,8.673953250183729,0,0,restarted_se3,0,45.54496705532074,3.0174357816576958,0,1178,cache_read_only_not_online_fps,b18588ca73eff0bed9b27155081eb3c6df55568f77c0b4b80229d1c92a313cef,cached_perception_v2,0,0,0,,,0,0.0,0,20.15373669564724,0.8273348212242126,49.38973765820265,139.2887392323582,139.301574418369,139.2887392323582,139.2916439100516,8.841732657085439,139.16037835765783
cracker_box_yalehand0_black10_5,1178,9.777907584181037,9.835650861856356,1.9098099163053324,1.9078150412023065,0.06862035946891634,0.0685486826776836,0.9274193548387096,0.9274193548387096,0.057743277675319504,-0.0019948751030258727,MODE_1_ACCEPT,simple,four_mode_relocalization_v2,0.0,0,0,0,True,0,1,9.777907584181037,0,0,restarted_se3,0,46.22696340084076,3.1149080023169518,0,1179,cache_read_only_not_online_fps,b18588ca73eff0bed9b27155081eb3c6df55568f77c0b4b80229d1c92a313cef,cached_perception_v2,0,0,0,,,0,0.0,0,20.901727490127087,1.2240828946232796,50.56595429778099,138.81741625898997,138.89183814017622,138.81741625898997,138.82039571788732,9.777907584181037,138.7738697683799
cracker_box_yalehand0_black10_5,1179,11.16938059239278,10.820247408641832,1.9655617783317951,1.9281153773020516,0.07062354982867655,0.06927808320524984,0.9274193548387096,0.9274193548387096,-0.3491331837509488,-0.037446401029743503,MODE_1_ACCEPT,simple,four_mode_relocalization_v2,0.0,0,0,0,True,0,1,10.820247408641832,0,0,restarted_se3,0,46.45144660025835,2.5574667379260063,0,1180,cache_read_only_not_online_fps,b18588ca73eff0bed9b27155081eb3c6df55568f77c0b4b80229d1c92a313cef,cached_perception_v2,0,0,0,,,0,0.0,0,20.26466466486454,0.8009867742657661,49.80990011245012,138.50841241836386,138.56768304957887,138.50841241836386,138.51144554149485,11.16938059239278,138.49889637603545
cracker_box_yalehand0_black10_5,1180,12.103964128712676,12.55868769855637,1.9915460266635752,2.024312749431468,0.07155717596907579,0.07273449957377304,0.9274193548387096,0.9274193548387096,0.45472356984369355,0.03276672276789294,MODE_1_ACCEPT,simple,four_mode_relocalization_v2,0.0,0,0,0,True,0,1,12.103964128712676,0,0,restarted_se3,0,45.26245687156916,3.146883100271225,0,1181,cache_read_only_not_online_fps,b18588ca73eff0bed9b27155081eb3c6df55568f77c0b4b80229d1c92a313cef,cached_perception_v2,0,0,0,,,0,0.0,0,20.005534403026104,0.8018827065825462,49.21122267842293,138.27359601019685,138.3411235213223,138.27359601019685,138.27661621993107,12.103964128712676,138.27359601019685
cracker_box_yalehand0_black10_5,1181,13.113102537633262,13.079088290991548,2.0328035368342943,2.011639826790529,0.07303957751832746,0.07227915556297988,0.9274193548387096,0.9274193548387096,-0.03401424664171415,-0.02116371004376516,MODE_1_ACCEPT,simple,four_mode_relocalization_v2,0.0,0,0,0,True,0,1,13.079088290991548,0,0,restarted_se3,0,53.98711562156677,2.71620973944664,0,1182,cache_read_only_not_online_fps,b18588ca73eff0bed9b27155081eb3c6df55568f77c0b4b80229d1c92a313cef,cached_perception_v2,0,0,0,,,0,0.0,0,21.720447577536106,0.8888170123100281,57.59214237332344,138.66934647317174,138.4858568793096,138.66934647317174,138.67232576827465,13.113102537633262,138.39464395005552
cracker_box_yalehand0_black10_5,1182,14.287162519639224,14.118754318138823,2.0712785086242786,2.0672818345665376,0.07442200116805525,0.07427839880837495,0.9274193548387096,0.9274193548387096,-0.1684082015004016,-0.0039966740577410675,MODE_1_ACCEPT,simple,four_mode_relocalization_v2,0.0,0,0,0,True,0,1,14.118754318138823,0,0,restarted_se3,0,38.60416915267706,3.201862797141075,0,1183,cache_read_only_not_online_fps,b18588ca73eff0bed9b27155081eb3c6df55568f77c0b4b80229d1c92a313cef,cached_perception_v2,0,0,0,,,0,0.0,0,22.014090791344643,0.898977741599083,42.70500969141722,138.8007225705431,138.77987124602456,138.8007225705431,138.80362575534565,14.287162519639224,138.8007225705431
cracker_box_yalehand0_black10_5,1183,15.417415450802588,15.471749260477157,2.0886083193164082,2.1093488633044712,0.07504466933469811,0.07578988673664515,0.9274193548387096,0.9274193548387096,0.05433380967456891,0.02074054398806302,MODE_1_ACCEPT,simple,four_mode_relocalization_v2,0.0,0,0,0,True,0,1,15.417415450802588,0,0,restarted_se3,0,38.19435089826584,3.6999965086579323,0,1184,cache_read_only_not_online_fps,b18588ca73eff0bed9b27155081eb3c6df55568f77c0b4b80229d1c92a313cef,cached_perception_v2,0,0,0,,,0,0.0,0,16.694212332367897,0.8919844403862953,42.786331847310066,138.83301133844103,139.0186875286593,138.83301133844103,138.83580834552828,15.417415450802588,138.83301133844103
cracker_box_yalehand0_black10_5,1184,17.10786474922986,16.673671811468505,2.156056619200032,2.0982256097624155,0.07746811815233509,0.0753902230580753,0.9274193548387096,0.9274193548387096,-0.43419293776135603,-0.057831009437616654,MODE_1_ACCEPT,simple,four_mode_relocalization_v2,0.0,0,0,0,True,0,1,16.673671811468505,0,0,restarted_se3,0,39.05665781348944,3.4822551533579826,0,1185,cache_read_only_not_online_fps,b18588ca73eff0bed9b27155081eb3c6df55568f77c0b4b80229d1c92a313cef,cached_perception_v2,0,0,0,,,0,0.0,0,21.592145785689354,1.0354993864893913,43.57441235333681,139.01894426220306,139.21215533097953,139.01894426220306,139.02164048187484,17.10786474922986,139.01894426220306
cracker_box_yalehand0_black10_5,1185,19.213676542508022,18.931513409707225,2.187336218428248,2.2038467874475693,0.07859200871587149,0.07918524114778491,1.0,1.0,-0.28216313280079675,0.016510569019321242,MODE_1_ACCEPT,simple,four_mode_relocalization_v2,0.0,0,0,0,True,0,1,18.931513409707225,0,0,restarted_se3,0,46.22999858111143,2.626427449285984,0,1186,cache_read_only_not_online_fps,b18588ca73eff0bed9b27155081eb3c6df55568f77c0b4b80229d1c92a313cef,cached_perception_v2,0,0,0,,,0,0.0,0,15.26967715471983,0.9785331785678864,49.8349592089653,139.4662417690556,139.46301552081647,139.4662417690556,139.4688578507512,19.213676542508022,139.22093915775497
cracker_box_yalehand0_black10_5,1186,20.787734621394083,21.85614600375624,2.2009915827607514,2.212281033367428,0.07908265231405123,0.07948828753053153,1.0,1.0,1.0684113823621573,0.011289450606676521,MODE_1_ACCEPT,simple,four_mode_relocalization_v2,0.0,0,0,0,True,0,1,20.787734621394083,0,0,restarted_se3,0,44.946251437067986,2.720576710999012,0,1187,cache_read_only_not_online_fps,b18588ca73eff0bed9b27155081eb3c6df55568f77c0b4b80229d1c92a313cef,cached_perception_v2,0,0,0,,,0,0.0,0,14.917773194611073,0.8787605911493301,48.54558873921633,139.85163257319346,139.80620542402465,139.85163257319346,139.8541205632688,20.787734621394083,139.46147228516662
cracker_box_yalehand0_black10_5,1187,22.772979168225717,22.505285051882243,2.201224916447772,2.192318748687808,0.07909103610206222,0.07877103334788157,1.0,1.0,-0.26769411634347406,-0.008906167759964223,MODE_1_ACCEPT,simple,four_mode_relocalization_v2,0.0,0,0,0,True,0,1,22.505285051882243,0,0,restarted_se3,0,46.11425194889307,2.617117017507553,0,1188,cache_read_only_not_online_fps,b18588ca73eff0bed9b27155081eb3c6df55568f77c0b4b80229d1c92a313cef,cached_perception_v2,0,0,0,,,0,0.0,0,14.062195084989071,0.8231047540903091,49.55447372049093,140.25800678800135,140.2227049932862,140.25800678800135,140.2603137577027,22.772979168225717,139.73753901955956
cracker_box_yalehand0_black10_5,1188,24.277480719912507,24.748653191661838,2.1977205461157516,2.208077457009772,0.07896512244445557,0.07933725107488498,1.0,1.0,0.4711724717493304,0.010356910894020466,MODE_1_ACCEPT,simple,four_mode_relocalization_v2,0.0,0,0,0,True,0,1,24.277480719912507,0,0,restarted_se3,0,45.1132133603096,2.125031314790249,0,1189,cache_read_only_not_online_fps,b18588ca73eff0bed9b27155081eb3c6df55568f77c0b4b80229d1c92a313cef,cached_perception_v2,0,0,0,,,0,0.0,0,20.514855161309242,1.181810162961483,48.42005483806133,140.64461250595167,140.56413344419158,140.64461250595167,140.64633432220407,24.277480719912507,139.9913214710481
cracker_box_yalehand0_black10_5,1189,26.267353329560645,25.82267659973671,2.1770764617600107,2.1818482920052342,0.07822337088200787,0.07839482496440438,1.0,1.0,-0.4446767298239358,0.004771830245223541,MODE_1_ACCEPT,simple,four_mode_relocalization_v2,0.0,0,0,0,True,0,1,25.82267659973671,0,0,restarted_se3,0,46.783619560301304,3.9430446922779083,0,1190,cache_read_only_not_online_fps,b18588ca73eff0bed9b27155081eb3c6df55568f77c0b4b80229d1c92a313cef,cached_perception_v2,0,0,0,,,0,0.0,0,21.18610218167305,1.174897886812687,51.9015621393919,140.9155537246885,140.78749232819857,140.9155537246885,140.91669796406208,26.267353329560645,140.13872448986703
cracker_box_yalehand0_black10_5,1190,27.272871344426658,28.09308472267555,2.2107120776649634,2.17649122205695,0.07943191422166201,0.07820234294699893,1.0,1.0,0.8202133782488907,-0.034220855608013245,MODE_1_ACCEPT,simple,four_mode_relocalization_v2,0.0,0,0,0,True,0,1,27.272871344426658,0,0,restarted_se3,0,46.089100651443005,4.046359099447727,0,1191,cache_read_only_not_online_fps,b18588ca73eff0bed9b27155081eb3c6df55568f77c0b4b80229d1c92a313cef,cached_perception_v2,0,0,0,,,0,0.0,0,20.788212306797504,1.4515798538923264,51.58703960478306,140.9725816043202,140.9060249031946,140.9725816043202,140.97332941797544,27.272871344426658,140.09222363649988
cracker_box_yalehand0_black10_5,1191,28.696417950869375,28.280312796616503,2.2099214731113754,2.2469565003318244,0.07940350743195913,0.08073419320288903,1.0,1.0,-0.41610515425287176,0.037035027220448935,MODE_1_ACCEPT,simple,four_mode_relocalization_v2,0.0,0,0,0,True,0,1,28.280312796616503,0,0,restarted_se3,0,46.32265120744705,3.9347605779767036,0,1192,cache_read_only_not_online_fps,b18588ca73eff0bed9b27155081eb3c6df55568f77c0b4b80229d1c92a313cef,cached_perception_v2,0,0,0,,,0,0.0,0,20.92197071760893,1.1761290952563286,51.433540880680084,140.6189274288074,140.79516520132879,140.6189274288074,140.6192694375864,28.696417950869375,139.79592422621906
cracker_box_yalehand0_black10_5,1192,29.970435548508284,30.06196362179663,2.2153362236198015,2.209194460521577,0.0795980619387456,0.07937738553112259,1.0,1.0,0.09152807328834456,-0.006141763098224562,MODE_1_ACCEPT,simple,four_mode_relocalization_v2,0.0,0,0,0,True,0,1,29.970435548508284,0,0,restarted_se3,0,45.773317106068134,3.801599144935608,0,1193,cache_read_only_not_online_fps,b18588ca73eff0bed9b27155081eb3c6df55568f77c0b4b80229d1c92a313cef,cached_perception_v2,0,0,0,,,0,0.0,0,20.126529969274998,1.0142819955945015,50.589198246598244,139.9993088144565,140.3060997156498,139.9993088144565,139.99966801239918,29.970435548508284,139.31323102595627
cracker_box_yalehand0_black10_5,1193,31.78499604786608,31.192833913887437,2.255768744897847,2.237075988091724,0.08105082125298227,0.08037918179789832,1.0,1.0,-0.5921621339786434,-0.018692756806123256,MODE_1_ACCEPT,simple,four_mode_relocalization_v2,0.0,0,0,0,True,0,1,31.192833913887437,0,0,restarted_se3,0,45.455033890902996,3.8569094613194466,0,1194,cache_read_only_not_online_fps,b18588ca73eff0bed9b27155081eb3c6df55568f77c0b4b80229d1c92a313cef,cached_perception_v2,0,0,0,,,0,0.0,0,20.34684270620346,1.7969440668821335,51.108887419104576,139.9139590304559,139.8906103562062,139.9139590304559,139.91431719706574,31.78499604786608,138.8181652945839
cracker_box_yalehand0_black10_5,1194,33.38372917645767,33.61616436655384,2.2607938603207463,2.287968292857548,0.08123137598973806,0.08220776600275392,1.0,1.0,0.23243519009616875,0.027174432536801962,MODE_1_ACCEPT,simple,four_mode_relocalization_v2,0.0,0,0,0,True,0,1,33.38372917645767,0,0,restarted_se3,0,47.77338169515133,4.007667303085327,0,1195,cache_read_only_not_online_fps,b18588ca73eff0bed9b27155081eb3c6df55568f77c0b4b80229d1c92a313cef,cached_perception_v2,0,0,0,,,0,0.0,0,20.43791674077511,1.0148994624614716,52.79594846069813,139.33794166700915,139.4372091206536,139.33794166700915,139.33828503206865,33.38372917645767,138.3676570553379
cracker_box_yalehand0_black10_5,1195,34.20483694871971,34.907466418893485,2.284663905325133,2.2856322945052545,0.08208903782024579,0.08212383249435362,1.0,1.0,0.7026294701737754,0.0009683891801213207,MODE_1_ACCEPT,simple,four_mode_relocalization_v2,0.0,0,0,0,True,0,1,34.20483694871971,0,0,restarted_se3,0,45.619855634868145,3.5673677921295166,0,1196,cache_read_only_not_online_fps,b18588ca73eff0bed9b27155081eb3c6df55568f77c0b4b80229d1c92a313cef,cached_perception_v2,0,0,0,,,0,0.0,0,21.27862349152565,0.9516347199678421,50.138858146965504,138.69513425704042,138.84700918576942,138.69513425704042,138.69550220318067,34.20483694871971,137.9234649670615
cracker_box_yalehand0_black10_5,1196,35.00355361029112,35.05988107265291,2.309043319533866,2.3203607541450824,0.0829650015234196,0.08337164221821189,1.0,1.0,0.05632746236178576,0.01131743461121637,MODE_1_ACCEPT,simple,four_mode_relocalization_v2,0.0,0,0,0,True,0,1,35.00355361029112,0,0,restarted_se3,0,49.65812619775534,3.5756081342697144,0,1197,cache_read_only_not_online_fps,b18588ca73eff0bed9b27155081eb3c6df55568f77c0b4b80229d1c92a313cef,cached_perception_v2,0,0,0,,,0,0.0,0,21.85168582946062,0.8280882611870766,54.06182259321213,138.59664146833003,138.4660530797436,138.59664146833003,138.5970078897641,35.00355361029112,137.55576963263735
cracker_box_yalehand0_black10_5,1197,36.367331551204174,35.63621317404316,2.3339707845455635,2.335693469362502,0.08386065694710734,0.08392255381463365,1.0,1.0,-0.7311183771610175,0.0017226848169387132,MODE_1_ACCEPT,simple,four_mode_relocalization_v2,0.0,0,0,0,True,0,1,35.63621317404316,0,0,restarted_se3,0,46.7362143099308,3.0397549271583557,0,1198,cache_read_only_not_online_fps,b18588ca73eff0bed9b27155081eb3c6df55568f77c0b4b80229d1c92a313cef,cached_perception_v2,0,0,0,,,0,0.0,0,21.22790366411209,1.0508662089705467,50.826835446059704,137.96674406668316,138.02399814997432,137.96674406668316,137.9671406223341,36.367331551204174,137.1657466824497
cracker_box_yalehand0_black10_5,1198,38.41141087599744,37.78533525251709,2.3548249628905276,2.356684460033029,0.08460995728440412,0.08467676988248546,1.0,1.0,-0.6260756234803466,0.0018594971425014428,MODE_1_ACCEPT,simple,four_mode_relocalization_v2,0.0,0,0,0,True,0,1,37.78533525251709,0,0,restarted_se3,0,46.42627574503422,2.9768021777272224,0,1199,cache_read_only_not_online_fps,b18588ca73eff0bed9b27155081eb3c6df55568f77c0b4b80229d1c92a313cef,cached_perception_v2,0,0,0,,,0,0.0,0,20.627382211387157,0.8964212611317635,50.299499183893204,137.83635657430818,137.75897638668664,137.83635657430818,137.83675179484678,38.41141087599744,136.8567806188854
cracker_box_yalehand0_black10_5,1199,38.51104136908462,40.3054846132821,2.3765845326033177,2.364057142907661,0.08539178875508222,0.0849416738107708,1.0,1.0,1.794443244197474,-0.012527389695656588,MODE_1_ACCEPT,simple,four_mode_relocalization_v2,0.0,0,0,0,True,0,1,38.51104136908462,0,0,restarted_se3,0,44.74680870771408,2.927292138338089,0,1200,cache_read_only_not_online_fps,b18588ca73eff0bed9b27155081eb3c6df55568f77c0b4b80229d1c92a313cef,cached_perception_v2,0,0,0,,,0,0.0,0,21.25631459057331,0.8618999272584915,48.53600077331066,137.85285370068067,137.68612679418214,137.85285370068067,137.8532428335032,38.51104136908462,136.56943106238973
cracker_box_yalehand0_black10_5,1200,40.43480412747171,38.55090041270559,2.3750333895720677,2.400199746379109,0.08533605546378273,0.08624029438090128,1.0,1.0,-1.8839037147661202,0.025166356807041268,MODE_1_ACCEPT,simple,four_mode_relocalization_v2,0.0,0,0,0,True,0,1,38.55090041270559,0,0,restarted_se3,0,45.19227333366871,2.6190243661403656,0,1201,cache_read_only_not_online_fps,b18588ca73eff0bed9b27155081eb3c6df55568f77c0b4b80229d1c92a313cef,cached_perception_v2,0,0,0,,,0,0.0,0,21.699598990380764,0.8470527827739716,48.658350482583046,138.09770247740073,137.95787786778402,138.09770247740073,138.09807046208593,40.43480412747171,136.34409231394375
cracker_box_yalehand0_black10_5,1201,41.667621236012565,41.8726845195383,2.397790450239383,2.396939007797795,0.0861537272488723,0.08612313452552844,1.0,1.0,0.20506328352573888,-0.0008514424415881905,MODE_1_ACCEPT,simple,four_mode_relocalization_v2,0.0,0,0,0,True,0,1,41.667621236012565,0,0,restarted_se3,0,45.8603510633111,3.0799424275755882,0,1202,cache_read_only_not_online_fps,b18588ca73eff0bed9b27155081eb3c6df55568f77c0b4b80229d1c92a313cef,cached_perception_v2,0,0,0,,,0,0.0,0,20.076874643564224,1.0442622005939484,49.98455569148064,138.44428998802846,138.44193467275764,138.44428998802846,138.4446543681953,41.667621236012565,136.13994954104075
cracker_box_yalehand0_black10_5,1202,43.50144937443957,42.870107464359336,2.410640857035454,2.429561069654243,0.08661544834799303,0.08729526039632574,1.0,1.0,-0.6313419100802307,0.018920212618788845,MODE_1_ACCEPT,simple,four_mode_relocalization_v2,0.0,0,0,0,True,0,1,42.870107464359336,0,0,restarted_se3,0,47.19920735806227,2.8136391192674637,0,1203,cache_read_only_not_online_fps,b18588ca73eff0bed9b27155081eb3c6df55568f77c0b4b80229d1c92a313cef,cached_perception_v2,0,0,0,,,0,0.0,0,21.20090276002884,1.058429479598999,51.07127595692873,138.61577944052755,138.8536749870906,138.61577944052755,138.6161409945737,43.50144937443957,135.98777057267154
cracker_box_yalehand0_black10_5,1203,44.489128837139425,44.52400014269073,2.443025251143972,2.43343358844811,0.087779034705953,0.0874344017995704,1.0,1.0,0.03487130555130591,-0.009591662695861647,MODE_1_ACCEPT,simple,four_mode_relocalization_v2,0.0,0,0,0,True,0,1,44.489128837139425,0,0,restarted_se3,0,47.51213174313307,3.7019578740000725,0,1204,cache_read_only_not_online_fps,b18588ca73eff0bed9b27155081eb3c6df55568f77c0b4b80229d1c92a313cef,cached_perception_v2,0,0,0,,,0,0.0,0,21.167583763599396,0.9838705882430077,52.19796020537615,138.6605980877404,139.02055846188733,138.6605980877404,138.6609387619262,44.489128837139425,135.91012446000127
cracker_box_yalehand0_black10_5,1204,44.20104706894391,44.64651841852184,2.4655579211600243,2.4590170225903982,0.08858864403047009,0.0883536264995287,1.0,1.0,0.4454713495779359,-0.00654089856962603,MODE_1_ACCEPT,simple,four_mode_relocalization_v2,0.0,0,0,0,True,0,1,44.20104706894391,0,0,restarted_se3,0,45.09313963353634,3.9959177374839783,0,1205,cache_read_only_not_online_fps,b18588ca73eff0bed9b27155081eb3c6df55568f77c0b4b80229d1c92a313cef,cached_perception_v2,0,0,0,,,0,0.0,0,22.94932957738638,1.017935574054718,50.106992945075035,138.79673679237513,138.99554081303543,138.79673679237513,138.79708873792674,44.20104706894391,135.85552347748518
cracker_box_yalehand0_black10_5,1205,44.83115876838614,43.65190811169366,2.480437236868834,2.4840666262230555,0.08912326477145213,0.08925367042073326,1.0,1.0,-1.1792506566924814,0.003629389354221413,MODE_1_ACCEPT,simple,four_mode_relocalization_v2,0.0,0,0,0,True,0,1,43.65190811169366,0,0,restarted_se3,0,42.02325362712145,5.290101282298565,0,1206,cache_read_only_not_online_fps,b18588ca73eff0bed9b27155081eb3c6df55568f77c0b4b80229d1c92a313cef,cached_perception_v2,0,0,0,,,0,0.0,0,21.14107832312584,1.1435523629188538,48.45690727233887,139.42571601020083,139.2126108046542,139.42571601020083,139.42604171141483,44.83115876838614,135.86872894053695
cracker_box_yalehand0_black10_5,1206,44.902159540663426,45.455022000144574,2.5071261114615244,2.507211524027348,0.09008220846146828,0.09008527737472499,1.0,1.0,0.5528624594811475,8.541256582361711e-05,MODE_1_ACCEPT,simple,four_mode_relocalization_v2,0.0,0,0,0,True,0,1,44.902159540663426,0,0,restarted_se3,0,44.72813382744789,3.420477733016014,0,1207,cache_read_only_not_online_fps,b18588ca73eff0bed9b27155081eb3c6df55568f77c0b4b80229d1c92a313cef,cached_perception_v2,0,0,0,,,0,0.0,0,21.47134207189083,1.1757006868720055,49.32431224733591,140.6706218036862,140.05219401631916,140.6706218036862,140.67089920003716,44.902159540663426,135.90308722819867
cracker_box_yalehand0_black10_5,1207,44.77490511742878,45.17844235086994,2.517424465308958,2.52266624072361,0.09045223310995062,0.09064057254108343,1.0,1.0,0.4035372334411633,0.0052417754146518725,MODE_1_ACCEPT,simple,four_mode_relocalization_v2,0.0,0,0,0,True,0,1,44.77490511742878,0,0,restarted_se3,0,44.7130985558033,3.3311210572719574,0,1208,cache_read_only_not_online_fps,b18588ca73eff0bed9b27155081eb3c6df55568f77c0b4b80229d1c92a313cef,cached_perception_v2,0,0,0,,,0,0.0,0,21.20532002300024,1.0058870539069176,49.050106666982174,141.12453872672162,141.0749219747434,141.12453872672162,141.12483061725754,44.77490511742878,136.0217221024874
cracker_box_yalehand0_black10_5,1208,45.14201379506826,44.68328364645908,2.5388965411351396,2.5298708533968837,0.09122373479143045,0.09089943762878325,1.0,1.0,-0.4587301486091775,-0.00902568773825596,MODE_1_ACCEPT,simple,four_mode_relocalization_v2,0.0,0,0,0,True,0,1,44.68328364645908,0,0,restarted_se3,0,46.13604303449392,4.066395573318005,0,1209,cache_read_only_not_online_fps,b18588ca73eff0bed9b27155081eb3c6df55568f77c0b4b80229d1c92a313cef,cached_perception_v2,0,0,0,,,0,0.0,0,21.1902828887105,1.3396376743912697,51.5420762822032,141.49732556490207,141.81906101279318,141.49732556490207,141.4976295319401,45.14201379506826,136.14982499176864
cracker_box_yalehand0_black10_5,1209,45.225980948729635,45.63555187000468,2.549612069566585,2.5560901380045804,0.09160874871694596,0.0918415087320052,1.0,1.0,0.4095709212750478,0.006478068437995255,MODE_3_RELOCALIZE,simple,four_mode_relocalization_v2,,0,0,0,False,1,1,45.225980948729635,0,0,restarted_se3,1,44.50567439198494,3.660201095044613,0,1210,cache_read_only_not_online_fps,b18588ca73eff0bed9b27155081eb3c6df55568f77c0b4b80229d1c92a313cef,cached_perception_v2,1,1,1,0.54862356168018,,1,2517.9472491145134,0,20.616857334971428,2517.9472491145134,2566.113124601543,142.40651851129587,142.5086594850076,142.40651851129587,142.40698732457778,0.54862356168018,136.35404527559263
cracker_box_yalehand0_black10_5,1210,1.0535888485123177,44.73935651232413,1.1465915622611222,1.260695868059757,0.041197568666203124,0.04529738949863495,0.7272727272727273,0.7946843853820601,43.68576766381181,0.11410430579863484,MODE_1_ACCEPT,simple,four_mode_relocalization_v2,0.0,0,0,0,True,0,1,1.0535888485123177,0,0,restarted_se3,0,47.942498698830605,1.7065592110157013,0,1211,cache_read_only_not_online_fps,b18588ca73eff0bed9b27155081eb3c6df55568f77c0b4b80229d1c92a313cef,cached_perception_v2,0,0,0,,,0,0.0,0,19.276783801615238,1.4877207577228546,51.13677866756916,141.8646638566537,142.17683308957982,141.8646638566537,141.86562573506714,1.0535888485123177,136.61300208120727
cracker_box_yalehand0_black10_5,1211,2.2246781195042367,1.9762850774903011,1.594406738143309,1.5724061893529306,0.05728777643102593,0.0564972864698942,0.7946843853820601,0.7946843853820601,-0.24839304201393553,-0.02200054879037827,MODE_3_RELOCALIZE,simple,four_mode_relocalization_v2,,0,0,0,False,1,1,1.9762850774903011,0,0,restarted_se3,1,47.50441946089268,3.6092987284064293,0,1212,cache_read_only_not_online_fps,b18588ca73eff0bed9b27155081eb3c6df55568f77c0b4b80229d1c92a313cef,cached_perception_v2,1,1,1,0.4064861938438856,,1,2529.6757323667407,0,20.117520354688168,2529.6757323667407,2580.78945055604,140.80306802468667,140.89340425893926,140.80306802468667,140.80439084697343,0.4064861938438856,136.93344658144113
cracker_box_yalehand0_black10_5,1212,1.4551436581523391,1.2846585554731587,1.4844216253109812,1.0863574537253293,0.05333596011970197,0.03903332910250248,0.7946843853820601,0.3888888888888889,-0.1704851026791805,-0.3980641715856519,MODE_3_RELOCALIZE,simple,four_mode_relocalization_v2,,0,0,0,False,1,1,1.2846585554731587,0,0,restarted_se3,1,45.758817344903946,2.585502341389656,0,1213,cache_read_only_not_online_fps,b18588ca73eff0bed9b27155081eb3c6df55568f77c0b4b80229d1c92a313cef,cached_perception_v2,1,1,1,0.3651714457577933,,1,2552.461634390056,0,15.445470809936523,2552.461634390056,2600.8059540763497,139.91227923655202,139.6756319421477,139.91227923655202,139.9137823371046,0.3651714457577933,137.2268364659782
cracker_box_yalehand0_black10_5,1213,1.3313763815699868,0.43594798603301427,1.5435106675517547,0.8384226257349624,0.055459056918298555,0.030124915298433145,0.7946843853820601,0.0891009055627426,-0.8954283955369726,-0.7050880418167923,MODE_1_ACCEPT,simple,four_mode_relocalization_v2,0.0,0,0,0,False,0,0,0.43594798603301427,0,0,restarted_se3,0,45.87326757609844,2.098284661769867,0,1214,cache_read_only_not_online_fps,b18588ca73eff0bed9b27155081eb3c6df55568f77c0b4b80229d1c92a313cef,cached_perception_v2,0,0,0,,,0,0.0,0,20.947735756635666,1.027851365506649,48.99940360337496,139.0621434563977,138.82290680581198,139.0621434563977,139.06380788151984,1.3313763815699868,137.64751221454506
cracker_box_yalehand0_black10_5,1214,2.6162731148207374,2.564211405325324,1.693340033157516,1.7226108486704617,0.06084249578260032,0.06189420981199043,0.7946843853820601,0.7946843853820601,-0.05206170949541322,0.029270815512945747,MODE_1_ACCEPT,simple,four_mode_relocalization_v2,0.0,0,0,0,True,0,1,2.564211405325324,0,0,restarted_se3,0,46.63150291889906,4.003689624369144,0,1215,cache_read_only_not_online_fps,b18588ca73eff0bed9b27155081eb3c6df55568f77c0b4b80229d1c92a313cef,cached_perception_v2,0,0,0,,,0,0.0,0,23.76703266054392,0.7741721346974373,51.40936467796564,137.85127806482515,137.81411565272535,137.85127806482515,137.8531469146526,2.6162731148207374,137.85127806482515
cracker_box_yalehand0_black10_5,1215,3.525291303892751,3.6127671064379467,1.7408134715228254,1.7785643314811173,0.06254823852591748,0.06390464450039801,0.7946843853820601,0.7946843853820601,0.0874758025451956,0.03775085995829186,MODE_1_ACCEPT,simple,four_mode_relocalization_v2,0.0,0,0,0,True,0,1,3.525291303892751,0,0,restarted_se3,0,45.828535221517086,3.358212299644947,0,1216,cache_read_only_not_online_fps,b18588ca73eff0bed9b27155081eb3c6df55568f77c0b4b80229d1c92a313cef,cached_perception_v2,0,0,0,,,0,0.0,0,20.47610469162464,0.8497824892401695,50.0365300104022,136.90523286095646,136.84178351473062,136.90523286095646,136.90728149681138,3.525291303892751,136.90523286095646
cracker_box_yalehand0_black10_5,1216,4.154028054309625,4.811756801113556,1.7830796087094098,1.7680416318693426,0.06406688051344933,0.06352655900415119,0.7946843853820601,0.7946843853820601,0.6577287468039312,-0.015037976840067246,MODE_1_ACCEPT,simple,four_mode_relocalization_v2,0.0,0,0,0,True,0,1,4.154028054309625,0,0,restarted_se3,0,46.508556231856346,2.9488932341337204,0,1217,cache_read_only_not_online_fps,b18588ca73eff0bed9b27155081eb3c6df55568f77c0b4b80229d1c92a313cef,cached_perception_v2,0,0,0,,,0,0.0,0,21.969911642372608,0.8045490831136703,50.26199854910374,135.80246185589556,135.80253284208226,135.80246185589556,135.80464951717806,4.154028054309625,135.80246185589556
cracker_box_yalehand0_black10_5,1217,4.6415426831122994,4.741490915757923,1.7920057661941764,1.7920010919933098,0.06438760150774901,0.06438743356153565,0.7946843853820601,0.7946843853820601,0.09994823264562314,-4.674200866583433e-06,MODE_1_ACCEPT,simple,four_mode_relocalization_v2,0.0,0,0,0,True,0,1,4.6415426831122994,0,0,restarted_se3,0,46.6053606942296,2.7849748730659485,0,1218,cache_read_only_not_online_fps,b18588ca73eff0bed9b27155081eb3c6df55568f77c0b4b80229d1c92a313cef,cached_perception_v2,0,0,0,,,0,0.0,0,21.415775641798973,0.8863545954227448,50.276690162718296,134.78654998078625,134.84316439733232,134.78654998078625,134.78884227625196,4.6415426831122994,134.78654998078625
cracker_box_yalehand0_black10_5,1218,4.925567589221313,5.033106632996395,1.7829542515702825,1.7876364490897887,0.06406237637307627,0.06423060990990623,0.7946843853820601,0.7946843853820601,0.10753904377508228,0.004682197519506159,MODE_3_RELOCALIZE,simple,four_mode_relocalization_v2,,0,0,0,False,1,1,4.925567589221313,0,0,restarted_se3,1,47.73970693349838,3.1727738678455353,0,1219,cache_read_only_not_online_fps,b18588ca73eff0bed9b27155081eb3c6df55568f77c0b4b80229d1c92a313cef,cached_perception_v2,1,1,1,0.28673712329936546,,1,2501.348216086626,0,21.012045443058014,2501.348216086626,2552.26069688797,133.67358405055288,133.8503737877856,133.67358405055288,133.70369933590075,0.28673712329936546,133.67358405055288
cracker_box_yalehand0_black10_5,1219,0.8431096560765137,5.26376353060909,0.9929272691813579,1.3234752009708668,0.035676339072281314,0.04755308015915532,0.0891009055627426,0.7946843853820601,4.420653874532576,0.3305479317895089,MODE_1_ACCEPT,simple,four_mode_relocalization_v2,0.0,0,0,0,False,0,0,0.8431096560765137,0,0,restarted_se3,0,49.04322139918804,2.031269483268261,0,1220,cache_read_only_not_online_fps,b18588ca73eff0bed9b27155081eb3c6df55568f77c0b4b80229d1c92a313cef,cached_perception_v2,0,0,0,,,0,0.0,0,20.828060805797577,0.8223475888371468,51.89683847129345,132.5187859419936,132.67145238527345,132.5187859419936,132.52139837014022,0.8431096560765137,132.5187859419936
cracker_box_yalehand0_black10_5,1220,1.0492990938051097,1.5065261129436003,1.094901990429752,1.292177336337761,0.03934033828448804,0.04642853331111715,0.3888888888888889,0.7946843853820601,0.4572270191384906,0.19727534590800921,MODE_3_RELOCALIZE,simple,four_mode_relocalization_v2,,0,0,0,False,1,1,1.0492990938051097,0,0,restarted_se3,1,46.835352666676044,2.628096379339695,0,1221,cache_read_only_not_online_fps,b18588ca73eff0bed9b27155081eb3c6df55568f77c0b4b80229d1c92a313cef,cached_perception_v2,1,1,1,0.38094673115293165,,1,2497.569788247347,0,21.207688376307487,2497.569788247347,2547.0332372933626,131.50327740835306,131.55171937127625,131.50327740835306,131.505943152038,0.38094673115293165,131.39711877439152
cracker_box_yalehand0_black10_5,1221,0.7045832633955824,1.037817004034703,0.9601205024459938,0.9864729405095385,0.03449757666918902,0.03544443203807364,0.0891009055627426,0.0891009055627426,0.3332337406391206,0.026352438063544703,MODE_1_ACCEPT,simple,four_mode_relocalization_v2,0.0,0,0,0,False,0,0,0.7045832633955824,0,0,restarted_se3,0,47.79072292149067,2.382146194577217,0,1222,cache_read_only_not_online_fps,b18588ca73eff0bed9b27155081eb3c6df55568f77c0b4b80229d1c92a313cef,cached_perception_v2,0,0,0,,,0,0.0,0,24.054196663200855,0.7586991414427757,50.93156825751066,130.76621097855156,130.78066446251134,130.76621097855156,130.7689159546819,0.7045832633955824,130.66228291172598
cracker_box_yalehand0_black10_5,1222,0.9518720876296559,1.29849640273875,1.2602618541810655,1.3286460217297176,0.045281795177903844,0.04773887015646987,0.7946843853820601,0.7946843853820601,0.3466243151090941,0.06838416754865206,MODE_1_ACCEPT,simple,four_mode_relocalization_v2,0.0,0,0,0,True,0,0,0.9518720876296559,0,0,restarted_se3,0,47.65723645687103,2.4824775755405426,0,1223,cache_read_only_not_online_fps,b18588ca73eff0bed9b27155081eb3c6df55568f77c0b4b80229d1c92a313cef,cached_perception_v2,0,0,0,,,0,0.0,0,21.132451482117176,0.8394550532102585,50.979169085621834,130.23988934607175,130.27897113197832,130.23988934607175,130.24259674946336,0.9518720876296559,130.23988934607175
cracker_box_yalehand0_black10_5,1223,1.6099958410725768,1.5601697595222956,1.6036345196079247,1.5755400141577622,0.05761933491535275,0.05660988625418906,0.7946843853820601,0.7946843853820601,-0.04982608155028112,-0.028094505450162455,MODE_3_RELOCALIZE,simple,four_mode_relocalization_v2,,0,0,0,False,1,1,1.5601697595222956,0,0,restarted_se3,1,50.40943622589111,2.7800826355814934,0,1224,cache_read_only_not_online_fps,b18588ca73eff0bed9b27155081eb3c6df55568f77c0b4b80229d1c92a313cef,cached_perception_v2,1,1,1,0.4096390563146984,,1,2516.723676584661,0,21.618193946778774,2516.723676584661,2569.9131954461336,129.6771678392593,129.71847338758678,129.6771678392593,129.67987727819897,0.4096390563146984,129.6771678392593
cracker_box_yalehand0_black10_5,1224,0.8443270189861052,1.1372305342289224,1.1431884085369135,1.0812628843023242,0.041075291768439944,0.03885027885118622,0.7272727272727273,0.3888888888888889,0.2929035152428172,-0.0619255242345893,MODE_1_ACCEPT,simple,four_mode_relocalization_v2,0.0,0,0,0,True,0,0,0.8443270189861052,0,0,restarted_se3,0,46.89973499625921,3.7946105003356934,0,1225,cache_read_only_not_online_fps,b18588ca73eff0bed9b27155081eb3c6df55568f77c0b4b80229d1c92a313cef,cached_perception_v2,0,0,0,,,0,0.0,0,20.896973088383675,0.8469447493553162,51.54129024595022,129.7055930370448,129.54406518578833,129.7055930370448,129.70826486638015,0.8443270189861052,129.37999478134964
cracker_box_yalehand0_black10_5,1225,1.3023996188949087,1.4656003970595541,1.5828867622842522,1.6174799085849603,0.05687385833489886,0.05811680618748288,0.7946843853820601,0.7946843853820601,0.1632007781646454,0.03459314630070809,MODE_3_RELOCALIZE,simple,four_mode_relocalization_v2,,0,0,0,False,1,1,1.3023996188949087,0,0,restarted_se3,1,46.4793024584651,2.932606264948845,0,1226,cache_read_only_not_online_fps,b18588ca73eff0bed9b27155081eb3c6df55568f77c0b4b80229d1c92a313cef,cached_perception_v2,1,1,1,0.47748146600698543,,1,2510.05120575428,0,20.470098592340946,2510.05120575428,2559.463114477694,130.03707589544206,129.7291870392995,130.03707589544206,130.03971521543687,0.47748146600698543,129.15920367526545
cracker_box_yalehand0_black10_5,1226,0.5991452097255959,1.1415519333827702,1.1127948085921802,1.054785697819242,0.03998323557166575,0.03789894121350681,0.5956986728951228,0.24242424242424243,0.5424067236571742,-0.05800911077293813,MODE_1_ACCEPT,simple,four_mode_relocalization_v2,0.0,0,0,0,False,0,0,0.5991452097255959,0,0,restarted_se3,0,47.84874804317951,1.8367758020758629,0,1227,cache_read_only_not_online_fps,b18588ca73eff0bed9b27155081eb3c6df55568f77c0b4b80229d1c92a313cef,cached_perception_v2,0,0,0,,,0,0.0,0,20.64722217619419,0.905502587556839,50.591026432812214,129.8845548915322,129.90178046006832,129.8845548915322,129.9073974290222,0.5991452097255959,128.94100863620764
cracker_box_yalehand0_black10_5,1227,0.9493152956947526,1.2031550522680785,1.2801046713865447,1.210566718437623,0.04599475683858583,0.04349622581340462,0.7946843853820601,0.7946843853820601,0.2538397565733259,-0.06953795294892173,MODE_3_RELOCALIZE,simple,four_mode_relocalization_v2,,0,0,0,False,1,0,0.9493152956947526,0,0,restarted_se3,1,46.628737822175026,2.419915981590748,0,1228,cache_read_only_not_online_fps,b18588ca73eff0bed9b27155081eb3c6df55568f77c0b4b80229d1c92a313cef,cached_perception_v2,1,1,1,0.3733166260043928,,1,2511.332591995597,0,21.30739390850067,2511.332591995597,2560.3812457993627,129.96668481120548,130.0963151059765,129.96668481120548,129.96923390781987,0.3733166260043928,128.89522390689322
cracker_box_yalehand0_black10_5,1228,0.7473602592112233,1.0658935788066184,1.2557011582361153,1.0574128834755805,0.04511792724921681,0.037993337217313454,0.7946843853820601,0.24242424242424243,0.3185333195953951,-0.1982882747605348,MODE_3_RELOCALIZE,simple,four_mode_relocalization_v2,,0,0,0,False,1,0,0.7473602592112233,0,0,restarted_se3,1,46.42572999000549,2.1705981343984604,0,1229,cache_read_only_not_online_fps,b18588ca73eff0bed9b27155081eb3c6df55568f77c0b4b80229d1c92a313cef,cached_perception_v2,1,1,1,0.3753282271878709,,1,2509.88697540015,0,22.576970979571342,2509.88697540015,2558.483303524554,130.16977571923098,130.15993896223947,130.16977571923098,130.17228718471426,0.3753282271878709,128.72745909010536
cracker_box_yalehand0_black10_5,1229,0.8288307892583585,0.40816456830995457,1.1276197419226923,1.013319240012573,0.040515902328476024,0.03640903207841289,0.66,0.0891009055627426,-0.42066622094840395,-0.11430050191011931,MODE_1_ACCEPT,simple,four_mode_relocalization_v2,0.0,0,0,0,False,0,0,0.40816456830995457,0,0,restarted_se3,0,47.703870572149754,2.7142222970724106,0,1230,cache_read_only_not_online_fps,b18588ca73eff0bed9b27155081eb3c6df55568f77c0b4b80229d1c92a313cef,cached_perception_v2,0,0,0,,,0,0.0,0,21.105420775711536,0.9548021480441093,51.37289501726627,130.7784302650154,130.60523896109171,130.7784302650154,130.78080768715742,0.8288307892583585,128.70045295708726
cracker_box_yalehand0_black10_5,1230,0.7161719628047123,1.4189020479176448,1.1534097184102434,1.561205579825804,0.04144254819106234,0.056094843354765084,0.7946843853820601,0.7946843853820601,0.7027300851129326,0.40779586141556057,MODE_1_ACCEPT,simple,four_mode_relocalization_v2,0.0,0,0,0,True,0,0,0.7161719628047123,0,0,restarted_se3,0,47.23202716559172,3.8784965872764587,0,1231,cache_read_only_not_online_fps,b18588ca73eff0bed9b27155081eb3c6df55568f77c0b4b80229d1c92a313cef,cached_perception_v2,0,0,0,,,0,0.0,0,20.938828587532043,1.0517025366425514,52.16222628951073,130.8787580113952,130.84589907371029,130.8787580113952,130.88096428137078,0.7161719628047123,128.2935231618703
cracker_box_yalehand0_black10_5,1231,1.000807604148938,0.8152924408255265,1.3139766108930047,1.25504673834423,0.047211791395270514,0.045094413637814246,0.7946843853820601,0.7946843853820601,-0.18551516332341145,-0.058929872548774576,MODE_1_ACCEPT,simple,four_mode_relocalization_v2,0.0,0,0,0,True,0,0,0.8152924408255265,0,0,restarted_se3,0,47.3407618701458,4.080538637936115,0,1232,cache_read_only_not_online_fps,b18588ca73eff0bed9b27155081eb3c6df55568f77c0b4b80229d1c92a313cef,cached_perception_v2,0,0,0,,,0,0.0,0,20.566122606396675,0.9510209783911705,52.37232148647308,130.8762388122209,130.94060304192396,130.8762388122209,130.87816950194377,1.000807604148938,127.72056654347146
cracker_box_yalehand0_black10_5,1232,1.4060358794685204,1.3189619972021964,1.520854873559388,1.5801568416413403,0.05464502369198801,0.056775771015192905,0.7946843853820601,0.7946843853820601,-0.08707388226632395,0.059301968081952205,MODE_1_ACCEPT,simple,four_mode_relocalization_v2,0.0,0,0,0,True,0,1,1.3189619972021964,0,0,restarted_se3,0,44.17403694242239,4.030636511743069,0,1233,cache_read_only_not_online_fps,b18588ca73eff0bed9b27155081eb3c6df55568f77c0b4b80229d1c92a313cef,cached_perception_v2,0,0,0,,,0,0.0,0,21.012010984122753,1.0261144489049911,49.23078790307045,130.54914332944648,130.74239562202337,130.54914332944648,130.55089942914438,1.4060358794685204,127.05403184685227
cracker_box_yalehand0_black10_5,1233,1.4870058871292071,1.7846626225071986,1.619967017497309,1.7020436730684656,0.05820616916866056,0.06115522161687224,0.7946843853820601,0.7946843853820601,0.29765673537799153,0.08207665557115651,MODE_1_ACCEPT,simple,four_mode_relocalization_v2,0.0,0,0,0,True,0,1,1.4870058871292071,0,0,restarted_se3,0,47.165822237730026,4.555258899927139,0,1234,cache_read_only_not_online_fps,b18588ca73eff0bed9b27155081eb3c6df55568f77c0b4b80229d1c92a313cef,cached_perception_v2,0,0,0,,,0,0.0,0,20.8718478679657,1.0688286274671555,52.78990976512432,130.1873607579963,130.34081124649015,130.1873607579963,130.18879828140942,1.4870058871292071,126.36195646342496
cracker_box_yalehand0_black10_5,1234,2.0118194614834177,1.5319264908548662,1.7345767863793455,1.6884025471325468,0.06232415152501429,0.060665089610910945,0.7946843853820601,0.7946843853820601,-0.4798929706285515,-0.046174239246798754,MODE_1_ACCEPT,simple,four_mode_relocalization_v2,0.0,0,0,0,True,0,1,1.5319264908548662,0,0,restarted_se3,0,47.93980345129967,4.227407276630402,0,1235,cache_read_only_not_online_fps,b18588ca73eff0bed9b27155081eb3c6df55568f77c0b4b80229d1c92a313cef,cached_perception_v2,0,0,0,,,0,0.0,0,21.088900975883007,1.131274737417698,53.29848546534777,129.36842911787463,129.45276990152783,129.36842911787463,129.36956606093906,2.0118194614834177,125.35400199427089
cracker_box_yalehand0_black10_5,1235,2.6055450469331176,2.6829741690350284,1.849383674444188,1.7920576898498721,0.0664492164653817,0.06438946714887296,0.9274193548387096,0.7946843853820601,0.07742912210191077,-0.057325984594315926,MODE_1_ACCEPT,simple,four_mode_relocalization_v2,0.0,0,0,0,True,0,1,2.6055450469331176,0,0,restarted_se3,0,47.494891099631786,3.123299218714237,0,1236,cache_read_only_not_online_fps,b18588ca73eff0bed9b27155081eb3c6df55568f77c0b4b80229d1c92a313cef,cached_perception_v2,0,0,0,,,0,0.0,0,21.897220984101295,2.1028807386755943,52.72107105702162,129.1044040597355,129.01456996422093,129.1044040597355,129.1053199911377,2.6055450469331176,124.78206003512989
cracker_box_yalehand0_black10_5,1236,3.743643001873883,3.300956126786418,1.8710538376895498,1.875436823730549,0.06722783552005891,0.06738531824915818,0.9274193548387096,0.9274193548387096,-0.44268687508746485,0.004382986040999182,MODE_1_ACCEPT,simple,four_mode_relocalization_v2,0.0,0,0,0,True,0,1,3.300956126786418,0,0,restarted_se3,0,45.220620930194855,3.628356382250786,0,1237,cache_read_only_not_online_fps,b18588ca73eff0bed9b27155081eb3c6df55568f77c0b4b80229d1c92a313cef,cached_perception_v2,0,0,0,,,0,0.0,0,22.043350152671337,1.6820253804326057,50.531002692878246,128.5587700643799,128.5268307268978,128.5587700643799,128.55978956568438,3.743643001873883,124.26314481751865
cracker_box_yalehand0_black10_5,1237,4.7629924237911,4.890394292930109,1.8838111302345413,1.8723834024598602,0.06768621098078591,0.06727560740127964,0.9274193548387096,0.9274193548387096,0.12740186913900953,-0.01142772777468104,MODE_3_RELOCALIZE,simple,four_mode_relocalization_v2,,0,0,0,False,1,1,4.7629924237911,0,0,restarted_se3,1,45.343153178691864,2.9015084728598595,0,1238,cache_read_only_not_online_fps,b18588ca73eff0bed9b27155081eb3c6df55568f77c0b4b80229d1c92a313cef,cached_perception_v2,1,1,1,0.5960547442059368,,1,2506.573828868568,0,22.83359132707119,2506.573828868568,2554.8184905201197,128.0059840078356,128.0066530501923,128.0059840078356,128.00707749695172,0.5960547442059368,123.73851171346169
cracker_box_yalehand0_black10_5,1238,0.7396139996002167,3.7311477271858275,1.1500259025836503,2.011135143442001,0.041320966112963896,0.072261022055295,0.7272727272727273,0.9274193548387096,2.991533727585611,0.8611092408583505,MODE_3_RELOCALIZE,simple,four_mode_relocalization_v2,,0,0,0,False,1,0,0.7396139996002167,0,0,restarted_se3,1,50.40307156741619,2.064586617052555,0,1239,cache_read_only_not_online_fps,b18588ca73eff0bed9b27155081eb3c6df55568f77c0b4b80229d1c92a313cef,cached_perception_v2,1,1,1,0.6072843015615343,,1,2503.1104842200875,0,20.67994698882103,2503.1104842200875,2555.5781424045563,127.71700962318677,127.89070923519941,127.71700962318677,127.71816544485948,0.6072843015615343,123.74826438825576
cracker_box_yalehand0_black10_5,1239,0.8281301755453611,0.5642292851336616,1.152871819531813,1.0673524956052738,0.041423221233923474,0.03835047210885316,0.7946843853820601,0.24242424242424243,-0.2639008904116995,-0.08551932392653927,MODE_1_ACCEPT,simple,four_mode_relocalization_v2,0.0,0,0,0,False,0,0,0.5642292851336616,0,0,restarted_se3,0,48.81526716053486,4.012939520180225,0,1240,cache_read_only_not_online_fps,b18588ca73eff0bed9b27155081eb3c6df55568f77c0b4b80229d1c92a313cef,cached_perception_v2,0,0,0,,,0,0.0,0,20.506001077592373,1.1934870854020119,54.021693766117096,126.9147522121307,127.02290067772346,126.9147522121307,126.91593146301831,0.8281301755453611,123.15167605030419
cracker_box_yalehand0_black10_5,1240,1.080303499127698,1.2518638894783887,1.2767895140464003,1.3251622784725687,0.04587564169187175,0.04761369763926698,0.7946843853820601,0.7946843853820601,0.1715603903506906,0.048372764426168446,MODE_3_RELOCALIZE,simple,four_mode_relocalization_v2,,0,0,0,False,1,1,1.080303499127698,0,0,restarted_se3,1,45.918683521449566,2.5022905319929123,0,1241,cache_read_only_not_online_fps,b18588ca73eff0bed9b27155081eb3c6df55568f77c0b4b80229d1c92a313cef,cached_perception_v2,1,1,1,0.5851508595099573,,1,2507.593964226544,0,21.49803377687931,2507.593964226544,2556.0149382799864,126.03712706392234,126.03999344850436,126.03712706392234,126.03840598648668,0.5851508595099573,122.35382599129983
cracker_box_yalehand0_black10_5,1241,0.5575675790473621,1.5656209519292061,1.1622303596737649,1.093429572411837,0.04175947793840607,0.039287433619570766,0.7946843853820601,0.3888888888888889,1.008053372881844,-0.06880078726192784,MODE_1_ACCEPT,simple,four_mode_relocalization_v2,0.0,0,0,0,True,0,0,0.5575675790473621,0,0,restarted_se3,0,47.98859264701605,2.6374608278274536,0,1242,cache_read_only_not_online_fps,b18588ca73eff0bed9b27155081eb3c6df55568f77c0b4b80229d1c92a313cef,cached_perception_v2,0,0,0,,,0,0.0,0,20.631900057196617,1.4136889949440956,52.0397424697876,125.31642154461946,125.16321748042483,125.31642154461946,125.31778383290447,0.5575675790473621,121.5210399633135
cracker_box_yalehand0_black10_5,1242,0.9732021533746286,1.4849224060641222,1.1865315009604387,1.3855038694114892,0.042632629259047705,0.049781799095754045,0.7946843853820601,0.7946843853820601,0.5117202526894936,0.19897236845105049,MODE_3_RELOCALIZE,simple,four_mode_relocalization_v2,,0,0,0,False,1,0,0.9732021533746286,0,0,restarted_se3,1,44.93988584727049,2.680942416191101,0,1243,cache_read_only_not_online_fps,b18588ca73eff0bed9b27155081eb3c6df55568f77c0b4b80229d1c92a313cef,cached_perception_v2,1,1,1,0.4912005403101164,,1,2498.970936052501,0,21.23767603188753,2498.970936052501,2546.591764315963,126.18789512820308,125.96452496384126,126.18789512820308,126.18930577819289,0.4912005403101164,122.2082260127006
cracker_box_yalehand0_black10_5,1243,0.6780538318759,1.4769672844529629,1.1623775188391645,1.1087397488315727,0.041764765435733764,0.039837535386498035,0.7946843853820601,0.5121951219512195,0.7989134525770629,-0.053637770007591845,MODE_1_ACCEPT,simple,four_mode_relocalization_v2,0.0,0,0,0,True,0,0,0.6780538318759,0,0,restarted_se3,0,45.53647246211767,3.2552815973758698,0,1244,cache_read_only_not_online_fps,b18588ca73eff0bed9b27155081eb3c6df55568f77c0b4b80229d1c92a313cef,cached_perception_v2,0,0,0,,,0,0.0,0,21.699460223317146,0.7462287321686745,49.537982791662216,125.80525966537806,125.6157602316221,125.80525966537806,125.80674792344514,0.6780538318759,121.42499000134288
cracker_box_yalehand0_black10_5,1244,0.8067356682972068,1.2557282434328614,1.2167657533776388,1.3100816973269245,0.04371896002496804,0.047071845337433596,0.7946843853820601,0.7946843853820601,0.4489925751356546,0.09331594394928566,MODE_1_ACCEPT,simple,four_mode_relocalization_v2,0.0,0,0,0,True,0,0,0.8067356682972068,0,0,restarted_se3,0,45.75681779533625,2.4996930733323097,0,1245,cache_read_only_not_online_fps,b18588ca73eff0bed9b27155081eb3c6df55568f77c0b4b80229d1c92a313cef,cached_perception_v2,0,0,0,,,0,0.0,0,21.406925283372402,0.7848097011446953,49.04132056981325,125.15203943994537,125.2993019763723,125.15203943994537,125.15350002083683,0.8067356682972068,120.70331164792563
cracker_box_yalehand0_black10_5,1245,1.2968069208647552,1.3810149799539566,1.4581460907925876,1.3861615147215098,0.05239186793099966,0.049805428597931925,0.7946843853820601,0.7946843853820601,0.08420805908920137,-0.07198457607107778,MODE_1_ACCEPT,simple,four_mode_relocalization_v2,0.0,0,0,0,True,0,1,1.2968069208647552,0,0,restarted_se3,0,46.65980115532875,2.2235214710235596,0,1246,cache_read_only_not_online_fps,b18588ca73eff0bed9b27155081eb3c6df55568f77c0b4b80229d1c92a313cef,cached_perception_v2,0,0,0,,,0,0.0,0,21.94475382566452,0.7474105805158615,49.63073320686817,125.95269314275086,126.01358831230786,125.95269314275086,125.95420413784298,1.2968069208647552,120.99261251994645
cracker_box_yalehand0_black10_5,1246,1.9318767524733926,1.857250878338123,1.6667476623930728,1.6875642951397944,0.05988701952006371,0.060634970826535024,0.7946843853820601,0.7946843853820601,-0.07462587413526967,0.02081663274672163,MODE_3_RELOCALIZE,simple,four_mode_relocalization_v2,,0,0,0,False,1,1,1.857250878338123,0,0,restarted_se3,1,46.865482814610004,1.8307585269212723,0,1247,cache_read_only_not_online_fps,b18588ca73eff0bed9b27155081eb3c6df55568f77c0b4b80229d1c92a313cef,cached_perception_v2,1,1,1,0.8722724725161555,,1,2501.2415293604136,0,20.890777930617332,2501.2415293604136,2549.937770701945,126.4755727699461,126.63266757756612,126.4755727699461,126.47710578418364,0.8722724725161555,121.28940554752865
cracker_box_yalehand0_black10_5,1247,0.7041692971064762,1.9131005634298828,1.1719331458341615,1.532792646111935,0.04210810356260668,0.055073953417831445,0.7946843853820601,0.7946843853820601,1.2089312663234066,0.36085950027777347,MODE_3_RELOCALIZE,simple,four_mode_relocalization_v2,,0,0,0,False,1,0,0.7041692971064762,0,0,restarted_se3,1,45.99445220082998,2.15862225741148,0,1248,cache_read_only_not_online_fps,b18588ca73eff0bed9b27155081eb3c6df55568f77c0b4b80229d1c92a313cef,cached_perception_v2,1,1,1,0.6430239966180199,,1,2499.2192033678293,0,21.277135238051414,2499.2192033678293,2547.372277826071,125.08719639753498,125.3013821490915,125.08719639753498,125.0887839722931,0.6430239966180199,119.77185044002434
cracker_box_yalehand0_black10_5,1248,0.6752554154299852,0.6911229668554941,1.128329372793241,1.1039609563360038,0.040541399696047295,0.03966583114720511,0.66,0.3888888888888889,0.015867551425508886,-0.024368416457237307,MODE_3_RELOCALIZE,simple,four_mode_relocalization_v2,,0,0,0,False,1,0,0.6752554154299852,0,0,restarted_se3,1,49.95866119861603,2.161364071071148,0,1249,cache_read_only_not_online_fps,b18588ca73eff0bed9b27155081eb3c6df55568f77c0b4b80229d1c92a313cef,cached_perception_v2,1,1,1,0.6009188246753523,,1,2524.332070723176,0,14.339162968099117,2524.332070723176,2576.452095992863,125.17813148464485,125.1495530987202,125.17813148464485,125.17979507091495,0.6009188246753523,119.41880379163341
cracker_box_yalehand0_black10_5,1249,0.6874688616070631,0.5376397377321821,1.1952560021124237,1.1552208824428651,0.04294610464742267,0.041507624158002604,0.7946843853820601,0.7946843853820601,-0.149829123874881,-0.04003511966955853,MODE_3_RELOCALIZE,simple,four_mode_relocalization_v2,,0,0,0,False,1,0,0.5376397377321821,0,0,restarted_se3,1,48.10750111937523,1.7911670729517937,0,1250,cache_read_only_not_online_fps,b18588ca73eff0bed9b27155081eb3c6df55568f77c0b4b80229d1c92a313cef,cached_perception_v2,1,1,1,0.7367315888992629,,1,2498.378550633788,0,21.195445209741592,2498.378550633788,2548.277218826115,125.00647617602401,124.80519150575915,125.00647617602401,125.00814403095026,0.7367315888992629,118.59122571403613
cracker_box_yalehand0_black10_5,1250,0.5538437128999245,0.7117268757819847,1.2227935669793928,1.1527078958361394,0.04393554217412987,0.04141733137921775,0.7946843853820601,0.7946843853820601,0.15788316288206017,-0.07008567114325337,MODE_3_RELOCALIZE,simple,four_mode_relocalization_v2,,0,0,0,False,1,0,0.5538437128999245,0,0,restarted_se3,1,45.825050212442875,1.6166036948561668,0,1251,cache_read_only_not_online_fps,b18588ca73eff0bed9b27155081eb3c6df55568f77c0b4b80229d1c92a313cef,cached_perception_v2,1,1,1,0.6509039488195029,,1,2491.775594651699,0,20.990950986742973,2491.775594651699,2539.217248558998,125.20089188969483,125.01238652528394,125.20089188969483,125.20254196814993,0.6509039488195029,118.1102085423223
cracker_box_yalehand0_black10_5,1251,0.5842776665690095,0.5840030381278911,1.3366366756726662,1.1443821155175737,0.048025978072956985,0.04111818221602539,0.7946843853820601,0.7272727272727273,-0.00027462844111836304,-0.19225456015509246,MODE_3_RELOCALIZE,simple,four_mode_relocalization_v2,,0,0,0,False,1,0,0.5840030381278911,0,0,restarted_se3,1,48.420583829283714,2.3545389994978905,0,1252,cache_read_only_not_online_fps,b18588ca73eff0bed9b27155081eb3c6df55568f77c0b4b80229d1c92a313cef,cached_perception_v2,1,1,1,0.41030664576763864,,1,2505.265331827104,0,20.578591153025627,2505.265331827104,2556.0404546558857,125.40740161058548,125.2566985887427,125.40740161058548,125.40902819108162,0.41030664576763864,117.44966364690674
cracker_box_yalehand0_black10_5,1252,0.5895678467880894,0.41218203721242314,1.3413600458563646,1.2735964835845337,0.04819569096278069,0.04576091462075445,0.7946843853820601,0.7946843853820601,-0.17738580957566624,-0.06776356227183089,MODE_3_RELOCALIZE,simple,four_mode_relocalization_v2,,0,0,0,False,1,0,0.41218203721242314,0,0,restarted_se3,1,47.30883799493313,2.1594706922769547,0,1253,cache_read_only_not_online_fps,b18588ca73eff0bed9b27155081eb3c6df55568f77c0b4b80229d1c92a313cef,cached_perception_v2,1,1,1,0.3783181828462073,,1,2509.471424855292,0,20.95193602144718,2509.471424855292,2558.939733542502,125.27848577044962,125.30309193092602,125.27848577044962,125.28015777749262,0.3783181828462073,116.77965731278069
cracker_box_yalehand0_black10_5,1253,0.7989823675491392,0.6902293770006466,1.4500125810434559,1.2037353679531588,0.05209962713888508,0.04325077220993347,0.7946843853820601,0.7946843853820601,-0.10875299054849263,-0.24627721309029704,MODE_3_RELOCALIZE,simple,four_mode_relocalization_v2,,0,0,0,False,1,0,0.6902293770006466,0,0,restarted_se3,1,47.90122713893652,1.9298093393445015,0,1254,cache_read_only_not_online_fps,b18588ca73eff0bed9b27155081eb3c6df55568f77c0b4b80229d1c92a313cef,cached_perception_v2,1,1,1,0.6577745830460838,,1,2511.405342258513,0,21.048864349722862,2511.405342258513,2561.236378736794,124.12948668395727,124.27167617457795,124.12948668395727,124.13142257059846,0.6577745830460838,115.9446982582143
cracker_box_yalehand0_black10_5,1254,1.1969582179451324,0.4141688743394045,1.674813443683518,1.1447405135562712,0.060176826797124425,0.04113105962442001,0.7946843853820601,0.7272727272727273,-0.7827893436057278,-0.5300729301272469,MODE_3_RELOCALIZE,simple,four_mode_relocalization_v2,,0,0,0,False,1,0,0.4141688743394045,0,0,restarted_se3,1,45.994069427251816,2.426404505968094,0,1255,cache_read_only_not_online_fps,b18588ca73eff0bed9b27155081eb3c6df55568f77c0b4b80229d1c92a313cef,cached_perception_v2,1,1,1,0.5588862970487019,,1,2509.4836857169867,0,22.00165204703808,2509.4836857169867,2557.9041596502066,122.26655153039474,122.24374669939932,122.26655153039474,122.26883168830423,0.5588862970487019,114.71874581674297
cracker_box_yalehand0_black10_5,1255,1.2079725074853733,0.5117563851312807,1.6905175635389849,1.1607243199058446,0.0607410831351111,0.04170536522835737,0.7946843853820601,0.7946843853820601,-0.6962161223540926,-0.5297932436331403,MODE_3_RELOCALIZE,simple,four_mode_relocalization_v2,,0,0,0,False,1,0,0.5117563851312807,0,0,restarted_se3,1,46.78463190793991,2.20508873462677,0,1256,cache_read_only_not_online_fps,b18588ca73eff0bed9b27155081eb3c6df55568f77c0b4b80229d1c92a313cef,cached_perception_v2,1,1,1,0.5408084768264397,,1,2504.3206633999944,0,20.50837967544794,2504.3206633999944,2553.310384042561,120.17495237163025,120.22025704589228,120.17495237163025,120.17744838505757,0.5408084768264397,113.74091575698351
cracker_box_yalehand0_black10_5,1256,1.2822583910281076,0.616035794319066,1.6364702324954843,1.233245804641838,0.05879913736717029,0.04431109593973136,0.7946843853820601,0.7946843853820601,-0.6662225967090416,-0.4032244278536463,MODE_3_RELOCALIZE,simple,four_mode_relocalization_v2,,0,0,0,False,1,0,0.616035794319066,0,0,restarted_se3,1,46.724963933229446,2.3153554648160934,0,1257,cache_read_only_not_online_fps,b18588ca73eff0bed9b27155081eb3c6df55568f77c0b4b80229d1c92a313cef,cached_perception_v2,1,1,1,0.5559540747838555,,1,2502.7056373655796,0,21.953853778541088,2502.7056373655796,2551.745956763625,118.26222644712678,118.26617583865313,118.26222644712678,118.26490251495699,0.5559540747838555,112.92795252454977
cracker_box_yalehand0_black10_5,1257,1.4536863200161831,0.593433093581302,1.7574411130836851,1.385191604609715,0.06314567742875543,0.04977057927604095,0.7946843853820601,0.7946843853820601,-0.8602532264348811,-0.3722495084739701,MODE_3_RELOCALIZE,simple,four_mode_relocalization_v2,,0,0,0,False,1,0,0.593433093581302,0,0,restarted_se3,1,45.20162753760815,2.3008817806839943,0,1258,cache_read_only_not_online_fps,b18588ca73eff0bed9b27155081eb3c6df55568f77c0b4b80229d1c92a313cef,cached_perception_v2,1,1,1,0.4746632248826506,,1,2508.41345731169,0,21.18461485952139,2508.41345731169,2555.915966629982,115.91887681882787,116.02879195937402,115.91887681882787,115.92175181271693,0.4746632248826506,111.85619042994533
cracker_box_yalehand0_black10_5,1258,1.2583267155762072,0.4916669353676864,1.6102463492361265,1.231725656454433,0.057856901032253105,0.04425647630760192,0.7946843853820601,0.7946843853820601,-0.7666597802085209,-0.37852069278169354,MODE_3_RELOCALIZE,simple,four_mode_relocalization_v2,,0,0,0,False,1,0,0.4916669353676864,0,0,restarted_se3,1,45.63117120414972,1.7921850085258484,0,1259,cache_read_only_not_online_fps,b18588ca73eff0bed9b27155081eb3c6df55568f77c0b4b80229d1c92a313cef,cached_perception_v2,1,1,1,0.37601173327323023,,1,2509.0121421962976,0,21.466434933245182,2509.0121421962976,2556.435498408973,113.77123564750302,113.93866942649274,113.77123564750302,113.77425643532194,0.37601173327323023,110.85579735894812
cracker_box_yalehand0_black10_5,1259,1.2644611162023092,0.3464797281450635,1.603120013166859,1.2799529093036115,0.05760084845937954,0.04598930395628811,0.7946843853820601,0.7946843853820601,-0.9179813880572456,-0.32316710386324754,MODE_3_RELOCALIZE,simple,four_mode_relocalization_v2,,0,0,0,False,1,0,0.3464797281450635,0,0,restarted_se3,1,47.234173864126205,2.037888392806053,0,1260,cache_read_only_not_online_fps,b18588ca73eff0bed9b27155081eb3c6df55568f77c0b4b80229d1c92a313cef,cached_perception_v2,1,1,1,0.43644900866748754,,1,2513.752960599959,0,21.518683061003685,2513.752960599959,2563.025022856891,111.64106058030691,111.66957722753858,111.64106058030691,111.64413117041563,0.43644900866748754,109.50495294817337
cracker_box_yalehand0_black10_5,1260,1.2632288825657871,0.658120134385457,1.516367195211339,1.3497363369553228,0.05448377931955342,0.048496655001829536,0.7946843853820601,0.7946843853820601,-0.6051087481803301,-0.1666308582560161,MODE_3_RELOCALIZE,simple,four_mode_relocalization_v2,,0,0,0,False,1,0,0.658120134385457,0,0,restarted_se3,1,46.877188608050346,2.3053884506225586,0,1261,cache_read_only_not_online_fps,b18588ca73eff0bed9b27155081eb3c6df55568f77c0b4b80229d1c92a313cef,cached_perception_v2,1,1,1,0.6873551143858274,,1,2503.21848038584,0,20.926267839968204,2503.21848038584,2552.401057444513,109.72489653752282,109.8840939036622,109.72489653752282,109.72799707229304,0.6873551143858274,108.58684661000349
cracker_box_yalehand0_black10_5,1261,1.5258838698992463,0.8404394664078443,1.5281149070726336,1.4278841255476307,0.054905880076271035,0.05130454143027539,0.7946843853820601,0.7946843853820601,-0.685444403491402,-0.10023078152500298,MODE_3_RELOCALIZE,simple,four_mode_relocalization_v2,,0,0,0,False,1,0,0.8404394664078443,0,0,restarted_se3,1,46.47378250956535,2.274399623274803,0,1262,cache_read_only_not_online_fps,b18588ca73eff0bed9b27155081eb3c6df55568f77c0b4b80229d1c92a313cef,cached_perception_v2,1,1,1,0.8149355701677028,,1,2500.007599592209,0,22.129204124212265,2500.007599592209,2548.755781725049,108.25560240693702,108.14879631518363,108.25560240693702,108.25871346553618,0.8149355701677028,107.43154648166183
cracker_box_yalehand0_black10_5,1262,1.4683647687326116,0.8533506481914245,1.5345800305726927,1.4356067893502233,0.05513817497368326,0.0515820203362477,0.7946843853820601,0.7946843853820601,-0.6150141205411871,-0.09897324122246931,MODE_3_RELOCALIZE,simple,four_mode_relocalization_v2,,0,0,0,False,1,0,0.8533506481914245,0,0,restarted_se3,1,48.57200104743242,3.010024316608906,0,1263,cache_read_only_not_online_fps,b18588ca73eff0bed9b27155081eb3c6df55568f77c0b4b80229d1c92a313cef,cached_perception_v2,1,1,1,0.7503224376806117,,1,2487.7173621207476,0,20.133390091359615,2487.7173621207476,2539.299387484789,106.16694386486229,106.32511289649145,106.16694386486229,106.17001837157743,0.7503224376806117,106.16694386486229
cracker_box_yalehand0_black10_5,1263,0.9903414784994304,0.635283570438395,1.3740755776032922,1.4038745380726616,0.049371175250260954,0.05044186577383096,0.7946843853820601,0.7946843853820601,-0.35505790806103543,0.029798960469369362,MODE_3_RELOCALIZE,simple,four_mode_relocalization_v2,,0,0,0,False,1,0,0.635283570438395,0,0,restarted_se3,1,46.90544493496418,2.4115871638059616,0,1264,cache_read_only_not_online_fps,b18588ca73eff0bed9b27155081eb3c6df55568f77c0b4b80229d1c92a313cef,cached_perception_v2,1,1,1,0.7154562724031869,,1,2508.127844892442,0,21.670850925147533,2508.127844892442,2557.4448769912124,104.62438041865927,104.59373147969791,104.62438041865927,104.62738906309157,0.7154562724031869,100.91770362540092
cracker_box_yalehand0_black10_5,1264,0.8567778713820331,0.624759078585418,1.3752433154830446,1.4708929048174715,0.04941313261595999,0.05284986689362056,0.7946843853820601,0.7946843853820601,-0.23201879279661508,0.09564958933442691,MODE_3_RELOCALIZE,simple,four_mode_relocalization_v2,,0,0,0,False,1,0,0.624759078585418,0,0,restarted_se3,1,47.723570838570595,2.131132408976555,0,1265,cache_read_only_not_online_fps,b18588ca73eff0bed9b27155081eb3c6df55568f77c0b4b80229d1c92a313cef,cached_perception_v2,1,1,1,0.5876590154580676,,1,2500.2525951713324,0,21.835409104824066,2500.2525951713324,2550.1072984188795,102.76532633773088,102.84924455741987,102.76532633773088,102.76828289557278,0.5876590154580676,93.07412452681987
cracker_box_yalehand0_black10_5,1265,0.7179720324808532,0.43613038744403815,1.3254839936412093,1.584066069800397,0.04762525701506153,0.05691623140302011,0.7946843853820601,0.7946843853820601,-0.281841645036815,0.2585820761591877,MODE_3_RELOCALIZE,simple,four_mode_relocalization_v2,,0,0,0,False,1,0,0.43613038744403815,0,0,restarted_se3,1,44.05261017382145,1.996409147977829,0,1266,cache_read_only_not_online_fps,b18588ca73eff0bed9b27155081eb3c6df55568f77c0b4b80229d1c92a313cef,cached_perception_v2,1,1,1,0.4516133876908274,,1,2505.794880911708,0,20.92776447534561,2505.794880911708,2551.843900233507,101.0270878409605,101.01283258625169,101.0270878409605,101.02996208444546,0.4516133876908274,85.91698486000435
cracker_box_yalehand0_black10_5,1266,0.786977143699471,1.142907294556536,1.4270847834695013,1.5090462988000601,0.051275820697247676,0.05422073610300729,0.7946843853820601,0.7946843853820601,0.3559301508570649,0.08196151533055884,MODE_3_RELOCALIZE,simple,four_mode_relocalization_v2,,0,0,0,False,1,0,0.786977143699471,0,0,restarted_se3,1,45.2257739380002,1.541202887892723,0,1267,cache_read_only_not_online_fps,b18588ca73eff0bed9b27155081eb3c6df55568f77c0b4b80229d1c92a313cef,cached_perception_v2,1,1,1,1.221513628805992,,1,2506.6807828843594,0,20.737595856189728,2506.6807828843594,2553.4477597102523,99.85633478655667,99.79792091404217,99.85633478655667,99.85913865048462,1.221513628805992,98.65416346656517
cracker_box_yalehand0_black10_5,1267,0.5339317295783378,0.6964363510183829,1.4417563277973588,1.5775663863250626,0.05180297611577718,0.05668269474960569,0.7946843853820601,0.7946843853820601,0.16250462144004507,0.13581005852770378,MODE_3_RELOCALIZE,simple,four_mode_relocalization_v2,,0,0,0,False,1,0,0.5339317295783378,0,0,restarted_se3,1,46.29809223115444,2.455119974911213,0,1268,cache_read_only_not_online_fps,b18588ca73eff0bed9b27155081eb3c6df55568f77c0b4b80229d1c92a313cef,cached_perception_v2,1,1,1,0.710367355096047,,1,2505.4354518651962,0,20.912962034344673,2505.4354518651962,2554.188664071262,97.96719038799581,97.78571657136736,97.96719038799581,97.96989720768052,0.710367355096047,97.96719038799581
cracker_box_yalehand0_black10_5,1268,0.7503599991276824,0.5576415029492852,1.487032764308838,1.5562950306599868,0.05342977955959831,0.0559184050369664,0.7946843853820601,0.7946843853820601,-0.1927184961783972,0.06926226635114885,MODE_3_RELOCALIZE,simple,four_mode_relocalization_v2,,0,0,0,False,1,0,0.5576415029492852,0,0,restarted_se3,1,47.93567955493927,2.3963795974850655,0,1269,cache_read_only_not_online_fps,b18588ca73eff0bed9b27155081eb3c6df55568f77c0b4b80229d1c92a313cef,cached_perception_v2,1,1,1,0.5241446927558139,,1,2514.276836067438,0,20.344930700957775,2514.276836067438,2564.6088952198625,96.968354351633,97.00906068437942,96.968354351633,96.97103892482575,0.5241446927558139,91.25769203531
cracker_box_yalehand0_black10_5,1269,0.7175673561089979,0.5223121427781452,1.4171798929400459,1.4302207241578688,0.05091993336897033,0.0513884965062231,0.7946843853820601,0.7946843853820601,-0.19525521333085272,0.013040831217822957,MODE_3_RELOCALIZE,simple,four_mode_relocalization_v2,,0,0,0,False,1,0,0.5223121427781452,0,0,restarted_se3,1,46.4016180485487,2.2249408066272736,0,1270,cache_read_only_not_online_fps,b18588ca73eff0bed9b27155081eb3c6df55568f77c0b4b80229d1c92a313cef,cached_perception_v2,1,1,1,0.4037713756479549,,1,2509.790780954063,0,20.370062440633774,2509.790780954063,2558.417339809239,94.70445989212752,94.6477540982252,94.70445989212752,94.70707387427942,0.4037713756479549,83.47589018297944
cracker_box_yalehand0_black10_5,1270,0.8530388470012902,0.7235574921838437,1.4003178663407156,1.4339514132979014,0.05031407290257432,0.05152254190397193,0.7946843853820601,0.7946843853820601,-0.1294813548174465,0.03363354695718579,MODE_3_RELOCALIZE,simple,four_mode_relocalization_v2,,0,0,0,False,1,0,0.7235574921838437,0,0,restarted_se3,1,47.98377491533756,1.9938088953495026,0,1271,cache_read_only_not_online_fps,b18588ca73eff0bed9b27155081eb3c6df55568f77c0b4b80229d1c92a313cef,cached_perception_v2,1,1,1,0.6832459319467102,,1,2505.464844405651,0,20.977938547730446,2505.464844405651,2555.442428216338,92.90510570036979,92.78571545072477,92.90510570036979,92.90763943832431,0.6832459319467102,92.90510570036979
cracker_box_yalehand0_black10_5,1271,0.7945137735080349,0.6673329687275625,1.376560569666335,1.4147658466623811,0.04946046217205748,0.050833195562273614,0.7946843853820601,0.7946843853820601,-0.12718080478047233,0.038205276996046145,MODE_3_RELOCALIZE,simple,four_mode_relocalization_v2,,0,0,0,False,1,0,0.6673329687275625,0,0,restarted_se3,1,47.48697765171528,2.3998338729143143,0,1272,cache_read_only_not_online_fps,b18588ca73eff0bed9b27155081eb3c6df55568f77c0b4b80229d1c92a313cef,cached_perception_v2,1,1,1,0.5621827937559143,,1,2514.2736518755555,0,22.234898060560226,2514.2736518755555,2564.160463400185,93.1985200056127,93.19078779693555,93.1985200056127,93.20094110910487,0.5621827937559143,82.03153376003169
cracker_box_yalehand0_black10_5,1272,0.6077935923712606,0.7350021290908634,1.2559317849525242,1.368520757569303,0.04512621377451339,0.04917158798020693,0.7946843853820601,0.7946843853820601,0.12720853671960275,0.1125889726167788,MODE_3_RELOCALIZE,simple,four_mode_relocalization_v2,,0,0,0,False,1,0,0.6077935923712606,0,0,restarted_se3,1,46.18283361196518,2.1232450380921364,0,1273,cache_read_only_not_online_fps,b18588ca73eff0bed9b27155081eb3c6df55568f77c0b4b80229d1c92a313cef,cached_perception_v2,1,1,1,0.5407225262949289,,1,2511.2586058676243,0,21.174894645810127,2511.2586058676243,2559.5646845176816,92.09869258137242,92.15467045744789,92.09869258137242,92.10088041708838,0.5407225262949289,92.09869258137242
cracker_box_yalehand0_black10_5,1273,0.6369419840216878,0.6826814807541732,1.2402013336072226,1.3139466657400591,0.04456101133383744,0.047210715451983215,0.7946843853820601,0.7946843853820601,0.04573949673248545,0.07374533213283652,MODE_3_RELOCALIZE,simple,four_mode_relocalization_v2,,0,0,0,False,1,0,0.6369419840216878,0,0,restarted_se3,1,47.811479307711124,2.1661827340722084,0,1274,cache_read_only_not_online_fps,b18588ca73eff0bed9b27155081eb3c6df55568f77c0b4b80229d1c92a313cef,cached_perception_v2,1,1,1,0.7432447466363821,,1,2511.4721981808543,0,21.686644293367863,2511.4721981808543,2561.4498602226377,90.99066848115481,90.91326776227348,90.99066848115481,90.94474242142265,0.7432447466363821,80.28299833964853
cracker_box_yalehand0_black10_5,1274,0.5838093908390976,1.1212275033496424,1.0736066370152941,1.1769588625503042,0.0385751863215405,0.04228867990410867,0.3888888888888889,0.7946843853820601,0.5374181125105448,0.10335222553501011,MODE_3_RELOCALIZE,simple,four_mode_relocalization_v2,,0,0,0,False,1,0,0.5838093908390976,0,0,restarted_se3,1,48.61720651388168,1.7168046906590462,0,1275,cache_read_only_not_online_fps,b18588ca73eff0bed9b27155081eb3c6df55568f77c0b4b80229d1c92a313cef,cached_perception_v2,1,1,1,0.8272114350406654,,1,2498.5733292996883,0,28.35125010460615,2498.5733292996883,2548.907340504229,90.93589109728153,90.89662403538166,90.93589109728153,90.93726739261766,0.8272114350406654,90.93589109728153
cracker_box_yalehand0_black10_5,1275,0.7347151811682704,0.7587827888950395,1.032900137778133,1.1228626882952701,0.037112582851673195,0.04034497917683687,0.12499999999999999,0.6468954093820971,0.02406760772676908,0.08996255051713709,MODE_1_ACCEPT,simple,four_mode_relocalization_v2,0.0,0,0,0,False,0,0,0.7347151811682704,0,0,restarted_se3,0,48.72537683695555,2.3888302966952324,0,1276,cache_read_only_not_online_fps,b18588ca73eff0bed9b27155081eb3c6df55568f77c0b4b80229d1c92a313cef,cached_perception_v2,0,0,0,,,0,0.0,0,11.65391318500042,0.875597819685936,51.989804953336716,90.14849309943519,90.24522769180446,90.14849309943519,90.14960656224169,0.7347151811682704,74.8214829100575
cracker_box_yalehand0_black10_5,1276,1.0685412232809375,1.135497362393834,1.0895097763547354,1.0411494973744368,0.03914659352224657,0.03740898618273446,0.3888888888888889,0.1346153846153846,0.06695613911289655,-0.0483602789802986,MODE_1_ACCEPT,simple,four_mode_relocalization_v2,0.0,0,0,0,False,0,1,1.0685412232809375,0,0,restarted_se3,0,46.18143383413553,2.3845331743359566,0,1277,cache_read_only_not_online_fps,b18588ca73eff0bed9b27155081eb3c6df55568f77c0b4b80229d1c92a313cef,cached_perception_v2,0,0,0,,,0,0.0,0,12.645062990486622,1.0304078459739685,49.59637485444546,89.62061239642414,89.75236485335834,89.62061239642414,89.62132152885907,1.0685412232809375,89.62061239642414
cracker_box_yalehand0_black10_5,1277,0.9109249514249182,0.9703326633310043,1.0951984008851359,1.1088304964751432,0.03935098845015382,0.039840795991582134,0.3888888888888889,0.5121951219512195,0.05940771190608607,0.013632095590007332,MODE_3_RELOCALIZE,simple,four_mode_relocalization_v2,,0,0,0,False,1,0,0.9109249514249182,0,0,restarted_se3,1,46.044232323765755,3.324066288769245,0,1278,cache_read_only_not_online_fps,b18588ca73eff0bed9b27155081eb3c6df55568f77c0b4b80229d1c92a313cef,cached_perception_v2,1,1,1,0.7339402180420133,,1,2480.6190729141235,0,19.65571939945221,2480.6190729141235,2529.9873715266585,89.27631190408265,89.30015400041933,89.27631190408265,89.27680753273458,0.7339402180420133,82.47406217676325
cracker_box_yalehand0_black10_5,1278,0.7089745718203825,1.5637073762847589,1.034698023667307,1.3487666895257966,0.037177181728737296,0.048461815118234775,0.12499999999999999,0.7946843853820601,0.8547328044643764,0.3140686658584897,MODE_1_ACCEPT,simple,four_mode_relocalization_v2,0.0,0,0,0,False,0,0,0.7089745718203825,0,0,restarted_se3,0,46.97078373283148,2.0532142370939255,0,1279,cache_read_only_not_online_fps,b18588ca73eff0bed9b27155081eb3c6df55568f77c0b4b80229d1c92a313cef,cached_perception_v2,0,0,0,,,0,0.0,0,11.34787779301405,0.8103400468826294,49.83433801680803,87.16116576926578,87.19137093566492,87.16116576926578,87.1615312177884,0.7089745718203825,87.16116576926578
cracker_box_yalehand0_black10_5,1279,0.5428240741264871,0.6211246750028655,1.0976667345368898,1.0764851074228028,0.039439676827476865,0.038678611103450736,0.3888888888888889,0.3888888888888889,0.07830060087637836,-0.021181627114087,MODE_3_RELOCALIZE,simple,four_mode_relocalization_v2,,0,0,0,False,1,0,0.5428240741264871,0,0,restarted_se3,1,46.13099433481693,2.2700130939483643,0,1280,cache_read_only_not_online_fps,b18588ca73eff0bed9b27155081eb3c6df55568f77c0b4b80229d1c92a313cef,cached_perception_v2,1,1,1,0.9083532121742719,,1,2502.6849852874875,0,12.111695483326912,2502.6849852874875,2551.085992716253,87.05105883301775,86.9639041693685,87.05105883301775,87.0513254185566,0.9083532121742719,69.61424298904232
cracker_box_yalehand0_black10_5,1280,1.0112135265642561,1.66471401415617,1.1277887886898204,1.3717230226440429,0.04052197625752433,0.04928664685526425,0.66,0.7946843853820601,0.6535004875919139,0.24393423395422253,MODE_3_RELOCALIZE,simple,four_mode_relocalization_v2,,0,0,0,False,1,1,1.0112135265642561,0,0,restarted_se3,1,45.15648074448109,2.6807431131601334,0,1281,cache_read_only_not_online_fps,b18588ca73eff0bed9b27155081eb3c6df55568f77c0b4b80229d1c92a313cef,cached_perception_v2,1,1,1,0.9834031403824212,,1,2522.0920583233237,0,11.404325254261494,2522.0920583233237,2569.929282180965,87.79308333444256,87.37802536841795,87.79308333444256,87.79334402995023,0.9834031403824212,87.79308333444256
cracker_box_yalehand0_black10_5,1281,0.7428791364744627,0.7459896114659396,1.0388733592450368,1.2592998176072396,0.03732720348001266,0.045247228755897886,0.12499999999999999,0.7946843853820601,0.003110474991476875,0.22042645836220287,MODE_1_ACCEPT,simple,four_mode_relocalization_v2,0.0,0,0,0,False,0,0,0.7428791364744627,0,0,restarted_se3,0,48.60986676067114,1.462719403207302,0,1282,cache_read_only_not_online_fps,b18588ca73eff0bed9b27155081eb3c6df55568f77c0b4b80229d1c92a313cef,cached_perception_v2,0,0,0,,,0,0.0,0,20.5508004873991,0.7951017469167709,50.86768791079521,88.26472627181626,88.14356506062448,88.26472627181626,88.26481976696137,0.7428791364744627,84.72380956147619
cracker_box_yalehand0_black10_5,1282,0.7716196693964533,0.7846713398201909,1.1542395196119222,1.1378900472730686,0.041472363334580445,0.04088491918140019,0.7946843853820601,0.66,0.01305167042373756,-0.016349472338853532,MODE_3_RELOCALIZE,simple,four_mode_relocalization_v2,,0,0,0,False,1,0,0.7716196693964533,0,0,restarted_se3,1,50.68880133330822,2.6963818818330765,0,1283,cache_read_only_not_online_fps,b18588ca73eff0bed9b27155081eb3c6df55568f77c0b4b80229d1c92a313cef,cached_perception_v2,1,1,1,0.7597738174751079,,1,2501.7350846901536,0,21.443353034555912,2501.7350846901536,2555.120267905295,87.6713825343995,87.77660681495398,87.6713825343995,87.67136431406868,0.7597738174751079,87.6713825343995
cracker_box_yalehand0_black10_5,1283,0.5017330590403527,0.8937625851795237,1.161084015013807,1.2843473105310645,0.041718289241054585,0.04614719683835139,0.7946843853820601,0.7946843853820601,0.39202952613917097,0.12326329551725745,MODE_3_RELOCALIZE,simple,four_mode_relocalization_v2,,0,0,0,False,1,0,0.5017330590403527,0,0,restarted_se3,1,48.60252793878317,1.7920248210430145,0,1284,cache_read_only_not_online_fps,b18588ca73eff0bed9b27155081eb3c6df55568f77c0b4b80229d1c92a313cef,cached_perception_v2,1,1,1,0.5141537559305764,,1,2476.757189258933,0,22.310120053589344,2476.757189258933,2527.1517420187593,88.6607669357604,88.94439813998628,88.6607669357604,88.66069105234011,0.5141537559305764,66.94650412735828
cracker_box_yalehand0_black10_5,1284,0.8428905633377325,0.7351741618684331,1.2198230190420596,1.3256414257551143,0.043828809003703256,0.047630913624211936,0.7946843853820601,0.7946843853820601,-0.1077164014692994,0.10581840671305476,MODE_3_RELOCALIZE,simple,four_mode_relocalization_v2,,0,0,0,False,1,0,0.7351741618684331,0,0,restarted_se3,1,45.85735499858856,2.7022380381822586,0,1285,cache_read_only_not_online_fps,b18588ca73eff0bed9b27155081eb3c6df55568f77c0b4b80229d1c92a313cef,cached_perception_v2,1,1,1,1.444443886998698,,1,2531.2072010710835,0,12.343316338956356,2531.2072010710835,2579.7667941078544,88.38362375499528,88.7227284051915,88.38362375499528,88.38341178632035,1.444443886998698,88.38362375499528
cracker_box_yalehand0_black10_5,1285,1.3953744946767452,2.150906194743095,1.2382202546069823,1.3700970916213309,0.04448983024300103,0.04922822639661148,0.7946843853820601,0.7946843853820601,0.7555317000663497,0.1318768370143486,MODE_3_RELOCALIZE,simple,four_mode_relocalization_v2,,0,0,0,False,1,1,1.3953744946767452,0,0,restarted_se3,1,47.7866493165493,1.8667001277208328,0,1286,cache_read_only_not_online_fps,b18588ca73eff0bed9b27155081eb3c6df55568f77c0b4b80229d1c92a313cef,cached_perception_v2,1,1,1,1.11805259670335,,1,2475.3908989951015,0,21.000259555876255,2475.3908989951015,2525.0442484393716,89.01586711369316,88.85776664235675,89.01586711369316,89.01558370860917,1.11805259670335,88.3383769491
cracker_box_yalehand0_black10_5,1286,0.7274926846793036,0.609056598924483,1.2477757849389415,1.301545427980989,0.04483316489672598,0.04676513320548762,0.7946843853820601,0.7946843853820601,-0.11843608575482056,0.053769643042047566,MODE_3_RELOCALIZE,simple,four_mode_relocalization_v2,,0,0,0,False,1,0,0.609056598924483,0,0,restarted_se3,1,48.95913694053888,2.381390891969204,0,1287,cache_read_only_not_online_fps,b18588ca73eff0bed9b27155081eb3c6df55568f77c0b4b80229d1c92a313cef,cached_perception_v2,1,1,1,0.6966420724048378,,1,2508.1341322511435,0,12.454230338335037,2508.1341322511435,2559.4746600836515,89.36730566147898,89.18333479447658,89.36730566147898,89.36697572433648,0.6966420724048378,89.36730566147898
cracker_box_yalehand0_black10_5,1287,1.0527785820854492,1.0643738060527062,1.1708237141470899,1.2571104395126789,0.04206824116555705,0.04516856338162191,0.7946843853820601,0.7946843853820601,0.011595223967256985,0.08628672536558901,MODE_3_RELOCALIZE,simple,four_mode_relocalization_v2,,0,0,0,False,1,1,1.0527785820854492,0,0,restarted_se3,1,46.1349543184042,1.7770202830433846,0,1288,cache_read_only_not_online_fps,b18588ca73eff0bed9b27155081eb3c6df55568f77c0b4b80229d1c92a313cef,cached_perception_v2,1,1,1,1.0484329168613888,,1,2502.243699505925,0,21.23621292412281,2502.243699505925,2550.1556741073728,89.94588627825651,90.03276927656783,89.94588627825651,89.94548538452678,1.0484329168613888,65.72373710373543
cracker_box_yalehand0_black10_5,1288,0.48292438906969964,0.6905288960538793,1.220182587636029,1.275408088788477,0.0438417284706938,0.04582600643918569,0.7946843853820601,0.7946843853820601,0.2076045069841797,0.05522550115244784,MODE_3_RELOCALIZE,simple,four_mode_relocalization_v2,,0,0,0,False,1,0,0.48292438906969964,0,0,restarted_se3,1,46.83654569089413,1.8884316086769104,0,1289,cache_read_only_not_online_fps,b18588ca73eff0bed9b27155081eb3c6df55568f77c0b4b80229d1c92a313cef,cached_perception_v2,1,1,1,0.6627720886484374,,1,2503.5936487838626,0,13.081490062177181,2503.5936487838626,2552.3186260834336,88.21024989097309,88.28748635669236,88.21024989097309,88.20978427661773,0.6627720886484374,87.28325447572506
cracker_box_yalehand0_black10_5,1289,0.7829950944666665,0.7203579474203123,1.1787936779279178,1.1260882530992415,0.04235460567488617,0.04046087522201345,0.7946843853820601,0.66,-0.06263714704635415,-0.05270542482867624,MODE_3_RELOCALIZE,simple,four_mode_relocalization_v2,,0,0,0,False,1,0,0.7203579474203123,0,0,restarted_se3,1,48.69978502392769,2.1985620260238647,0,1290,cache_read_only_not_online_fps,b18588ca73eff0bed9b27155081eb3c6df55568f77c0b4b80229d1c92a313cef,cached_perception_v2,1,1,1,0.9576409346629382,,1,2522.7652862668037,0,12.658870778977871,2522.7652862668037,2573.6636333167553,89.67846111913622,89.65265459801569,89.67846111913622,89.67789668639732,0.9576409346629382,89.67846111913622
cracker_box_yalehand0_black10_5,1290,0.900411205379683,1.0037913950016302,1.1991510565199441,1.2378147492737934,0.04308605576575811,0.04447526024758294,0.7946843853820601,0.7946843853820601,0.10338018962194717,0.03866369275384929,MODE_3_RELOCALIZE,simple,four_mode_relocalization_v2,,0,0,0,False,1,0,0.900411205379683,0,0,restarted_se3,1,47.188546508550644,4.719197750091553,0,1291,cache_read_only_not_online_fps,b18588ca73eff0bed9b27155081eb3c6df55568f77c0b4b80229d1c92a313cef,cached_perception_v2,1,1,1,0.9803535074810172,,1,2519.4786274805665,0,20.465138368308544,2519.4786274805665,2571.3863717392087,89.8157449077048,89.73731150517341,89.8157449077048,89.8151022754874,0.9803535074810172,89.8157449077048
cracker_box_yalehand0_black10_5,1291,1.0180496576583093,0.9306458741537651,1.0218854929859336,1.3957744160139562,0.03671682153605213,0.05015082461697816,0.12499999999999999,0.7946843853820601,-0.08740378350454425,0.3738889230280227,MODE_1_ACCEPT,simple,four_mode_relocalization_v2,0.0,0,0,0,False,0,0,0.9306458741537651,0,0,restarted_se3,0,44.92099117487669,2.0000189542770386,0,1292,cache_read_only_not_online_fps,b18588ca73eff0bed9b27155081eb3c6df55568f77c0b4b80229d1c92a313cef,cached_perception_v2,0,0,0,,,0,0.0,0,21.284700371325016,1.469230279326439,48.39024040848017,89.58947830772672,89.60891650793256,89.58947830772672,89.58876821967085,1.0180496576583093,89.58947830772672
cracker_box_yalehand0_black10_5,1292,0.9071465557467103,1.316729906448737,1.07176899607149,1.2448837125170296,0.03850915902685424,0.044729251388105365,0.2857142857142857,0.7946843853820601,0.40958335070202667,0.17311471644553955,MODE_3_RELOCALIZE,simple,four_mode_relocalization_v2,,0,0,0,False,1,0,0.9071465557467103,0,0,restarted_se3,1,46.80442623794079,4.027209244668484,0,1293,cache_read_only_not_online_fps,b18588ca73eff0bed9b27155081eb3c6df55568f77c0b4b80229d1c92a313cef,cached_perception_v2,1,1,1,1.1536027723297522,,1,2534.834316931665,0,20.67437209188938,2534.834316931665,2585.665952414274,88.92800213919364,89.13888230463168,88.92800213919364,88.92720388533873,1.1536027723297522,88.92800213919364
cracker_box_yalehand0_black10_5,1293,0.7118092759061716,1.201990869035577,1.2048562287220452,1.4234664104441137,0.04329104525921389,0.05114581086979057,0.7946843853820601,0.7946843853820601,0.49018159312940535,0.21861018172206848,MODE_3_RELOCALIZE,simple,four_mode_relocalization_v2,,0,0,0,False,1,0,0.7118092759061716,0,0,restarted_se3,1,47.20962792634964,2.578413113951683,0,1294,cache_read_only_not_online_fps,b18588ca73eff0bed9b27155081eb3c6df55568f77c0b4b80229d1c92a313cef,cached_perception_v2,1,1,1,0.7516134198911281,,1,2536.6041166707873,0,19.732309505343437,2536.6041166707873,2586.3921577110887,89.45363587506077,89.43797620968157,89.45363587506077,89.45279739307378,0.7516134198911281,89.0160460011828
cracker_box_yalehand0_black10_5,1294,0.8847999806764076,0.9044038861878091,1.2754215178802233,1.4666007395473064,0.045826488952704504,0.052695647397102016,0.7946843853820601,0.7946843853820601,0.019603905511401454,0.19117922166708312,MODE_3_RELOCALIZE,simple,four_mode_relocalization_v2,,0,0,0,False,1,0,0.8847999806764076,0,0,restarted_se3,1,44.59179751574993,1.7808107659220695,0,1295,cache_read_only_not_online_fps,b18588ca73eff0bed9b27155081eb3c6df55568f77c0b4b80229d1c92a313cef,cached_perception_v2,1,1,1,1.1900246380577175,,1,2530.6192794814706,0,21.870995871722698,2530.6192794814706,2576.9918877631426,89.38957008250141,89.31425036116451,89.38957008250141,89.38859098923325,1.1900246380577175,88.61610516509538
cracker_box_yalehand0_black10_5,1295,0.558312413611042,1.0904795522358521,1.3392624495582355,1.692071157393814,0.04812032335118259,0.060796904485642844,0.7946843853820601,0.7946843853820601,0.5321671386248101,0.3528087078355786,MODE_3_RELOCALIZE,simple,four_mode_relocalization_v2,,0,0,0,False,1,0,0.558312413611042,0,0,restarted_se3,1,46.391768380999565,3.0380655080080032,0,1296,cache_read_only_not_online_fps,b18588ca73eff0bed9b27155081eb3c6df55568f77c0b4b80229d1c92a313cef,cached_perception_v2,1,1,1,0.9366545468755516,,1,2525.974677875638,0,21.874936297535896,2525.974677875638,2575.4045117646456,90.42591364115667,90.24677335306929,90.42591364115667,90.42482342118983,0.9366545468755516,89.12282414998755
cracker_box_yalehand0_black10_5,1296,1.170273312051255,1.857476241094675,1.631746761980521,1.789308748441126,0.058629420872397524,0.06429069640419484,0.7946843853820601,0.7946843853820601,0.6872029290434201,0.15756198646060504,MODE_3_RELOCALIZE,simple,four_mode_relocalization_v2,,0,0,0,False,1,1,1.170273312051255,0,0,restarted_se3,1,44.25786342471838,2.8498973697423935,0,1297,cache_read_only_not_online_fps,b18588ca73eff0bed9b27155081eb3c6df55568f77c0b4b80229d1c92a313cef,cached_perception_v2,1,1,1,1.547678280286568,,1,2524.5176116004586,0,20.737476646900177,2524.5176116004586,2571.6253723949194,90.01726402979195,89.87812261901696,90.01726402979195,90.01641003708957,1.547678280286568,88.19472876991988
cracker_box_yalehand0_black10_5,1297,1.8831236317075994,2.239086751590675,2.274102934437305,2.337654408042914,0.08170957721923189,0.08399301125440162,1.0,1.0,0.3559631198830755,0.06355147360560887,MODE_3_RELOCALIZE,simple,four_mode_relocalization_v2,,0,0,0,False,1,1,1.8831236317075994,0,0,restarted_se3,1,44.705770909786224,3.1103622168302536,0,1298,cache_read_only_not_online_fps,b18588ca73eff0bed9b27155081eb3c6df55568f77c0b4b80229d1c92a313cef,cached_perception_v2,1,1,1,4.465989251723812,,1,2534.5805790275335,0,20.833227783441544,2534.5805790275335,2582.39671215415,89.82950131695223,89.86035968700365,89.82950131695223,89.82896171741241,4.465989251723812,87.82747527163191
cracker_box_yalehand0_black10_5,1298,4.5416148126311695,8.67977754085308,2.926428039438221,2.69836833739911,0.10514792195374786,0.09695363067863869,1.0,1.0,4.13816272822191,-0.2280597020391113,MODE_3_RELOCALIZE,simple,four_mode_relocalization_v2,,0,0,0,False,1,1,4.5416148126311695,0,0,restarted_se3,1,45.60820013284683,4.070064052939415,0,1299,cache_read_only_not_online_fps,b18588ca73eff0bed9b27155081eb3c6df55568f77c0b4b80229d1c92a313cef,cached_perception_v2,1,1,1,2.780726146322553,,1,2530.6320367380977,0,20.533042959868908,2530.6320367380977,2580.310300923884,90.33632112430055,90.18477427762559,90.33632112430055,90.33652673027595,2.780726146322553,88.12408670514532
cracker_box_yalehand0_black10_5,1299,3.210817551734677,6.13988696405194,2.2098666099586968,3.2147380692753975,0.07940153617334002,0.11550703555820255,1.0,1.0,2.929069412317263,1.0048714593167007,MODE_3_RELOCALIZE,simple,four_mode_relocalization_v2,,0,0,0,False,1,1,3.210817551734677,0,0,restarted_se3,1,43.41368470340967,2.949092537164688,0,1300,cache_read_only_not_online_fps,b18588ca73eff0bed9b27155081eb3c6df55568f77c0b4b80229d1c92a313cef,cached_perception_v2,1,1,1,4.549689047233393,,1,2525.647890754044,0,23.031141608953476,2525.647890754044,2572.0106679946184,90.46195670222696,90.45206814075149,90.46195670222696,90.46272559964521,4.549689047233393,88.85871109461152
cracker_box_yalehand0_black10_5,1300,4.42959209061703,10.712032415863776,3.5130842817167514,3.5810676033813986,0.12622675387630677,0.12866942627563327,1.0,1.0,6.282440325246746,0.06798332166464727,MODE_3_RELOCALIZE,simple,four_mode_relocalization_v2,,0,0,0,True,1,1,4.42959209061703,0,0,restarted_se3,0,47.09686990827322,3.6757709458470345,0,1301,cache_read_only_not_online_fps,b18588ca73eff0bed9b27155081eb3c6df55568f77c0b4b80229d1c92a313cef,cached_perception_v2,1,0,0,,foundationpose_register_failed,1,148.41610938310623,0,21.40865009278059,148.41610938310623,199.1887502372265,89.62150690438972,89.81708110004212,89.62150690438972,89.62246651596267,10.712032415863776,88.85776052434868
cracker_box_yalehand0_black10_5,1301,4.341884993231753,5.818587625348437,3.5186468749649897,3.561510992808025,0.12642662044156786,0.12796674815249592,1.0,1.0,1.4767026321166838,0.04286411784303512,MODE_3_RELOCALIZE,simple,four_mode_relocalization_v2,,0,0,0,True,1,1,4.341884993231753,0,0,restarted_se3,0,44.761935248970985,3.5693105310201645,0,1302,cache_read_only_not_online_fps,b18588ca73eff0bed9b27155081eb3c6df55568f77c0b4b80229d1c92a313cef,cached_perception_v2,1,0,0,,sam2_recovery_mask_failed,1,83.0114409327507,0,19.459625706076622,83.0114409327507,131.34268671274185,88.74610357855425,88.94502056961487,88.74610357855425,88.7471187142403,5.818587625348437,88.74610357855425
cracker_box_yalehand0_black10_5,1302,4.47468862719111,3.87906537826218,3.502734576053644,3.527459564666771,0.12585488413317872,0.12674326448559614,1.0,1.0,-0.5956232489289301,0.024724988613126886,MODE_3_RELOCALIZE,simple,four_mode_relocalization_v2,,0,0,0,True,1,1,3.87906537826218,0,0,restarted_se3,0,44.16700080037117,2.548789605498314,0,1303,cache_read_only_not_online_fps,b18588ca73eff0bed9b27155081eb3c6df55568f77c0b4b80229d1c92a313cef,cached_perception_v2,1,0,0,,sam2_recovery_mask_failed,1,79.14324849843979,0,19.46434937417507,79.14324849843979,125.85903890430927,87.71000912791035,87.92412654375316,87.71000912791035,87.71108960559626,3.87906537826218,87.71000912791035
cracker_box_yalehand0_black10_5,1303,4.793340029782836,5.034377961013652,3.5050301387774785,3.547124254457127,0.1259373647706223,0.12744982594531956,1.0,1.0,0.24103793123081552,0.0420941156796486,MODE_3_RELOCALIZE,simple,four_mode_relocalization_v2,,0,0,0,True,1,1,4.793340029782836,0,0,restarted_se3,0,45.224505476653576,2.1907864138484,0,1304,cache_read_only_not_online_fps,b18588ca73eff0bed9b27155081eb3c6df55568f77c0b4b80229d1c92a313cef,cached_perception_v2,1,0,0,,sam2_recovery_mask_failed,1,82.03329425305128,0,20.259632728993893,82.03329425305128,129.44858614355326,87.52982985860889,87.28007428729023,87.52982985860889,87.53093085986593,5.034377961013652,86.82560877708325
cracker_box_yalehand0_black10_5,1304,5.103961393089911,11.365367803290594,3.4882796033583845,3.6412361003729483,0.12533551023424064,0.1308313083860016,1.0,1.0,6.261406410200683,0.15295649701456382,MODE_3_RELOCALIZE,simple,four_mode_relocalization_v2,,0,0,0,True,1,1,5.103961393089911,0,0,restarted_se3,0,45.43096665292978,2.2996095940470695,0,1305,cache_read_only_not_online_fps,b18588ca73eff0bed9b27155081eb3c6df55568f77c0b4b80229d1c92a313cef,cached_perception_v2,1,0,0,,sam2_recovery_mask_failed,1,83.3454541862011,0,20.450488664209843,83.3454541862011,131.07603043317795,87.95881067935514,87.33271725761108,87.95881067935514,87.95988231867858,11.365367803290594,86.15272525497892
cracker_box_yalehand0_black10_5,1305,5.466261216568778,6.092390190198869,3.4882741246883993,3.6202707245219954,0.1253353133830773,0.13007801267054292,1.0,1.0,0.6261289736300908,0.13199659983359613,MODE_3_RELOCALIZE,simple,four_mode_relocalization_v2,,0,0,0,True,1,1,5.466261216568778,0,0,restarted_se3,0,45.65620515495539,1.8626758828759193,0,1306,cache_read_only_not_online_fps,b18588ca73eff0bed9b27155081eb3c6df55568f77c0b4b80229d1c92a313cef,cached_perception_v2,1,0,0,,sam2_recovery_mask_failed,1,81.9195294752717,0,20.110100507736206,81.9195294752717,129.438410513103,87.87739236485585,87.60581371076736,87.87739236485585,87.87846033377613,6.092390190198869,85.65930260230006
cracker_box_yalehand0_black10_5,1306,5.649452915853424,3.902598917592063,3.4914056826458957,3.5893755083531715,0.125447831718492,0.1289679331692929,1.0,1.0,-1.7468539982613613,0.09796982570727586,MODE_3_RELOCALIZE,simple,four_mode_relocalization_v2,,0,0,0,True,1,1,3.902598917592063,0,0,restarted_se3,0,48.7473588436842,2.0204680040478706,0,1307,cache_read_only_not_online_fps,b18588ca73eff0bed9b27155081eb3c6df55568f77c0b4b80229d1c92a313cef,cached_perception_v2,1,0,0,,sam2_recovery_mask_failed,1,81.56999852508307,0,20.371243357658386,81.56999852508307,132.33782537281513,88.4108671954387,88.23347586515867,88.4108671954387,88.41190565078185,3.902598917592063,85.59041233797335
cracker_box_yalehand0_black10_5,1307,5.9613758901611895,5.159777312038506,3.4989913993014277,3.606143973964945,0.12572039004971008,0.12957043194584553,1.0,1.0,-0.8015985781226833,0.10715257466351735,MODE_3_RELOCALIZE,simple,four_mode_relocalization_v2,,0,0,0,True,1,1,5.159777312038506,0,0,restarted_se3,0,43.88120770454407,2.0572692155838013,0,1308,cache_read_only_not_online_fps,b18588ca73eff0bed9b27155081eb3c6df55568f77c0b4b80229d1c92a313cef,cached_perception_v2,1,0,0,,sam2_recovery_mask_failed,1,81.20890893042088,0,20.130609162151814,81.20890893042088,127.14738585054874,88.38336446073207,88.57676225081158,88.38336446073207,88.38438834205286,5.159777312038506,85.68565183903605
cracker_box_yalehand0_black10_5,1308,6.314522794170357,11.952859437018992,3.5019663171034354,3.7022433319331536,0.125827280231409,0.13302332661992275,1.0,1.0,5.638336642848635,0.20027701482971816,MODE_3_RELOCALIZE,simple,four_mode_relocalization_v2,,0,0,0,True,1,1,6.314522794170357,0,0,restarted_se3,0,45.51301896572113,2.062835730612278,0,1309,cache_read_only_not_online_fps,b18588ca73eff0bed9b27155081eb3c6df55568f77c0b4b80229d1c92a313cef,cached_perception_v2,1,0,0,,sam2_recovery_mask_failed,1,79.2131032794714,0,19.616778008639812,79.2131032794714,126.7889579758048,88.01493806139744,88.49945174725052,88.01493806139744,88.01594244624083,11.952859437018992,85.9569802805325
cracker_box_yalehand0_black10_5,1309,6.5640927228529895,6.88942434546687,3.506955642246851,3.68210722749361,0.1260065490067596,0.1322998270123711,1.0,1.0,0.3253316226138807,0.1751515852467591,MODE_3_RELOCALIZE,simple,four_mode_relocalization_v2,,0,0,0,True,1,1,6.5640927228529895,0,0,restarted_se3,0,45.68484332412481,2.3452509194612503,0,1310,cache_read_only_not_online_fps,b18588ca73eff0bed9b27155081eb3c6df55568f77c0b4b80229d1c92a313cef,cached_perception_v2,1,0,0,,sam2_recovery_mask_failed,1,77.09596212953329,0,20.223810337483883,77.09596212953329,125.12605637311935,87.70934057443101,88.00109632808969,87.70934057443101,87.7103230134482,6.88942434546687,86.30359514814707
cracker_box_yalehand0_black10_5,1310,6.935990856463616,4.207069548740987,3.5141842492315236,3.6464253969708262,0.12626627622123932,0.13101776222881445,1.0,1.0,-2.7289213077226293,0.13224114773930262,MODE_3_RELOCALIZE,simple,four_mode_relocalization_v2,,0,0,0,True,1,1,4.207069548740987,0,0,restarted_se3,0,43.82718447595835,2.1925419569015503,0,1311,cache_read_only_not_online_fps,b18588ca73eff0bed9b27155081eb3c6df55568f77c0b4b80229d1c92a313cef,cached_perception_v2,1,0,0,,sam2_recovery_mask_failed,1,77.06737797707319,0,19.07958649098873,77.06737797707319,123.08710440993309,88.11310420924596,87.89677864035494,88.11310420924596,88.11394395992457,4.207069548740987,86.81294931926806
cracker_box_yalehand0_black10_5,1311,7.407124651047728,5.684347292874263,3.52370393639186,3.6662464778862165,0.12660832301311986,0.13172994289447348,1.0,1.0,-1.722777358173465,0.14254254149435663,MODE_3_RELOCALIZE,simple,four_mode_relocalization_v2,,0,0,0,True,1,1,5.684347292874263,0,0,restarted_se3,0,45.09491380304098,2.0909542217850685,0,1312,cache_read_only_not_online_fps,b18588ca73eff0bed9b27155081eb3c6df55568f77c0b4b80229d1c92a313cef,cached_perception_v2,1,0,0,,sam2_recovery_mask_failed,1,78.31977400928736,0,20.265836268663406,78.31977400928736,125.50564203411341,88.57925322124905,88.26940539217527,88.57925322124905,88.58000528184927,5.684347292874263,87.47700004092208
cracker_box_yalehand0_black10_5,1312,7.42320517901691,12.679210092706384,3.530865803214894,3.7615447048843067,0.1268656522225188,0.13515405255980095,1.0,1.0,5.256004913689474,0.23067890166941263,MODE_3_RELOCALIZE,simple,four_mode_relocalization_v2,,0,0,0,True,1,1,7.42320517901691,0,0,restarted_se3,0,43.9562126994133,2.141593024134636,0,1313,cache_read_only_not_online_fps,b18588ca73eff0bed9b27155081eb3c6df55568f77c0b4b80229d1c92a313cef,cached_perception_v2,1,0,0,,sam2_recovery_mask_failed,1,80.84782678633928,0,20.549743436276913,80.84782678633928,126.94563250988722,88.85838382449863,88.84587293629836,88.85838382449863,88.8589874915234,12.679210092706384,88.37881575213925
cracker_box_yalehand0_black10_5,1313,7.6884012326335,8.232152153316916,3.538728939796043,3.7424652366605593,0.12714817838082648,0.13446851838343532,1.0,1.0,0.5437509206834159,0.20373629686451622,MODE_3_RELOCALIZE,simple,four_mode_relocalization_v2,,0,0,0,True,1,1,7.6884012326335,0,0,restarted_se3,0,44.427188113331795,2.0356308668851852,0,1314,cache_read_only_not_online_fps,b18588ca73eff0bed9b27155081eb3c6df55568f77c0b4b80229d1c92a313cef,cached_perception_v2,1,0,0,,sam2_recovery_mask_failed,1,80.07151167839766,0,19.545989111065865,80.07151167839766,126.53433065861464,90.23773623234487,89.88538896559665,90.23773623234487,90.13900067450182,8.232152153316916,89.4949234151442
cracker_box_yalehand0_black10_5,1314,7.914141457262137,4.918070030296693,3.5464820049165793,3.705607235304118,0.12742674962030687,0.13314419323421955,1.0,1.0,-2.996071426965444,0.15912523038753879,MODE_3_RELOCALIZE,simple,four_mode_relocalization_v2,,0,0,0,True,1,1,4.918070030296693,0,0,restarted_se3,0,47.44030814617872,2.174224704504013,0,1315,cache_read_only_not_online_fps,b18588ca73eff0bed9b27155081eb3c6df55568f77c0b4b80229d1c92a313cef,cached_perception_v2,1,0,0,,sam2_recovery_mask_failed,1,78.46345845609903,0,20.63950803130865,78.46345845609903,128.07799130678177,90.41909380714007,90.56195097650148,90.41909380714007,90.41975819459758,4.918070030296693,90.41909380714007
cracker_box_yalehand0_black10_5,1315,8.075943168800306,6.606256751543493,3.5520164577235307,3.726411737481867,0.12762560508641077,0.13389170868369987,1.0,1.0,-1.4696864172568125,0.17439527975833613,MODE_3_RELOCALIZE,simple,four_mode_relocalization_v2,,0,0,0,True,1,1,6.606256751543493,0,0,restarted_se3,0,45.48939596861601,2.1614544093608856,0,1316,cache_read_only_not_online_fps,b18588ca73eff0bed9b27155081eb3c6df55568f77c0b4b80229d1c92a313cef,cached_perception_v2,1,0,0,,sam2_recovery_mask_failed,1,80.09896893054247,0,20.300612784922123,80.09896893054247,127.74981930851936,90.84365678386693,90.96712620586108,90.84365678386693,90.84458181816794,6.606256751543493,90.84365678386693
cracker_box_yalehand0_black10_5,1316,8.445531922041084,13.88608809850738,3.559986677399847,3.820831883099587,0.12791197879018393,0.13728426847621042,1.0,1.0,5.440556176466295,0.2608452056997397,MODE_3_RELOCALIZE,simple,four_mode_relocalization_v2,,0,0,0,True,1,1,8.445531922041084,0,0,restarted_se3,0,45.124758034944534,1.97518989443779,0,1317,cache_read_only_not_online_fps,b18588ca73eff0bed9b27155081eb3c6df55568f77c0b4b80229d1c92a313cef,cached_perception_v2,1,0,0,,sam2_recovery_mask_failed,1,80.59421461075544,0,20.90482320636511,80.59421461075544,127.69416254013777,90.11605732243521,90.62258301644012,90.11605732243521,90.11724477755534,13.88608809850738,90.11605732243521
cracker_box_yalehand0_black10_5,1317,8.687421193252483,10.362618525199682,3.568480608120666,3.809991089381436,0.1282171696756173,0.13689475371062212,1.0,1.0,1.6751973319471993,0.24151048126077024,MODE_3_RELOCALIZE,simple,four_mode_relocalization_v2,,0,0,0,True,1,1,8.687421193252483,0,0,restarted_se3,0,45.212662778794765,2.229982055723667,0,1318,cache_read_only_not_online_fps,b18588ca73eff0bed9b27155081eb3c6df55568f77c0b4b80229d1c92a313cef,cached_perception_v2,1,0,0,,sam2_recovery_mask_failed,1,79.76186368614435,0,20.556536503136158,79.76186368614435,127.20450852066278,89.82390107125184,90.03691292812107,89.82390107125184,89.82507803309863,10.362618525199682,89.35722603126607
cracker_box_yalehand0_black10_5,1318,9.132105516199406,6.355484432696587,3.5767143020171837,3.7695067065556445,0.12851301013079156,0.13544013098682905,1.0,1.0,-2.7766210835028193,0.1927924045384608,MODE_3_RELOCALIZE,simple,four_mode_relocalization_v2,,0,0,0,True,1,1,6.355484432696587,0,0,restarted_se3,0,44.18050963431597,2.420952543616295,0,1319,cache_read_only_not_online_fps,b18588ca73eff0bed9b27155081eb3c6df55568f77c0b4b80229d1c92a313cef,cached_perception_v2,1,0,0,,sam2_recovery_mask_failed,1,77.12879031896591,0,19.626201130449772,77.12879031896591,123.73025249689817,89.72757602507235,89.60618455004399,89.72757602507235,89.72875223132314,6.355484432696587,88.64321678252766
cracker_box_yalehand0_black10_5,1319,9.175564869745275,8.006485775362403,3.577869056231809,3.785938233963323,0.1285545009873576,0.1360305234168357,1.0,1.0,-1.1690790943828713,0.208069177731514,MODE_3_RELOCALIZE,simple,four_mode_relocalization_v2,,0,0,0,True,1,1,8.006485775362403,0,0,restarted_se3,0,45.348310843110085,1.3112379238009453,0,1320,cache_read_only_not_online_fps,b18588ca73eff0bed9b27155081eb3c6df55568f77c0b4b80229d1c92a313cef,cached_perception_v2,1,0,0,,sam2_recovery_mask_failed,1,79.53369058668613,0,20.24800516664982,79.53369058668613,126.19323935359716,90.17303968207935,89.78681107600576,90.17303968207935,90.17428185755972,8.006485775362403,88.17936022434797
cracker_box_yalehand0_black10_5,1320,9.633792769030864,15.443254692028027,3.5877084984949223,3.8775137047064123,0.12890803672895365,0.13932087271666693,1.0,1.0,5.809461922997164,0.28980520621149,MODE_3_RELOCALIZE,simple,four_mode_relocalization_v2,,0,0,0,True,1,1,9.633792769030864,0,0,restarted_se3,0,45.72853911668062,1.2618843466043472,0,1321,cache_read_only_not_online_fps,b18588ca73eff0bed9b27155081eb3c6df55568f77c0b4b80229d1c92a313cef,cached_perception_v2,1,0,0,,sam2_recovery_mask_failed,1,82.79839623719454,0,19.377345219254494,82.79839623719454,129.7888197004795,90.44287150785085,90.18600900252285,90.44287150785085,90.44409646178977,15.443254692028027,87.72761217973672
cracker_box_yalehand0_black10_5,1321,10.103530663058216,12.640449164018333,3.592277709262648,3.877096080635261,0.12907221059918736,0.13930586728935157,1.0,1.0,2.536918500960118,0.2848183713726131,MODE_3_RELOCALIZE,simple,four_mode_relocalization_v2,,0,0,0,True,1,1,10.103530663058216,0,0,restarted_se3,0,46.560279093682766,1.474582590162754,0,1322,cache_read_only_not_online_fps,b18588ca73eff0bed9b27155081eb3c6df55568f77c0b4b80229d1c92a313cef,cached_perception_v2,1,0,0,,sam2_recovery_mask_failed,1,81.45305700600147,0,20.325949415564537,81.45305700600147,129.487918689847,90.57437592425737,90.59914250030617,90.57437592425737,90.57561292131273,12.640449164018333,87.3458038383761
cracker_box_yalehand0_black10_5,1322,10.361024989035382,8.064666845046577,3.5997670511325297,3.832902887259888,0.12934130613948652,0.1377179852757509,1.0,1.0,-2.2963581439888046,0.23313583612735833,MODE_3_RELOCALIZE,simple,four_mode_relocalization_v2,,0,0,0,True,1,1,8.064666845046577,0,0,restarted_se3,0,44.66254077851772,1.3500116765499115,0,1323,cache_read_only_not_online_fps,b18588ca73eff0bed9b27155081eb3c6df55568f77c0b4b80229d1c92a313cef,cached_perception_v2,1,0,0,,sam2_recovery_mask_failed,1,87.79954444617033,0,20.093640312552452,87.79954444617033,133.81209690123796,90.63816463697046,90.88713928715283,90.63816463697046,90.63931957452017,8.064666845046577,87.13850516664087
cracker_box_yalehand0_black10_5,1323,10.509958479093273,9.162325062813254,3.607490979689962,3.8456629586860642,0.12961883048868908,0.13817646058297267,1.0,1.0,-1.3476334162800185,0.23817197899610232,MODE_3_RELOCALIZE,simple,four_mode_relocalization_v2,,0,0,0,True,1,1,9.162325062813254,0,0,restarted_se3,0,45.696984976530075,1.307331956923008,0,1324,cache_read_only_not_online_fps,b18588ca73eff0bed9b27155081eb3c6df55568f77c0b4b80229d1c92a313cef,cached_perception_v2,1,0,0,,sam2_recovery_mask_failed,1,84.90319550037384,0,20.732291042804718,84.90319550037384,131.90751243382692,91.05959968330217,91.07207689534725,91.05959968330217,91.0606776383299,9.162325062813254,86.90736070733985
cracker_box_yalehand0_black10_5,1324,11.000061708187436,16.23464379822789,3.614429217165415,3.935357502411025,0.12986812459151129,0.1413992272993139,1.0,1.0,5.234582090040453,0.3209282852456101,MODE_3_RELOCALIZE,simple,four_mode_relocalization_v2,,0,0,0,True,1,1,11.000061708187436,0,0,restarted_se3,0,46.47534154355526,1.3554943725466728,0,1325,cache_read_only_not_online_fps,b18588ca73eff0bed9b27155081eb3c6df55568f77c0b4b80229d1c92a313cef,cached_perception_v2,1,0,0,,sam2_recovery_mask_failed,1,84.74963065236807,0,21.62021677941084,84.74963065236807,132.58046656847,91.44049791202333,91.3554044855357,91.44049791202333,91.44152908164466,16.23464379822789,86.69952538609813
cracker_box_yalehand0_black10_5,1325,11.238443644015387,14.564646614875961,3.622576497494438,3.945594895339433,0.13016086016697273,0.14176706159359326,1.0,1.0,3.3262029708605745,0.323018397844995,MODE_3_RELOCALIZE,simple,four_mode_relocalization_v2,,0,0,0,True,1,1,11.238443644015387,0,0,restarted_se3,0,44.71644572913647,1.4577610418200493,0,1326,cache_read_only_not_online_fps,b18588ca73eff0bed9b27155081eb3c6df55568f77c0b4b80229d1c92a313cef,cached_perception_v2,1,0,0,,sam2_recovery_mask_failed,1,83.53591337800026,0,20.4906789585948,83.53591337800026,129.71012014895678,91.72254453973075,91.71172170341404,91.72254453973075,91.72353392709513,14.564646614875961,86.58890201863703
cracker_box_yalehand0_black10_5,1326,11.406078868920904,8.989750017701297,3.627661699362595,3.8970780352238563,0.13034357383768191,0.140023828220989,1.0,1.0,-2.416328851219607,0.2694163358612611,MODE_3_RELOCALIZE,simple,four_mode_relocalization_v2,,0,0,0,True,1,1,8.989750017701297,0,0,restarted_se3,0,44.936150312423706,1.3842517510056496,0,1327,cache_read_only_not_online_fps,b18588ca73eff0bed9b27155081eb3c6df55568f77c0b4b80229d1c92a313cef,cached_perception_v2,1,0,0,,sam2_recovery_mask_failed,1,84.58710182458162,0,21.254071034491062,84.58710182458162,130.90750388801098,92.58044206028676,92.34627759462379,92.58044206028676,92.58123375125076,8.989750017701297,86.51210373640332
