episode,frame_id,E_obs_cm,E_prior_cm,E_obs_hat_cm,E_prior_hat_cm,e_obs_hat_norm,e_prior_hat_norm,p_obs_risk,p_prior_risk,delta_E_gt_cm,delta_E_hat_cm,selected_mode,policy_variant,policy_version,fusion_alpha,forced_streak_reset,motion_history_reset,restart_zero_velocity_prior,output_uncertain,output_quality_unverified,both_candidates_bad,local_candidate_oracle_cm,is_blackout,recovery_attempted,observer_source,observer_restart,observer_wall_ms,sam2_frame_wall_ms,sam2_propagated_frames_total,sam2_cached_frames_consumed,sam2_timing_scope,sam2_cache_receipt_sha256,perception_runtime_version,relocalization_attempted,relocalization_generated,relocalization_used,relocalization_raw_error_cm,relocalization_failure_reason,relocalization_cache_hit,relocalization_wall_ms,sam2_cache_hit,quality_wall_ms,transition_wall_ms,policy_wall_ms,error_b1_obs_cm,error_b2_cm,error_b3_cm,error_b4_cm,error_b5_ours_cm,error_b6_oracle_cm
sugar_box_yalehand0_black10_2,0,0.9600271125034681,0.9600271125034681,0.9549392964187172,0.9549392964187172,0.046484582701321234,0.046484582701321234,0.0891009055627426,0.0891009055627426,0.0,0.0,MODE_4_TRUSTED_FUSION,full,four_mode_relocalization_v2,0.5,0,0,0,False,0,0,0.9600271125034681,0,0,precomputed,0,0.0,2.5456277653574944,0,1,cache_read_only_not_online_fps,178d419b5d7b38d165994fad2d41dc67b8cffa4444c416451632d3659ff5f2cf,cached_perception_v2,0,0,0,,,0,0.0,0,17.972126603126526,8.157365024089813,28.675119392573833,0.9600271125034681,0.9600271125034665,0.9600271125034681,0.9600271125034601,0.9600271125034665,0.9600271125034681
sugar_box_yalehand0_black10_2,1,1.0169130758529388,1.0169130758529388,0.9581204617296348,0.9581204617296348,0.04663943562499554,0.04663943562499554,0.0891009055627426,0.0891009055627426,0.0,0.0,MODE_4_TRUSTED_FUSION,full,four_mode_relocalization_v2,0.5,0,0,0,False,0,1,1.0169130758529388,0,0,precomputed,0,0.0,3.348087891936302,0,2,cache_read_only_not_online_fps,178d419b5d7b38d165994fad2d41dc67b8cffa4444c416451632d3659ff5f2cf,cached_perception_v2,0,0,0,,,0,0.0,0,17.49960519373417,1.4114240184426308,22.259117104113102,1.0169130758529388,1.0169130758529388,1.0169130758529388,1.0169130758529386,1.0169130758529388,1.0169130758529388
sugar_box_yalehand0_black10_2,2,1.1545875667248136,1.075444209145804,1.020142271062707,1.025758432275929,0.049658536353220914,0.04993192012887977,0.12499999999999999,0.12499999999999999,-0.07914335757900948,0.0056161612132219485,MODE_4_TRUSTED_FUSION,full,four_mode_relocalization_v2,0.498640747543155,0,0,0,False,0,1,1.075444209145804,0,0,precomputed,0,0.0,3.1069330871105194,0,3,cache_read_only_not_online_fps,178d419b5d7b38d165994fad2d41dc67b8cffa4444c416451632d3659ff5f2cf,cached_perception_v2,0,0,0,,,0,0.0,0,17.608733847737312,1.041347160935402,21.757014095783234,1.1545875667248136,1.1104907286672039,1.075444209145804,1.1545674522144544,1.110614749078602,1.075444209145804
sugar_box_yalehand0_black10_2,3,1.3688215395311842,1.1751353313999096,0.9947806685534449,0.9958959198773847,0.04842398300129465,0.04847827126086765,0.0891009055627426,0.0891009055627426,-0.19368620813127468,0.0011152513239397477,MODE_4_TRUSTED_FUSION,full,four_mode_relocalization_v2,0.49972266765069107,0,0,0,False,0,1,1.1751353313999096,0,0,precomputed,0,0.0,2.8999093919992447,0,4,cache_read_only_not_online_fps,178d419b5d7b38d165994fad2d41dc67b8cffa4444c416451632d3659ff5f2cf,cached_perception_v2,0,0,0,,,0,0.0,0,16.391203738749027,1.6736285760998726,20.964741706848145,1.3688215395311842,1.2725212008345044,1.0974660043745688,1.3687444666851265,1.272780460710231,1.0974660043745688
sugar_box_yalehand0_black10_2,4,1.5292844894727213,1.4742481046565288,1.0120774066610638,1.0251075574614545,0.0492659544816202,0.0499002368121966,0.0891009055627426,0.12499999999999999,-0.05503638481619255,0.013030150800390716,MODE_4_TRUSTED_FUSION,full,four_mode_relocalization_v2,0.49683301428222615,0,0,0,False,0,1,1.4742481046565288,0,0,precomputed,0,0.0,4.05803881585598,0,5,cache_read_only_not_online_fps,178d419b5d7b38d165994fad2d41dc67b8cffa4444c416451632d3659ff5f2cf,cached_perception_v2,0,0,0,,,0,0.0,0,18.373603001236916,1.573815941810608,24.005457758903503,1.5292844894727213,1.501605713527721,1.2231314057548948,1.5291537304570482,1.502011887160992,1.2231314057548948
sugar_box_yalehand0_black10_2,5,1.6045116979840277,1.6604817516276011,0.9825494650641394,1.0253775153029652,0.04782859186777698,0.04991337783347055,0.0891009055627426,0.12499999999999999,0.055970053643573436,0.04282805023882574,MODE_4_TRUSTED_FUSION,full,four_mode_relocalization_v2,0.4894404358111867,0,0,0,False,0,1,1.6045116979840277,0,0,precomputed,0,0.0,3.6115655675530434,0,6,cache_read_only_not_online_fps,178d419b5d7b38d165994fad2d41dc67b8cffa4444c416451632d3659ff5f2cf,cached_perception_v2,0,0,0,,,0,0.0,0,18.675058148801327,1.471824012696743,23.758447729051113,1.6045116979840277,1.632578980174624,1.2754924839324049,1.604473048142743,1.632262374372873,1.2754924839324049
sugar_box_yalehand0_black10_2,6,1.769372649887561,1.8505281973261605,1.0210404524567365,1.031770390649376,0.04970225807191876,0.05022457053844556,0.12499999999999999,0.12499999999999999,0.08115554743859943,0.010729938192639565,MODE_4_TRUSTED_FUSION,full,four_mode_relocalization_v2,0.49741174207276895,0,0,0,False,0,1,1.769372649887561,0,0,precomputed,0,0.0,4.332148469984531,0,7,cache_read_only_not_online_fps,178d419b5d7b38d165994fad2d41dc67b8cffa4444c416451632d3659ff5f2cf,cached_perception_v2,0,0,0,,,0,0.0,0,18.879301846027374,1.501978375017643,24.71342869102955,1.769372649887561,1.8076788633089986,1.3636543853297427,1.7694418055500087,1.8069235912473816,1.3636543853297427
sugar_box_yalehand0_black10_2,7,1.7042459646474093,1.9858922730134592,0.9986715183541793,1.0179961152845602,0.048613381981961745,0.0495540656752068,0.0891009055627426,0.09302325581395349,0.28164630836604987,0.01932459693038091,MODE_4_TRUSTED_FUSION,full,four_mode_relocalization_v2,0.49525582951994584,0,0,0,False,0,1,1.7042459646474093,0,0,precomputed,0,0.0,3.5731494426727295,0,8,cache_read_only_not_online_fps,178d419b5d7b38d165994fad2d41dc67b8cffa4444c416451632d3659ff5f2cf,cached_perception_v2,0,0,0,,,0,0.0,0,19.267919473350048,1.704879105091095,24.545948021113873,1.7042459646474093,1.841803868633684,1.429430377625187,1.704296945219424,1.8398686803716517,1.429430377625187
sugar_box_yalehand0_black10_2,8,1.8111493623527253,1.9095470449149807,1.0596276884503855,0.9925806139146338,0.05158060947026323,0.04831688863185277,0.24242424242424243,0.0891009055627426,0.09839768256225545,-0.06704707453575165,MODE_4_TRUSTED_FUSION,full,four_mode_relocalization_v2,0.5161776869775183,0,0,0,False,0,1,1.8111493623527253,0,0,precomputed,0,0.0,3.4654513001441956,0,9,cache_read_only_not_online_fps,178d419b5d7b38d165994fad2d41dc67b8cffa4444c416451632d3659ff5f2cf,cached_perception_v2,0,0,0,,,0,0.0,0,18.574225716292858,1.570606604218483,23.610283620655537,1.8111493623527253,1.8624267143541424,1.5235998133774291,1.8112808827470086,1.8623609784334372,1.5235998133774291
sugar_box_yalehand0_black10_2,9,1.779899038530999,1.8629142507635204,1.0235877486965257,1.0542014135707067,0.049826255485332704,0.05131646899101969,0.12499999999999999,0.24242424242424243,0.0830152122325214,0.030613664874181046,MODE_4_TRUSTED_FUSION,full,four_mode_relocalization_v2,0.49270335040698404,0,0,0,False,0,1,1.779899038530999,0,0,precomputed,0,0.0,4.315379075706005,0,10,cache_read_only_not_online_fps,178d419b5d7b38d165994fad2d41dc67b8cffa4444c416451632d3659ff5f2cf,cached_perception_v2,0,0,0,,,0,0.0,0,19.350305199623108,1.5932926908135414,25.258976966142654,1.779899038530999,1.8202978662746567,1.5969598417151516,1.7800208539019344,1.82050752417152,1.5969598417151516
sugar_box_yalehand0_black10_2,10,1.8461603030492966,1.8320584577920893,1.0965702064071419,1.06543402201463,0.05337889920197296,0.05186325046511054,0.3888888888888889,0.24242424242424243,-0.014101845257207257,-0.03113618439251198,MODE_2_PRIOR,full,four_mode_relocalization_v2,1.0,0,0,0,False,0,1,1.8320584577920893,0,0,precomputed,0,0.0,3.8065901026129723,0,11,cache_read_only_not_online_fps,178d419b5d7b38d165994fad2d41dc67b8cffa4444c416451632d3659ff5f2cf,cached_perception_v2,0,0,0,,,0,0.0,0,19.545252434909344,0.9722644463181496,24.324106983840466,1.8461603030492966,1.83772471573132,1.7273947822778708,1.8463169871859877,1.8320584577920893,1.7273947822778708
sugar_box_yalehand0_black10_2,11,1.8177967044115049,1.8612122396975077,1.0462457666930234,1.0878651555837695,0.05092920361549783,0.052955154303804236,0.22727272727272727,0.3888888888888889,0.04341553528600284,0.04161938889074612,MODE_1_ACCEPT,full,four_mode_relocalization_v2,0.0,0,0,0,False,0,1,1.8177967044115049,0,0,precomputed,0,0.0,4.1098399087786674,0,12,cache_read_only_not_online_fps,178d419b5d7b38d165994fad2d41dc67b8cffa4444c416451632d3659ff5f2cf,cached_perception_v2,0,0,0,,,0,0.0,0,19.839901477098465,1.2046713382005692,25.1544127240777,1.8177967044115049,1.843624741360502,1.8751336672896541,1.823683207688672,1.8177967044115049,1.8177967044115049
sugar_box_yalehand0_black10_2,12,1.9812591877005588,1.7736612413190256,1.063010272621369,1.0360668712579326,0.05174526707125415,0.05043371483580779,0.24242424242424243,0.12499999999999999,-0.20759794638153317,-0.026943401363436426,MODE_4_TRUSTED_FUSION,full,four_mode_relocalization_v2,0.5063573432050974,0,0,0,False,0,1,1.7736612413190256,0,0,precomputed,0,0.0,3.6317575722932816,0,13,cache_read_only_not_online_fps,178d419b5d7b38d165994fad2d41dc67b8cffa4444c416451632d3659ff5f2cf,cached_perception_v2,0,0,0,,,0,0.0,0,18.003773875534534,1.583634875714779,23.219166323542595,1.9812591877005588,1.89686876840705,2.0009328910880924,1.981423589546254,1.8736597084527933,1.9812591877005588
sugar_box_yalehand0_black10_2,13,1.9873642999749048,1.9156495989268065,1.0594962580719673,1.0704734357059653,0.051574211695747135,0.05210855929613213,0.24242424242424243,0.2857142857142857,-0.0717147010480983,0.01097717763399797,MODE_1_ACCEPT,full,four_mode_relocalization_v2,0.0,0,0,0,False,0,1,1.9156495989268065,0,0,precomputed,0,0.0,4.508286714553833,0,14,cache_read_only_not_online_fps,178d419b5d7b38d165994fad2d41dc67b8cffa4444c416451632d3659ff5f2cf,cached_perception_v2,0,0,0,,,0,0.0,0,19.04263161122799,1.2306282296776772,24.7815465554595,1.9873642999749048,1.957653210153111,2.124097866492145,1.9875637795693926,1.9873642999749048,1.9873642999749048
sugar_box_yalehand0_black10_2,14,1.9684901661113925,2.1086318689535357,0.9834453793663652,1.0399836149733233,0.04787220322886694,0.050624374281744045,0.0891009055627426,0.12499999999999999,0.14014170284214322,0.05653823560695803,MODE_4_TRUSTED_FUSION,full,four_mode_relocalization_v2,0.4861658428642323,0,0,0,False,0,1,1.9684901661113925,0,0,precomputed,0,0.0,4.694282077252865,0,15,cache_read_only_not_online_fps,178d419b5d7b38d165994fad2d41dc67b8cffa4444c416451632d3659ff5f2cf,cached_perception_v2,0,0,0,,,0,0.0,0,19.641310907900333,1.5279371291399002,25.8635301142931,1.9684901661113925,1.9933711321001908,2.2446769084575964,1.968628934848431,2.0362270860675844,1.9684901661113925
sugar_box_yalehand0_black10_2,15,2.051816392113205,2.122774005613652,1.0539206229169913,1.034563209917327,0.05130280064957292,0.050360519534070496,0.24242424242424243,0.12499999999999999,0.07095761350044683,-0.019357412999664314,MODE_4_TRUSTED_FUSION,full,four_mode_relocalization_v2,0.5045903631553208,0,0,0,False,0,1,2.051816392113205,0,0,precomputed,0,0.0,4.239187575876713,0,16,cache_read_only_not_online_fps,178d419b5d7b38d165994fad2d41dc67b8cffa4444c416451632d3659ff5f2cf,cached_perception_v2,0,0,0,,,0,0.0,0,18.988260999321938,1.7220070585608482,24.9494556337595,2.051816392113205,2.0589290411994177,2.4035571586722435,2.0520282136701393,2.086412939171264,1.9886910645134241
sugar_box_yalehand0_black10_2,16,1.9392817790710017,2.1001252578490037,1.0062633789171356,1.0551737378353627,0.048982938949110474,0.05136379984007199,0.0891009055627426,0.24242424242424243,0.16084347877800198,0.04891035891822715,MODE_4_TRUSTED_FUSION,full,four_mode_relocalization_v2,0.48825081994440983,0,0,0,False,0,1,1.9392817790710017,0,0,precomputed,0,0.0,3.857105039060116,0,17,cache_read_only_not_online_fps,178d419b5d7b38d165994fad2d41dc67b8cffa4444c416451632d3659ff5f2cf,cached_perception_v2,0,0,0,,,0,0.0,0,19.791158847510815,1.6872463747859001,25.33551026135683,1.9392817790710017,2.0135071068960273,2.5359054568950894,1.9394441401563611,2.0161834164106334,1.9392817790710017
sugar_box_yalehand0_black10_2,17,1.9365805799794518,1.96242610177706,1.0229706297929184,1.032277778702261,0.04979621534056239,0.05024926919939128,0.12499999999999999,0.12499999999999999,0.02584552179760813,0.009307148909342589,MODE_4_TRUSTED_FUSION,full,four_mode_relocalization_v2,0.4977575819667556,0,0,0,False,0,1,1.9365805799794518,0,0,precomputed,0,0.0,4.592525772750378,0,18,cache_read_only_not_online_fps,178d419b5d7b38d165994fad2d41dc67b8cffa4444c416451632d3659ff5f2cf,cached_perception_v2,0,0,0,,,0,0.0,0,19.430414773523808,1.7029829323291779,25.725923478603363,1.9365805799794518,1.9589435375698228,2.6849638173378536,1.9367305125284506,1.9487662731760698,1.9343428198709964
sugar_box_yalehand0_black10_2,18,1.9481007368817982,1.883040965856213,1.0426944405269976,1.017030400967635,0.050756331983255756,0.04950705658551983,0.1346153846153846,0.09302325581395349,-0.06505977102558513,-0.025664039559362584,MODE_4_TRUSTED_FUSION,full,four_mode_relocalization_v2,0.5061700565015415,0,0,0,False,0,1,1.883040965856213,0,0,precomputed,0,0.0,5.277696996927261,0,19,cache_read_only_not_online_fps,178d419b5d7b38d165994fad2d41dc67b8cffa4444c416451632d3659ff5f2cf,cached_perception_v2,0,0,0,,,0,0.0,0,20.44952753931284,1.4881854876875877,27.21541002392769,1.9481007368817982,1.9256695857625867,2.818073621921066,1.9482421115463722,1.9142723043096843,1.9481007368817982
sugar_box_yalehand0_black10_2,19,2.082769595715509,1.930390962179896,1.0601450982079088,1.0371289968815443,0.0516057959682472,0.050485417039890415,0.24242424242424243,0.12499999999999999,-0.15237863353561276,-0.023016101326364558,MODE_4_TRUSTED_FUSION,full,four_mode_relocalization_v2,0.5054353145347938,0,0,0,False,0,1,1.930390962179896,0,0,precomputed,0,0.0,3.7029897794127464,0,20,cache_read_only_not_online_fps,178d419b5d7b38d165994fad2d41dc67b8cffa4444c416451632d3659ff5f2cf,cached_perception_v2,0,0,0,,,0,0.0,0,20.72690613567829,1.6986923292279243,26.128588244318962,2.082769595715509,2.0101451232725704,3.024936189100895,2.082976439659305,2.0031996476490166,2.0328460883992636
sugar_box_yalehand0_black10_2,20,1.9872546929817068,2.035416184357731,1.0043111075323914,1.068565120138902,0.048887906185268934,0.05201566621577608,0.0891009055627426,0.24242424242424243,0.04816149137602421,0.06425401260651054,MODE_4_TRUSTED_FUSION,full,four_mode_relocalization_v2,0.4846493519881955,0,0,0,False,0,1,1.9872546929817068,0,0,precomputed,0,0.0,3.7956489250063896,0,21,cache_read_only_not_online_fps,178d419b5d7b38d165994fad2d41dc67b8cffa4444c416451632d3659ff5f2cf,cached_perception_v2,0,0,0,,,0,0.0,0,19.197404384613037,1.7133625224232674,24.706415832042694,1.9872546929817068,2.0127264229322295,3.1440419551057657,1.9873909280924136,2.0100260159826733,1.9872546929817068
sugar_box_yalehand0_black10_2,21,2.121252555026936,2.035109603401682,1.088901300831214,1.0458611215757845,0.05300559183383997,0.050910479841295625,0.3888888888888889,0.1346153846153846,-0.08614295162525432,-0.04304017925542958,MODE_2_PRIOR,full,four_mode_relocalization_v2,1.0,0,0,0,False,0,1,2.035109603401682,0,0,precomputed,0,0.0,3.979547880589962,0,22,cache_read_only_not_online_fps,178d419b5d7b38d165994fad2d41dc67b8cffa4444c416451632d3659ff5f2cf,cached_perception_v2,0,0,0,,,0,0.0,0,18.557248637080193,1.3078199699521065,23.84461648762226,2.121252555026936,2.0765200442113043,3.2996966871498916,2.121408084340704,2.035109603401682,1.9824251509144342
sugar_box_yalehand0_black10_2,22,2.0237535912159554,2.0945915162878945,0.9944457342815204,1.02010285980669,0.04840767905410013,0.04965661789013476,0.0891009055627426,0.12499999999999999,0.07083792507193909,0.025657125525169522,MODE_4_TRUSTED_FUSION,full,four_mode_relocalization_v2,0.4936946392925386,0,0,0,False,0,1,2.0237535912159554,0,0,precomputed,0,0.0,4.300707019865513,0,23,cache_read_only_not_online_fps,178d419b5d7b38d165994fad2d41dc67b8cffa4444c416451632d3659ff5f2cf,cached_perception_v2,0,0,0,,,0,0.0,0,18.983958289027214,3.238729201257229,26.523394510149956,2.0237535912159554,2.0989748479457906,3.5110064439172306,2.0238688420425124,2.057515480673056,2.0237535912159554
sugar_box_yalehand0_black10_2,23,2.0790606877610625,2.0522745112346064,1.0761661205117152,0.9726372797697204,0.0523856680910449,0.04734608601761746,0.3888888888888889,0.0891009055627426,-0.026786176526456096,-0.10352884074199487,MODE_2_PRIOR,full,four_mode_relocalization_v2,1.0,0,0,0,False,0,1,2.0522745112346064,0,0,precomputed,0,0.0,3.1681768596172333,0,24,cache_read_only_not_online_fps,178d419b5d7b38d165994fad2d41dc67b8cffa4444c416451632d3659ff5f2cf,cached_perception_v2,0,0,0,,,0,0.0,0,18.98925192654133,1.268492080271244,23.425920866429806,2.0790606877610625,2.0852477187501504,3.6355204495535163,2.0793176844226093,2.0522745112346064,2.075801995241315
sugar_box_yalehand0_black10_2,24,2.1607357413582595,2.0540485670700392,0.978259715374358,0.9563390663983401,0.04761977521841461,0.04655272077420673,0.0891009055627426,0.0891009055627426,-0.10668717428822028,-0.021920648976017865,MODE_4_TRUSTED_FUSION,full,four_mode_relocalization_v2,0.5056074548854822,0,0,0,False,0,1,2.0540485670700392,0,0,precomputed,0,0.0,3.794277086853981,0,25,cache_read_only_not_online_fps,178d419b5d7b38d165994fad2d41dc67b8cffa4444c416451632d3659ff5f2cf,cached_perception_v2,0,0,0,,,0,0.0,0,18.698842264711857,1.689000055193901,24.18211940675974,2.1607357413582595,2.120749344679906,3.8146954041689356,2.1630487289098905,2.1021653273586374,2.1579740344470895
sugar_box_yalehand0_black10_2,25,2.379403720551556,2.1681550597403865,1.0749976543524358,0.9276727319955635,0.052328789437063,0.04515729951833529,0.3888888888888889,0.0891009055627426,-0.21124866081116966,-0.14732492235687222,MODE_2_PRIOR,full,four_mode_relocalization_v2,1.0,0,0,0,False,0,1,2.1681550597403865,0,0,precomputed,0,0.0,4.24062367528677,0,26,cache_read_only_not_online_fps,178d419b5d7b38d165994fad2d41dc67b8cffa4444c416451632d3659ff5f2cf,cached_perception_v2,0,0,0,,,0,0.0,0,18.802043981850147,2.486002631485462,25.52867028862238,2.379403720551556,2.276019160805177,4.001918551407827,2.3797055145975903,2.1681550597403865,2.2768808699320005
sugar_box_yalehand0_black10_2,26,2.47564778072774,2.2232016854127363,1.0718762622955345,0.9441241707809553,0.05217684615882905,0.045958123476091815,0.2857142857142857,0.0891009055627426,-0.25244609531500384,-0.1277520915145791,MODE_2_PRIOR,full,four_mode_relocalization_v2,1.0,0,0,0,False,0,1,2.2232016854127363,0,0,precomputed,0,0.0,4.3258704245090485,0,27,cache_read_only_not_online_fps,178d419b5d7b38d165994fad2d41dc67b8cffa4444c416451632d3659ff5f2cf,cached_perception_v2,0,0,0,,,0,0.0,0,18.06850451976061,1.9574668258428574,24.351841770112514,2.47564778072774,2.4496639194557317,4.1750199699708626,2.475934198397787,2.2232016854127363,2.3990155452263844
sugar_box_yalehand0_black10_2,27,2.6953283648161355,2.259825167992046,1.094965708333609,0.9285429065809894,0.05330079536472073,0.045199657920207026,0.3888888888888889,0.0891009055627426,-0.43550319682408967,-0.1664228017526197,MODE_2_PRIOR,full,four_mode_relocalization_v2,1.0,0,0,0,False,0,1,2.259825167992046,0,0,precomputed,0,0.0,4.2914580553770065,0,28,cache_read_only_not_online_fps,178d419b5d7b38d165994fad2d41dc67b8cffa4444c416451632d3659ff5f2cf,cached_perception_v2,0,0,0,,,0,0.0,0,18.819537945091724,2.679436467587948,25.79043246805668,2.6953283648161355,2.649640853691336,4.324426899307892,2.6956851691770414,2.259825167992046,2.5255193771045437
sugar_box_yalehand0_black10_2,28,2.5041304646880618,2.337194761307356,1.0052567569553312,0.9144233856581687,0.048933938555045686,0.04451234717647562,0.0891009055627426,0.0891009055627426,-0.16693570338070574,-0.09083337129716251,MODE_4_TRUSTED_FUSION,full,four_mode_relocalization_v2,0.5234145231735927,0,0,0,False,0,1,2.337194761307356,0,0,precomputed,0,0.0,3.937164321541786,0,29,cache_read_only_not_online_fps,178d419b5d7b38d165994fad2d41dc67b8cffa4444c416451632d3659ff5f2cf,cached_perception_v2,0,0,0,,,0,0.0,0,18.633738160133362,2.8563030064105988,25.427205488085747,2.5041304646880618,2.696624309436962,4.485884315817872,2.504337310464291,2.4140469026345115,2.5041304646880618
sugar_box_yalehand0_black10_2,29,2.612462928071536,2.536252796602223,1.1648303167068332,1.0677345440534816,0.05670166825580401,0.0519752353916627,0.7946843853820601,0.24242424242424243,-0.07621013146931288,-0.09709577265335168,MODE_2_PRIOR,full,four_mode_relocalization_v2,1.0,0,0,0,False,0,1,2.536252796602223,0,0,precomputed,0,0.0,3.8947202265262604,0,30,cache_read_only_not_online_fps,178d419b5d7b38d165994fad2d41dc67b8cffa4444c416451632d3659ff5f2cf,cached_perception_v2,0,0,0,,,0,0.0,0,18.110502511262894,2.6411479339003563,24.64637067168951,2.612462928071536,2.658710652578264,4.62450624718394,2.612770309197322,2.536252796602223,2.612462928071536
sugar_box_yalehand0_black10_2,30,2.5678501185818763,2.687347247039252,1.0631289975635312,1.1344225814566742,0.05175104636991046,0.05522147900262647,0.24242424242424243,0.66,0.11949712845737581,0.071293583893143,MODE_1_ACCEPT,full,four_mode_relocalization_v2,0.0,0,0,0,False,0,1,2.5678501185818763,0,0,precomputed,0,0.0,3.385609947144985,0,31,cache_read_only_not_online_fps,178d419b5d7b38d165994fad2d41dc67b8cffa4444c416451632d3659ff5f2cf,cached_perception_v2,0,0,0,,,0,0.0,0,19.293006509542465,1.2237811461091042,23.902397602796555,2.5678501185818763,2.6084796705948308,2.5678501185818763,2.5680181546378753,2.5678501185818763,2.5678501185818763
sugar_box_yalehand0_black10_2,31,2.621686477350239,2.618922884098093,1.105375024234928,1.0880888450377884,0.05380750056335869,0.0529660430702041,0.5121951219512195,0.3888888888888889,-0.002763593252145924,-0.017286179197139706,MODE_3_RELOCALIZE,full,four_mode_relocalization_v2,,0,0,0,False,1,1,2.618922884098093,0,0,precomputed,1,0.0,3.9447881281375885,0,32,cache_read_only_not_online_fps,178d419b5d7b38d165994fad2d41dc67b8cffa4444c416451632d3659ff5f2cf,cached_perception_v2,1,1,1,1.0103830494942418,,1,25880.852239206433,0,19.2931666970253,25880.852239206433,25904.090194031596,2.621686477350239,2.598617780929274,2.621686477350239,2.6219313280910206,1.0103830494942418,2.5392732850219013
sugar_box_yalehand0_black10_2,32,0.7019261836097926,1.4666235173207056,1.0397648336755814,1.0724745812307237,0.05061372443482024,0.052205971157799014,0.12499999999999999,0.3888888888888889,0.764697333710913,0.03270974755514233,MODE_1_ACCEPT,full,four_mode_relocalization_v2,0.0,0,0,0,False,0,0,0.7019261836097926,0,0,restarted_se3,0,10906.015542335808,2.975720912218094,0,33,cache_read_only_not_online_fps,178d419b5d7b38d165994fad2d41dc67b8cffa4444c416451632d3659ff5f2cf,cached_perception_v2,0,0,0,,,0,0.0,0,22.65959419310093,2.38589383661747,10934.036751277745,2.6127736915230426,2.4665105737742956,2.6127736915230426,2.5274042405938757,0.7019261836097926,2.2703766408995816
sugar_box_yalehand0_black10_2,33,1.185150361024589,0.8772287038523516,1.1623687154165212,0.9733317727837572,0.056581842305415,0.04737989258319451,0.7946843853820601,0.0891009055627426,-0.3079216571722374,-0.18903694263276405,MODE_2_PRIOR,full,four_mode_relocalization_v2,1.0,0,0,0,False,0,0,0.8772287038523516,0,0,restarted_se3,0,47.72288165986538,3.969212993979454,0,34,cache_read_only_not_online_fps,178d419b5d7b38d165994fad2d41dc67b8cffa4444c416451632d3659ff5f2cf,cached_perception_v2,0,0,0,,,0,0.0,0,22.14916981756687,1.0081883519887924,74.8494528234005,2.869385520412927,2.812484832225701,2.869385520412927,2.8704587435773306,0.8772287038523516,2.416406271615709
sugar_box_yalehand0_black10_2,34,1.2460984312028147,1.0819047766734728,1.087782558276585,0.8711491361208014,0.052951133627965344,0.04240584109907221,0.3888888888888889,0.0891009055627426,-0.16419365452934187,-0.21663342215578363,MODE_2_PRIOR,full,four_mode_relocalization_v2,1.0,0,0,0,False,0,1,1.0819047766734728,0,0,restarted_se3,0,44.26955059170723,4.431975074112415,0,35,cache_read_only_not_online_fps,178d419b5d7b38d165994fad2d41dc67b8cffa4444c416451632d3659ff5f2cf,cached_perception_v2,0,0,0,,,0,0.0,0,21.47131133824587,0.9565940126776695,71.12943101674318,2.7139029029571056,2.8567102111512415,2.7139029029571056,2.8489756110341813,1.0819047766734728,2.3799118265936956
sugar_box_yalehand0_black10_2,35,1.552328647818099,1.3405446311506983,1.1952787226216688,0.9288667718870292,0.058183837277625224,0.04521542305172811,0.7946843853820601,0.0891009055627426,-0.21178401666740077,-0.26641195073463964,MODE_2_PRIOR,full,four_mode_relocalization_v2,1.0,0,0,0,False,0,1,1.3405446311506983,0,0,restarted_se3,0,44.677465222775936,3.8029393181204796,0,36,cache_read_only_not_online_fps,178d419b5d7b38d165994fad2d41dc67b8cffa4444c416451632d3659ff5f2cf,cached_perception_v2,0,0,0,,,0,0.0,0,22.449922747910023,0.9974110871553421,71.92773837596178,2.6739823271377925,2.779090831826805,2.6739823271377925,2.693043693033732,1.3405446311506983,2.3348284663803174
sugar_box_yalehand0_black10_2,36,1.8421932273834805,1.617066067975434,1.1894939566390748,0.9989294900055037,0.05790224615059324,0.04862593953887197,0.7946843853820601,0.0891009055627426,-0.2251271594080464,-0.19056446663357107,MODE_2_PRIOR,full,four_mode_relocalization_v2,1.0,0,0,0,False,0,1,1.617066067975434,0,0,restarted_se3,0,43.34272909909487,4.169694148004055,0,37,cache_read_only_not_online_fps,178d419b5d7b38d165994fad2d41dc67b8cffa4444c416451632d3659ff5f2cf,cached_perception_v2,0,0,0,,,0,0.0,0,21.803063340485096,0.9583551436662674,70.27384173125029,2.721452539421646,2.738953414697678,2.721452539421646,2.7225662581146297,1.617066067975434,2.3846785971982434
sugar_box_yalehand0_black10_2,37,2.07516083077244,1.8921467470954059,1.2559935425437765,1.2798298238315529,0.061139316310113934,0.06229961999954108,0.7946843853820601,0.7946843853820601,-0.1830140836770342,0.023836281287776373,MODE_3_RELOCALIZE,full,four_mode_relocalization_v2,,0,0,0,False,1,1,1.8921467470954059,0,0,restarted_se3,1,45.514803379774094,3.9752693846821785,0,38,cache_read_only_not_online_fps,178d419b5d7b38d165994fad2d41dc67b8cffa4444c416451632d3659ff5f2cf,cached_perception_v2,1,1,1,0.26713296354012805,,1,2420.8997087553144,0,22.090389393270016,2420.8997087553144,2492.4801709130406,2.7716939437976,2.7375192576179286,2.7716939437976,2.7729199380097618,0.26713296354012805,2.4170268167412616
sugar_box_yalehand0_black10_2,38,0.4706058244060786,1.856684469338719,0.9793228565921861,1.2798762597112194,0.04767152685964317,0.06230188040760761,0.0891009055627426,0.7946843853820601,1.3860786449326403,0.30055340311903334,MODE_1_ACCEPT,full,four_mode_relocalization_v2,0.0,0,0,0,False,0,0,0.4706058244060786,0,0,restarted_se3,0,46.685852110385895,1.554589718580246,0,39,cache_read_only_not_online_fps,178d419b5d7b38d165994fad2d41dc67b8cffa4444c416451632d3659ff5f2cf,cached_perception_v2,0,0,0,,,0,0.0,0,21.75058238208294,1.006878912448883,70.99790312349796,2.512439095106566,2.577829974876505,2.512439095106566,2.546876712468088,0.4706058244060786,2.4377990566349332
sugar_box_yalehand0_black10_2,39,0.6554277544986017,0.5339716475711022,0.922004453954149,0.9512527651105177,0.044881378797114194,0.046305129546424705,0.0891009055627426,0.0891009055627426,-0.12145610692749953,0.029248311156368723,MODE_4_TRUSTED_FUSION,full,four_mode_relocalization_v2,0.4922756636388746,0,0,0,False,0,0,0.5339716475711022,0,0,restarted_se3,0,44.733921997249126,3.8801515474915504,0,40,cache_read_only_not_online_fps,178d419b5d7b38d165994fad2d41dc67b8cffa4444c416451632d3659ff5f2cf,cached_perception_v2,0,0,0,,,0,0.0,0,21.495082415640354,1.282157376408577,71.39131333678961,2.6149708469143604,2.5594948619738567,2.6149708469143604,2.6154848723417414,0.5911640736558572,2.470923424461095
sugar_box_yalehand0_black10_2,40,0.32322292633143723,0.32504045021125255,0.972104748019616,0.9760304602325587,0.04732016341052438,0.04751125942543181,0.0891009055627426,0.0891009055627426,0.0018175238798153193,0.003925712212942689,MODE_4_TRUSTED_FUSION,full,four_mode_relocalization_v2,0.499002682286135,0,0,0,False,0,0,0.32322292633143723,0,0,restarted_se3,0,46.4788693934679,4.255533218383789,0,41,cache_read_only_not_online_fps,178d419b5d7b38d165994fad2d41dc67b8cffa4444c416451632d3659ff5f2cf,cached_perception_v2,0,0,0,,,0,0.0,0,21.02709747850895,1.3195881620049477,73.08108825236559,2.3229081806344385,2.2245585498432607,2.3229081806344385,2.3243373309596196,0.32123990358752197,2.3229081806344385
sugar_box_yalehand0_black10_2,41,0.32808706497325374,0.4152244430417601,0.9775588178688345,0.9976227500502609,0.04758565689468153,0.04856232998615337,0.0891009055627426,0.0891009055627426,0.08713737806850635,0.020063932181426436,MODE_4_TRUSTED_FUSION,full,four_mode_relocalization_v2,0.4949719031831393,0,0,0,False,0,0,0.32808706497325374,0,0,restarted_se3,0,43.72534807771444,3.805396147072315,0,42,cache_read_only_not_online_fps,178d419b5d7b38d165994fad2d41dc67b8cffa4444c416451632d3659ff5f2cf,cached_perception_v2,0,0,0,,,0,0.0,0,20.128990523517132,1.269301399588585,68.92903614789248,2.234947227319164,2.2721749848996198,2.234947227319164,2.2509264459828886,0.363402440230131,2.234947227319164
sugar_box_yalehand0_black10_2,42,0.7954691061018367,1.0419633711079517,0.9492276253626364,0.9712197515896902,0.04620654969276786,0.047277083510166795,0.0891009055627426,0.0891009055627426,0.24649426500611493,0.02199212622705382,MODE_4_TRUSTED_FUSION,full,four_mode_relocalization_v2,0.49433323302443927,0,0,0,False,0,0,0.7954691061018367,0,0,restarted_se3,0,45.9868423640728,3.934483975172043,0,43,cache_read_only_not_online_fps,178d419b5d7b38d165994fad2d41dc67b8cffa4444c416451632d3659ff5f2cf,cached_perception_v2,0,0,0,,,0,0.0,0,21.10718097537756,1.5572039410471916,72.5857112556696,2.882591246443136,2.9528163410082184,2.882591246443136,2.8858328323384206,0.9139690509494154,2.8799503986696133
sugar_box_yalehand0_black10_2,43,0.9619281427898246,0.8368324234727168,0.9389952780889452,0.9473104112269797,0.045708458981812375,0.046113223447445985,0.0891009055627426,0.0891009055627426,-0.12509571931710783,0.008315133138034447,MODE_4_TRUSTED_FUSION,full,four_mode_relocalization_v2,0.4978190451865518,0,0,0,False,0,0,0.8368324234727168,0,0,restarted_se3,0,45.72755005210638,4.540311172604561,0,44,cache_read_only_not_online_fps,178d419b5d7b38d165994fad2d41dc67b8cffa4444c416451632d3659ff5f2cf,cached_perception_v2,0,0,0,,,0,0.0,0,20.152694545686245,1.4667855575680733,71.88734132796526,2.8175112220361713,2.85387647121054,2.8175112220361713,2.817863537997172,0.9002412762020134,2.777025833506315
sugar_box_yalehand0_black10_2,44,1.0759845286920917,0.8882567125132251,0.9939416801577172,0.9257466453309854,0.04838314268232054,0.04506354137560803,0.0891009055627426,0.0891009055627426,-0.18772781617886658,-0.06819503482673184,MODE_4_TRUSTED_FUSION,full,four_mode_relocalization_v2,0.5175788640707393,0,0,0,False,0,0,0.8882567125132251,0,0,restarted_se3,0,46.17380350828171,3.5526342689990997,0,45,cache_read_only_not_online_fps,178d419b5d7b38d165994fad2d41dc67b8cffa4444c416451632d3659ff5f2cf,cached_perception_v2,0,0,0,,,0,0.0,0,20.757107995450497,1.5313457697629929,72.0148915424943,3.0425359505305427,2.9268876843860077,3.0425359505305427,3.042898583292204,0.973484394386461,2.7518121042801686
sugar_box_yalehand0_black10_2,45,1.0077980490987304,1.0428817906591803,0.9755347721085212,0.9791531266566471,0.04748713029420609,0.04766326473737525,0.0891009055627426,0.0891009055627426,0.03508374156044991,0.0036183545481258683,MODE_4_TRUSTED_FUSION,full,four_mode_relocalization_v2,0.49908381609306757,0,0,0,False,0,1,1.0077980490987304,0,0,restarted_se3,0,45.00463046133518,4.197119735181332,0,46,cache_read_only_not_online_fps,178d419b5d7b38d165994fad2d41dc67b8cffa4444c416451632d3659ff5f2cf,cached_perception_v2,0,0,0,,,0,0.0,0,20.60297317802906,1.4690430834889412,71.27376645803452,2.943995683897076,2.9583105573114965,2.943995683897076,2.9443295190249037,1.02139743294032,2.698281892624928
sugar_box_yalehand0_black10_2,46,1.2314092660955667,1.0988652209499639,1.0715031696389874,1.0172229931112935,0.052158684735884614,0.0495164315954949,0.2857142857142857,0.09302325581395349,-0.1325440451456028,-0.0542801765276939,MODE_2_PRIOR,full,four_mode_relocalization_v2,1.0,0,0,0,False,0,1,1.0988652209499639,0,0,restarted_se3,0,48.14331140369177,3.4922249615192413,0,47,cache_read_only_not_online_fps,178d419b5d7b38d165994fad2d41dc67b8cffa4444c416451632d3659ff5f2cf,cached_perception_v2,0,0,0,,,0,0.0,0,21.92251943051815,1.2704301625490189,74.82848595827818,2.9693510635396914,3.0002107861989455,2.9693510635396914,2.969706274955479,1.0988652209499639,2.693639886507239
sugar_box_yalehand0_black10_2,47,1.3951768957971218,1.1599258659642395,1.0609570761526952,1.007527930932507,0.051645321471143174,0.049044494875187764,0.24242424242424243,0.0891009055627426,-0.23525102983288226,-0.05342914522018827,MODE_4_TRUSTED_FUSION,full,four_mode_relocalization_v2,0.5127913643236436,0,0,0,False,0,1,1.1599258659642395,0,0,restarted_se3,0,48.84792398661375,3.860653378069401,0,48,cache_read_only_not_online_fps,178d419b5d7b38d165994fad2d41dc67b8cffa4444c416451632d3659ff5f2cf,cached_perception_v2,0,0,0,,,0,0.0,0,21.91577199846506,1.5362286940217018,76.16057805716991,2.9143945342236166,2.9738298624133304,2.9143945342236166,2.9147694667526616,1.262168676996098,2.6900900525748126
sugar_box_yalehand0_black10_2,48,1.5665511935004133,1.4137453701710043,1.097693797834776,1.03502778970046,0.05343359344152957,0.050383134371926055,0.3888888888888889,0.12499999999999999,-0.15280582332940895,-0.062666008134316,MODE_2_PRIOR,full,four_mode_relocalization_v2,1.0,0,0,0,False,0,1,1.4137453701710043,0,0,restarted_se3,0,47.41346649825573,4.32252325117588,0,49,cache_read_only_not_online_fps,178d419b5d7b38d165994fad2d41dc67b8cffa4444c416451632d3659ff5f2cf,cached_perception_v2,0,0,0,,,0,0.0,0,21.973837167024612,1.624678261578083,75.3345051780343,2.9321263036856093,2.923025881793618,2.9321263036856093,2.9324261852608338,1.4137453701710043,2.6971700393363727
sugar_box_yalehand0_black10_2,49,1.7436820189041449,1.6584770617100442,1.0427015773914363,1.0176177984453945,0.05075667939189889,0.049535649949240285,0.1346153846153846,0.09302325581395349,-0.0852049571941007,-0.025083778946041857,MODE_4_TRUSTED_FUSION,full,four_mode_relocalization_v2,0.5060288288513276,0,0,0,False,0,1,1.6584770617100442,0,0,restarted_se3,0,46.50954715907574,4.013778641819954,0,50,cache_read_only_not_online_fps,178d419b5d7b38d165994fad2d41dc67b8cffa4444c416451632d3659ff5f2cf,cached_perception_v2,0,0,0,,,0,0.0,0,21.030019968748093,1.5531349927186966,73.10648076236248,2.99631721481252,2.9778049137229097,2.99631721481252,2.996508276559253,1.697648580576813,2.5823944848009104
sugar_box_yalehand0_black10_2,50,2.083888634776228,1.902206472629118,1.1353774077098282,1.1110839889419182,0.05526795808260212,0.054085401832116034,0.66,0.5121951219512195,-0.18168216214711008,-0.024293418767910024,MODE_3_RELOCALIZE,full,four_mode_relocalization_v2,,0,0,0,False,1,1,1.902206472629118,0,0,restarted_se3,1,46.74206301569939,4.472139291465282,0,51,cache_read_only_not_online_fps,178d419b5d7b38d165994fad2d41dc67b8cffa4444c416451632d3659ff5f2cf,cached_perception_v2,1,1,1,0.7626924389745601,,1,2420.1507829129696,0,21.27347607165575,2420.1507829129696,2492.63846129179,3.0117932703300294,2.9664097371235156,3.0117932703300294,3.011979915558235,0.7626924389745601,2.6247140130815616
sugar_box_yalehand0_black10_2,51,0.9314932005038399,0.8367306391245739,0.89610939729594,0.9799412509519707,0.04362085793751799,0.0477016290911329,0.0891009055627426,0.0891009055627426,-0.09476256137926597,0.08383185365603074,MODE_4_TRUSTED_FUSION,full,four_mode_relocalization_v2,0.4778930342041502,0,0,0,False,0,0,0.8367306391245739,0,0,restarted_se3,0,46.9687320291996,3.671713173389435,0,52,cache_read_only_not_online_fps,178d419b5d7b38d165994fad2d41dc67b8cffa4444c416451632d3659ff5f2cf,cached_perception_v2,0,0,0,,,0,0.0,0,22.41583541035652,1.3159681111574173,74.37224872410297,3.0747183733373067,3.0547879158337827,3.0747183733373067,3.074954303146024,0.516770163447118,2.754217732785551
sugar_box_yalehand0_black10_2,52,1.0149891547691663,0.7797444740146274,0.9037679388235411,0.9279172797702763,0.0439936608039896,0.04516920362711026,0.0891009055627426,0.0891009055627426,-0.23524468075453886,0.024149340946735154,MODE_4_TRUSTED_FUSION,full,four_mode_relocalization_v2,0.49347909118022926,0,0,0,False,0,0,0.7797444740146274,0,0,restarted_se3,0,48.47941268235445,3.7341350689530373,0,53,cache_read_only_not_online_fps,178d419b5d7b38d165994fad2d41dc67b8cffa4444c416451632d3659ff5f2cf,cached_perception_v2,0,0,0,,,0,0.0,0,22.649098187685013,1.45829189568758,76.32093783468008,2.9196674607596695,2.999659451849127,2.9196674607596695,2.919942808505383,0.5451121073840133,2.8506058366947036
sugar_box_yalehand0_black10_2,53,1.1455861999858086,0.6308232947683586,0.9341525823724994,0.8626630590072645,0.04547272599818432,0.04199275541407278,0.0891009055627426,0.0891009055627426,-0.5147629052174499,-0.07148952336523495,MODE_4_TRUSTED_FUSION,full,four_mode_relocalization_v2,0.5196744022169864,0,0,0,False,0,0,0.6308232947683586,0,0,restarted_se3,0,49.255731515586376,4.125713370740414,0,54,cache_read_only_not_online_fps,178d419b5d7b38d165994fad2d41dc67b8cffa4444c416451632d3659ff5f2cf,cached_perception_v2,0,0,0,,,0,0.0,0,22.69186358898878,1.4371564611792564,77.51046493649483,3.012142501256431,2.9898403408814156,3.012142501256431,3.0121799191902503,0.8547714872931683,2.9527619198998845
sugar_box_yalehand0_black10_2,54,1.14411745101044,1.2495028596550963,0.9265478984462628,0.9522085299337091,0.04510254481471823,0.04635165431415944,0.0891009055627426,0.0891009055627426,0.1053854086446564,0.02566063148744624,MODE_4_TRUSTED_FUSION,full,four_mode_relocalization_v2,0.4932427795624792,0,0,0,False,0,1,1.14411745101044,0,0,restarted_se3,0,48.10206778347492,4.023942165076733,0,55,cache_read_only_not_online_fps,178d419b5d7b38d165994fad2d41dc67b8cffa4444c416451632d3659ff5f2cf,cached_perception_v2,0,0,0,,,0,0.0,0,22.549443878233433,1.3909107074141502,76.06636453419924,2.9486809338406506,2.974525744556836,2.9486809338406506,2.9489421591526095,1.194953743493382,2.9486809338406506
sugar_box_yalehand0_black10_2,55,0.998270456700799,1.4399265318840446,0.9204318075507736,1.0276034869335857,0.044804825437050576,0.050021733791532415,0.0891009055627426,0.12499999999999999,0.4416560751832457,0.10717167938281214,MODE_4_TRUSTED_FUSION,full,four_mode_relocalization_v2,0.47277191123472917,0,0,0,False,0,0,0.998270456700799,0,0,restarted_se3,0,47.36716113984585,5.919015966355801,0,56,cache_read_only_not_online_fps,178d419b5d7b38d165994fad2d41dc67b8cffa4444c416451632d3659ff5f2cf,cached_perception_v2,0,0,0,,,0,0.0,0,22.751903161406517,1.4601116999983788,77.49819196760654,2.920989761139715,2.9048417023119777,2.920989761139715,2.921242857419966,1.221820490274363,2.920989761139715
sugar_box_yalehand0_black10_2,56,1.133141017249239,1.317186749339411,0.9710189749207628,1.0001584455388397,0.04726731009346245,0.04868576269762127,0.0891009055627426,0.0891009055627426,0.18404573209017183,0.029139470618076868,MODE_4_TRUSTED_FUSION,full,four_mode_relocalization_v2,0.4926828542954874,0,0,0,False,0,1,1.133141017249239,0,0,restarted_se3,0,47.0997579395771,4.815483465790749,0,57,cache_read_only_not_online_fps,178d419b5d7b38d165994fad2d41dc67b8cffa4444c416451632d3659ff5f2cf,cached_perception_v2,0,0,0,,,0,0.0,0,23.584112524986267,1.3505099341273308,76.84986386448145,3.1100168589602095,3.01997821407069,3.1100168589602095,3.1101439064912353,1.2293963956518348,2.990848732770295
sugar_box_yalehand0_black10_2,57,1.1160697118115424,1.1917907021303358,0.94703371062481,0.9733611346369496,0.04609975420173236,0.04738132186094872,0.0891009055627426,0.0891009055627426,0.07572099031879342,0.02632742401213961,MODE_4_TRUSTED_FUSION,full,four_mode_relocalization_v2,0.4932159621851118,0,0,0,False,0,1,1.1160697118115424,0,0,restarted_se3,0,46.905080787837505,3.5017989575862885,0,58,cache_read_only_not_online_fps,178d419b5d7b38d165994fad2d41dc67b8cffa4444c416451632d3659ff5f2cf,cached_perception_v2,0,0,0,,,0,0.0,0,22.739836014807224,1.533694565296173,74.68041032552719,2.9879879371769764,3.0176234762830014,2.9879879371769764,2.9881944641689193,1.1521431885771019,2.9743981989710906
sugar_box_yalehand0_black10_2,58,1.2608162420240132,1.1192268708472388,0.9190829113562006,0.9195409713817035,0.04473916380081121,0.04476146126957966,0.0891009055627426,0.0891009055627426,-0.1415893711767744,0.000458060025502971,MODE_4_TRUSTED_FUSION,full,four_mode_relocalization_v2,0.49987677441634176,0,0,0,False,0,1,1.1192268708472388,0,0,restarted_se3,0,46.87144886702299,3.363831900060177,0,59,cache_read_only_not_online_fps,178d419b5d7b38d165994fad2d41dc67b8cffa4444c416451632d3659ff5f2cf,cached_perception_v2,0,0,0,,,0,0.0,0,22.807680070400238,1.7562229186296463,74.79918375611305,3.049502922958975,3.0598707351114,3.049502922958975,3.0496728521263416,1.1907135799733166,3.015874005889151
sugar_box_yalehand0_black10_2,59,1.2720547013220664,1.2375237213955508,0.9582851985053829,0.9306329527245357,0.046647454689982104,0.04530139729062943,0.0891009055627426,0.0891009055627426,-0.03453097992651566,-0.02765224578084713,MODE_4_TRUSTED_FUSION,full,four_mode_relocalization_v2,0.5072429102743433,0,0,0,False,0,1,1.2375237213955508,0,0,restarted_se3,0,44.87928748130798,3.7706363946199417,0,60,cache_read_only_not_online_fps,178d419b5d7b38d165994fad2d41dc67b8cffa4444c416451632d3659ff5f2cf,cached_perception_v2,0,0,0,,,0,0.0,0,21.882720291614532,1.5382440760731697,72.07088824361563,3.053884729327931,3.095412798170019,3.053884729327931,3.0646159255458474,1.2548925720389432,3.053884729327931
sugar_box_yalehand0_black10_2,60,1.2347483960287655,1.2582456532717996,0.9031422523666368,0.9564931028319905,0.04396320360743256,0.04656021896740696,0.0891009055627426,0.0891009055627426,0.023497257243034086,0.053350850465353705,MODE_4_TRUSTED_FUSION,full,four_mode_relocalization_v2,0.48580819138196196,0,0,0,False,0,1,1.2347483960287655,0,0,restarted_se3,0,47.07557801157236,3.2369904220104218,0,61,cache_read_only_not_online_fps,178d419b5d7b38d165994fad2d41dc67b8cffa4444c416451632d3659ff5f2cf,cached_perception_v2,0,0,0,,,0,0.0,0,22.949492558836937,1.577884890139103,74.83994588255882,3.1871384409997963,3.1266716454731287,3.1871384409997963,3.1873715667917892,1.2454432673595295,2.9647251148673512
sugar_box_yalehand0_black10_2,61,1.2645228568729472,1.2400165537655372,0.9485002209129062,0.9358621397096859,0.04617114106268258,0.045555943915512806,0.0891009055627426,0.0891009055627426,-0.024506303107409977,-0.012638081203220297,MODE_4_TRUSTED_FUSION,full,four_mode_relocalization_v2,0.5033181923421046,0,0,0,False,0,1,1.2400165537655372,0,0,restarted_se3,0,48.128968104720116,4.0361834689974785,0,62,cache_read_only_not_online_fps,178d419b5d7b38d165994fad2d41dc67b8cffa4444c416451632d3659ff5f2cf,cached_perception_v2,0,0,0,,,0,0.0,0,22.652936168015003,1.4029871672391891,76.22107490897179,3.1480541511942697,3.160135448217849,3.1480541511942697,3.1482183966592405,1.250208321223699,2.8485036885001787
sugar_box_yalehand0_black10_2,62,1.3021893606881274,1.3032405108959286,0.9490611428888555,0.9624071150762482,0.04619844565060538,0.046848101550410734,0.0891009055627426,0.0891009055627426,0.0010511502078012214,0.013345972187392752,MODE_4_TRUSTED_FUSION,full,four_mode_relocalization_v2,0.4965451225687102,0,0,0,False,0,1,1.3021893606881274,0,0,restarted_se3,0,43.57723705470562,2.7361949905753136,0,63,cache_read_only_not_online_fps,178d419b5d7b38d165994fad2d41dc67b8cffa4444c416451632d3659ff5f2cf,cached_perception_v2,0,0,0,,,0,0.0,0,22.168315015733242,0.9630797430872917,69.44482680410147,3.1920920960134587,3.2118173952015403,3.1920920960134587,3.1923171920541207,1.3034830322346218,2.772671615054601
sugar_box_yalehand0_black10_2,63,1.3278965443010546,1.346240503494695,0.9388139428787065,0.9578713712067377,0.04569963193740377,0.04662731038409787,0.0891009055627426,0.0891009055627426,0.01834395919364029,0.019057428328031256,MODE_4_TRUSTED_FUSION,full,four_mode_relocalization_v2,0.49502854532562524,0,0,0,False,0,1,1.3278965443010546,0,0,restarted_se3,0,45.15162203460932,3.1566759571433067,0,64,cache_read_only_not_online_fps,178d419b5d7b38d165994fad2d41dc67b8cffa4444c416451632d3659ff5f2cf,cached_perception_v2,0,0,0,,,0,0.0,0,22.818169556558132,1.0838182643055916,72.21028581261635,3.1868793146395262,3.228395372397287,3.1868793146395262,3.1871133669625316,1.3369107619976637,2.7146795909146424
sugar_box_yalehand0_black10_2,64,1.2948202506919217,1.3386445070381974,0.976894330415422,0.9623492130759641,0.04755331094128115,0.04684528299395288,0.0891009055627426,0.0891009055627426,0.043824256346275625,-0.014545117339457847,MODE_4_TRUSTED_FUSION,full,four_mode_relocalization_v2,0.5037119217229978,0,0,0,False,0,1,1.2948202506919217,0,0,restarted_se3,0,44.79801282286644,2.9195984825491905,0,65,cache_read_only_not_online_fps,178d419b5d7b38d165994fad2d41dc67b8cffa4444c416451632d3659ff5f2cf,cached_perception_v2,0,0,0,,,0,0.0,0,23.34446646273136,0.9034760296344757,71.96555379778147,3.166109841233438,3.178570955826783,3.166109841233438,3.1663322927864517,1.3175288476393752,2.666081761351046
sugar_box_yalehand0_black10_2,65,1.2935258903157765,1.31472276469324,0.9442895212402482,0.9697627374882084,0.04596617241399659,0.04720615890506224,0.0891009055627426,0.0891009055627426,0.021196874377463537,0.025473216247960173,MODE_4_TRUSTED_FUSION,full,four_mode_relocalization_v2,0.4934145480989465,0,0,0,False,0,1,1.2935258903157765,0,0,restarted_se3,0,45.78262008726597,2.947409637272358,0,66,cache_read_only_not_online_fps,178d419b5d7b38d165994fad2d41dc67b8cffa4444c416451632d3659ff5f2cf,cached_perception_v2,0,0,0,,,0,0.0,0,23.17408286035061,0.9770449250936508,72.88115750998259,3.2906540272024083,3.2354764880889113,3.2906540272024083,3.2907112140238173,1.3035574620502497,2.7169148776253182
sugar_box_yalehand0_black10_2,66,1.3046210781605503,1.276336048413771,0.9284672092166087,0.8874331174747446,0.04519597312012809,0.04319851355562828,0.0891009055627426,0.0891009055627426,-0.028285029746779378,-0.04103409174186412,MODE_4_TRUSTED_FUSION,full,four_mode_relocalization_v2,0.5111754682825879,0,0,0,False,0,1,1.276336048413771,0,0,restarted_se3,0,46.10657785087824,2.9949331656098366,0,67,cache_read_only_not_online_fps,178d419b5d7b38d165994fad2d41dc67b8cffa4444c416451632d3659ff5f2cf,cached_perception_v2,0,0,0,,,0,0.0,0,22.566827945411205,1.060384325683117,72.7287232875824,3.15576868032328,3.2070901881206773,3.15576868032328,3.1612882053869806,1.2902884091024502,2.8703184161663056
sugar_box_yalehand0_black10_2,67,1.3013835122276556,1.27308304702434,0.894878250878786,0.9073786661909421,0.043560928130816925,0.044169423970875005,0.0891009055627426,0.0891009055627426,-0.02830046520331564,0.012500415312156066,MODE_4_TRUSTED_FUSION,full,four_mode_relocalization_v2,0.4965700732989239,0,0,0,False,0,1,1.27308304702434,0,0,restarted_se3,0,45.78161519020796,2.8541870415210724,0,68,cache_read_only_not_online_fps,178d419b5d7b38d165994fad2d41dc67b8cffa4444c416451632d3659ff5f2cf,cached_perception_v2,0,0,0,,,0,0.0,0,23.26531521975994,1.010870561003685,72.91198801249266,3.2573685178893705,3.210200274961113,3.2573685178893705,3.219093145933284,1.2859248376686954,3.112260180015755
sugar_box_yalehand0_black10_2,68,1.3049545169332415,1.2958631683645276,0.9349048642220733,0.9093750210512764,0.04550934561158002,0.044266602632340106,0.0891009055627426,0.0891009055627426,-0.009091348568713853,-0.025529843170796873,MODE_4_TRUSTED_FUSION,full,four_mode_relocalization_v2,0.5068471057839723,0,0,0,False,0,1,1.2958631683645276,0,0,restarted_se3,0,46.43002524971962,2.6464788243174553,0,69,cache_read_only_not_online_fps,178d419b5d7b38d165994fad2d41dc67b8cffa4444c416451632d3659ff5f2cf,cached_perception_v2,0,0,0,,,0,0.0,0,22.81872369349003,0.9590229019522667,72.85425066947937,3.1306389782981676,3.2062708559746405,3.1306389782981676,3.130817704423271,1.2962720785604347,3.1306389782981676
sugar_box_yalehand0_black10_2,69,1.3263610588635,1.3345053731015273,0.8848582927690813,0.9270232641349045,0.04307317611017947,0.04512568468942012,0.0891009055627426,0.0891009055627426,0.008144314238027306,0.0421649713658232,MODE_4_TRUSTED_FUSION,full,four_mode_relocalization_v2,0.48849134890656215,0,0,0,False,0,1,1.3263610588635,0,0,restarted_se3,0,44.028048403561115,2.476324327290058,0,70,cache_read_only_not_online_fps,178d419b5d7b38d165994fad2d41dc67b8cffa4444c416451632d3659ff5f2cf,cached_perception_v2,0,0,0,,,0,0.0,0,22.07476831972599,0.935601070523262,69.51474212110043,3.1281971210371946,3.1463956725030147,3.1281971210371946,3.12833073153685,1.3312323592596373,3.1281971210371946
sugar_box_yalehand0_black10_2,70,1.1808744407605551,1.3204424051952255,0.8950579872593595,0.9150814844902767,0.04356967734731533,0.04454438214424948,0.0891009055627426,0.0891009055627426,0.13956796443467034,0.02002349723091723,MODE_4_TRUSTED_FUSION,full,four_mode_relocalization_v2,0.4945295160450874,0,0,0,False,0,1,1.1808744407605551,0,0,restarted_se3,0,43.005856685340405,2.5483649224042892,0,71,cache_read_only_not_online_fps,178d419b5d7b38d165994fad2d41dc67b8cffa4444c416451632d3659ff5f2cf,cached_perception_v2,0,0,0,,,0,0.0,0,21.880381740629673,0.9571453556418419,68.39174870401621,3.2377550088450064,3.1606190331114172,3.2377550088450064,3.237950908488432,1.2494361921116737,3.1108229484755436
sugar_box_yalehand0_black10_2,71,1.2214080497430482,1.1764801917347438,0.8752298407751217,0.8750769754122546,0.0426044818437717,0.04259704065601347,0.0891009055627426,0.0891009055627426,-0.044927858008304344,-0.00015286536286707175,MODE_4_TRUSTED_FUSION,full,four_mode_relocalization_v2,0.500043174821864,0,0,0,False,0,1,1.1764801917347438,0,0,restarted_se3,0,45.10320443660021,2.6686908677220345,0,72,cache_read_only_not_online_fps,178d419b5d7b38d165994fad2d41dc67b8cffa4444c416451632d3659ff5f2cf,cached_perception_v2,0,0,0,,,0,0.0,0,24.081867188215256,0.9397538378834724,72.79351633042097,2.967780763607675,3.0430831310831254,2.967780763607675,2.9680137042477654,1.198854583469146,2.967780763607675
sugar_box_yalehand0_black10_2,72,1.1711662065635084,1.1452774197667397,0.8444200027457835,0.8574840700429263,0.041104719011453295,0.04174065233095026,0.0891009055627426,0.0891009055627426,-0.02588878679676876,0.013064067297142712,MODE_4_TRUSTED_FUSION,full,four_mode_relocalization_v2,0.49620650548901224,0,0,0,False,0,1,1.1452774197667397,0,0,restarted_se3,0,45.64542043954134,2.9648756608366966,0,73,cache_read_only_not_online_fps,178d419b5d7b38d165994fad2d41dc67b8cffa4444c416451632d3659ff5f2cf,cached_perception_v2,0,0,0,,,0,0.0,0,22.738669998943806,0.9916285052895546,72.3405946046114,3.008059558624638,3.0079964105733676,3.008059558624638,3.008085466484325,1.1606564511710131,2.896115745454053
sugar_box_yalehand0_black10_2,73,1.1902013373814204,1.1550041252899734,0.8563850678864824,0.828602998741629,0.0416871550491631,0.04033477810162203,0.0891009055627426,0.0891009055627426,-0.035197212091446994,-0.027782069144853372,MODE_4_TRUSTED_FUSION,full,four_mode_relocalization_v2,0.5081472913765891,0,0,0,False,0,1,1.1550041252899734,0,0,restarted_se3,0,46.42437677830458,2.5508981198072433,0,74,cache_read_only_not_online_fps,178d419b5d7b38d165994fad2d41dc67b8cffa4444c416451632d3659ff5f2cf,cached_perception_v2,0,0,0,,,0,0.0,0,21.72021009027958,0.942060723900795,71.6375457122922,2.9440249042526117,2.95715366961523,2.9440249042526117,2.9441056221970943,1.1723448634930855,2.8209593829630037
sugar_box_yalehand0_black10_2,74,1.3234418601253015,1.1593072972969651,0.8874615921480075,0.8033334194690674,0.04319989964719362,0.0391047042614018,0.0891009055627426,0.0891009055627426,-0.16413456282833638,-0.08412817267894002,MODE_4_TRUSTED_FUSION,full,four_mode_relocalization_v2,0.5245874497259086,0,0,0,False,0,1,1.1593072972969651,0,0,restarted_se3,0,44.08872872591019,2.277003601193428,0,75,cache_read_only_not_online_fps,178d419b5d7b38d165994fad2d41dc67b8cffa4444c416451632d3659ff5f2cf,cached_perception_v2,0,0,0,,,0,0.0,0,22.135951556265354,0.9552063420414925,69.45689022541046,3.117402970657461,2.998554444471119,3.117402970657461,3.1174532318299675,1.2370221696253954,2.723436384088785
sugar_box_yalehand0_black10_2,75,1.2802373199723267,1.2834233454536863,0.843578137189372,0.8922750345778492,0.04106373863790791,0.043434208637877274,0.0891009055627426,0.0891009055627426,0.0031860254813596,0.048696897388477156,MODE_4_TRUSTED_FUSION,full,four_mode_relocalization_v2,0.4861329813416389,0,0,0,False,0,1,1.2802373199723267,0,0,restarted_se3,0,45.51313631236553,2.658606506884098,0,76,cache_read_only_not_online_fps,178d419b5d7b38d165994fad2d41dc67b8cffa4444c416451632d3659ff5f2cf,cached_perception_v2,0,0,0,,,0,0.0,0,22.978625260293484,0.9614536538720131,72.11182173341513,3.1593576772605285,3.0942463544225878,3.1593576772605285,3.1592100535038705,1.2827935669696713,2.623829763763077
sugar_box_yalehand0_black10_2,76,1.299662723437431,1.3256103493652158,0.8640811641430635,0.8920353832426205,0.042061786006605144,0.043422542878227735,0.0891009055627426,0.0891009055627426,0.02594762592778488,0.027954219099557087,MODE_4_TRUSTED_FUSION,full,four_mode_relocalization_v2,0.4921305223070232,0,0,0,False,0,1,1.299662723437431,0,0,restarted_se3,0,44.882128946483135,2.5628888979554176,0,77,cache_read_only_not_online_fps,178d419b5d7b38d165994fad2d41dc67b8cffa4444c416451632d3659ff5f2cf,cached_perception_v2,0,0,0,,,0,0.0,0,20.969342440366745,0.9408732876181602,69.35523357242346,3.305696428824993,3.2573491631570826,3.305696428824993,3.3056906881732315,1.312688005601587,2.554204474781196
sugar_box_yalehand0_black10_2,77,1.2090716687597929,1.3711657681116929,0.8336191200110091,0.9105031514377006,0.04057895310296591,0.0443215178195591,0.0891009055627426,0.0891009055627426,0.1620940993519,0.07688403142669142,MODE_4_TRUSTED_FUSION,full,four_mode_relocalization_v2,0.4782089845270323,0,0,0,False,0,1,1.2090716687597929,0,0,restarted_se3,0,44.28159538656473,2.536812797188759,0,78,cache_read_only_not_online_fps,178d419b5d7b38d165994fad2d41dc67b8cffa4444c416451632d3659ff5f2cf,cached_perception_v2,0,0,0,,,0,0.0,0,22.305061109364033,0.9229658171534538,70.04643511027098,3.100470267043608,3.2671591268615714,3.100470267043608,3.1005606327542186,1.2882883571240866,2.5059392086400942
sugar_box_yalehand0_black10_2,78,1.190544117158275,1.2798569545417764,0.8782429473655835,0.8440424414304428,0.04275115399666926,0.041086340062913215,0.0891009055627426,0.0891009055627426,0.08931283738350149,-0.03420050593514068,MODE_4_TRUSTED_FUSION,full,four_mode_relocalization_v2,0.509814840368596,0,0,0,False,0,1,1.190544117158275,0,0,restarted_se3,0,45.54806277155876,2.5995830073952675,0,79,cache_read_only_not_online_fps,178d419b5d7b38d165994fad2d41dc67b8cffa4444c416451632d3659ff5f2cf,cached_perception_v2,0,0,0,,,0,0.0,0,21.72754891216755,0.9509474039077759,70.82614209502935,3.2285449445680063,3.279616435620218,3.2285449445680063,3.2286243000664876,1.233950462462975,2.495435343829326
sugar_box_yalehand0_black10_2,79,1.1889133914379677,1.1553203071458253,0.8748732498790652,0.8701671578755661,0.0425871236943475,0.042358040313071756,0.0891009055627426,0.0891009055627426,-0.03359308429214236,-0.0047060920034991405,MODE_4_TRUSTED_FUSION,full,four_mode_relocalization_v2,0.5013331400184446,0,0,0,False,0,1,1.1553203071458253,0,0,restarted_se3,0,44.83821149915457,3.462675027549267,0,80,cache_read_only_not_online_fps,178d419b5d7b38d165994fad2d41dc67b8cffa4444c416451632d3659ff5f2cf,cached_perception_v2,0,0,0,,,0,0.0,0,22.62861467897892,0.8280090987682343,71.75751030445099,3.195733161401746,3.218471087966656,3.195733161401746,3.1957601749604763,1.1710710557398496,2.45922616390556
sugar_box_yalehand0_black10_2,80,1.2192859377599463,1.093749119678928,0.9005217273784729,0.8793285374923363,0.04383564156135275,0.04280399840700616,0.0891009055627426,0.0891009055627426,-0.12553681808101835,-0.02119318988613661,MODE_4_TRUSTED_FUSION,full,four_mode_relocalization_v2,0.5058874869481595,0,0,0,False,0,1,1.093749119678928,0,0,restarted_se3,0,45.46788800507784,2.8862664476037025,0,81,cache_read_only_not_online_fps,178d419b5d7b38d165994fad2d41dc67b8cffa4444c416451632d3659ff5f2cf,cached_perception_v2,0,0,0,,,0,0.0,0,23.42589944601059,0.9407633915543556,72.72081729024649,3.008680871071273,3.081053355903684,3.008680871071273,3.0089148643541526,1.1548426498254567,2.4413574200164847
sugar_box_yalehand0_black10_2,81,1.1710736945437397,1.1558182711172884,0.8404990313842515,0.895995385190301,0.0409138537719473,0.043615308050553026,0.0891009055627426,0.0891009055627426,-0.015255423426451253,0.05549635380604945,MODE_4_TRUSTED_FUSION,full,four_mode_relocalization_v2,0.48420252484654175,0,0,0,False,0,1,1.1558182711172884,0,0,restarted_se3,0,45.7940474152565,2.5215912610292435,0,82,cache_read_only_not_online_fps,178d419b5d7b38d165994fad2d41dc67b8cffa4444c416451632d3659ff5f2cf,cached_perception_v2,0,0,0,,,0,0.0,0,21.017015911638737,0.9107766672968864,70.24343125522137,2.9293226471047884,2.923772441220063,2.9293226471047884,2.8959998997318968,1.1611607463578806,2.407292773361899
sugar_box_yalehand0_black10_2,82,1.1758929170128405,1.188627630803501,0.847283967723466,0.8634932833504956,0.041244131241485134,0.042033169116062336,0.0891009055627426,0.0891009055627426,0.012734713790660601,0.01620931562702954,MODE_4_TRUSTED_FUSION,full,four_mode_relocalization_v2,0.49531733051813237,0,0,0,False,0,1,1.1758929170128405,0,0,restarted_se3,0,46.37180734425783,3.554665483534336,0,83,cache_read_only_not_online_fps,178d419b5d7b38d165994fad2d41dc67b8cffa4444c416451632d3659ff5f2cf,cached_perception_v2,0,0,0,,,0,0.0,0,20.989720709621906,0.9306007996201515,71.84679433703423,2.9826625418092387,2.894301263846274,2.9826625418092387,2.9826989845107486,1.1778778467719473,2.4047337977493335
sugar_box_yalehand0_black10_2,83,1.1229786666976458,1.141935740912502,0.7943415289457295,0.8006829968222563,0.038666996566011226,0.03897568685560313,0.0891009055627426,0.0891009055627426,0.01895707421485615,0.006341467876526785,MODE_4_TRUSTED_FUSION,full,four_mode_relocalization_v2,0.49803672706657154,0,0,0,False,0,1,1.1229786666976458,0,0,restarted_se3,0,44.583928771317005,2.5220531970262527,0,84,cache_read_only_not_online_fps,178d419b5d7b38d165994fad2d41dc67b8cffa4444c416451632d3659ff5f2cf,cached_perception_v2,0,0,0,,,0,0.0,0,21.533227525651455,0.8998885750770569,69.53909806907177,3.0135040379424436,2.914227506740115,3.0135040379424436,3.013571887831367,1.131614461262553,2.3877237653385945
sugar_box_yalehand0_black10_2,84,1.18214877318188,1.1800690458842333,0.8322709462746328,0.7934005814108437,0.040513326634582666,0.038621193074975683,0.0891009055627426,0.0891009055627426,-0.0020797272976467163,-0.03887036486378914,MODE_4_TRUSTED_FUSION,full,four_mode_relocalization_v2,0.511809879495958,0,0,0,False,0,1,1.1800690458842333,0,0,restarted_se3,0,46.97431344538927,2.561274915933609,0,85,cache_read_only_not_online_fps,178d419b5d7b38d165994fad2d41dc67b8cffa4444c416451632d3659ff5f2cf,cached_perception_v2,0,0,0,,,0,0.0,0,23.04518036544323,1.0211551561951637,73.60192388296127,3.1129886234317485,3.074982452336934,3.1129886234317485,3.1130185685732874,1.1805466935606759,2.4155344639588248
sugar_box_yalehand0_black10_2,85,1.1339834528356791,1.1897764055156528,0.8279355553252745,0.8257400439822927,0.04030228825771014,0.04019541504704924,0.0891009055627426,0.0891009055627426,0.05579295267997364,-0.002195511342981793,MODE_4_TRUSTED_FUSION,full,four_mode_relocalization_v2,0.5006558951280313,0,0,0,False,0,1,1.1339834528356791,0,0,restarted_se3,0,45.978120528161526,2.650916576385498,0,86,cache_read_only_not_online_fps,178d419b5d7b38d165994fad2d41dc67b8cffa4444c416451632d3659ff5f2cf,cached_perception_v2,0,0,0,,,0,0.0,0,22.247985936701298,0.8963253349065781,71.7733483761549,3.2455309868573194,3.202362797306087,3.2455309868573194,3.211483948464004,1.1606169904745591,2.4036628912836955
sugar_box_yalehand0_black10_2,86,1.1968402040616692,1.115130502676622,0.8488825424671713,0.8464764425343209,0.041321946742592576,0.04120482249005036,0.0891009055627426,0.0891009055627426,-0.08170970138504718,-0.0024060999328504584,MODE_4_TRUSTED_FUSION,full,four_mode_relocalization_v2,0.5007013400558975,0,0,0,False,0,1,1.115130502676622,0,0,restarted_se3,0,45.90686038136482,2.5692787021398544,0,87,cache_read_only_not_online_fps,178d419b5d7b38d165994fad2d41dc67b8cffa4444c416451632d3659ff5f2cf,cached_perception_v2,0,0,0,,,0,0.0,0,21.497727371752262,0.9518815204501152,70.92574797570705,3.0994239895810183,3.213556732683418,3.0994239895810183,3.0994122209566464,1.1541559088832107,2.4018437855612884
sugar_box_yalehand0_black10_2,87,1.12656340983441,1.1593741830273019,0.8378516280194241,0.8621966199938882,0.04078498333890763,0.04197005007251471,0.0891009055627426,0.0891009055627426,0.03281077319289194,0.024344991974464048,MODE_4_TRUSTED_FUSION,full,four_mode_relocalization_v2,0.4929231659627621,0,0,0,False,0,1,1.12656340983441,0,0,restarted_se3,0,45.77843379229307,2.656988799571991,0,88,cache_read_only_not_online_fps,178d419b5d7b38d165994fad2d41dc67b8cffa4444c416451632d3659ff5f2cf,cached_perception_v2,0,0,0,,,0,0.0,0,21.882345899939537,0.946391373872757,71.26415986567736,3.2361246263967915,3.2278786782070954,3.2361246263967915,3.147294705442634,1.141359475893684,2.397641194672707
sugar_box_yalehand0_black10_2,88,1.1720756792622562,1.1712451102713834,0.8631675216730259,0.8474348519691454,0.0420173116728782,0.04125147599232208,0.0891009055627426,0.0891009055627426,-0.0008305689908727487,-0.015732669703880542,MODE_4_TRUSTED_FUSION,full,four_mode_relocalization_v2,0.5045454316784421,0,0,0,False,0,1,1.1712451102713834,0,0,restarted_se3,0,44.53727230429649,2.702687866985798,0,89,cache_read_only_not_online_fps,178d419b5d7b38d165994fad2d41dc67b8cffa4444c416451632d3659ff5f2cf,cached_perception_v2,0,0,0,,,0,0.0,0,22.32178021222353,1.2562889605760574,70.81802934408188,3.256680427153444,3.2756618856453006,3.256680427153444,3.2565426978126664,1.1724950682310662,2.4200425972542274
sugar_box_yalehand0_black10_2,89,1.0638519863775628,1.1213497235969367,0.8354536772545702,0.8697522172245844,0.04066825577197161,0.04233784181136695,0.0891009055627426,0.0891009055627426,0.0574977372193739,0.0342985399700142,MODE_4_TRUSTED_FUSION,full,four_mode_relocalization_v2,0.4900595806912748,0,0,0,False,0,1,1.0638519863775628,0,0,restarted_se3,0,45.34132871776819,2.5492506101727486,0,90,cache_read_only_not_online_fps,178d419b5d7b38d165994fad2d41dc67b8cffa4444c416451632d3659ff5f2cf,cached_perception_v2,0,0,0,,,0,0.0,0,21.143339574337006,1.0398384183645248,70.07375732064247,3.135270297709701,3.207172430340071,3.135270297709701,3.1679997519210286,1.0919752399555651,2.41794133417531
sugar_box_yalehand0_black10_2,90,1.1102583610975119,1.1254119250780852,0.812679722123499,0.865087517965846,0.03955966404818703,0.04211077334818525,0.0891009055627426,0.0891009055627426,0.015153563980573326,0.052407795842347005,MODE_4_TRUSTED_FUSION,full,four_mode_relocalization_v2,0.4845656711341688,0,0,0,False,0,1,1.1102583610975119,0,0,restarted_se3,0,43.893919326364994,3.117724321782589,0,91,cache_read_only_not_online_fps,178d419b5d7b38d165994fad2d41dc67b8cffa4444c416451632d3659ff5f2cf,cached_perception_v2,0,0,0,,,0,0.0,0,21.74310851842165,0.9610932320356369,69.71584539860487,3.172546887467784,3.2032390780521545,3.172546887467784,3.174073090763042,1.119452349564286,2.4574000130062164
sugar_box_yalehand0_black10_2,91,1.1081614411337437,1.050512940108169,0.8544527215578518,0.8179622825598795,0.04159309219819688,0.03981680878859154,0.0891009055627426,0.0891009055627426,-0.05764850102557473,-0.03649043899797233,MODE_4_TRUSTED_FUSION,full,four_mode_relocalization_v2,0.5107805824544186,0,0,0,False,0,1,1.050512940108169,0,0,restarted_se3,0,43.298954144120216,2.450333908200264,0,92,cache_read_only_not_online_fps,178d419b5d7b38d165994fad2d41dc67b8cffa4444c416451632d3659ff5f2cf,cached_perception_v2,0,0,0,,,0,0.0,0,22.4404139444232,0.8763913065195084,69.06609330326319,3.0099708539109504,3.0452244072291212,3.0099708539109504,3.018186193834083,1.076862371539777,2.4371764122003396
sugar_box_yalehand0_black10_2,92,1.0308628931264303,1.0816238344965317,0.8276355677373866,0.8279592445342269,0.04028768544694421,0.040303441402205084,0.0891009055627426,0.0891009055627426,0.05076094137010134,0.0003236767968403109,MODE_4_TRUSTED_FUSION,full,four_mode_relocalization_v2,0.4999034143593459,0,0,0,False,0,1,1.0308628931264303,0,0,restarted_se3,0,45.72753235697746,2.781294286251068,0,93,cache_read_only_not_online_fps,178d419b5d7b38d165994fad2d41dc67b8cffa4444c416451632d3659ff5f2cf,cached_perception_v2,0,0,0,,,0,0.0,0,22.308644838631153,0.8524144068360329,71.66988588869572,3.1893089992907075,3.0879079610883733,3.1893089992907075,3.1750140700587814,1.0557837903159526,2.477218792231973
sugar_box_yalehand0_black10_2,93,1.0344808228145967,0.9820460866040761,0.797163597501257,0.8117225896070751,0.03880436935991571,0.03951307270381291,0.0891009055627426,0.0891009055627426,-0.05243473621052064,0.014558992105818125,MODE_4_TRUSTED_FUSION,full,four_mode_relocalization_v2,0.49553099773911646,0,0,0,False,0,0,0.9820460866040761,0,0,restarted_se3,0,43.12035068869591,2.35917791724205,0,94,cache_read_only_not_online_fps,178d419b5d7b38d165994fad2d41dc67b8cffa4444c416451632d3659ff5f2cf,cached_perception_v2,0,0,0,,,0,0.0,0,22.132894955575466,0.9151594713330269,68.52758303284645,3.0869444407613638,3.057388649558257,3.0869444407613638,3.0869335583175324,1.007749393618095,2.470439233067539
sugar_box_yalehand0_black10_2,94,1.0955697340434092,1.0690052098998897,0.8654445971231461,0.8007144571245622,0.042128155265214615,0.03897721828176795,0.0891009055627426,0.0891009055627426,-0.026564524143519508,-0.0647301399985839,MODE_4_TRUSTED_FUSION,full,four_mode_relocalization_v2,0.5191945533950425,0,0,0,False,0,1,1.0690052098998897,0,0,restarted_se3,0,44.70110218971968,2.6494329795241356,0,95,cache_read_only_not_online_fps,178d419b5d7b38d165994fad2d41dc67b8cffa4444c416451632d3659ff5f2cf,cached_perception_v2,0,0,0,,,0,0.0,0,21.734838373959064,0.956912524998188,70.04228606820107,3.202968910065694,3.179426925600998,3.202968910065694,3.2029332741267957,1.0814774064472712,2.506180931368181
sugar_box_yalehand0_black10_2,95,1.1379421264225162,1.098161584456165,0.8400185141994485,0.866898059094651,0.040890463132458324,0.04219890695955898,0.0891009055627426,0.0891009055627426,-0.03978054196635128,0.0268795448952025,MODE_4_TRUSTED_FUSION,full,four_mode_relocalization_v2,0.49221747439601854,0,0,0,False,0,1,1.098161584456165,0,0,restarted_se3,0,44.65653654187918,2.67920084297657,0,96,cache_read_only_not_online_fps,178d419b5d7b38d165994fad2d41dc67b8cffa4444c416451632d3659ff5f2cf,cached_perception_v2,0,0,0,,,0,0.0,0,22.613748908042908,0.8861636742949486,70.8356499671936,3.1718009294298812,3.2007811135195525,3.1718009294298812,3.1717058878861573,1.1190073102700508,2.524734151882509
sugar_box_yalehand0_black10_2,96,1.1370918780619388,1.137485758130778,0.8252161074467916,0.8547996096524689,0.04016991083824133,0.04160997803416866,0.0891009055627426,0.0891009055627426,0.0003938800688392252,0.029583502205677292,MODE_4_TRUSTED_FUSION,full,four_mode_relocalization_v2,0.49129905038285304,0,0,0,False,0,1,1.1370918780619388,0,0,restarted_se3,0,45.859480276703835,2.5704456493258476,0,97,cache_read_only_not_online_fps,178d419b5d7b38d165994fad2d41dc67b8cffa4444c416451632d3659ff5f2cf,cached_perception_v2,0,0,0,,,0,0.0,0,24.15263932198286,1.1946409940719604,73.7772062420845,3.2665917200991164,3.233861662507146,3.2665917200991164,3.266525396734517,1.136820202547037,2.5407365114718026
sugar_box_yalehand0_black10_2,97,1.0998100924173186,1.1412837093108128,0.8581260689117741,0.8323698298648063,0.04177190358390952,0.04051814009491723,0.0891009055627426,0.0891009055627426,0.04147361689349416,-0.025756239046967777,MODE_4_TRUSTED_FUSION,full,four_mode_relocalization_v2,0.5075288806788106,0,0,0,False,0,1,1.0998100924173186,0,0,restarted_se3,0,43.57615951448679,2.848740667104721,0,98,cache_read_only_not_online_fps,178d419b5d7b38d165994fad2d41dc67b8cffa4444c416451632d3659ff5f2cf,cached_perception_v2,0,0,0,,,0,0.0,0,21.715805865824223,0.9179422631859779,69.05864831060171,3.0489044637256293,3.1592116335230918,3.0489044637256293,3.0555029708554455,1.1197955358233767,2.549860978342487
sugar_box_yalehand0_black10_2,98,1.0440946811023255,1.169867408224754,0.8049383842883332,0.8455627098921744,0.039182830818926095,0.041160343766921,0.0891009055627426,0.0891009055627426,0.12577272712242848,0.040624325603841216,MODE_4_TRUSTED_FUSION,full,four_mode_relocalization_v2,0.4878406767450308,0,0,0,False,0,1,1.0440946811023255,0,0,restarted_se3,0,44.7264825925231,2.53156665712595,0,99,cache_read_only_not_online_fps,178d419b5d7b38d165994fad2d41dc67b8cffa4444c416451632d3659ff5f2cf,cached_perception_v2,0,0,0,,,0,0.0,0,21.629161201417446,0.9397603571414948,69.82697080820799,3.25839301059459,3.20589964488702,3.25839301059459,3.258277075928774,1.1057615711716964,2.586444757252982
sugar_box_yalehand0_black10_2,99,1.014822413414735,1.0354252331730818,0.8520572118321592,0.8273796389892478,0.04147648345628691,0.040275227334577154,0.0891009055627426,0.0891009055627426,0.02060281975834677,-0.02467757284291139,MODE_4_TRUSTED_FUSION,full,four_mode_relocalization_v2,0.5072605148084741,0,0,0,False,0,1,1.014822413414735,0,0,restarted_se3,0,44.66802999377251,2.563181333243847,0,100,cache_read_only_not_online_fps,178d419b5d7b38d165994fad2d41dc67b8cffa4444c416451632d3659ff5f2cf,cached_perception_v2,0,0,0,,,0,0.0,0,22.546041756868362,0.9238403290510178,70.70109341293573,3.2326259867580855,3.213083746498773,3.2326259867580855,3.2327120781104073,1.0251920441866176,2.612178370117469
sugar_box_yalehand0_black10_2,100,1.019658073012468,0.9569917480414633,0.8655433701637798,0.8630293146138882,0.04213296334421316,0.042010584022760034,0.0891009055627426,0.0891009055627426,-0.06266632497100477,-0.0025140555498915917,MODE_4_TRUSTED_FUSION,full,four_mode_relocalization_v2,0.5007188879169215,0,0,0,False,0,0,0.9569917480414633,0,0,restarted_se3,0,46.930075623095036,2.8431611135601997,0,101,cache_read_only_not_online_fps,178d419b5d7b38d165994fad2d41dc67b8cffa4444c416451632d3659ff5f2cf,cached_perception_v2,0,0,0,,,0,0.0,0,22.566867992281914,0.9014112874865532,73.2415160164237,3.1251474114775606,3.180831583195745,3.1251474114775606,3.1251992923514793,0.9851318893568958,2.6406492826313963
sugar_box_yalehand0_black10_2,101,1.0350880357081633,1.0013467580994624,0.8505246222518149,0.8569389692326685,0.04140187998425275,0.04171411788652012,0.0891009055627426,0.0891009055627426,-0.03374127760870094,0.006414346980853636,MODE_4_TRUSTED_FUSION,full,four_mode_relocalization_v2,0.4981434205003008,0,0,0,False,0,1,1.0013467580994624,0,0,restarted_se3,0,46.92688398063183,2.8191860765218735,0,102,cache_read_only_not_online_fps,178d419b5d7b38d165994fad2d41dc67b8cffa4444c416451632d3659ff5f2cf,cached_perception_v2,0,0,0,,,0,0.0,0,22.23158534616232,0.9378977119922638,72.91555311530828,3.304467040511678,3.242021086441084,3.304467040511678,3.3042518246730497,1.0180509439484127,2.679773797567063
sugar_box_yalehand0_black10_2,102,1.1200075316834779,1.0069064782680315,0.8597650671438214,0.8592472456303506,0.041851686821598705,0.04182648028013819,0.0891009055627426,0.0891009055627426,-0.1131010534154464,-0.0005178215134707953,MODE_4_TRUSTED_FUSION,full,four_mode_relocalization_v2,0.5001488837973335,0,0,0,False,0,1,1.0069064782680315,0,0,restarted_se3,0,43.92923228442669,2.8869546949863434,0,103,cache_read_only_not_online_fps,178d419b5d7b38d165994fad2d41dc67b8cffa4444c416451632d3659ff5f2cf,cached_perception_v2,0,0,0,,,0,0.0,0,20.837392657995224,0.9082453325390816,68.56182496994734,3.186284980493209,3.231611288415242,3.186284980493209,3.2917315958090616,1.0631714577567108,2.715515338034582
sugar_box_yalehand0_black10_2,103,1.0923877979990833,1.1176344067325372,0.8076658478214481,0.8688116251106812,0.039315598424830886,0.042292055621531724,0.0891009055627426,0.0891009055627426,0.025246608733453968,0.061145777289233094,MODE_4_TRUSTED_FUSION,full,four_mode_relocalization_v2,0.4819786061810915,0,0,0,False,0,1,1.0923877979990833,0,0,restarted_se3,0,48.34203701466322,2.9011880978941917,0,104,cache_read_only_not_online_fps,178d419b5d7b38d165994fad2d41dc67b8cffa4444c416451632d3659ff5f2cf,cached_perception_v2,0,0,0,,,0,0.0,0,20.5083005130291,0.8966298773884773,72.64815550297499,3.2250894805584354,3.2485654301351863,3.2250894805584354,3.24693114978248,1.104274633000194,2.742751415628474
sugar_box_yalehand0_black10_2,104,1.1963275418040213,1.1496083959549712,0.8773023206919045,0.8175855090523936,0.042705366124531546,0.03979846818900152,0.0891009055627426,0.0891009055627426,-0.046719145849050125,-0.059716811639510925,MODE_4_TRUSTED_FUSION,full,four_mode_relocalization_v2,0.5174112879582378,0,0,0,False,0,1,1.1496083959549712,0,0,restarted_se3,0,45.96246127039194,2.454414963722229,0,105,cache_read_only_not_online_fps,178d419b5d7b38d165994fad2d41dc67b8cffa4444c416451632d3659ff5f2cf,cached_perception_v2,0,0,0,,,0,0.0,0,21.715433336794376,1.0466575622558594,71.1789671331644,3.2868437667826558,3.279905438255078,3.2868437667826558,3.262323176349953,1.1736412568109797,2.79797746275484
sugar_box_yalehand0_black10_2,105,1.0752152984049614,1.240287268659098,0.8460615468089977,0.8884672343725658,0.041184626175239006,0.04324885234955987,0.0891009055627426,0.0891009055627426,0.16507197025413656,0.042405687563568106,MODE_4_TRUSTED_FUSION,full,four_mode_relocalization_v2,0.4879153627975796,0,0,0,False,0,1,1.0752152984049614,0,0,restarted_se3,0,46.786827966570854,2.802289091050625,0,106,cache_read_only_not_online_fps,178d419b5d7b38d165994fad2d41dc67b8cffa4444c416451632d3659ff5f2cf,cached_perception_v2,0,0,0,,,0,0.0,0,21.782290190458298,0.9444840252399445,72.31589127331972,3.057991387088733,3.172686753915483,3.057991387088733,3.058010066218233,1.1552985986681474,2.844767617530165
sugar_box_yalehand0_black10_2,106,1.0740476232814722,1.1304143027408815,0.8510623877851827,0.8684049505404637,0.04142805736170858,0.04227225949651865,0.0891009055627426,0.0891009055627426,0.05636667945940932,0.01734256275528101,MODE_4_TRUSTED_FUSION,full,four_mode_relocalization_v2,0.49501497890383667,0,0,0,False,0,1,1.0740476232814722,0,0,restarted_se3,0,44.82399206608534,2.779564820230007,0,107,cache_read_only_not_online_fps,178d419b5d7b38d165994fad2d41dc67b8cffa4444c416451632d3659ff5f2cf,cached_perception_v2,0,0,0,,,0,0.0,0,21.83466963469982,0.9822621941566467,70.42048871517181,3.068895936793894,3.0481132303076683,3.068895936793894,3.069065357845972,1.1015339783872646,2.8966942135903775
sugar_box_yalehand0_black10_2,107,1.118505931669531,1.027772283126621,0.850937703544371,0.8472211782949887,0.04142198797601537,0.04124107477455392,0.0891009055627426,0.0891009055627426,-0.09073364854291,-0.003716525249382374,MODE_4_TRUSTED_FUSION,full,four_mode_relocalization_v2,0.5010815429494517,0,0,0,False,0,1,1.027772283126621,0,0,restarted_se3,0,44.65945903211832,2.791469916701317,0,108,cache_read_only_not_online_fps,178d419b5d7b38d165994fad2d41dc67b8cffa4444c416451632d3659ff5f2cf,cached_perception_v2,0,0,0,,,0,0.0,0,21.43225446343422,0.9736726060509682,69.85685601830482,3.214127042926085,3.087105410991209,3.214127042926085,3.2140802934289234,1.075232253930584,2.9474381292530016
sugar_box_yalehand0_black10_2,108,1.0969468992920308,1.078100309997738,0.8682723112284446,0.8520530380362191,0.04226580287347243,0.04147628028403996,0.0891009055627426,0.0891009055627426,-0.018846589294292837,-0.016219273192225492,MODE_4_TRUSTED_FUSION,full,four_mode_relocalization_v2,0.5046598393797684,0,0,0,False,0,1,1.078100309997738,0,0,restarted_se3,0,45.29945459216833,2.675301395356655,0,109,cache_read_only_not_online_fps,178d419b5d7b38d165994fad2d41dc67b8cffa4444c416451632d3659ff5f2cf,cached_perception_v2,0,0,0,,,0,0.0,0,21.414696238934994,0.939907506108284,70.32935973256826,3.207786553287447,3.1683813610716456,3.207786553287447,3.207679203927226,1.086992620845435,3.008231402212535
sugar_box_yalehand0_black10_2,109,1.0198209974532066,1.0681896170799243,0.86421029678084,0.879028741543814,0.04206807193158768,0.042789404924870836,0.0891009055627426,0.0891009055627426,0.04836861962671768,0.014818444762974003,MODE_4_TRUSTED_FUSION,full,four_mode_relocalization_v2,0.4957979478559374,0,0,0,False,0,1,1.0198209974532066,0,0,restarted_se3,0,44.240997172892094,2.60004960000515,0,110,cache_read_only_not_online_fps,178d419b5d7b38d165994fad2d41dc67b8cffa4444c416451632d3659ff5f2cf,cached_perception_v2,0,0,0,,,0,0.0,0,22.068500518798828,0.8930573239922523,69.80260461568832,3.2644889203711003,3.2502897113530764,3.2644889203711003,3.2629604512769554,1.0435228187415786,3.05856965270332
sugar_box_yalehand0_black10_2,110,1.0875637267046003,1.0299928424494782,0.8533865788648141,0.8549177047488662,0.04154119445100836,0.04161572667316141,0.0891009055627426,0.0891009055627426,-0.057570884255122134,0.0015311258840521313,MODE_4_TRUSTED_FUSION,full,four_mode_relocalization_v2,0.49955704389019656,0,0,0,False,0,1,1.0299928424494782,0,0,restarted_se3,0,43.323288671672344,2.7489950880408287,0,111,cache_read_only_not_online_fps,178d419b5d7b38d165994fad2d41dc67b8cffa4444c416451632d3659ff5f2cf,cached_perception_v2,0,0,0,,,0,0.0,0,22.205729968845844,0.9463299065828323,69.22434363514185,3.205237615693448,3.271615481226082,3.205237615693448,3.2053670783677406,1.0582026031565555,3.1139270976124065
sugar_box_yalehand0_black10_2,111,1.0458915544936147,1.0776805463268428,0.8364474143613397,0.8682904664244943,0.040716628956420337,0.04226668663301128,0.0891009055627426,0.0891009055627426,0.03178899183322814,0.03184305206315452,MODE_4_TRUSTED_FUSION,full,four_mode_relocalization_v2,0.49076872711561076,0,0,0,False,0,1,1.0458915544936147,0,0,restarted_se3,0,45.99515441805124,2.825632691383362,0,112,cache_read_only_not_online_fps,178d419b5d7b38d165994fad2d41dc67b8cffa4444c416451632d3659ff5f2cf,cached_perception_v2,0,0,0,,,0,0.0,0,22.62486144900322,0.8848980069160461,72.33054656535387,3.1615240638274393,3.2392127029903315,3.1615240638274393,3.1616350882379027,1.0608274523923118,3.1615240638274393
sugar_box_yalehand0_black10_2,112,1.0877463432361185,1.0917457802711947,0.8669333833421446,0.8298702030992073,0.04220062647504037,0.04039646313854557,0.0891009055627426,0.0891009055627426,0.003999437035076214,-0.03706318024293731,MODE_4_TRUSTED_FUSION,full,four_mode_relocalization_v2,0.5107942401028422,0,0,0,False,0,1,1.0877463432361185,0,0,restarted_se3,0,46.9127269461751,2.9291193932294846,0,113,cache_read_only_not_online_fps,178d419b5d7b38d165994fad2d41dc67b8cffa4444c416451632d3659ff5f2cf,cached_perception_v2,0,0,0,,,0,0.0,0,22.593297995626926,1.6608741134405136,74.09601844847202,3.2633021407174847,3.2343046024577324,3.2633021407174847,3.2632397406116653,1.0892498601408418,3.2633021407174847
sugar_box_yalehand0_black10_2,113,1.078820560351748,1.0673014605903093,0.8490063222885734,0.8440412012500134,0.04132797210291265,0.04108627969334842,0.0891009055627426,0.0891009055627426,-0.011519099761438722,-0.004965121038560061,MODE_4_TRUSTED_FUSION,full,four_mode_relocalization_v2,0.5014492070331779,0,0,0,False,0,1,1.0673014605903093,0,0,restarted_se3,0,44.26400735974312,3.3584367483854294,0,114,cache_read_only_not_online_fps,178d419b5d7b38d165994fad2d41dc67b8cffa4444c416451632d3659ff5f2cf,cached_perception_v2,0,0,0,,,0,0.0,0,22.49357011169195,1.600409857928753,71.71642407774925,3.304604491321348,3.258605146881232,3.304604491321348,3.304724931982841,1.0718805296618665,3.304604491321348
sugar_box_yalehand0_black10_2,114,1.0584944999580919,1.044251973812657,0.8450476347814775,0.8561771875562271,0.041135270914991695,0.04167703584007833,0.0891009055627426,0.0891009055627426,-0.014242526145434864,0.011129552774749585,MODE_4_TRUSTED_FUSION,full,four_mode_relocalization_v2,0.4967669671531828,0,0,0,False,0,1,1.044251973812657,0,0,restarted_se3,0,45.94410676509142,2.908451482653618,0,115,cache_read_only_not_online_fps,178d419b5d7b38d165994fad2d41dc67b8cffa4444c416451632d3659ff5f2cf,cached_perception_v2,0,0,0,,,0,0.0,0,22.991820238530636,1.6700606793165207,73.5144391655922,3.0868437361327583,3.1560736911370983,3.0868437361327583,3.0910382486582755,1.0510280541403403,3.0868437361327583
sugar_box_yalehand0_black10_2,115,1.0693863294435126,1.113417173432338,0.8421321368703949,0.8381582254470886,0.040993350162257455,0.04079990790378388,0.0891009055627426,0.0891009055627426,0.044030843988825286,-0.0039739114233062756,MODE_4_TRUSTED_FUSION,full,four_mode_relocalization_v2,0.5011685978793321,0,0,0,False,0,1,1.0693863294435126,0,0,restarted_se3,0,46.72540258616209,2.5163283571600914,0,116,cache_read_only_not_online_fps,178d419b5d7b38d165994fad2d41dc67b8cffa4444c416451632d3659ff5f2cf,cached_perception_v2,0,0,0,,,0,0.0,0,22.236602380871773,1.6297325491905212,73.10806587338448,3.268096536538924,3.224694792626684,3.268096536538924,3.2678642668466575,1.091199775350252,2.9967902422373816
sugar_box_yalehand0_black10_2,116,1.0265295412042896,1.0175461272574542,0.8771937310134532,0.8465958082347095,0.04270008019074768,0.04121063297956758,0.0891009055627426,0.0891009055627426,-0.008983413946835439,-0.030597922778743736,MODE_4_TRUSTED_FUSION,full,four_mode_relocalization_v2,0.508773398993991,0,0,0,False,0,1,1.0175461272574542,0,0,restarted_se3,0,44.503455981612206,2.7299774810671806,0,117,cache_read_only_not_online_fps,178d419b5d7b38d165994fad2d41dc67b8cffa4444c416451632d3659ff5f2cf,cached_perception_v2,0,0,0,,,0,0.0,0,21.62925899028778,1.6130488365888596,70.47574128955603,3.2773398418112505,3.2220472721044473,3.2773398418112505,3.2775148240112317,1.0220236154985847,2.792026839855673
sugar_box_yalehand0_black10_2,117,1.015541109533005,1.0309311691176417,0.8398212767604426,0.8708578285167514,0.04088086199856463,0.04239166081299249,0.0891009055627426,0.0891009055627426,0.015390059584636795,0.031036551756308817,MODE_4_TRUSTED_FUSION,full,four_mode_relocalization_v2,0.49103341813578494,0,0,0,False,0,1,1.015541109533005,0,0,restarted_se3,0,47.54406586289406,2.56460253149271,0,118,cache_read_only_not_online_fps,178d419b5d7b38d165994fad2d41dc67b8cffa4444c416451632d3659ff5f2cf,cached_perception_v2,0,0,0,,,0,0.0,0,21.736453287303448,1.7177518457174301,73.56287352740765,3.0750736636221485,3.1784847119346815,3.0750736636221485,3.0752523989133964,1.0226897063498492,2.663358304729826
sugar_box_yalehand0_black10_2,118,0.9640301855952462,0.9918089884037682,0.8541573658058003,0.8503944862181613,0.04157871485616683,0.04139554521591566,0.0891009055627426,0.0891009055627426,0.027778802808521963,-0.0037628795876389898,MODE_4_TRUSTED_FUSION,full,four_mode_relocalization_v2,0.5010909731659338,0,0,0,False,0,0,0.9640301855952462,0,0,restarted_se3,0,45.85188068449497,2.8755823150277138,0,119,cache_read_only_not_online_fps,178d419b5d7b38d165994fad2d41dc67b8cffa4444c416451632d3659ff5f2cf,cached_perception_v2,0,0,0,,,0,0.0,0,22.437456995248795,1.7007086426019669,72.86562863737345,3.1359699818194113,3.137662304821271,3.1359699818194113,3.1360605837828675,0.9764004085456693,2.5609444251802067
sugar_box_yalehand0_black10_2,119,1.0758750819868739,0.9752611801117391,0.8245233163562182,0.8392352727708199,0.04013618711897951,0.0408523364671292,0.0891009055627426,0.0891009055627426,-0.10061390187513475,0.014711956414601657,MODE_4_TRUSTED_FUSION,full,four_mode_relocalization_v2,0.49563121562983997,0,0,0,False,0,0,0.9752611801117391,0,0,restarted_se3,0,43.598500080406666,2.571309916675091,0,120,cache_read_only_not_online_fps,178d419b5d7b38d165994fad2d41dc67b8cffa4444c416451632d3659ff5f2cf,cached_perception_v2,0,0,0,,,0,0.0,0,21.14647440612316,1.665034331381321,68.98131873458624,3.173173934231725,3.147594906276822,3.173173934231725,3.173103724189811,1.0254823259980035,2.480899151075626
sugar_box_yalehand0_black10_2,120,1.1476540775736435,1.0671498645927227,0.8424516213317415,0.8247638442048009,0.04100890204280206,0.04014789554558981,0.0891009055627426,0.0891009055627426,-0.08050421298092081,-0.017687777126940585,MODE_4_TRUSTED_FUSION,full,four_mode_relocalization_v2,0.5052417066723947,0,0,0,False,0,1,1.0671498645927227,0,0,restarted_se3,0,46.04490101337433,2.272804267704487,0,121,cache_read_only_not_online_fps,178d419b5d7b38d165994fad2d41dc67b8cffa4444c416451632d3659ff5f2cf,cached_perception_v2,0,0,0,,,0,0.0,0,22.60628715157509,1.6659293323755264,72.58992176502943,3.2681258897201895,3.2096535797275028,3.2681258897201895,3.2681174644930797,1.1067867231135045,2.401903407177353
sugar_box_yalehand0_black10_2,121,1.096156726631877,1.1567880714106207,0.8240093456675085,0.8388957931780164,0.04011116802815878,0.04083581126257822,0.0891009055627426,0.0891009055627426,0.06063134477874366,0.014886447510507939,MODE_4_TRUSTED_FUSION,full,four_mode_relocalization_v2,0.49557715786621215,0,0,0,False,0,1,1.096156726631877,0,0,restarted_se3,0,44.07495725899935,2.632996067404747,0,122,cache_read_only_not_online_fps,178d419b5d7b38d165994fad2d41dc67b8cffa4444c416451632d3659ff5f2cf,cached_perception_v2,0,0,0,,,0,0.0,0,21.037457510828972,0.9770318865776062,68.72244272381067,3.083138986635792,3.1671587651305475,3.083138986635792,3.0832915823888913,1.12586081705131,2.3143551686880444
sugar_box_yalehand0_black10_2,122,1.0772802195854905,1.155889836748441,0.848979795503799,0.8433427743410274,0.041326680830760305,0.04105228163343681,0.0891009055627426,0.0891009055627426,0.07860961716295045,-0.005637021162771538,MODE_4_TRUSTED_FUSION,full,four_mode_relocalization_v2,0.5016460161368084,0,0,0,False,0,1,1.0772802195854905,0,0,restarted_se3,0,44.907934963703156,2.4346215650439262,0,123,cache_read_only_not_online_fps,178d419b5d7b38d165994fad2d41dc67b8cffa4444c416451632d3659ff5f2cf,cached_perception_v2,0,0,0,,,0,0.0,0,21.243791095912457,0.90057123452425,69.48691885918379,2.934782304546144,3.031872443529032,2.934782304546144,2.9348295018607877,1.114503463439757,2.242475212976152
sugar_box_yalehand0_black10_2,123,0.980521626880128,1.0525451865386175,0.8596069222482033,0.8509430631348271,0.041843988636481894,0.04142224887042692,0.0891009055627426,0.0891009055627426,0.0720235596584895,-0.008663859113376193,MODE_4_TRUSTED_FUSION,full,four_mode_relocalization_v2,0.5025032097271257,0,0,0,False,0,0,0.980521626880128,0,0,restarted_se3,0,43.90731547027826,2.724769525229931,0,124,cache_read_only_not_online_fps,178d419b5d7b38d165994fad2d41dc67b8cffa4444c416451632d3659ff5f2cf,cached_perception_v2,0,0,0,,,0,0.0,0,22.63275533914566,0.9251832962036133,70.19002363085747,2.8487260939030525,2.8495510089940765,2.8487260939030525,2.84872709112864,1.014543772461889,2.1443996534664764
sugar_box_yalehand0_black10_2,124,1.129594682948593,1.0078086186580812,0.8478717117549286,0.8481428812829923,0.041272741474764035,0.041285941478576456,0.0891009055627426,0.0891009055627426,-0.12178606429051175,0.0002711695280637194,MODE_4_TRUSTED_FUSION,full,four_mode_relocalization_v2,0.4999209885716695,0,0,0,False,0,1,1.0078086186580812,0,0,restarted_se3,0,48.80815092474222,2.781372517347336,0,125,cache_read_only_not_online_fps,178d419b5d7b38d165994fad2d41dc67b8cffa4444c416451632d3659ff5f2cf,cached_perception_v2,0,0,0,,,0,0.0,0,22.259559482336044,1.003975048661232,74.85305797308683,2.743479887634184,2.7478796988839322,2.743479887634184,2.7436910040470472,1.0668562996714048,2.106692424975818
sugar_box_yalehand0_black10_2,125,1.0602138988257261,1.0277622208789692,0.8604946805710564,0.8723863321938008,0.04188720298040115,0.04246606539122227,0.0891009055627426,0.0891009055627426,-0.03245167794675696,0.011891651622744415,MODE_4_TRUSTED_FUSION,full,four_mode_relocalization_v2,0.4966079695266972,0,0,0,False,0,1,1.0277622208789692,0,0,restarted_se3,0,45.27491796761751,2.8989342972636223,0,126,cache_read_only_not_online_fps,178d419b5d7b38d165994fad2d41dc67b8cffa4444c416451632d3659ff5f2cf,cached_perception_v2,0,0,0,,,0,0.0,0,22.427870891988277,0.9287428110837936,71.5304659679532,2.6421155900259614,2.607896980360542,2.6421155900259614,2.6285396851714666,1.0434536628753706,2.032541925338563
sugar_box_yalehand0_black10_2,126,1.0490360768331632,1.1122955957959035,0.8349462836677646,0.8769355733055719,0.040643556841645424,0.0426875135769671,0.0891009055627426,0.0891009055627426,0.06325951896274029,0.04198928963780735,MODE_4_TRUSTED_FUSION,full,four_mode_relocalization_v2,0.4878775536943413,0,0,0,False,0,1,1.0490360768331632,0,0,restarted_se3,0,43.65098010748625,2.885797992348671,0,127,cache_read_only_not_online_fps,178d419b5d7b38d165994fad2d41dc67b8cffa4444c416451632d3659ff5f2cf,cached_perception_v2,0,0,0,,,0,0.0,0,20.644736476242542,0.951896421611309,68.13341099768877,2.6649002490155675,2.5947420483345636,2.6649002490155675,2.6651604794803174,1.0790972676907122,2.003548131381287
sugar_box_yalehand0_black10_2,127,1.0782068268203628,1.0848924117673997,0.8525954340978492,0.8546934914962838,0.0415026830665815,0.04160481240926894,0.0891009055627426,0.0891009055627426,0.00668558494703686,0.002098057398434605,MODE_4_TRUSTED_FUSION,full,four_mode_relocalization_v2,0.4993926732906851,0,0,0,False,0,1,1.0782068268203628,0,0,restarted_se3,0,46.71769682317972,2.723672427237034,0,128,cache_read_only_not_online_fps,178d419b5d7b38d165994fad2d41dc67b8cffa4444c416451632d3659ff5f2cf,cached_perception_v2,0,0,0,,,0,0.0,0,21.92248124629259,0.954105518758297,72.31795601546764,2.7627074332518706,2.6781036929162987,2.7627074332518706,2.7628944272452434,1.0806243133487496,1.9787374346673796
sugar_box_yalehand0_black10_2,128,1.0135819144373037,1.029637469555793,0.8694457786558466,0.8596754571223217,0.042322924979433456,0.0418473247805026,0.0891009055627426,0.0891009055627426,0.01605555511848933,-0.009770321533524862,MODE_4_TRUSTED_FUSION,full,four_mode_relocalization_v2,0.5027929229071358,0,0,0,False,0,1,1.0135819144373037,0,0,restarted_se3,0,44.82015408575535,2.786830998957157,0,129,cache_read_only_not_online_fps,178d419b5d7b38d165994fad2d41dc67b8cffa4444c416451632d3659ff5f2cf,cached_perception_v2,0,0,0,,,0,0.0,0,21.457614377141,0.9938152506947517,70.05841471254826,2.798791049290702,2.736480544410217,2.798791049290702,2.7989620387139635,1.0212493705516483,1.919771748209671
sugar_box_yalehand0_black10_2,129,1.022338528399142,1.0369533804315703,0.8778451113329684,0.8555619089250481,0.042731788114430444,0.041647085276181064,0.0891009055627426,0.0891009055627426,0.014614852032428294,-0.022283202407920255,MODE_4_TRUSTED_FUSION,full,four_mode_relocalization_v2,0.5063542583525875,0,0,0,False,0,1,1.022338528399142,0,0,restarted_se3,0,46.51081655174494,2.7117272838950157,0,130,cache_read_only_not_online_fps,178d419b5d7b38d165994fad2d41dc67b8cffa4444c416451632d3659ff5f2cf,cached_perception_v2,0,0,0,,,0,0.0,0,21.52647078037262,0.9525641798973083,71.70157879590988,2.9684248129890576,2.9341225714638353,2.9684248129890576,2.968702031368885,1.0296480880568286,1.9113507485026457
sugar_box_yalehand0_black10_2,130,0.9689934409951492,1.0342392533151687,0.8075206427579641,0.8640976765610853,0.039308530125508105,0.04206258979891321,0.0891009055627426,0.0891009055627426,0.06524581232001958,0.05657703380312118,MODE_4_TRUSTED_FUSION,full,four_mode_relocalization_v2,0.48327724606757155,0,0,0,False,0,0,0.9689934409951492,0,0,restarted_se3,0,46.904257498681545,2.9399190098047256,0,131,cache_read_only_not_online_fps,178d419b5d7b38d165994fad2d41dc67b8cffa4444c416451632d3659ff5f2cf,cached_perception_v2,0,0,0,,,0,0.0,0,20.653539337217808,0.9510796517133713,71.44879549741745,2.985124929006565,3.044104168409986,2.985124929006565,2.985295738047429,0.9991531503593859,1.9027083232684043
sugar_box_yalehand0_black10_2,131,0.7009738970300802,0.7784710532420408,0.8331729057076851,0.8366303343729004,0.04055723226085252,0.04072553314586673,0.0891009055627426,0.0891009055627426,0.07749715621196063,0.0034574286652152564,MODE_4_TRUSTED_FUSION,full,four_mode_relocalization_v2,0.49897697300395444,0,0,0,False,0,0,0.7009738970300802,0,0,restarted_se3,0,44.132936745882034,3.1028976663947105,0,132,cache_read_only_not_online_fps,178d419b5d7b38d165994fad2d41dc67b8cffa4444c416451632d3659ff5f2cf,cached_perception_v2,0,0,0,,,0,0.0,0,21.978287026286125,0.889989547431469,70.10411098599434,2.8008871174141814,2.746743695982717,2.8008871174141814,2.8010767580884925,0.7346620104767748,1.8567941672809345
sugar_box_yalehand0_black10_2,132,0.700569346414389,0.6806785046187613,0.8000406944321721,0.8326526374840248,0.03894442082782199,0.04053190661831136,0.0891009055627426,0.0891009055627426,-0.019890841795627612,0.032611943051852776,MODE_4_TRUSTED_FUSION,full,four_mode_relocalization_v2,0.49013369800008777,0,0,0,False,0,0,0.6806785046187613,0,0,restarted_se3,0,48.88158291578293,2.5310954079031944,0,133,cache_read_only_not_online_fps,178d419b5d7b38d165994fad2d41dc67b8cffa4444c416451632d3659ff5f2cf,cached_perception_v2,0,0,0,,,0,0.0,0,22.30800874531269,0.8768988773226738,74.59758594632149,2.8946576779018525,2.863247195551325,2.8946576779018525,2.894724982471506,0.6814846709449879,1.8872966672460478
sugar_box_yalehand0_black10_2,133,0.6991262177953895,0.6267170302917995,0.8143267419287895,0.7797412624416693,0.039639837760418656,0.037956284064897726,0.0891009055627426,0.0891009055627426,-0.07240918750359004,-0.03458547948712021,MODE_4_TRUSTED_FUSION,full,four_mode_relocalization_v2,0.5107137615619268,0,0,0,False,0,0,0.6267170302917995,0,0,restarted_se3,0,43.6356021091342,2.456693910062313,0,134,cache_read_only_not_online_fps,178d419b5d7b38d165994fad2d41dc67b8cffa4444c416451632d3659ff5f2cf,cached_perception_v2,0,0,0,,,0,0.0,0,21.681648679077625,0.8862288668751717,68.66017356514931,2.9321729134491497,2.9663572165016845,2.9321729134491497,2.934774369377869,0.6576083512889552,1.9062621576212555
sugar_box_yalehand0_black10_2,134,0.7994329057027844,0.7010765368156202,0.8239568535610555,0.8265524604619316,0.040108612814782674,0.04023496189696663,0.0891009055627426,0.0891009055627426,-0.09835636888716415,0.002595606900876124,MODE_4_TRUSTED_FUSION,full,four_mode_relocalization_v2,0.4992231091203481,0,0,0,False,0,0,0.7010765368156202,0,0,restarted_se3,0,43.99814177304506,2.5286246091127396,0,135,cache_read_only_not_online_fps,178d419b5d7b38d165994fad2d41dc67b8cffa4444c416451632d3659ff5f2cf,cached_perception_v2,0,0,0,,,0,0.0,0,21.50557842105627,0.9542014449834824,68.98654624819756,2.9173586176735475,2.9992005774474624,2.9173586176735475,2.9174650126679715,0.715136261507723,1.9476282524939075
sugar_box_yalehand0_black10_2,135,0.8505454563851527,0.781657320643308,0.7993191302227411,0.8049448171753374,0.03890929648924529,0.03918314395932054,0.0891009055627426,0.0891009055627426,-0.06888813574184471,0.005625686952596243,MODE_4_TRUSTED_FUSION,full,four_mode_relocalization_v2,0.4982682349868049,0,0,0,False,0,0,0.781657320643308,0,0,restarted_se3,0,45.91829236596823,2.3376429453492165,0,136,cache_read_only_not_online_fps,178d419b5d7b38d165994fad2d41dc67b8cffa4444c416451632d3659ff5f2cf,cached_perception_v2,0,0,0,,,0,0.0,0,22.63540681451559,0.9284587576985359,71.81980088353157,2.906432170935323,2.996702041148684,2.906432170935323,2.9066509047446574,0.8163008356304409,1.9815760036363963
sugar_box_yalehand0_black10_2,136,0.910976356369658,0.932374638645528,0.8699260431802355,0.8227614454988805,0.04234630331990619,0.040050422681507825,0.0891009055627426,0.0891009055627426,0.02139828227587004,-0.04716459768135495,MODE_4_TRUSTED_FUSION,full,four_mode_relocalization_v2,0.5137691779712042,0,0,0,False,0,0,0.910976356369658,0,0,restarted_se3,0,43.26650965958834,2.657397650182247,0,137,cache_read_only_not_online_fps,178d419b5d7b38d165994fad2d41dc67b8cffa4444c416451632d3659ff5f2cf,cached_perception_v2,0,0,0,,,0,0.0,0,20.79690247774124,0.9166887030005455,67.63749849051237,2.760281935127107,2.874120198359885,2.760281935127107,2.76059660194256,0.9192079127242773,2.0307069068065116
sugar_box_yalehand0_black10_2,137,0.8216552293694869,1.0268985361370415,0.8510834239367444,0.8882910191231886,0.04142908136054353,0.04324027453486146,0.0891009055627426,0.0891009055627426,0.20524330676755465,0.03720759518644423,MODE_4_TRUSTED_FUSION,full,four_mode_relocalization_v2,0.4894259021059405,0,0,0,False,0,0,0.8216552293694869,0,0,restarted_se3,0,45.284328982234,2.467868849635124,0,138,cache_read_only_not_online_fps,178d419b5d7b38d165994fad2d41dc67b8cffa4444c416451632d3659ff5f2cf,cached_perception_v2,0,0,0,,,0,0.0,0,21.833392791450024,0.9473292157053947,70.53291983902454,2.666785186021324,2.7137745069498074,2.666785186021324,2.6659405423754436,0.9250920122824158,2.0794824252231425
sugar_box_yalehand0_black10_2,138,0.8262472949209281,0.9229700596950935,0.7830408560848696,0.8653478477376544,0.03811690184883783,0.042123445693802004,0.0891009055627426,0.0891009055627426,0.09672276477416542,0.08230699165278477,MODE_4_TRUSTED_FUSION,full,four_mode_relocalization_v2,0.4753333885969716,0,0,0,False,0,0,0.8262472949209281,0,0,restarted_se3,0,45.45107111334801,2.8326520696282387,0,139,cache_read_only_not_online_fps,178d419b5d7b38d165994fad2d41dc67b8cffa4444c416451632d3659ff5f2cf,cached_perception_v2,0,0,0,,,0,0.0,0,22.982334718108177,1.0761534795165062,72.34221138060093,2.7598628608460696,2.6577296780197064,2.7598628608460696,2.708060358722915,0.8693650845848727,2.126500894104863
sugar_box_yalehand0_black10_2,139,0.8129163183263207,0.777766954789688,0.8552234393775613,0.798010327840405,0.04163060923866639,0.03884558654159778,0.0891009055627426,0.0891009055627426,-0.03514936353663267,-0.05721311153715625,MODE_4_TRUSTED_FUSION,full,four_mode_relocalization_v2,0.5170965685303742,0,0,0,False,0,0,0.777766954789688,0,0,restarted_se3,0,45.90155556797981,2.573947422206402,0,140,cache_read_only_not_online_fps,178d419b5d7b38d165994fad2d41dc67b8cffa4444c416451632d3659ff5f2cf,cached_perception_v2,0,0,0,,,0,0.0,0,22.997568361461163,0.9709065780043602,72.44397792965174,2.68629514317449,2.6330806121077237,2.68629514317449,2.686593245414985,0.7839557119782481,2.1752601032088212
sugar_box_yalehand0_black10_2,140,0.7680527384568991,0.7462813220695936,0.8191281353381877,0.842483794828729,0.03987356022828418,0.04101046818589316,0.0891009055627426,0.0891009055627426,-0.02177141638730551,0.023355659490541303,MODE_4_TRUSTED_FUSION,full,four_mode_relocalization_v2,0.493055573919417,0,0,0,False,0,0,0.7462813220695936,0,0,restarted_se3,0,44.95915491133928,2.441120333969593,0,141,cache_read_only_not_online_fps,178d419b5d7b38d165994fad2d41dc67b8cffa4444c416451632d3659ff5f2cf,cached_perception_v2,0,0,0,,,0,0.0,0,21.044708788394928,0.9080301970243454,69.35301423072815,2.720247367452163,2.6644717504025253,2.720247367452163,2.7203859743022942,0.7375916455720208,2.2412379813310337
sugar_box_yalehand0_black10_2,141,0.7084580297722846,0.6688246661697494,0.755682343785332,0.8153538543681119,0.03678514282253911,0.03968983559097008,0.0891009055627426,0.0891009055627426,-0.03963336360253511,0.059671510582779974,MODE_4_TRUSTED_FUSION,full,four_mode_relocalization_v2,0.4812475949158056,0,0,0,False,0,0,0.6688246661697494,0,0,restarted_se3,0,43.870910070836544,2.6604412123560905,0,142,cache_read_only_not_online_fps,178d419b5d7b38d165994fad2d41dc67b8cffa4444c416451632d3659ff5f2cf,cached_perception_v2,0,0,0,,,0,0.0,0,22.121219895780087,0.8974410593509674,69.55001223832369,2.59532156454101,2.6174637814499593,2.59532156454101,2.595571463138371,0.6834138302009405,2.327801201059302
sugar_box_yalehand0_black10_2,142,0.8106475242578346,0.7076939924898192,0.7654455889236114,0.7629568728290771,0.03726039855634926,0.03713925271016789,0.0891009055627426,0.0891009055627426,-0.10295353176801536,-0.0024887160945342712,MODE_4_TRUSTED_FUSION,full,four_mode_relocalization_v2,0.5008036399308345,0,0,0,False,0,0,0.7076939924898192,0,0,restarted_se3,0,43.94692927598953,2.677295356988907,0,143,cache_read_only_not_online_fps,178d419b5d7b38d165994fad2d41dc67b8cffa4444c416451632d3659ff5f2cf,cached_perception_v2,0,0,0,,,0,0.0,0,21.574050188064575,1.0066041722893715,69.20487899333239,2.7453819509768196,2.6972783157618285,2.7453819509768196,2.7456553805208403,0.7564820932342499,2.3910335407518724
sugar_box_yalehand0_black10_2,143,0.9913650656307763,0.9689638454571227,0.786263408096906,0.7472598774344312,0.03827376939641347,0.036375153585416056,0.0891009055627426,0.0891009055627426,-0.022401220173653646,-0.03900353066247475,MODE_4_TRUSTED_FUSION,full,four_mode_relocalization_v2,0.5125532494510163,0,0,0,False,0,0,0.9689638454571227,0,0,restarted_se3,0,45.369832776486874,2.465667203068733,0,144,cache_read_only_not_online_fps,178d419b5d7b38d165994fad2d41dc67b8cffa4444c416451632d3659ff5f2cf,cached_perception_v2,0,0,0,,,0,0.0,0,22.615653462707996,0.9359074756503105,71.38706091791391,2.7556837826674005,2.729507195817843,2.7556837826674005,2.7557859730641376,0.9531679111398924,2.592460620579648
sugar_box_yalehand0_black10_2,144,1.1230940498639848,1.0930112155485512,0.8216271386886861,0.7986107501688007,0.039995206838024475,0.03887481392964716,0.0891009055627426,0.0891009055627426,-0.03008283431543357,-0.02301638851988541,MODE_4_TRUSTED_FUSION,full,four_mode_relocalization_v2,0.5070161738965552,0,0,0,False,0,1,1.0930112155485512,0,0,restarted_se3,0,45.93628365546465,2.834704704582691,0,145,cache_read_only_not_online_fps,178d419b5d7b38d165994fad2d41dc67b8cffa4444c416451632d3659ff5f2cf,cached_perception_v2,0,0,0,,,0,0.0,0,23.069635964930058,0.9936206042766571,72.83424492925406,2.819809411176894,2.8125728720919554,2.819809411176894,2.819925214563613,1.103749591399695,2.7246366615951834
sugar_box_yalehand0_black10_2,145,1.1972283874898844,1.2314900148409782,0.8171354109923976,0.8335447942986711,0.039776558293187145,0.040575335072233515,0.0891009055627426,0.0891009055627426,0.03426162735109384,0.016409383306273506,MODE_4_TRUSTED_FUSION,full,four_mode_relocalization_v2,0.4950890112738797,0,0,0,False,0,1,1.1972283874898844,0,0,restarted_se3,0,45.5044312402606,2.8748121112585068,0,146,cache_read_only_not_online_fps,178d419b5d7b38d165994fad2d41dc67b8cffa4444c416451632d3659ff5f2cf,cached_perception_v2,0,0,0,,,0,0.0,0,22.80945610255003,1.0400507599115372,72.22875021398067,2.7807297634482904,2.8400235507388127,2.7807297634482904,2.780982953583788,1.2034187241531251,2.7807297634482904
sugar_box_yalehand0_black10_2,146,1.3788676819915422,1.3673254034869544,0.8487171066750744,0.8222293318170227,0.04131389365085331,0.0400245204251617,0.0891009055627426,0.0891009055627426,-0.011542278504587777,-0.02648777485805165,MODE_4_TRUSTED_FUSION,full,four_mode_relocalization_v2,0.5078322335513099,0,0,0,False,0,1,1.3673254034869544,0,0,restarted_se3,0,44.986008666455746,2.758767455816269,0,147,cache_read_only_not_online_fps,178d419b5d7b38d165994fad2d41dc67b8cffa4444c416451632d3659ff5f2cf,cached_perception_v2,0,0,0,,,0,0.0,0,22.312586195766926,1.0296981781721115,71.08706049621105,2.9482272687087723,2.9134796821668525,2.9482272687087723,2.94843332049265,1.3710940017223114,2.9482272687087723
sugar_box_yalehand0_black10_2,147,1.3296037285201276,1.4187182445625284,0.8395619134539615,0.8893268399960601,0.040868236698595274,0.043290696274975546,0.0891009055627426,0.0891009055627426,0.08911451604240073,0.04976492654209863,MODE_4_TRUSTED_FUSION,full,four_mode_relocalization_v2,0.4857724150710193,0,0,0,False,0,1,1.3296037285201276,0,0,restarted_se3,0,45.840431936085224,4.167339764535427,0,148,cache_read_only_not_online_fps,178d419b5d7b38d165994fad2d41dc67b8cffa4444c416451632d3659ff5f2cf,cached_perception_v2,0,0,0,,,0,0.0,0,22.616896778345108,1.0312125086784363,73.6558809876442,2.977779655702964,2.9895990798101963,2.977779655702964,2.9779735259117994,1.3779230788769887,2.977779655702964
sugar_box_yalehand0_black10_2,148,1.4042952479607236,1.3850816594774722,0.8656075289522035,0.8718073985053645,0.042136086468916145,0.04243788402826064,0.0891009055627426,0.0891009055627426,-0.019213588483251387,0.006199869553160986,MODE_4_TRUSTED_FUSION,full,four_mode_relocalization_v2,0.4982360825960064,0,0,0,False,0,1,1.3850816594774722,0,0,restarted_se3,0,44.603463262319565,3.0277883633971214,0,149,cache_read_only_not_online_fps,178d419b5d7b38d165994fad2d41dc67b8cffa4444c416451632d3659ff5f2cf,cached_perception_v2,0,0,0,,,0,0.0,0,22.190549410879612,1.0682363063097,70.890037342906,3.042107245606079,3.0467050207141853,3.042107245606079,3.0409128826410363,1.3936152150149321,2.9871142777758473
sugar_box_yalehand0_black10_2,149,1.456467546176252,1.4897308316638924,0.8419192505435898,0.8876439598638275,0.040982987271022946,0.043208776951960404,0.0891009055627426,0.0891009055627426,0.03326328548764046,0.045724709320237644,MODE_4_TRUSTED_FUSION,full,four_mode_relocalization_v2,0.48693253577571805,0,0,0,False,0,1,1.456467546176252,0,0,restarted_se3,0,44.02528516948223,2.976212650537491,0,150,cache_read_only_not_online_fps,178d419b5d7b38d165994fad2d41dc67b8cffa4444c416451632d3659ff5f2cf,cached_perception_v2,0,0,0,,,0,0.0,0,21.654389798641205,1.0730521753430367,69.72893979400396,3.3486354902239723,3.2582937548767537,3.3486354902239723,3.34855842927958,1.471530093712325,3.0666338906338906
sugar_box_yalehand0_black10_2,150,1.4721687769199643,1.5636001167051377,0.756190176090532,0.8408311821973973,0.036809863108821186,0.04093002222579655,0.0891009055627426,0.0891009055627426,0.09143133978517337,0.08464100610686531,MODE_4_TRUSTED_FUSION,full,four_mode_relocalization_v2,0.4738281112760064,0,0,0,False,0,1,1.4721687769199643,0,0,restarted_se3,0,46.17988597601652,3.7475116550922394,0,151,cache_read_only_not_online_fps,178d419b5d7b38d165994fad2d41dc67b8cffa4444c416451632d3659ff5f2cf,cached_perception_v2,0,0,0,,,0,0.0,0,23.291759192943573,1.117856241762638,74.33701306581497,3.1822143095033457,3.2646738877762345,3.1822143095033457,3.182156694920661,1.5118305388802422,3.0868713945509785
sugar_box_yalehand0_black10_2,151,1.5794714832334344,1.531931991560277,0.7452404929630896,0.7858377623879431,0.036276853887397674,0.03825304979336232,0.0891009055627426,0.0891009055627426,-0.04753949167315752,0.04059726942485353,MODE_4_TRUSTED_FUSION,full,four_mode_relocalization_v2,0.48691321044415464,0,0,0,False,0,1,1.531931991560277,0,0,restarted_se3,0,45.87471019476652,3.0311737209558487,0,152,cache_read_only_not_online_fps,178d419b5d7b38d165994fad2d41dc67b8cffa4444c416451632d3659ff5f2cf,cached_perception_v2,0,0,0,,,0,0.0,0,23.774822242558002,0.9688371792435646,73.64954333752394,3.067817671105009,3.171734306558112,3.067817671105009,3.0678764805450283,1.5535603529626139,3.067817671105009
sugar_box_yalehand0_black10_2,152,1.4239499462822995,1.2670951305735823,0.7604139035592948,0.7155194384218497,0.03701546592521577,0.03483009091201902,0.0891009055627426,0.0891009055627426,-0.1568548157087173,-0.044894465137445105,MODE_4_TRUSTED_FUSION,full,four_mode_relocalization_v2,0.515005503212459,0,0,0,False,0,1,1.2670951305735823,0,0,restarted_se3,0,45.22270057350397,3.5884464159607887,0,153,cache_read_only_not_online_fps,178d419b5d7b38d165994fad2d41dc67b8cffa4444c416451632d3659ff5f2cf,cached_perception_v2,0,0,0,,,0,0.0,0,21.401146426796913,1.4191698282957077,71.63146324455738,2.4246386587164293,2.520369294484908,2.4246386587164293,2.4268347812622917,1.3485985850867683,2.4246386587164293
sugar_box_yalehand0_black10_2,153,0.9430897743175866,0.9983582618547222,0.6720412355699955,0.7359209546803354,0.03271365678500028,0.0358231969380319,0.0891009055627426,0.0891009055627426,0.05526848753713565,0.06387971911033985,MODE_4_TRUSTED_FUSION,full,four_mode_relocalization_v2,0.4776325593399846,0,0,0,False,0,0,0.9430897743175866,0,0,restarted_se3,0,45.4809470102191,3.917757421731949,0,154,cache_read_only_not_online_fps,178d419b5d7b38d165994fad2d41dc67b8cffa4444c416451632d3659ff5f2cf,cached_perception_v2,0,0,0,,,0,0.0,0,22.433343343436718,1.48824043571949,73.32028821110725,1.4425162234863327,1.5946546374887043,1.4425162234863327,1.442756442257009,0.958802999712951,1.4425162234863327
sugar_box_yalehand0_black10_2,154,1.3529611561307189,1.372509561259167,0.6921804449326826,0.658023073870512,0.03369399422285619,0.03203128001059805,0.0891009055627426,0.0891009055627426,0.01954840512844802,-0.03415737106217065,MODE_4_TRUSTED_FUSION,full,four_mode_relocalization_v2,0.5124643421920291,0,0,0,False,0,1,1.3529611561307189,0,0,restarted_se3,0,44.53838523477316,2.491595223546028,0,155,cache_read_only_not_online_fps,178d419b5d7b38d165994fad2d41dc67b8cffa4444c416451632d3659ff5f2cf,cached_perception_v2,0,0,0,,,0,0.0,0,22.208092734217644,1.6026534140110016,70.84072660654783,1.458219311813277,1.5853037761322322,1.458219311813277,1.4580941704958008,1.3600962680940232,1.4457915590839583
sugar_box_yalehand0_black10_2,155,1.2558463364450931,1.247343340253189,0.7387202139396483,0.6885669709346691,0.03595945941987756,0.03351809735534883,0.0891009055627426,0.0891009055627426,-0.008502996191904089,-0.05015324300497914,MODE_4_TRUSTED_FUSION,full,four_mode_relocalization_v2,0.5173266382543609,0,0,0,False,0,1,1.247343340253189,0,0,restarted_se3,0,46.28425929695368,2.5280294939875603,0,156,cache_read_only_not_online_fps,178d419b5d7b38d165994fad2d41dc67b8cffa4444c416451632d3659ff5f2cf,cached_perception_v2,0,0,0,,,0,0.0,0,22.965731099247932,1.6141990199685097,73.39221891015768,1.284129512069299,1.2058668918121014,1.284129512069299,1.2838816406871005,1.2460826206079734,0.9503132440771648
sugar_box_yalehand0_black10_2,156,1.1605650411482527,1.3339459379664687,0.666686920716938,0.7646408630533728,0.032453019179521814,0.037221226070299845,0.0891009055627426,0.0891009055627426,0.173380896818216,0.09795394233643473,MODE_4_TRUSTED_FUSION,full,four_mode_relocalization_v2,0.46625368044634047,0,0,0,False,0,1,1.1605650411482527,0,0,restarted_se3,0,43.34092419594526,2.320985309779644,0,157,cache_read_only_not_online_fps,178d419b5d7b38d165994fad2d41dc67b8cffa4444c416451632d3659ff5f2cf,cached_perception_v2,0,0,0,,,0,0.0,0,24.067712016403675,1.5730494633316994,71.30267098546028,1.2792016645690412,1.1327210457998027,1.3564972326711473,1.2790292105204901,1.226444447040074,0.656194089497927
sugar_box_yalehand0_black10_2,157,1.1879948678496834,1.2091458286195194,0.6501480325926078,0.7060733187905437,0.03164793835848267,0.03437027222945484,0.0891009055627426,0.0891009055627426,0.021150960769835914,0.05592528619793591,MODE_4_TRUSTED_FUSION,full,four_mode_relocalization_v2,0.4796815802408061,0,0,0,False,0,1,1.1879948678496834,0,0,restarted_se3,0,46.221123076975346,2.575444057583809,0,158,cache_read_only_not_online_fps,178d419b5d7b38d165994fad2d41dc67b8cffa4444c416451632d3659ff5f2cf,cached_perception_v2,0,0,0,,,0,0.0,0,22.89473172277212,1.5047620981931686,73.19606095552444,1.2254312146830675,1.1453338323927893,1.4772870894734649,1.225269399333738,1.189481880343827,0.40380956656325206
sugar_box_yalehand0_black10_2,158,1.294342446224393,1.1746479326346297,0.6895845433056512,0.6344022879621622,0.033567630793977746,0.03088146621599907,0.0891009055627426,0.04219409282700422,-0.11969451358976335,-0.05518225534348897,MODE_4_TRUSTED_FUSION,full,four_mode_relocalization_v2,0.5205293140005823,0,0,0,False,0,1,1.1746479326346297,0,0,restarted_se3,0,44.88267283886671,2.4672457948327065,0,159,cache_read_only_not_online_fps,178d419b5d7b38d165994fad2d41dc67b8cffa4444c416451632d3659ff5f2cf,cached_perception_v2,0,0,0,,,0,0.0,0,22.17047568410635,1.5412289649248123,71.06162328273058,1.2627840322337551,1.2291263093424,1.2627840322337551,1.2627131459412813,1.2306055501818447,0.49590821575514726
sugar_box_yalehand0_black10_2,159,1.3478284242165703,1.3039226374309245,0.6836560708572952,0.671393390187186,0.033279044316437634,0.03268212093514279,0.0891009055627426,0.0891009055627426,-0.04390578678564583,-0.01226268067010916,MODE_4_TRUSTED_FUSION,full,four_mode_relocalization_v2,0.5044589962097781,0,0,0,False,0,1,1.3039226374309245,0,0,restarted_se3,0,45.00335920602083,2.261676825582981,0,160,cache_read_only_not_online_fps,178d419b5d7b38d165994fad2d41dc67b8cffa4444c416451632d3659ff5f2cf,cached_perception_v2,0,0,0,,,0,0.0,0,22.464199922978878,2.6825563982129097,72.4117923527956,1.3123012679248263,1.3243743449344858,1.3123012679248263,1.3121754350114918,1.3259056401041742,0.8092378404772088
sugar_box_yalehand0_black10_2,160,1.3562608233502198,1.4358281793720935,0.6196767682370615,0.679459554025077,0.030164656632344404,0.03307476606076598,0.04219409282700422,0.0891009055627426,0.0795673560218737,0.059782785788015436,MODE_4_TRUSTED_FUSION,full,four_mode_relocalization_v2,0.4773401790326355,0,0,0,False,0,1,1.3562608233502198,0,0,restarted_se3,0,43.3981204405427,2.7491310611367226,0,161,cache_read_only_not_online_fps,178d419b5d7b38d165994fad2d41dc67b8cffa4444c416451632d3659ff5f2cf,cached_perception_v2,0,0,0,,,0,0.0,0,22.12468534708023,1.5847431495785713,69.85667999833822,1.3870196473363283,1.4127670738893794,1.3870196473363283,1.387638294093752,1.4014560317420366,1.2650191667956299
sugar_box_yalehand0_black10_2,161,1.317958038084704,1.346576717397422,0.6743779315630244,0.7007670521310057,0.032827402589098144,0.03411197351633705,0.0891009055627426,0.0891009055627426,0.028618679312717887,0.02638912056798126,MODE_4_TRUSTED_FUSION,full,four_mode_relocalization_v2,0.49054251677194555,0,0,0,False,0,1,1.317958038084704,0,0,restarted_se3,0,45.704880729317665,2.477646805346012,0,162,cache_read_only_not_online_fps,178d419b5d7b38d165994fad2d41dc67b8cffa4444c416451632d3659ff5f2cf,cached_perception_v2,0,0,0,,,0,0.0,0,22.44467567652464,0.9709643200039864,71.5981675311923,1.3142870951498944,1.3452861053327303,1.3142870951498944,1.3142974176821427,1.3297031409981201,1.3142870951498944
sugar_box_yalehand0_black10_2,162,1.055084046325235,1.0352839295677778,0.6897464135531164,0.7011242794223169,0.03357551032195759,0.034129362644241205,0.0891009055627426,0.0891009055627426,-0.019800116757457076,0.011377865869200532,MODE_4_TRUSTED_FUSION,full,four_mode_relocalization_v2,0.49596778573477723,0,0,0,False,0,1,1.0352839295677778,0,0,restarted_se3,0,46.422746963799,2.5660237297415733,0,163,cache_read_only_not_online_fps,178d419b5d7b38d165994fad2d41dc67b8cffa4444c416451632d3659ff5f2cf,cached_perception_v2,0,0,0,,,0,0.0,0,22.715049795806408,0.8649863302707672,72.56880681961775,1.0722615902432564,1.0651961323651231,1.0722615902432564,1.0723170386180871,1.0422652133610264,1.0722615902432564
sugar_box_yalehand0_black10_2,163,1.1709421738493868,1.1647546526234727,0.7119522006775929,0.8325874808435397,0.03465644473517819,0.04052873492011596,0.0891009055627426,0.0891009055627426,-0.00618752122591415,0.12063528016594682,MODE_4_TRUSTED_FUSION,full,four_mode_relocalization_v2,0.4614470372369659,0,0,0,False,0,1,1.1647546526234727,0,0,restarted_se3,0,44.14015728980303,3.084864467382431,0,164,cache_read_only_not_online_fps,178d419b5d7b38d165994fad2d41dc67b8cffa4444c416451632d3659ff5f2cf,cached_perception_v2,0,0,0,,,0,0.0,0,22.58554194122553,0.894264318048954,70.70482801645994,1.1871748121466135,1.1864136736387265,1.1871748121466135,1.1872639448291646,1.1661902702942464,1.1871748121466135
sugar_box_yalehand0_black10_2,164,0.9958385200916093,1.035309387159023,0.8212730752224754,0.8320470817097216,0.03997797171895637,0.040502429344126054,0.0891009055627426,0.0891009055627426,0.03947086706741376,0.010774006487246246,MODE_4_TRUSTED_FUSION,full,four_mode_relocalization_v2,0.49678065000214944,0,0,0,False,0,0,0.9958385200916093,0,0,restarted_se3,0,45.15516851097345,2.4031205102801323,0,165,cache_read_only_not_online_fps,178d419b5d7b38d165994fad2d41dc67b8cffa4444c416451632d3659ff5f2cf,cached_perception_v2,0,0,0,,,0,0.0,0,22.762125357985497,0.8484525606036186,71.1688669398427,1.0604392754328973,1.0571348078866278,1.0604392754328973,1.0605688131994544,1.006509830316992,1.040135688604592
sugar_box_yalehand0_black10_2,165,1.2465305715463177,1.2249025378049374,0.8669029338191087,0.907041755625431,0.04219914425163927,0.044153023821562706,0.0891009055627426,0.0891009055627426,-0.021628033741380337,0.04013882180632233,MODE_4_TRUSTED_FUSION,full,four_mode_relocalization_v2,0.48881269248642484,0,0,0,False,0,1,1.2249025378049374,0,0,restarted_se3,0,44.81464624404907,2.3497911170125008,0,166,cache_read_only_not_online_fps,178d419b5d7b38d165994fad2d41dc67b8cffa4444c416451632d3659ff5f2cf,cached_perception_v2,0,0,0,,,0,0.0,0,22.75322563946247,0.9837858378887177,70.90144883841276,1.2476831625535387,1.26449396636619,1.2476831625535387,1.2476788715880889,1.2322440772090135,1.2311200399820665
sugar_box_yalehand0_black10_2,166,1.2066935708969488,1.4435918208855048,0.775193619186359,0.9108739022869168,0.03773491365968938,0.04433956524788947,0.0891009055627426,0.0891009055627426,0.2368982499885559,0.1356802831005578,MODE_4_TRUSTED_FUSION,full,four_mode_relocalization_v2,0.4602359574305151,0,0,0,False,0,1,1.2066935708969488,0,0,restarted_se3,0,64.05165698379278,2.83832848072052,0,167,cache_read_only_not_online_fps,178d419b5d7b38d165994fad2d41dc67b8cffa4444c416451632d3659ff5f2cf,cached_perception_v2,0,0,0,,,0,0.0,0,13.777063228189945,0.8918354287743568,81.5588841214776,1.2133662742981457,1.3193435179680635,1.2133662742981457,1.2315538253315612,1.316660056923756,1.2094258909453628
sugar_box_yalehand0_black10_2,167,1.13350397271291,1.21973726990742,0.854262582469382,0.8155215324336798,0.041583836598164635,0.039697997832209196,0.0891009055627426,0.0891009055627426,0.08623329719451012,-0.038741050035702274,MODE_4_TRUSTED_FUSION,full,four_mode_relocalization_v2,0.5114633134771552,0,0,0,False,0,1,1.13350397271291,0,0,restarted_se3,0,45.17168924212456,3.120257519185543,0,168,cache_read_only_not_online_fps,178d419b5d7b38d165994fad2d41dc67b8cffa4444c416451632d3659ff5f2cf,cached_perception_v2,0,0,0,,,0,0.0,0,19.8285561054945,0.9466372430324554,69.06714010983706,1.1721653113892414,1.189090411934115,1.1721653113892414,1.1720094590011345,1.1700461353065341,1.1721653113892414
sugar_box_yalehand0_black10_2,168,1.128999435263105,1.3147652791967082,0.7748076540376355,0.7973773962487813,0.03771612562892874,0.038814776666011505,0.0891009055627426,0.0891009055627426,0.18576584393360318,0.022569742211145827,MODE_4_TRUSTED_FUSION,full,four_mode_relocalization_v2,0.49291233697770065,0,0,0,False,0,1,1.128999435263105,0,0,restarted_se3,0,45.23842595517635,2.407325431704521,0,169,cache_read_only_not_online_fps,178d419b5d7b38d165994fad2d41dc67b8cffa4444c416451632d3659ff5f2cf,cached_perception_v2,0,0,0,,,0,0.0,0,21.290890872478485,0.8875979110598564,69.82424017041922,1.117065117888928,1.232545390734454,1.117065117888928,1.1169672937976471,1.2195126874636466,1.117065117888928
sugar_box_yalehand0_black10_2,169,1.4249046388941125,1.5338600868190004,0.7261021365410782,0.7372209572187579,0.0353452360189083,0.03588647852643847,0.0891009055627426,0.0891009055627426,0.10895544792488798,0.011118820677679664,MODE_4_TRUSTED_FUSION,full,four_mode_relocalization_v2,0.49625205704527386,0,0,0,False,0,1,1.4249046388941125,0,0,restarted_se3,0,46.98506277054548,2.3411130532622337,0,170,cache_read_only_not_online_fps,178d419b5d7b38d165994fad2d41dc67b8cffa4444c416451632d3659ff5f2cf,cached_perception_v2,0,0,0,,,0,0.0,0,21.119763143360615,1.005668193101883,71.45160716027021,1.4178962495217395,1.4742693318370828,1.4178962495217395,1.4178119079304279,1.4756892541450515,1.3397691491089045
sugar_box_yalehand0_black10_2,170,1.4172574277596333,1.415876971053953,0.7041437575730356,0.6667943656386048,0.03427634495226675,0.032458249388777824,0.0891009055627426,0.0891009055627426,-0.0013804567056803219,-0.037349391934430765,MODE_4_TRUSTED_FUSION,full,four_mode_relocalization_v2,0.5134259717636439,0,0,0,False,0,1,1.415876971053953,0,0,restarted_se3,0,45.13602703809738,2.7643442153930664,0,171,cache_read_only_not_online_fps,178d419b5d7b38d165994fad2d41dc67b8cffa4444c416451632d3659ff5f2cf,cached_perception_v2,0,0,0,,,0,0.0,0,21.80074155330658,1.0305717587471008,70.73168456554413,1.4080549980620576,1.4016544061049145,1.4080549980620576,1.408015346514467,1.4133981752569147,1.2318807642324021
sugar_box_yalehand0_black10_2,171,1.3414868055449276,1.3472659730282088,0.646983928445455,0.6256017840490324,0.03149391593898908,0.030453074847566153,0.04219409282700422,0.04219409282700422,0.005779167483281222,-0.02138214439642261,MODE_4_TRUSTED_FUSION,full,four_mode_relocalization_v2,0.5082710740919295,0,0,0,False,0,1,1.3414868055449276,0,0,restarted_se3,0,46.43402248620987,2.64147762209177,0,172,cache_read_only_not_online_fps,178d419b5d7b38d165994fad2d41dc67b8cffa4444c416451632d3659ff5f2cf,cached_perception_v2,0,0,0,,,0,0.0,0,20.717047154903412,0.9787175804376602,70.77126484364271,1.3319460410088308,1.3317514036605687,1.3319460410088308,1.3318316857621648,1.3426473242129293,1.1590822732688801
sugar_box_yalehand0_black10_2,172,1.295378252481378,1.275589370604569,0.6269492241582475,0.5818125854137978,0.030518665604409842,0.02832150205229224,0.04219409282700422,0.04219409282700422,-0.01978888187680905,-0.04513663874444973,MODE_4_TRUSTED_FUSION,full,four_mode_relocalization_v2,0.5183667161498818,0,0,0,False,0,1,1.275589370604569,0,0,restarted_se3,0,48.01622964441776,2.643890678882599,0,173,cache_read_only_not_online_fps,178d419b5d7b38d165994fad2d41dc67b8cffa4444c416451632d3659ff5f2cf,cached_perception_v2,0,0,0,,,0,0.0,0,20.54019272327423,0.9135706350207329,72.11388368159533,1.293024543387631,1.28058144809539,1.293024543387631,1.2930078949827983,1.2845948930979714,1.1333347929801523
sugar_box_yalehand0_black10_2,173,1.318716242656388,1.2914847946395929,0.5902004343145311,0.5841697546496322,0.028729806179449407,0.02843624445392455,0.04219409282700422,0.04219409282700422,-0.027231448016795223,-0.006030679664898897,MODE_4_TRUSTED_FUSION,full,four_mode_relocalization_v2,0.5025246275068742,0,0,0,False,0,1,1.2914847946395929,0,0,restarted_se3,0,47.135201282799244,2.903827466070652,0,174,cache_read_only_not_online_fps,178d419b5d7b38d165994fad2d41dc67b8cffa4444c416451632d3659ff5f2cf,cached_perception_v2,0,0,0,,,0,0.0,0,23.022600449621677,0.9788013994693756,74.04043059796095,1.3176338096251818,1.3059460592841603,1.3176338096251818,1.3176172228216738,1.3049144720692736,1.2038870672292403
sugar_box_yalehand0_black10_2,174,1.3711579496355668,1.2321492048487803,0.5888113408528527,0.5659089373162198,0.02866218781863693,0.0275473434769597,0.04219409282700422,0.04219409282700422,-0.1390087447867865,-0.022902403536632865,MODE_4_TRUSTED_FUSION,full,four_mode_relocalization_v2,0.5097480242583062,0,0,0,False,0,1,1.2321492048487803,0,0,restarted_se3,0,45.38544546812773,2.4972716346383095,0,175,cache_read_only_not_online_fps,178d419b5d7b38d165994fad2d41dc67b8cffa4444c416451632d3659ff5f2cf,cached_perception_v2,0,0,0,,,0,0.0,0,21.249601617455482,1.2771999463438988,70.40951866656542,1.3691640370435207,1.2982472178292495,1.3691640370435207,1.3689900699428426,1.2948390490549926,1.2079863638223074
sugar_box_yalehand0_black10_2,175,1.3308823268025916,1.3260468833041184,0.5694836169506273,0.5932295092788893,0.027721351910500465,0.028877255641647965,0.04219409282700422,0.04219409282700422,-0.004835443498473202,0.023745892328261964,MODE_4_TRUSTED_FUSION,full,four_mode_relocalization_v2,0.48996126287869834,0,0,0,False,0,1,1.3260468833041184,0,0,restarted_se3,0,45.23184709250927,2.4508479982614517,0,176,cache_read_only_not_online_fps,178d419b5d7b38d165994fad2d41dc67b8cffa4444c416451632d3659ff5f2cf,cached_perception_v2,0,0,0,,,0,0.0,0,20.294634625315666,0.9638108313083649,68.94114054739475,1.3284749462558652,1.329314394640987,1.3284749462558652,1.3284084915954257,1.3271373592903977,1.100205401209922
sugar_box_yalehand0_black10_2,176,1.3812039640652305,1.3428022627701475,0.6106811973766253,0.6054209493954353,0.029726769785320996,0.029470711171723146,0.04219409282700422,0.04219409282700422,-0.038401701295083024,-0.005260247981189958,MODE_4_TRUSTED_FUSION,full,four_mode_relocalization_v2,0.5021277561870298,0,0,0,False,0,1,1.3428022627701475,0,0,restarted_se3,0,44.128913432359695,2.7630021795630455,0,177,cache_read_only_not_online_fps,178d419b5d7b38d165994fad2d41dc67b8cffa4444c416451632d3659ff5f2cf,cached_perception_v2,0,0,0,,,0,0.0,0,20.898226648569107,1.80117879062891,69.59132105112076,1.382041062302675,1.3564030911694256,1.382041062302675,1.3819378533331572,1.3560996245790953,1.1426827462435918
sugar_box_yalehand0_black10_2,177,0.9950058818048342,0.8703245289755817,0.7410701537438089,0.6544100191142109,0.036073849906874275,0.031855403550959685,0.0891009055627426,0.0891009055627426,-0.12468135282925252,-0.08666013462959798,MODE_4_TRUSTED_FUSION,full,four_mode_relocalization_v2,0.5306115678238787,0,0,0,False,0,0,0.8703245289755817,0,0,restarted_se3,0,43.628355488181114,2.9659057036042213,0,178,cache_read_only_not_online_fps,178d419b5d7b38d165994fad2d41dc67b8cffa4444c416451632d3659ff5f2cf,cached_perception_v2,0,0,0,,,0,0.0,0,20.709846168756485,1.5078689903020859,68.8119763508439,1.0018650510717055,0.9155259400153795,1.0018650510717055,1.0018953532999317,0.9105548670561308,0.5769685274628698
sugar_box_yalehand0_black10_2,178,1.136882429825647,1.1248857207189076,0.7316945689852957,0.7623778516427473,0.03561746472436603,0.037111067087979434,0.0891009055627426,0.0891009055627426,-0.011996709106739445,0.03068328265745157,MODE_4_TRUSTED_FUSION,full,four_mode_relocalization_v2,0.48986730019006486,0,0,0,False,0,1,1.1248857207189076,0,0,restarted_se3,0,44.70227099955082,2.224152907729149,0,179,cache_read_only_not_online_fps,178d419b5d7b38d165994fad2d41dc67b8cffa4444c416451632d3659ff5f2cf,cached_perception_v2,0,0,0,,,0,0.0,0,21.678444929420948,1.5905341133475304,70.19540295004845,1.1461284509618859,1.147222201309317,1.1461284509618859,1.1460209023675874,1.1305795656342659,0.6591194045277775
sugar_box_yalehand0_black10_2,179,1.3100747745363728,1.3555106022920962,0.7013942984122011,0.7877468087191929,0.03414250664209874,0.03834597844589388,0.0891009055627426,0.0891009055627426,0.04543582775572341,0.08635251030699176,MODE_4_TRUSTED_FUSION,full,four_mode_relocalization_v2,0.4713901801829743,0,0,0,False,0,1,1.3100747745363728,0,0,restarted_se3,0,44.9692802503705,2.3172777146101,0,180,cache_read_only_not_online_fps,178d419b5d7b38d165994fad2d41dc67b8cffa4444c416451632d3659ff5f2cf,cached_perception_v2,0,0,0,,,0,0.0,0,20.42424213141203,1.8553240224719048,69.56612411886454,1.3112048405662986,1.3379374973074412,1.3112048405662986,1.311052072719952,1.3265623668273467,0.6398388301103316
sugar_box_yalehand0_black10_2,180,1.3477702294124743,1.4524102767317848,0.7014325119951189,0.7575574874274055,0.03414436680479402,0.03687642115827597,0.0891009055627426,0.0891009055627426,0.10464004731931054,0.05612497543228656,MODE_4_TRUSTED_FUSION,full,four_mode_relocalization_v2,0.4810259111102168,0,0,0,False,0,1,1.3477702294124743,0,0,restarted_se3,0,45.646898448467255,2.466459758579731,0,181,cache_read_only_not_online_fps,178d419b5d7b38d165994fad2d41dc67b8cffa4444c416451632d3659ff5f2cf,cached_perception_v2,0,0,0,,,0,0.0,0,21.341213025152683,1.6871178522706032,71.14168908447027,1.3441520762224242,1.4020311435143082,1.3441520762224242,1.3440923696229428,1.398898316102699,0.7757463334192771
sugar_box_yalehand0_black10_2,181,1.566962693756135,1.6481385270432918,0.6181943949979918,0.7151495797248267,0.03009249759387548,0.0348120869119176,0.04219409282700422,0.0891009055627426,0.08117583328715683,0.09695518472683495,MODE_4_TRUSTED_FUSION,full,four_mode_relocalization_v2,0.4641794006040879,0,0,0,False,0,1,1.566962693756135,0,0,restarted_se3,0,44.055093079805374,2.610383555293083,0,182,cache_read_only_not_online_fps,178d419b5d7b38d165994fad2d41dc67b8cffa4444c416451632d3659ff5f2cf,cached_perception_v2,0,0,0,,,0,0.0,0,21.412297151982784,1.7201043665409088,69.79787815362215,1.5650851226348212,1.6032410310666194,1.5650851226348212,1.5649723885577456,1.6025611275326657,0.7307662794497589
sugar_box_yalehand0_black10_2,182,1.3521229230005731,1.5306962582499952,0.4887797185389623,0.5630579997351453,0.02379284351828625,0.027408565395189717,0.017080745341614908,0.04219409282700422,0.1785733352494221,0.07427828119618296,MODE_4_TRUSTED_FUSION,full,four_mode_relocalization_v2,0.4653500339044855,0,0,0,False,0,1,1.3521229230005731,0,0,restarted_se3,0,45.120823197066784,2.6278728619217873,0,183,cache_read_only_not_online_fps,178d419b5d7b38d165994fad2d41dc67b8cffa4444c416451632d3659ff5f2cf,cached_perception_v2,0,0,0,,,0,0.0,0,19.925905391573906,2.198264002799988,69.87286545336246,1.349817843236454,1.4416940518555084,1.349817843236454,1.3499243038498099,1.4382750655455383,1.0501486479217026
sugar_box_yalehand0_black10_2,183,1.4160012122133137,1.4232612152590123,0.43637912027362785,0.43937289143770153,0.021242084582300855,0.021387815524348288,0.0019588638589618022,0.0019588638589618022,0.007260003045698626,0.0029937711640736775,MODE_4_TRUSTED_FUSION,full,four_mode_relocalization_v2,0.49832890625701515,0,0,0,False,0,1,1.4160012122133137,0,0,restarted_se3,0,44.57047302275896,2.624865621328354,0,184,cache_read_only_not_online_fps,178d419b5d7b38d165994fad2d41dc67b8cffa4444c416451632d3659ff5f2cf,cached_perception_v2,0,0,0,,,0,0.0,0,20.15550248324871,1.748567447066307,69.09940857440233,1.414514254670427,1.4198212040288614,1.414514254670427,1.414407045088739,1.4171610971987496,1.1954373370772022
sugar_box_yalehand0_black10_2,184,1.388065977363975,1.3032926784308012,0.4222382203592492,0.3954712651558379,0.020553733150952054,0.01925076997048413,0.0019588638589618022,0.0,-0.08477329893317376,-0.02676695520341127,MODE_4_TRUSTED_FUSION,full,four_mode_relocalization_v2,0.5159762755861318,0,0,0,False,0,1,1.3032926784308012,0,0,restarted_se3,0,46.15883994847536,2.728949300944805,0,185,cache_read_only_not_online_fps,178d419b5d7b38d165994fad2d41dc67b8cffa4444c416451632d3659ff5f2cf,cached_perception_v2,0,0,0,,,0,0.0,0,20.855247974395752,1.4382870867848396,71.18132431060076,1.385887102890583,1.3428681124450776,1.385887102890583,1.3860087449337144,1.3432373440768253,1.385887102890583
sugar_box_yalehand0_black10_2,185,1.3239623425407687,1.1080380989069996,0.4054273117365369,0.3759039689497248,0.019735410902524883,0.018298272149789685,0.0,0.0,-0.21592424363376916,-0.029523342786812123,MODE_4_TRUSTED_FUSION,full,four_mode_relocalization_v2,0.5184214341174403,0,0,0,False,0,1,1.1080380989069996,0,0,restarted_se3,0,45.564910396933556,3.849560394883156,0,186,cache_read_only_not_online_fps,178d419b5d7b38d165994fad2d41dc67b8cffa4444c416451632d3659ff5f2cf,cached_perception_v2,0,0,0,,,0,0.0,0,19.85952164977789,0.9731585159897804,70.24715095758438,1.3251466780372823,1.2065211287719246,1.3251466780372823,1.3250178491211477,1.2013763398625668,1.3251466780372823
sugar_box_yalehand0_black10_2,186,1.1507206277761812,1.1915270500851065,0.381573385094229,0.3983724271138867,0.018574248271649746,0.019391992876981543,0.0,0.0,0.04080642230892528,0.016799042019657706,MODE_4_TRUSTED_FUSION,full,four_mode_relocalization_v2,0.48949988751532636,0,0,0,False,0,1,1.1507206277761812,0,0,restarted_se3,0,46.887910924851894,2.766944468021393,0,187,cache_read_only_not_online_fps,178d419b5d7b38d165994fad2d41dc67b8cffa4444c416451632d3659ff5f2cf,cached_perception_v2,0,0,0,,,0,0.0,0,20.776905119419098,0.9905705228447914,71.42233103513718,1.149594159019991,1.1673068647626577,1.149594159019991,1.1496948155423452,1.1643807673901632,1.149594159019991
sugar_box_yalehand0_black10_2,187,1.238816406449551,1.1383000952123457,0.4124978740190332,0.3796909669410025,0.02007959208597618,0.01848261582689615,0.0019588638589618022,0.0,-0.10051631123720539,-0.03280690707803069,MODE_4_TRUSTED_FUSION,full,four_mode_relocalization_v2,0.5201966004847172,0,0,0,False,0,1,1.1383000952123457,0,0,restarted_se3,0,43.57550200074911,2.6479382067918777,0,188,cache_read_only_not_online_fps,178d419b5d7b38d165994fad2d41dc67b8cffa4444c416451632d3659ff5f2cf,cached_perception_v2,0,0,0,,,0,0.0,0,20.13237215578556,0.9437650442123413,67.29957740753889,1.2364618260897673,1.1876443111719672,1.2364618260897673,1.2366300629359328,1.186080958103595,1.105172065327044
sugar_box_yalehand0_black10_2,188,1.0674228911443404,1.1823122112732847,0.403575873207457,0.42231527739999425,0.019645286485460694,0.020557484137424874,0.0,0.0019588638589618022,0.11488932012894426,0.018739404192537223,MODE_4_TRUSTED_FUSION,full,four_mode_relocalization_v2,0.4889232768429602,0,0,0,False,0,1,1.0674228911443404,0,0,restarted_se3,0,43.596082367002964,2.6889368891716003,0,189,cache_read_only_not_online_fps,178d419b5d7b38d165994fad2d41dc67b8cffa4444c416451632d3659ff5f2cf,cached_perception_v2,0,0,0,,,0,0.0,0,20.147248171269894,1.17390975356102,67.60617718100548,1.0697436609567326,1.1027603439719467,1.0697436609567326,1.069812283637806,1.1017492366121715,0.9015141827493479
sugar_box_yalehand0_black10_2,189,1.0963704180358358,1.239946230135133,0.38121448181856915,0.42142340701898484,0.018556777560095876,0.020514069626533585,0.0,0.0019588638589618022,0.14357581209929715,0.04020892520041569,MODE_4_TRUSTED_FUSION,full,four_mode_relocalization_v2,0.4755609814804216,0,0,0,False,0,1,1.0963704180358358,0,0,restarted_se3,0,45.45266926288605,2.827625721693039,0,190,cache_read_only_not_online_fps,178d419b5d7b38d165994fad2d41dc67b8cffa4444c416451632d3659ff5f2cf,cached_perception_v2,0,0,0,,,0,0.0,0,19.98624298721552,0.8238619193434715,69.09039989113808,1.0968634375730544,1.154245616836376,1.0968634375730544,1.0965591869473168,1.1499159665341876,0.9083596301620848
sugar_box_yalehand0_black10_2,190,1.0626570381487086,1.159592019395764,0.37443320916563627,0.3998407055168991,0.018226678431661595,0.019463465806317845,0.0,0.0,0.09693498124705546,0.025407496351262826,MODE_4_TRUSTED_FUSION,full,four_mode_relocalization_v2,0.4840058348375837,0,0,0,False,0,1,1.0626570381487086,0,0,restarted_se3,0,43.40039752423763,2.335694618523121,0,191,cache_read_only_not_online_fps,178d419b5d7b38d165994fad2d41dc67b8cffa4444c416451632d3659ff5f2cf,cached_perception_v2,0,0,0,,,0,0.0,0,19.896537996828556,0.9520482271909714,66.58467836678028,1.0619764293350102,1.1135941273587782,1.0619764293350102,1.0617197986683753,1.1087543243320803,0.9041994270272471
sugar_box_yalehand0_black10_2,191,1.1258865572192835,1.1055263222983644,0.37902425632083253,0.3759336240319712,0.018450161654073472,0.018299715701362407,0.0,0.0,-0.020360234920919096,-0.003090632288861306,MODE_4_TRUSTED_FUSION,full,four_mode_relocalization_v2,0.5019940646886862,0,0,0,False,0,1,1.1055263222983644,0,0,restarted_se3,0,44.90730259567499,2.0955856889486313,0,192,cache_read_only_not_online_fps,178d419b5d7b38d165994fad2d41dc67b8cffa4444c416451632d3659ff5f2cf,cached_perception_v2,0,0,0,,,0,0.0,0,20.65028715878725,0.8930163457989693,68.54619178920984,1.1254658760930216,1.117515221197489,1.1254658760930216,1.125285290964931,1.1150573418423766,0.9420614987930027
sugar_box_yalehand0_black10_2,192,1.0672500124951534,1.054943285965107,0.3779587221223971,0.38376446971112943,0.018398293527215552,0.01868090599791766,0.0,0.0,-0.012306726530046497,0.005805747588732313,MODE_4_TRUSTED_FUSION,full,four_mode_relocalization_v2,0.4962865707136595,0,0,0,False,0,1,1.054943285965107,0,0,restarted_se3,0,44.47996709495783,2.3311926051974297,0,193,cache_read_only_not_online_fps,178d419b5d7b38d165994fad2d41dc67b8cffa4444c416451632d3659ff5f2cf,cached_perception_v2,0,0,0,,,0,0.0,0,21.941359154880047,0.8855955675244331,69.63811442255974,1.0685719928318709,1.061227002823083,1.0685719928318709,1.0684791052790532,1.0608345089953872,0.9597325287908532
sugar_box_yalehand0_black10_2,193,1.1710484836288322,1.0728399139462168,0.38334388122072494,0.3702786305639502,0.01866043257040373,0.018024441647267568,0.0,0.0,-0.09820856968261538,-0.013065250656774718,MODE_4_TRUSTED_FUSION,full,four_mode_relocalization_v2,0.5084442027330839,0,0,0,False,0,1,1.0728399139462168,0,0,restarted_se3,0,45.493065379559994,2.324831672012806,0,194,cache_read_only_not_online_fps,178d419b5d7b38d165994fad2d41dc67b8cffa4444c416451632d3659ff5f2cf,cached_perception_v2,0,0,0,,,0,0.0,0,20.692012272775173,0.8871378377079964,69.39704716205597,1.1727674560339294,1.117090673746684,1.1727674560339294,1.1724242029776832,1.116263523141931,1.0423646728331353
sugar_box_yalehand0_black10_2,194,1.1929836347465357,1.1753990476046923,0.38692651610019835,0.3908384270930698,0.018834828249760606,0.019025252448189034,0.0,0.0,-0.01758458714184341,0.00391191099287147,MODE_4_TRUSTED_FUSION,full,four_mode_relocalization_v2,0.4975482057551858,0,0,0,False,0,1,1.1753990476046923,0,0,restarted_se3,0,45.299421064555645,2.3705270141363144,0,195,cache_read_only_not_online_fps,178d419b5d7b38d165994fad2d41dc67b8cffa4444c416451632d3659ff5f2cf,cached_perception_v2,0,0,0,,,0,0.0,0,20.309566520154476,0.9094709530472755,68.88898555189371,1.1948340843624166,1.1823712868797176,1.1948340843624166,1.1944783187982688,1.1817468907715107,1.0214902020400745
sugar_box_yalehand0_black10_2,195,1.074919738484182,1.04211639157967,0.3845297596809473,0.40659276729247457,0.01871815882123942,0.01979214300620715,0.0,0.0019588638589618022,-0.03280334690451192,0.02206300761152724,MODE_4_TRUSTED_FUSION,full,four_mode_relocalization_v2,0.48639970727119863,0,0,0,False,0,1,1.04211639157967,0,0,restarted_se3,0,46.4489720761776,2.3387903347611427,0,196,cache_read_only_not_online_fps,178d419b5d7b38d165994fad2d41dc67b8cffa4444c416451632d3659ff5f2cf,cached_perception_v2,0,0,0,,,0,0.0,0,21.594570949673653,0.8924501016736031,71.274783462286,1.1024393358752218,1.067491382929669,1.1024393358752218,1.102131375669348,1.0545139844321563,1.0451432016694235
sugar_box_yalehand0_black10_2,196,1.1234911170884667,1.1676032872740487,0.39767573872035983,0.38930721661320444,0.019358079444612174,0.01895071610807677,0.0,0.0,0.044112170185582,-0.008368522107155385,MODE_4_TRUSTED_FUSION,full,four_mode_relocalization_v2,0.5051850674489751,0,0,0,False,0,1,1.1234911170884667,0,0,restarted_se3,0,44.080737978219986,2.267792820930481,0,197,cache_read_only_not_online_fps,178d419b5d7b38d165994fad2d41dc67b8cffa4444c416451632d3659ff5f2cf,cached_perception_v2,0,0,0,,,0,0.0,0,21.088048815727234,0.951291061937809,68.38787067681551,1.1267775947928433,1.1554958022186195,1.1267775947928433,1.1265864620850365,1.145266747198837,1.067605802301547
sugar_box_yalehand0_black10_2,197,1.131803974002533,1.1384058081559358,0.37883938056842237,0.3827760710280123,0.018441162262976457,0.018632792677521753,0.0,0.0,0.006601834153402875,0.003936690459589942,MODE_4_TRUSTED_FUSION,full,four_mode_relocalization_v2,0.4974816961131274,0,0,0,False,0,1,1.131803974002533,0,0,restarted_se3,0,44.29516941308975,2.485501579940319,0,198,cache_read_only_not_online_fps,178d419b5d7b38d165994fad2d41dc67b8cffa4444c416451632d3659ff5f2cf,cached_perception_v2,0,0,0,,,0,0.0,0,20.687988959252834,0.9722905233502388,68.44095047563314,1.1309862063406084,1.1401517502612237,1.1309862063406084,1.130881065573397,1.1315591444596533,1.106694040863007
sugar_box_yalehand0_black10_2,198,0.3726528182179307,0.3796407855333736,0.39114680091090714,0.3908779901225097,0.01904026348427472,0.019027178299309423,0.0,0.0,0.006987967315442878,-0.00026881078839746664,MODE_4_TRUSTED_FUSION,full,four_mode_relocalization_v2,0.5001675825930836,0,0,0,False,0,0,0.3726528182179307,0,0,restarted_se3,0,45.63545994460583,2.650955691933632,0,199,cache_read_only_not_online_fps,178d419b5d7b38d165994fad2d41dc67b8cffa4444c416451632d3659ff5f2cf,cached_perception_v2,0,0,0,,,0,0.0,0,20.37422265857458,1.0212250053882599,69.6818633005023,0.37194453374300307,0.37289720267579696,0.37194453374300307,0.3725327002080192,0.3723212504828746,0.37194453374300307
sugar_box_yalehand0_black10_2,199,0.4641955234465581,0.6095926229034779,0.3771343156954686,0.4068781205955405,0.018358163030045966,0.019806033448526585,0.0,0.0019588638589618022,0.1453970994569198,0.02974380490007189,MODE_4_TRUSTED_FUSION,full,four_mode_relocalization_v2,0.4815028950066475,0,0,0,False,0,0,0.4641955234465581,0,0,restarted_se3,0,44.51070446521044,1.8955636769533157,0,200,cache_read_only_not_online_fps,178d419b5d7b38d165994fad2d41dc67b8cffa4444c416451632d3659ff5f2cf,cached_perception_v2,0,0,0,,,0,0.0,0,21.257519721984863,0.7926207035779953,68.45640856772661,0.46697290943053155,0.5236187012274104,0.46697290943053155,0.46635192742900033,0.5220796452867814,0.46697290943053155
sugar_box_yalehand0_black10_2,200,0.4739363948536329,0.6086334961363373,0.37813805238733855,0.39557092403748645,0.018407022974796967,0.01925562117049578,0.0,0.0,0.1346971012827044,0.017432871650147896,MODE_4_TRUSTED_FUSION,full,four_mode_relocalization_v2,0.48901809594703577,0,0,0,False,0,0,0.4739363948536329,0,0,restarted_se3,0,43.67690999060869,1.8323222175240517,0,201,cache_read_only_not_online_fps,178d419b5d7b38d165994fad2d41dc67b8cffa4444c416451632d3659ff5f2cf,cached_perception_v2,0,0,0,,,0,0.0,0,21.88186999410391,0.7856953889131546,68.1767975911498,0.5039424677701674,0.5387902917677297,0.5039424677701674,0.503295783748506,0.521494592140097,0.471916128460982
sugar_box_yalehand0_black10_2,201,0.5141966668775765,0.5357556010577371,0.39849432626901865,0.39650864047157286,0.019397926690135115,0.019301267377845453,0.0,0.0,0.021558934180160638,-0.001985685797445791,MODE_4_TRUSTED_FUSION,full,four_mode_relocalization_v2,0.5012182077111861,0,0,0,False,0,0,0.5141966668775765,0,0,restarted_se3,0,45.696900226175785,1.9285837188363075,0,202,cache_read_only_not_online_fps,178d419b5d7b38d165994fad2d41dc67b8cffa4444c416451632d3659ff5f2cf,cached_perception_v2,0,0,0,,,0,0.0,0,20.860133692622185,0.8207820355892181,69.3063996732235,0.5180652218073462,0.5416022735512767,0.5180652218073462,0.5177692815756951,0.5234555090730079,0.49325748284082893
sugar_box_yalehand0_black10_2,202,0.5190896858889845,0.5545904777612767,0.3814090807464652,0.40303582333137683,0.018566250256414164,0.019618997910656372,0.0,0.0,0.03550079187229216,0.02162674258491165,MODE_4_TRUSTED_FUSION,full,four_mode_relocalization_v2,0.4865579715433072,0,0,0,False,0,0,0.5190896858889845,0,0,restarted_se3,0,44.06678769737482,2.0942697301506996,0,203,cache_read_only_not_online_fps,178d419b5d7b38d165994fad2d41dc67b8cffa4444c416451632d3659ff5f2cf,cached_perception_v2,0,0,0,,,0,0.0,0,19.745358265936375,0.8411994203925133,66.74761511385441,0.5171593288372794,0.5397265762940107,0.5171593288372794,0.5165759631020003,0.53178214679474,0.5171593288372794
sugar_box_yalehand0_black10_2,203,0.5345144258039678,0.5360939333836351,0.38942330278157694,0.38636096339490633,0.018956366956370926,0.018807298246963887,0.0,0.0,0.0015795075796672942,-0.0030623393866706095,MODE_4_TRUSTED_FUSION,full,four_mode_relocalization_v2,0.5019241014913403,0,0,0,False,0,0,0.5345144258039678,0,0,restarted_se3,0,45.67672684788704,1.784847117960453,0,204,cache_read_only_not_online_fps,178d419b5d7b38d165994fad2d41dc67b8cffa4444c416451632d3659ff5f2cf,cached_perception_v2,0,0,0,,,0,0.0,0,20.646294578909874,0.8187005296349525,68.92656907439232,0.5318719357292141,0.5330071329278405,0.5318719357292141,0.5314609018078241,0.534607643562632,0.5318719357292141
sugar_box_yalehand0_black10_2,204,0.5100976613847079,0.525764830464384,0.3951140707088305,0.3923499910811542,0.019233382441376637,0.01909883243539446,0.0,0.0,0.015667169079676135,-0.0027640796276762747,MODE_4_TRUSTED_FUSION,full,four_mode_relocalization_v2,0.5017115805882114,0,0,0,False,0,0,0.5100976613847079,0,0,restarted_se3,0,43.6392929404974,2.583748660981655,0,205,cache_read_only_not_online_fps,178d419b5d7b38d165994fad2d41dc67b8cffa4444c416451632d3659ff5f2cf,cached_perception_v2,0,0,0,,,0,0.0,0,19.605706445872784,0.8164439350366592,66.6451919823885,0.509698158241921,0.5094818208628985,0.509698158241921,0.5092756758969207,0.5148746430842791,0.509698158241921
sugar_box_yalehand0_black10_2,205,0.5156088655424881,0.5518062122323563,0.3698346505453223,0.37867145323403006,0.01800282956577606,0.018432987887817068,0.0,0.0,0.03619734668986818,0.00883680268870779,MODE_4_TRUSTED_FUSION,full,four_mode_relocalization_v2,0.4942506620017392,0,0,0,False,0,0,0.5156088655424881,0,0,restarted_se3,0,46.331205405294895,2.0207231864333153,0,206,cache_read_only_not_online_fps,178d419b5d7b38d165994fad2d41dc67b8cffa4444c416451632d3659ff5f2cf,cached_perception_v2,0,0,0,,,0,0.0,0,20.950112491846085,0.8073020726442337,70.10934315621853,0.5151351538357372,0.5284278704441406,0.5151351538357372,0.5146301709496366,0.532848006483414,0.5151351538357372
sugar_box_yalehand0_black10_2,206,0.49583220575451753,0.49350826679522597,0.3717355486183882,0.3593664576349885,0.018095361576989336,0.01749325834915662,0.0,0.0,-0.0023239389592915605,-0.012369090983399722,MODE_4_TRUSTED_FUSION,full,four_mode_relocalization_v2,0.5082339621518912,0,0,0,False,0,0,0.49350826679522597,0,0,restarted_se3,0,44.075241312384605,2.1869251504540443,0,207,cache_read_only_not_online_fps,178d419b5d7b38d165994fad2d41dc67b8cffa4444c416451632d3659ff5f2cf,cached_perception_v2,0,0,0,,,0,0.0,0,19.755706191062927,0.8315201848745346,66.84939283877611,0.4967646566754728,0.49152733039673707,0.4967646566754728,0.4962628622828526,0.49311213923470576,0.4821464009397212
sugar_box_yalehand0_black10_2,207,0.5055722168696639,0.48791585319265873,0.36953743959307905,0.3697421108801763,0.017988361916218543,0.01799832491534041,0.0,0.0,-0.017656363677005182,0.00020467128709722449,MODE_4_TRUSTED_FUSION,full,four_mode_relocalization_v2,0.4998652200714679,0,0,0,False,0,0,0.48791585319265873,0,0,restarted_se3,0,44.09435763955116,1.9232667982578278,0,208,cache_read_only_not_online_fps,178d419b5d7b38d165994fad2d41dc67b8cffa4444c416451632d3659ff5f2cf,cached_perception_v2,0,0,0,,,0,0.0,0,22.702609188854694,0.7896572351455688,69.50989086180925,0.506856466910677,0.4973071749887225,0.506856466910677,0.5063834386446376,0.49659977602094585,0.5020830382899049
sugar_box_yalehand0_black10_2,208,0.4573003930732918,0.485362025437048,0.36675150608218554,0.36927400429679713,0.01785274810581909,0.017975538399726564,0.0,0.0,0.028061632363756195,0.0025224982146115904,MODE_4_TRUSTED_FUSION,full,four_mode_relocalization_v2,0.498331737368659,0,0,0,False,0,0,0.4573003930732918,0,0,restarted_se3,0,45.321318320930004,1.9723353907465935,0,209,cache_read_only_not_online_fps,178d419b5d7b38d165994fad2d41dc67b8cffa4444c416451632d3659ff5f2cf,cached_perception_v2,0,0,0,,,0,0.0,0,19.639700651168823,1.1280756443738937,68.06143000721931,0.4553995811180768,0.45508287000574543,0.4553995811180768,0.45495994286261054,0.454634315748091,0.4553995811180768
sugar_box_yalehand0_black10_2,209,0.6408121078805608,0.70212398083466,0.3728003851382986,0.3765494304298061,0.018147195742217216,0.01832969195591127,0.0,0.0,0.061311872954099234,0.0037490452915074912,MODE_4_TRUSTED_FUSION,full,four_mode_relocalization_v2,0.4975634976342075,0,0,0,False,0,0,0.6408121078805608,0,0,restarted_se3,0,45.348288491368294,1.8649855628609657,0,210,cache_read_only_not_online_fps,178d419b5d7b38d165994fad2d41dc67b8cffa4444c416451632d3659ff5f2cf,cached_perception_v2,0,0,0,,,0,0.0,0,21.093026734888554,0.8023418486118317,69.10864263772964,0.64020058153508,0.6682296981540198,0.64020058153508,0.6403442431347124,0.66792055301426,0.64020058153508
sugar_box_yalehand0_black10_2,210,0.39345551934763967,0.5076035898529955,0.36348137295959976,0.41186566052067697,0.017693564402570885,0.02004881716576979,0.0,0.0019588638589618022,0.1141480705053558,0.04838428756107721,MODE_4_TRUSTED_FUSION,full,four_mode_relocalization_v2,0.4695829081367429,0,0,0,False,0,0,0.39345551934763967,0,0,restarted_se3,0,43.06728579103947,1.9160043448209763,0,211,cache_read_only_not_online_fps,178d419b5d7b38d165994fad2d41dc67b8cffa4444c416451632d3659ff5f2cf,cached_perception_v2,0,0,0,,,0,0.0,0,20.01686580479145,0.8595334365963936,65.85968937724829,0.3918740756521578,0.41965592471715246,0.3918740756521578,0.39209925892340763,0.4174486813836784,0.3918740756521578
sugar_box_yalehand0_black10_2,211,0.5554404916194572,0.6471767982364572,0.38729860304574704,0.37286516037081807,0.018852940716654894,0.018150348874216644,0.0,0.0,0.09173630661700005,-0.014433442674928965,MODE_4_TRUSTED_FUSION,full,four_mode_relocalization_v2,0.5092502647211662,0,0,0,False,0,0,0.5554404916194572,0,0,restarted_se3,0,45.24810705333948,2.6243040338158607,0,212,cache_read_only_not_online_fps,178d419b5d7b38d165994fad2d41dc67b8cffa4444c416451632d3659ff5f2cf,cached_perception_v2,0,0,0,,,0,0.0,0,20.317796617746353,0.8068913593888283,68.99709906429052,0.5548649090056561,0.598380250933423,0.5548649090056561,0.5546598959816068,0.5986032684824262,0.5548649090056561
sugar_box_yalehand0_black10_2,212,0.6268349805622714,0.6449527594999551,0.3923763833321383,0.38253350151280974,0.01910011715870425,0.018620984866561892,0.0,0.0,0.018117778937683737,-0.009842881819328575,MODE_4_TRUSTED_FUSION,full,four_mode_relocalization_v2,0.5061911934968883,0,0,0,False,0,0,0.6268349805622714,0,0,restarted_se3,0,45.52463907748461,2.066364511847496,0,213,cache_read_only_not_online_fps,178d419b5d7b38d165994fad2d41dc67b8cffa4444c416451632d3659ff5f2cf,cached_perception_v2,0,0,0,,,0,0.0,0,21.11688069999218,0.870375894010067,69.57826018333435,0.6271673964394512,0.6290837535022495,0.6271673964394512,0.6269686778395076,0.631559719736041,0.6271673964394512
sugar_box_yalehand0_black10_2,213,0.6382480860403574,0.8279867642869196,0.3914182583875192,0.3888734042864148,0.019053477504860937,0.018929598969995708,0.0,0.0,0.1897386782465622,-0.002544854101104388,MODE_4_TRUSTED_FUSION,full,four_mode_relocalization_v2,0.5015899541503417,0,0,0,False,0,0,0.6382480860403574,0,0,restarted_se3,0,44.483134523034096,2.1002544090151787,0,214,cache_read_only_not_online_fps,178d419b5d7b38d165994fad2d41dc67b8cffa4444c416451632d3659ff5f2cf,cached_perception_v2,0,0,0,,,0,0.0,0,20.65365668386221,0.8430611342191696,68.08010675013065,0.6387208494631876,0.7239080314293186,0.6387208494631876,0.6386301474917642,0.7235288199267921,0.6387208494631876
sugar_box_yalehand0_black10_2,214,0.6510951232187357,0.8791244473281048,0.3741280913162894,0.4058716178170933,0.018211825889772486,0.01975703885607521,0.0,0.0,0.22802932410936905,0.03174352650080392,MODE_4_TRUSTED_FUSION,full,four_mode_relocalization_v2,0.4801602887236104,0,0,0,False,0,0,0.6510951232187357,0,0,restarted_se3,0,45.36232352256775,2.3643961176276207,0,215,cache_read_only_not_online_fps,178d419b5d7b38d165994fad2d41dc67b8cffa4444c416451632d3659ff5f2cf,cached_perception_v2,0,0,0,,,0,0.0,0,19.771124236285686,0.8883615955710411,68.3862054720521,0.6330500210427273,0.7494988313149942,0.6330500210427273,0.6328679568995953,0.7530085582184309,0.6330500210427273
sugar_box_yalehand0_black10_2,215,0.6313798704415875,0.7247840940516902,0.364099056667797,0.381252898411392,0.017723632040927202,0.01855864760491744,0.0,0.0,0.0934042236101027,0.017153841743594966,MODE_4_TRUSTED_FUSION,full,four_mode_relocalization_v2,0.48879349452904963,0,0,0,False,0,0,0.6313798704415875,0,0,restarted_se3,0,46.94075137376785,2.125469036400318,0,216,cache_read_only_not_online_fps,178d419b5d7b38d165994fad2d41dc67b8cffa4444c416451632d3659ff5f2cf,cached_perception_v2,0,0,0,,,0,0.0,0,21.008663810789585,0.7780771702528,70.85296139121056,0.6286230236943916,0.6700163772994997,0.6286230236943916,0.6284164034891346,0.6745535870459757,0.577583270447597
sugar_box_yalehand0_black10_2,216,0.6577871235176362,0.6517301262254784,0.3815202819326704,0.36833142548139336,0.01857166331330273,0.0179296555011366,0.0,0.0,-0.006056997292157806,-0.013188856451277042,MODE_4_TRUSTED_FUSION,full,four_mode_relocalization_v2,0.5085658421773062,0,0,0,False,0,0,0.6517301262254784,0,0,restarted_se3,0,45.555959455668926,2.221117727458477,0,217,cache_read_only_not_online_fps,178d419b5d7b38d165994fad2d41dc67b8cffa4444c416451632d3659ff5f2cf,cached_perception_v2,0,0,0,,,0,0.0,0,20.861552096903324,0.8569592610001564,69.49558854103088,0.6568785831895695,0.6511640812127564,0.6568785831895695,0.6570846507040669,0.6538457069068121,0.5839259121702671
sugar_box_yalehand0_black10_2,217,0.5987977575933642,0.5796824698125919,0.363378807058491,0.37060952622237037,0.017688571694520955,0.018040549002632484,0.0,0.0,-0.019115287780772316,0.007230719163879351,MODE_4_TRUSTED_FUSION,full,four_mode_relocalization_v2,0.49520501919942445,0,0,0,False,0,0,0.5796824698125919,0,0,restarted_se3,0,44.71588786691427,2.323923632502556,0,218,cache_read_only_not_online_fps,178d419b5d7b38d165994fad2d41dc67b8cffa4444c416451632d3659ff5f2cf,cached_perception_v2,0,0,0,,,0,0.0,0,20.911535248160362,0.832301564514637,68.78364831209183,0.5980989892665618,0.5860818432549549,0.5980989892665618,0.5983440255904847,0.587212840615678,0.5203203337090676
sugar_box_yalehand0_black10_2,218,0.6255966422480035,0.5626882557965199,0.37968482366257345,0.37564920860203893,0.018482316784082367,0.018285870912878154,0.0,0.0,-0.06290838645148356,-0.004035615060534514,MODE_4_TRUSTED_FUSION,full,four_mode_relocalization_v2,0.5026025009174093,0,0,0,False,0,0,0.5626882557965199,0,0,restarted_se3,0,45.46128772199154,2.0225252956151962,0,219,cache_read_only_not_online_fps,178d419b5d7b38d165994fad2d41dc67b8cffa4444c416451632d3659ff5f2cf,cached_perception_v2,0,0,0,,,0,0.0,0,19.667034968733788,1.0331477969884872,68.18399578332901,0.6268757640901185,0.5909845488869045,0.6268757640901185,0.6270166496370443,0.5898483145811807,0.5104191736196172
sugar_box_yalehand0_black10_2,219,0.578911847063393,0.4414422263753168,0.38671057617442844,0.4123554760923739,0.018824316715283375,0.020072660432599764,0.0,0.0019588638589618022,-0.13746962068807622,0.02564489991794544,MODE_4_TRUSTED_FUSION,full,four_mode_relocalization_v2,0.48434503551516267,0,0,0,False,0,0,0.4414422263753168,0,0,restarted_se3,0,45.16580607742071,3.86593583971262,0,220,cache_read_only_not_online_fps,178d419b5d7b38d165994fad2d41dc67b8cffa4444c416451632d3659ff5f2cf,cached_perception_v2,0,0,0,,,0,0.0,0,20.291782915592194,0.820147804915905,70.14367263764143,0.5818148771958308,0.4968169660304967,0.5818148771958308,0.5821632128781161,0.4964473177138204,0.5818148771958308
sugar_box_yalehand0_black10_2,220,0.7369620425055847,0.5936805268417623,0.37371426700060906,0.40733776103756675,0.018191681729093162,0.01982840784888938,0.0,0.0019588638589618022,-0.1432815156638224,0.03362349403695769,MODE_4_TRUSTED_FUSION,full,four_mode_relocalization_v2,0.4790129149792532,0,0,0,False,0,0,0.5936805268417623,0,0,restarted_se3,0,45.68890668451786,2.0995065569877625,0,221,cache_read_only_not_online_fps,178d419b5d7b38d165994fad2d41dc67b8cffa4444c416451632d3659ff5f2cf,cached_perception_v2,0,0,0,,,0,0.0,0,20.573580637574196,0.8462416008114815,69.2082354798913,0.7356788209122173,0.6598281143261873,0.7356788209122173,0.7361508214325676,0.6640483818158233,0.7356788209122173
sugar_box_yalehand0_black10_2,221,0.3126208643011057,0.6845522875974552,0.37885557562439787,0.42008719324174615,0.018441950606719007,0.020449025345637785,0.0,0.0019588638589618022,0.37193142329634954,0.04123161761734828,MODE_4_TRUSTED_FUSION,full,four_mode_relocalization_v2,0.4748263131534607,0,0,0,False,0,0,0.3126208643011057,0,0,restarted_se3,0,43.86503528803587,2.1257540211081505,0,222,cache_read_only_not_online_fps,178d419b5d7b38d165994fad2d41dc67b8cffa4444c416451632d3659ff5f2cf,cached_perception_v2,0,0,0,,,0,0.0,0,20.002545788884163,0.8035646751523018,66.79689977318048,0.31188079762188914,0.48513052981083804,0.31188079762188914,0.3116277495507354,0.47127255860644107,0.31188079762188914
sugar_box_yalehand0_black10_2,222,0.4569473889799159,0.5529637013277053,0.3696637684472022,0.37920030051207265,0.017994511358480552,0.018458731141995352,0.0,0.0,0.09601631234778946,0.009536532064870429,MODE_4_TRUSTED_FUSION,full,four_mode_relocalization_v2,0.49379829774216205,0,0,0,False,0,0,0.4569473889799159,0,0,restarted_se3,0,49.56342279911041,4.1219862177968025,0,223,cache_read_only_not_online_fps,178d419b5d7b38d165994fad2d41dc67b8cffa4444c416451632d3659ff5f2cf,cached_perception_v2,0,0,0,,,0,0.0,0,19.91860195994377,0.8198143914341927,74.42382536828518,0.456118519066258,0.5003685296334681,0.456118519066258,0.45632288048890207,0.4933214528474979,0.4202836829500846
sugar_box_yalehand0_black10_2,223,0.4158265384486514,0.4735791952120395,0.368439894351092,0.3568810660777246,0.017934935554185977,0.01737227433496632,0.0,0.0,0.05775265676338809,-0.011558828273367405,MODE_4_TRUSTED_FUSION,full,four_mode_relocalization_v2,0.507754262181703,0,0,0,False,0,0,0.4158265384486514,0,0,restarted_se3,0,43.92626415938139,2.1343231201171875,0,224,cache_read_only_not_online_fps,178d419b5d7b38d165994fad2d41dc67b8cffa4444c416451632d3659ff5f2cf,cached_perception_v2,0,0,0,,,0,0.0,0,20.608922466635704,0.8177310228347778,67.48724076896906,0.4156847321568479,0.4156938768181761,0.4156847321568479,0.41579832432664715,0.41926654839122635,0.4156847321568479
sugar_box_yalehand0_black10_2,224,0.4691448696605022,0.5741084996885226,0.39050192831067043,0.3804125285446031,0.019008872343675584,0.01851774003862611,0.0,0.0,0.10496363002802045,-0.01008939976606732,MODE_4_TRUSTED_FUSION,full,four_mode_relocalization_v2,0.5063783129000975,0,0,0,False,0,0,0.4691448696605022,0,0,restarted_se3,0,43.40176656842232,3.8157273083925247,0,225,cache_read_only_not_online_fps,178d419b5d7b38d165994fad2d41dc67b8cffa4444c416451632d3659ff5f2cf,cached_perception_v2,0,0,0,,,0,0.0,0,19.726641476154327,1.2278174981474876,68.17195285111666,0.46700529248675204,0.4796729288114788,0.46700529248675204,0.46722245859414907,0.48200431568489716,0.4477268664138932
sugar_box_yalehand0_black10_2,225,0.419305637847502,0.554433325595537,0.3612058230669455,0.3757430249934413,0.017582795071396887,0.01829043771185819,0.0,0.0,0.13512768774803502,0.014537201926495824,MODE_4_TRUSTED_FUSION,full,four_mode_relocalization_v2,0.4903975004627155,0,0,0,False,0,0,0.419305637847502,0,0,restarted_se3,0,45.51239591091871,2.2427495568990707,0,226,cache_read_only_not_online_fps,178d419b5d7b38d165994fad2d41dc67b8cffa4444c416451632d3659ff5f2cf,cached_perception_v2,0,0,0,,,0,0.0,0,22.54312764853239,0.7742345333099365,71.07250764966011,0.4187326439844999,0.46891702212722153,0.4187326439844999,0.4189191860429388,0.4680052966092041,0.4187326439844999
sugar_box_yalehand0_black10_2,226,0.3821711073202708,0.3895538063406672,0.3760216481612599,0.3737371128314491,0.01830400054431837,0.018192793819586293,0.0,0.0,0.007382699020396399,-0.0022845353298107662,MODE_4_TRUSTED_FUSION,full,four_mode_relocalization_v2,0.5014839294111213,0,0,0,False,0,0,0.3821711073202708,0,0,restarted_se3,0,43.9640898257494,2.228252589702606,0,227,cache_read_only_not_online_fps,178d419b5d7b38d165994fad2d41dc67b8cffa4444c416451632d3659ff5f2cf,cached_perception_v2,0,0,0,,,0,0.0,0,20.123835653066635,1.7664777114987373,68.08265578001738,0.3799907739345143,0.38010617269229424,0.3799907739345143,0.3799102767306365,0.3828823439947042,0.3799907739345143
sugar_box_yalehand0_black10_2,227,0.6316562724495507,0.7498684347146828,0.3743962558022215,0.38712249621132094,0.01822487961399414,0.018844368179384882,0.0,0.0,0.11821216226513209,0.01272624040909942,MODE_4_TRUSTED_FUSION,full,four_mode_relocalization_v2,0.4918580070047514,0,0,0,False,0,0,0.6316562724495507,0,0,restarted_se3,0,46.27015255391598,3.182297572493553,0,228,cache_read_only_not_online_fps,178d419b5d7b38d165994fad2d41dc67b8cffa4444c416451632d3659ff5f2cf,cached_perception_v2,0,0,0,,,0,0.0,0,20.8071181550622,0.8577043190598488,71.11727260053158,0.6329238916467523,0.6801319537177539,0.6329238916467523,0.6331562568144526,0.6812902840887128,0.6329238916467523
sugar_box_yalehand0_black10_2,228,0.48067152856761913,0.9437421853030685,0.36741915443078604,0.46144727207097164,0.017885247925433084,0.022462353325835682,0.0,0.0019588638589618022,0.4630706567354494,0.0940281176401856,MODE_4_TRUSTED_FUSION,full,four_mode_relocalization_v2,0.44461548089039016,0,0,0,False,0,0,0.48067152856761913,0,0,restarted_se3,0,46.612972393631935,2.102559432387352,0,229,cache_read_only_not_online_fps,178d419b5d7b38d165994fad2d41dc67b8cffa4444c416451632d3659ff5f2cf,cached_perception_v2,0,0,0,,,0,0.0,0,20.5821068957448,0.8431617170572281,70.14080043882132,0.48473599217005187,0.6398439312422222,0.48473599217005187,0.4848990912681197,0.6087938989674657,0.48473599217005187
sugar_box_yalehand0_black10_2,229,0.5419218463977281,0.5828761590596555,0.3775968882248965,0.3816676666284537,0.01838068015870555,0.018578837712875287,0.0,0.0,0.040954312661927395,0.004070778403557185,MODE_4_TRUSTED_FUSION,full,four_mode_relocalization_v2,0.4973880639262983,0,0,0,False,0,0,0.5419218463977281,0,0,restarted_se3,0,43.94414182752371,1.9914042204618454,0,230,cache_read_only_not_online_fps,178d419b5d7b38d165994fad2d41dc67b8cffa4444c416451632d3659ff5f2cf,cached_perception_v2,0,0,0,,,0,0.0,0,20.91632690280676,0.8196374401450157,67.67151039093733,0.5421520563185064,0.5741219283361888,0.5421520563185064,0.5424175812118257,0.5546332321678591,0.49051109058932146
sugar_box_yalehand0_black10_2,230,0.3649842561010091,0.5860218893792493,0.37822612591315663,0.38370112467711365,0.018411310222279653,0.018677822485192327,0.0,0.0,0.22103763327824016,0.0054749987639570175,MODE_4_TRUSTED_FUSION,full,four_mode_relocalization_v2,0.4964990357096366,0,0,0,False,0,0,0.3649842561010091,0,0,restarted_se3,0,47.08906728774309,1.9877972081303596,0,231,cache_read_only_not_online_fps,178d419b5d7b38d165994fad2d41dc67b8cffa4444c416451632d3659ff5f2cf,cached_perception_v2,0,0,0,,,0,0.0,0,20.235895179212093,0.7967129349708557,70.1094726100564,0.37075407377350195,0.44815340320947816,0.37075407377350195,0.370901095378462,0.428131165780795,0.3216960575114705
sugar_box_yalehand0_black10_2,231,0.4238548740926138,0.43387905266328464,0.35929019478671853,0.35889046827893323,0.017489546022424717,0.017470088115541273,0.0,0.0,0.010024178570670839,-0.00039972650778530294,MODE_4_TRUSTED_FUSION,full,four_mode_relocalization_v2,0.5002707511370762,0,0,0,False,0,0,0.4238548740926138,0,0,restarted_se3,0,45.54502293467522,2.2461051121354103,0,232,cache_read_only_not_online_fps,178d419b5d7b38d165994fad2d41dc67b8cffa4444c416451632d3659ff5f2cf,cached_perception_v2,0,0,0,,,0,0.0,0,21.18564210832119,0.7916092872619629,69.76837944239378,0.4073811344959894,0.42370399421816235,0.4073811344959894,0.408136956596826,0.4286502713539102,0.4073811344959894
sugar_box_yalehand0_black10_2,232,0.3854135790948237,0.5321466772021743,0.3487467620839849,0.39315359829073393,0.016976312279438046,0.019137950467224524,0.0,0.0,0.14673309810735063,0.04440683620674901,MODE_4_TRUSTED_FUSION,full,four_mode_relocalization_v2,0.4708578453848553,0,0,0,False,0,0,0.3854135790948237,0,0,restarted_se3,0,45.37534527480602,2.022126689553261,0,233,cache_read_only_not_online_fps,178d419b5d7b38d165994fad2d41dc67b8cffa4444c416451632d3659ff5f2cf,cached_perception_v2,0,0,0,,,0,0.0,0,20.10099869221449,0.7850173860788345,68.2834880426526,0.36317247208692294,0.3887883399047032,0.36317247208692294,0.36396786705148615,0.38456999060558983,0.36317247208692294
sugar_box_yalehand0_black10_2,233,0.2824042153566098,0.6545666156404204,0.3568743331124625,0.4069694561144678,0.01737194658734747,0.01981047948347254,0.0,0.0019588638589618022,0.3721624002838106,0.05009512300200525,MODE_4_TRUSTED_FUSION,full,four_mode_relocalization_v2,0.4680452127767627,0,0,0,False,0,0,0.2824042153566098,0,0,restarted_se3,0,43.583184480667114,2.1442361176013947,0,234,cache_read_only_not_online_fps,178d419b5d7b38d165994fad2d41dc67b8cffa4444c416451632d3659ff5f2cf,cached_perception_v2,0,0,0,,,0,0.0,0,19.825275987386703,0.772758387029171,66.32545497268438,0.2688371633541144,0.4093058831846781,0.2688371633541144,0.2694321552590703,0.3730556080445794,0.2688371633541144
sugar_box_yalehand0_black10_2,234,0.3109779281461874,0.3979309977102109,0.3776246121778061,0.35274371901454316,0.01838202970666809,0.017170876348263094,0.0,0.0,0.08695306956402349,-0.024880893163262918,MODE_4_TRUSTED_FUSION,full,four_mode_relocalization_v2,0.5165791199661417,0,0,0,False,0,0,0.3109779281461874,0,0,restarted_se3,0,46.63056414574385,1.8999874591827393,0,235,cache_read_only_not_online_fps,178d419b5d7b38d165994fad2d41dc67b8cffa4444c416451632d3659ff5f2cf,cached_perception_v2,0,0,0,,,0,0.0,0,21.223554387688637,0.7987888529896736,70.5528948456049,0.30937327756715677,0.3052788809271894,0.30937327756715677,0.30935375016170297,0.29269204277185495,0.2972847907530154
sugar_box_yalehand0_black10_2,235,0.302821212152654,0.4722325348368477,0.3486709179179385,0.36127917498335543,0.0169726203333403,0.01758636569964252,0.0,0.0,0.16941132268419368,0.012608257065416906,MODE_4_TRUSTED_FUSION,full,four_mode_relocalization_v2,0.49136361705544584,0,0,0,False,0,0,0.302821212152654,0,0,restarted_se3,0,45.05148157477379,2.264956012368202,0,236,cache_read_only_not_online_fps,178d419b5d7b38d165994fad2d41dc67b8cffa4444c416451632d3659ff5f2cf,cached_perception_v2,0,0,0,,,0,0.0,0,20.312920212745667,0.7787542417645454,68.4081120416522,0.3027204706385463,0.3732400866579259,0.3027204706385463,0.3029092430205502,0.3784466079412894,0.3027204706385463
sugar_box_yalehand0_black10_2,236,0.43924969138455644,0.9166011042342489,0.35076482407174525,0.42151410034534764,0.017074547601534693,0.020518484400797857,0.0,0.0019588638589618022,0.47735141284969246,0.07074927627360239,MODE_4_TRUSTED_FUSION,full,four_mode_relocalization_v2,0.4553507773000177,0,0,0,False,0,0,0.43924969138455644,0,0,restarted_se3,0,43.874556198716164,1.9212886691093445,0,237,cache_read_only_not_online_fps,178d419b5d7b38d165994fad2d41dc67b8cffa4444c416451632d3659ff5f2cf,cached_perception_v2,0,0,0,,,0,0.0,0,20.02116199582815,0.8167056366801262,66.63371250033379,0.4375461253602684,0.6565049938549335,0.4375461253602684,0.4377589168921725,0.6198973695249476,0.4375461253602684
sugar_box_yalehand0_black10_2,237,0.26598040131022777,0.6213427378456615,0.32188017402260144,0.39473806207986784,0.015668499165740285,0.019215079074581518,0.0,0.0,0.35536233653543375,0.0728578880572664,MODE_4_TRUSTED_FUSION,full,four_mode_relocalization_v2,0.45054569349058904,0,0,0,False,0,0,0.26598040131022777,0,0,restarted_se3,0,44.19658798724413,1.9772155210375786,0,238,cache_read_only_not_online_fps,178d419b5d7b38d165994fad2d41dc67b8cffa4444c416451632d3659ff5f2cf,cached_perception_v2,0,0,0,,,0,0.0,0,21.1234912276268,0.7560728117823601,68.05336754769087,0.26597123067538186,0.4473937401051071,0.26597123067538186,0.26670908324760734,0.39072890772808644,0.26597123067538186
sugar_box_yalehand0_black10_2,238,0.3796041408857326,0.38782860663933816,0.3508385539027562,0.336434288913872,0.017078136625926124,0.016376965096344478,0.0,0.0,0.008224465753605581,-0.014404264988884197,MODE_4_TRUSTED_FUSION,full,four_mode_relocalization_v2,0.510182962017544,0,0,0,False,0,0,0.3796041408857326,0,0,restarted_se3,0,44.04080845415592,2.1672863513231277,0,239,cache_read_only_not_online_fps,178d419b5d7b38d165994fad2d41dc67b8cffa4444c416451632d3659ff5f2cf,cached_perception_v2,0,0,0,,,0,0.0,0,20.13091742992401,1.599939540028572,67.93895177543163,0.37833955425268645,0.35616763156757403,0.37833955425268645,0.3788201596646326,0.3559472747558157,0.37833955425268645
sugar_box_yalehand0_black10_2,239,0.32379794596285927,0.5336072368202622,0.35625828078693306,0.377337331295804,0.01734195836151802,0.01836804543356506,0.0,0.0,0.20980929085740296,0.021079050508870933,MODE_4_TRUSTED_FUSION,full,four_mode_relocalization_v2,0.48601434896189605,0,0,0,False,0,0,0.32379794596285927,0,0,restarted_se3,0,47.31703735888004,2.702418714761734,0,240,cache_read_only_not_online_fps,178d419b5d7b38d165994fad2d41dc67b8cffa4444c416451632d3659ff5f2cf,cached_perception_v2,0,0,0,,,0,0.0,0,20.40977869182825,1.3021370396018028,71.73137180507183,0.3220259725735625,0.3778259802313513,0.3220259725735625,0.32234911793041715,0.3816337362412413,0.3220259725735625
sugar_box_yalehand0_black10_2,240,0.4558835573246756,0.4897572937636807,0.3398671403110436,0.3706449597676427,0.016544069607879,0.018042273838516597,0.0,0.0,0.0338737364390051,0.03077781945659913,MODE_4_TRUSTED_FUSION,full,four_mode_relocalization_v2,0.4789340796317515,0,0,0,False,0,0,0.4558835573246756,0,0,restarted_se3,0,45.640203170478344,2.021200954914093,0,241,cache_read_only_not_online_fps,178d419b5d7b38d165994fad2d41dc67b8cffa4444c416451632d3659ff5f2cf,cached_perception_v2,0,0,0,,,0,0.0,0,21.482632495462894,1.3041142374277115,70.44815085828304,0.4526997449236631,0.4059633031966715,0.4526997449236631,0.45288031219796976,0.40423309486411424,0.3685558056531548
sugar_box_yalehand0_black10_2,241,0.372580004166493,0.3601030670456593,0.32636740806517006,0.3504098641246575,0.01588692896827771,0.017057268843525743,0.0,0.0,-0.012476937120833698,0.02404245605948746,MODE_4_TRUSTED_FUSION,full,four_mode_relocalization_v2,0.48274738785327553,0,0,0,False,0,0,0.3601030670456593,0,0,restarted_se3,0,44.046616181731224,2.0308373495936394,0,242,cache_read_only_not_online_fps,178d419b5d7b38d165994fad2d41dc67b8cffa4444c416451632d3659ff5f2cf,cached_perception_v2,0,0,0,,,0,0.0,0,20.574742928147316,1.3040518388152122,67.95624829828739,0.3709360157131043,0.3388544053171516,0.3709360157131043,0.37118671840091727,0.34076212001058964,0.3709360157131043
sugar_box_yalehand0_black10_2,242,0.4522169470377114,0.45033057912990104,0.34476872571245887,0.33685508383352525,0.01678266922652928,0.016397448572431673,0.0,0.0,-0.0018863679078103823,-0.00791364187893362,MODE_4_TRUSTED_FUSION,full,four_mode_relocalization_v2,0.5056395191919545,0,0,0,False,0,0,0.45033057912990104,0,0,restarted_se3,0,45.86533550173044,2.2250553593039513,0,243,cache_read_only_not_online_fps,178d419b5d7b38d165994fad2d41dc67b8cffa4444c416451632d3659ff5f2cf,cached_perception_v2,0,0,0,,,0,0.0,0,20.70798259228468,1.354181207716465,70.15255466103554,0.45031850408179425,0.43371039337740047,0.45031850408179425,0.450047308560164,0.45126470937818625,0.45031850408179425
sugar_box_yalehand0_black10_2,243,0.44843035811837006,0.5138015711407297,0.3323011056199818,0.3243801811657758,0.016175769793810486,0.015790194638150533,0.0,0.0,0.0653712130223596,-0.007920924454205946,MODE_4_TRUSTED_FUSION,full,four_mode_relocalization_v2,0.5058527733874764,0,0,0,False,0,0,0.44843035811837006,0,0,restarted_se3,0,45.532126910984516,2.2075483575463295,0,244,cache_read_only_not_online_fps,178d419b5d7b38d165994fad2d41dc67b8cffa4444c416451632d3659ff5f2cf,cached_perception_v2,0,0,0,,,0,0.0,0,20.05710918456316,1.3603409752249718,69.15712542831898,0.44734278380702946,0.47421412867150964,0.44734278380702946,0.4469776543626901,0.47987078895815355,0.4295800413380086
sugar_box_yalehand0_black10_2,244,0.4328608860397968,0.5390951449336402,0.331962441807872,0.3250121525819865,0.016159284299872807,0.015820957774270165,0.0,0.0,0.10623425889384341,-0.006950289225885475,MODE_4_TRUSTED_FUSION,full,four_mode_relocalization_v2,0.5051333456849659,0,0,0,False,0,0,0.4328608860397968,0,0,restarted_se3,0,43.73869672417641,1.9883131608366966,0,245,cache_read_only_not_online_fps,178d419b5d7b38d165994fad2d41dc67b8cffa4444c416451632d3659ff5f2cf,cached_perception_v2,0,0,0,,,0,0.0,0,21.513675339519978,1.3185571879148483,68.55924241244793,0.4333517697634436,0.4878474801465459,0.4333517697634436,0.43304758932232607,0.48442675235914984,0.4333517697634436
sugar_box_yalehand0_black10_2,245,0.4823140029634851,0.49923246696871904,0.3294514572615853,0.3306877099019529,0.016037054468886335,0.016097232836575683,0.0,0.0,0.016918464005233946,0.0012362526403675855,MODE_4_TRUSTED_FUSION,full,four_mode_relocalization_v2,0.49909117670320086,0,0,0,False,0,0,0.4823140029634851,0,0,restarted_se3,0,46.20395693928003,1.8071886152029037,0,246,cache_read_only_not_online_fps,178d419b5d7b38d165994fad2d41dc67b8cffa4444c416451632d3659ff5f2cf,cached_perception_v2,0,0,0,,,0,0.0,0,20.385446958243847,1.316683366894722,69.7132758796215,0.48290913866568747,0.4967934800387899,0.48290913866568747,0.48279951889405887,0.49011955296253545,0.4525481919023938
sugar_box_yalehand0_black10_2,246,0.40976236959930235,0.4276602914816405,0.3300977127590406,0.3232177884273693,0.01606851292622525,0.01573361162645281,0.0,0.0,0.01789792188233813,-0.006879924331671283,MODE_4_TRUSTED_FUSION,full,four_mode_relocalization_v2,0.5051089900050931,0,0,0,False,0,0,0.40976236959930235,0,0,restarted_se3,0,45.320828445255756,2.240115776658058,0,247,cache_read_only_not_online_fps,178d419b5d7b38d165994fad2d41dc67b8cffa4444c416451632d3659ff5f2cf,cached_perception_v2,0,0,0,,,0,0.0,0,20.273315720260143,1.3347240164875984,69.16898395866156,0.4095900118441717,0.422055551643973,0.4095900118441717,0.409122361240494,0.418061886033018,0.4071135774440188
sugar_box_yalehand0_black10_2,247,0.4671924112519491,0.4557018836643127,0.3334464122645531,0.3409957879328524,0.016231521087780282,0.016599009973107842,0.0,0.0,-0.011490527587636412,0.007549375668299274,MODE_4_TRUSTED_FUSION,full,four_mode_relocalization_v2,0.4945644319526137,0,0,0,False,0,0,0.4557018836643127,0,0,restarted_se3,0,43.34715940058231,1.9336817786097527,0,248,cache_read_only_not_online_fps,178d419b5d7b38d165994fad2d41dc67b8cffa4444c416451632d3659ff5f2cf,cached_perception_v2,0,0,0,,,0,0.0,0,20.238999277353287,1.0254792869091034,66.54531974345446,0.46633658377601955,0.4620944233990576,0.46633658377601955,0.4662148675417105,0.4613724382449166,0.46633658377601955
sugar_box_yalehand0_black10_2,248,0.4509216090721789,0.4123418536826605,0.3253430991939481,0.3329108563372459,0.015837067609954115,0.01620545126963848,0.0,0.0,-0.038579755389518355,0.007567757143297771,MODE_4_TRUSTED_FUSION,full,four_mode_relocalization_v2,0.49442114780047913,0,0,0,False,0,0,0.4123418536826605,0,0,restarted_se3,0,45.69604527205229,2.1851863712072372,0,249,cache_read_only_not_online_fps,178d419b5d7b38d165994fad2d41dc67b8cffa4444c416451632d3659ff5f2cf,cached_perception_v2,0,0,0,,,0,0.0,0,20.926082506775856,0.7907617837190628,69.59807593375444,0.44969048556873953,0.4289280172192731,0.44969048556873953,0.44937669947361647,0.431359560719664,0.44899843323673094
sugar_box_yalehand0_black10_2,249,0.43149033527547975,0.4436427802410916,0.333054963961471,0.33095624529201456,0.01621246614775828,0.016110304615687052,0.0,0.0,0.012152444965611853,-0.002098718669456434,MODE_4_TRUSTED_FUSION,full,four_mode_relocalization_v2,0.5015341259332189,0,0,0,False,0,0,0.43149033527547975,0,0,restarted_se3,0,45.345840975642204,1.9848225638270378,0,250,cache_read_only_not_online_fps,178d419b5d7b38d165994fad2d41dc67b8cffa4444c416451632d3659ff5f2cf,cached_perception_v2,0,0,0,,,0,0.0,0,19.60182748734951,0.7430212572216988,67.67551228404045,0.43061043746424504,0.4340596846095665,0.43061043746424504,0.43034010751654167,0.4373785611682187,0.43061043746424504
sugar_box_yalehand0_black10_2,250,0.895388873674749,0.4285160976743098,1.8132187511179039,1.8221842210031376,0.08826395280624096,0.08870037439649209,0.7946843853820601,0.7946843853820601,-0.46687277600043914,0.008965469885233723,BLACKOUT_WAITING,full,four_mode_relocalization_v2,1.0,0,0,0,True,0,0,0.4285160976743098,1,0,restarted_se3,0,36.34502738714218,2.185446210205555,0,251,cache_read_only_not_online_fps,178d419b5d7b38d165994fad2d41dc67b8cffa4444c416451632d3659ff5f2cf,cached_perception_v2,0,0,0,,,0,0.0,0,20.542128011584282,0.5133207887411118,59.58592239767313,0.8995553050532052,0.6040614404984367,0.3992559948430825,0.7737609390505856,0.4285160976743098,0.4146317375008695
sugar_box_yalehand0_black10_2,251,1.3847108306897948,0.4339668573935031,1.8007871508603897,1.8221753804220249,0.08765880674884508,0.08869994405424374,0.7946843853820601,0.7946843853820601,-0.9507439732962917,0.02138822956163522,BLACKOUT_WAITING,full,four_mode_relocalization_v2,1.0,0,0,0,True,0,0,0.4339668573935031,1,0,restarted_se3,0,38.214423693716526,1.9547250121831894,0,252,cache_read_only_not_online_fps,178d419b5d7b38d165994fad2d41dc67b8cffa4444c416451632d3659ff5f2cf,cached_perception_v2,0,0,0,,,0,0.0,0,20.61377465724945,0.5651470273733139,61.34807039052248,1.391368503252856,1.1327617776057015,0.38496604180299254,1.391015611138602,0.4339668573935031,0.46425524632504817
sugar_box_yalehand0_black10_2,252,1.9659710563488162,0.439303185359009,1.783061536699143,1.8221730146327133,0.08679595841858964,0.08869982889223363,0.7946843853820601,0.7946843853820601,-1.5266678709898072,0.03911147793357039,BLACKOUT_WAITING,full,four_mode_relocalization_v2,1.0,0,0,0,True,0,0,0.439303185359009,1,0,restarted_se3,0,38.35596144199371,2.1957773715257645,0,253,cache_read_only_not_online_fps,178d419b5d7b38d165994fad2d41dc67b8cffa4444c416451632d3659ff5f2cf,cached_perception_v2,0,0,0,,,0,0.0,0,19.76808812469244,0.5941260606050491,60.91395299881697,1.9742971023755111,1.8278050860570678,0.3779006097975964,1.9738029026387556,0.439303185359009,0.5428314529903002
sugar_box_yalehand0_black10_2,253,2.644808233051406,0.42650118247328844,1.7690581807319876,1.822189575157896,0.08611430235836418,0.08870063502630447,0.7946843853820601,0.7946843853820601,-2.2183070505781175,0.05313139442590842,BLACKOUT_WAITING,full,four_mode_relocalization_v2,1.0,0,0,0,True,0,0,0.42650118247328844,1,0,restarted_se3,0,36.350117065012455,2.26767361164093,0,254,cache_read_only_not_online_fps,178d419b5d7b38d165994fad2d41dc67b8cffa4444c416451632d3659ff5f2cf,cached_perception_v2,0,0,0,,,0,0.0,0,19.252024590969086,0.5933884531259537,58.463203720748425,2.6555832473558625,2.6393839599700932,0.4236598487974592,2.655205852633684,0.42650118247328844,0.5804527487642708
sugar_box_yalehand0_black10_2,254,3.321759587753855,0.3694821063465793,1.7485259933555528,1.8222370154593592,0.08511483551715418,0.08870294432766532,0.7946843853820601,0.7946843853820601,-2.952277481407276,0.07371102210380642,BLACKOUT_WAITING,full,four_mode_relocalization_v2,1.0,0,0,0,True,0,0,0.3694821063465793,1,0,restarted_se3,0,38.9888109639287,2.599947154521942,0,255,cache_read_only_not_online_fps,178d419b5d7b38d165994fad2d41dc67b8cffa4444c416451632d3659ff5f2cf,cached_perception_v2,0,0,0,,,0,0.0,0,20.059645175933838,0.5706325173377991,62.21903581172228,3.3273845774654762,3.4147432609509307,0.41749824933017277,3.3270007314241643,0.3694821063465793,0.5985982850418662
sugar_box_yalehand0_black10_2,255,4.375411458015675,0.336876565909156,1.7246546811383152,1.8222365173984518,0.08395282659039546,0.08870292008303163,0.7946843853820601,0.7946843853820601,-4.038534892106519,0.09758183626013661,BLACKOUT_WAITING,full,four_mode_relocalization_v2,1.0,0,0,0,True,0,0,0.336876565909156,1,0,restarted_se3,0,37.98735048621893,2.2813044488430023,0,256,cache_read_only_not_online_fps,178d419b5d7b38d165994fad2d41dc67b8cffa4444c416451632d3659ff5f2cf,cached_perception_v2,0,0,0,,,0,0.0,0,20.268437452614307,0.5492996424436569,61.086392030119896,4.372331162974044,4.401341544101619,0.4668348774832147,4.372244123396044,0.336876565909156,0.6278364225836396
sugar_box_yalehand0_black10_2,256,5.881949171501475,0.3821882430900839,1.7025196092455046,1.8222952885855666,0.08287533445674901,0.08870578094980937,0.7946843853820601,0.7946843853820601,-5.499760928411391,0.11977567934006195,BLACKOUT_WAITING,full,four_mode_relocalization_v2,1.0,0,0,0,True,0,0,0.3821882430900839,1,0,restarted_se3,0,37.2578976675868,2.059169113636017,0,257,cache_read_only_not_online_fps,178d419b5d7b38d165994fad2d41dc67b8cffa4444c416451632d3659ff5f2cf,cached_perception_v2,0,0,0,,,0,0.0,0,20.699485205113888,0.5623102188110352,60.57886220514774,5.827994431784748,5.744626638268988,0.5014792342826117,5.828725068927194,0.3821882430900839,0.7466721338201672
sugar_box_yalehand0_black10_2,257,7.642872233715749,0.45655608359390315,1.6805403059015935,1.8222803467583342,0.08180542483229528,0.08870505361079808,0.7946843853820601,0.7946843853820601,-7.186316150121845,0.14174004085674063,BLACKOUT_WAITING,full,four_mode_relocalization_v2,1.0,0,0,0,True,0,0,0.45655608359390315,1,0,restarted_se3,0,40.92969372868538,2.254772000014782,0,258,cache_read_only_not_online_fps,178d419b5d7b38d165994fad2d41dc67b8cffa4444c416451632d3659ff5f2cf,cached_perception_v2,0,0,0,,,0,0.0,0,20.305615849792957,0.536569394171238,64.02665097266436,7.550887087940629,7.456549452406712,0.5401427114924695,7.551881920069954,0.45655608359390315,0.8965989471187572
sugar_box_yalehand0_black10_2,258,9.832290571973873,0.6595753311739171,1.656131274676823,1.8223119736259763,0.08061724079286764,0.08870659314503865,0.7946843853820601,0.7946843853820601,-9.172715240799956,0.16618069894915322,BLACKOUT_WAITING,full,four_mode_relocalization_v2,1.0,0,0,0,True,0,0,0.6595753311739171,1,0,restarted_se3,0,38.19971065968275,2.124728634953499,0,259,cache_read_only_not_online_fps,178d419b5d7b38d165994fad2d41dc67b8cffa4444c416451632d3659ff5f2cf,cached_perception_v2,0,0,0,,,0,0.0,0,20.390618592500687,0.5814963951706886,61.296554282307625,9.69201459535128,9.554701703555267,0.6751857301765072,9.693283479586402,0.6595753311739171,1.1353758041468798
sugar_box_yalehand0_black10_2,259,12.340763767455542,0.9836666938855184,1.6296773921376595,1.8223295302729745,0.07932951737916534,0.08870744776837691,0.7946843853820601,0.7946843853820601,-11.357097073570023,0.192652138135315,BLACKOUT_WAITING,full,four_mode_relocalization_v2,1.0,0,0,0,True,0,0,0.9836666938855184,1,0,restarted_se3,0,37.30591665953398,2.730574458837509,0,260,cache_read_only_not_online_fps,178d419b5d7b38d165994fad2d41dc67b8cffa4444c416451632d3659ff5f2cf,cached_perception_v2,0,0,0,,,0,0.0,0,20.594727247953415,0.5918815732002258,61.22309993952513,12.10770306585735,11.953716896886922,0.8971262980310439,12.108797251700704,0.9836666938855184,1.4987119801596205
sugar_box_yalehand0_black10_2,260,13.769560140098125,1.1864851758534654,1.6406991687381651,0.6745291162617244,0.07986603597026648,0.03283476196540222,0.7946843853820601,0.0891009055627426,-12.583074964244659,-0.9661700524764407,BLACKOUT_RECOVERY,full,four_mode_relocalization_v2,,0,1,0,False,0,1,1.1864851758534654,0,1,restarted_se3,1,45.69706507027149,2.546783536672592,0,261,cache_read_only_not_online_fps,178d419b5d7b38d165994fad2d41dc67b8cffa4444c416451632d3659ff5f2cf,cached_perception_v2,0,0,0,,,0,0.0,1,20.944311283528805,2475.329961627722,2544.5181215181947,13.598788614812463,14.034995432503806,1.0669144261633003,13.819076952555776,0.3135591900188783,1.7864231075234347
sugar_box_yalehand0_black10_2,261,0.34652180380075676,0.4979633863598427,0.337308655163621,0.3668866126159394,0.016419527540261207,0.017859324828407977,0.0,0.0,0.15144158255908596,0.029577957452318393,MODE_4_TRUSTED_FUSION,full,four_mode_relocalization_v2,0.47957874155750374,0,0,1,False,0,0,0.34652180380075676,0,0,restarted_se3,0,50.35110004246235,2.405364066362381,0,262,cache_read_only_not_online_fps,178d419b5d7b38d165994fad2d41dc67b8cffa4444c416451632d3659ff5f2cf,cached_perception_v2,0,0,0,,,0,0.0,0,22.072670981287956,1.3193674385547638,76.14850252866745,14.085804339189806,14.833902249559328,1.1950346770281626,14.267861257173333,0.39251151806246437,2.0274928617020316
sugar_box_yalehand0_black10_2,262,0.400503506746536,0.38798399341732953,0.31556305445487703,0.3490942721278328,0.015360994104338705,0.0169932283906855,0.0,0.0,-0.012519513329206478,0.03353121767295575,MODE_4_TRUSTED_FUSION,full,four_mode_relocalization_v2,0.4755124086378231,0,0,0,False,0,0,0.38798399341732953,0,0,restarted_se3,0,45.66336702555418,4.3266331776976585,0,263,cache_read_only_not_online_fps,178d419b5d7b38d165994fad2d41dc67b8cffa4444c416451632d3659ff5f2cf,cached_perception_v2,0,0,0,,,0,0.0,0,20.414607599377632,1.2142006307840347,71.6188084334135,14.45417795662417,14.880021395585219,1.2281139994622894,14.456100746068662,0.391533809172862,2.150092770643666
sugar_box_yalehand0_black10_2,263,0.36497325684383797,0.4032646813683206,0.3172668466226819,0.3366350003694693,0.01544393138446448,0.016386735338591085,0.0,0.0,0.03829142452448264,0.01936815374678741,MODE_4_TRUSTED_FUSION,full,four_mode_relocalization_v2,0.4856298407303424,0,0,0,False,0,0,0.36497325684383797,0,0,restarted_se3,0,44.016266241669655,3.8273343816399574,0,264,cache_read_only_not_online_fps,178d419b5d7b38d165994fad2d41dc67b8cffa4444c416451632d3659ff5f2cf,cached_perception_v2,0,0,0,,,0,0.0,0,20.616457797586918,1.1951588094234467,69.65521723031998,15.022725976520466,15.14446284613468,1.2286401705940424,15.02478338473737,0.3752967426345495,2.248821066509778
sugar_box_yalehand0_black10_2,264,0.33841125928082844,0.39471334309656203,0.32482254671246785,0.31318050973658373,0.015811728130296618,0.015245016473705585,0.0,0.0,0.056302083815733595,-0.011642036975884118,MODE_4_TRUSTED_FUSION,full,four_mode_relocalization_v2,0.5088464915639687,0,0,0,False,0,0,0.33841125928082844,0,0,restarted_se3,0,44.14812754839659,3.9527947083115578,0,265,cache_read_only_not_online_fps,178d419b5d7b38d165994fad2d41dc67b8cffa4444c416451632d3659ff5f2cf,cached_perception_v2,0,0,0,,,0,0.0,0,20.656820386648178,1.1373991146683693,69.89514175802469,15.381974540404617,15.435285114393777,1.2449960811229648,15.384331093941691,0.358404410089243,2.3369838198825383
sugar_box_yalehand0_black10_2,265,0.330175138362962,0.34127335346135945,0.32308244477209996,0.31731733494869635,0.01572702336125097,0.015446389057716456,0.0,0.0,0.01109821509839748,-0.0057651098234036136,MODE_4_TRUSTED_FUSION,full,four_mode_relocalization_v2,0.5043648635269389,0,0,0,False,0,0,0.330175138362962,0,0,restarted_se3,0,47.09859471768141,4.1217077523469925,0,266,cache_read_only_not_online_fps,178d419b5d7b38d165994fad2d41dc67b8cffa4444c416451632d3659ff5f2cf,cached_perception_v2,0,0,0,,,0,0.0,0,20.73654904961586,1.1262251064181328,73.0830766260624,15.754605585363246,15.771000676598188,1.2402003723850212,15.757187152907438,0.3322743417623874,2.439922433300746
sugar_box_yalehand0_black10_2,266,0.3675646729526382,0.3102118865134991,0.32846215684456925,0.316127709580401,0.01598889725384272,0.015388480414702704,0.0,0.0,-0.0573527864391391,-0.012334447264168269,MODE_4_TRUSTED_FUSION,full,four_mode_relocalization_v2,0.509279743709093,0,0,0,False,0,0,0.3102118865134991,0,0,restarted_se3,0,44.50216609984636,3.5549094900488853,0,267,cache_read_only_not_online_fps,178d419b5d7b38d165994fad2d41dc67b8cffa4444c416451632d3659ff5f2cf,cached_perception_v2,0,0,0,,,0,0.0,0,20.369453355669975,1.1899899691343307,69.61651891469955,16.22144553889687,16.180034774186353,1.2417153183939231,16.224466322438527,0.33713102726249855,2.5341411243140297
sugar_box_yalehand0_black10_2,267,0.32396794112706395,0.34230368702756087,0.322687395414965,0.3199630246214175,0.01570779312894017,0.015575176071566303,0.0,0.0,0.018335745900496914,-0.0027243707935474815,MODE_4_TRUSTED_FUSION,full,four_mode_relocalization_v2,0.5020556621645225,0,0,0,False,0,0,0.32396794112706395,0,0,restarted_se3,0,44.885048642754555,2.9889028519392014,0,268,cache_read_only_not_online_fps,178d419b5d7b38d165994fad2d41dc67b8cffa4444c416451632d3659ff5f2cf,cached_perception_v2,0,0,0,,,0,0.0,0,19.90967057645321,1.1321641504764557,68.91578622162342,16.42420780690679,16.511713462150468,1.2234939498724722,16.42745696462359,0.3302150495170784,2.622193967106529
sugar_box_yalehand0_black10_2,268,0.3663598369748454,0.33257688858756473,0.31229517237447846,0.32759153753550163,0.015201919977434364,0.015946517203691366,0.0,0.0,-0.03378294838728069,0.015296365161023173,MODE_4_TRUSTED_FUSION,full,four_mode_relocalization_v2,0.48840985510747,0,0,0,False,0,0,0.33257688858756473,0,0,restarted_se3,0,44.0729558467865,3.483053296804428,0,269,cache_read_only_not_online_fps,178d419b5d7b38d165994fad2d41dc67b8cffa4444c416451632d3659ff5f2cf,cached_perception_v2,0,0,0,,,0,0.0,0,20.263517275452614,1.1973502114415169,69.01687663048506,16.661492394653816,16.830798433213918,1.2541388188499598,16.664693834172585,0.348337705441517,2.742659800515996
sugar_box_yalehand0_black10_2,269,0.3519424680827147,0.36891731946681483,0.3322044711792413,0.3247324822457285,0.01617106581768421,0.015807343967692462,0.0,0.0,0.016974851384100154,-0.007471988933512808,MODE_4_TRUSTED_FUSION,full,four_mode_relocalization_v2,0.5055189695995382,0,0,0,False,0,0,0.3519424680827147,0,0,restarted_se3,0,49.941728822886944,4.324944689869881,0,270,cache_read_only_not_online_fps,178d419b5d7b38d165994fad2d41dc67b8cffa4444c416451632d3659ff5f2cf,cached_perception_v2,0,0,0,,,0,0.0,0,19.480749033391476,1.2134760618209839,74.96089860796928,16.721636527412308,16.88936049652669,1.2418998949059854,16.724762668362573,0.3592348687647058,2.872526874797217
sugar_box_yalehand0_black10_2,270,0.36067635745864257,0.37798720886344894,0.330991721161309,0.333326531124316,0.016112031511822025,0.016225685507656414,0.0,0.0,0.01731085140480637,0.0023348099630070007,MODE_4_TRUSTED_FUSION,full,four_mode_relocalization_v2,0.4982940613119636,0,0,0,False,0,0,0.36067635745864257,0,0,restarted_se3,0,44.66116614639759,4.259406588971615,0,271,cache_read_only_not_online_fps,178d419b5d7b38d165994fad2d41dc67b8cffa4444c416451632d3659ff5f2cf,cached_perception_v2,0,0,0,,,0,0.0,0,21.240832284092903,1.2994315475225449,71.46083656698465,16.95298998038241,16.998561847479586,1.2796774015947974,16.955860790611432,0.3688368411501036,3.0060207130020626
sugar_box_yalehand0_black10_2,271,0.38644892274284526,0.3735151498128305,0.3256803996406441,0.33309673744057056,0.015853486737922178,0.016214499599257456,0.0,0.0,-0.012933772930014742,0.0074163377999264535,MODE_4_TRUSTED_FUSION,full,four_mode_relocalization_v2,0.4945369861514361,0,0,0,False,0,0,0.3735151498128305,0,0,restarted_se3,0,45.49975320696831,3.51653341203928,0,272,cache_read_only_not_online_fps,178d419b5d7b38d165994fad2d41dc67b8cffa4444c416451632d3659ff5f2cf,cached_perception_v2,0,0,0,,,0,0.0,0,20.02475131303072,1.4841863885521889,70.5252243205905,17.56139678672083,17.25301561031106,1.2501545018590572,17.56399088472617,0.3791157785652694,3.099133447329086
sugar_box_yalehand0_black10_2,272,0.3983751694619171,0.4105480068677632,0.31595053175294746,0.3136292220403008,0.015379855743580684,0.015266858913606698,0.0,0.0,0.012172837405846126,-0.0023213097126466575,MODE_4_TRUSTED_FUSION,full,four_mode_relocalization_v2,0.5017867780661969,0,0,0,False,0,0,0.3983751694619171,0,0,restarted_se3,0,45.41690926998854,3.818044438958168,0,273,cache_read_only_not_online_fps,178d419b5d7b38d165994fad2d41dc67b8cffa4444c416451632d3659ff5f2cf,cached_perception_v2,0,0,0,,,0,0.0,0,20.650889724493027,1.3852575793862343,71.27110101282597,18.540917471291863,18.079836802692437,1.2867039670654812,18.54360095617766,0.40405751039593785,3.235811942461246
sugar_box_yalehand0_black10_2,273,0.3648683254332998,0.3581064730241264,0.3222998506249949,0.32240083754903487,0.015688928204324132,0.015693844050849552,0.0,0.0,-0.0067618524091733745,0.00010098692403998077,MODE_4_TRUSTED_FUSION,full,four_mode_relocalization_v2,0.4999240357909683,0,0,0,False,0,0,0.3581064730241264,0,0,restarted_se3,0,44.306558556854725,3.839021548628807,0,274,cache_read_only_not_online_fps,178d419b5d7b38d165994fad2d41dc67b8cffa4444c416451632d3659ff5f2cf,cached_perception_v2,0,0,0,,,0,0.0,0,20.093454979360104,1.6024773940443993,69.84151247888803,19.68284869081697,19.317711736318152,1.3014071591604097,19.685631631043503,0.3612697301204166,3.403002442337413
sugar_box_yalehand0_black10_2,274,0.40096583865015395,0.42584415822512245,0.3285909707627156,0.31228842169331905,0.0159951676641752,0.015201591367440178,0.0,0.0,0.0248783195749685,-0.016302549069396544,MODE_4_TRUSTED_FUSION,full,four_mode_relocalization_v2,0.5123339820060142,0,0,0,False,0,0,0.40096583865015395,0,0,restarted_se3,0,45.853860676288605,3.5370010882616043,0,275,cache_read_only_not_online_fps,178d419b5d7b38d165994fad2d41dc67b8cffa4444c416451632d3659ff5f2cf,cached_perception_v2,0,0,0,,,0,0.0,0,20.0912244617939,1.5427172183990479,71.02480344474316,21.29285670842547,20.872791952708823,1.3480198103392595,21.29542703683177,0.41327503330991916,3.548885901081686
sugar_box_yalehand0_black10_2,275,0.38307915674756665,0.39090428277819583,0.3258097032004231,0.3467285280790642,0.015859780983054475,0.016878068583881484,0.0,0.0,0.007825126030629181,0.020918824878641107,MODE_4_TRUSTED_FUSION,full,four_mode_relocalization_v2,0.48489698912362367,0,0,0,False,0,0,0.38307915674756665,0,0,restarted_se3,0,46.22903000563383,3.7533771246671677,0,276,cache_read_only_not_online_fps,178d419b5d7b38d165994fad2d41dc67b8cffa4444c416451632d3659ff5f2cf,cached_perception_v2,0,0,0,,,0,0.0,0,20.70770412683487,1.5515964478254318,72.2417077049613,23.13068464000538,22.854560706333345,1.3649085443776823,23.13293587043306,0.37814024493516424,3.7471112462014586
sugar_box_yalehand0_black10_2,276,0.4485370996792552,0.5980619503086453,0.32772480679453786,0.4058087344541236,0.015953004491329907,0.019753977816596085,0.0,0.0,0.14952485062939008,0.07808392765958572,MODE_4_TRUSTED_FUSION,full,four_mode_relocalization_v2,0.4481881539538407,0,0,0,False,0,0,0.4485370996792552,0,0,restarted_se3,0,47.5827855989337,3.902061842381954,0,277,cache_read_only_not_online_fps,178d419b5d7b38d165994fad2d41dc67b8cffa4444c416451632d3659ff5f2cf,cached_perception_v2,0,0,0,,,0,0.0,0,20.694710314273834,1.31892878562212,73.4984865412116,24.633903379557875,24.816770465223765,1.6067999091573453,24.63589437009547,0.48252564402939613,4.196963312542504
sugar_box_yalehand0_black10_2,277,0.5195811473758065,0.7165245853929492,0.3542591437822546,0.43404488267102964,0.01724464427069177,0.021128458447854992,0.0,0.0019588638589618022,0.19694343801714265,0.07978573888877505,MODE_4_TRUSTED_FUSION,full,four_mode_relocalization_v2,0.45064620719578574,0,0,0,False,0,0,0.5195811473758065,0,0,restarted_se3,0,45.782534405589104,3.692805767059326,0,278,cache_read_only_not_online_fps,178d419b5d7b38d165994fad2d41dc67b8cffa4444c416451632d3659ff5f2cf,cached_perception_v2,0,0,0,,,0,0.0,0,19.93438322097063,1.1509228497743607,70.56064624339342,25.675068539720087,26.282136438774785,1.9945354475901373,25.676707738785527,0.5874613617908714,4.749444706891488
sugar_box_yalehand0_black10_2,278,0.4708889636091433,0.49307754858222386,0.36956951002224675,0.3685777556561998,0.01798992304216917,0.01794164637367223,0.0,0.0,0.022188584973080572,-0.0009917543660469264,MODE_4_TRUSTED_FUSION,full,four_mode_relocalization_v2,0.500654064461447,0,0,0,False,0,0,0.4708889636091433,0,0,restarted_se3,0,43.73862221837044,4.063510335981846,0,279,cache_read_only_not_online_fps,178d419b5d7b38d165994fad2d41dc67b8cffa4444c416451632d3659ff5f2cf,cached_perception_v2,0,0,0,,,0,0.0,0,9.792232885956764,1.4416389167308807,59.03600435703993,26.647019372070304,27.02157710928584,2.185428279572119,26.648238101032884,0.47526039122585995,5.143768695573067
sugar_box_yalehand0_black10_2,279,0.4323277179216656,0.45504572471856297,0.34642147931341327,0.34777430619116634,0.01686312204875222,0.016928975022983482,0.0,0.0,0.022718006796897394,0.001352826877753066,MODE_4_TRUSTED_FUSION,full,four_mode_relocalization_v2,0.4990529019456497,0,0,0,False,0,0,0.4323277179216656,0,0,restarted_se3,0,46.34315427392721,3.4487424418330193,0,280,cache_read_only_not_online_fps,178d419b5d7b38d165994fad2d41dc67b8cffa4444c416451632d3659ff5f2cf,cached_perception_v2,0,0,0,,,0,0.0,0,9.487071074545383,1.1551864445209503,60.434154234826565,26.899582589062536,27.422545072096582,2.429240824209722,26.900747737312695,0.436952296894562,5.579553902226025
sugar_box_yalehand0_black10_2,280,0.5152638448054053,0.4594740536309611,0.3795170626721413,0.35721200206517234,0.018474150506222566,0.017388383653469654,0.0,0.0,-0.055789791174444214,-0.022305060606968963,MODE_4_TRUSTED_FUSION,full,four_mode_relocalization_v2,0.5147378114878618,0,0,0,False,0,0,0.4594740536309611,0,0,restarted_se3,0,45.20891606807709,3.3213812857866287,0,281,cache_read_only_not_online_fps,178d419b5d7b38d165994fad2d41dc67b8cffa4444c416451632d3659ff5f2cf,cached_perception_v2,0,0,0,,,0,0.0,0,9.260394610464573,1.0827332735061646,58.873425237834454,27.57248690038431,27.575291914462973,2.5217304089239514,27.573549911870437,0.44631715183668064,5.9316924610917106
sugar_box_yalehand0_black10_2,281,0.5343225671887333,0.4745412369799068,0.3725068285236074,0.383650567951037,0.018132905978685325,0.018675361482358713,0.0,0.0,-0.05978133020882648,0.011143739427429633,MODE_4_TRUSTED_FUSION,full,four_mode_relocalization_v2,0.4928212116008653,0,0,0,False,0,0,0.4745412369799068,0,0,restarted_se3,0,44.72186882048845,3.8540326058864594,0,282,cache_read_only_not_online_fps,178d419b5d7b38d165994fad2d41dc67b8cffa4444c416451632d3659ff5f2cf,cached_perception_v2,0,0,0,,,0,0.0,0,9.44196805357933,1.0854117572307587,59.103281237185,27.455890728043936,27.541756779044057,2.485953884623901,27.456808581753823,0.4851524856336849,6.1045177733442
sugar_box_yalehand0_black10_2,282,0.49760990617815004,0.5091226161854585,0.39059315036074593,0.3919908570906439,0.019013312855179113,0.019081350493091592,0.0,0.0,0.011512710007308469,0.001397706729897974,MODE_4_TRUSTED_FUSION,full,four_mode_relocalization_v2,0.49912924583786794,0,0,0,False,0,0,0.49760990617815004,0,0,restarted_se3,0,45.542217791080475,3.5060979425907135,0,283,cache_read_only_not_online_fps,178d419b5d7b38d165994fad2d41dc67b8cffa4444c416451632d3659ff5f2cf,cached_perception_v2,0,0,0,,,0,0.0,0,9.349432773888111,1.2338245287537575,59.63157303631306,27.572292284803307,27.618966765831026,2.559420609995251,27.57322856050769,0.49285999004127545,6.35144536181947
sugar_box_yalehand0_black10_2,283,0.5485850361695587,0.5173583466254992,0.37645904271925607,0.3988231428059255,0.018325292058428776,0.019413932837919305,0.0,0.0,-0.031226689544059494,0.022364100086669447,MODE_4_TRUSTED_FUSION,full,four_mode_relocalization_v2,0.48593951901996846,0,0,0,False,0,0,0.5173583466254992,0,0,restarted_se3,0,43.88473089784384,4.373637959361076,0,284,cache_read_only_not_online_fps,178d419b5d7b38d165994fad2d41dc67b8cffa4444c416451632d3659ff5f2cf,cached_perception_v2,0,0,0,,,0,0.0,0,19.75810807198286,1.0168757289648056,69.03335265815258,28.353987643324572,28.002371287713967,2.5917269714786593,28.354875153016444,0.5318890183469354,6.53391749319889
sugar_box_yalehand0_black10_2,284,0.5214296595427681,0.608518599668041,0.3695579173289325,0.40240237491585,0.0179893587324658,0.019588162877090358,0.0,0.0,0.0870889401252729,0.03284445758691751,MODE_4_TRUSTED_FUSION,full,four_mode_relocalization_v2,0.4792638230044204,0,0,0,False,0,0,0.5214296595427681,0,0,restarted_se3,0,46.80250585079193,2.7709491550922394,0,285,cache_read_only_not_online_fps,178d419b5d7b38d165994fad2d41dc67b8cffa4444c416451632d3659ff5f2cf,cached_perception_v2,0,0,0,,,0,0.0,0,20.692319609224796,0.8995598182082176,71.16533443331718,28.28807580022331,28.29363601623987,2.5415870043730004,28.288770031472787,0.5610371428570111,6.774914826204727
sugar_box_yalehand0_black10_2,285,0.4955742398959733,0.5542242985531907,0.3517849646915628,0.3881645895298,0.017124206057508518,0.018895095249919107,0.0,0.0,0.05865005865721734,0.0363796248382372,MODE_4_TRUSTED_FUSION,full,four_mode_relocalization_v2,0.47606444754381666,0,0,0,False,0,0,0.4955742398959733,0,0,restarted_se3,0,44.65225152671337,2.533270977437496,0,286,cache_read_only_not_online_fps,178d419b5d7b38d165994fad2d41dc67b8cffa4444c416451632d3659ff5f2cf,cached_perception_v2,0,0,0,,,0,0.0,0,19.679302349686623,0.8284449577331543,67.69326981157064,28.373961845948585,28.548640188548042,2.563762964050278,28.374657787425896,0.5154162008428745,6.974109378042445
sugar_box_yalehand0_black10_2,286,0.5481125018312885,0.536662373552445,0.40285043441586926,0.3600861275076414,0.019609973539780508,0.017528290475113156,0.0,0.0,-0.011450128278843508,-0.042764306908227856,MODE_4_TRUSTED_FUSION,full,four_mode_relocalization_v2,0.527310199183421,0,0,0,False,0,0,0.536662373552445,0,0,restarted_se3,0,41.695911437273026,2.566710114479065,0,287,cache_read_only_not_online_fps,178d419b5d7b38d165994fad2d41dc67b8cffa4444c416451632d3659ff5f2cf,cached_perception_v2,0,0,0,,,0,0.0,0,9.599359706044197,1.3423478230834007,55.20432908087969,28.999769418101685,28.91146230616226,2.6347671546294387,29.00038598487036,0.537895193085088,7.324021738920654
sugar_box_yalehand0_black10_2,287,0.5492909975704522,0.541480547720108,0.3747067379772558,0.38966095983707905,0.018239993280796618,0.018967935638372464,0.0,0.0,-0.007810449850344181,0.014954221859823258,MODE_4_TRUSTED_FUSION,full,four_mode_relocalization_v2,0.4904673395516583,0,0,0,False,0,0,0.541480547720108,0,0,restarted_se3,0,42.83343814313412,2.6545021682977676,0,288,cache_read_only_not_online_fps,178d419b5d7b38d165994fad2d41dc67b8cffa4444c416451632d3659ff5f2cf,cached_perception_v2,0,0,0,,,0,0.0,0,9.133962914347649,1.2448066845536232,55.86670991033316,29.03112789743553,29.109367566106275,2.6572274660108626,29.03156046247123,0.5415113525309365,7.573892105386479
sugar_box_yalehand0_black10_2,288,0.6407636884367607,0.7471041324211379,0.4595440647400354,0.4393011089026039,0.022369708904452616,0.021384321290524453,0.0019588638589618022,0.0019588638589618022,0.10634044398437725,-0.02024295583743152,MODE_4_TRUSTED_FUSION,full,four_mode_relocalization_v2,0.5110154335126891,0,0,0,False,0,0,0.6407636884367607,0,0,restarted_se3,0,45.415641739964485,3.018556162714958,0,289,cache_read_only_not_online_fps,178d419b5d7b38d165994fad2d41dc67b8cffa4444c416451632d3659ff5f2cf,cached_perception_v2,0,0,0,,,0,0.0,0,9.669207967817783,1.1351443827152252,59.23855025321245,30.211169438913593,30.0634498012425,3.1012094324284707,30.21148569900224,0.6867447592702404,8.324539289464665
sugar_box_yalehand0_black10_2,289,0.7395767618214805,0.9503390263403408,0.58109112741302,0.5577813889145258,0.02828638288374566,0.027151710270477972,0.04219409282700422,0.04219409282700422,0.21076226451886038,-0.02330973849849427,MODE_4_TRUSTED_FUSION,full,four_mode_relocalization_v2,0.5100570762400866,0,0,0,False,0,0,0.7395767618214805,0,0,restarted_se3,0,44.81106624007225,2.9395967721939087,0,290,cache_read_only_not_online_fps,178d419b5d7b38d165994fad2d41dc67b8cffa4444c416451632d3659ff5f2cf,cached_perception_v2,0,0,0,,,0,0.0,0,9.345926344394684,1.1733071878552437,58.26989654451609,30.810722357863575,30.887235929428673,3.6128465260994114,30.810867607748698,0.8362863641568427,9.102175197777061
sugar_box_yalehand0_black10_2,290,0.7633742616851404,0.8292421281018709,0.5849895803375038,0.608354113288771,0.02847615196964985,0.02961349187002264,0.04219409282700422,0.04219409282700422,0.06586786641673048,0.02336453295126717,MODE_4_TRUSTED_FUSION,full,four_mode_relocalization_v2,0.49037184061119626,0,0,0,False,0,0,0.7633742616851404,0,0,restarted_se3,0,44.47971656918526,2.9560383409261703,0,291,cache_read_only_not_online_fps,178d419b5d7b38d165994fad2d41dc67b8cffa4444c416451632d3659ff5f2cf,cached_perception_v2,0,0,0,,,0,0.0,0,9.674759581685066,1.3184892013669014,58.429003693163395,31.430160972080202,31.476802651789253,3.8932225356068995,31.430183763972497,0.7951704516866297,9.634797885132288
sugar_box_yalehand0_black10_2,291,0.5578003647361179,0.7407519228950025,0.5258989058925991,0.6424611148870635,0.0255997331717092,0.0312737541950058,0.017080745341614908,0.04219409282700422,0.18295155815888453,0.11656220899446434,MODE_4_TRUSTED_FUSION,full,four_mode_relocalization_v2,0.45095669369708774,0,0,0,False,0,0,0.5578003647361179,0,0,restarted_se3,0,46.1017657071352,2.6460308581590652,0,292,cache_read_only_not_online_fps,178d419b5d7b38d165994fad2d41dc67b8cffa4444c416451632d3659ff5f2cf,cached_perception_v2,0,0,0,,,0,0.0,0,20.24832647293806,0.8169049397110939,69.81302797794342,31.882291826267632,31.914209852539177,4.0697265122551585,31.882127774498876,0.6410471072502608,10.126545525064365
sugar_box_yalehand0_black10_2,292,0.5466518286610073,0.6127695067560015,0.5303826131114896,0.5489373286787735,0.025817991295347703,0.02672119866519995,0.017080745341614908,0.0375,0.06611767809499425,0.01855471556728394,MODE_4_TRUSTED_FUSION,full,four_mode_relocalization_v2,0.49156082098489584,0,0,0,False,0,0,0.5466518286610073,0,0,restarted_se3,0,46.10894899815321,2.276121638715267,0,293,cache_read_only_not_online_fps,178d419b5d7b38d165994fad2d41dc67b8cffa4444c416451632d3659ff5f2cf,cached_perception_v2,0,0,0,,,0,0.0,0,20.65877988934517,0.8772425353527069,69.92109306156635,32.56720783213619,32.415672720217415,4.079192083535775,32.566921979063345,0.5457659489352382,10.488239906833194
sugar_box_yalehand0_black10_2,293,0.6993403609025852,0.5795401916975489,0.6352425019567579,0.5292540413429483,0.030922366194736005,0.025763054622507997,0.04219409282700422,0.017080745341614908,-0.11980016920503633,-0.10598846061380962,MODE_4_TRUSTED_FUSION,full,four_mode_relocalization_v2,0.5447398775510787,0,0,0,False,0,0,0.5795401916975489,0,0,restarted_se3,0,46.69977445155382,2.5056200101971626,0,294,cache_read_only_not_online_fps,178d419b5d7b38d165994fad2d41dc67b8cffa4444c416451632d3659ff5f2cf,cached_perception_v2,0,0,0,,,0,0.0,0,20.701819099485874,1.7810259014368057,71.68823946267366,32.70333054912131,32.76211611140031,4.041446987341133,32.70290953907993,0.5697669497879966,10.67919900875793
sugar_box_yalehand0_black10_2,294,0.6817528136228463,0.6023194858723664,0.6296510158698222,0.5892273417232871,0.030650183556105246,0.02868243792975713,0.04219409282700422,0.04219409282700422,-0.07943332775047995,-0.04042367414653514,MODE_4_TRUSTED_FUSION,full,four_mode_relocalization_v2,0.5163146260077826,0,0,0,False,0,0,0.6023194858723664,0,0,restarted_se3,0,45.907553285360336,3.1290315091609955,0,295,cache_read_only_not_online_fps,178d419b5d7b38d165994fad2d41dc67b8cffa4444c416451632d3659ff5f2cf,cached_perception_v2,0,0,0,,,0,0.0,0,20.21225541830063,0.7966943085193634,70.04553452134132,33.20571175729752,33.165059184104486,4.0277172515031845,33.20519053386543,0.6163820090967996,10.9446089334518
sugar_box_yalehand0_black10_2,295,0.679612490407038,0.7147665663292975,0.6305692728036077,0.6418009900184152,0.03069488251292867,0.031241620603724176,0.04219409282700422,0.04219409282700422,0.0351540759222595,0.011231717214807424,MODE_4_TRUSTED_FUSION,full,four_mode_relocalization_v2,0.49565460551905544,0,0,0,False,0,0,0.679612490407038,0,0,restarted_se3,0,46.12536262720823,2.4072928354144096,0,296,cache_read_only_not_online_fps,178d419b5d7b38d165994fad2d41dc67b8cffa4444c416451632d3659ff5f2cf,cached_perception_v2,0,0,0,,,0,0.0,0,20.501640625298023,0.7638288661837578,69.79812495410442,33.36519483022705,33.46777355504805,4.055831447974721,33.3644817724119,0.6963538520830015,11.238062096981208
sugar_box_yalehand0_black10_2,296,0.5244383844665791,0.7581620567178793,0.5661242458051564,0.6563780450416249,0.027557824274323264,0.0319512032152151,0.04219409282700422,0.0891009055627426,0.2337236722513002,0.09025379923646848,MODE_4_TRUSTED_FUSION,full,four_mode_relocalization_v2,0.46368063065100695,0,0,0,False,0,0,0.5244383844665791,0,0,restarted_se3,0,46.3358536362648,2.161913551390171,0,297,cache_read_only_not_online_fps,178d419b5d7b38d165994fad2d41dc67b8cffa4444c416451632d3659ff5f2cf,cached_perception_v2,0,0,0,,,0,0.0,0,19.893496297299862,0.8212141692638397,69.21247765421867,33.99967674425423,33.86996154451288,3.999629610610067,33.9989597131517,0.621688049628645,11.461225427964699
sugar_box_yalehand0_black10_2,297,0.5904220718249535,0.567593320341618,0.5631241762843867,0.5784788702226079,0.027411786740554434,0.02815922329793719,0.04219409282700422,0.04219409282700422,-0.02282875148333552,0.015354693938221198,MODE_4_TRUSTED_FUSION,full,four_mode_relocalization_v2,0.4933907310313994,0,0,0,False,0,0,0.567593320341618,0,0,restarted_se3,0,46.044944785535336,2.3438893258571625,0,298,cache_read_only_not_online_fps,178d419b5d7b38d165994fad2d41dc67b8cffa4444c416451632d3659ff5f2cf,cached_perception_v2,0,0,0,,,0,0.0,0,20.26452124118805,0.7928628474473953,69.44621820002794,34.20537795518447,34.27495791659283,4.019986722475111,34.204502814149514,0.568716854093625,11.790198550611349
sugar_box_yalehand0_black10_2,298,0.5661456020139596,0.5365480299263649,0.5501289352700958,0.522652634551382,0.02677920375028702,0.025441711013444623,0.0375,0.017080745341614908,-0.029597572087594726,-0.027476300718713764,MODE_4_TRUSTED_FUSION,full,four_mode_relocalization_v2,0.5125717258954149,0,0,0,False,0,0,0.5365480299263649,0,0,restarted_se3,0,46.47659603506327,2.461644820868969,0,299,cache_read_only_not_online_fps,178d419b5d7b38d165994fad2d41dc67b8cffa4444c416451632d3659ff5f2cf,cached_perception_v2,0,0,0,,,0,0.0,0,20.27350291609764,0.7407777011394501,69.95252147316933,34.49311913097356,34.59167726079092,4.0407102805774135,34.49214319881035,0.5489834169440412,12.117209367591162
sugar_box_yalehand0_black10_2,299,0.6413740549338522,0.5585639586545071,0.591364872217704,0.515175898951402,0.02878648874577963,0.025077758104985838,0.04219409282700422,0.017080745341614908,-0.0828100962793451,-0.07618897326630192,MODE_4_TRUSTED_FUSION,full,four_mode_relocalization_v2,0.5338154531181478,0,0,0,False,0,0,0.5585639586545071,0,0,restarted_se3,0,48.72793238610029,2.946227788925171,0,300,cache_read_only_not_online_fps,178d419b5d7b38d165994fad2d41dc67b8cffa4444c416451632d3659ff5f2cf,cached_perception_v2,0,0,0,,,0,0.0,0,19.89193819463253,0.8276784792542458,72.39377684891224,35.15075220141842,34.98960761098801,4.031428384077137,35.14977687881446,0.5885413390998222,12.347009931409469
sugar_box_yalehand0_black10_2,300,0.5124293843827482,0.6104737648368761,0.5137522461196679,0.5678195695361079,0.02500845746143404,0.027640349327457504,0.017080745341614908,0.04219409282700422,0.09804438045412789,0.05406732341644005,MODE_4_TRUSTED_FUSION,full,four_mode_relocalization_v2,0.4754590110930474,0,0,0,False,0,0,0.5124293843827482,0,0,restarted_se3,0,50.11898931115866,2.764304168522358,0,301,cache_read_only_not_online_fps,178d419b5d7b38d165994fad2d41dc67b8cffa4444c416451632d3659ff5f2cf,cached_perception_v2,0,0,0,,,0,0.0,0,20.723482593894005,0.7663620635867119,74.37313813716173,35.299891111753226,35.34365369619852,3.9934824068921917,35.2988249324583,0.5568048394259715,12.571088708319223
sugar_box_yalehand0_black10_2,301,0.6669789220229485,0.528408308354003,0.6117689554417021,0.5306685226047549,0.02977971972666776,0.025831908811921402,0.04219409282700422,0.017080745341614908,-0.13857061366894552,-0.08110043283694712,MODE_4_TRUSTED_FUSION,full,four_mode_relocalization_v2,0.5348837827274981,0,0,0,False,0,0,0.528408308354003,0,0,restarted_se3,0,45.898737385869026,2.3864340037107468,0,302,cache_read_only_not_online_fps,178d419b5d7b38d165994fad2d41dc67b8cffa4444c416451632d3659ff5f2cf,cached_perception_v2,0,0,0,,,0,0.0,0,19.86463274806738,0.9158337488770485,69.0656378865242,35.54710135688997,35.66523603715465,4.01423990503755,35.54592226619337,0.5878282260324863,12.932793691375252
sugar_box_yalehand0_black10_2,302,0.5807396108615474,0.6156432608365575,0.5929865124362422,0.5925052921142971,0.028865427029221447,0.028842002162387605,0.04219409282700422,0.04219409282700422,0.034903649975010165,-0.0004812203219450861,MODE_4_TRUSTED_FUSION,full,four_mode_relocalization_v2,0.5001995950201108,0,0,0,False,0,0,0.5807396108615474,0,0,restarted_se3,0,45.43048143386841,2.231389284133911,0,303,cache_read_only_not_online_fps,178d419b5d7b38d165994fad2d41dc67b8cffa4444c416451632d3659ff5f2cf,cached_perception_v2,0,0,0,,,0,0.0,0,20.547539927065372,0.8720383048057556,69.08144894987345,35.724717805036086,35.82972340796394,3.9837208999642466,35.72345141131538,0.5909733483968499,13.179792824621368
sugar_box_yalehand0_black10_2,303,0.5804005646404381,0.6250583247914597,0.5735103993702602,0.6020525730125642,0.027917367825970315,0.029306745178150614,0.04219409282700422,0.04219409282700422,0.04465776015102163,0.028542173642304047,MODE_4_TRUSTED_FUSION,full,four_mode_relocalization_v2,0.4880632913942551,0,0,0,False,0,0,0.5804005646404381,0,0,restarted_se3,0,44.48641277849674,2.5490187108516693,0,304,cache_read_only_not_online_fps,178d419b5d7b38d165994fad2d41dc67b8cffa4444c416451632d3659ff5f2cf,cached_perception_v2,0,0,0,,,0,0.0,0,20.16753237694502,0.765141099691391,67.96810496598482,36.17897993224546,36.115742078061686,3.9993378682281984,36.1775409132396,0.5955773551286141,13.469008781581518
sugar_box_yalehand0_black10_2,304,0.6305382850260826,0.6010047213146134,0.6036386201176398,0.5878844720663859,0.029383950858239992,0.028617069653619147,0.04219409282700422,0.04219409282700422,-0.029533563711469202,-0.015754148051253858,MODE_4_TRUSTED_FUSION,full,four_mode_relocalization_v2,0.5065017943747377,0,0,0,False,0,0,0.6010047213146134,0,0,restarted_se3,0,46.529293060302734,2.4397503584623337,0,305,cache_read_only_not_online_fps,178d419b5d7b38d165994fad2d41dc67b8cffa4444c416451632d3659ff5f2cf,cached_perception_v2,0,0,0,,,0,0.0,0,20.192967727780342,0.7881028577685356,69.95011400431395,36.3642603877149,36.3540954023671,3.993693305123805,36.362509175845965,0.6122769162002007,13.76417290165873
sugar_box_yalehand0_black10_2,305,0.5917424624097665,0.6330170574165832,0.5746182120732074,0.6125003138448527,0.02797129398797962,0.02981532082749486,0.04219409282700422,0.04219409282700422,0.04127459500681674,0.037882101771645305,MODE_4_TRUSTED_FUSION,full,four_mode_relocalization_v2,0.48430887234423214,0,0,0,False,0,0,0.5917424624097665,0,0,restarted_se3,0,46.297538094222546,2.8089284896850586,0,306,cache_read_only_not_online_fps,178d419b5d7b38d165994fad2d41dc67b8cffa4444c416451632d3659ff5f2cf,cached_perception_v2,0,0,0,,,0,0.0,0,20.161204040050507,0.7732231169939041,70.04089374095201,36.6277378961722,36.63451465706218,4.000872256105653,36.62593222279911,0.6064002900509637,14.068893642786875
sugar_box_yalehand0_black10_2,306,0.5471844500889433,0.6176590754667542,0.5368352261536521,0.5993506544984473,0.026132091914856097,0.029175221053954734,0.017080745341614908,0.04219409282700422,0.0704746253778109,0.06251542834479518,MODE_4_TRUSTED_FUSION,full,four_mode_relocalization_v2,0.4729648020309952,0,0,0,False,0,0,0.5471844500889433,0,0,restarted_se3,0,44.27903052419424,2.5504762306809425,0,307,cache_read_only_not_online_fps,178d419b5d7b38d165994fad2d41dc67b8cffa4444c416451632d3659ff5f2cf,cached_perception_v2,0,0,0,,,0,0.0,0,20.633176900446415,0.8607944473624229,68.32347810268402,37.11291767790917,36.98650320095964,3.977601936787165,37.11102641860498,0.5772956368291703,14.258907133917424
sugar_box_yalehand0_black10_2,307,0.6080055591216436,0.554246381869752,0.5706902625997605,0.5343174291251661,0.02778008906759378,0.026009530465521333,0.04219409282700422,0.017080745341614908,-0.05375917725189161,-0.03637283347459441,MODE_4_TRUSTED_FUSION,full,four_mode_relocalization_v2,0.5161655932408895,0,0,0,False,0,0,0.554246381869752,0,0,restarted_se3,0,44.70211546868086,2.226521261036396,0,308,cache_read_only_not_online_fps,178d419b5d7b38d165994fad2d41dc67b8cffa4444c416451632d3659ff5f2cf,cached_perception_v2,0,0,0,,,0,0.0,0,20.331036299467087,0.8422024548053741,68.10187548398972,37.3967122909496,37.4234494204919,4.031925167923552,37.394598121784085,0.5788099519525056,14.632598646216422
sugar_box_yalehand0_black10_2,308,0.5563628717320686,0.5637769746128791,0.5658446400133921,0.5418674503088384,0.02754421360964564,0.02637705077327842,0.04219409282700422,0.02702702702702703,0.007414102880810569,-0.023977189704553648,MODE_4_TRUSTED_FUSION,full,four_mode_relocalization_v2,0.5106309003469593,0,0,0,False,0,0,0.5563628717320686,0,0,restarted_se3,0,44.69828773289919,2.122829668223858,0,309,cache_read_only_not_online_fps,178d419b5d7b38d165994fad2d41dc67b8cffa4444c416451632d3659ff5f2cf,cached_perception_v2,0,0,0,,,0,0.0,0,20.553243346512318,0.7684258744120598,68.14278662204742,37.572819439382066,37.64608728760482,3.9737112052694963,37.57061262731995,0.5535347542116442,14.84536167836496
sugar_box_yalehand0_black10_2,309,0.6461451299788493,0.5746638936959513,0.6051367334476616,0.5529211639222851,0.029456876093641355,0.026915123995888454,0.04219409282700422,0.0375,-0.07148123628289804,-0.05221556952537654,MODE_4_TRUSTED_FUSION,full,four_mode_relocalization_v2,0.5221617161779356,0,0,0,False,0,0,0.5746638936959513,0,0,restarted_se3,0,44.46482937783003,2.0872624590992928,0,310,cache_read_only_not_online_fps,178d419b5d7b38d165994fad2d41dc67b8cffa4444c416451632d3659ff5f2cf,cached_perception_v2,0,0,0,,,0,0.0,0,20.135026425123215,0.7352521643042564,67.42237042635679,38.260763296018204,38.14030634890699,4.049377887920963,38.258505929079845,0.6035433265093051,15.173159102167233
sugar_box_yalehand0_black10_2,310,0.6191159831223695,0.6126801081628652,0.5904481081996547,0.6032491051617119,0.028741862461182873,0.02936499002978719,0.04219409282700422,0.04219409282700422,-0.006435874959504262,0.012800996962057276,MODE_4_TRUSTED_FUSION,full,four_mode_relocalization_v2,0.4947264454341934,0,0,0,False,0,0,0.6126801081628652,0,0,restarted_se3,0,47.673506662249565,2.2891853004693985,0,311,cache_read_only_not_online_fps,178d419b5d7b38d165994fad2d41dc67b8cffa4444c416451632d3659ff5f2cf,cached_perception_v2,0,0,0,,,0,0.0,0,20.337100140750408,0.764988362789154,71.06478046625853,38.41001504034087,38.44169418069346,3.987017316955203,38.40755886919529,0.6152388390177097,15.415679747564148
sugar_box_yalehand0_black10_2,311,0.6822479635240731,0.6790814692359419,0.6050334076423076,0.6093163155445549,0.029451846394934672,0.029660329999422197,0.04219409282700422,0.04219409282700422,-0.0031664942881312053,0.004282907902247279,MODE_4_TRUSTED_FUSION,full,four_mode_relocalization_v2,0.49826511570351806,0,0,0,False,0,0,0.6790814692359419,0,0,restarted_se3,0,45.971631072461605,2.2379904985427856,0,312,cache_read_only_not_online_fps,178d419b5d7b38d165994fad2d41dc67b8cffa4444c416451632d3659ff5f2cf,cached_perception_v2,0,0,0,,,0,0.0,0,19.84065491706133,0.8297944441437721,68.88007093220949,38.743921253429505,38.81771803658431,4.052749959348269,38.74136116678352,0.6748018244124573,15.741469282835311
sugar_box_yalehand0_black10_2,312,0.6507273530263388,0.7331209310764715,0.5750187815551892,0.6213497691665327,0.027990792929203045,0.030246095055034772,0.04219409282700422,0.04219409282700422,0.0823935780501327,0.04633098761134358,MODE_4_TRUSTED_FUSION,full,four_mode_relocalization_v2,0.480955201618846,0,0,0,False,0,0,0.6507273530263388,0,0,restarted_se3,0,48.75681083649397,2.281653694808483,0,313,cache_read_only_not_online_fps,178d419b5d7b38d165994fad2d41dc67b8cffa4444c416451632d3659ff5f2cf,cached_perception_v2,0,0,0,,,0,0.0,0,21.48351538926363,0.8565811440348625,73.37856106460094,39.624633819270656,39.37901947727534,4.072394838821274,39.62197617700458,0.6875362395125005,15.999817254186773
sugar_box_yalehand0_black10_2,313,0.5586877671622051,0.6781863150607628,0.5291573091225973,0.586180619974177,0.025758345886660962,0.028534129456490243,0.017080745341614908,0.04219409282700422,0.11949854789855763,0.057023310851579745,MODE_4_TRUSTED_FUSION,full,four_mode_relocalization_v2,0.47488707573746564,0,0,0,False,0,0,0.5586877671622051,0,0,restarted_se3,0,46.8007056042552,2.3384513333439827,0,314,cache_read_only_not_online_fps,178d419b5d7b38d165994fad2d41dc67b8cffa4444c416451632d3659ff5f2cf,cached_perception_v2,0,0,0,,,0,0.0,0,20.492345094680786,0.796811655163765,70.42831368744373,39.86269630417764,39.88810513438183,4.076592422343317,39.85978523232908,0.6061133398988264,16.305100254552876
sugar_box_yalehand0_black10_2,314,0.5634423908630312,0.5472729857962285,0.542974968986325,0.5290033787069075,0.02643096262270168,0.02575085285420831,0.02702702702702703,0.017080745341614908,-0.016169405066802645,-0.013971590279417523,MODE_4_TRUSTED_FUSION,full,four_mode_relocalization_v2,0.5063973751443571,0,0,0,False,0,0,0.5472729857962285,0,0,restarted_se3,0,45.40742468088865,2.5637829676270485,0,315,cache_read_only_not_online_fps,178d419b5d7b38d165994fad2d41dc67b8cffa4444c416451632d3659ff5f2cf,cached_perception_v2,0,0,0,,,0,0.0,0,20.410855300724506,0.8199745789170265,69.20203752815723,40.15912555996615,40.30358653740338,4.112497731113399,40.155712673277336,0.5519308403216332,16.600483398060778
sugar_box_yalehand0_black10_2,315,0.6361783822153589,0.5315349294009839,0.5989087833157342,0.5107654683384911,0.029153711626483076,0.024863066943628078,0.04219409282700422,0.017080745341614908,-0.10464345281437504,-0.08814331497724304,MODE_4_TRUSTED_FUSION,full,four_mode_relocalization_v2,0.5390127131109571,0,0,0,False,0,0,0.5315349294009839,0,0,restarted_se3,0,46.88625503331423,2.6523107662796974,0,316,cache_read_only_not_online_fps,178d419b5d7b38d165994fad2d41dc67b8cffa4444c416451632d3659ff5f2cf,cached_perception_v2,0,0,0,,,0,0.0,0,20.448538474738598,0.8281636983156204,70.81526797264814,40.44082902669261,40.54207333680898,4.120516527397236,40.43701570968714,0.5651274360050001,16.833082325406085
sugar_box_yalehand0_black10_2,316,0.5750469804794635,0.5461250254496821,0.5706940552726936,0.5557993977915721,0.02778027368751598,0.02705523080773752,0.04219409282700422,0.0375,-0.028921955029781343,-0.01489465748112151,MODE_4_TRUSTED_FUSION,full,four_mode_relocalization_v2,0.506495744673165,0,0,0,False,0,0,0.5461250254496821,0,0,restarted_se3,0,46.39275744557381,2.481936477124691,0,317,cache_read_only_not_online_fps,178d419b5d7b38d165994fad2d41dc67b8cffa4444c416451632d3659ff5f2cf,cached_perception_v2,0,0,0,,,0,0.0,0,19.857320934534073,0.7716715335845947,69.50368639081717,40.869869131627865,40.86742586308391,4.152621222093423,40.8656945063353,0.5591278867323376,17.2125692705881
sugar_box_yalehand0_black10_2,317,0.5954041005585262,0.5973668273419547,0.5772114344664645,0.5868573808578121,0.028097526996982758,0.02856707285653916,0.04219409282700422,0.04219409282700422,0.001962726783428459,0.009645946391347637,MODE_4_TRUSTED_FUSION,full,four_mode_relocalization_v2,0.49592677964890675,0,0,0,False,0,0,0.5954041005585262,0,0,restarted_se3,0,46.698843128979206,2.977149561047554,0,318,cache_read_only_not_online_fps,178d419b5d7b38d165994fad2d41dc67b8cffa4444c416451632d3659ff5f2cf,cached_perception_v2,0,0,0,,,0,0.0,0,18.658483400940895,0.807994045317173,69.14247013628483,41.17752790404308,41.15379880755137,4.187930071801014,41.17315767692328,0.595645401953392,17.461690535689474
sugar_box_yalehand0_black10_2,318,0.5401229647939191,0.6169754227506419,0.5416646898735635,0.591406881434603,0.026367180790696866,0.028788533672535165,0.02702702702702703,0.04219409282700422,0.0768524579567228,0.04974219156103943,MODE_4_TRUSTED_FUSION,full,four_mode_relocalization_v2,0.47843057066067174,0,0,0,False,0,0,0.5401229647939191,0,0,restarted_se3,0,46.1832694709301,2.5121718645095825,0,319,cache_read_only_not_online_fps,178d419b5d7b38d165994fad2d41dc67b8cffa4444c416451632d3659ff5f2cf,cached_perception_v2,0,0,0,,,0,0.0,0,19.857237115502357,0.8002771064639091,69.35295555740595,41.98803488813362,41.709327719194995,4.206863816369662,41.983754052707376,0.5720106376058216,17.73054453092531
sugar_box_yalehand0_black10_2,319,0.5294120025764281,0.551107035297902,0.5174053437019063,0.5546364216545188,0.025186283127750633,0.026998619397331374,0.017080745341614908,0.0375,0.021695032721473884,0.03723107795261249,MODE_4_TRUSTED_FUSION,full,four_mode_relocalization_v2,0.4829534551087151,0,0,0,False,0,0,0.5294120025764281,0,0,restarted_se3,0,47.95417934656143,3.986222669482231,0,320,cache_read_only_not_online_fps,178d419b5d7b38d165994fad2d41dc67b8cffa4444c416451632d3659ff5f2cf,cached_perception_v2,0,0,0,,,0,0.0,0,20.958036184310913,0.8677206933498383,73.76615889370441,42.264006140285595,42.26071816839331,4.226153100540001,42.25945182332328,0.5378508497455176,18.021698447430488
sugar_box_yalehand0_black10_2,320,0.5999338049953858,0.5326895703743242,0.5506629129594871,0.5043837751518179,0.026805196742884833,0.024552418564382516,0.0375,0.017080745341614908,-0.06724423462106166,-0.046279137807669235,MODE_4_TRUSTED_FUSION,full,four_mode_relocalization_v2,0.52152424556043,0,0,0,False,0,0,0.5326895703743242,0,0,restarted_se3,0,46.66281957179308,2.497178502380848,0,321,cache_read_only_not_online_fps,178d419b5d7b38d165994fad2d41dc67b8cffa4444c416451632d3659ff5f2cf,cached_perception_v2,0,0,0,,,0,0.0,0,20.110836252570152,0.7704785093665123,70.04131283611059,42.93988481369793,42.889750246541034,4.29191474704661,42.93537974413937,0.562944717904151,18.28371882525549
sugar_box_yalehand0_black10_2,321,0.768652422188736,0.572419028583493,0.6511270705542516,0.5211706420423597,0.0316955960172118,0.025369570508171943,0.0891009055627426,0.017080745341614908,-0.19623339360524295,-0.12995642851189182,MODE_4_TRUSTED_FUSION,full,four_mode_relocalization_v2,0.5544983132731464,0,0,0,False,0,0,0.572419028583493,0,0,restarted_se3,0,46.06486763805151,2.4961773306131363,0,322,cache_read_only_not_online_fps,178d419b5d7b38d165994fad2d41dc67b8cffa4444c416451632d3659ff5f2cf,cached_perception_v2,0,0,0,,,0,0.0,0,20.39320208132267,0.8130716159939766,69.76731866598129,43.37289288346911,43.45684002274489,4.3678954017667975,43.36794169131486,0.6430909436827318,18.593981619690876
sugar_box_yalehand0_black10_2,322,0.5667203181638535,0.7286216473934212,0.5603049298600032,0.6405755908765627,0.027274551322490546,0.03118197056317689,0.04219409282700422,0.04219409282700422,0.16190132922956768,0.08027066101655944,MODE_4_TRUSTED_FUSION,full,four_mode_relocalization_v2,0.46712591459476654,0,0,0,False,0,0,0.5667203181638535,0,0,restarted_se3,0,46.01529613137245,2.9416298493742943,0,323,cache_read_only_not_online_fps,178d419b5d7b38d165994fad2d41dc67b8cffa4444c416451632d3659ff5f2cf,cached_perception_v2,0,0,0,,,0,0.0,0,14.075702987611294,1.0231509804725647,64.0557799488306,43.607479323802956,43.762854331027455,4.371637624967492,43.6023088439027,0.6401894760644503,18.84540310343297
sugar_box_yalehand0_black10_2,323,0.5758746169988859,0.6421567428134106,0.5630092722345278,0.6068547360367993,0.02740619343548424,0.029540505109365553,0.04219409282700422,0.04219409282700422,0.06628212581452475,0.0438454638022715,MODE_4_TRUSTED_FUSION,full,four_mode_relocalization_v2,0.48157543068053144,0,0,0,False,0,0,0.5758746169988859,0,0,restarted_se3,0,46.078914776444435,2.1760473027825356,0,324,cache_read_only_not_online_fps,178d419b5d7b38d165994fad2d41dc67b8cffa4444c416451632d3659ff5f2cf,cached_perception_v2,0,0,0,,,0,0.0,0,19.977292977273464,0.8130175992846489,69.04527265578508,43.98095752870725,44.05613974232978,4.415541008817802,43.97568657583369,0.6023659546294774,19.170302690559478
sugar_box_yalehand0_black10_2,324,0.6225041164393653,0.6060056412673153,0.5796701734310565,0.5842998819863993,0.02821721361493761,0.028442578798914164,0.04219409282700422,0.04219409282700422,-0.016498475172050053,0.004629708555342726,MODE_4_TRUSTED_FUSION,full,four_mode_relocalization_v2,0.4980448371417171,0,0,0,False,0,0,0.6060056412673153,0,0,restarted_se3,0,45.62022536993027,2.5052111595869064,0,325,cache_read_only_not_online_fps,178d419b5d7b38d165994fad2d41dc67b8cffa4444c416451632d3659ff5f2cf,cached_perception_v2,0,0,0,,,0,0.0,0,20.32159734517336,0.7894216105341911,69.23645548522472,44.33162924520887,44.35070407906418,4.498783333866631,44.32605536728349,0.6092204473388073,19.444228924410286
sugar_box_yalehand0_black10_2,325,0.6594720014195325,0.6004404307038675,0.5981834549855446,0.5759585777306201,0.029118404057848338,0.028036540374305613,0.04219409282700422,0.04219409282700422,-0.059031570715665005,-0.022224877254924502,MODE_4_TRUSTED_FUSION,full,four_mode_relocalization_v2,0.5093057930489108,0,0,0,False,0,0,0.6004404307038675,0,0,restarted_se3,0,46.544880606234074,2.370450645685196,0,326,cache_read_only_not_online_fps,178d419b5d7b38d165994fad2d41dc67b8cffa4444c416451632d3659ff5f2cf,cached_perception_v2,0,0,0,,,0,0.0,0,20.663782954216003,0.819833017885685,70.39894722402096,45.0634207801281,44.840270364778874,4.5481802881856055,45.0577129421314,0.6265556398344572,19.73500956158256
sugar_box_yalehand0_black10_2,326,0.5136823322002256,0.6310609509537314,0.48039590176247693,0.6021292272213693,0.023384735667074337,0.029310476555550167,0.0019588638589618022,0.04219409282700422,0.11737861875350575,0.12173332545889237,MODE_4_TRUSTED_FUSION,full,four_mode_relocalization_v2,0.4447934009580856,0,0,0,False,0,0,0.5136823322002256,0,0,restarted_se3,0,45.988029800355434,2.3507392033934593,0,327,cache_read_only_not_online_fps,178d419b5d7b38d165994fad2d41dc67b8cffa4444c416451632d3659ff5f2cf,cached_perception_v2,0,0,0,,,0,0.0,0,20.05817834287882,0.7736431434750557,69.17059049010277,45.36602438965897,45.332886373001266,4.569915574088423,45.36000227752328,0.5488179927470934,20.02797612888007
sugar_box_yalehand0_black10_2,327,0.5686394539659531,0.5092198317065665,0.5499898348902643,0.4783769305639316,0.026772432615059568,0.02328645608636975,0.0375,0.0019588638589618022,-0.05941962225938657,-0.07161290432633272,MODE_4_TRUSTED_FUSION,full,four_mode_relocalization_v2,0.5341545090354458,0,0,0,False,0,0,0.5092198317065665,0,0,restarted_se3,0,46.17186635732651,2.901642583310604,0,328,cache_read_only_not_online_fps,178d419b5d7b38d165994fad2d41dc67b8cffa4444c416451632d3659ff5f2cf,cached_perception_v2,0,0,0,,,0,0.0,0,21.862033754587173,0.7784543558955193,71.7139970511198,45.674582762315474,45.752317695257375,4.627290101168827,45.668571133051444,0.5333511692153774,20.25460940553044
sugar_box_yalehand0_black10_2,328,0.5362556009700812,0.5269872704072683,0.5459203014358368,0.4779923964933046,0.026574335662585654,0.023267737717700063,0.02702702702702703,0.0019588638589618022,-0.009268330562812843,-0.0679279049425322,MODE_4_TRUSTED_FUSION,full,four_mode_relocalization_v2,0.532535242208129,0,0,0,False,0,0,0.5269872704072683,0,0,restarted_se3,0,45.11787183582783,2.461045980453491,0,329,cache_read_only_not_online_fps,178d419b5d7b38d165994fad2d41dc67b8cffa4444c416451632d3659ff5f2cf,cached_perception_v2,0,0,0,,,0,0.0,0,21.153082139790058,0.790061429142952,69.52206138521433,46.780100264172034,46.506207245891304,4.704404534245602,46.77427719485157,0.5201600304076089,20.6265298036345
sugar_box_yalehand0_black10_2,329,0.5897627107202297,0.519318111412162,0.5729329156810844,0.4987682254885973,0.027889257046145012,0.02427906455778512,0.04219409282700422,0.017080745341614908,-0.07044459930806768,-0.07416469019248711,MODE_4_TRUSTED_FUSION,full,four_mode_relocalization_v2,0.5339674877105215,0,0,0,False,0,0,0.519318111412162,0,0,restarted_se3,0,47.057379968464375,2.3096390068531036,0,330,cache_read_only_not_online_fps,178d419b5d7b38d165994fad2d41dc67b8cffa4444c416451632d3659ff5f2cf,cached_perception_v2,0,0,0,,,0,0.0,0,20.605577155947685,0.8561834692955017,70.82877960056067,47.09797755295107,47.145558449675065,4.769278417493754,47.092000205398094,0.5460339172338011,20.867252450281292
sugar_box_yalehand0_black10_2,330,0.6381161514213125,0.5885212314308533,0.5740020534530377,0.5613989371399659,0.027941300587934374,0.02732780546343122,0.04219409282700422,0.04219409282700422,-0.049594919990459174,-0.01260311631307176,MODE_4_TRUSTED_FUSION,full,four_mode_relocalization_v2,0.5054540009986505,0,0,0,False,0,0,0.5885212314308533,0,0,restarted_se3,0,46.63714859634638,2.379019744694233,0,331,cache_read_only_not_online_fps,178d419b5d7b38d165994fad2d41dc67b8cffa4444c416451632d3659ff5f2cf,cached_perception_v2,0,0,0,,,0,0.0,0,20.765374414622784,0.7810136303305626,70.56255638599396,47.508540521820876,47.67149951383616,4.879835786913449,47.502543496380746,0.6051188725536091,21.15474424688993
sugar_box_yalehand0_black10_2,331,0.6465193727096686,0.6932235013555038,0.5671179241986349,0.5905053819882261,0.027606194600723482,0.028744650437519646,0.04219409282700422,0.04219409282700422,0.046704128645835175,0.02338745778959117,MODE_4_TRUSTED_FUSION,full,four_mode_relocalization_v2,0.4900700598966066,0,0,0,False,0,0,0.6465193727096686,0,0,restarted_se3,0,45.70393078029156,2.534373663365841,0,332,cache_read_only_not_online_fps,178d419b5d7b38d165994fad2d41dc67b8cffa4444c416451632d3659ff5f2cf,cached_perception_v2,0,0,0,,,0,0.0,0,20.50650306046009,0.7906779646873474,69.53548546880484,47.96812327391425,48.106101138872084,5.059099338423262,47.961984359284095,0.6622285845277828,21.519974527710012
sugar_box_yalehand0_black10_2,332,0.5623119932272452,0.7197135504588543,0.5211368287658377,0.5981190886579888,0.025367924543810875,0.02911527083054513,0.017080745341614908,0.04219409282700422,0.1574015572316091,0.07698225989215113,MODE_4_TRUSTED_FUSION,full,four_mode_relocalization_v2,0.46621379853517486,0,0,0,False,0,0,0.5623119932272452,0,0,restarted_se3,0,47.23159223794937,2.4240845814347267,0,333,cache_read_only_not_online_fps,178d419b5d7b38d165994fad2d41dc67b8cffa4444c416451632d3659ff5f2cf,cached_perception_v2,0,0,0,,,0,0.0,0,20.854375325143337,0.8777836337685585,71.387835778296,48.21400585846038,48.27487791722065,5.079345834142999,48.207544679385094,0.6280489386921477,21.681452950337636
sugar_box_yalehand0_black10_2,333,0.5214774340623947,0.5799076655212797,0.5257970521103323,0.5405381851092242,0.025594775128215775,0.026312344735590805,0.017080745341614908,0.02702702702702703,0.05843023145888504,0.014741132998891904,MODE_4_TRUSTED_FUSION,full,four_mode_relocalization_v2,0.4932152007530285,0,0,0,False,0,0,0.5214774340623947,0,0,restarted_se3,0,46.41715995967388,2.9331231489777565,0,334,cache_read_only_not_online_fps,178d419b5d7b38d165994fad2d41dc67b8cffa4444c416451632d3659ff5f2cf,cached_perception_v2,0,0,0,,,0,0.0,0,20.30170988291502,0.8167233318090439,70.4687163233757,48.72772313967588,48.642922913092264,5.113629585759447,48.721146378631005,0.5470447649773189,22.03145898175848
sugar_box_yalehand0_black10_2,334,0.5695880704753795,0.5242060266807407,0.5390120036341105,0.5041068926107759,0.026238053197622672,0.02453894046223939,0.02702702702702703,0.017080745341614908,-0.04538204379463884,-0.0349051110233346,MODE_4_TRUSTED_FUSION,full,four_mode_relocalization_v2,0.5164163722169859,0,0,0,False,0,0,0.5242060266807407,0,0,restarted_se3,0,46.49887699633837,2.5110431015491486,0,335,cache_read_only_not_online_fps,178d419b5d7b38d165994fad2d41dc67b8cffa4444c416451632d3659ff5f2cf,cached_perception_v2,0,0,0,,,0,0.0,0,20.450640469789505,0.81595778465271,70.27651835232973,49.13627863854935,49.09126306783884,5.249027439085411,49.129422002129516,0.5444790533207021,22.301167870585118
sugar_box_yalehand0_black10_2,335,0.5563779203823042,0.49232813598061953,0.5392166081738705,0.5042994148188222,0.026248012947614332,0.02454831206788525,0.02702702702702703,0.017080745341614908,-0.06404978440168463,-0.03491719335504828,MODE_4_TRUSTED_FUSION,full,four_mode_relocalization_v2,0.5164159225625923,0,0,0,False,0,0,0.49232813598061953,0,0,restarted_se3,0,44.28299143910408,2.364659681916237,0,336,cache_read_only_not_online_fps,178d419b5d7b38d165994fad2d41dc67b8cffa4444c416451632d3659ff5f2cf,cached_perception_v2,0,0,0,,,0,0.0,0,21.125229075551033,0.9247167035937309,68.69759690016508,49.4994978362993,49.492324703359884,5.2937484233240575,49.49263220886756,0.5192711186781391,22.651973664808754
sugar_box_yalehand0_black10_2,336,0.6973856591811856,0.6579426560917121,0.5063936737569001,0.5151155176764995,0.024650256508929987,0.025074818862274452,0.017080745341614908,0.017080745341614908,-0.03944300308947346,0.008721843919599404,MODE_4_TRUSTED_FUSION,full,four_mode_relocalization_v2,0.49581288192589273,0,0,0,False,0,0,0.6579426560917121,0,0,restarted_se3,0,47.19720967113972,2.524848096072674,0,337,cache_read_only_not_online_fps,178d419b5d7b38d165994fad2d41dc67b8cffa4444c416451632d3659ff5f2cf,cached_perception_v2,0,0,0,,,0,0.0,0,20.71597520262003,0.859435647726059,71.29746861755848,49.94991718308203,49.908600759566355,5.441222489094985,49.94288006818584,0.6758504608172242,22.860513989468696
sugar_box_yalehand0_black10_2,337,0.5488784893570344,0.5747876869056964,0.49715354355471897,0.5074831971252798,0.024200464990071044,0.024703292381798976,0.017080745341614908,0.017080745341614908,0.025909197548661944,0.010329653570560815,MODE_4_TRUSTED_FUSION,full,four_mode_relocalization_v2,0.49495935819961645,0,0,0,False,0,0,0.5488784893570344,0,0,restarted_se3,0,44.92987971752882,2.4496130645275116,0,338,cache_read_only_not_online_fps,178d419b5d7b38d165994fad2d41dc67b8cffa4444c416451632d3659ff5f2cf,cached_perception_v2,0,0,0,,,0,0.0,0,20.0505368411541,0.7737269625067711,68.2037565857172,50.3310469003994,50.346365794006246,5.4326339852203835,50.323743615095054,0.5614475293667381,23.16242151926162
sugar_box_yalehand0_black10_2,338,0.638518293722011,0.5343800254296139,0.5732535676873621,0.5017368789918945,0.02790486576050001,0.024423572821088462,0.04219409282700422,0.017080745341614908,-0.10413826829239703,-0.07151668869546768,MODE_4_TRUSTED_FUSION,full,four_mode_relocalization_v2,0.5326563071451236,0,0,0,False,0,0,0.5343800254296139,0,0,restarted_se3,0,43.26976928859949,2.607709728181362,0,339,cache_read_only_not_online_fps,178d419b5d7b38d165994fad2d41dc67b8cffa4444c416451632d3659ff5f2cf,cached_perception_v2,0,0,0,,,0,0.0,0,19.782970659434795,0.7995963096618652,66.46004598587751,50.642440806597065,50.66642580469174,5.485385919745188,50.63518876611628,0.5811171566953083,23.397478430482536
sugar_box_yalehand0_black10_2,339,0.5796233606979035,0.662249903879399,0.5462856045022553,0.5757205096624788,0.02659211790347328,0.028024951685010326,0.02702702702702703,0.04219409282700422,0.08262654318149543,0.029434905160223512,MODE_4_TRUSTED_FUSION,full,four_mode_relocalization_v2,0.4871126324127641,0,0,0,False,0,0,0.5796233606979035,0,0,restarted_se3,0,45.6632049754262,2.7351323515176773,0,340,cache_read_only_not_online_fps,178d419b5d7b38d165994fad2d41dc67b8cffa4444c416451632d3659ff5f2cf,cached_perception_v2,0,0,0,,,0,0.0,0,19.76810861378908,0.8287932723760605,68.99523921310902,50.998549316481046,51.03690954687943,5.59615972569213,50.99101419459797,0.6188310813553253,23.6579339674899
sugar_box_yalehand0_black10_2,340,0.5109568337311897,0.6143048703047274,0.5336383319986812,0.574492680523014,0.02597647334172644,0.027965183356918073,0.017080745341614908,0.04219409282700422,0.10334803657353764,0.040854348524332895,MODE_4_TRUSTED_FUSION,full,four_mode_relocalization_v2,0.48189290602293977,0,0,0,False,0,0,0.5109568337311897,0,0,restarted_se3,0,44.42553408443928,2.4786964058876038,0,341,cache_read_only_not_online_fps,178d419b5d7b38d165994fad2d41dc67b8cffa4444c416451632d3659ff5f2cf,cached_perception_v2,0,0,0,,,0,0.0,0,20.398846827447414,0.8186018094420433,68.12167912721634,51.352013875324744,51.35577880973816,5.636486587864535,51.344232495510546,0.5588661816237269,23.963829956107205
sugar_box_yalehand0_black10_2,341,0.6102388547519004,0.5625951826112591,0.5342751014964285,0.5313298635144947,0.026007470039098434,0.025864101597711932,0.017080745341614908,0.017080745341614908,-0.04764367214064136,-0.0029452379819338015,MODE_4_TRUSTED_FUSION,full,four_mode_relocalization_v2,0.5013564961827087,0,0,0,False,0,0,0.5625951826112591,0,0,restarted_se3,0,47.39341698586941,2.7632657438516617,0,342,cache_read_only_not_online_fps,178d419b5d7b38d165994fad2d41dc67b8cffa4444c416451632d3659ff5f2cf,cached_perception_v2,0,0,0,,,0,0.0,0,20.533597096800804,0.8143968880176544,71.50467671453953,51.89229665260498,51.81060529079006,5.730052950627429,51.884633075119716,0.5845252069009065,24.288072087535646
sugar_box_yalehand0_black10_2,342,0.6898189727156225,0.753007106659715,0.4784332742062287,0.5198290421721027,0.023289198784999784,0.02530426404277155,0.0019588638589618022,0.017080745341614908,0.0631881339440925,0.041395767965873964,MODE_4_TRUSTED_FUSION,full,four_mode_relocalization_v2,0.4796733281296774,0,0,0,False,0,0,0.6898189727156225,0,0,restarted_se3,0,44.79708056896925,2.6412131264805794,0,343,cache_read_only_not_online_fps,178d419b5d7b38d165994fad2d41dc67b8cffa4444c416451632d3659ff5f2cf,cached_perception_v2,0,0,0,,,0,0.0,0,20.12187335640192,0.8323481306433678,68.39251518249512,52.32410035216428,52.22639495448663,5.823611657501507,52.3162068981822,0.718672503107617,24.472719608561352
sugar_box_yalehand0_black10_2,343,0.49441477326558914,0.43943676990661873,0.4684153351979899,0.46429059458361066,0.02280154505028419,0.022600760720924536,0.0019588638589618022,0.0019588638589618022,-0.054978003358970406,-0.00412474061437923,MODE_4_TRUSTED_FUSION,full,four_mode_relocalization_v2,0.5021647501529275,0,0,0,False,0,0,0.43943676990661873,0,0,restarted_se3,0,43.62895153462887,2.4494724348187447,0,344,cache_read_only_not_online_fps,178d419b5d7b38d165994fad2d41dc67b8cffa4444c416451632d3659ff5f2cf,cached_perception_v2,0,0,0,,,0,0.0,0,20.681165158748627,0.8345311507582664,67.5941202789545,52.694664453338866,52.704939689555566,5.841250926458905,52.686473189022664,0.46360637559351325,24.817358314322803
sugar_box_yalehand0_black10_2,344,0.4983915549722046,0.4993580069986904,0.44276817583972805,0.4435185729047626,0.02155309134781938,0.02158961921357927,0.0019588638589618022,0.0019588638589618022,0.0009664520264857646,0.0007503970650345471,MODE_4_TRUSTED_FUSION,full,four_mode_relocalization_v2,0.49958600461384095,0,0,0,False,0,0,0.4983915549722046,0,0,restarted_se3,0,43.87714248150587,2.408335916697979,0,345,cache_read_only_not_online_fps,178d419b5d7b38d165994fad2d41dc67b8cffa4444c416451632d3659ff5f2cf,cached_perception_v2,0,0,0,,,0,0.0,0,20.36678697913885,0.7909517735242844,67.44321715086699,53.1033262011683,53.15242080231572,5.918352394105214,53.095171281407026,0.4974454312517076,25.105565933102586
sugar_box_yalehand0_black10_2,345,0.4385525506149044,0.41241845453277703,0.46169613415258165,0.4057991761934562,0.022474467446656984,0.019753512539106573,0.0019588638589618022,0.0,-0.026134096082127356,-0.05589695795912547,MODE_4_TRUSTED_FUSION,full,four_mode_relocalization_v2,0.5314914103249352,0,0,0,False,0,0,0.41241845453277703,0,0,restarted_se3,0,44.61674112826586,2.444794401526451,0,346,cache_read_only_not_online_fps,178d419b5d7b38d165994fad2d41dc67b8cffa4444c416451632d3659ff5f2cf,cached_perception_v2,0,0,0,,,0,0.0,0,20.889610052108765,0.9199157357215881,68.87106131762266,53.48488055656596,53.46386004506321,5.888902866444833,53.47652341321623,0.4230765959610332,25.359395470391604
sugar_box_yalehand0_black10_2,346,0.45695395724265786,0.4509450382849929,0.43348563811326796,0.44434874955797204,0.02110123551337839,0.021630030594111567,0.0019588638589618022,0.0019588638589618022,-0.006008918957664977,0.010863111444704088,MODE_4_TRUSTED_FUSION,full,four_mode_relocalization_v2,0.49395038127639534,0,0,0,False,0,0,0.4509450382849929,0,0,restarted_se3,0,43.77824906259775,2.682783640921116,0,347,cache_read_only_not_online_fps,178d419b5d7b38d165994fad2d41dc67b8cffa4444c416451632d3659ff5f2cf,cached_perception_v2,0,0,0,,,0,0.0,0,22.035570815205574,0.947331078350544,69.44393459707499,53.911564339328585,53.92129369655378,6.035623029966966,53.90295811102127,0.4529709173340774,25.613272481773492
sugar_box_yalehand0_black10_2,347,0.4589430914868953,0.47680729385369336,0.41744824828053917,0.4437556225781796,0.02032056665119144,0.021601158329405373,0.0019588638589618022,0.0019588638589618022,0.017864202366798032,0.026307374297640407,MODE_4_TRUSTED_FUSION,full,four_mode_relocalization_v2,0.4850730488326133,0,0,0,False,0,0,0.4589430914868953,0,0,restarted_se3,0,45.89996486902237,2.6181992143392563,0,348,cache_read_only_not_online_fps,178d419b5d7b38d165994fad2d41dc67b8cffa4444c416451632d3659ff5f2cf,cached_perception_v2,0,0,0,,,0,0.0,0,19.83073353767395,0.7932484149932861,69.14214603602886,54.387211563324044,54.37860010464994,6.132107058380642,54.378641118822756,0.46662364099464204,25.907049878542903
sugar_box_yalehand0_black10_2,348,0.4369123541594121,0.4234711762265393,0.39589310677187894,0.402648228605707,0.019271304397710298,0.019600130555267853,0.0,0.0,-0.013441177932872805,0.006755121833828037,MODE_4_TRUSTED_FUSION,full,four_mode_relocalization_v2,0.49587368313494395,0,0,0,False,0,0,0.4234711762265393,0,0,restarted_se3,0,44.158050790429115,2.534368075430393,0,349,cache_read_only_not_online_fps,178d419b5d7b38d165994fad2d41dc67b8cffa4444c416451632d3659ff5f2cf,cached_perception_v2,0,0,0,,,0,0.0,0,20.972332917153835,0.9759301319718361,68.64068191498518,54.872615419730344,54.8171924088767,6.166776100825547,54.86369617332829,0.42820138377611544,26.20747886501129
sugar_box_yalehand0_black10_2,349,0.47626985143345657,0.4413161079143004,0.36101309061867587,0.3719208749869547,0.017573413231666953,0.018104382903202085,0.0,0.0,-0.034953743519156144,0.010907784368278828,MODE_4_TRUSTED_FUSION,full,four_mode_relocalization_v2,0.49275648007225636,0,0,0,False,0,0,0.4413161079143004,0,0,restarted_se3,0,46.57641798257828,2.551581710577011,0,350,cache_read_only_not_online_fps,178d419b5d7b38d165994fad2d41dc67b8cffa4444c416451632d3659ff5f2cf,cached_perception_v2,0,0,0,,,0,0.0,0,20.810969173908234,0.8911518380045891,70.83012070506811,55.214946600463655,55.219185707301676,6.1411658477804085,55.20590339441643,0.4585117333050405,26.548745692155617
sugar_box_yalehand0_black10_2,350,0.38932360543169986,0.35881596299113183,0.35295426005124547,0.33037483109000904,0.017181125075349007,0.01608200250616218,0.0,0.0,-0.030507642440568028,-0.022579428961236436,MODE_4_TRUSTED_FUSION,full,four_mode_relocalization_v2,0.5160518235671142,0,0,0,False,0,0,0.35881596299113183,0,0,restarted_se3,0,45.7721808925271,2.600311301648617,0,351,cache_read_only_not_online_fps,178d419b5d7b38d165994fad2d41dc67b8cffa4444c416451632d3659ff5f2cf,cached_perception_v2,0,0,0,,,0,0.0,0,20.119394175708294,0.8121011778712273,69.30398754775524,55.58094358441713,55.60746502941374,6.21984188893496,55.57179927903584,0.3729824531582222,26.828825683481732
sugar_box_yalehand0_black10_2,351,0.3788694981293923,0.3759412391840948,0.32561732328100124,0.29280310867068293,0.015850416303741375,0.014253084328240165,0.0,0.0,-0.002928258945297524,-0.032814214610318304,MODE_4_TRUSTED_FUSION,full,four_mode_relocalization_v2,0.5256995335424993,0,0,0,False,0,0,0.3759412391840948,0,0,restarted_se3,0,45.1247226446867,2.686520107090473,0,352,cache_read_only_not_online_fps,178d419b5d7b38d165994fad2d41dc67b8cffa4444c416451632d3659ff5f2cf,cached_perception_v2,0,0,0,,,0,0.0,0,20.708125084638596,1.008821651339531,69.5281894877553,55.71303386278936,55.84960149099205,6.263486917996497,55.703796457590414,0.37308025431540087,27.11446024789167
sugar_box_yalehand0_black10_2,352,0.40493696777618793,0.38399935917240524,0.3221895293796163,0.29910589329944565,0.015683557981239014,0.014559891592767974,0.0,0.0,-0.020937608603782687,-0.023083636080170666,MODE_4_TRUSTED_FUSION,full,four_mode_relocalization_v2,0.5179976616578184,0,0,0,False,0,0,0.38399935917240524,0,0,restarted_se3,0,46.44864611327648,2.833669073879719,0,353,cache_read_only_not_online_fps,178d419b5d7b38d165994fad2d41dc67b8cffa4444c416451632d3659ff5f2cf,cached_perception_v2,0,0,0,,,0,0.0,0,20.813940092921257,0.8588200435042381,70.9550753235817,56.175611248937976,56.15945978658491,6.390779779769264,56.16628645799803,0.3929062165446787,27.41539808365469
sugar_box_yalehand0_black10_2,353,0.32661666884905355,0.3642118791146958,0.2892129828071552,0.3197840203442512,0.014078324002387859,0.015566462492434064,0.0,0.0,0.037595210265642276,0.030571037537096002,MODE_4_TRUSTED_FUSION,full,four_mode_relocalization_v2,0.4756985825179383,0,0,0,False,0,0,0.32661666884905355,0,0,restarted_se3,0,45.48183083534241,2.4147816002368927,0,354,cache_read_only_not_online_fps,178d419b5d7b38d165994fad2d41dc67b8cffa4444c416451632d3659ff5f2cf,cached_perception_v2,0,0,0,,,0,0.0,0,19.96330078691244,0.8298782631754875,68.68979148566723,57.18234975306722,56.778182580726465,6.371805686346785,57.17342598787742,0.34105660658064957,27.763959298658726
sugar_box_yalehand0_black10_2,354,0.3418074237481928,0.41470434637269443,0.28469617897920535,0.3300572565174412,0.013858454800362775,0.016066543595278808,0.0,0.0,0.07289692262450165,0.04536107753823587,MODE_4_TRUSTED_FUSION,full,four_mode_relocalization_v2,0.464268742001574,0,0,0,False,0,0,0.3418074237481928,0,0,restarted_se3,0,43.522980995476246,2.6293545961380005,0,355,cache_read_only_not_online_fps,178d419b5d7b38d165994fad2d41dc67b8cffa4444c416451632d3659ff5f2cf,cached_perception_v2,0,0,0,,,0,0.0,0,20.304634235799313,0.8487952873110771,67.30576511472464,57.58991441840444,57.53140621039048,6.489571755404447,57.58089463209009,0.37257018061642916,28.008489133568947
sugar_box_yalehand0_black10_2,355,0.34244651894458017,0.3588895307420759,0.30690798220309695,0.30380505581516326,0.014939682065570777,0.014788637660091863,0.0,0.0,0.016443011797495743,-0.003102926387933691,MODE_4_TRUSTED_FUSION,full,four_mode_relocalization_v2,0.5024598559098153,0,0,0,False,0,0,0.34244651894458017,0,0,restarted_se3,0,44.825281016528606,2.867376431822777,0,356,cache_read_only_not_online_fps,178d419b5d7b38d165994fad2d41dc67b8cffa4444c416451632d3659ff5f2cf,cached_perception_v2,0,0,0,,,0,0.0,0,20.40229830890894,0.9469389915466309,69.04189474880695,57.96636996228758,58.11360509413554,6.578139115043857,57.957267554037,0.3499456697125826,28.246488216825828
sugar_box_yalehand0_black10_2,356,0.3329833918028785,0.34491696347087314,0.30428092143135677,0.3020603727245475,0.014811801870292051,0.014703709889585954,0.0,0.0,0.011933571667994636,-0.0022205487068092666,MODE_4_TRUSTED_FUSION,full,four_mode_relocalization_v2,0.5017726347660039,0,0,0,False,0,0,0.3329833918028785,0,0,restarted_se3,0,46.02673649787903,2.1880734711885452,0,357,cache_read_only_not_online_fps,178d419b5d7b38d165994fad2d41dc67b8cffa4444c416451632d3659ff5f2cf,cached_perception_v2,0,0,0,,,0,0.0,0,21.48400153964758,1.0111257433891296,70.70993725210428,58.67852825954933,58.70289774187691,6.674980264335961,58.66951517173094,0.33867068812805434,28.564954085454534
sugar_box_yalehand0_black10_2,357,0.37134340321496556,0.36052698025610275,0.3142239183087199,0.303819323404787,0.015295807568222932,0.014789332178531206,0.0,0.0,-0.010816422958862815,-0.010404594903932862,MODE_4_TRUSTED_FUSION,full,four_mode_relocalization_v2,0.5081535186204549,0,0,0,False,0,0,0.36052698025610275,0,0,restarted_se3,0,46.48469388484955,2.4758772924542427,0,358,cache_read_only_not_online_fps,178d419b5d7b38d165994fad2d41dc67b8cffa4444c416451632d3659ff5f2cf,cached_perception_v2,0,0,0,,,0,0.0,0,19.92578897625208,0.8220970630645752,69.70845721662045,59.13495976618357,59.22299390691532,6.797946469263656,59.12570184788334,0.3657884180900186,28.914064506714748
sugar_box_yalehand0_black10_2,358,0.36460273862651715,0.3673549896472862,0.3046720659243617,0.3236097412429492,0.014830842021431964,0.015752691125159347,0.0,0.0,0.0027522510207690365,0.018937675318587532,MODE_4_TRUSTED_FUSION,full,four_mode_relocalization_v2,0.4853939481956648,0,0,0,False,0,0,0.36460273862651715,0,0,restarted_se3,0,44.734302908182144,2.6128673925995827,0,359,cache_read_only_not_online_fps,178d419b5d7b38d165994fad2d41dc67b8cffa4444c416451632d3659ff5f2cf,cached_perception_v2,0,0,0,,,0,0.0,0,21.873938851058483,1.0798480361700058,70.30095718801022,59.51520352402666,59.57525565331119,6.8484925310371025,59.50591285436385,0.36529602402471434,29.10026912599559
sugar_box_yalehand0_black10_2,359,0.352204890303415,0.3672357892677674,0.30886696371162287,0.31850641261615875,0.015035041465152447,0.015504271039721743,0.0,0.0,0.01503089896435239,0.009639448904535886,MODE_4_TRUSTED_FUSION,full,four_mode_relocalization_v2,0.4925549541755829,0,0,0,False,0,0,0.352204890303415,0,0,restarted_se3,0,46.43683973699808,2.324637956917286,0,360,cache_read_only_not_online_fps,178d419b5d7b38d165994fad2d41dc67b8cffa4444c416451632d3659ff5f2cf,cached_perception_v2,0,0,0,,,0,0.0,0,19.743562676012516,0.8214041590690613,69.32644452899694,60.157559831928644,60.06906490976045,6.934686640104173,60.148136809892115,0.35937238097650576,29.400692362228437
sugar_box_yalehand0_black10_2,360,0.3563108592063995,0.36919721287696894,0.3076653031184012,0.3057061317213155,0.014976546970859442,0.014881178327872986,0.0,0.0,0.01288635367056945,-0.0019591713970856794,MODE_4_TRUSTED_FUSION,full,four_mode_relocalization_v2,0.5015466212157021,0,0,0,False,0,0,0.3563108592063995,0,0,restarted_se3,0,43.923286721110344,2.7364352717995644,0,361,cache_read_only_not_online_fps,178d419b5d7b38d165994fad2d41dc67b8cffa4444c416451632d3659ff5f2cf,cached_perception_v2,0,0,0,,,0,0.0,0,21.09094988554716,0.9524691849946976,68.70314106345177,60.569377041540506,60.5570276699994,7.04488226494653,60.55970080370232,0.36262895043925825,29.655242056831195
sugar_box_yalehand0_black10_2,361,0.32179880821666734,0.3164399366441923,0.30288210946496724,0.29955849550810987,0.014743710431622509,0.014581923385656123,0.0,0.0,-0.005358871572475055,-0.003323613956857374,MODE_4_TRUSTED_FUSION,full,four_mode_relocalization_v2,0.5026698241810569,0,0,0,False,0,0,0.3164399366441923,0,0,restarted_se3,0,50.23018643260002,2.362963743507862,0,362,cache_read_only_not_online_fps,178d419b5d7b38d165994fad2d41dc67b8cffa4444c416451632d3659ff5f2cf,cached_perception_v2,0,0,0,,,0,0.0,0,20.488619804382324,0.8263420313596725,73.90811201184988,60.95752830996669,60.977009597867095,7.0872360702149875,60.94782943688335,0.3175520434010773,29.934954490114702
sugar_box_yalehand0_black10_2,362,0.3375553085093526,0.32749415917445984,0.2909589154785331,0.2984130215471578,0.014163312600048435,0.014526163947051205,0.0,0.0,-0.010061149334892772,0.007454106068624733,MODE_4_TRUSTED_FUSION,full,four_mode_relocalization_v2,0.49388377966254254,0,0,0,False,0,0,0.32749415917445984,0,0,restarted_se3,0,47.480189241468906,2.5312472134828568,0,363,cache_read_only_not_online_fps,178d419b5d7b38d165994fad2d41dc67b8cffa4444c416451632d3659ff5f2cf,cached_perception_v2,0,0,0,,,0,0.0,0,21.57245110720396,1.0158400982618332,72.59972766041756,61.59769027205719,61.540201806403374,7.204090586055653,61.587803063034805,0.33199366470523994,30.209132013335076
sugar_box_yalehand0_black10_2,363,0.32900264579714034,0.29666110647824045,0.3126870887704533,0.2882068359590861,0.01522099770330555,0.01402934673593318,0.0,0.0,-0.03234153931889988,-0.02448025281136723,MODE_4_TRUSTED_FUSION,full,four_mode_relocalization_v2,0.5197137158509247,0,0,0,False,0,0,0.29666110647824045,0,0,restarted_se3,0,46.788319014012814,2.816462889313698,0,364,cache_read_only_not_online_fps,178d419b5d7b38d165994fad2d41dc67b8cffa4444c416451632d3659ff5f2cf,cached_perception_v2,0,0,0,,,0,0.0,0,20.685418508946896,0.8024135604500771,71.09261397272348,61.956974172913114,61.982789986214456,7.252067439743199,61.94689873124187,0.31206719763495744,30.478484161212364
sugar_box_yalehand0_black10_2,364,0.34862755970563136,0.3376758187294311,0.3073889209291953,0.2989245652706206,0.014963093224867946,0.01455106489793659,0.0,0.0,-0.010951740976200275,-0.008464355658574674,MODE_4_TRUSTED_FUSION,full,four_mode_relocalization_v2,0.5067572835689141,0,0,0,False,0,0,0.3376758187294311,0,0,restarted_se3,0,44.85443979501724,2.3284396156668663,0,365,cache_read_only_not_online_fps,178d419b5d7b38d165994fad2d41dc67b8cffa4444c416451632d3659ff5f2cf,cached_perception_v2,0,0,0,,,0,0.0,0,21.16375882178545,0.9683491662144661,69.31498739868402,62.35633931783384,62.41082332793611,7.361611251345501,62.346229446290835,0.3421767406129708,30.726220002449132
sugar_box_yalehand0_black10_2,365,0.31370262482256805,0.32073670062801063,0.2768375604855266,0.3014375170275815,0.013475912577357045,0.014673390488902384,0.0,0.0,0.0070340758054425745,0.02459995654205488,MODE_4_TRUSTED_FUSION,full,four_mode_relocalization_v2,0.47944093154915357,0,0,0,False,0,0,0.31370262482256805,0,0,restarted_se3,0,46.164337545633316,2.7848491445183754,0,366,cache_read_only_not_online_fps,178d419b5d7b38d165994fad2d41dc67b8cffa4444c416451632d3659ff5f2cf,cached_perception_v2,0,0,0,,,0,0.0,0,20.308236591517925,0.7916400209069252,70.04906330257654,63.05314850150418,62.90613928819082,7.3881579152830055,63.0428717050043,0.3167390667068906,30.99132757830867
sugar_box_yalehand0_black10_2,366,0.31129958086493603,0.29813049651817847,0.28230800589108695,0.2832235361873343,0.01374220319166258,0.013786769421087924,0.0,0.0,-0.013169084346757565,0.0009155302962473577,MODE_4_TRUSTED_FUSION,full,four_mode_relocalization_v2,0.4992182058262843,0,0,0,False,0,0,0.29813049651817847,0,0,restarted_se3,0,45.08511256426573,2.5733783841133118,0,367,cache_read_only_not_online_fps,178d419b5d7b38d165994fad2d41dc67b8cffa4444c416451632d3659ff5f2cf,cached_perception_v2,0,0,0,,,0,0.0,0,21.71685639768839,1.0676803067326546,70.44302765280008,63.480789559317984,63.475262720558675,7.503257525383853,63.470428581472845,0.2984872437393746,31.32563248026137
sugar_box_yalehand0_black10_2,367,0.29798862029165724,0.30817109523688707,0.26493913805077723,0.2698682622282826,0.012896720576611434,0.013136660729177806,0.0,0.0,0.010182474945229836,0.004929124177505351,MODE_4_TRUSTED_FUSION,full,four_mode_relocalization_v2,0.49555780602869925,0,0,0,False,0,0,0.29798862029165724,0,0,restarted_se3,0,46.36944364756346,2.5434382259845734,0,368,cache_read_only_not_online_fps,178d419b5d7b38d165994fad2d41dc67b8cffa4444c416451632d3659ff5f2cf,cached_perception_v2,0,0,0,,,0,0.0,0,20.181640051305294,0.7863659411668777,69.8808878660202,63.82320002397592,63.87144530668738,7.495127310417335,63.81275649903589,0.3005384001090916,31.525488554372057
sugar_box_yalehand0_black10_2,368,0.29159146255537305,0.33595995170894566,0.257168567779806,0.2719619637112098,0.012518464369382315,0.013238578034392915,0.0,0.0,0.04436848915357261,0.014793395931403774,MODE_4_TRUSTED_FUSION,full,four_mode_relocalization_v2,0.4865301644299067,0,0,0,False,0,0,0.29159146255537305,0,0,restarted_se3,0,46.571158803999424,2.4966374039649963,0,369,cache_read_only_not_online_fps,178d419b5d7b38d165994fad2d41dc67b8cffa4444c416451632d3659ff5f2cf,cached_perception_v2,0,0,0,,,0,0.0,0,19.882680848240852,0.769822858273983,69.72029991447926,64.28134979267398,64.32462744709353,7.594201659661934,64.2708155372823,0.30755256467237047,31.786251166107338
sugar_box_yalehand0_black10_2,369,0.2746931012687194,0.27980782366975754,0.2798515034831746,0.2659549228860631,0.013622625444925337,0.012946167001488571,0.0,0.0,0.005114722401038163,-0.013896580597111519,MODE_4_TRUSTED_FUSION,full,four_mode_relocalization_v2,0.5122803311781783,0,0,0,False,0,0,0.2746931012687194,0,0,restarted_se3,0,43.94759517163038,2.261672168970108,0,370,cache_read_only_not_online_fps,178d419b5d7b38d165994fad2d41dc67b8cffa4444c416451632d3659ff5f2cf,cached_perception_v2,0,0,0,,,0,0.0,0,20.74505016207695,1.0191379114985466,67.97345541417599,65.17382480801565,64.9475569669318,7.634587559164545,65.16350794282675,0.2675689123440168,32.092649499895856
sugar_box_yalehand0_black10_2,370,0.28120340041025704,0.3125628172317061,0.2628504358582856,0.2723840733573427,0.012795046627105502,0.013259125508801267,0.0,0.0,0.03135941682144905,0.009533637499057113,MODE_4_TRUSTED_FUSION,full,four_mode_relocalization_v2,0.49141476498594694,0,0,0,False,0,0,0.28120340041025704,0,0,restarted_se3,0,47.998459078371525,2.503974363207817,0,371,cache_read_only_not_online_fps,178d419b5d7b38d165994fad2d41dc67b8cffa4444c416451632d3659ff5f2cf,cached_perception_v2,0,0,0,,,0,0.0,0,20.79117577522993,0.8491389453411102,72.14274816215038,65.58712845174348,65.59081206301293,7.743541181392935,65.5767142928046,0.29355158411023313,32.30941319654541
sugar_box_yalehand0_black10_2,371,0.2430415224993233,0.25272904860374185,0.26165634599312515,0.26499226068214543,0.012736920661090672,0.012899306482710815,0.0,0.0,0.009687526104418559,0.0033359146890202807,MODE_4_TRUSTED_FUSION,full,four_mode_relocalization_v2,0.4969487577135617,0,0,0,False,0,0,0.2430415224993233,0,0,restarted_se3,0,44.21345982700586,2.7998797595500946,0,372,cache_read_only_not_online_fps,178d419b5d7b38d165994fad2d41dc67b8cffa4444c416451632d3659ff5f2cf,cached_perception_v2,0,0,0,,,0,0.0,0,20.48288192600012,1.0187570005655289,68.5149785131216,66.02055807348907,66.12540761405926,7.776902038665913,66.0100151706435,0.24553642256974917,32.59438762477135
sugar_box_yalehand0_black10_2,372,0.2678901083070698,0.26493541870695886,0.26053837180216916,0.2550638263822823,0.012682499857661247,0.01241600966265383,0.0,0.0,-0.0029546896001109157,-0.005474545419886845,MODE_4_TRUSTED_FUSION,full,four_mode_relocalization_v2,0.5051106450257711,0,0,0,False,0,0,0.26493541870695886,0,0,restarted_se3,0,49.461981281638145,2.818930894136429,0,373,cache_read_only_not_online_fps,178d419b5d7b38d165994fad2d41dc67b8cffa4444c416451632d3659ff5f2cf,cached_perception_v2,0,0,0,,,0,0.0,0,20.155509002506733,0.7938984781503677,73.23031965643167,66.4420017947758,66.52743444269589,7.866111063100731,66.43138599354388,0.26482103280418234,32.803394070978335
sugar_box_yalehand0_black10_2,373,0.2609997522452587,0.19773504561474256,0.2704965147595076,0.2419095586272097,0.013167242837228617,0.011775685560766748,0.0,0.0,-0.06326470663051612,-0.02858695613229789,MODE_4_TRUSTED_FUSION,full,four_mode_relocalization_v2,0.526846947810392,0,0,0,False,0,0,0.19773504561474256,0,0,restarted_se3,0,46.49748746305704,2.2035595029592514,0,374,cache_read_only_not_online_fps,178d419b5d7b38d165994fad2d41dc67b8cffa4444c416451632d3659ff5f2cf,cached_perception_v2,0,0,0,,,0,0.0,0,21.48041408509016,1.0116947814822197,71.19315583258867,67.23253949096075,67.09802069058075,7.954559800791482,67.22169624860726,0.2237514847023856,33.17535776518425
sugar_box_yalehand0_black10_2,374,0.2772029762009491,0.23651820088195805,0.2864751590036195,0.2704114428668278,0.013945052078722778,0.013163101703393552,0.0,0.0,-0.040684775318991034,-0.016063716136791695,MODE_4_TRUSTED_FUSION,full,four_mode_relocalization_v2,0.5139227675635974,0,0,0,False,0,0,0.23651820088195805,0,0,restarted_se3,0,45.13665661215782,2.6856064796447754,0,375,cache_read_only_not_online_fps,178d419b5d7b38d165994fad2d41dc67b8cffa4444c416451632d3659ff5f2cf,cached_perception_v2,0,0,0,,,0,0.0,0,20.330268889665604,1.0762307792901993,69.2287627607584,67.64496004526653,67.64633055510302,8.029820741697826,67.63402873005941,0.24946090968758516,33.45600598135869
sugar_box_yalehand0_black10_2,375,0.26399307655343207,0.26265939483317535,0.2878821307151193,0.30125178063570274,0.014013540717871791,0.01466434920355439,0.0,0.0,-0.0013336817202567186,0.013369649920583426,MODE_4_TRUSTED_FUSION,full,four_mode_relocalization_v2,0.48902568903860993,0,0,0,False,0,0,0.26265939483317535,0,0,restarted_se3,0,46.57793045043945,2.9794154688715935,0,376,cache_read_only_not_online_fps,178d419b5d7b38d165994fad2d41dc67b8cffa4444c416451632d3659ff5f2cf,cached_perception_v2,0,0,0,,,0,0.0,0,20.313359797000885,0.8017504587769508,70.67245617508888,68.07232290093528,68.11497455526641,8.053538044131196,68.06128337537417,0.2602953255670566,33.723103470945034
sugar_box_yalehand0_black10_2,376,0.26434700850805193,0.3099220295456303,0.28652016886196485,0.2992830466874016,0.013947243070852305,0.014568515074222911,0.0,0.0,0.04557502103757838,0.012762877825436725,MODE_4_TRUSTED_FUSION,full,four_mode_relocalization_v2,0.48946615212840794,0,0,0,False,0,0,0.26434700850805193,0,0,restarted_se3,0,44.89933233708143,2.51145102083683,0,377,cache_read_only_not_online_fps,178d419b5d7b38d165994fad2d41dc67b8cffa4444c416451632d3659ff5f2cf,cached_perception_v2,0,0,0,,,0,0.0,0,20.729130133986473,1.1314647272229195,69.27137821912766,68.81407319601904,68.72292367462376,8.154488420019057,68.80316762493767,0.2836431999661057,34.01331017025671
sugar_box_yalehand0_black10_2,377,0.3292047693550715,0.37696982758815845,0.28856445715197493,0.2986808892163082,0.014046755038197975,0.01453920322281075,0.0,0.0,0.047765058233086966,0.01011643206433327,MODE_4_TRUSTED_FUSION,full,four_mode_relocalization_v2,0.4916702267667953,0,0,0,False,0,0,0.3292047693550715,0,0,restarted_se3,0,45.72198446840048,2.62310728430748,0,378,cache_read_only_not_online_fps,178d419b5d7b38d165994fad2d41dc67b8cffa4444c416451632d3659ff5f2cf,cached_perception_v2,0,0,0,,,0,0.0,0,20.017527975142002,0.7962733507156372,69.1588930785656,69.26149522160546,69.28607654851734,8.258752978602033,69.25059845786694,0.3507461364632652,34.180578016712786
sugar_box_yalehand0_black10_2,378,0.3021088429741866,0.33445359977465305,0.2845294145366098,0.28796463854791443,0.013850337032508268,0.0140175570382719,0.0,0.0,0.032344756800466445,0.0034352240113046384,MODE_4_TRUSTED_FUSION,full,four_mode_relocalization_v2,0.4971010476869592,0,0,0,False,0,0,0.3021088429741866,0,0,restarted_se3,0,43.61531883478165,2.5412170216441154,0,379,cache_read_only_not_online_fps,178d419b5d7b38d165994fad2d41dc67b8cffa4444c416451632d3659ff5f2cf,cached_perception_v2,0,0,0,,,0,0.0,0,21.37597929686308,1.0096048936247826,68.54212004691362,69.91385082425656,69.87410838162388,8.325882255244831,69.90267031695302,0.31830496756039584,34.47743613133501
sugar_box_yalehand0_black10_2,379,0.3188809505132885,0.3554909094042041,0.2807303603957688,0.2801523931711179,0.01366540648555203,0.01363727216816275,0.0,0.0,0.03660995889091556,-0.0005779672246509215,MODE_4_TRUSTED_FUSION,full,four_mode_relocalization_v2,0.5004974904325373,0,0,0,False,0,0,0.3188809505132885,0,0,restarted_se3,0,45.206062495708466,2.8542382642626762,0,380,cache_read_only_not_online_fps,178d419b5d7b38d165994fad2d41dc67b8cffa4444c416451632d3659ff5f2cf,cached_perception_v2,0,0,0,,,0,0.0,0,21.496853791177273,0.9685773402452469,70.52573189139366,70.37893541555705,70.40909307709867,8.40485021799874,70.36776213924266,0.33700049334675236,34.657024793573314
sugar_box_yalehand0_black10_2,380,0.2759301262845047,0.23843185832602368,0.28281317390978666,0.27920833590546357,0.013766793785673501,0.01359131730149775,0.0,0.0,-0.03749826795848102,-0.0036048380043230965,MODE_4_TRUSTED_FUSION,full,four_mode_relocalization_v2,0.5030968254124039,0,0,0,False,0,0,0.23843185832602368,0,0,restarted_se3,0,44.780791737139225,2.6822956278920174,0,381,cache_read_only_not_online_fps,178d419b5d7b38d165994fad2d41dc67b8cffa4444c416451632d3659ff5f2cf,cached_perception_v2,0,0,0,,,0,0.0,0,20.75330913066864,0.7931971922516823,69.00959368795156,71.03640925007369,70.97792480688844,8.38911537070216,71.02511140050913,0.25598572289454835,34.90684908434297
sugar_box_yalehand0_black10_2,381,0.25731210605488775,0.22887203775104753,0.28937343987147357,0.2747998607171915,0.014086134739367992,0.013376721326398092,0.0,0.0,-0.028440068303840216,-0.01457357915428209,MODE_4_TRUSTED_FUSION,full,four_mode_relocalization_v2,0.5124736778791469,0,0,0,False,0,0,0.22887203775104753,0,0,restarted_se3,0,46.42666224390268,2.6503829285502434,0,382,cache_read_only_not_online_fps,178d419b5d7b38d165994fad2d41dc67b8cffa4444c416451632d3659ff5f2cf,cached_perception_v2,0,0,0,,,0,0.0,0,21.152356639504433,0.9074630215764046,71.13686483353376,71.5628287338945,71.52755884437748,8.399987234816317,71.55163728695813,0.24152974271924388,35.141568380371034
sugar_box_yalehand0_black10_2,382,0.3002891580662811,0.2549739222612514,0.29314785483037276,0.2836806697830707,0.01426986589899672,0.01380902179306199,0.0,0.0,-0.04531523580502972,-0.00946718504730204,MODE_4_TRUSTED_FUSION,full,four_mode_relocalization_v2,0.5079312437801409,0,0,0,False,0,0,0.2549739222612514,0,0,restarted_se3,0,45.47734744846821,2.7092359960079193,0,383,cache_read_only_not_online_fps,178d419b5d7b38d165994fad2d41dc67b8cffa4444c416451632d3659ff5f2cf,cached_perception_v2,0,0,0,,,0,0.0,0,21.269471384584904,0.8851941674947739,70.3412489965558,72.16881064492372,72.15420787626081,8.491528677148732,72.1578165283551,0.2758768124531262,35.45644871848899
sugar_box_yalehand0_black10_2,383,0.28588766044629715,0.26911223356739045,0.30015857248858174,0.2931763756036934,0.01461113396284204,0.014271254234622976,0.0,0.0,-0.016775426878906707,-0.006982196884888325,MODE_4_TRUSTED_FUSION,full,four_mode_relocalization_v2,0.5056919933444245,0,0,0,False,0,0,0.26911223356739045,0,0,restarted_se3,0,47.712601721286774,3.1714877113699913,0,384,cache_read_only_not_online_fps,178d419b5d7b38d165994fad2d41dc67b8cffa4444c416451632d3659ff5f2cf,cached_perception_v2,0,0,0,,,0,0.0,0,20.800850354135036,0.85415318608284,72.53909297287464,73.00825808097606,72.91105207630362,8.564079605792482,72.99754716449542,0.27498579562739045,35.77933630150324
sugar_box_yalehand0_black10_2,384,0.31989392542756057,0.26539441172437545,0.32226355776095567,0.30832377112179526,0.015687161538478222,0.01500859990917158,0.0,0.0,-0.05449951370318512,-0.0139397866391604,MODE_4_TRUSTED_FUSION,full,four_mode_relocalization_v2,0.5107132325056953,0,0,0,False,0,0,0.26539441172437545,0,0,restarted_se3,0,47.37399332225323,2.687200903892517,0,385,cache_read_only_not_online_fps,178d419b5d7b38d165994fad2d41dc67b8cffa4444c416451632d3659ff5f2cf,cached_perception_v2,0,0,0,,,0,0.0,0,20.994597114622593,0.8397484198212624,71.8955397605896,73.53636395997115,73.49036957931733,8.475825658163254,73.52564350797961,0.29201906099915265,36.044349799183564
sugar_box_yalehand0_black10_2,385,0.37943226053724893,0.3629811371676468,0.3283886497143843,0.33140972999632434,0.015985319070093203,0.016132379366742253,0.0,0.0,-0.01645112336960214,0.003021080281940036,MODE_4_TRUSTED_FUSION,full,four_mode_relocalization_v2,0.4977779586035306,0,0,0,False,0,0,0.3629811371676468,0,0,restarted_se3,0,48.17551840096712,2.915501594543457,0,386,cache_read_only_not_online_fps,178d419b5d7b38d165994fad2d41dc67b8cffa4444c416451632d3659ff5f2cf,cached_perception_v2,0,0,0,,,0,0.0,0,20.450701005756855,0.826667994260788,72.36838899552822,74.21738524285381,74.1625505860182,8.462584864245555,74.2067416294632,0.3710680626665641,36.284703042163265
sugar_box_yalehand0_black10_2,386,0.34382258758147766,0.4271556892096659,0.3291563374596311,0.35035593565193746,0.016022688612446885,0.017054643710640843,0.0,0.0,0.08333310162818824,0.02119959819230638,MODE_4_TRUSTED_FUSION,full,four_mode_relocalization_v2,0.484846871879741,0,0,0,False,0,0,0.34382258758147766,0,0,restarted_se3,0,49.9020516872406,3.1936168670654297,0,387,cache_read_only_not_online_fps,178d419b5d7b38d165994fad2d41dc67b8cffa4444c416451632d3659ff5f2cf,cached_perception_v2,0,0,0,,,0,0.0,0,23.258909583091736,0.9939372539520264,77.34851539134979,75.02055055330986,75.02824291198688,8.594679362250604,75.0100657401122,0.38432080117478207,36.60054335152064
sugar_box_yalehand0_black10_2,387,0.3779387079471553,0.4377087729294661,0.3340730265982041,0.3386011271700601,0.016262023451567874,0.01648244255705628,0.0,0.0,0.0597700649823108,0.004528100571855986,MODE_4_TRUSTED_FUSION,full,four_mode_relocalization_v2,0.4967314353024273,0,0,0,False,0,0,0.3779387079471553,0,0,restarted_se3,0,44.73652970045805,2.8762267902493477,0,388,cache_read_only_not_online_fps,178d419b5d7b38d165994fad2d41dc67b8cffa4444c416451632d3659ff5f2cf,cached_perception_v2,0,0,0,,,0,0.0,0,22.50575553625822,0.8724667131900787,70.9909787401557,75.74830652917719,75.77408781566896,8.67289109045742,75.73793322294642,0.4071707714561208,36.82091651441146
sugar_box_yalehand0_black10_2,388,0.35239929065904774,0.38907387111362346,0.3382989683912386,0.3403505347286698,0.016467734056949797,0.016567600305450843,0.0,0.0,0.03667458045457572,0.0020515663374311988,MODE_4_TRUSTED_FUSION,full,four_mode_relocalization_v2,0.4985317628308117,0,0,0,False,0,0,0.35239929065904774,0,0,restarted_se3,0,45.98140437155962,3.0820155516266823,0,389,cache_read_only_not_online_fps,178d419b5d7b38d165994fad2d41dc67b8cffa4444c416451632d3659ff5f2cf,cached_perception_v2,0,0,0,,,0,0.0,0,20.281895995140076,0.8711200207471848,70.21643593907356,76.51726360969148,76.51989317301417,8.728278934835652,76.50684909606419,0.37027336688747237,37.09244749401658
sugar_box_yalehand0_black10_2,389,0.3400836950293054,0.33702633277223043,0.3470178972681838,0.3402972865401064,0.01689215451170254,0.016565008287472056,0.0,0.0,-0.0030573622570749803,-0.006720610728077392,MODE_4_TRUSTED_FUSION,full,four_mode_relocalization_v2,0.5047507892393124,0,0,0,False,0,0,0.33702633277223043,0,0,restarted_se3,0,46.816932037472725,2.794697880744934,0,390,cache_read_only_not_online_fps,178d419b5d7b38d165994fad2d41dc67b8cffa4444c416451632d3659ff5f2cf,cached_perception_v2,0,0,0,,,0,0.0,0,20.49112319946289,0.956658273935318,71.05941139161587,77.17853163409933,77.15793428641021,8.680969123707678,77.16807615454695,0.3377982420016068,37.24899759355068
sugar_box_yalehand0_black10_2,390,0.354175809311401,0.31333367561199105,0.3521254601398509,0.34724839994999024,0.017140780711923445,0.016903374932744478,0.0,0.0,-0.04084213369940998,-0.004877060189860671,MODE_4_TRUSTED_FUSION,full,four_mode_relocalization_v2,0.5033897952514229,0,0,0,False,0,0,0.31333367561199105,0,0,restarted_se3,0,45.54790165275335,3.0799778178334236,0,391,cache_read_only_not_online_fps,178d419b5d7b38d165994fad2d41dc67b8cffa4444c416451632d3659ff5f2cf,cached_perception_v2,0,0,0,,,0,0.0,0,20.3524986281991,0.8292384445667267,69.8096165433526,77.9013496544167,77.88512867639903,8.72351717743079,77.89091932631432,0.3315730968797445,37.55581044336196
sugar_box_yalehand0_black10_2,391,0.356403127441679,0.3098949684701904,0.3469177449607978,0.3457540050614052,0.016887279292688233,0.016830630703820838,0.0,0.0,-0.04650815897148863,-0.001163739899392613,MODE_4_TRUSTED_FUSION,full,four_mode_relocalization_v2,0.5008164627679969,0,0,0,False,0,0,0.3098949684701904,0,0,restarted_se3,0,45.811002142727375,3.1778141856193542,0,392,cache_read_only_not_online_fps,178d419b5d7b38d165994fad2d41dc67b8cffa4444c416451632d3659ff5f2cf,cached_perception_v2,0,0,0,,,0,0.0,0,20.07498312741518,0.8007213473320007,69.86452080309391,78.50535951230422,78.53845519724379,8.713511254479435,78.49491579558335,0.3308338180599532,37.78081407553861
sugar_box_yalehand0_black10_2,392,0.3566671209605682,0.36177078417144987,0.3604167427044147,0.36142621794410096,0.017544384178152038,0.017593523464219867,0.0,0.0,0.0051036632108816815,0.0010094752396862527,MODE_4_TRUSTED_FUSION,full,four_mode_relocalization_v2,0.4993196166215531,0,0,0,False,0,0,0.3566671209605682,0,0,restarted_se3,0,45.58463953435421,3.4872740507125854,0,393,cache_read_only_not_online_fps,178d419b5d7b38d165994fad2d41dc67b8cffa4444c416451632d3659ff5f2cf,cached_perception_v2,0,0,0,,,0,0.0,0,20.201816223561764,0.8869227021932602,70.16065251082182,79.13197634507792,79.16245302534874,8.74879547502769,79.12164665328628,0.35907188100607307,38.09720459030603
sugar_box_yalehand0_black10_2,393,0.3421542390300495,0.3673694628995117,0.35857095466997657,0.35892679082798007,0.01745453481614785,0.017471856226395462,0.0,0.0,0.025215223869462233,0.00035583615800349744,MODE_4_TRUSTED_FUSION,full,four_mode_relocalization_v2,0.4997587544096401,0,0,0,False,0,0,0.3421542390300495,0,0,restarted_se3,0,45.63667718321085,2.9485486447811127,0,394,cache_read_only_not_online_fps,178d419b5d7b38d165994fad2d41dc67b8cffa4444c416451632d3659ff5f2cf,cached_perception_v2,0,0,0,,,0,0.0,0,20.431842654943466,1.1586220934987068,70.17569057643414,79.96290824052127,79.92858429196876,8.851144137024388,79.95260415668005,0.35234980605472743,38.409540194217364
sugar_box_yalehand0_black10_2,394,0.3199502413575134,0.3727323479147166,0.3644822996783415,0.35905047255692973,0.017742287563309797,0.017477876811766244,0.0,0.0,0.05278210655720322,-0.00543182712141177,MODE_4_TRUSTED_FUSION,full,four_mode_relocalization_v2,0.503652715337,0,0,0,False,0,0,0.3199502413575134,0,0,restarted_se3,0,44.54139433801174,2.968098036944866,0,395,cache_read_only_not_online_fps,178d419b5d7b38d165994fad2d41dc67b8cffa4444c416451632d3659ff5f2cf,cached_perception_v2,0,0,0,,,0,0.0,0,20.763564854860306,1.0776789858937263,69.35073621571064,80.63018121508232,80.5820202183281,8.81875012060428,80.61966695422959,0.34497685195946415,38.537040799008764
sugar_box_yalehand0_black10_2,395,0.316993609498274,0.32505116006092066,0.37423860413645693,0.36725826199105377,0.018217205438344736,0.01787741599522684,0.0,0.0,0.008057550562646676,-0.006980342145403162,MODE_4_TRUSTED_FUSION,full,four_mode_relocalization_v2,0.5045833032648583,0,0,0,False,0,0,0.316993609498274,0,0,restarted_se3,0,46.52024153620005,3.634677268564701,0,396,cache_read_only_not_online_fps,178d419b5d7b38d165994fad2d41dc67b8cffa4444c416451632d3659ff5f2cf,cached_perception_v2,0,0,0,,,0,0.0,0,20.445920526981354,1.13778468221426,71.73862401396036,81.3782536864167,81.3557272222401,8.867265131279629,81.36758505980156,0.319175247606046,38.73103648340791
sugar_box_yalehand0_black10_2,396,0.32350840474210457,0.31154920794988433,0.36824165246471185,0.37441076658391265,0.0179252855257529,0.018225585970549064,0.0,0.0,-0.011959196792220239,0.0061691141192007914,MODE_4_TRUSTED_FUSION,full,four_mode_relocalization_v2,0.4959554877391613,0,0,0,False,0,0,0.31154920794988433,0,0,restarted_se3,0,46.66845314204693,3.4475838765501976,0,397,cache_read_only_not_online_fps,178d419b5d7b38d165994fad2d41dc67b8cffa4444c416451632d3659ff5f2cf,cached_perception_v2,0,0,0,,,0,0.0,0,20.805733278393745,0.8232798427343369,71.74505013972521,82.06812040699603,82.07954499027221,8.899007300087264,82.05726832395764,0.3156283071696592,38.96116826779469
sugar_box_yalehand0_black10_2,397,0.2939108657700678,0.3146153208794261,0.36861420780129,0.37181372727912304,0.017943420793009084,0.018099167161735964,0.0,0.0,0.02070445510935831,0.003199519477833035,MODE_4_TRUSTED_FUSION,full,four_mode_relocalization_v2,0.49789623754584006,0,0,0,False,0,0,0.2939108657700678,0,0,restarted_se3,0,45.94921413809061,2.9379967600107193,0,398,cache_read_only_not_online_fps,178d419b5d7b38d165994fad2d41dc67b8cffa4444c416451632d3659ff5f2cf,cached_perception_v2,0,0,0,,,0,0.0,0,20.410101860761642,1.0754819959402084,70.37279475480318,82.6583246412531,82.67909314037783,8.843850427656857,82.64746279005266,0.29973894615874563,39.17015199281194
sugar_box_yalehand0_black10_2,398,0.3058880218060744,0.2969403123071137,0.37208635394822154,0.38298355942690226,0.018112438096332353,0.018642892808151977,0.0,0.0,-0.008947709498960676,0.010897205478680727,MODE_4_TRUSTED_FUSION,full,four_mode_relocalization_v2,0.4929701790182852,0,0,0,False,0,0,0.2969403123071137,0,0,restarted_se3,0,46.07674106955528,3.263123333454132,0,399,cache_read_only_not_online_fps,178d419b5d7b38d165994fad2d41dc67b8cffa4444c416451632d3659ff5f2cf,cached_perception_v2,0,0,0,,,0,0.0,0,21.176770329475403,1.725766807794571,72.24240154027939,83.36321732445457,83.39711722577026,8.920908655878344,83.35232366351023,0.29827734229958447,39.412961866148855
sugar_box_yalehand0_black10_2,399,0.2819201474454363,0.24152100449795488,0.3720619969300692,0.36951402831744046,0.01811125244418786,0.017987222300975304,0.0,0.0,-0.040399142947481426,-0.002547968612628737,MODE_4_TRUSTED_FUSION,full,four_mode_relocalization_v2,0.5016728261710974,0,0,0,False,0,0,0.24152100449795488,0,0,restarted_se3,0,44.510931707918644,3.3191880211234093,0,400,cache_read_only_not_online_fps,178d419b5d7b38d165994fad2d41dc67b8cffa4444c416451632d3659ff5f2cf,cached_perception_v2,0,0,0,,,0,0.0,0,20.99009696394205,1.7754361033439636,70.59565279632807,83.74175739601125,83.80934364713693,8.778350610369802,83.73053022005253,0.2613062414930127,39.62152766259029
sugar_box_yalehand0_black10_2,400,0.3200903821197229,0.3186055033841901,0.37675976109240666,0.36988581150045924,0.018339930442396166,0.01800531998130201,0.0,0.0,-0.0014848787355328241,-0.006873949591947426,MODE_4_TRUSTED_FUSION,full,four_mode_relocalization_v2,0.5044831339524333,0,0,0,False,0,0,0.3186055033841901,0,0,restarted_se3,0,46.68605141341686,3.562700003385544,0,401,cache_read_only_not_online_fps,178d419b5d7b38d165994fad2d41dc67b8cffa4444c416451632d3659ff5f2cf,cached_perception_v2,0,0,0,,,0,0.0,0,21.478344686329365,1.6330806538462639,73.36017675697803,84.30328774474681,84.34675633345957,8.826512498990423,84.29159189647723,0.31859418846031784,39.80807480807757
sugar_box_yalehand0_black10_2,401,0.3178933429279456,0.34474530814795884,0.38955945516867285,0.3733581311152313,0.01896299458906096,0.018174345728701476,0.0,0.0,0.026851965220013263,-0.016201324053441546,MODE_4_TRUSTED_FUSION,full,four_mode_relocalization_v2,0.510346762122397,0,0,0,False,0,0,0.3178933429279456,0,0,restarted_se3,0,48.26806765049696,3.6517204716801643,0,402,cache_read_only_not_online_fps,178d419b5d7b38d165994fad2d41dc67b8cffa4444c416451632d3659ff5f2cf,cached_perception_v2,0,0,0,,,0,0.0,0,20.917009562253952,1.9935546442866325,74.83035232871771,85.1202132971699,85.02041223578796,8.892510669714273,85.10835076155931,0.32965558656806204,40.02048197890972
sugar_box_yalehand0_black10_2,402,0.3332977465879659,0.36995496750524565,0.38095894420099224,0.386376231478139,0.01854433848720182,0.018808041467481024,0.0,0.0,0.03665722091727974,0.005417287277146743,MODE_4_TRUSTED_FUSION,full,four_mode_relocalization_v2,0.49655973247195895,0,0,0,False,0,0,0.3332977465879659,0,0,restarted_se3,0,46.06582969427109,3.7635769695043564,0,403,cache_read_only_not_online_fps,178d419b5d7b38d165994fad2d41dc67b8cffa4444c416451632d3659ff5f2cf,cached_perception_v2,0,0,0,,,0,0.0,0,21.26879245042801,1.6052518039941788,72.70345091819763,85.74833305422415,85.65467537324479,8.854690387339083,85.73621095310875,0.35107926769970244,40.179297436644696
sugar_box_yalehand0_black10_2,403,0.29245730260566166,0.3237198386737153,0.37878687078566187,0.3818548062163646,0.01843860618915217,0.018587947303069723,0.0,0.0,0.031262536068053626,0.0030679354307027173,MODE_4_TRUSTED_FUSION,full,four_mode_relocalization_v2,0.4980349912635431,0,0,0,False,0,0,0.29245730260566166,0,0,restarted_se3,0,48.643412068486214,3.545827232301235,0,404,cache_read_only_not_online_fps,178d419b5d7b38d165994fad2d41dc67b8cffa4444c416451632d3659ff5f2cf,cached_perception_v2,0,0,0,,,0,0.0,0,21.031547337770462,2.0051617175340652,75.22594835609198,86.7865302350334,86.54352609280865,8.827366902530903,86.77475585429035,0.3081880256434577,40.39217629760997
sugar_box_yalehand0_black10_2,404,0.29635839617583315,0.3118603947358368,0.3789450706321085,0.38716991808447926,0.018446307049168158,0.018846676583691782,0.0,0.0,0.015501998560003671,0.008224847452370732,MODE_4_TRUSTED_FUSION,full,four_mode_relocalization_v2,0.4947686740677731,0,0,0,False,0,0,0.29635839617583315,0,0,restarted_se3,0,47.922687605023384,3.79727128893137,0,405,cache_read_only_not_online_fps,178d419b5d7b38d165994fad2d41dc67b8cffa4444c416451632d3659ff5f2cf,cached_perception_v2,0,0,0,,,0,0.0,0,20.803063176572323,2.0255139097571373,74.54853598028421,87.76325556404487,87.63634378485773,8.897689565113616,87.75161823054528,0.30393667108733596,40.64913850764798
sugar_box_yalehand0_black10_2,405,0.29864920838023906,0.27627982772007104,0.37889246197488585,0.3738256045851529,0.01844374616232787,0.018197101425586858,0.0,0.0,-0.022369380660168026,-0.005066857389732948,MODE_4_TRUSTED_FUSION,full,four_mode_relocalization_v2,0.5032785938423114,0,0,0,False,0,0,0.27627982772007104,0,0,restarted_se3,0,46.6173030436039,4.137596115469933,0,406,cache_read_only_not_online_fps,178d419b5d7b38d165994fad2d41dc67b8cffa4444c416451632d3659ff5f2cf,cached_perception_v2,0,0,0,,,0,0.0,0,21.113993600010872,1.8694652244448662,73.73835798352957,88.56891519656057,88.5962655191319,8.86313740572284,88.55735293385929,0.28728268294022413,40.79259162851219
sugar_box_yalehand0_black10_2,406,0.29632185490054863,0.30362119743515265,0.37410546405514705,0.3770005908727105,0.018210724438826,0.018351653566453848,0.0,0.0,0.007299342534604014,0.0028951268175634315,MODE_4_TRUSTED_FUSION,full,four_mode_relocalization_v2,0.49812274407712026,0,0,0,False,0,0,0.29632185490054863,0,0,restarted_se3,0,46.93334922194481,3.6573922261595726,0,407,cache_read_only_not_online_fps,178d419b5d7b38d165994fad2d41dc67b8cffa4444c416451632d3659ff5f2cf,cached_perception_v2,0,0,0,,,0,0.0,0,20.884220488369465,1.4341147616505623,72.90907669812441,89.42579573185073,89.51003398993814,8.896667541290984,89.41411994890882,0.2997843117802435,41.00064781731732
sugar_box_yalehand0_black10_2,407,0.3066509241320912,0.283721087968432,0.3722508733290827,0.3735404156607129,0.018120446578959774,0.018183218984898376,0.0,0.0,-0.022929836163659234,0.0012895423316302002,MODE_4_TRUSTED_FUSION,full,four_mode_relocalization_v2,0.49915803277592036,0,0,0,False,0,0,0.283721087968432,0,0,restarted_se3,0,44.93670538067818,2.8132088482379913,0,408,cache_read_only_not_online_fps,178d419b5d7b38d165994fad2d41dc67b8cffa4444c416451632d3659ff5f2cf,cached_perception_v2,0,0,0,,,0,0.0,0,20.117085427045822,1.098540611565113,68.9655402675271,90.08681345172404,90.22030764752816,8.849907469556864,90.07520319914809,0.2952507835236171,41.064338552743784
sugar_box_yalehand0_black10_2,408,0.28352561223567274,0.26986256063646996,0.3726394674840558,0.3675824935286253,0.01813936258461777,0.017893198954184696,0.0,0.0,-0.01366305159920278,-0.005056973955430477,MODE_4_TRUSTED_FUSION,full,four_mode_relocalization_v2,0.5033259851824684,0,0,0,False,0,0,0.26986256063646996,0,0,restarted_se3,0,46.12347390502691,3.917939029633999,0,409,cache_read_only_not_online_fps,178d419b5d7b38d165994fad2d41dc67b8cffa4444c416451632d3659ff5f2cf,cached_perception_v2,0,0,0,,,0,0.0,0,20.04431653767824,0.8235247805714607,70.90925425291061,90.93596101793894,90.92870600814061,8.827141332483672,90.92426213598243,0.276005617953278,41.37127069636708
sugar_box_yalehand0_black10_2,409,0.2860100504621116,0.2709731543853918,0.37646315832568533,0.3788646150325238,0.018325492398123817,0.018442390627478624,0.0,0.0,-0.015036896076719763,0.002401456706838445,MODE_4_TRUSTED_FUSION,full,four_mode_relocalization_v2,0.4984513280773905,0,0,0,False,0,0,0.2709731543853918,0,0,restarted_se3,0,44.526077806949615,3.3428631722927094,0,410,cache_read_only_not_online_fps,178d419b5d7b38d165994fad2d41dc67b8cffa4444c416451632d3659ff5f2cf,cached_perception_v2,0,0,0,,,0,0.0,0,20.892592146992683,1.0894015431404114,69.85093466937542,91.63472346743468,91.66095241837621,8.842044402459432,91.62318382302568,0.27851393972182487,41.54712547490625
sugar_box_yalehand0_black10_2,410,0.3389062480852034,0.3395612157790348,0.3777510880537197,0.3859228814163342,0.018388186305664148,0.018785973270560398,0.0,0.0,0.0006549676938313875,0.008171793362614477,MODE_4_TRUSTED_FUSION,full,four_mode_relocalization_v2,0.494786228915999,0,0,0,False,0,0,0.3389062480852034,0,0,restarted_se3,0,44.56475842744112,3.9677955210208893,0,411,cache_read_only_not_online_fps,178d419b5d7b38d165994fad2d41dc67b8cffa4444c416451632d3659ff5f2cf,cached_perception_v2,0,0,0,,,0,0.0,0,20.417531952261925,0.8255913853645325,69.77567728608847,92.45703187379823,92.38938801544265,8.793017191127875,92.44523265351698,0.3388212526481763,41.640610194650684
sugar_box_yalehand0_black10_2,411,0.335323099118698,0.28045375493425095,0.3910737322687018,0.38936571868307174,0.019036706645264946,0.018953563874751722,0.0,0.0,-0.054869344184447055,-0.0017080135856300527,MODE_4_TRUSTED_FUSION,full,four_mode_relocalization_v2,0.5010669224159299,0,0,0,False,0,0,0.28045375493425095,0,0,restarted_se3,0,43.8020471483469,3.717930056154728,0,412,cache_read_only_not_online_fps,178d419b5d7b38d165994fad2d41dc67b8cffa4444c416451632d3659ff5f2cf,cached_perception_v2,0,0,0,,,0,0.0,0,20.95594070851803,1.4625145122408867,69.93843242526054,93.3078009922129,93.21857254639679,8.762010746567626,93.29616214342093,0.30724679013341577,41.942273864167134
sugar_box_yalehand0_black10_2,412,0.2967454708411838,0.25688448338819403,0.40738575502425245,0.40301850474563056,0.0198307441025671,0.019618154875675604,0.0019588638589618022,0.0,-0.03986098745298977,-0.0043672502786218925,MODE_4_TRUSTED_FUSION,full,four_mode_relocalization_v2,0.5026295928924016,0,0,0,False,0,0,0.25688448338819403,0,0,restarted_se3,0,44.811153784394264,3.8051316514611244,0,413,cache_read_only_not_online_fps,178d419b5d7b38d165994fad2d41dc67b8cffa4444c416451632d3659ff5f2cf,cached_perception_v2,0,0,0,,,0,0.0,0,23.957335390150547,0.986175611615181,73.55979643762112,94.19158691285818,94.08315127143727,8.660740024085653,94.17985251189226,0.27628413524655354,42.16310108618864
sugar_box_yalehand0_black10_2,413,0.26755794291795476,0.3076448182755233,0.408368100886229,0.40757557606165196,0.019878562783433626,0.019839984220493486,0.0019588638589618022,0.0019588638589618022,0.04008687535756855,-0.0007925248245770344,MODE_4_TRUSTED_FUSION,full,four_mode_relocalization_v2,0.5004740300372094,0,0,0,False,0,0,0.26755794291795476,0,0,restarted_se3,0,45.133622363209724,4.313438199460506,0,414,cache_read_only_not_online_fps,178d419b5d7b38d165994fad2d41dc67b8cffa4444c416451632d3659ff5f2cf,cached_perception_v2,0,0,0,,,0,0.0,0,17.9116353392601,0.8648857474327087,68.22358164936304,94.88395690776815,94.95414376720105,8.642095425884582,94.87235481707998,0.28681213140002887,42.327308788960856
sugar_box_yalehand0_black10_2,414,0.22823416317523174,0.26775945410294516,0.4176516568748427,0.4207191508322953,0.020330468184890513,0.020479787808751176,0.0019588638589618022,0.0019588638589618022,0.039525290927713425,0.003067493957452594,MODE_4_TRUSTED_FUSION,full,four_mode_relocalization_v2,0.49821318832728806,0,0,0,False,0,0,0.22823416317523174,0,0,restarted_se3,0,44.18865591287613,3.794116899371147,0,415,cache_read_only_not_online_fps,178d419b5d7b38d165994fad2d41dc67b8cffa4444c416451632d3659ff5f2cf,cached_perception_v2,0,0,0,,,0,0.0,0,22.01096434146166,1.0707993060350418,71.06453645974398,95.71853194519305,95.75753687693901,8.612024486162857,95.70684986471146,0.2472412206151374,42.6299147490592
sugar_box_yalehand0_black10_2,415,0.22814572152002618,0.27057612256203684,0.40938649025463375,0.4185226224071784,0.019928135991903833,0.02037286508851538,0.0019588638589618022,0.0019588638589618022,0.04243040104201065,0.009136132152544663,MODE_4_TRUSTED_FUSION,full,four_mode_relocalization_v2,0.4946125522086536,0,0,0,False,0,0,0.22814572152002618,0,0,restarted_se3,0,46.10012285411358,3.8391780108213425,0,416,cache_read_only_not_online_fps,178d419b5d7b38d165994fad2d41dc67b8cffa4444c416451632d3659ff5f2cf,cached_perception_v2,0,0,0,,,0,0.0,0,22.775691002607346,0.7636267691850662,73.47861863672733,96.71462997407811,96.67330446719772,8.657187374522463,96.7028279449893,0.24648133129198713,42.76507340983737
sugar_box_yalehand0_black10_2,416,0.2337988641086519,0.26603666366238743,0.41340233812858634,0.41528720843744893,0.02012361963501367,0.020215371445921625,0.0019588638589618022,0.0019588638589618022,0.03223779955373554,0.0018848703088625851,MODE_4_TRUSTED_FUSION,full,four_mode_relocalization_v2,0.4988895407534539,0,0,0,False,0,0,0.2337988641086519,0,0,restarted_se3,0,43.68358384817839,2.8191329911351204,0,417,cache_read_only_not_online_fps,178d419b5d7b38d165994fad2d41dc67b8cffa4444c416451632d3659ff5f2cf,cached_perception_v2,0,0,0,,,0,0.0,0,21.74773532897234,0.9357249364256859,69.18617710471153,97.42418385862288,97.41975706061366,8.540337261396244,97.41256107898843,0.24601151076179753,42.89455270369151
sugar_box_yalehand0_black10_2,417,0.21704816347888076,0.19468089919562648,0.4157360434209699,0.4113583327392181,0.02023721985763635,0.020024121438719553,0.0019588638589618022,0.0019588638589618022,-0.02236726428325428,-0.004377710681751801,MODE_4_TRUSTED_FUSION,full,four_mode_relocalization_v2,0.5025839568795131,0,0,0,False,0,0,0.19468089919562648,0,0,restarted_se3,0,46.396518126130104,3.6910362541675568,0,418,cache_read_only_not_online_fps,178d419b5d7b38d165994fad2d41dc67b8cffa4444c416451632d3659ff5f2cf,cached_perception_v2,0,0,0,,,0,0.0,0,22.538388147950172,0.7737018167972565,73.39964434504509,98.3645282625123,98.32392251864715,8.556603026504678,98.35253523576118,0.20440526542884171,43.13594054453451
sugar_box_yalehand0_black10_2,418,0.22138637529468316,0.21171152367305884,0.42302939778634985,0.423378070303213,0.02059224612521063,0.020609218823377507,0.0019588638589618022,0.0019588638589618022,-0.00967485162162432,0.0003486725168631577,MODE_4_TRUSTED_FUSION,full,four_mode_relocalization_v2,0.4997987825995821,0,0,0,False,0,0,0.21171152367305884,0,0,restarted_se3,0,46.13733757287264,3.506912849843502,0,419,cache_read_only_not_online_fps,178d419b5d7b38d165994fad2d41dc67b8cffa4444c416451632d3659ff5f2cf,cached_perception_v2,0,0,0,,,0,0.0,0,21.44844364374876,0.9002592414617538,71.99295330792665,99.1504266104382,99.1625149888555,8.527723559187583,99.13883427987761,0.21036325477289847,43.36948173929701
sugar_box_yalehand0_black10_2,419,0.26678115951186965,0.18239405439971823,0.43265505263869714,0.4206099975326383,0.021060804232219475,0.02047447443898615,0.0019588638589618022,0.0019588638589618022,-0.08438710511215142,-0.012045055106058855,MODE_4_TRUSTED_FUSION,full,four_mode_relocalization_v2,0.5068965631360695,0,0,0,False,0,0,0.18239405439971823,0,0,restarted_se3,0,44.951384887099266,3.8041044026613235,0,420,cache_read_only_not_online_fps,178d419b5d7b38d165994fad2d41dc67b8cffa4444c416451632d3659ff5f2cf,cached_perception_v2,0,0,0,,,0,0.0,0,21.91257942467928,0.7389364764094353,71.4070051908493,100.18818826786531,100.06883347090485,8.458164179241736,100.17638059557648,0.21867776349664544,43.646854484182754
sugar_box_yalehand0_black10_2,420,0.28100653311966667,0.2634044113383532,0.43071793997338564,0.43257305127276346,0.020966509365278566,0.02105681256563851,0.0019588638589618022,0.0019588638589618022,-0.017602121781313484,0.0018551112993778207,MODE_4_TRUSTED_FUSION,full,four_mode_relocalization_v2,0.49894988666375917,0,0,0,False,0,0,0.2634044113383532,0,0,restarted_se3,0,45.689232647418976,2.79371440410614,0,421,cache_read_only_not_online_fps,178d419b5d7b38d165994fad2d41dc67b8cffa4444c416451632d3659ff5f2cf,cached_perception_v2,0,0,0,,,0,0.0,0,21.032421849668026,0.8934447541832924,70.40881365537643,101.0132625540224,101.01035304026078,8.423741543852467,101.00142164520558,0.271589675886565,43.90908960777914
sugar_box_yalehand0_black10_2,421,0.2616178661391259,0.30701393035611396,0.43938037964125404,0.44743187477770874,0.021388180035494312,0.021780111117337346,0.0019588638589618022,0.0019588638589618022,0.04539606421698805,0.0080514951364547,MODE_4_TRUSTED_FUSION,full,four_mode_relocalization_v2,0.4955605501043799,0,0,0,False,0,0,0.2616178661391259,0,0,restarted_se3,0,44.526697136461735,4.874853417277336,0,422,cache_read_only_not_online_fps,178d419b5d7b38d165994fad2d41dc67b8cffa4444c416451632d3659ff5f2cf,cached_perception_v2,0,0,0,,,0,0.0,0,15.9205486997962,0.957476906478405,66.27957616001368,101.89182710395457,101.93501727899866,8.432533399898908,101.88025105236869,0.28135406622364545,44.05397613622826
sugar_box_yalehand0_black10_2,422,0.2754842980960329,0.32753859661083573,0.4477427115942089,0.4394224314050751,0.021795242047394792,0.021390227033351042,0.0019588638589618022,0.0019588638589618022,0.05205429851480281,-0.008320280189133833,MODE_4_TRUSTED_FUSION,full,four_mode_relocalization_v2,0.5045858685451831,0,0,0,False,0,0,0.2754842980960329,0,0,restarted_se3,0,47.56288696080446,3.298654220998287,0,423,cache_read_only_not_online_fps,178d419b5d7b38d165994fad2d41dc67b8cffa4444c416451632d3659ff5f2cf,cached_perception_v2,0,0,0,,,0,0.0,0,23.082333616912365,0.7790103554725647,74.72288515418768,102.94517249409773,102.87198377159324,8.388397257677761,102.93326306085953,0.2985170954874267,44.18963797547653
sugar_box_yalehand0_black10_2,423,0.25396271718148783,0.3372285509112171,0.42355327408621346,0.4458033744428994,0.02061774740186518,0.02170083889681352,0.0019588638589618022,0.0019588638589618022,0.08326583372972929,0.022250100356685953,MODE_4_TRUSTED_FUSION,full,four_mode_relocalization_v2,0.4874909012073588,0,0,0,False,0,0,0.25396271718148783,0,0,restarted_se3,0,44.12386100739241,3.6988314241170883,0,424,cache_read_only_not_online_fps,178d419b5d7b38d165994fad2d41dc67b8cffa4444c416451632d3659ff5f2cf,cached_perception_v2,0,0,0,,,0,0.0,0,21.98939397931099,0.9387629106640816,70.75084932148457,103.70877451444831,103.73552622278407,8.304534102042545,103.69660263450807,0.29058194779760205,44.32281849918762
sugar_box_yalehand0_black10_2,424,0.28099795371948333,0.2878487501372907,0.4504368678039049,0.44109000626893446,0.0219263883177489,0.02147140132574892,0.0019588638589618022,0.0019588638589618022,0.006850796417807392,-0.009346861534970441,MODE_4_TRUSTED_FUSION,full,four_mode_relocalization_v2,0.5051270356370335,0,0,0,False,0,0,0.28099795371948333,0,0,restarted_se3,0,46.34191282093525,3.7140194326639175,0,425,cache_read_only_not_online_fps,178d419b5d7b38d165994fad2d41dc67b8cffa4444c416451632d3659ff5f2cf,cached_perception_v2,0,0,0,,,0,0.0,0,22.29717466980219,0.7595401257276535,73.11264704912901,104.60842787761399,104.62642694009061,8.270057647592562,104.59622509436579,0.2801614476599961,44.48926967696213
sugar_box_yalehand0_black10_2,425,0.288413223376418,0.2621480940857621,0.4403253164989125,0.44909781706404694,0.02143417771898276,0.021861205939045218,0.0019588638589618022,0.0019588638589618022,-0.026265129290655886,0.008772500565134456,MODE_4_TRUSTED_FUSION,full,four_mode_relocalization_v2,0.49517688728086046,0,0,0,False,0,0,0.2621480940857621,0,0,restarted_se3,0,44.11945678293705,3.5216230899095535,0,426,cache_read_only_not_online_fps,178d419b5d7b38d165994fad2d41dc67b8cffa4444c416451632d3659ff5f2cf,cached_perception_v2,0,0,0,,,0,0.0,0,21.655955351889133,0.949835404753685,70.24687062948942,105.48141154982451,105.4879142728296,8.222670357878114,105.46915782996564,0.27218554538064504,44.67190135130323
sugar_box_yalehand0_black10_2,426,0.3128090549042666,0.29528813190028824,0.44585405452191035,0.43397638812213146,0.021703305904227425,0.021125124266787372,0.0019588638589618022,0.0019588638589618022,-0.01752092300397834,-0.011877666399778886,MODE_4_TRUSTED_FUSION,full,four_mode_relocalization_v2,0.5065999469660517,0,0,0,False,0,0,0.29528813190028824,0,0,restarted_se3,0,49.846986308693886,3.1763864681124687,0,427,cache_read_only_not_online_fps,178d419b5d7b38d165994fad2d41dc67b8cffa4444c416451632d3659ff5f2cf,cached_perception_v2,0,0,0,,,0,0.0,0,22.42446970194578,0.7661683484911919,76.21401082724333,106.32272079376244,106.36640684093817,8.239435690259317,106.31046346601656,0.3001095905196538,44.88048578502812
sugar_box_yalehand0_black10_2,427,0.30901637086428685,0.32204194492078675,0.3918392441650979,0.42127006103294384,0.019073970271539748,0.020506605042976526,0.0,0.0019588638589618022,0.0130255740564999,0.029430816867845933,MODE_4_TRUSTED_FUSION,full,four_mode_relocalization_v2,0.48233676140440557,0,0,0,False,0,0,0.30901637086428685,0,0,restarted_se3,0,45.35721801221371,3.8636457175016403,0,428,cache_read_only_not_online_fps,178d419b5d7b38d165994fad2d41dc67b8cffa4444c416451632d3659ff5f2cf,cached_perception_v2,0,0,0,,,0,0.0,0,21.927690133452415,0.9529711678624153,72.10152503103018,107.16937677848605,107.12919194578805,8.11391957534124,107.15718971236852,0.31061978703201826,45.037703885839
sugar_box_yalehand0_black10_2,428,0.29880932516203457,0.2872611542985406,0.3793713262958875,0.38608270727073707,0.018467056343630276,0.01879375328147278,0.0,0.0,-0.011548170863493967,0.006711380974849579,MODE_4_TRUSTED_FUSION,full,four_mode_relocalization_v2,0.4957277060858837,0,0,0,False,0,0,0.2872611542985406,0,0,restarted_se3,0,44.355460442602634,2.7499450370669365,0,429,cache_read_only_not_online_fps,178d419b5d7b38d165994fad2d41dc67b8cffa4444c416451632d3659ff5f2cf,cached_perception_v2,0,0,0,,,0,0.0,0,21.570689044892788,0.939713791012764,69.61580831557512,108.08699966109046,108.00675134505117,8.040319672055462,108.07454119156591,0.29246256751991134,45.28292191156923
sugar_box_yalehand0_black10_2,429,0.38594546295661725,0.3615471029511253,0.39038028945480346,0.35960191591342006,0.019002951201382616,0.01750471999897825,0.0,0.0,-0.024398360005491948,-0.030778373541383408,MODE_4_TRUSTED_FUSION,full,four_mode_relocalization_v2,0.5199864187294202,0,0,0,False,0,0,0.3615471029511253,0,0,restarted_se3,0,44.68375723809004,4.842040129005909,0,430,cache_read_only_not_online_fps,178d419b5d7b38d165994fad2d41dc67b8cffa4444c416451632d3659ff5f2cf,cached_perception_v2,0,0,0,,,0,0.0,0,19.497149623930454,0.8262284100055695,69.84917540103197,108.99642539149414,108.95719103059112,7.990915493211717,108.98386290380407,0.37341804435253306,45.412898190832095
sugar_box_yalehand0_black10_2,430,0.3936546649026743,0.411008305491823,0.3902835992684472,0.37866781235668057,0.018998244511668472,0.01843281065700785,0.0,0.0,0.017353640589148678,-0.011615786911766623,MODE_4_TRUSTED_FUSION,full,four_mode_relocalization_v2,0.5073615350328354,0,0,0,False,0,0,0.3936546649026743,0,0,restarted_se3,0,44.44540943950415,3.7105875089764595,0,431,cache_read_only_not_online_fps,178d419b5d7b38d165994fad2d41dc67b8cffa4444c416451632d3659ff5f2cf,cached_perception_v2,0,0,0,,,0,0.0,0,21.818418987095356,0.9579760953783989,70.93239203095436,109.80857778126207,109.89979719279401,8.045804981048509,109.79596014131643,0.40121811939435176,45.54604231665177
sugar_box_yalehand0_black10_2,431,0.39827181394978844,0.40909635577707415,0.41910827435155396,0.40848167667317736,0.02040137348307471,0.019884091431255607,0.0019588638589618022,0.0019588638589618022,0.010824541827285705,-0.010626597678376593,MODE_4_TRUSTED_FUSION,full,four_mode_relocalization_v2,0.5062687138194176,0,0,0,False,0,0,0.39827181394978844,0,0,restarted_se3,0,46.40262480825186,3.3897673711180687,0,432,cache_read_only_not_online_fps,178d419b5d7b38d165994fad2d41dc67b8cffa4444c416451632d3659ff5f2cf,cached_perception_v2,0,0,0,,,0,0.0,0,22.921345196664333,0.7678074762225151,73.48154485225677,110.62945640397498,110.65526357945166,7.971825357582693,110.6169740413121,0.4035805296010283,45.62669459261665
sugar_box_yalehand0_black10_2,432,0.35786768678720615,0.41200917559938555,0.39586139111488167,0.41839502348285,0.01926976054137708,0.02036665382171257,0.0,0.0019588638589618022,0.054141488812179395,0.022533632367968348,MODE_4_TRUSTED_FUSION,full,four_mode_relocalization_v2,0.4864947802775758,0,0,0,False,0,0,0.35786768678720615,0,0,restarted_se3,0,43.711249716579914,3.6120330914855003,0,433,cache_read_only_not_online_fps,178d419b5d7b38d165994fad2d41dc67b8cffa4444c416451632d3659ff5f2cf,cached_perception_v2,0,0,0,,,0,0.0,0,22.148115560412407,0.7708044722676277,70.24220284074545,111.59366814144154,111.50336280326056,7.902548055026831,111.58095969767803,0.38379640459517583,45.81448323818735
sugar_box_yalehand0_black10_2,433,0.3455738371086557,0.3671213897644269,0.3860231730413187,0.4164681556091305,0.018790855271283716,0.020272857651247762,0.0,0.0019588638589618022,0.021547552655771185,0.03044498256781175,MODE_4_TRUSTED_FUSION,full,four_mode_relocalization_v2,0.48149221669135034,0,0,0,False,0,0,0.3455738371086557,0,0,restarted_se3,0,45.07886152714491,3.576887771487236,0,434,cache_read_only_not_online_fps,178d419b5d7b38d165994fad2d41dc67b8cffa4444c416451632d3659ff5f2cf,cached_perception_v2,0,0,0,,,0,0.0,0,20.072149112820625,0.7946956902742386,69.52259410172701,112.56474175152387,112.4531028749507,7.834097911467268,112.55190373411406,0.35556238272699914,45.96099607168183
sugar_box_yalehand0_black10_2,434,0.3444189796013086,0.3758436388039907,0.3833272876365218,0.397954904731992,0.018659624827084238,0.019371668701650586,0.0,0.0,0.031424659202682115,0.014627617095470224,MODE_4_TRUSTED_FUSION,full,four_mode_relocalization_v2,0.49087236853958255,0,0,0,False,0,0,0.3444189796013086,0,0,restarted_se3,0,42.582335881888866,2.8990954160690308,0,435,cache_read_only_not_online_fps,178d419b5d7b38d165994fad2d41dc67b8cffa4444c416451632d3659ff5f2cf,cached_perception_v2,0,0,0,,,0,0.0,0,20.161679945886135,0.7862988859415054,66.42941012978554,113.57132097536982,113.5161361736734,7.827630275804348,113.55840200909897,0.35968947892009157,45.99287974547895
sugar_box_yalehand0_black10_2,435,0.3435066403925228,0.33917832997578895,0.38951985893638963,0.3755143070828795,0.018961067121690905,0.01827930416999992,0.0,0.0,-0.0043283104167338715,-0.014005551853510156,MODE_4_TRUSTED_FUSION,full,four_mode_relocalization_v2,0.5089203454191867,0,0,0,False,0,0,0.33917832997578895,0,0,restarted_se3,0,46.640075743198395,3.9241472259163857,0,436,cache_read_only_not_online_fps,178d419b5d7b38d165994fad2d41dc67b8cffa4444c416451632d3659ff5f2cf,cached_perception_v2,0,0,0,,,0,0.0,0,21.885059773921967,0.9433915838599205,73.39267432689667,114.55198466371397,114.55396373247993,7.806290219242951,114.53900376587521,0.34047339718769537,46.16777463627567
sugar_box_yalehand0_black10_2,436,0.3771871652171636,0.33800932400207084,0.39683089110953307,0.367899901052805,0.019316953910473226,0.017908649733478298,0.0,0.0,-0.03917784121509277,-0.028930990056728056,MODE_4_TRUSTED_FUSION,full,four_mode_relocalization_v2,0.5184337038546737,0,0,0,False,0,0,0.33800932400207084,0,0,restarted_se3,0,45.50759121775627,3.4847399219870567,0,437,cache_read_only_not_online_fps,178d419b5d7b38d165994fad2d41dc67b8cffa4444c416451632d3659ff5f2cf,cached_perception_v2,0,0,0,,,0,0.0,0,19.80258710682392,0.8150208741426468,69.6099391207099,115.40128989733063,115.45702405656095,7.732422738328369,115.3881455402919,0.3547427145335175,46.28294873539558
sugar_box_yalehand0_black10_2,437,0.3693305323542993,0.3227082536773397,0.400859436706228,0.38178026142286925,0.019513055653964047,0.018584318607893828,0.0,0.0,-0.046622278676959616,-0.01907917528335873,MODE_4_TRUSTED_FUSION,full,four_mode_relocalization_v2,0.511885267653613,0,0,0,False,0,0,0.3227082536773397,0,0,restarted_se3,0,43.38535573333502,3.1606480479240417,0,438,cache_read_only_not_online_fps,178d419b5d7b38d165994fad2d41dc67b8cffa4444c416451632d3659ff5f2cf,cached_perception_v2,0,0,0,,,0,0.0,0,20.03673743456602,0.767810270190239,67.35055148601532,116.11377393600696,116.16723010057048,7.5625367491142885,116.10038269227134,0.34405184114404797,46.43650168225672
sugar_box_yalehand0_black10_2,438,0.36566688661087204,0.37983016918709,0.35768173910693546,0.39083748155604736,0.01741124953661804,0.019025206421290693,0.0,0.0,0.014163282576217961,0.0331557424491119,MODE_4_TRUSTED_FUSION,full,four_mode_relocalization_v2,0.4784288137774165,0,0,0,False,0,0,0.36566688661087204,0,0,restarted_se3,0,44.75301317870617,3.687949851155281,0,439,cache_read_only_not_online_fps,178d419b5d7b38d165994fad2d41dc67b8cffa4444c416451632d3659ff5f2cf,cached_perception_v2,0,0,0,,,0,0.0,0,20.535842515528202,0.8633555844426155,69.84016112983227,117.02845088337341,117.01548888405809,7.509478423207037,117.01501693203107,0.3699422127032239,46.624217184381344
sugar_box_yalehand0_black10_2,439,0.44273694010665726,0.40709213585191223,0.3709080409133071,0.35197603079481166,0.018055080115647153,0.01713350678281242,0.0,0.0,-0.03564480425474503,-0.018932010118495435,MODE_4_TRUSTED_FUSION,full,four_mode_relocalization_v2,0.5127422372073243,0,0,0,False,0,0,0.40709213585191223,0,0,restarted_se3,0,45.35393975675106,3.1689731404185295,0,440,cache_read_only_not_online_fps,178d419b5d7b38d165994fad2d41dc67b8cffa4444c416451632d3659ff5f2cf,cached_perception_v2,0,0,0,,,0,0.0,0,20.49791906028986,1.0054800659418106,70.02631202340126,117.95278191563374,117.94996641646745,7.553545029440889,117.9393881364597,0.4242146614987158,46.7033423888631
sugar_box_yalehand0_black10_2,440,0.34523668614021596,0.4179919875625831,0.32013574770938613,0.35725884763560606,0.015583583894657482,0.017390664004483778,0.0,0.0,0.07275530142236714,0.03712309992621993,MODE_4_TRUSTED_FUSION,full,four_mode_relocalization_v2,0.4733844367492871,0,0,0,False,0,0,0.34523668614021596,0,0,restarted_se3,0,44.17414218187332,2.763686701655388,0,441,cache_read_only_not_online_fps,178d419b5d7b38d165994fad2d41dc67b8cffa4444c416451632d3659ff5f2cf,cached_perception_v2,0,0,0,,,0,0.0,0,20.903182215988636,0.9852508082985878,68.82626190781593,118.7024095556907,118.67501832464302,7.4027722471525434,118.68901973651103,0.378869665688255,46.88814253320031
sugar_box_yalehand0_black10_2,441,0.4283013902381462,0.3973455288361183,0.358144014835821,0.3295476957433059,0.017433752217606013,0.01604173917049969,0.0,0.0,-0.030955861402027884,-0.028596319092515088,MODE_4_TRUSTED_FUSION,full,four_mode_relocalization_v2,0.5202039381449826,0,0,0,False,0,0,0.3973455288361183,0,0,restarted_se3,0,44.67656370252371,2.910827286541462,0,442,cache_read_only_not_online_fps,178d419b5d7b38d165994fad2d41dc67b8cffa4444c416451632d3659ff5f2cf,cached_perception_v2,0,0,0,,,0,0.0,0,21.05735521763563,0.9758174419403076,69.62056364864111,119.64163441667598,119.5854340276983,7.377740039636713,119.62800817085848,0.4125871445431797,46.97798865744912
sugar_box_yalehand0_black10_2,442,0.4171477531344802,0.40594560999652196,0.36662150624756606,0.35034770670362286,0.017846419967385382,0.017054243141484342,0.0,0.0,-0.011202143137958254,-0.0162737995439432,MODE_4_TRUSTED_FUSION,full,four_mode_relocalization_v2,0.5110410307906723,0,0,0,False,0,0,0.40594560999652196,0,0,restarted_se3,0,45.27697153389454,3.531285561621189,0,443,cache_read_only_not_online_fps,178d419b5d7b38d165994fad2d41dc67b8cffa4444c416451632d3659ff5f2cf,cached_perception_v2,0,0,0,,,0,0.0,0,20.44166438281536,0.7700156420469284,70.01993712037802,120.43962798641617,120.42585514497932,7.302049173541839,120.42602075361903,0.4103567419327917,47.05087086463311
sugar_box_yalehand0_black10_2,443,0.4506838991004094,0.47581970452244626,0.35086073928678724,0.37624521113704035,0.017079216567156545,0.018314883154004234,0.0,0.0,0.02513580542203686,0.02538447185025311,MODE_4_TRUSTED_FUSION,full,four_mode_relocalization_v2,0.4830114645480653,0,0,0,False,0,0,0.4506838991004094,0,0,restarted_se3,0,45.4632556065917,3.5859690979123116,0,444,cache_read_only_not_online_fps,178d419b5d7b38d165994fad2d41dc67b8cffa4444c416451632d3659ff5f2cf,cached_perception_v2,0,0,0,,,0,0.0,0,20.35822905600071,0.9252410382032394,70.33269479870796,121.44014079273681,121.38699099487891,7.282563111320188,121.42649034520461,0.46185855491383526,47.151155939999256
sugar_box_yalehand0_black10_2,444,0.40763348490604884,0.4667008025705967,0.3572239244739866,0.3844571379082486,0.017388964013080578,0.018714623734965775,0.0,0.0,0.05906731766454787,0.027233213434261994,MODE_4_TRUSTED_FUSION,full,four_mode_relocalization_v2,0.48212295488279083,0,0,0,False,0,0,0.40763348490604884,0,0,restarted_se3,0,44.67946570366621,2.806275151669979,0,445,cache_read_only_not_online_fps,178d419b5d7b38d165994fad2d41dc67b8cffa4444c416451632d3659ff5f2cf,cached_perception_v2,0,0,0,,,0,0.0,0,21.32753375917673,0.9484207257628441,69.76169534027576,122.34881400539544,122.30594260085257,7.21123145397049,122.33513190475061,0.43528953540073023,47.245893072427755
sugar_box_yalehand0_black10_2,445,0.41725663206289115,0.4222815681041862,0.36246941277502714,0.3652380040796914,0.017644304154231932,0.017779073779851565,0.0,0.0,0.005024936041295058,0.0027685913046642807,MODE_4_TRUSTED_FUSION,full,four_mode_relocalization_v2,0.49814861318595005,0,0,0,False,0,0,0.41725663206289115,0,0,restarted_se3,0,45.66556867212057,3.2404307276010513,0,446,cache_read_only_not_online_fps,178d419b5d7b38d165994fad2d41dc67b8cffa4444c416451632d3659ff5f2cf,cached_perception_v2,0,0,0,,,0,0.0,0,20.146073773503304,0.7933899760246277,69.84546314924955,123.23826969090553,123.22364669392934,7.139213696402702,123.22454208160755,0.41933165451573834,47.32170938442174
sugar_box_yalehand0_black10_2,446,0.4354190053933547,0.46022239896953804,0.3480080829603938,0.3530486852216617,0.016940354820216205,0.017185721508504247,0.0,0.0,0.02480339357618333,0.005040602261267901,MODE_4_TRUSTED_FUSION,full,four_mode_relocalization_v2,0.4965047119147246,0,0,0,False,0,0,0.4354190053933547,0,0,restarted_se3,0,45.73151655495167,3.928516060113907,0,447,cache_read_only_not_online_fps,178d419b5d7b38d165994fad2d41dc67b8cffa4444c416451632d3659ff5f2cf,cached_perception_v2,0,0,0,,,0,0.0,0,20.535606890916824,0.8002128452062607,70.99585235118866,124.13049423986122,124.15315793878645,7.094999480561953,124.11676517568185,0.44748067925902135,47.44096029683799
sugar_box_yalehand0_black10_2,447,0.3788421149423096,0.3950521589570252,0.3270622644373455,0.34863894980206733,0.015920753221420357,0.016971064187801425,0.0,0.0,0.016210044014715597,0.021576685364721848,MODE_4_TRUSTED_FUSION,full,four_mode_relocalization_v2,0.48449285057787994,0,0,0,False,0,0,0.3788421149423096,0,0,restarted_se3,0,44.490658678114414,2.80756875872612,0,448,cache_read_only_not_online_fps,178d419b5d7b38d165994fad2d41dc67b8cffa4444c416451632d3659ff5f2cf,cached_perception_v2,0,0,0,,,0,0.0,0,19.753952510654926,0.7613971829414368,67.8135771304369,124.85392396796138,124.93045666610345,7.010557997801471,124.84013048995888,0.3860933895576807,47.5441209856294
sugar_box_yalehand0_black10_2,448,0.41752693303229405,0.3855170656637901,0.3493681202415376,0.32488426873948956,0.01700655878282336,0.015814732638206538,0.0,0.0,-0.03200986736850392,-0.02448385150204807,MODE_4_TRUSTED_FUSION,full,four_mode_relocalization_v2,0.5176332497306806,0,0,0,False,0,0,0.3855170656637901,0,0,restarted_se3,0,44.25614047795534,3.2108910381793976,0,449,cache_read_only_not_online_fps,178d419b5d7b38d165994fad2d41dc67b8cffa4444c416451632d3659ff5f2cf,cached_perception_v2,0,0,0,,,0,0.0,0,20.61147429049015,1.8041729927062988,69.88267879933119,125.71118289355536,125.72764134180778,6.9667153342083505,125.69732913497391,0.4001561762785158,47.578847778840725
sugar_box_yalehand0_black10_2,449,0.41308061232629273,0.394031324132369,0.3565166197240778,0.3383815862984807,0.017354533797185726,0.016471755735559326,0.0,0.0,-0.019049288193923708,-0.01813503342559708,MODE_4_TRUSTED_FUSION,full,four_mode_relocalization_v2,0.5126836473170733,0,0,0,False,0,0,0.394031324132369,0,0,restarted_se3,0,45.36613915115595,3.8562417030334473,0,450,cache_read_only_not_online_fps,178d419b5d7b38d165994fad2d41dc67b8cffa4444c416451632d3659ff5f2cf,cached_perception_v2,0,0,0,,,0,0.0,0,20.036950707435608,0.7738238200545311,70.03315538167953,126.55284228036727,126.52758089130047,6.913363751699498,126.5388782150834,0.3996721904345797,47.6648214825392
sugar_box_yalehand0_black10_2,450,0.45887836094727813,0.3924416104435818,0.3933128351525886,0.3561330443305929,0.019145701807128265,0.01733586209504978,0.0,0.0,-0.06643675050369635,-0.037179790821995684,MODE_4_TRUSTED_FUSION,full,four_mode_relocalization_v2,0.5241601078213379,0,0,0,False,0,0,0.3924416104435818,0,0,restarted_se3,0,44.73447799682617,3.2135769724845886,0,451,cache_read_only_not_online_fps,178d419b5d7b38d165994fad2d41dc67b8cffa4444c416451632d3659ff5f2cf,cached_perception_v2,0,0,0,,,0,0.0,0,20.352846942842007,0.7948735728859901,69.09577548503876,127.3148642092684,127.28190909955399,6.8041810352587495,127.30075745573221,0.42043548028727373,47.80252669183706
sugar_box_yalehand0_black10_2,451,0.424643571887558,0.46747820178464045,0.35477198386465286,0.3821249451786469,0.01726960832580208,0.018601097140949634,0.0,0.0,0.04283462989708242,0.027352961313994062,MODE_4_TRUSTED_FUSION,full,four_mode_relocalization_v2,0.4819308546088517,0,0,0,False,0,0,0.424643571887558,0,0,restarted_se3,0,46.38535249978304,3.5843858495354652,0,452,cache_read_only_not_online_fps,178d419b5d7b38d165994fad2d41dc67b8cffa4444c416451632d3659ff5f2cf,cached_perception_v2,0,0,0,,,0,0.0,0,20.984786562621593,0.8016005158424377,71.75612542778254,128.20606432405305,128.15797439659093,6.77227170112491,128.19176838155974,0.4442904692654493,47.84060197151773
sugar_box_yalehand0_black10_2,452,0.4047648283500832,0.43091889875613826,0.3590730840077644,0.38566266772346164,0.01747897749309778,0.018773306575439866,0.0,0.0,0.026154070406055052,0.02658958371569725,MODE_4_TRUSTED_FUSION,full,four_mode_relocalization_v2,0.48261518200535075,0,0,0,False,0,0,0.4047648283500832,0,0,restarted_se3,0,43.653822503983974,3.1201355159282684,0,453,cache_read_only_not_online_fps,178d419b5d7b38d165994fad2d41dc67b8cffa4444c416451632d3659ff5f2cf,cached_perception_v2,0,0,0,,,0,0.0,0,20.51741722971201,0.8062273263931274,68.09760257601738,129.0777345784996,129.0221093513777,6.697811723072465,129.0633049524003,0.4143294628112911,47.912174651859104
sugar_box_yalehand0_black10_2,453,0.37822138230232594,0.42134144200226215,0.346098746785311,0.35618461892637476,0.016847412058652075,0.017338372645795675,0.0,0.0,0.04312005969993621,0.010085872141063768,MODE_4_TRUSTED_FUSION,full,four_mode_relocalization_v2,0.49301806422530164,0,0,0,False,0,0,0.37822138230232594,0,0,restarted_se3,0,44.543820433318615,3.43878660351038,0,454,cache_read_only_not_online_fps,178d419b5d7b38d165994fad2d41dc67b8cffa4444c416451632d3659ff5f2cf,cached_perception_v2,0,0,0,,,0,0.0,0,20.646957680583,0.7723821327090263,69.40194685012102,130.00771179476186,129.9595027779891,6.642888267163529,129.993185941181,0.39772262877894166,48.05813579467205
sugar_box_yalehand0_black10_2,454,0.40050884631272576,0.41393683198505543,0.3331209712448505,0.3342118330496864,0.016215679253590923,0.01626878027893649,0.0,0.0,0.013427985672329668,0.0010908618048358631,MODE_4_TRUSTED_FUSION,full,four_mode_relocalization_v2,0.4992064529744397,0,0,0,False,0,0,0.40050884631272576,0,0,restarted_se3,0,44.21381186693907,3.15652322024107,0,455,cache_read_only_not_online_fps,178d419b5d7b38d165994fad2d41dc67b8cffa4444c416451632d3659ff5f2cf,cached_perception_v2,0,0,0,,,0,0.0,0,19.851055927574635,0.7992330938577652,68.02062410861254,130.8932822042189,130.9135983128172,6.638895565489213,130.8785890100692,0.4069522673898922,48.08494176012809
sugar_box_yalehand0_black10_2,455,0.46203547795499933,0.41931257524259025,0.3586385525990788,0.32084008548880133,0.017457825351512322,0.01561786968421466,0.0,0.0,-0.04272290271240908,-0.037798467110277456,MODE_4_TRUSTED_FUSION,full,four_mode_relocalization_v2,0.5270190289253184,0,0,0,False,0,0,0.41931257524259025,0,0,restarted_se3,0,44.343858025968075,3.3236797899007797,0,456,cache_read_only_not_online_fps,178d419b5d7b38d165994fad2d41dc67b8cffa4444c416451632d3659ff5f2cf,cached_perception_v2,0,0,0,,,0,0.0,0,19.693593494594097,0.8048592135310173,68.16599052399397,131.81039719021402,131.82300608717892,6.617364614901879,131.7955113110336,0.4351397962988889,48.13412731496921
sugar_box_yalehand0_black10_2,456,0.4490999556169529,0.4143099184875829,0.3571977516912682,0.3415791368361233,0.017387689973057972,0.01662740626011741,0.0,0.0,-0.034790037129369955,-0.01561861485514493,MODE_4_TRUSTED_FUSION,full,four_mode_relocalization_v2,0.5108647169270731,0,0,0,False,0,0,0.4143099184875829,0,0,restarted_se3,0,46.752724796533585,3.630860708653927,0,457,cache_read_only_not_online_fps,178d419b5d7b38d165994fad2d41dc67b8cffa4444c416451632d3659ff5f2cf,cached_perception_v2,0,0,0,,,0,0.0,0,21.472315303981304,0.9086001664400101,72.76450097560883,132.57056622357885,132.59583687651937,6.519523939456286,132.5555183244505,0.43040212599273686,48.208389319590324
sugar_box_yalehand0_black10_2,457,0.3989901329127993,0.4366310230466467,0.339364846465162,0.36467075668284704,0.016519618922995874,0.017751461282774935,0.0,0.0,0.037640890133847416,0.025305910217685024,MODE_4_TRUSTED_FUSION,full,four_mode_relocalization_v2,0.4825244020406881,0,0,0,False,0,0,0.3989901329127993,0,0,restarted_se3,0,46.42518516629934,3.1692013144493103,0,458,cache_read_only_not_online_fps,178d419b5d7b38d165994fad2d41dc67b8cffa4444c416451632d3659ff5f2cf,cached_perception_v2,0,0,0,,,0,0.0,0,20.032781176269054,0.7951613515615463,70.42232900857925,133.43522697556023,133.42642361302143,6.470629228601046,133.42009040938655,0.4161149753303009,48.316581734710226
sugar_box_yalehand0_black10_2,458,0.40935856742809673,0.42417312198196483,0.34966296528520957,0.3599436440752082,0.01702091126456544,0.017521354659482413,0.0,0.0,0.014814554553868098,0.01028067878999861,MODE_4_TRUSTED_FUSION,full,four_mode_relocalization_v2,0.4929546425031629,0,0,0,False,0,0,0.40935856742809673,0,0,restarted_se3,0,44.20666769146919,3.260876052081585,0,459,cache_read_only_not_online_fps,178d419b5d7b38d165994fad2d41dc67b8cffa4444c416451632d3659ff5f2cf,cached_perception_v2,0,0,0,,,0,0.0,0,19.93790455162525,0.8057178929448128,68.21116618812084,134.57843425729635,134.39910984407243,6.413676234188722,134.56339338158085,0.41194647365737835,48.3935954307511
sugar_box_yalehand0_black10_2,459,0.4260908054907275,0.403709686132036,0.3727013982043369,0.3506341528939521,0.01814237725130858,0.01706818678342449,0.0,0.0,-0.02238111935869147,-0.022067245310384787,MODE_4_TRUSTED_FUSION,full,four_mode_relocalization_v2,0.5148433942637213,0,0,0,False,0,0,0.403709686132036,0,0,restarted_se3,0,44.73870526999235,3.314557485282421,0,460,cache_read_only_not_online_fps,178d419b5d7b38d165994fad2d41dc67b8cffa4444c416451632d3659ff5f2cf,cached_perception_v2,0,0,0,,,0,0.0,0,20.210685208439827,0.7952293381094933,69.05917730182409,135.66921311244462,135.51808507455033,6.376599141878336,135.65417118039898,0.4136037354807046,48.38832929382404
sugar_box_yalehand0_black10_2,460,0.4303889763292812,0.42571410318128156,0.366914940480507,0.3659093977566249,0.01786070377361233,0.01781175591474496,0.0,0.0,-0.004674873147999636,-0.0010055427238820913,MODE_4_TRUSTED_FUSION,full,four_mode_relocalization_v2,0.5006678468487329,0,0,0,False,0,0,0.42571410318128156,0,0,restarted_se3,0,44.97385583817959,3.2961955294013023,0,461,cache_read_only_not_online_fps,178d419b5d7b38d165994fad2d41dc67b8cffa4444c416451632d3659ff5f2cf,cached_perception_v2,0,0,0,,,0,0.0,0,19.838251173496246,0.763637013733387,68.87193955481052,136.80085890990324,136.72162987501687,6.341076940360586,136.78592155145094,0.423795200558772,48.51694869298434
sugar_box_yalehand0_black10_2,461,0.4403057487928425,0.42224645972246233,0.3798156309510302,0.3716164142163037,0.018488684227794244,0.01808956234662251,0.0,0.0,-0.01805928907038018,-0.008199216734726511,MODE_4_TRUSTED_FUSION,full,four_mode_relocalization_v2,0.5053142832126892,0,0,0,False,0,0,0.42224645972246233,0,0,restarted_se3,0,46.146612614393234,2.953069284558296,0,462,cache_read_only_not_online_fps,178d419b5d7b38d165994fad2d41dc67b8cffa4444c416451632d3659ff5f2cf,cached_perception_v2,0,0,0,,,0,0.0,0,20.20822837948799,0.7637171074748039,70.07162738591433,137.87536851054946,137.8655815411316,6.279184147003374,137.8604915097084,0.4287754738942241,48.588074450729636
sugar_box_yalehand0_black10_2,462,0.4515032728642455,0.47073768898232254,0.35633877373303724,0.3812578889026693,0.017345876601163292,0.018558890532300754,0.0,0.0,0.019234416118077025,0.024919115169632078,MODE_4_TRUSTED_FUSION,full,four_mode_relocalization_v2,0.4835538378146113,0,0,0,False,0,0,0.4515032728642455,0,0,restarted_se3,0,45.723446644842625,3.417965956032276,0,463,cache_read_only_not_online_fps,178d419b5d7b38d165994fad2d41dc67b8cffa4444c416451632d3659ff5f2cf,cached_perception_v2,0,0,0,,,0,0.0,0,19.61517333984375,0.8251294493675232,69.58171539008617,138.86690107108836,138.9206685101849,6.208235997037226,138.85209405274503,0.4588958906043408,48.63017709767288
sugar_box_yalehand0_black10_2,463,0.4894966773387228,0.47500496620255306,0.37037490109534515,0.36254899723638495,0.01802912790899657,0.017648178170611404,0.0,0.0,-0.01449171113616976,-0.007825903858960204,MODE_4_TRUSTED_FUSION,full,four_mode_relocalization_v2,0.5051970085398406,0,0,0,False,0,0,0.47500496620255306,0,0,restarted_se3,0,43.936001136898994,3.557160496711731,0,464,cache_read_only_not_online_fps,178d419b5d7b38d165994fad2d41dc67b8cffa4444c416451632d3659ff5f2cf,cached_perception_v2,0,0,0,,,0,0.0,0,22.9307496920228,1.0620197281241417,71.48593105375767,139.9157497844104,139.9591118589034,6.176781865913677,139.901043576584,0.4803066545578079,48.59536024186195
sugar_box_yalehand0_black10_2,464,0.4813475188069263,0.5308634236175056,0.36448202180950784,0.37539925649574807,0.017742274037196852,0.018273703731781072,0.0,0.0,0.049515904810579325,0.01091723468624023,MODE_4_TRUSTED_FUSION,full,four_mode_relocalization_v2,0.49281648660262517,0,0,0,False,0,0,0.4813475188069263,0,0,restarted_se3,0,45.007770881056786,2.4376939982175827,0,465,cache_read_only_not_online_fps,178d419b5d7b38d165994fad2d41dc67b8cffa4444c416451632d3659ff5f2cf,cached_perception_v2,0,0,0,,,0,0.0,0,14.545202255249023,0.9593171998858452,62.94998433440924,140.70739431528935,140.7489168466656,6.01733953839715,140.69272433428787,0.5023279811972944,48.536356607984324
sugar_box_yalehand0_black10_2,465,0.4967167364735783,0.5950748967008135,0.383484654698772,0.3727958454220762,0.018667285148789573,0.018146974757684512,0.0,0.0,0.0983581602272352,-0.010688809276695799,MODE_4_TRUSTED_FUSION,full,four_mode_relocalization_v2,0.5068846307971356,0,0,0,False,0,0,0.4967167364735783,0,0,restarted_se3,0,45.33090256154537,3.5070525482296944,0,466,cache_read_only_not_online_fps,178d419b5d7b38d165994fad2d41dc67b8cffa4444c416451632d3659ff5f2cf,cached_perception_v2,0,0,0,,,0,0.0,0,20.135576836764812,0.7918085902929306,69.76534053683281,141.62631303602956,141.60957033292422,5.939566442831914,141.61150493596352,0.5334731241194912,48.289042261126625
sugar_box_yalehand0_black10_2,466,0.5079217313564353,0.5501928249211584,0.39341457218965187,0.3838531425620426,0.01915065416769285,0.018685222419377215,0.0,0.0,0.04227109356472314,-0.009561429627609253,MODE_4_TRUSTED_FUSION,full,four_mode_relocalization_v2,0.5059963732700421,0,0,0,False,0,0,0.5079217313564353,0,0,restarted_se3,0,44.882625341415405,3.245452418923378,0,467,cache_read_only_not_online_fps,178d419b5d7b38d165994fad2d41dc67b8cffa4444c416451632d3659ff5f2cf,cached_perception_v2,0,0,0,,,0,0.0,0,19.664390943944454,0.8063651621341705,68.59883386641741,142.52907528195738,142.46894027612348,5.828939870174272,142.5142351593592,0.516476763072787,48.08374546151627
sugar_box_yalehand0_black10_2,467,0.5122941003038901,0.5477630935393224,0.376878627176229,0.38534513149487676,0.018345716611553244,0.01875784953106681,0.0,0.0,0.03546899323543229,0.00846650431864776,MODE_4_TRUSTED_FUSION,full,four_mode_relocalization_v2,0.4945881825853569,0,0,0,False,0,0,0.5122941003038901,0,0,restarted_se3,0,42.8313659504056,3.116913139820099,0,468,cache_read_only_not_online_fps,178d419b5d7b38d165994fad2d41dc67b8cffa4444c416451632d3659ff5f2cf,cached_perception_v2,0,0,0,,,0,0.0,0,19.91512905806303,0.7743062451481819,66.63771439343691,143.27717996554634,143.27095734354094,5.724024873238332,143.26241836964707,0.5240400008820045,47.73305833536578
sugar_box_yalehand0_black10_2,468,0.501336645098621,0.5374976165178995,0.36920823955934184,0.3797786984762431,0.017972337100556516,0.018486886426944446,0.0,0.0,0.03616097141927854,0.010570458916901282,MODE_4_TRUSTED_FUSION,full,four_mode_relocalization_v2,0.49312702310399187,0,0,0,False,0,0,0.501336645098621,0,0,restarted_se3,0,44.067312963306904,2.985512837767601,0,469,cache_read_only_not_online_fps,178d419b5d7b38d165994fad2d41dc67b8cffa4444c416451632d3659ff5f2cf,cached_perception_v2,0,0,0,,,0,0.0,0,20.841192454099655,0.9330008178949356,68.8270190730691,144.06004390325995,144.07217010639104,5.620715484507087,144.04535036464546,0.517328920482071,47.53093248920183
sugar_box_yalehand0_black10_2,469,0.47999548330216624,0.61827497892771,0.36792921673909496,0.41452617204603576,0.01791007676391772,0.02017832567850161,0.0,0.0019588638589618022,0.13827949562554376,0.0465969553069408,MODE_4_TRUSTED_FUSION,full,four_mode_relocalization_v2,0.47096601508434893,0,0,0,False,0,0,0.47999548330216624,0,0,restarted_se3,0,45.863972045481205,3.187810070812702,0,470,cache_read_only_not_online_fps,178d419b5d7b38d165994fad2d41dc67b8cffa4444c416451632d3659ff5f2cf,cached_perception_v2,0,0,0,,,0,0.0,0,20.354710519313812,0.8189408108592033,70.22543344646692,145.1339838972533,145.09259427720008,5.614489902775756,145.1193500538686,0.5339667159708731,47.50833852171104
sugar_box_yalehand0_black10_2,470,0.46346508370314377,0.589185982580745,0.3418981885450376,0.3860731531087085,0.016642937075117534,0.018793288203497013,0.0,0.0,0.12572089887760118,0.04417496456367087,MODE_4_TRUSTED_FUSION,full,four_mode_relocalization_v2,0.47047014898592165,0,0,0,False,0,0,0.46346508370314377,0,0,restarted_se3,0,46.08618468046188,3.292611800134182,0,471,cache_read_only_not_online_fps,178d419b5d7b38d165994fad2d41dc67b8cffa4444c416451632d3659ff5f2cf,cached_perception_v2,0,0,0,,,0,0.0,0,22.157708182930946,0.8203946053981781,72.35689926892519,146.0556127790507,146.0165459635497,5.529152241756234,146.04101807255165,0.51102864311704,47.46777310007324
sugar_box_yalehand0_black10_2,471,0.46066746053541674,0.511646133894557,0.34153144894261145,0.3410378776462837,0.016625084906458476,0.016601058818277593,0.0,0.0,0.0509786733591403,-0.0004935712963277661,MODE_4_TRUSTED_FUSION,full,four_mode_relocalization_v2,0.5003512616318763,0,0,0,False,0,0,0.46066746053541674,0,0,restarted_se3,0,44.19291764497757,3.4136753529310226,0,472,cache_read_only_not_online_fps,178d419b5d7b38d165994fad2d41dc67b8cffa4444c416451632d3659ff5f2cf,cached_perception_v2,0,0,0,,,0,0.0,0,20.561194978654385,0.9538820013403893,69.12166997790337,146.9713335050109,146.98161668794938,5.480717250259767,146.95671315946532,0.47680816703207773,47.47909576976736
sugar_box_yalehand0_black10_2,472,0.42225458946332356,0.43777093667558603,0.3171598097329374,0.3150700969340955,0.015438721037406735,0.015336997893554475,0.0,0.0,0.015516347212262471,-0.002089712798841903,MODE_4_TRUSTED_FUSION,full,four_mode_relocalization_v2,0.5016019756051363,0,0,0,False,0,0,0.42225458946332356,0,0,restarted_se3,0,45.357368886470795,3.9071040228009224,0,473,cache_read_only_not_online_fps,178d419b5d7b38d165994fad2d41dc67b8cffa4444c416451632d3659ff5f2cf,cached_perception_v2,0,0,0,,,0,0.0,0,19.62455455213785,0.8306344971060753,69.71966195851564,147.8662442513991,147.8988915639895,5.4346302339630075,147.85158374662402,0.42764719401326007,47.49650849295583
sugar_box_yalehand0_black10_2,473,0.4706843640713795,0.4200580133466969,0.33647188273835904,0.29557762901445367,0.016378795090407954,0.01438814256792115,0.0,0.0,-0.05062635072468258,-0.04089425372390537,MODE_4_TRUSTED_FUSION,full,four_mode_relocalization_v2,0.5313582427306596,0,0,0,False,0,0,0.4200580133466969,0,0,restarted_se3,0,47.58002609014511,3.7506073713302612,0,474,cache_read_only_not_online_fps,178d419b5d7b38d165994fad2d41dc67b8cffa4444c416451632d3659ff5f2cf,cached_perception_v2,0,0,0,,,0,0.0,0,22.540397010743618,0.8238991722464561,74.69492964446545,148.93857196045198,148.9309722132899,5.4621131753987155,148.9239116745111,0.4413465182877814,47.51941568058587
sugar_box_yalehand0_black10_2,474,0.4350244019766036,0.43960262292985836,0.3250368155210227,0.3156598389194493,0.015822158318046703,0.015365705383332548,0.0,0.0,0.004578220953254775,-0.009376976601573384,MODE_4_TRUSTED_FUSION,full,four_mode_relocalization_v2,0.5070962797666309,0,0,0,False,0,0,0.4350244019766036,0,0,restarted_se3,0,46.84362653642893,3.49296722561121,0,475,cache_read_only_not_online_fps,178d419b5d7b38d165994fad2d41dc67b8cffa4444c416451632d3659ff5f2cf,cached_perception_v2,0,0,0,,,0,0.0,0,20.69973014295101,0.8485792204737663,71.88490312546492,149.93387940597017,149.86785454665218,5.3857386333699315,149.91923832625855,0.43606973188293485,47.5943303575399
sugar_box_yalehand0_black10_2,475,0.4345289072248728,0.41355722127415584,0.32997406003051705,0.31540855419133906,0.016062493752538657,0.015353473332804075,0.0,0.0,-0.020971685950716967,-0.014565505839177983,MODE_4_TRUSTED_FUSION,full,four_mode_relocalization_v2,0.5109452107162522,0,0,0,False,0,0,0.41355722127415584,0,0,restarted_se3,0,47.56593517959118,4.175465553998947,0,476,cache_read_only_not_online_fps,178d419b5d7b38d165994fad2d41dc67b8cffa4444c416451632d3659ff5f2cf,cached_perception_v2,0,0,0,,,0,0.0,0,20.80855704843998,0.8455319330096245,73.39548971503973,150.7733618026231,150.77617587305355,5.323942833060167,150.75850568509878,0.4236732310901962,47.610172426309575
sugar_box_yalehand0_black10_2,476,0.45654395003920567,0.46614240578063726,0.3275675208249094,0.32124813482906583,0.01594534811705526,0.015637732730352648,0.0,0.0,0.009598455741431589,-0.006319385995843585,MODE_4_TRUSTED_FUSION,full,four_mode_relocalization_v2,0.5047243107591916,0,0,0,False,0,0,0.45654395003920567,0,0,restarted_se3,0,46.75578139722347,3.5514188930392265,0,477,cache_read_only_not_online_fps,178d419b5d7b38d165994fad2d41dc67b8cffa4444c416451632d3659ff5f2cf,cached_perception_v2,0,0,0,,,0,0.0,0,20.275743678212166,0.8821692317724228,71.46511320024729,151.80476152071742,151.78315967911055,5.302532184998227,151.78979546577904,0.46012600595778835,47.65290539659168
sugar_box_yalehand0_black10_2,477,0.48745065638717244,0.500315117244709,0.3294894705996525,0.3437686668971565,0.01603890488405279,0.01673398831363728,0.0,0.0,0.012864460857536564,0.014279196297504015,MODE_4_TRUSTED_FUSION,full,four_mode_relocalization_v2,0.48970138572836464,0,0,0,False,0,0,0.48745065638717244,0,0,restarted_se3,0,47.42549546062946,3.732740879058838,0,478,cache_read_only_not_online_fps,178d419b5d7b38d165994fad2d41dc67b8cffa4444c416451632d3659ff5f2cf,cached_perception_v2,0,0,0,,,0,0.0,0,20.433680154383183,0.8732089772820473,72.46512547135353,152.83128216008387,152.78346304241907,5.257466461814201,152.81627021547044,0.4933075036198299,47.69381081412392
sugar_box_yalehand0_black10_2,478,0.459236813484647,0.4686039188914293,0.30634565166122313,0.33967377771541546,0.014912308911405643,0.016534657093804514,0.0,0.0,0.009367105406782317,0.03332812605419233,MODE_4_TRUSTED_FUSION,full,four_mode_relocalization_v2,0.47497961426937213,0,0,0,False,0,0,0.459236813484647,0,0,restarted_se3,0,46.642026863992214,3.515043295919895,0,479,cache_read_only_not_online_fps,178d419b5d7b38d165994fad2d41dc67b8cffa4444c416451632d3659ff5f2cf,cached_perception_v2,0,0,0,,,0,0.0,0,20.780748687684536,0.8606929332017899,71.79851178079844,153.68534096745304,153.73300017720598,5.224233135399273,153.6703519124224,0.4611128784741102,47.76835742392467
sugar_box_yalehand0_black10_2,479,0.44036982532567653,0.45640293281804756,0.30567550137968735,0.3076721128561826,0.014879687302575438,0.014976878455614821,0.0,0.0,0.016033107492371024,0.001996611476495269,MODE_4_TRUSTED_FUSION,full,four_mode_relocalization_v2,0.49842376332394944,0,0,0,False,0,0,0.44036982532567653,0,0,restarted_se3,0,47.14037198573351,3.476186655461788,0,480,cache_read_only_not_online_fps,178d419b5d7b38d165994fad2d41dc67b8cffa4444c416451632d3659ff5f2cf,cached_perception_v2,0,0,0,,,0,0.0,0,20.82195319235325,0.8544335141777992,72.29294534772635,154.49284609381155,154.56405537127233,5.165100081339591,154.47786246380318,0.4477205294241682,47.85301182199843
sugar_box_yalehand0_black10_2,480,0.44762335171561524,0.4234476257883966,0.31957937055822017,0.301630611956306,0.015556500539942168,0.014682789973473982,0.0,0.0,-0.024175725927218616,-0.01794875860191414,MODE_4_TRUSTED_FUSION,full,four_mode_relocalization_v2,0.5139960068396998,0,0,0,False,0,0,0.4234476257883966,0,0,restarted_se3,0,47.5236214697361,3.557301126420498,0,481,cache_read_only_not_online_fps,178d419b5d7b38d165994fad2d41dc67b8cffa4444c416451632d3659ff5f2cf,cached_perception_v2,0,0,0,,,0,0.0,0,22.96274248510599,0.7880637422204018,74.83172882348299,155.38555952247012,155.37401696934876,5.092283891085612,155.37060266167796,0.43382215968196036,47.95219311978586
sugar_box_yalehand0_black10_2,481,0.42987518314431944,0.4259033321612829,0.31074984785684256,0.2981485036798901,0.01512669659348753,0.014513287733114782,0.0,0.0,-0.00397185098303654,-0.012601344176952467,MODE_4_TRUSTED_FUSION,full,four_mode_relocalization_v2,0.5100185857906613,0,0,0,False,0,0,0.4259033321612829,0,0,restarted_se3,0,45.47067824751139,3.527812659740448,0,482,cache_read_only_not_online_fps,178d419b5d7b38d165994fad2d41dc67b8cffa4444c416451632d3659ff5f2cf,cached_perception_v2,0,0,0,,,0,0.0,0,21.35306876152754,0.83885807543993,71.1904177442193,156.22447093181407,156.22277458960676,5.063714644326198,156.20959097495236,0.426749579974821,48.00182829823255
sugar_box_yalehand0_black10_2,482,0.4357936364525282,0.43740057990144826,0.3185264899371127,0.31024402414191243,0.015505248364552552,0.015102074081462798,0.0,0.0,0.0016069434489200396,-0.008282465795200256,MODE_4_TRUSTED_FUSION,full,four_mode_relocalization_v2,0.5063832014675927,0,0,0,False,0,0,0.4357936364525282,0,0,restarted_se3,0,44.13827043026686,3.549322485923767,0,483,cache_read_only_not_online_fps,178d419b5d7b38d165994fad2d41dc67b8cffa4444c416451632d3659ff5f2cf,cached_perception_v2,0,0,0,,,0,0.0,0,21.762973628938198,0.8202595636248589,70.27082610875368,157.20824095984702,157.12056475209698,5.034304646584785,157.19339165431333,0.43560298211246923,47.98913917276732
sugar_box_yalehand0_black10_2,483,0.4558414705286846,0.43787971662608255,0.33304461079984243,0.31507167511032963,0.01621196217604013,0.015337074716095916,0.0,0.0,-0.017961753902602073,-0.017972935689512803,MODE_4_TRUSTED_FUSION,full,four_mode_relocalization_v2,0.5134504547101619,0,0,0,False,0,0,0.43787971662608255,0,0,restarted_se3,0,46.27271741628647,3.1971102580428123,0,484,cache_read_only_not_online_fps,178d419b5d7b38d165994fad2d41dc67b8cffa4444c416451632d3659ff5f2cf,cached_perception_v2,0,0,0,,,0,0.0,0,22.831239737570286,0.7738843560218811,73.07495176792145,158.1997445248421,158.10390122916135,4.98918621540672,158.18492588521565,0.4452916643303544,48.046182053587074
sugar_box_yalehand0_black10_2,484,0.4292098232464263,0.4462827353631566,0.316906949043495,0.336345445259835,0.015426412272153927,0.01637264036052194,0.0,0.0,0.017072912116730288,0.01943849621634003,MODE_4_TRUSTED_FUSION,full,four_mode_relocalization_v2,0.4855637377744088,0,0,0,False,0,0,0.4292098232464263,0,0,restarted_se3,0,45.1061837375164,3.54898814111948,0,485,cache_read_only_not_online_fps,178d419b5d7b38d165994fad2d41dc67b8cffa4444c416451632d3659ff5f2cf,cached_perception_v2,0,0,0,,,0,0.0,0,21.176383830606937,0.898643396794796,70.73019910603762,159.08891684293576,159.07417413174292,4.944147520877642,159.07405532314567,0.436565295398096,48.097982581529934
sugar_box_yalehand0_black10_2,485,0.4127699583189808,0.43173103702780896,0.31622862023146986,0.3258324358506405,0.015393392548408635,0.01586088756413561,0.0,0.0,0.018961078708828183,0.00960381561917062,MODE_4_TRUSTED_FUSION,full,four_mode_relocalization_v2,0.4927470317647112,0,0,0,False,0,0,0.4127699583189808,0,0,restarted_se3,0,43.907065875828266,4.391949623823166,0,486,cache_read_only_not_online_fps,178d419b5d7b38d165994fad2d41dc67b8cffa4444c416451632d3659ff5f2cf,cached_perception_v2,0,0,0,,,0,0.0,0,16.071767546236515,0.8843103423714638,65.25509338825941,160.1032585273414,160.0533420114757,4.875325274323269,160.08841753089013,0.4205881399319116,48.181387939226056
sugar_box_yalehand0_black10_2,486,0.42992594046055466,0.42827002280545945,0.31645852754489806,0.30897011816417874,0.015404583988078958,0.015040062822739078,0.0,0.0,-0.001655917655095207,-0.007488409380719319,MODE_4_TRUSTED_FUSION,full,four_mode_relocalization_v2,0.5058011132837872,0,0,0,False,0,0,0.42827002280545945,0,0,restarted_se3,0,46.058439649641514,3.764457069337368,0,487,cache_read_only_not_online_fps,178d419b5d7b38d165994fad2d41dc67b8cffa4444c416451632d3659ff5f2cf,cached_perception_v2,0,0,0,,,0,0.0,0,23.02546054124832,0.8385814726352692,73.68693873286247,161.0884323491661,161.05234731680795,4.828624297501292,161.07360450993266,0.4270689391594782,48.17712775737842
sugar_box_yalehand0_black10_2,487,0.42825150902027626,0.436992312202111,0.29833033069285725,0.30915251326118054,0.014522138717521125,0.015048941460368392,0.0,0.0,0.008740803181834733,0.01082218256832329,MODE_4_TRUSTED_FUSION,full,four_mode_relocalization_v2,0.4913765111886341,0,0,0,False,0,0,0.42825150902027626,0,0,restarted_se3,0,46.87741585075855,4.0532853454351425,0,488,cache_read_only_not_online_fps,178d419b5d7b38d165994fad2d41dc67b8cffa4444c416451632d3659ff5f2cf,cached_perception_v2,0,0,0,,,0,0.0,0,22.979922592639923,0.791182741522789,74.70180653035641,162.1612869807759,162.1582631294457,4.8415779700004995,162.14642150138457,0.43222874444752624,48.19128120209227
sugar_box_yalehand0_black10_2,488,0.4172522235991356,0.41042707258747413,0.28930311484685506,0.3025543210117591,0.014082711454311956,0.014727754328947884,0.0,0.0,-0.006825151011661479,0.01325120616490405,MODE_4_TRUSTED_FUSION,full,four_mode_relocalization_v2,0.48917132865574414,0,0,0,False,0,0,0.41042707258747413,0,0,restarted_se3,0,48.67134336382151,3.747229464352131,0,489,cache_read_only_not_online_fps,178d419b5d7b38d165994fad2d41dc67b8cffa4444c416451632d3659ff5f2cf,cached_perception_v2,0,0,0,,,0,0.0,0,22.555303759872913,0.8368827402591705,75.81075932830572,163.0521409238436,163.08235641947536,4.764258445102399,163.03721671551307,0.41254467451640003,48.27965307915028
sugar_box_yalehand0_black10_2,489,0.4311091219710207,0.40249047576175967,0.31384239458641094,0.2841884493029149,0.01527723573743882,0.013833739509855881,0.0,0.0,-0.028618646209261023,-0.02965394528349602,MODE_4_TRUSTED_FUSION,full,four_mode_relocalization_v2,0.5239906677609171,0,0,0,False,0,0,0.40249047576175967,0,0,restarted_se3,0,46.45264707505703,3.7335380911827087,0,490,cache_read_only_not_online_fps,178d419b5d7b38d165994fad2d41dc67b8cffa4444c416451632d3659ff5f2cf,cached_perception_v2,0,0,0,,,0,0.0,0,23.175626061856747,0.8371667936444283,74.19897802174091,164.00713643101125,164.02842399933243,4.730339652591265,163.99216736936665,0.4155374355309154,48.33835665775548
sugar_box_yalehand0_black10_2,490,0.4247959422947153,0.43650013522970704,0.3168992561212521,0.30509909357165554,0.015426037795701283,0.014851628894546125,0.0,0.0,0.011704192934991753,-0.011800162549596538,MODE_4_TRUSTED_FUSION,full,four_mode_relocalization_v2,0.5091901813729279,0,0,0,False,0,0,0.4247959422947153,0,0,restarted_se3,0,46.120516024529934,3.6527877673506737,0,491,cache_read_only_not_online_fps,178d419b5d7b38d165994fad2d41dc67b8cffa4444c416451632d3659ff5f2cf,cached_perception_v2,0,0,0,,,0,0.0,0,23.106293752789497,0.8436795324087143,73.72327707707882,164.90549038354388,164.9287172830049,4.692223051065867,164.8904821032974,0.4289067531355442,48.39368604091144
sugar_box_yalehand0_black10_2,491,0.4037561251067392,0.41657365102019245,0.28682414348429264,0.30337297941397995,0.013962039962679557,0.014767605023484053,0.0,0.0,0.012817525913453254,0.01654883592968731,MODE_4_TRUSTED_FUSION,full,four_mode_relocalization_v2,0.48643976240736364,0,0,0,False,0,0,0.4037561251067392,0,0,restarted_se3,0,46.61530628800392,3.485938534140587,0,492,cache_read_only_not_online_fps,178d419b5d7b38d165994fad2d41dc67b8cffa4444c416451632d3659ff5f2cf,cached_perception_v2,0,0,0,,,0,0.0,0,22.995256818830967,0.877981074154377,73.97448271512985,165.7715906565574,165.75762739199132,4.6178424605632635,165.75655870320423,0.4094079572269653,48.44969466334727
sugar_box_yalehand0_black10_2,492,0.44405634036031827,0.41231367864176216,0.32441261557057666,0.29856964016541965,0.015791773481725183,0.014533787835962741,0.0,0.0,-0.03174266171855611,-0.02584297540515701,MODE_4_TRUSTED_FUSION,full,four_mode_relocalization_v2,0.5200961808623906,0,0,0,False,0,0,0.41231367864176216,0,0,restarted_se3,0,46.61292675882578,3.445264883339405,0,493,cache_read_only_not_online_fps,178d419b5d7b38d165994fad2d41dc67b8cffa4444c416451632d3659ff5f2cf,cached_perception_v2,0,0,0,,,0,0.0,0,22.468061186373234,0.8646929636597633,73.39094579219818,166.71885659746815,166.69283574312473,4.597350190589868,166.70376112582923,0.4272863989969509,48.4944709235877
sugar_box_yalehand0_black10_2,493,0.4710625223000881,0.4609833190559051,0.3151580597697054,0.3135191523731689,0.015341279752853685,0.015261500936860023,0.0,0.0,-0.010079203244182988,-0.001638907396536493,MODE_4_TRUSTED_FUSION,full,four_mode_relocalization_v2,0.5012632688229655,0,0,0,False,0,0,0.4609833190559051,0,0,restarted_se3,0,47.15632554143667,3.597109578549862,0,494,cache_read_only_not_online_fps,178d419b5d7b38d165994fad2d41dc67b8cffa4444c416451632d3659ff5f2cf,cached_perception_v2,0,0,0,,,0,0.0,0,17.01020449399948,0.9958622977137566,68.75950191169977,167.6632188739286,167.6637982047624,4.616751856165343,167.64800240423568,0.46553747996099853,48.486321907832796
sugar_box_yalehand0_black10_2,494,0.40125294961391983,0.46127874448476797,0.29405645157352023,0.32421072593608247,0.014314094616578439,0.01578194588802747,0.0,0.0,0.06002579487084814,0.03015427436256224,MODE_4_TRUSTED_FUSION,full,four_mode_relocalization_v2,0.476378015801926,0,0,0,False,0,0,0.40125294961391983,0,0,restarted_se3,0,45.70632893592119,3.7040384486317635,0,495,cache_read_only_not_online_fps,178d419b5d7b38d165994fad2d41dc67b8cffa4444c416451632d3659ff5f2cf,cached_perception_v2,0,0,0,,,0,0.0,0,21.054117009043694,0.9143762290477753,71.37886062264442,168.62444477898458,168.5947551725997,4.598653431161413,168.60916258573005,0.4297627404656709,48.5079895469408
sugar_box_yalehand0_black10_2,495,0.42323045177895247,0.4024038717649064,0.3169843316251942,0.2959892044585658,0.015430179105325553,0.01440817725791811,0.0,0.0,-0.02082658001404608,-0.02099512716662838,MODE_4_TRUSTED_FUSION,full,four_mode_relocalization_v2,0.5165845220769626,0,0,0,False,0,0,0.4024038717649064,0,0,restarted_se3,0,50.26159156113863,3.6627789959311485,0,496,cache_read_only_not_online_fps,178d419b5d7b38d165994fad2d41dc67b8cffa4444c416451632d3659ff5f2cf,cached_perception_v2,0,0,0,,,0,0.0,0,22.38704264163971,0.959448516368866,77.27086171507835,169.4290202857064,169.41963539613425,4.510717943363919,169.41368851377382,0.4110442325886382,48.61316463965936
sugar_box_yalehand0_black10_2,496,0.43194537702704827,0.406614316380871,0.34037911169106455,0.30674449764382006,0.016568991376251653,0.014931723956040048,0.0,0.0,-0.025331060646177295,-0.03363461404724449,MODE_4_TRUSTED_FUSION,full,four_mode_relocalization_v2,0.5252086821517064,0,0,0,False,0,0,0.406614316380871,0,0,restarted_se3,0,46.30336444824934,3.552079200744629,0,497,cache_read_only_not_online_fps,178d419b5d7b38d165994fad2d41dc67b8cffa4444c416451632d3659ff5f2cf,cached_perception_v2,0,0,0,,,0,0.0,0,22.494562901556492,0.9796172380447388,73.3296237885952,170.38277850064517,170.34419201411842,4.497256972344752,170.36734744760864,0.417835167731014,48.57727321473859
sugar_box_yalehand0_black10_2,497,0.4436767577509818,0.46072319281673596,0.30973101465261293,0.3299530424566933,0.015077101779954903,0.016061470658031755,0.0,0.0,0.01704643506575415,0.02022202780408039,MODE_4_TRUSTED_FUSION,full,four_mode_relocalization_v2,0.48467294488463764,0,0,0,False,0,0,0.4436767577509818,0,0,restarted_se3,0,45.94886023551226,3.622988238930702,0,498,cache_read_only_not_online_fps,178d419b5d7b38d165994fad2d41dc67b8cffa4444c416451632d3659ff5f2cf,cached_perception_v2,0,0,0,,,0,0.0,0,22.91289996355772,0.8654287084937096,73.35017714649439,171.38164346197627,171.33608077671326,4.474805930411137,171.36611296796585,0.4515065162756975,48.66032949118109
sugar_box_yalehand0_black10_2,498,0.4599522460412777,0.4289639292037845,0.3102896758396853,0.31415676053072394,0.015104296317083992,0.015292538458555965,0.0,0.0,-0.0309883168374932,0.003867084691038636,MODE_4_TRUSTED_FUSION,full,four_mode_relocalization_v2,0.4969996849444785,0,0,0,False,0,0,0.4289639292037845,0,0,restarted_se3,0,43.74416917562485,3.265293315052986,0,499,cache_read_only_not_online_fps,178d419b5d7b38d165994fad2d41dc67b8cffa4444c416451632d3659ff5f2cf,cached_perception_v2,0,0,0,,,0,0.0,0,21.817014552652836,1.0029030963778496,69.82938013970852,172.39491134359085,172.3514922074394,4.462958646433289,172.37926095442126,0.44348849844985616,48.67047233477175
sugar_box_yalehand0_black10_2,499,0.4539642698667819,0.43706995255873865,0.3216088560344451,0.31104218686387103,0.015655291935180074,0.015140927086252882,0.0,0.0,-0.01689431730804325,-0.010566669170574083,MODE_4_TRUSTED_FUSION,full,four_mode_relocalization_v2,0.5080951905965316,0,0,0,False,0,0,0.43706995255873865,0,0,restarted_se3,0,47.01840411871672,3.862888552248478,0,500,cache_read_only_not_online_fps,178d419b5d7b38d165994fad2d41dc67b8cffa4444c416451632d3659ff5f2cf,cached_perception_v2,0,0,0,,,0,0.0,0,23.151295259594917,0.8578076958656311,74.89039562642574,173.28606214266077,173.27566148166872,4.3799348700934475,173.2702246430434,0.4445314901726209,48.8138822963104
sugar_box_yalehand0_black10_2,500,0.4072082320993803,0.4901315178866986,0.28308483375686516,0.31783644449202014,0.013780017657259377,0.015471658297958404,0.0,0.0,0.08292328578731833,0.03475161073515498,MODE_4_TRUSTED_FUSION,full,four_mode_relocalization_v2,0.47201608967793707,0,0,0,False,0,0,0.4072082320993803,0,0,restarted_se3,0,46.022048220038414,3.774091601371765,0,501,cache_read_only_not_online_fps,178d419b5d7b38d165994fad2d41dc67b8cffa4444c416451632d3659ff5f2cf,cached_perception_v2,0,0,0,,,0,0.0,0,22.268581204116344,0.9397268295288086,73.00444785505533,174.23522493298867,174.2471806785411,4.3798864717414965,174.2192061411924,0.4442536930205886,48.76186759134595
sugar_box_yalehand0_black10_2,501,0.42893892772099507,0.41947479932123216,0.3154827823860543,0.3053870833294302,0.015357086616568762,0.014865647674339368,0.0,0.0,-0.009464128399762906,-0.010095699056624108,MODE_4_TRUSTED_FUSION,full,four_mode_relocalization_v2,0.5078765593427871,0,0,0,False,0,0,0.41947479932123216,0,0,restarted_se3,0,47.14969638735056,4.953822121024132,0,502,cache_read_only_not_online_fps,178d419b5d7b38d165994fad2d41dc67b8cffa4444c416451632d3659ff5f2cf,cached_perception_v2,0,0,0,,,0,0.0,0,14.730987139046192,1.060602255165577,67.89510790258646,175.1765995022833,175.19149026356092,4.358727644130343,175.16041783297754,0.4238245242533694,48.79820080529147
sugar_box_yalehand0_black10_2,502,0.4073919183966169,0.38891292228125485,0.30630619782658036,0.30795125061826983,0.014910388375675033,0.014990466337520474,0.0,0.0,-0.01847899611536208,0.001645052791689472,MODE_4_TRUSTED_FUSION,full,four_mode_relocalization_v2,0.49870316635955714,0,0,0,False,0,0,0.38891292228125485,0,0,restarted_se3,0,47.32224904000759,3.8768043741583824,0,503,cache_read_only_not_online_fps,178d419b5d7b38d165994fad2d41dc67b8cffa4444c416451632d3659ff5f2cf,cached_perception_v2,0,0,0,,,0,0.0,0,22.155857644975185,1.1278251186013222,74.48273617774248,176.12593428816473,176.13899384107967,4.340099966354003,176.10960471962449,0.3977143471648155,48.85696939109738
sugar_box_yalehand0_black10_2,503,0.4483729703888925,0.3987922867602334,0.33563302663194333,0.3040181410951687,0.01633796121101957,0.01479901023598019,0.0,0.0,-0.049580683628659084,-0.031614885536774606,MODE_4_TRUSTED_FUSION,full,four_mode_relocalization_v2,0.5239633362931096,0,0,0,False,0,0,0.3987922867602334,0,0,restarted_se3,0,44.32825092226267,4.2637549340724945,0,504,cache_read_only_not_online_fps,178d419b5d7b38d165994fad2d41dc67b8cffa4444c416451632d3659ff5f2cf,cached_perception_v2,0,0,0,,,0,0.0,0,11.114589869976044,0.7578888908028603,60.46448461711407,176.98309336034376,176.9775256324001,4.288789489126926,176.96666426116906,0.4217491919434964,48.91443314975442
sugar_box_yalehand0_black10_2,504,0.46389847920128674,0.43692899408265606,0.3409219737273554,0.3303725798794379,0.01659541684153097,0.016081892921621713,0.0,0.0,-0.026969485118630676,-0.010549393847917476,MODE_4_TRUSTED_FUSION,full,four_mode_relocalization_v2,0.5076301728350647,0,0,0,False,0,0,0.43692899408265606,0,0,restarted_se3,0,44.75647583603859,2.9974374920129776,0,505,cache_read_only_not_online_fps,178d419b5d7b38d165994fad2d41dc67b8cffa4444c416451632d3659ff5f2cf,cached_perception_v2,0,0,0,,,0,0.0,0,20.765076391398907,0.9646415710449219,69.4836312904954,178.04458464027465,177.97232636173314,4.290741991282706,178.02800901241528,0.44963842475339993,48.900258416521325
sugar_box_yalehand0_black10_2,505,0.48243787527563087,0.506325674943891,0.31016482384710026,0.3394453579854632,0.015098218765561595,0.01652353806679683,0.0,0.0,0.023887799668260157,0.029280534138362957,MODE_4_TRUSTED_FUSION,full,four_mode_relocalization_v2,0.4781361343265203,0,0,0,False,0,0,0.48243787527563087,0,0,restarted_se3,0,44.27481722086668,3.7342440336942673,0,506,cache_read_only_not_online_fps,178d419b5d7b38d165994fad2d41dc67b8cffa4444c416451632d3659ff5f2cf,cached_perception_v2,0,0,0,,,0,0.0,0,20.878956653177738,1.0098489001393318,69.89786680787802,179.1531744845916,179.05873284791346,4.294971521620683,179.13660453484738,0.4932051418825429,48.906815560330884
sugar_box_yalehand0_black10_2,506,0.47472688670688945,0.5140196002004707,0.3262021354995383,0.3309401538040914,0.015878883822084456,0.01610952131343532,0.0,0.0,0.03929271349358121,0.0047380183045531155,MODE_4_TRUSTED_FUSION,full,four_mode_relocalization_v2,0.4965014603434194,0,0,0,False,0,0,0.47472688670688945,0,0,restarted_se3,0,46.234821900725365,3.854449838399887,0,507,cache_read_only_not_online_fps,178d419b5d7b38d165994fad2d41dc67b8cffa4444c416451632d3659ff5f2cf,cached_perception_v2,0,0,0,,,0,0.0,0,20.10427415370941,1.0558171197772026,71.24936301261187,180.1215651754404,180.0916475589208,4.254006770852497,180.1048375427222,0.49222972440821755,48.98340623224133
sugar_box_yalehand0_black10_2,507,0.44259041044323566,0.4664442509024237,0.31936959471177345,0.3250044609064256,0.015546289060825683,0.01582058335850357,0.0,0.0,0.023853840459188036,0.005634866194652144,MODE_4_TRUSTED_FUSION,full,four_mode_relocalization_v2,0.49575926682641985,0,0,0,False,0,0,0.44259041044323566,0,0,restarted_se3,0,46.804020181298256,3.831797279417515,0,508,cache_read_only_not_online_fps,178d419b5d7b38d165994fad2d41dc67b8cffa4444c416451632d3659ff5f2cf,cached_perception_v2,0,0,0,,,0,0.0,0,21.018659695982933,1.145755872130394,72.8002330288291,181.2876532774296,181.21103372450867,4.227105749811824,181.27064323457432,0.4537593053310739,49.01661459916382
sugar_box_yalehand0_black10_2,508,0.4402968532986822,0.4753789283185776,0.3078397980357352,0.31372411835272934,0.014985041043148843,0.015271478281036314,0.0,0.0,0.03508207501989541,0.005884320316994152,MODE_4_TRUSTED_FUSION,full,four_mode_relocalization_v2,0.4954140809928038,0,0,0,False,0,0,0.4402968532986822,0,0,restarted_se3,0,46.843559481203556,4.347194917500019,0,509,cache_read_only_not_online_fps,178d419b5d7b38d165994fad2d41dc67b8cffa4444c416451632d3659ff5f2cf,cached_perception_v2,0,0,0,,,0,0.0,0,21.559694781899452,0.8792160078883171,73.62966518849134,182.42188609022017,182.39745459895764,4.2451513237279075,182.4049332718648,0.4563000515771238,48.996819789985295
sugar_box_yalehand0_black10_2,509,0.3905422165056122,0.40608514607633095,0.27509120709544227,0.2896429980943358,0.013390903499930294,0.014099256307985445,0.0,0.0,0.015542929570718733,0.014551790998893532,MODE_4_TRUSTED_FUSION,full,four_mode_relocalization_v2,0.4875569182803572,0,0,0,False,0,0,0.3905422165056122,0,0,restarted_se3,0,44.75167766213417,3.8945088163018227,0,510,cache_read_only_not_online_fps,178d419b5d7b38d165994fad2d41dc67b8cffa4444c416451632d3659ff5f2cf,cached_perception_v2,0,0,0,,,0,0.0,0,19.750505685806274,1.1652922257781029,69.56198439002037,183.39548229123437,183.46600383058762,4.224610929907171,183.37851691339782,0.39699510563689505,49.05795745781525
sugar_box_yalehand0_black10_2,510,0.4091978200271954,0.3552927291425058,0.3000438539179834,0.2662393645291954,0.014605549686540546,0.012960013065980283,0.0,0.0,-0.05390509088468959,-0.033804489388787995,MODE_4_TRUSTED_FUSION,full,four_mode_relocalization_v2,0.5288294874602774,0,0,0,False,0,0,0.3552927291425058,0,0,restarted_se3,0,46.624873764812946,4.180784337222576,0,511,cache_read_only_not_online_fps,178d419b5d7b38d165994fad2d41dc67b8cffa4444c416451632d3659ff5f2cf,cached_perception_v2,0,0,0,,,0,0.0,0,20.576504059135914,0.9124176576733589,72.2945798188448,184.42817417433733,184.41540726354197,4.168168026346131,184.4116472249265,0.3804323213080647,49.15266518642664
sugar_box_yalehand0_black10_2,511,0.4618682497084332,0.3799456191090329,0.32591616858892153,0.2781686015933059,0.01586496351054606,0.013540705062790903,0.0,0.0,-0.0819226305994003,-0.04774756699561561,MODE_4_TRUSTED_FUSION,full,four_mode_relocalization_v2,0.5382540716236945,0,0,0,False,0,0,0.3799456191090329,0,0,restarted_se3,0,45.897189527750015,3.6656344309449196,0,512,cache_read_only_not_online_fps,178d419b5d7b38d165994fad2d41dc67b8cffa4444c416451632d3659ff5f2cf,cached_perception_v2,0,0,0,,,0,0.0,0,20.885370671749115,0.8376911282539368,71.28588575869799,185.42857130509856,185.4165414616863,4.158511882961341,185.4134831645142,0.41620113322608937,49.144263219189185
sugar_box_yalehand0_black10_2,512,0.45699446024475443,0.4810810926541729,0.322738253010412,0.31601884464958013,0.015710268777508002,0.015383181082170265,0.0,0.0,0.024086632409418496,-0.006719408360831847,MODE_4_TRUSTED_FUSION,full,four_mode_relocalization_v2,0.5051000652476461,0,0,0,False,0,0,0.45699446024475443,0,0,restarted_se3,0,44.82701234519482,3.804650157690048,0,513,cache_read_only_not_online_fps,178d419b5d7b38d165994fad2d41dc67b8cffa4444c416451632d3659ff5f2cf,cached_perception_v2,0,0,0,,,0,0.0,0,20.4338189214468,0.9657442569732666,70.03122568130493,186.507661215347,186.47004038491625,4.187997837545343,186.4934801778057,0.4643536779728984,49.12947877618029
sugar_box_yalehand0_black10_2,513,0.4519321078596471,0.511716127138498,0.29353902100192875,0.3411770053390206,0.014288907105406222,0.016607831283044022,0.0,0.0,0.05978401927885091,0.047637984337091877,MODE_4_TRUSTED_FUSION,full,four_mode_relocalization_v2,0.46361935371940627,0,0,0,False,0,0,0.4519321078596471,0,0,restarted_se3,0,44.053236953914165,3.8663260638713837,0,514,cache_read_only_not_online_fps,178d419b5d7b38d165994fad2d41dc67b8cffa4444c416451632d3659ff5f2cf,cached_perception_v2,0,0,0,,,0,0.0,0,21.2721461430192,0.8688289672136307,70.06053812801838,187.38412323955598,187.38655183635674,4.17754620888716,187.3706597828522,0.47420296796414085,49.14141379603606
sugar_box_yalehand0_black10_2,514,0.4327384943695092,0.4364703536005157,0.3127383658403791,0.3274045544413014,0.015223493771072983,0.015937415231305586,0.0,0.0,0.0037318592310065513,0.01466618860092228,MODE_4_TRUSTED_FUSION,full,four_mode_relocalization_v2,0.4888916565259351,0,0,0,False,0,0,0.4327384943695092,0,0,restarted_se3,0,46.50299157947302,3.8356073200702667,0,515,cache_read_only_not_online_fps,178d419b5d7b38d165994fad2d41dc67b8cffa4444c416451632d3659ff5f2cf,cached_perception_v2,0,0,0,,,0,0.0,0,20.652538165450096,1.0160068050026894,72.00714386999607,188.3035992792613,188.31165743749568,4.163919085181606,188.29023238645127,0.4337964207210873,49.15771837470903
sugar_box_yalehand0_black10_2,515,0.4380879217849371,0.4434384910580811,0.312636737248147,0.3071108718234262,0.015218546689391299,0.014949558336628848,0.0,0.0,0.005350569273143979,-0.005525865424720777,MODE_4_TRUSTED_FUSION,full,four_mode_relocalization_v2,0.5043187855228878,0,0,0,False,0,0,0.4380879217849371,0,0,restarted_se3,0,43.65632403641939,4.226683638989925,0,516,cache_read_only_not_online_fps,178d419b5d7b38d165994fad2d41dc67b8cffa4444c416451632d3659ff5f2cf,cached_perception_v2,0,0,0,,,0,0.0,0,20.747799426317215,0.9229732677340508,69.55378036946058,189.15885492940362,189.16182562568613,4.14653085692026,189.14556729109967,0.4387148875858217,49.21018486560733
sugar_box_yalehand0_black10_2,516,0.45117867247463594,0.43177758843565917,0.3126581566208505,0.30987034435831134,0.01521958934268411,0.015083884078318345,0.0,0.0,-0.01940108403897678,-0.0027878122625391577,MODE_4_TRUSTED_FUSION,full,four_mode_relocalization_v2,0.5021694074724241,0,0,0,False,0,0,0.43177758843565917,0,0,restarted_se3,0,47.269332222640514,3.984794020652771,0,517,cache_read_only_not_online_fps,178d419b5d7b38d165994fad2d41dc67b8cffa4444c416451632d3659ff5f2cf,cached_perception_v2,0,0,0,,,0,0.0,0,20.794681273400784,0.8382145315408707,72.88702204823494,190.09026873522637,190.09525685145044,4.16846610932839,190.0770300344366,0.4410433726578465,49.2126585400368
sugar_box_yalehand0_black10_2,517,0.43023577865565776,0.4081538002066722,0.32322375516774904,0.3105955975937168,0.015733902075738625,0.015119187991485433,0.0,0.0,-0.022081978448985573,-0.01262815757403224,MODE_4_TRUSTED_FUSION,full,four_mode_relocalization_v2,0.5096572222286601,0,0,0,False,0,0,0.4081538002066722,0,0,restarted_se3,0,44.57099176943302,4.295256920158863,0,518,cache_read_only_not_online_fps,178d419b5d7b38d165994fad2d41dc67b8cffa4444c416451632d3659ff5f2cf,cached_perception_v2,0,0,0,,,0,0.0,0,20.38088347762823,1.0654199868440628,70.31255215406418,190.84052191558368,190.8297985629998,4.096993011360352,190.82732737595077,0.41786765851668906,49.301645932256186
sugar_box_yalehand0_black10_2,518,0.3764947760500378,0.4461007917187881,0.2766668474887168,0.33536523243067284,0.013467602601583552,0.016324925511533146,0.0,0.0,0.0696060156687503,0.05869838494195606,MODE_4_TRUSTED_FUSION,full,four_mode_relocalization_v2,0.4535637613921096,0,0,0,False,0,0,0.3764947760500378,0,0,restarted_se3,0,45.94732727855444,3.690360113978386,0,519,cache_read_only_not_online_fps,178d419b5d7b38d165994fad2d41dc67b8cffa4444c416451632d3659ff5f2cf,cached_perception_v2,0,0,0,,,0,0.0,0,22.834054194390774,0.899909995496273,73.37165158241987,191.50657158470125,191.47677938520292,3.9884435168756687,191.49350997105162,0.3986372403242482,49.50678625191391
sugar_box_yalehand0_black10_2,519,0.37515195756783165,0.4087261475465966,0.2683217062111588,0.29855586106717663,0.013061377398237477,0.014533117096331196,0.0,0.0,0.033574189978764934,0.030234154856017825,MODE_4_TRUSTED_FUSION,full,four_mode_relocalization_v2,0.47424151429383327,0,0,0,False,0,0,0.37515195756783165,0,0,restarted_se3,0,45.239413157105446,4.015780054032803,0,520,cache_read_only_not_online_fps,178d419b5d7b38d165994fad2d41dc67b8cffa4444c416451632d3659ff5f2cf,cached_perception_v2,0,0,0,,,0,0.0,0,20.142432302236557,1.004386693239212,70.40201220661402,192.1085566451981,192.11777479619522,3.9034070258121965,192.0955800643338,0.38731256123366203,49.72132765023502
sugar_box_yalehand0_black10_2,520,0.3880096794367729,0.48158391224131897,0.32747539083320215,0.32938313673865266,0.015940863408723693,0.01603372875906334,0.0,0.0,0.09357423280454608,0.0019077459054505086,MODE_4_TRUSTED_FUSION,full,four_mode_relocalization_v2,0.49859073511839,0,0,0,False,0,0,0.3880096794367729,0,0,restarted_se3,0,44.31878961622715,3.8399742916226387,0,521,cache_read_only_not_online_fps,178d419b5d7b38d165994fad2d41dc67b8cffa4444c416451632d3659ff5f2cf,cached_perception_v2,0,0,0,,,0,0.0,0,20.781355910003185,0.9678434580564499,69.90796327590942,192.07737219510165,192.0850448204132,3.577062990959681,192.06455394584665,0.40100437819304785,50.35764911734566
sugar_box_yalehand0_black10_2,521,0.4445886087735694,0.42045634941683707,0.3279523657632677,0.35807498703517643,0.015964081618159875,0.017430392078883285,0.0,0.0,-0.024132259356732355,0.030122621271908734,MODE_4_TRUSTED_FUSION,full,four_mode_relocalization_v2,0.4786675253072609,0,0,0,False,0,0,0.42045634941683707,0,0,restarted_se3,0,44.762286357581615,3.958563320338726,0,522,cache_read_only_not_online_fps,178d419b5d7b38d165994fad2d41dc67b8cffa4444c416451632d3659ff5f2cf,cached_perception_v2,0,0,0,,,0,0.0,0,20.86828462779522,0.8603539317846298,70.44948823750019,192.4086429613973,192.3885037151429,3.4415942172650786,192.39587783267748,0.41730829462577856,50.787953926875076
sugar_box_yalehand0_black10_2,522,0.45501945579844727,0.4663779400392781,0.35377712805179085,0.3073352791033109,0.017221180684922382,0.01496048204539201,0.0,0.0,0.011358484240830857,-0.04644184894847997,MODE_4_TRUSTED_FUSION,full,four_mode_relocalization_v2,0.5340926464270854,0,0,0,False,0,0,0.45501945579844727,0,0,restarted_se3,0,45.708865858614445,3.744719550013542,0,523,cache_read_only_not_online_fps,178d419b5d7b38d165994fad2d41dc67b8cffa4444c416451632d3659ff5f2cf,cached_perception_v2,0,0,0,,,0,0.0,0,21.5127756819129,0.9146872907876968,71.88104838132858,193.0002936099517,193.0066985445124,3.371808606936242,192.98750082204518,0.457524940264201,50.97695733203702
sugar_box_yalehand0_black10_2,523,0.4463690638736386,0.6013211482011043,0.3391502826398784,0.3694726912028314,0.01650917437440675,0.01798521009084856,0.0,0.0,0.15495208432746566,0.030322408562952985,MODE_4_TRUSTED_FUSION,full,four_mode_relocalization_v2,0.4791919760620265,0,0,0,False,0,0,0.4463690638736386,0,0,restarted_se3,0,45.369092375040054,3.839588724076748,0,524,cache_read_only_not_online_fps,178d419b5d7b38d165994fad2d41dc67b8cffa4444c416451632d3659ff5f2cf,cached_perception_v2,0,0,0,,,0,0.0,0,19.979186356067657,0.8389009162783623,70.02676837146282,193.67799137055945,193.65643025953088,3.333049716466156,193.66523347819273,0.4982963747317775,51.158893536577054
sugar_box_yalehand0_black10_2,524,0.4505304390268184,0.5886870678846481,0.34116635828343816,0.36863343698183865,0.016607313005141327,0.017944356832018938,0.0,0.0,0.1381566288578297,0.027467078698400482,MODE_4_TRUSTED_FUSION,full,four_mode_relocalization_v2,0.4811817714415661,0,0,0,False,0,0,0.4505304390268184,0,0,restarted_se3,0,47.258331440389156,4.4185323640704155,0,525,cache_read_only_not_online_fps,178d419b5d7b38d165994fad2d41dc67b8cffa4444c416451632d3659ff5f2cf,cached_perception_v2,0,0,0,,,0,0.0,0,21.05014957487583,0.8976999670267105,73.62471334636211,194.588408320742,194.553061360527,3.3462598419348066,194.57578660827193,0.5083575832395529,51.11470217926639
sugar_box_yalehand0_black10_2,525,0.5098832421615345,0.5280325274785326,0.358098141806756,0.3539252722338607,0.017431519208009144,0.017228392054806283,0.0,0.0,0.01814928531699811,-0.004172869572895255,MODE_4_TRUSTED_FUSION,full,four_mode_relocalization_v2,0.502850229577946,0,0,0,False,0,0,0.5098832421615345,0,0,restarted_se3,0,44.12590619176626,3.846103325486183,0,526,cache_read_only_not_online_fps,178d419b5d7b38d165994fad2d41dc67b8cffa4444c416451632d3659ff5f2cf,cached_perception_v2,0,0,0,,,0,0.0,0,21.648569963872433,0.9159119799733162,70.5364914610982,195.4105665252505,195.3772671449474,3.358180503089378,195.3980967207201,0.5126945715784421,51.20156947443818
sugar_box_yalehand0_black10_2,526,0.45406035048271937,0.5176686158084712,0.3261792661619632,0.3668775307652041,0.015877770587329303,0.0178588827416249,0.0,0.0,0.06360826532575187,0.040698264603240886,MODE_4_TRUSTED_FUSION,full,four_mode_relocalization_v2,0.47146211579594705,0,0,0,False,0,0,0.45406035048271937,0,0,restarted_se3,0,46.95673752576113,3.8259420543909073,0,527,cache_read_only_not_online_fps,178d419b5d7b38d165994fad2d41dc67b8cffa4444c416451632d3659ff5f2cf,cached_perception_v2,0,0,0,,,0,0.0,0,20.42662352323532,0.9160097688436508,72.125312872231,196.19544869759716,196.20394140894416,3.3618628230122525,196.18303036583984,0.4835630134379717,51.149497681500755
sugar_box_yalehand0_black10_2,527,0.4832526578056046,0.5036852809824216,0.3358880380441651,0.341512460495455,0.016350374669263104,0.01662416058588069,0.0,0.0,0.02043262317681699,0.005624422451289857,MODE_4_TRUSTED_FUSION,full,four_mode_relocalization_v2,0.4959675807064466,0,0,0,False,0,0,0.4832526578056046,0,0,restarted_se3,0,46.011701226234436,3.5500070080161095,0,528,cache_read_only_not_online_fps,178d419b5d7b38d165994fad2d41dc67b8cffa4444c416451632d3659ff5f2cf,cached_perception_v2,0,0,0,,,0,0.0,0,21.491294726729393,0.8882051333785057,71.94120809435844,197.03242822284975,197.03984123222807,3.393962009082379,197.02004163649528,0.4868648436479942,51.159166032671855
sugar_box_yalehand0_black10_2,528,0.4757955385090237,0.44854659679211567,0.3444784614921228,0.33632261821618475,0.01676853973033403,0.01637152918455257,0.0,0.0,-0.027248941716908004,-0.008155843275938046,MODE_4_TRUSTED_FUSION,full,four_mode_relocalization_v2,0.5058189431438468,0,0,0,False,0,0,0.44854659679211567,0,0,restarted_se3,0,44.60571892559528,3.9253393188118935,0,529,cache_read_only_not_online_fps,178d419b5d7b38d165994fad2d41dc67b8cffa4444c416451632d3659ff5f2cf,cached_perception_v2,0,0,0,,,0,0.0,0,21.587965078651905,1.0173562914133072,71.13637961447239,197.79184690317132,197.78475363545786,3.3649340822585763,197.77951442903387,0.4604326773131424,51.26446136189592
sugar_box_yalehand0_black10_2,529,0.45914852395259914,0.47111610485857625,0.3303828784911777,0.3501693837462343,0.016082394237957653,0.01704556272767023,0.0,0.0,0.011967580905977104,0.019786505255056597,MODE_4_TRUSTED_FUSION,full,four_mode_relocalization_v2,0.48587792351718145,0,0,0,False,0,0,0.45914852395259914,0,0,restarted_se3,0,40.50101060420275,3.9302390068769455,0,530,cache_read_only_not_online_fps,178d419b5d7b38d165994fad2d41dc67b8cffa4444c416451632d3659ff5f2cf,cached_perception_v2,0,0,0,,,0,0.0,0,20.561207085847855,0.8828258141875267,65.87528251111507,198.56962378217716,198.54101869833661,3.37344957705284,198.5574176813954,0.462857015272701,51.30138184399412
sugar_box_yalehand0_black10_2,530,0.4498547426625427,0.49588825494004457,0.345679551730117,0.3729499980857471,0.016827006460846824,0.018154478608735473,0.0,0.0,0.046033512277501853,0.027270446355630085,MODE_4_TRUSTED_FUSION,full,four_mode_relocalization_v2,0.4815398352513595,0,0,0,False,0,0,0.4498547426625427,0,0,restarted_se3,0,43.973663821816444,3.859682008624077,0,531,cache_read_only_not_online_fps,178d419b5d7b38d165994fad2d41dc67b8cffa4444c416451632d3659ff5f2cf,cached_perception_v2,0,0,0,,,0,0.0,0,19.811281003057957,1.0762158781290054,68.72084271162748,199.10860894775587,199.01655644351214,3.314996764774616,199.09654330651387,0.46080699298735966,51.55253161913789
sugar_box_yalehand0_black10_2,531,0.45336826283920023,0.646296659914979,0.3470625184281655,0.4405252970586742,0.016894326582753735,0.021443912382645428,0.0,0.0019588638589618022,0.19292839707577875,0.09346277863050872,MODE_4_TRUSTED_FUSION,full,four_mode_relocalization_v2,0.44213460329749626,0,0,0,False,0,0,0.45336826283920023,0,0,restarted_se3,0,45.55931035429239,3.8833273574709892,0,532,cache_read_only_not_online_fps,178d419b5d7b38d165994fad2d41dc67b8cffa4444c416451632d3659ff5f2cf,cached_perception_v2,0,0,0,,,0,0.0,0,20.094722509384155,1.0658269748091698,70.6031871959567,199.0150279778002,199.00505308367315,3.1786008880340977,199.00302656073626,0.49589872584324496,52.31335045329932
sugar_box_yalehand0_black10_2,532,0.4302726506287313,0.4729271423764498,0.33803140302436074,0.3634515252682337,0.01645470949667535,0.017692111475161833,0.0,0.0,0.04265449174771846,0.025420122243872967,MODE_4_TRUSTED_FUSION,full,four_mode_relocalization_v2,0.4823834208357291,0,0,0,False,0,0,0.4302726506287313,0,0,restarted_se3,0,45.751508325338364,3.5585379227995872,0,533,cache_read_only_not_online_fps,178d419b5d7b38d165994fad2d41dc67b8cffa4444c416451632d3659ff5f2cf,cached_perception_v2,0,0,0,,,0,0.0,0,20.34485712647438,1.06072798371315,70.71563135832548,199.2998624294518,199.30945045361258,3.128675586822159,199.28788112245812,0.4472509249350538,52.784916879649
sugar_box_yalehand0_black10_2,533,0.4258240708053583,0.4585347626548399,0.34787358093565557,0.36254760927432206,0.016933807523947332,0.01764811060732488,0.0,0.0,0.03271069184948161,0.01467402833866649,MODE_4_TRUSTED_FUSION,full,four_mode_relocalization_v2,0.4899550912984547,0,0,0,False,0,0,0.4258240708053583,0,0,restarted_se3,0,45.97791749984026,3.8795555010437965,0,534,cache_read_only_not_online_fps,178d419b5d7b38d165994fad2d41dc67b8cffa4444c416451632d3659ff5f2cf,cached_perception_v2,0,0,0,,,0,0.0,0,20.0418708845973,1.0195700451731682,70.91891393065453,199.2454144845277,199.2664521213455,3.067065416106483,199.23338279207707,0.43673339745578565,53.529295246348404
sugar_box_yalehand0_black10_2,534,0.47051918317929387,0.40312396818103596,0.39341837349575787,0.32216520258831344,0.01915083920786108,0.015682373800478606,0.0,0.0,-0.0673952149982579,-0.07125317090744443,MODE_4_TRUSTED_FUSION,full,four_mode_relocalization_v2,0.5484330898786277,0,0,0,False,0,0,0.40312396818103596,0,0,restarted_se3,0,45.973931439220905,3.8503576070070267,0,535,cache_read_only_not_online_fps,178d419b5d7b38d165994fad2d41dc67b8cffa4444c416451632d3659ff5f2cf,cached_perception_v2,0,0,0,,,0,0.0,0,20.739460363984108,0.9225085377693176,71.48625794798136,199.49731170874207,199.5445331629194,3.0496362894312306,199.48528655408617,0.4276839405810114,53.95106891501258
sugar_box_yalehand0_black10_2,535,0.47000090118821114,0.5658574382791763,0.38110446699643213,0.39101199713955204,0.018551422253096597,0.019033701499568983,0.0,0.0,0.0958565370909652,0.009907530143119903,MODE_4_TRUSTED_FUSION,full,four_mode_relocalization_v2,0.4937461657523261,0,0,0,False,0,0,0.47000090118821114,0,0,restarted_se3,0,46.43210023641586,3.701617941260338,0,536,cache_read_only_not_online_fps,178d419b5d7b38d165994fad2d41dc67b8cffa4444c416451632d3659ff5f2cf,cached_perception_v2,0,0,0,,,0,0.0,0,20.75933013111353,0.8762869983911514,71.76933530718088,200.19872060138994,200.22679333967736,3.053552381181017,200.18660947214255,0.48896262009426505,54.0464290325683
sugar_box_yalehand0_black10_2,536,0.46906822350738897,0.5831176469792276,0.37436435708140725,0.4058914330662402,0.018223326846471304,0.019758003423761522,0.0,0.0,0.11404942347183866,0.03152707598483295,MODE_4_TRUSTED_FUSION,full,four_mode_relocalization_v2,0.48030187574211974,0,0,0,False,0,0,0.46906822350738897,0,0,restarted_se3,0,46.90389521420002,3.8170628249645233,0,537,cache_read_only_not_online_fps,178d419b5d7b38d165994fad2d41dc67b8cffa4444c416451632d3659ff5f2cf,cached_perception_v2,0,0,0,,,0,0.0,0,20.672444254159927,0.8811959996819496,72.27459829300642,201.06864042404112,201.00905344970235,3.051694300188286,201.05654608602453,0.49492228856672943,54.09996654166327
sugar_box_yalehand0_black10_2,537,0.46275465186053755,0.5402844526172536,0.3519226117129705,0.3891042947176907,0.01713090644608213,0.018940838265925658,0.0,0.0,0.077529800756716,0.03718168300472019,MODE_4_TRUSTED_FUSION,full,four_mode_relocalization_v2,0.4755713742243962,0,0,0,False,0,0,0.46275465186053755,0,0,restarted_se3,0,46.44025769084692,3.7876470014452934,0,538,cache_read_only_not_online_fps,178d419b5d7b38d165994fad2d41dc67b8cffa4444c416451632d3659ff5f2cf,cached_perception_v2,0,0,0,,,0,0.0,0,20.433456636965275,0.9008441120386124,71.5622054412961,201.65016346414143,201.61180760937847,3.099623180203763,201.63797294813025,0.49698591936935493,54.20430942959907
sugar_box_yalehand0_black10_2,538,0.44677308760108825,0.5363275165256606,0.3525649973211294,0.3917192454802461,0.017162176524756857,0.019068128969573266,0.0,0.0,0.08955442892457233,0.03915424815911672,MODE_4_TRUSTED_FUSION,full,four_mode_relocalization_v2,0.47438502198108756,0,0,0,False,0,0,0.44677308760108825,0,0,restarted_se3,0,46.600633300840855,3.8319071754813194,0,539,cache_read_only_not_online_fps,178d419b5d7b38d165994fad2d41dc67b8cffa4444c416451632d3659ff5f2cf,cached_perception_v2,0,0,0,,,0,0.0,0,20.838454365730286,0.875505618751049,72.14650046080351,202.25351941352437,202.1822199301908,3.1215464407696856,202.24133283270302,0.4796741277879638,54.46698559169975
sugar_box_yalehand0_black10_2,539,0.4230292531935028,0.7756260873270804,0.3601875261490235,0.4706613438705876,0.01753322636323589,0.022910876372474825,0.0,0.0019588638589618022,0.35259683413357756,0.11047381772156412,MODE_4_TRUSTED_FUSION,full,four_mode_relocalization_v2,0.43508023480185276,0,0,0,False,0,0,0.4230292531935028,0,0,restarted_se3,0,46.22481670230627,3.7731193006038666,0,540,cache_read_only_not_online_fps,178d419b5d7b38d165994fad2d41dc67b8cffa4444c416451632d3659ff5f2cf,cached_perception_v2,0,0,0,,,0,0.0,0,20.917365327477455,0.9204698726534843,71.83577120304108,202.30918032940048,202.25898040692732,3.214751645405467,202.29709724230509,0.5185178177536247,55.19627630567779
sugar_box_yalehand0_black10_2,540,0.48152084075314205,0.8264326736866844,0.4091950264072004,0.5293028813917369,0.01991881590518868,0.02576543206083896,0.0019588638589618022,0.017080745341614908,0.34491183293354233,0.12010785498453647,MODE_4_TRUSTED_FUSION,full,four_mode_relocalization_v2,0.43734579178146143,0,0,0,False,0,0,0.48152084075314205,0,0,restarted_se3,0,44.16542500257492,3.567684441804886,0,541,cache_read_only_not_online_fps,178d419b5d7b38d165994fad2d41dc67b8cffa4444c416451632d3659ff5f2cf,cached_perception_v2,0,0,0,,,0,0.0,0,20.241202786564827,0.9682951495051384,68.94260738044977,201.90379112353983,201.87444883898152,3.5501297806120826,201.89169530503065,0.5792708875146442,56.3288244493743
sugar_box_yalehand0_black10_2,541,0.4470230329060158,0.4789686862237432,0.42439148066026056,0.4146521791431353,0.020658549663284526,0.020184459458259175,0.0019588638589618022,0.0019588638589618022,0.03194565331772742,-0.009739301517125265,MODE_4_TRUSTED_FUSION,full,four_mode_relocalization_v2,0.5056686883175148,0,0,0,False,0,0,0.4470230329060158,0,0,restarted_se3,0,45.299372635781765,3.6417748779058456,0,542,cache_read_only_not_online_fps,178d419b5d7b38d165994fad2d41dc67b8cffa4444c416451632d3659ff5f2cf,cached_perception_v2,0,0,0,,,0,0.0,0,20.183799788355827,0.9227767586708069,70.04772406071424,202.30337093468194,202.25679132037416,3.752192934155281,202.29122587470357,0.4574311676373786,56.769567522986286
sugar_box_yalehand0_black10_2,542,0.4555550321142493,0.5116636532939404,0.42251725271720764,0.4441499719835205,0.02056731590199027,0.021620354489427833,0.0019588638589618022,0.0019588638589618022,0.056108621179691065,0.021632719266312883,MODE_4_TRUSTED_FUSION,full,four_mode_relocalization_v2,0.4878011058356113,0,0,0,False,0,0,0.4555550321142493,0,0,restarted_se3,0,46.39807436615229,4.3770549818873405,0,543,cache_read_only_not_online_fps,178d419b5d7b38d165994fad2d41dc67b8cffa4444c416451632d3659ff5f2cf,cached_perception_v2,0,0,0,,,0,0.0,0,21.06156200170517,0.9037582203745842,72.74044957011938,202.4179546816799,202.38152689487717,4.139570459167343,202.40590523644136,0.46997742095443795,57.56067316296991
sugar_box_yalehand0_black10_2,543,0.44514547856020426,0.6147575088994034,0.43891036989312987,0.4660564901762083,0.021365300877532082,0.022686721074659955,0.0019588638589618022,0.0019588638589618022,0.16961203033919914,0.027146120283078445,MODE_4_TRUSTED_FUSION,full,four_mode_relocalization_v2,0.48532589574017626,0,0,0,False,0,0,0.44514547856020426,0,0,restarted_se3,0,44.17943302541971,3.582095727324486,0,544,cache_read_only_not_online_fps,178d419b5d7b38d165994fad2d41dc67b8cffa4444c416451632d3659ff5f2cf,cached_perception_v2,0,0,0,,,0,0.0,0,20.587023347616196,0.9584669023752213,69.30701900273561,203.27602997119905,203.1949452274582,4.287548267884204,203.2641170180828,0.4981851288169639,57.80191400599611
sugar_box_yalehand0_black10_2,544,0.5308211019553034,0.6177295372023546,0.4469883380042912,0.47296079206231234,0.0217585206121583,0.023022809026242968,0.0019588638589618022,0.0019588638589618022,0.08690843524705116,0.02597245405802112,MODE_4_TRUSTED_FUSION,full,four_mode_relocalization_v2,0.4861841171893096,0,0,0,False,0,0,0.5308211019553034,0,0,restarted_se3,0,45.30738573521376,3.825441002845764,0,545,cache_read_only_not_online_fps,178d419b5d7b38d165994fad2d41dc67b8cffa4444c416451632d3659ff5f2cf,cached_perception_v2,0,0,0,,,0,0.0,0,19.990759901702404,0.8787838742136955,70.00237051397562,204.15613757790635,204.11951451895786,4.41046624018472,204.1443733500162,0.5503548067535184,57.931534126670414
sugar_box_yalehand0_black10_2,545,0.5457414472238605,0.627324687117972,0.4601839195488874,0.4753140395060333,0.02240085578875245,0.023137360522683174,0.0019588638589618022,0.0019588638589618022,0.08158323989411143,0.015130119957145916,MODE_4_TRUSTED_FUSION,full,four_mode_relocalization_v2,0.49208259954206957,0,0,0,False,0,0,0.5457414472238605,0,0,restarted_se3,0,46.82796448469162,3.8311677053570747,0,546,cache_read_only_not_online_fps,178d419b5d7b38d165994fad2d41dc67b8cffa4444c416451632d3659ff5f2cf,cached_perception_v2,0,0,0,,,0,0.0,0,20.479870960116386,1.0744165629148483,72.21341971307993,205.29717223910197,205.2575145263317,4.448982751113062,205.28560853954468,0.5761704527496369,57.963336027780535
sugar_box_yalehand0_black10_2,546,0.55180983280276,0.5962272402355426,0.4739794755757517,0.4839667421271674,0.02307239655311984,0.023558557212452324,0.0019588638589618022,0.0019588638589618022,0.04441740743278266,0.009987266551415686,MODE_4_TRUSTED_FUSION,full,four_mode_relocalization_v2,0.49489375470213764,0,0,0,False,0,0,0.55180983280276,0,0,restarted_se3,0,46.96114920079708,3.7985770031809807,0,547,cache_read_only_not_online_fps,178d419b5d7b38d165994fad2d41dc67b8cffa4444c416451632d3659ff5f2cf,cached_perception_v2,0,0,0,,,0,0.0,0,20.29248420149088,1.0136878117918968,72.06589821726084,206.26949871803652,206.3013884705733,4.49464317599026,206.25825757202597,0.5721609554754016,57.93888283176487
sugar_box_yalehand0_black10_2,547,0.5183173283900006,0.6046256567936801,0.46631390515153,0.5045369091373035,0.02269925153366795,0.02455987282816597,0.0019588638589618022,0.017080745341614908,0.08630832840367952,0.03822300398577355,MODE_4_TRUSTED_FUSION,full,four_mode_relocalization_v2,0.48071202877639685,0,0,0,False,0,0,0.5183173283900006,0,0,restarted_se3,0,45.95697484910488,3.8368990644812584,0,548,cache_read_only_not_online_fps,178d419b5d7b38d165994fad2d41dc67b8cffa4444c416451632d3659ff5f2cf,cached_perception_v2,0,0,0,,,0,0.0,0,19.453829154372215,1.141468994319439,70.3891720622778,207.119466311669,207.15830840402032,4.630063283054328,207.10829861364311,0.552709305131994,58.10031459486771
sugar_box_yalehand0_black10_2,548,0.5210655060058881,0.6807230723456191,0.4466385509001641,0.5296555943037594,0.021741493658056995,0.02578260143756293,0.0019588638589618022,0.017080745341614908,0.15965756633973105,0.08301704340359534,MODE_4_TRUSTED_FUSION,full,four_mode_relocalization_v2,0.4583370815721279,0,0,0,False,0,0,0.5210655060058881,0,0,restarted_se3,0,46.17260303348303,4.007849842309952,0,549,cache_read_only_not_online_fps,178d419b5d7b38d165994fad2d41dc67b8cffa4444c416451632d3659ff5f2cf,cached_perception_v2,0,0,0,,,0,0.0,0,20.72266861796379,1.0291710495948792,71.93229254335165,207.73556120277513,207.69363036141962,4.981218520395597,207.72430656026094,0.5537324757182939,58.48015892810172
sugar_box_yalehand0_black10_2,549,0.4957930753276917,0.5946073760184806,0.45954261439931554,0.4898058692885805,0.022369638304694715,0.023842794535658286,0.0019588638589618022,0.017080745341614908,0.09881430069078889,0.030263254889264957,MODE_4_TRUSTED_FUSION,full,four_mode_relocalization_v2,0.4843898992991003,0,0,0,False,0,0,0.4957930753276917,0,0,restarted_se3,0,45.61048559844494,3.8605239242315292,0,550,cache_read_only_not_online_fps,178d419b5d7b38d165994fad2d41dc67b8cffa4444c416451632d3659ff5f2cf,cached_perception_v2,0,0,0,,,0,0.0,0,19.80571448802948,1.1583231389522552,70.4350471496582,208.14470835673004,208.1385546885233,5.418459005333404,208.13341786624346,0.5309677514625941,58.95195314991029
sugar_box_yalehand0_black10_2,550,0.5857679089915506,0.7236888520712931,0.4955529072844255,0.5186466676602398,0.024122549137869518,0.025246708357308877,0.017080745341614908,0.017080745341614908,0.13792094307974245,0.023093760375814287,MODE_4_TRUSTED_FUSION,full,four_mode_relocalization_v2,0.48883495945303884,0,0,0,False,0,0,0.5857679089915506,0,0,restarted_se3,0,44.87965162843466,3.7232274189591408,0,551,cache_read_only_not_online_fps,178d419b5d7b38d165994fad2d41dc67b8cffa4444c416451632d3659ff5f2cf,cached_perception_v2,0,0,0,,,0,0.0,0,19.832024350762367,1.0143090039491653,69.44921240210533,208.00295851164705,208.0176279629228,6.3288668590320825,207.99172814380768,0.5902957585444967,59.99844977490346
sugar_box_yalehand0_black10_2,551,0.4706632553748819,0.7322354729305509,0.47647649694512223,0.5576545073129382,0.02319394668388394,0.02714553392154732,0.0019588638589618022,0.04219409282700422,0.261572217555669,0.08117801036781597,MODE_4_TRUSTED_FUSION,full,four_mode_relocalization_v2,0.46149529326056,0,0,0,False,0,0,0.4706632553748819,0,0,restarted_se3,0,44.90973241627216,3.858092240989208,0,552,cache_read_only_not_online_fps,178d419b5d7b38d165994fad2d41dc67b8cffa4444c416451632d3659ff5f2cf,cached_perception_v2,0,0,0,,,0,0.0,0,19.782070070505142,1.1814497411251068,69.73134446889162,207.5190870114732,207.53537109197055,7.582997391078533,207.5078725764572,0.5701571903488721,61.328352613780105
sugar_box_yalehand0_black10_2,552,0.4646953865839843,0.514548578242738,0.4677866428843161,0.47631649258103764,0.0227709415344814,0.023186157983468368,0.0019588638589618022,0.0019588638589618022,0.04985319165875374,0.008529849696721548,MODE_4_TRUSTED_FUSION,full,four_mode_relocalization_v2,0.4955762773800106,0,0,0,False,0,0,0.4646953865839843,0,0,restarted_se3,0,43.86778362095356,4.469224251806736,0,553,cache_read_only_not_online_fps,178d419b5d7b38d165994fad2d41dc67b8cffa4444c416451632d3659ff5f2cf,cached_perception_v2,0,0,0,,,0,0.0,0,20.60275711119175,1.0742321610450745,70.01399714499712,207.66928728088158,207.698584875029,8.327691106941673,207.6582223076055,0.4794186066520101,61.96747658304047
sugar_box_yalehand0_black10_2,553,0.48526264985569334,0.5460643081822407,0.5225409632809199,0.5027501442239126,0.025436275073771157,0.024472896596592065,0.017080745341614908,0.017080745341614908,0.06080165832654738,-0.019790819057007303,MODE_4_TRUSTED_FUSION,full,four_mode_relocalization_v2,0.5094666542721524,0,0,0,False,0,0,0.48526264985569334,0,0,restarted_se3,0,41.71808995306492,3.5879136994481087,0,554,cache_read_only_not_online_fps,178d419b5d7b38d165994fad2d41dc67b8cffa4444c416451632d3659ff5f2cf,cached_perception_v2,0,0,0,,,0,0.0,0,20.05370706319809,1.1511314660310745,66.51084218174219,207.59942476751027,207.6707160426548,9.221272994222405,207.58836380926428,0.49676487461644164,62.74136932063674
sugar_box_yalehand0_black10_2,554,0.4683628015070832,0.6923390344430526,0.5115182997328003,0.5516600928976773,0.02489971330778982,0.026853737517653176,0.017080745341614908,0.0375,0.22397623293596935,0.04014179316487698,MODE_4_TRUSTED_FUSION,full,four_mode_relocalization_v2,0.48147036839084584,0,0,0,False,0,0,0.4683628015070832,0,0,restarted_se3,0,44.071716256439686,3.827407956123352,0,555,cache_read_only_not_online_fps,178d419b5d7b38d165994fad2d41dc67b8cffa4444c416451632d3659ff5f2cf,cached_perception_v2,0,0,0,,,0,0.0,0,20.077882334589958,1.121480017900467,69.09848656505346,207.98907384345972,208.10226038429303,9.591019023973645,207.9780376898008,0.554577230247324,62.989825764245765
sugar_box_yalehand0_black10_2,555,0.5007454353010536,0.6036478107985566,0.5252045310428237,0.560042836267799,0.025565932358137956,0.027261793117536584,0.017080745341614908,0.04219409282700422,0.10290237549750292,0.03483830522497533,MODE_4_TRUSTED_FUSION,full,four_mode_relocalization_v2,0.48423958913842663,0,0,0,False,0,0,0.5007454353010536,0,0,restarted_se3,0,43.935694731771946,4.256949760019779,0,556,cache_read_only_not_online_fps,178d419b5d7b38d165994fad2d41dc67b8cffa4444c416451632d3659ff5f2cf,cached_perception_v2,0,0,0,,,0,0.0,0,21.500210277736187,0.9272731840610504,70.62012795358896,208.60782226636414,208.67344614851433,9.775739949119473,208.59669908696006,0.5168859585797515,63.15804633749897
sugar_box_yalehand0_black10_2,556,0.5322233222800876,0.5503588181105838,0.5412220591226224,0.5176863404062388,0.026345634388925118,0.02519996149933963,0.02702702702702703,0.017080745341614908,0.01813549583049623,-0.023535718716383602,MODE_4_TRUSTED_FUSION,full,four_mode_relocalization_v2,0.5109071904188814,0,0,0,False,0,0,0.5322233222800876,0,0,restarted_se3,0,46.443150378763676,4.147790372371674,0,557,cache_read_only_not_online_fps,178d419b5d7b38d165994fad2d41dc67b8cffa4444c416451632d3659ff5f2cf,cached_perception_v2,0,0,0,,,0,0.0,0,20.832237787544727,1.0660793632268906,72.48925790190697,209.17123115855333,209.1790199212604,9.954239497949834,209.16005271969337,0.530884257060508,63.20804257639383
sugar_box_yalehand0_black10_2,557,0.5451484211551806,0.5834697898864168,0.5252098798774952,0.5292503018455943,0.025566192728978882,0.02576287259106928,0.017080745341614908,0.017080745341614908,0.03832136873123626,0.004040421968099062,MODE_4_TRUSTED_FUSION,full,four_mode_relocalization_v2,0.49811978980848814,0,0,0,False,0,0,0.5451484211551806,0,0,restarted_se3,0,44.723584316670895,3.868560306727886,0,558,cache_read_only_not_online_fps,178d419b5d7b38d165994fad2d41dc67b8cffa4444c416451632d3659ff5f2cf,cached_perception_v2,0,0,0,,,0,0.0,0,19.4822009652853,1.1431071907281876,69.21745277941227,209.87505070977778,209.8543277302476,10.029912614505932,209.86380925444416,0.5634077741390338,63.177454699733126
sugar_box_yalehand0_black10_2,558,0.48410697092226573,0.5652329944553656,0.5309944914254734,0.5642557657990472,0.02584777633843494,0.027466870311390248,0.017080745341614908,0.04219409282700422,0.08112602353309983,0.033261274373573846,MODE_4_TRUSTED_FUSION,full,four_mode_relocalization_v2,0.4850879772687298,0,0,0,False,0,0,0.48410697092226573,0,0,restarted_se3,0,44.19912397861481,4.064406268298626,0,559,cache_read_only_not_online_fps,178d419b5d7b38d165994fad2d41dc67b8cffa4444c416451632d3659ff5f2cf,cached_perception_v2,0,0,0,,,0,0.0,0,19.365270622074604,1.0743513703346252,68.70315223932266,210.39131441297965,210.38007509923403,10.2093725393404,210.37997340863402,0.5207086378045133,63.26959122819771
sugar_box_yalehand0_black10_2,559,0.4257228773184867,0.6456965624353479,0.5006044133836854,0.5512459233612249,0.024368446603727195,0.02683357655229989,0.017080745341614908,0.0375,0.21997368511686122,0.05064150997753947,MODE_4_TRUSTED_FUSION,full,four_mode_relocalization_v2,0.47637659464131343,0,0,0,False,0,0,0.4257228773184867,0,0,restarted_se3,0,44.480182230472565,3.812492825090885,0,560,cache_read_only_not_online_fps,178d419b5d7b38d165994fad2d41dc67b8cffa4444c416451632d3659ff5f2cf,cached_perception_v2,0,0,0,,,0,0.0,0,19.52284760773182,1.138695515692234,68.9542181789875,210.5473732805372,210.54568551268216,10.76570328825789,210.535950935928,0.5119194295139119,63.6579062200113
sugar_box_yalehand0_black10_2,560,0.5254109923113683,0.7985633758359543,0.5673088731982636,0.5851121606377082,0.02761548962565152,0.028482118939617232,0.04219409282700422,0.04219409282700422,0.27315238352458593,0.017803287439444593,MODE_4_TRUSTED_FUSION,full,four_mode_relocalization_v2,0.4924074684240375,0,0,0,False,0,0,0.5254109923113683,0,0,restarted_se3,0,44.37401611357927,3.8446420803666115,0,561,cache_read_only_not_online_fps,178d419b5d7b38d165994fad2d41dc67b8cffa4444c416451632d3659ff5f2cf,cached_perception_v2,0,0,0,,,0,0.0,0,21.599020808935165,1.1332957074046135,70.95097471028566,210.24109099931007,210.23779155085464,11.821189731723965,210.2295919580497,0.6141153613964992,64.49647503405322
sugar_box_yalehand0_black10_2,561,0.44163143021639617,0.5278910707575437,0.5478271866434428,0.5995388956794827,0.026667159115832697,0.029184384267554233,0.0375,0.04219409282700422,0.08625964054114754,0.05171170903603994,MODE_4_TRUSTED_FUSION,full,four_mode_relocalization_v2,0.47785111722059825,0,0,0,False,0,0,0.44163143021639617,0,0,restarted_se3,0,44.00192853063345,3.8345791399478912,0,562,cache_read_only_not_online_fps,178d419b5d7b38d165994fad2d41dc67b8cffa4444c416451632d3659ff5f2cf,cached_perception_v2,0,0,0,,,0,0.0,0,19.941121339797974,1.3137655332684517,69.09139454364777,210.42949447736748,210.41647868535537,12.375906231635561,210.4179351986184,0.4711341084636116,64.8882039844903
sugar_box_yalehand0_black10_2,562,0.5550222612695156,0.5014145269277152,0.5780342599018834,0.5736487120186375,0.028137580534568787,0.027924100615966757,0.04219409282700422,0.04219409282700422,-0.05360773434180044,-0.004385547883245855,MODE_4_TRUSTED_FUSION,full,four_mode_relocalization_v2,0.5018714737639557,0,0,0,False,0,0,0.5014145269277152,0,0,restarted_se3,0,45.98928801715374,3.849634900689125,0,563,cache_read_only_not_online_fps,178d419b5d7b38d165994fad2d41dc67b8cffa4444c416451632d3659ff5f2cf,cached_perception_v2,0,0,0,,,0,0.0,0,20.485971122980118,1.1538872495293617,71.47878129035234,210.17971650876595,210.1650148194528,13.42041382192794,210.16811675591396,0.5217042285723635,65.65706399223814
sugar_box_yalehand0_black10_2,563,0.4158892975627949,0.4906439648187638,0.5488851896375117,0.5482459939046398,0.026718660638348823,0.026687545836582425,0.0375,0.0375,0.07475466725596891,-0.0006391957328718556,MODE_4_TRUSTED_FUSION,full,four_mode_relocalization_v2,0.5002860880361629,0,0,0,False,0,0,0.4158892975627949,0,0,restarted_se3,0,46.52117285877466,3.8172565400600433,0,564,cache_read_only_not_online_fps,178d419b5d7b38d165994fad2d41dc67b8cffa4444c416451632d3659ff5f2cf,cached_perception_v2,0,0,0,,,0,0.0,0,20.619116723537445,1.1391658335924149,72.09671195596457,210.48037242991614,210.47167781744793,13.882709751817575,210.46872339307808,0.43995973634209945,66.00659137295641
sugar_box_yalehand0_black10_2,564,0.49052564043856917,0.5155822348606252,0.5697004786789084,0.5545816460822328,0.027731908316526315,0.026995953029291555,0.04219409282700422,0.0375,0.02505659442205599,-0.015118832596675569,MODE_4_TRUSTED_FUSION,full,four_mode_relocalization_v2,0.5066062521949434,0,0,0,False,0,0,0.49052564043856917,0,0,restarted_se3,0,45.74005864560604,4.327321425080299,0,565,cache_read_only_not_online_fps,178d419b5d7b38d165994fad2d41dc67b8cffa4444c416451632d3659ff5f2cf,cached_perception_v2,0,0,0,,,0,0.0,0,20.27764916419983,1.071973703801632,71.4170029386878,210.79595129305395,210.7947761657319,14.335366862684074,210.7842684191181,0.4807617684915618,66.24059485085311
sugar_box_yalehand0_black10_2,565,0.49656399547520536,0.44964303897266783,0.5820322366810771,0.5473155841905407,0.028332194247636576,0.02664225530611274,0.04219409282700422,0.0375,-0.046920956502537525,-0.03471665249053635,MODE_4_TRUSTED_FUSION,full,four_mode_relocalization_v2,0.5151027616967198,0,0,0,False,0,0,0.44964303897266783,0,0,restarted_se3,0,45.03593035042286,3.8184402510523796,0,566,cache_read_only_not_online_fps,178d419b5d7b38d165994fad2d41dc67b8cffa4444c416451632d3659ff5f2cf,cached_perception_v2,0,0,0,,,0,0.0,0,19.681607373058796,1.087399199604988,69.62337717413902,210.86099476428046,210.87533139066466,15.023087306236771,210.8492811459103,0.4696079457732759,66.74999361790063
sugar_box_yalehand0_black10_2,566,0.47810663294029787,0.5303524685844128,0.552534279876989,0.5707184774539384,0.026896291235034616,0.027781462511672746,0.0375,0.04219409282700422,0.05224583564411489,0.018184197576949446,MODE_4_TRUSTED_FUSION,full,four_mode_relocalization_v2,0.49204716653410807,0,0,0,False,0,0,0.47810663294029787,0,0,restarted_se3,0,45.157408341765404,3.813396207988262,0,567,cache_read_only_not_online_fps,178d419b5d7b38d165994fad2d41dc67b8cffa4444c416451632d3659ff5f2cf,cached_perception_v2,0,0,0,,,0,0.0,0,20.017122849822044,1.0858802124857903,70.0738076120615,210.70294878227423,210.73854263613586,15.878455162841457,210.69121231840583,0.5000398856735558,67.34755191995194
sugar_box_yalehand0_black10_2,567,0.5083669134056247,0.5186602325289708,0.5661430140542482,0.5671087705892544,0.02755873787608867,0.02760574902086949,0.04219409282700422,0.04219409282700422,0.010293319123346079,0.0009657565350061903,MODE_4_TRUSTED_FUSION,full,four_mode_relocalization_v2,0.4995812898155172,0,0,0,False,0,0,0.5083669134056247,0,0,restarted_se3,0,45.844980515539646,3.8587329909205437,0,568,cache_read_only_not_online_fps,178d419b5d7b38d165994fad2d41dc67b8cffa4444c416451632d3659ff5f2cf,cached_perception_v2,0,0,0,,,0,0.0,0,19.71077360212803,1.138843595981598,70.55333070456982,211.05712118685904,211.08394510638823,16.235379691106186,211.0453473855122,0.5118912058711494,67.5239506024559
sugar_box_yalehand0_black10_2,568,0.4687040621461595,0.5257695523017379,0.5496748855290847,0.5550436809035908,0.026757101494347093,0.027018443983370888,0.0375,0.0375,0.057065490155578436,0.005368795374506075,MODE_4_TRUSTED_FUSION,full,four_mode_relocalization_v2,0.4976132716509098,0,0,0,False,0,0,0.4687040621461595,0,0,restarted_se3,0,47.70638234913349,3.7980983033776283,0,569,cache_read_only_not_online_fps,178d419b5d7b38d165994fad2d41dc67b8cffa4444c416451632d3659ff5f2cf,cached_perception_v2,0,0,0,,,0,0.0,0,21.14938572049141,1.0831505060195923,73.73701687902212,211.28394839242515,211.29095495207025,16.665468118830884,211.2721664379243,0.4933757528612334,67.7481501969478
sugar_box_yalehand0_black10_2,569,0.4478775834570391,0.4774287303673476,0.5690082870066676,0.5374761643464987,0.027698213775779995,0.026163291536176053,0.04219409282700422,0.017080745341614908,0.029551146910308523,-0.031532122660168915,MODE_4_TRUSTED_FUSION,full,four_mode_relocalization_v2,0.5139958090954081,0,0,0,False,0,0,0.4478775834570391,0,0,restarted_se3,0,46.723684296011925,3.7722717970609665,0,570,cache_read_only_not_online_fps,178d419b5d7b38d165994fad2d41dc67b8cffa4444c416451632d3659ff5f2cf,cached_perception_v2,0,0,0,,,0,0.0,0,19.914211705327034,1.1417185887694359,71.55188638716936,211.70926786771466,211.6998693885408,16.879209746703612,211.69746864014573,0.4507756743132631,67.84618521613763
sugar_box_yalehand0_black10_2,570,0.5109642364305054,0.4698641068475041,0.5875618888677768,0.5669996732653515,0.028601366932587517,0.027600438375895018,0.04219409282700422,0.04219409282700422,-0.041100129583001244,-0.020562215602425327,MODE_4_TRUSTED_FUSION,full,four_mode_relocalization_v2,0.5087531451161581,0,0,0,False,0,0,0.4698641068475041,0,0,restarted_se3,0,45.25827616453171,3.817676566541195,0,571,cache_read_only_not_online_fps,178d419b5d7b38d165994fad2d41dc67b8cffa4444c416451632d3659ff5f2cf,cached_perception_v2,0,0,0,,,0,0.0,0,20.166887901723385,1.0661203414201736,70.30896097421646,211.69363244158484,211.67001238939568,17.591821416439142,211.68180478658684,0.48166558657817005,68.28534534768448
sugar_box_yalehand0_black10_2,571,0.48194184486131786,0.5042389941005474,0.560253019793939,0.5889654364924889,0.02727202444170551,0.02866968889386909,0.04219409282700422,0.04219409282700422,0.02229714923922954,0.028712416698549847,MODE_4_TRUSTED_FUSION,full,four_mode_relocalization_v2,0.4877215346096469,0,0,0,False,0,0,0.48194184486131786,0,0,restarted_se3,0,43.594004586339,3.847493790090084,0,572,cache_read_only_not_online_fps,178d419b5d7b38d165994fad2d41dc67b8cffa4444c416451632d3659ff5f2cf,cached_perception_v2,0,0,0,,,0,0.0,0,20.69952804595232,1.1531002819538116,69.29412670433521,211.99867794668154,211.97743486877698,17.975772174025156,211.9868217778248,0.4879047957762652,68.4767134492269
sugar_box_yalehand0_black10_2,572,0.5381867059426172,0.578089515688873,0.6180275611200825,0.602124614570836,0.03008437644604531,0.02931025202071744,0.04219409282700422,0.04219409282700422,0.03990280974625582,-0.01590294654924651,MODE_4_TRUSTED_FUSION,full,four_mode_relocalization_v2,0.5064116915895368,0,0,0,False,0,0,0.5381867059426172,0,0,restarted_se3,0,43.050726875662804,3.8475431501865387,0,573,cache_read_only_not_online_fps,178d419b5d7b38d165994fad2d41dc67b8cffa4444c416451632d3659ff5f2cf,cached_perception_v2,0,0,0,,,0,0.0,0,19.83641181141138,1.1513438075780869,67.88602564483881,211.74964060797555,211.70069162807715,19.017956121934066,211.73775777675456,0.5440062859291803,69.23853095696713
sugar_box_yalehand0_black10_2,573,0.4998484023732557,0.526422427974398,0.6165230449599183,0.6172931896739917,0.030011139533358915,0.030048628676163685,0.04219409282700422,0.04219409282700422,0.026574025601142304,0.0007701447140734397,MODE_4_TRUSTED_FUSION,full,four_mode_relocalization_v2,0.4996928797487224,0,0,0,False,0,0,0.4998484023732557,0,0,restarted_se3,0,44.89445313811302,3.941764123737812,0,574,cache_read_only_not_online_fps,178d419b5d7b38d165994fad2d41dc67b8cffa4444c416451632d3659ff5f2cf,cached_perception_v2,0,0,0,,,0,0.0,0,22.250727750360966,1.041431911289692,72.12837692350149,212.1232041316032,212.08982205974024,19.38246863659023,212.1112889295754,0.5117479175314518,69.42621418179094
sugar_box_yalehand0_black10_2,574,0.454142843834625,0.5599743202660483,0.5968613633337273,0.6226764059856065,0.02905404721447818,0.03031067314828334,0.04219409282700422,0.04219409282700422,0.10583147643142332,0.025815042651879172,MODE_4_TRUSTED_FUSION,full,four_mode_relocalization_v2,0.48958682692417876,0,0,0,False,0,0,0.454142843834625,0,0,restarted_se3,0,43.37357636541128,4.153604619204998,0,575,cache_read_only_not_online_fps,178d419b5d7b38d165994fad2d41dc67b8cffa4444c416451632d3659ff5f2cf,cached_perception_v2,0,0,0,,,0,0.0,0,21.42494171857834,1.1393595486879349,70.09148225188255,212.42589096317676,212.42595927514682,19.815227601915584,212.41395774192227,0.4961470382405169,69.64340324730286
sugar_box_yalehand0_black10_2,575,0.46553598884367786,0.44102252793824664,0.5849617885007188,0.5636848821444699,0.028474799117232632,0.02743908080837832,0.04219409282700422,0.04219409282700422,-0.024513460905431217,-0.021276906356248904,MODE_4_TRUSTED_FUSION,full,four_mode_relocalization_v2,0.5091032246489448,0,0,0,False,0,0,0.44102252793824664,0,0,restarted_se3,0,46.91869579255581,3.873533569276333,0,576,cache_read_only_not_online_fps,178d419b5d7b38d165994fad2d41dc67b8cffa4444c416451632d3659ff5f2cf,cached_perception_v2,0,0,0,,,0,0.0,0,20.59397753328085,1.2406399473547935,72.62684684246778,212.5896492641445,212.5912439133267,20.34786992517417,212.57769359476484,0.4484989940530158,69.96020581929263
sugar_box_yalehand0_black10_2,576,0.434903159992668,0.45325469000314567,0.5994656306675283,0.6017065969784536,0.029180817869648018,0.02928990373950566,0.04219409282700422,0.04219409282700422,0.01835153001047768,0.0022409663109252964,MODE_4_TRUSTED_FUSION,full,four_mode_relocalization_v2,0.49908245280223684,0,0,0,False,0,0,0.434903159992668,0,0,restarted_se3,0,42.86428727209568,3.7847738713026047,0,577,cache_read_only_not_online_fps,178d419b5d7b38d165994fad2d41dc67b8cffa4444c416451632d3659ff5f2cf,cached_perception_v2,0,0,0,,,0,0.0,0,20.266198553144932,1.0740319266915321,67.98929162323475,212.89052268817665,212.87828326549527,20.816819779058793,212.87857308048677,0.44149267803699793,70.17778435537083
sugar_box_yalehand0_black10_2,577,0.5795352966056506,0.6198247845636716,0.6515686709886278,0.6062464767239177,0.03171709226518241,0.02951089623219448,0.0891009055627426,0.04219409282700422,0.04028948795802101,-0.04532219426471007,MODE_4_TRUSTED_FUSION,full,four_mode_relocalization_v2,0.5177342530121993,0,0,0,False,0,0,0.5795352966056506,0,0,restarted_se3,0,45.86346447467804,3.637702204287052,0,578,cache_read_only_not_online_fps,178d419b5d7b38d165994fad2d41dc67b8cffa4444c416451632d3659ff5f2cf,cached_perception_v2,0,0,0,,,0,0.0,0,21.02673053741455,1.4915578067302704,72.01945502310991,212.43434068850996,212.42791042973113,22.03865254628184,212.42237488641757,0.5630914402025533,71.0862862411739
sugar_box_yalehand0_black10_2,578,0.4479410948139442,0.5740315282441203,0.6063615981533307,0.6639147004223686,0.029516500118877447,0.03231807290175057,0.04219409282700422,0.0891009055627426,0.12609043343017612,0.05755310226903787,MODE_4_TRUSTED_FUSION,full,four_mode_relocalization_v2,0.47769737290665215,0,0,0,False,0,0,0.4479410948139442,0,0,restarted_se3,0,45.51929607987404,3.83632630109787,0,579,cache_read_only_not_online_fps,178d419b5d7b38d165994fad2d41dc67b8cffa4444c416451632d3659ff5f2cf,cached_perception_v2,0,0,0,,,0,0.0,0,21.47107385098934,1.1361027136445045,71.96279894560575,212.57258090625345,212.63014887464485,22.517162908944492,212.5606082556425,0.5019395088897193,71.30516838762807
sugar_box_yalehand0_black10_2,579,0.5252213086120932,0.5549644466395721,0.6341871054663958,0.6423985311028227,0.030870991551737326,0.03127070773843499,0.04219409282700422,0.04219409282700422,0.029743138027478966,0.008211425636426961,MODE_4_TRUSTED_FUSION,full,four_mode_relocalization_v2,0.4968334426185091,0,0,0,False,0,0,0.5252213086120932,0,0,restarted_se3,0,48.19577932357788,4.381125792860985,0,580,cache_read_only_not_online_fps,178d419b5d7b38d165994fad2d41dc67b8cffa4444c416451632d3659ff5f2cf,cached_perception_v2,0,0,0,,,0,0.0,0,20.79222910106182,1.2565748766064644,74.62570909410715,212.43785930117284,212.48599847779772,23.38455541902121,212.42591145824133,0.5361884497778213,71.81808883037026
sugar_box_yalehand0_black10_2,580,0.4780974603605477,0.5477332289586418,0.6239159718332946,0.6173403303527866,0.030371012796443896,0.030050923392477336,0.04219409282700422,0.04219409282700422,0.06963576859809417,-0.006575641480508043,MODE_4_TRUSTED_FUSION,full,four_mode_relocalization_v2,0.5026067824077909,0,0,0,False,0,0,0.4780974603605477,0,0,restarted_se3,0,45.029524713754654,3.7700310349464417,0,581,cache_read_only_not_online_fps,178d419b5d7b38d165994fad2d41dc67b8cffa4444c416451632d3659ff5f2cf,cached_perception_v2,0,0,0,,,0,0.0,0,20.406395196914673,1.2170244008302689,70.42297534644604,212.48916598515285,212.60767139819072,23.702832491207705,212.4771299126514,0.5106702098642341,71.9866711755918
sugar_box_yalehand0_black10_2,581,0.39402056475347275,0.6360697502805968,0.5777566209551089,0.6402320069998428,0.028124065612069687,0.03116524557008872,0.04219409282700422,0.04219409282700422,0.242049185527124,0.062475386044733905,MODE_4_TRUSTED_FUSION,full,four_mode_relocalization_v2,0.4747673829007873,0,0,0,False,0,0,0.39402056475347275,0,0,restarted_se3,0,45.91024853289127,3.6958567798137665,0,582,cache_read_only_not_online_fps,178d419b5d7b38d165994fad2d41dc67b8cffa4444c416451632d3659ff5f2cf,cached_perception_v2,0,0,0,,,0,0.0,0,20.667633041739464,1.1701015755534172,71.44383992999792,212.74080528586325,212.82408375361794,23.82147997819738,212.7287714779996,0.4843779838849745,71.96977410305499
sugar_box_yalehand0_black10_2,582,0.377958958990558,0.4575710988632847,0.569468234358447,0.5894926685003067,0.02772060311591106,0.028695353519842804,0.04219409282700422,0.04219409282700422,0.0796121398727267,0.020024434141859726,MODE_4_TRUSTED_FUSION,full,four_mode_relocalization_v2,0.49150759194248755,0,0,0,False,0,0,0.377958958990558,0,0,restarted_se3,0,47.347765415906906,3.9357002824544907,0,583,cache_read_only_not_online_fps,178d419b5d7b38d165994fad2d41dc67b8cffa4444c416451632d3659ff5f2cf,cached_perception_v2,0,0,0,,,0,0.0,0,20.837378688156605,1.2316713109612465,73.35251569747925,212.94191633782597,212.92494452571685,24.109480508543594,212.92983635346053,0.3912871892096537,72.04968838777505
sugar_box_yalehand0_black10_2,583,0.38644314487235365,0.3630629741916184,0.5867267502181696,0.5541017419568859,0.028560714011747073,0.02697259223234136,0.04219409282700422,0.0375,-0.023380170680735224,-0.03262500826128367,MODE_4_TRUSTED_FUSION,full,four_mode_relocalization_v2,0.5140524670445303,0,0,0,False,0,0,0.3630629741916184,0,0,restarted_se3,0,45.33529095351696,3.905152902007103,0,584,cache_read_only_not_online_fps,178d419b5d7b38d165994fad2d41dc67b8cffa4444c416451632d3659ff5f2cf,cached_perception_v2,0,0,0,,,0,0.0,0,24.663155898451805,1.1475421488285065,75.05114190280437,212.9677160055131,212.90787970162137,24.532593317017547,212.95555332001595,0.3690877379051265,72.27067107885041
sugar_box_yalehand0_black10_2,584,0.4957056525542566,0.7449408821378468,0.6358401619995061,0.6092023865896136,0.03095145912010686,0.029654784160071043,0.04219409282700422,0.04219409282700422,0.24923522958359023,-0.02663777540989254,MODE_4_TRUSTED_FUSION,full,four_mode_relocalization_v2,0.5105284108584336,0,0,0,False,0,0,0.4957056525542566,0,0,restarted_se3,0,46.250413171947,3.849552944302559,0,585,cache_read_only_not_online_fps,178d419b5d7b38d165994fad2d41dc67b8cffa4444c416451632d3659ff5f2cf,cached_perception_v2,0,0,0,,,0,0.0,0,21.13188523799181,1.4310181140899658,72.66286946833134,212.56842623528672,212.48638510867383,25.51796193857081,212.55618986427956,0.5719583990268086,72.91330317756176
sugar_box_yalehand0_black10_2,585,0.5236463949475659,0.6758371224977685,0.635401904429547,0.6453449449695741,0.030930125596257074,0.03141413341960129,0.04219409282700422,0.04219409282700422,0.15219072755020258,0.009943040540027037,MODE_4_TRUSTED_FUSION,full,four_mode_relocalization_v2,0.49617794940475146,0,0,0,False,0,0,0.5236463949475659,0,0,restarted_se3,0,44.61103491485119,4.310179501771927,0,586,cache_read_only_not_online_fps,178d419b5d7b38d165994fad2d41dc67b8cffa4444c416451632d3659ff5f2cf,cached_perception_v2,0,0,0,,,0,0.0,0,20.289329811930656,1.153361052274704,70.36390528082848,212.5627732237565,212.50354735266356,26.144795763079838,212.55031575074145,0.5761356010832498,73.19321817540379
sugar_box_yalehand0_black10_2,586,0.46475642553113117,0.7213496636305805,0.6005155983067649,0.6898725229603216,0.02923192824676083,0.03358164908197158,0.04219409282700422,0.0891009055627426,0.25659323809944934,0.08935692465355671,MODE_4_TRUSTED_FUSION,full,four_mode_relocalization_v2,0.4659044052661464,0,0,0,False,0,0,0.46475642553113117,0,0,restarted_se3,0,45.78209947794676,3.8408543914556503,0,587,cache_read_only_not_online_fps,178d419b5d7b38d165994fad2d41dc67b8cffa4444c416451632d3659ff5f2cf,cached_perception_v2,0,0,0,,,0,0.0,0,20.640899427235126,1.2199124321341515,71.48376572877169,211.99252878414455,212.07983564393206,27.15686377284912,211.9800372076631,0.5758263689156338,73.84655587939875
sugar_box_yalehand0_black10_2,587,0.4611490024958362,0.5487917295843923,0.6102591452768812,0.6188345444372049,0.029706225112158632,0.030123658820206727,0.04219409282700422,0.04219409282700422,0.08764272708855608,0.008575399160323682,MODE_4_TRUSTED_FUSION,full,four_mode_relocalization_v2,0.4965673515001558,0,0,0,False,0,0,0.4611490024958362,0,0,restarted_se3,0,45.49537040293217,3.7121446803212166,0,588,cache_read_only_not_online_fps,178d419b5d7b38d165994fad2d41dc67b8cffa4444c416451632d3659ff5f2cf,cached_perception_v2,0,0,0,,,0,0.0,0,20.852691493928432,1.230357214808464,71.29056379199028,212.02482512057244,212.03044869602294,27.659326523925422,212.01245150983854,0.5001571030613116,74.10755696719261
sugar_box_yalehand0_black10_2,588,0.3879953334959033,0.6309425319512632,0.591740583512148,0.6361253097452977,0.02880477763891022,0.030965339556299036,0.04219409282700422,0.04219409282700422,0.24294719845535984,0.04438472623314971,MODE_4_TRUSTED_FUSION,full,four_mode_relocalization_v2,0.48221574671085554,0,0,0,False,0,0,0.3879953334959033,0,0,restarted_se3,0,45.48237379640341,3.9451876655220985,0,589,cache_read_only_not_online_fps,178d419b5d7b38d165994fad2d41dc67b8cffa4444c416451632d3659ff5f2cf,cached_perception_v2,0,0,0,,,0,0.0,0,27.2438433021307,1.0486636310815811,77.72006839513779,212.0026311301914,212.0698109763916,27.928995758003243,211.99024079551504,0.47121832628543026,74.2211080157463
sugar_box_yalehand0_black10_2,589,0.44290793687548197,0.49680516126956253,0.5809995716265127,0.5620406625851875,0.028281926126603456,0.027359043406661555,0.04219409282700422,0.04219409282700422,0.05389722439408057,-0.018958909041325245,MODE_4_TRUSTED_FUSION,full,four_mode_relocalization_v2,0.5081505817613332,0,0,0,False,0,0,0.44290793687548197,0,0,restarted_se3,0,45.70533707737923,2.686602994799614,0,590,cache_read_only_not_online_fps,178d419b5d7b38d165994fad2d41dc67b8cffa4444c416451632d3659ff5f2cf,cached_perception_v2,0,0,0,,,0,0.0,0,20.74563317000866,1.1376943439245224,70.27526758611202,211.95780512465956,211.9841836707954,28.38838920867504,211.94544418564206,0.44488134056414164,74.38202280716793
sugar_box_yalehand0_black10_2,590,0.4865464838282181,0.4017367770085327,0.6279766926782844,0.5672158572571162,0.030568680768276044,0.027610961791028916,0.04219409282700422,0.04219409282700422,-0.08480970681968536,-0.06076083542116817,MODE_4_TRUSTED_FUSION,full,four_mode_relocalization_v2,0.525000497009465,0,0,0,False,0,0,0.4017367770085327,0,0,restarted_se3,0,44.6999492123723,3.7748925387859344,0,591,cache_read_only_not_online_fps,178d419b5d7b38d165994fad2d41dc67b8cffa4444c416451632d3659ff5f2cf,cached_perception_v2,0,0,0,,,0,0.0,0,20.039872266352177,1.1492976918816566,69.66401170939207,211.6676515519748,211.69100784707206,28.95790987657481,211.65537209742112,0.4186511824442931,74.74924024502027
sugar_box_yalehand0_black10_2,591,0.5378036508347291,0.569911025958135,0.6380146749102884,0.609615938683713,0.031057310168037793,0.029674915069534673,0.04219409282700422,0.04219409282700422,0.03210737512340589,-0.028398736226575405,MODE_4_TRUSTED_FUSION,full,four_mode_relocalization_v2,0.5112015029938646,0,0,0,False,0,0,0.5378036508347291,0,0,restarted_se3,0,46.594166196882725,3.950047306716442,0,592,cache_read_only_not_online_fps,178d419b5d7b38d165994fad2d41dc67b8cffa4444c416451632d3659ff5f2cf,cached_perception_v2,0,0,0,,,0,0.0,0,20.297559909522533,1.317921094596386,72.15969450771809,211.2146521880734,211.2339001972755,29.70260912250231,211.2022822304239,0.5050438178560618,75.21412147977694
sugar_box_yalehand0_black10_2,592,0.4879011993209739,0.5952953675888354,0.6347107699384495,0.6659608439411127,0.030896482517027177,0.03241767517801309,0.04219409282700422,0.0891009055627426,0.10739416826786147,0.03125007400266311,MODE_4_TRUSTED_FUSION,full,four_mode_relocalization_v2,0.48816887041629375,0,0,0,False,0,0,0.4879011993209739,0,0,restarted_se3,0,45.245754532516,3.9313212037086487,0,593,cache_read_only_not_online_fps,178d419b5d7b38d165994fad2d41dc67b8cffa4444c416451632d3659ff5f2cf,cached_perception_v2,0,0,0,,,0,0.0,0,20.6787483766675,1.1456981301307678,71.00152224302292,211.32033441175176,211.2950708315581,29.84001322725988,211.30764942273524,0.5327510543259493,75.19310261515444
sugar_box_yalehand0_black10_2,593,0.4563704014926858,0.5410767976700349,0.6411439589429514,0.6482502195172545,0.0312096376122615,0.031555556518941916,0.04219409282700422,0.04219409282700422,0.0847063961773491,0.0071062605743030804,MODE_4_TRUSTED_FUSION,full,four_mode_relocalization_v2,0.4972864318891887,0,0,0,False,0,0,0.4563704014926858,0,0,restarted_se3,0,46.28000594675541,3.8490835577249527,0,594,cache_read_only_not_online_fps,178d419b5d7b38d165994fad2d41dc67b8cffa4444c416451632d3659ff5f2cf,cached_perception_v2,0,0,0,,,0,0.0,0,20.980742760002613,1.2263432145118713,72.33617547899485,211.13622171088616,211.12704769530123,30.222514264166637,211.12312223441637,0.4930382027640662,75.42730666195813
sugar_box_yalehand0_black10_2,594,0.444772863285936,0.5116142145188796,0.6334082390691698,0.6370317716235584,0.030833077854405033,0.031009464352821314,0.04219409282700422,0.04219409282700422,0.06684135123294355,0.003623532554388631,MODE_4_TRUSTED_FUSION,full,four_mode_relocalization_v2,0.4985960089099982,0,0,0,False,0,0,0.444772863285936,0,0,restarted_se3,0,45.6103989854455,3.842371515929699,0,595,cache_read_only_not_online_fps,178d419b5d7b38d165994fad2d41dc67b8cffa4444c416451632d3659ff5f2cf,cached_perception_v2,0,0,0,,,0,0.0,0,20.56294772773981,2.361373044550419,72.37709127366543,211.21245339013979,211.07004527354826,30.626713398822208,211.19916855248064,0.472995746501,75.62659054073546
sugar_box_yalehand0_black10_2,595,0.41272880299175585,0.45563068041116256,0.6228204394126037,0.6252115615354698,0.030317684414626782,0.030434079576587517,0.04219409282700422,0.04219409282700422,0.04290187741940671,0.002391122122866074,MODE_4_TRUSTED_FUSION,full,four_mode_relocalization_v2,0.49905715229541586,0,0,0,False,0,0,0.41272880299175585,0,0,restarted_se3,0,46.98571842163801,4.28561307489872,0,596,cache_read_only_not_online_fps,178d419b5d7b38d165994fad2d41dc67b8cffa4444c416451632d3659ff5f2cf,cached_perception_v2,0,0,0,,,0,0.0,0,21.544989198446274,2.1918360143899918,75.008156709373,211.39971254307954,211.25189571416695,30.894603395100884,211.38564051773804,0.43081086145317427,75.74497361639484
sugar_box_yalehand0_black10_2,596,0.4424085472774587,0.4406528638860306,0.618524160380514,0.6212555348103868,0.030108549929613863,0.030241507910346098,0.04219409282700422,0.04219409282700422,-0.00175568339142812,0.0027313744298727016,MODE_4_TRUSTED_FUSION,full,four_mode_relocalization_v2,0.49891593171397375,0,0,0,False,0,0,0.4406528638860306,0,0,restarted_se3,0,44.5735864341259,4.253507591784,0,597,cache_read_only_not_online_fps,178d419b5d7b38d165994fad2d41dc67b8cffa4444c416451632d3659ff5f2cf,cached_perception_v2,0,0,0,,,0,0.0,0,20.695780403912067,2.1610260009765625,71.68390043079853,211.5392689361475,211.5446826508713,31.085201283885432,211.52453471282072,0.4305926410215868,75.75301919375005
sugar_box_yalehand0_black10_2,597,0.4414442465443754,0.4122089229805246,0.6087711188197596,0.592818209355265,0.029633790886059417,0.028857234363451053,0.04219409282700422,0.04219409282700422,-0.029235323563850835,-0.01595290946449468,MODE_4_TRUSTED_FUSION,full,four_mode_relocalization_v2,0.5065295713938199,0,0,0,False,0,0,0.4122089229805246,0,0,restarted_se3,0,43.01744978874922,4.205179400742054,0,598,cache_read_only_not_online_fps,178d419b5d7b38d165994fad2d41dc67b8cffa4444c416451632d3659ff5f2cf,cached_perception_v2,0,0,0,,,0,0.0,0,20.66186349838972,2.1441085264086723,70.02860121428967,211.3719428774832,211.43387306113337,31.54584774214798,211.35642403853484,0.4197507004088888,76.01440247355747
sugar_box_yalehand0_black10_2,598,0.4700231212956658,0.3943935361251453,0.6296768716064544,0.5870586721302513,0.030651442162942653,0.02857687132313892,0.04219409282700422,0.04219409282700422,-0.07562958517052049,-0.042618199476203045,MODE_4_TRUSTED_FUSION,full,four_mode_relocalization_v2,0.5172301183110802,0,0,0,False,0,0,0.3943935361251453,0,0,restarted_se3,0,43.49107760936022,4.246196709573269,0,599,cache_read_only_not_online_fps,178d419b5d7b38d165994fad2d41dc67b8cffa4444c416451632d3659ff5f2cf,cached_perception_v2,0,0,0,,,0,0.0,0,20.84473054856062,2.224281430244446,70.80628629773855,211.6655483389724,211.6323683263282,31.61217674157734,211.64985379258673,0.43026877097656996,76.02447558860052
sugar_box_yalehand0_black10_2,599,0.523876285601132,0.4674518940602586,0.6346138067114783,0.6121653116606409,0.030891762536228363,0.029799013574462633,0.04219409282700422,0.04219409282700422,-0.056424391540873364,-0.022448495050837347,MODE_4_TRUSTED_FUSION,full,four_mode_relocalization_v2,0.5088604614353309,0,0,0,False,0,0,0.4674518940602586,0,0,restarted_se3,0,44.26016844809055,3.894238732755184,0,600,cache_read_only_not_online_fps,178d419b5d7b38d165994fad2d41dc67b8cffa4444c416451632d3659ff5f2cf,cached_perception_v2,0,0,0,,,0,0.0,0,21.429549902677536,2.1751653403043747,71.75912242382765,211.60548689762564,211.59446800327316,32.00232967515578,211.58975303455398,0.49232814473269937,76.22488782220535
sugar_box_yalehand0_black10_2,600,0.5068683394212462,0.5253441378321391,0.6280164931833191,0.6346942428006539,0.030570618179245286,0.030895678008189226,0.04219409282700422,0.04219409282700422,0.018475798410892863,0.006677749617334805,MODE_4_TRUSTED_FUSION,full,four_mode_relocalization_v2,0.497397016556421,0,0,0,False,0,0,0.5068683394212462,0,0,restarted_se3,0,43.32794435322285,3.876001574099064,0,601,cache_read_only_not_online_fps,178d419b5d7b38d165994fad2d41dc67b8cffa4444c416451632d3659ff5f2cf,cached_perception_v2,0,0,0,,,0,0.0,0,20.598264411091805,2.022143453359604,69.82435379177332,211.81698821160845,211.71870855131286,32.271278702458076,211.80123838349735,0.5142902995536289,76.39180428727536
sugar_box_yalehand0_black10_2,601,0.4396045324634661,0.5642328618836692,0.6227845460691553,0.6724811394220983,0.030315937196664124,0.032735070446654364,0.04219409282700422,0.0891009055627426,0.12462832942020308,0.049696593352942964,MODE_4_TRUSTED_FUSION,full,four_mode_relocalization_v2,0.4811077739269153,0,0,0,False,0,0,0.4396045324634661,0,0,restarted_se3,0,44.70961447805166,4.099339246749878,0,602,cache_read_only_not_online_fps,178d419b5d7b38d165994fad2d41dc67b8cffa4444c416451632d3659ff5f2cf,cached_perception_v2,0,0,0,,,0,0.0,0,20.86570579558611,2.0258864387869835,71.70054595917463,211.89941954729866,211.81521166396666,32.58626655296944,211.88370716623947,0.4943837254421944,76.60939828219621
sugar_box_yalehand0_black10_2,602,0.45463317217666877,0.512676577223487,0.6302802085594396,0.6463405203366089,0.030680811429233172,0.0314625960869749,0.04219409282700422,0.04219409282700422,0.058043405046818264,0.016060311777169378,MODE_4_TRUSTED_FUSION,full,four_mode_relocalization_v2,0.4938068583128224,0,0,0,False,0,0,0.45463317217666877,0,0,restarted_se3,0,44.995435513556004,3.9434079080820084,0,603,cache_read_only_not_online_fps,178d419b5d7b38d165994fad2d41dc67b8cffa4444c416451632d3659ff5f2cf,cached_perception_v2,0,0,0,,,0,0.0,0,20.90564463287592,1.423899084329605,71.26838713884354,212.26812061663796,212.2095406577377,32.76561893856737,212.2524684262843,0.48360522410528173,76.63326419820508
sugar_box_yalehand0_black10_2,603,0.4544980855006057,0.47754708976419735,0.6231405481645643,0.6102680406450269,0.030333266684421035,0.029706658121332913,0.04219409282700422,0.04219409282700422,0.023049004263591633,-0.01287250751953739,MODE_4_TRUSTED_FUSION,full,four_mode_relocalization_v2,0.5051350005235574,0,0,0,False,0,0,0.4544980855006057,0,0,restarted_se3,0,44.74441800266504,3.85395810008049,0,604,cache_read_only_not_online_fps,178d419b5d7b38d165994fad2d41dc67b8cffa4444c416451632d3659ff5f2cf,cached_perception_v2,0,0,0,,,0,0.0,0,21.01467177271843,1.16646196693182,70.77950984239578,212.49955874880237,212.4642864073532,33.00447188743302,212.48402053461533,0.46377025257323073,76.76080989995427
sugar_box_yalehand0_black10_2,604,0.44361475313155097,0.40948336613144043,0.5981468463556471,0.587336591731117,0.02911662202113623,0.028590399907331865,0.04219409282700422,0.04219409282700422,-0.034131387000110536,-0.010810254624530113,MODE_4_TRUSTED_FUSION,full,four_mode_relocalization_v2,0.5044837839670727,0,0,0,False,0,0,0.40948336613144043,0,0,restarted_se3,0,43.21639519184828,3.8267066702246666,0,605,cache_read_only_not_online_fps,178d419b5d7b38d165994fad2d41dc67b8cffa4444c416451632d3659ff5f2cf,cached_perception_v2,0,0,0,,,0,0.0,0,20.59771679341793,0.9985361248254776,68.63935478031635,212.57356650655487,212.55162627342926,33.49161864262802,212.55814833644257,0.4243130872013703,77.07357275524788
sugar_box_yalehand0_black10_2,605,0.42498391293249893,0.44372779287889813,0.5872508240018156,0.5925208576735419,0.02858622490152703,0.028842759863456895,0.04219409282700422,0.04219409282700422,0.0187438799463992,0.005270033671726293,MODE_4_TRUSTED_FUSION,full,four_mode_relocalization_v2,0.4978037347637813,0,0,0,False,0,0,0.42498391293249893,0,0,restarted_se3,0,43.9857579767704,3.5934429615736008,0,606,cache_read_only_not_online_fps,178d419b5d7b38d165994fad2d41dc67b8cffa4444c416451632d3659ff5f2cf,cached_perception_v2,0,0,0,,,0,0.0,0,20.91437391936779,0.9016450494527817,69.39521990716457,213.1583988732002,213.14223694940065,33.45389712294806,213.14309148024915,0.4336432521303099,76.93141479527466
sugar_box_yalehand0_black10_2,606,0.4287248256300528,0.41760674596328007,0.5863330382723067,0.5897962378526715,0.028541548882008883,0.028710130683918585,0.04219409282700422,0.04219409282700422,-0.011118079666772751,0.003463199580364895,MODE_4_TRUSTED_FUSION,full,four_mode_relocalization_v2,0.49855233056765225,0,0,0,False,0,0,0.41760674596328007,0,0,restarted_se3,0,45.052421279251575,3.238401375710964,0,607,cache_read_only_not_online_fps,178d419b5d7b38d165994fad2d41dc67b8cffa4444c416451632d3659ff5f2cf,cached_perception_v2,0,0,0,,,0,0.0,0,21.0894588381052,0.8760467171669006,70.25632821023464,213.5690214690444,213.5392855046688,33.599540675638394,213.55386075150474,0.42245397433575266,76.9764343981521
sugar_box_yalehand0_black10_2,607,0.47170368061376516,0.40724503250963484,0.6086085814762147,0.5777810772000996,0.02962587888514333,0.028125256094383166,0.04219409282700422,0.04219409282700422,-0.06445864810413032,-0.030827504276115025,MODE_4_TRUSTED_FUSION,full,four_mode_relocalization_v2,0.5127767608311314,0,0,0,False,0,0,0.40724503250963484,0,0,restarted_se3,0,45.01507431268692,2.9642051085829735,0,608,cache_read_only_not_online_fps,178d419b5d7b38d165994fad2d41dc67b8cffa4444c416451632d3659ff5f2cf,cached_perception_v2,0,0,0,,,0,0.0,0,21.35250624269247,0.8840952068567276,70.21588087081909,213.86774581765263,213.84622603016697,33.924805846331346,213.85274134417108,0.4348917788481433,77.13334554410025
sugar_box_yalehand0_black10_2,608,0.5171979552095226,0.5265002029650944,0.6289335520015266,0.6289613848821459,0.030615258814138843,0.030616613664489877,0.04219409282700422,0.04219409282700422,0.009302247755571758,2.7832880619360623e-05,MODE_4_TRUSTED_FUSION,full,four_mode_relocalization_v2,0.4999891098713142,0,0,0,False,0,0,0.5171979552095226,0,0,restarted_se3,0,44.31553650647402,3.565525636076927,0,609,cache_read_only_not_online_fps,178d419b5d7b38d165994fad2d41dc67b8cffa4444c416451632d3659ff5f2cf,cached_perception_v2,0,0,0,,,0,0.0,0,20.804845727980137,0.8536307141184807,69.53953858464956,213.7673686197078,213.7501230845003,34.62248110763223,213.7525411144894,0.4845178398667364,77.6578227824931
sugar_box_yalehand0_black10_2,609,0.5313225399166573,0.5622355582244779,0.6585753345753352,0.6580201162158993,0.03205816298473298,0.03203113603773929,0.0891009055627426,0.0891009055627426,0.03091301830782056,-0.0005552183594359494,MODE_4_TRUSTED_FUSION,full,four_mode_relocalization_v2,0.5002076987315449,0,0,0,False,0,0,0.5313225399166573,0,0,restarted_se3,0,43.21780242025852,3.024783916771412,0,610,cache_read_only_not_online_fps,178d419b5d7b38d165994fad2d41dc67b8cffa4444c416451632d3659ff5f2cf,cached_perception_v2,0,0,0,,,0,0.0,0,19.79643665254116,1.080966554582119,67.11998954415321,214.16612952706683,214.1557134044159,34.877029280388605,214.15147963782633,0.5405239700659832,77.7183812072828
sugar_box_yalehand0_black10_2,610,0.574624346043173,0.6782531573715648,0.6352409433861025,0.6646597933730864,0.030922290326555905,0.0323543425735692,0.04219409282700422,0.0891009055627426,0.10362881132839175,0.029418849986983964,MODE_4_TRUSTED_FUSION,full,four_mode_relocalization_v2,0.48885565816895543,0,0,0,False,0,0,0.574624346043173,0,0,restarted_se3,0,44.878317043185234,3.0699260532855988,0,611,cache_read_only_not_online_fps,178d419b5d7b38d165994fad2d41dc67b8cffa4444c416451632d3659ff5f2cf,cached_perception_v2,0,0,0,,,0,0.0,0,21.265966817736626,0.9336499497294426,70.1478598639369,214.47332797380284,214.46923104610937,35.17752817531023,214.45887254128303,0.6246181501271169,77.81859514449316
sugar_box_yalehand0_black10_2,611,0.5469164089213184,0.676463598874077,0.6381720799222457,0.6417994984725819,0.03106497233706086,0.031241547998181705,0.04219409282700422,0.04219409282700422,0.1295471899527586,0.0036274185503362144,MODE_4_TRUSTED_FUSION,full,four_mode_relocalization_v2,0.4986048085163464,0,0,0,False,0,0,0.5469164089213184,0,0,restarted_se3,0,45.03869079053402,3.295779228210449,0,612,cache_read_only_not_online_fps,178d419b5d7b38d165994fad2d41dc67b8cffa4444c416451632d3659ff5f2cf,cached_perception_v2,0,0,0,,,0,0.0,0,21.455259062349796,0.9212922304868698,70.71102131158113,214.85799989223207,214.84218575023357,35.41674203459001,214.8437268494281,0.6069564853961391,77.9158664896049
sugar_box_yalehand0_black10_2,612,0.48381071251170404,0.5128122452244938,0.6509920547443248,0.6713000454377679,0.03168902371088189,0.032677577094774785,0.0891009055627426,0.0891009055627426,0.029001532712789713,0.020307990693443134,MODE_4_TRUSTED_FUSION,full,four_mode_relocalization_v2,0.4924353310688902,0,0,0,False,0,0,0.48381071251170404,0,0,restarted_se3,0,44.396732933819294,3.2492931932210922,0,613,cache_read_only_not_online_fps,178d419b5d7b38d165994fad2d41dc67b8cffa4444c416451632d3659ff5f2cf,cached_perception_v2,0,0,0,,,0,0.0,0,21.321585401892662,0.9110774844884872,69.87868901342154,214.9187618276803,214.8970351834348,36.008567679913064,214.90467005723585,0.49673265636609665,78.32775601677189
sugar_box_yalehand0_black10_2,613,0.43972412243197706,0.4549200097269956,0.6148698346348849,0.6287923010252813,0.02993066447869848,0.030608382992071893,0.04219409282700422,0.04219409282700422,0.015195887295018529,0.013922466390396404,MODE_4_TRUSTED_FUSION,full,four_mode_relocalization_v2,0.4944912227732759,0,0,0,False,0,0,0.43972412243197706,0,0,restarted_se3,0,44.562024995684624,4.321175627410412,0,614,cache_read_only_not_online_fps,178d419b5d7b38d165994fad2d41dc67b8cffa4444c416451632d3659ff5f2cf,cached_perception_v2,0,0,0,,,0,0.0,0,21.71963080763817,0.8966922760009766,71.49952370673418,215.11647192108128,215.09614192879042,36.44317016998424,215.10258117196756,0.4462276185044988,78.59321549762723
sugar_box_yalehand0_black10_2,614,0.5227966304826186,0.4468835545283635,0.6506072162997354,0.6264683351424173,0.03167029052588129,0.03049525686491158,0.0891009055627426,0.04219409282700422,-0.07591307595425512,-0.024138881157318104,MODE_4_TRUSTED_FUSION,full,four_mode_relocalization_v2,0.5093051176280671,0,0,0,False,0,0,0.4468835545283635,0,0,restarted_se3,0,43.039566837251186,3.3554602414369583,0,615,cache_read_only_not_online_fps,178d419b5d7b38d165994fad2d41dc67b8cffa4444c416451632d3659ff5f2cf,cached_perception_v2,0,0,0,,,0,0.0,0,20.278794690966606,1.0731285437941551,67.7469503134489,215.3296487184523,215.3128841570696,36.94109785576215,215.3159630234734,0.4722958307246456,78.83610726154124
sugar_box_yalehand0_black10_2,615,0.4849115539981578,0.5084424964272746,0.611806841820647,0.6106972040589942,0.02978156396171173,0.029727548959403726,0.04219409282700422,0.04219409282700422,0.023530942429116797,-0.0011096377616528486,MODE_4_TRUSTED_FUSION,full,four_mode_relocalization_v2,0.5004465328565056,0,0,0,False,0,0,0.4849115539981578,0,0,restarted_se3,0,45.386677607893944,3.329007886350155,0,616,cache_read_only_not_online_fps,178d419b5d7b38d165994fad2d41dc67b8cffa4444c416451632d3659ff5f2cf,cached_perception_v2,0,0,0,,,0,0.0,0,21.331090480089188,1.5851659700274467,71.63194194436073,215.73944266105798,215.72497762329186,37.20684098529928,215.72595598852726,0.4961704400156545,78.910647270302
sugar_box_yalehand0_black10_2,616,0.45408433347975447,0.4625779698909472,0.5998775635934428,0.5872026890770322,0.02920086996116198,0.02858388178725756,0.04219409282700422,0.04219409282700422,0.008493636411192718,-0.012674874516410584,MODE_4_TRUSTED_FUSION,full,four_mode_relocalization_v2,0.5052502203098632,0,0,0,False,0,0,0.45408433347975447,0,0,restarted_se3,0,46.563574112951756,3.9025573059916496,0,617,cache_read_only_not_online_fps,178d419b5d7b38d165994fad2d41dc67b8cffa4444c416451632d3659ff5f2cf,cached_perception_v2,0,0,0,,,0,0.0,0,21.055879071354866,0.9080516174435616,72.43006210774183,216.0316472700466,216.01476361785393,37.519704318517874,216.01835026175866,0.45540636799470113,79.12481410202857
sugar_box_yalehand0_black10_2,617,0.45982836498634067,0.4698173669781571,0.6337677574964448,0.6137614571987163,0.030850578510339902,0.02987671082657726,0.04219409282700422,0.04219409282700422,0.00998900199181646,-0.02000630029772843,MODE_4_TRUSTED_FUSION,full,four_mode_relocalization_v2,0.5078918497758413,0,0,0,False,0,0,0.45982836498634067,0,0,restarted_se3,0,43.106406927108765,3.9380816742777824,0,618,cache_read_only_not_online_fps,178d419b5d7b38d165994fad2d41dc67b8cffa4444c416451632d3659ff5f2cf,cached_perception_v2,0,0,0,,,0,0.0,0,20.68793773651123,1.1107046157121658,68.84313095360994,216.39572380736246,216.3865699377224,37.80975873524898,216.38263334975423,0.4602706731282418,79.24532745053392
sugar_box_yalehand0_black10_2,618,0.5072531401682366,0.47296685962389656,0.6197562428308101,0.6175491316892147,0.030168525300582914,0.030061087434346528,0.04219409282700422,0.04219409282700422,-0.034286280544340075,-0.0022071111415954414,MODE_4_TRUSTED_FUSION,full,four_mode_relocalization_v2,0.5008777148282048,0,0,0,False,0,0,0.47296685962389656,0,0,restarted_se3,0,45.86116038262844,2.903836779296398,0,619,cache_read_only_not_online_fps,178d419b5d7b38d165994fad2d41dc67b8cffa4444c416451632d3659ff5f2cf,cached_perception_v2,0,0,0,,,0,0.0,0,21.451530046761036,0.9509120136499405,71.16743922233582,216.86035334905594,216.84903996010155,37.995003430241916,216.84746655850802,0.4888301182913867,79.28783890705323
sugar_box_yalehand0_black10_2,619,0.4464244873872573,0.4654574287533856,0.5773773718789865,0.6100251336596675,0.028105604506626098,0.029694833882983922,0.04219409282700422,0.04219409282700422,0.019032941366128264,0.03264776178068096,MODE_4_TRUSTED_FUSION,full,four_mode_relocalization_v2,0.4864801664602659,0,0,0,False,0,0,0.4464244873872573,0,0,restarted_se3,0,43.08733716607094,3.527972847223282,0,620,cache_read_only_not_online_fps,178d419b5d7b38d165994fad2d41dc67b8cffa4444c416451632d3659ff5f2cf,cached_perception_v2,0,0,0,,,0,0.0,0,19.916200079023838,0.8053658530116081,67.33687594532967,217.22146201448592,217.2114547124676,38.233860831804435,217.20877466173158,0.45212179855756734,79.44226736680176
sugar_box_yalehand0_black10_2,620,0.450607382679447,0.532172117414972,0.591742009585357,0.591211212477777,0.028804847057373024,0.028779008889295257,0.04219409282700422,0.04219409282700422,0.08156473473552495,-0.0005307971075800832,MODE_4_TRUSTED_FUSION,full,four_mode_relocalization_v2,0.5002206225054494,0,0,0,False,0,0,0.450607382679447,0,0,restarted_se3,0,44.90508046001196,2.933935262262821,0,621,cache_read_only_not_online_fps,178d419b5d7b38d165994fad2d41dc67b8cffa4444c416451632d3659ff5f2cf,cached_perception_v2,0,0,0,,,0,0.0,0,21.791662089526653,0.9768698364496231,70.60754764825106,217.85268222631285,217.85192343710173,38.31485560413462,217.8401815634349,0.48826144478939704,79.32887386050712
sugar_box_yalehand0_black10_2,621,0.4216205937886055,0.39518698224654847,0.60033977483076,0.5768995412741668,0.029223369502826176,0.028082344644611554,0.04219409282700422,0.04219409282700422,-0.026433611542057034,-0.023440233556593193,MODE_4_TRUSTED_FUSION,full,four_mode_relocalization_v2,0.5097892849162576,0,0,0,False,0,0,0.39518698224654847,0,0,restarted_se3,0,42.65636391937733,3.864581696689129,0,622,cache_read_only_not_online_fps,178d419b5d7b38d165994fad2d41dc67b8cffa4444c416451632d3659ff5f2cf,cached_perception_v2,0,0,0,,,0,0.0,0,19.460669718682766,1.0939324274659157,67.07554776221514,218.07314678129103,218.06670237032986,38.70007026437112,218.06083709356884,0.4074548482113408,79.60684946313164
sugar_box_yalehand0_black10_2,622,0.5104160820016521,0.4189440455376509,0.6250114215446958,0.5800990340866126,0.030424337152134082,0.02823808971531938,0.04219409282700422,0.04219409282700422,-0.0914720364640012,-0.044912387458083236,MODE_4_TRUSTED_FUSION,full,four_mode_relocalization_v2,0.5183299339466251,0,0,0,False,0,0,0.4189440455376509,0,0,restarted_se3,0,45.448774471879005,3.3467626199126244,0,623,cache_read_only_not_online_fps,178d419b5d7b38d165994fad2d41dc67b8cffa4444c416451632d3659ff5f2cf,cached_perception_v2,0,0,0,,,0,0.0,0,20.927189849317074,0.8689621463418007,70.5916890874505,218.6203935794289,218.60480355148422,38.85232257677348,218.60828039702446,0.46271388340747444,79.59359490963378
sugar_box_yalehand0_black10_2,623,0.48333974141408986,0.4963808438730805,0.5948652885064969,0.6375492922603514,0.028956882184478484,0.031034656248191905,0.04219409282700422,0.04219409282700422,0.01304110245899065,0.042684003753854505,MODE_4_TRUSTED_FUSION,full,four_mode_relocalization_v2,0.4829593153859167,0,0,0,False,0,0,0.48333974141408986,0,0,restarted_se3,0,45.41043005883694,3.230995498597622,0,624,cache_read_only_not_online_fps,178d419b5d7b38d165994fad2d41dc67b8cffa4444c416451632d3659ff5f2cf,cached_perception_v2,0,0,0,,,0,0.0,0,21.00993413478136,0.893821008503437,70.54518070071936,219.01413631953818,218.99194092434885,39.102454725395226,219.00222618418255,0.489250116182364,79.71435137924595
sugar_box_yalehand0_black10_2,624,0.46549480841714547,0.533032967988048,0.6008582152507287,0.6116085267450715,0.02924860617144807,0.029771910370571347,0.04219409282700422,0.04219409282700422,0.06753815957090253,0.010750311494342801,MODE_4_TRUSTED_FUSION,full,four_mode_relocalization_v2,0.4956387011803117,0,0,0,False,0,0,0.46549480841714547,0,0,restarted_se3,0,43.70800871402025,3.192763775587082,0,625,cache_read_only_not_online_fps,178d419b5d7b38d165994fad2d41dc67b8cffa4444c416451632d3659ff5f2cf,cached_perception_v2,0,0,0,,,0,0.0,0,19.9360903352499,1.1318717151880264,67.96873454004526,219.63246735333738,219.60941668471884,39.16076232733122,219.62075126028674,0.49682047320729156,79.66448585841881
sugar_box_yalehand0_black10_2,625,0.525903510686797,0.49282926444342473,0.6538798303067138,0.6523905192380154,0.0318295949937437,0.03175709823525807,0.0891009055627426,0.0891009055627426,-0.03307424624337224,-0.001489311068698429,MODE_4_TRUSTED_FUSION,full,four_mode_relocalization_v2,0.50056146586901,0,0,0,False,0,0,0.49282926444342473,0,0,restarted_se3,0,43.56564488261938,3.8236817345023155,0,626,cache_read_only_not_online_fps,178d419b5d7b38d165994fad2d41dc67b8cffa4444c416451632d3659ff5f2cf,cached_perception_v2,0,0,0,,,0,0.0,0,20.741160959005356,0.8668266236782074,68.99731419980526,219.8132222092235,219.80234129926708,39.77982615591895,219.80169184322565,0.5021905273397305,79.99652339740601
sugar_box_yalehand0_black10_2,626,0.5277006245347693,0.5602893350100636,0.638991724636976,0.6547392905990448,0.03110487104336656,0.031871431844721756,0.04219409282700422,0.0891009055627426,0.032588710475294325,0.015747565962068832,MODE_4_TRUSTED_FUSION,full,four_mode_relocalization_v2,0.4940065486087196,0,0,0,False,0,0,0.5277006245347693,0,0,restarted_se3,0,44.80234067887068,3.2985955476760864,0,627,cache_read_only_not_online_fps,178d419b5d7b38d165994fad2d41dc67b8cffa4444c416451632d3659ff5f2cf,cached_perception_v2,0,0,0,,,0,0.0,0,22.07140624523163,0.9313235059380531,71.10366597771645,220.02328581327947,220.02270718574107,40.33405968788307,220.0119442678385,0.5383706505888168,80.2840101451579
sugar_box_yalehand0_black10_2,627,0.5455931885299055,0.6829632460054229,0.6592265265240821,0.7024887732434583,0.03208986173889408,0.034195783542524644,0.0891009055627426,0.0891009055627426,0.13737005747551745,0.043262246719376174,MODE_4_TRUSTED_FUSION,full,four_mode_relocalization_v2,0.4843447319695111,0,0,0,False,0,0,0.5455931885299055,0,0,restarted_se3,0,45.57210486382246,3.586692735552788,0,628,cache_read_only_not_online_fps,178d419b5d7b38d165994fad2d41dc67b8cffa4444c416451632d3659ff5f2cf,cached_perception_v2,0,0,0,,,0,0.0,0,21.12584374845028,1.1049369350075722,71.3895782828331,219.91006171787853,219.90564220121286,41.3102219723622,219.8989037736547,0.5506572989062747,80.90891437166984
sugar_box_yalehand0_black10_2,628,0.5146572451115728,0.6329682684003963,0.6266067526505793,0.7110235411072555,0.03050199475927785,0.03461123939829383,0.04219409282700422,0.0891009055627426,0.11831102328882348,0.08441678845667622,MODE_4_TRUSTED_FUSION,full,four_mode_relocalization_v2,0.4689102442524997,0,0,0,False,0,0,0.5146572451115728,0,0,restarted_se3,0,43.90684515237808,3.2585384324193,0,629,cache_read_only_not_online_fps,178d419b5d7b38d165994fad2d41dc67b8cffa4444c416451632d3659ff5f2cf,cached_perception_v2,0,0,0,,,0,0.0,0,20.98890021443367,1.0336609557271004,69.18794475495815,220.00792176525877,219.99763038751746,42.21624785304232,219.99693916768638,0.5638105520772896,81.31638060191759
sugar_box_yalehand0_black10_2,629,0.5886107689080317,0.7162438584744587,0.6058196856311983,0.602698268434772,0.029490120874095693,0.0293381763721187,0.04219409282700422,0.04219409282700422,0.12763308956642705,-0.003121417196426224,MODE_4_TRUSTED_FUSION,full,four_mode_relocalization_v2,0.501270399502952,0,0,0,False,0,0,0.5886107689080317,0,0,restarted_se3,0,42.89962723851204,3.518952988088131,0,630,cache_read_only_not_online_fps,178d419b5d7b38d165994fad2d41dc67b8cffa4444c416451632d3659ff5f2cf,cached_perception_v2,0,0,0,,,0,0.0,0,19.670162349939346,1.30394846200943,67.39269103854895,220.51066563228773,220.50145744097475,42.48740134465575,220.49986689153496,0.643559963241647,81.3463105403381
sugar_box_yalehand0_black10_2,630,0.5458558592310376,0.7860245291801882,0.5967930431523336,0.5969403488246442,0.029050721521280642,0.029057892074144658,0.04219409282700422,0.04219409282700422,0.24016866994915054,0.00014730567231058256,MODE_4_TRUSTED_FUSION,full,four_mode_relocalization_v2,0.49993931712133644,0,0,0,False,0,0,0.5458558592310376,0,0,restarted_se3,0,43.48431993275881,3.781619481742382,0,631,cache_read_only_not_online_fps,178d419b5d7b38d165994fad2d41dc67b8cffa4444c416451632d3659ff5f2cf,cached_perception_v2,0,0,0,,,0,0.0,0,20.764022134244442,1.4185477048158646,69.4485092535615,221.11011513378446,221.08884854094325,42.583685113490404,221.09949870067362,0.6568490034983934,81.35106197900993
sugar_box_yalehand0_black10_2,631,0.5295697796526219,0.763447721666207,0.5836242495347315,0.6058997314563928,0.02840969032873283,0.029494017348767016,0.04219409282700422,0.04219409282700422,0.23387794201358514,0.02227548192166129,MODE_4_TRUSTED_FUSION,full,four_mode_relocalization_v2,0.4907916327944949,0,0,0,False,0,0,0.5295697796526219,0,0,restarted_se3,0,43.00195910036564,3.9216233417391777,0,632,cache_read_only_not_online_fps,178d419b5d7b38d165994fad2d41dc67b8cffa4444c416451632d3659ff5f2cf,cached_perception_v2,0,0,0,,,0,0.0,0,20.49361541867256,1.1407667770981789,68.55796463787556,221.76914584090883,221.75705375006623,42.62385040322991,221.75871947160837,0.6249126560689864,81.26320612978733
sugar_box_yalehand0_black10_2,632,0.5236549302789115,0.5479331682313119,0.5764601879857554,0.5558620056035297,0.028060957783324295,0.027058278433930733,0.04219409282700422,0.0375,0.02427823795240036,-0.02059818238222566,MODE_4_TRUSTED_FUSION,full,four_mode_relocalization_v2,0.5089376836169691,0,0,0,False,0,0,0.5236549302789115,0,0,restarted_se3,0,42.837955057621,3.607562743127346,0,633,cache_read_only_not_online_fps,178d419b5d7b38d165994fad2d41dc67b8cffa4444c416451632d3659ff5f2cf,cached_perception_v2,0,0,0,,,0,0.0,0,19.99215316027403,1.0849079117178917,67.52257887274027,222.41482409499162,222.40586302142168,42.71639614357521,222.4045817531591,0.5304079244190203,81.22574705578747
sugar_box_yalehand0_black10_2,633,0.4928667342499772,0.5091490570857998,0.6185437639285352,0.6054298194164116,0.03010950419210222,0.029471142947046648,0.04219409282700422,0.04219409282700422,0.01628232283582265,-0.013113944512123554,MODE_4_TRUSTED_FUSION,full,four_mode_relocalization_v2,0.5052709899501487,0,0,0,False,0,0,0.4928667342499772,0,0,restarted_se3,0,45.38734443485737,3.1498828902840614,0,634,cache_read_only_not_online_fps,178d419b5d7b38d165994fad2d41dc67b8cffa4444c416451632d3659ff5f2cf,cached_perception_v2,0,0,0,,,0,0.0,0,21.16961032152176,1.1661751195788383,70.87301276624203,222.63014651467782,222.61919375861652,43.31515724263611,222.62007825157565,0.4771877647376255,81.56950953740315
sugar_box_yalehand0_black10_2,634,0.5081208763752737,0.6459919643763675,0.6016530996624951,0.6274323201218851,0.02928729959449111,0.030542181773823545,0.04219409282700422,0.04219409282700422,0.13787108800109382,0.025779220459389962,MODE_4_TRUSTED_FUSION,full,four_mode_relocalization_v2,0.4896807615992187,0,0,0,False,0,0,0.5081208763752737,0,0,restarted_se3,0,42.616670951247215,3.028632141649723,0,635,cache_read_only_not_online_fps,178d419b5d7b38d165994fad2d41dc67b8cffa4444c416451632d3659ff5f2cf,cached_perception_v2,0,0,0,,,0,0.0,0,20.072415471076965,1.0669166222214699,66.78463518619537,222.9673434382202,222.9553734357243,43.92332838524229,222.95744502762068,0.5370112471634526,81.79863406804068
sugar_box_yalehand0_black10_2,635,0.4957636732312959,0.8543478131901138,0.6440811523994295,0.6748120393762643,0.031352614461836625,0.03284853411088337,0.04219409282700422,0.0891009055627426,0.3585841399588179,0.030730886976834793,MODE_4_TRUSTED_FUSION,full,four_mode_relocalization_v2,0.4885237720358865,0,0,0,False,0,0,0.4957636732312959,0,0,restarted_se3,0,43.540485203266144,3.7955092266201973,0,636,cache_read_only_not_online_fps,178d419b5d7b38d165994fad2d41dc67b8cffa4444c416451632d3659ff5f2cf,cached_perception_v2,0,0,0,,,0,0.0,0,20.313609391450882,1.3058912009000778,68.9554950222373,222.68857034420134,222.67500803622178,45.187568079800236,222.67883651303868,0.5849065999770467,82.64851201640754
sugar_box_yalehand0_black10_2,636,0.59484076628406,0.6466942878611971,0.6234629521403132,0.669297949480577,0.030348960681233335,0.03258011896791055,0.04219409282700422,0.0891009055627426,0.051853521577137074,0.04583499734026375,MODE_4_TRUSTED_FUSION,full,four_mode_relocalization_v2,0.4825425188685653,0,0,0,False,0,0,0.59484076628406,0,0,restarted_se3,0,42.671144008636475,4.263774491846561,0,637,cache_read_only_not_online_fps,178d419b5d7b38d165994fad2d41dc67b8cffa4444c416451632d3659ff5f2cf,cached_perception_v2,0,0,0,,,0,0.0,0,20.203539170324802,1.0696323588490486,68.20809002965689,223.0076971950149,223.00303194102634,46.05255238989372,222.99813342286163,0.6103684948329277,82.8965543215249
sugar_box_yalehand0_black10_2,637,0.5689915244223849,0.6377321778699657,0.6238577521252558,0.7330987360131389,0.030368178774592115,0.03568581683698411,0.04219409282700422,0.0891009055627426,0.06874065344758085,0.10924098388788306,MODE_4_TRUSTED_FUSION,full,four_mode_relocalization_v2,0.4603324488359201,0,0,0,False,0,0,0.5689915244223849,0,0,restarted_se3,0,43.545990251004696,3.8825655356049538,0,638,cache_read_only_not_online_fps,178d419b5d7b38d165994fad2d41dc67b8cffa4444c416451632d3659ff5f2cf,cached_perception_v2,0,0,0,,,0,0.0,0,20.060072652995586,1.2127319350838661,68.7013603746891,222.73617576689975,222.72806483312903,47.44706713092895,222.72677262525073,0.5880689233760591,83.72544684604338
sugar_box_yalehand0_black10_2,638,0.6292982874657028,0.6572105823190584,0.6420919579144773,0.6534330176061464,0.03125578435348152,0.03180784502281945,0.04219409282700422,0.0891009055627426,0.027912294853355557,0.011341059691669098,MODE_4_TRUSTED_FUSION,full,four_mode_relocalization_v2,0.4956895308326697,0,0,0,False,0,0,0.6292982874657028,0,0,restarted_se3,0,44.30633969604969,3.793857991695404,0,639,cache_read_only_not_online_fps,178d419b5d7b38d165994fad2d41dc67b8cffa4444c416451632d3659ff5f2cf,cached_perception_v2,0,0,0,,,0,0.0,0,20.516020245850086,1.2273332104086876,69.84355114400387,222.70028851050938,222.69013639201884,48.79263315804425,222.69102828195298,0.6428318819926655,84.34924635057926
sugar_box_yalehand0_black10_2,639,0.5659832714367626,0.8835563727520972,0.582954514943144,0.6630087691295301,0.028377088954878664,0.03227397393309194,0.04219409282700422,0.0891009055627426,0.31757310131533456,0.08005425418638612,MODE_4_TRUSTED_FUSION,full,four_mode_relocalization_v2,0.4683820790090977,0,0,0,False,0,0,0.5659832714367626,0,0,restarted_se3,0,46.86429351568222,3.8436967879533768,0,640,cache_read_only_not_online_fps,178d419b5d7b38d165994fad2d41dc67b8cffa4444c416451632d3659ff5f2cf,cached_perception_v2,0,0,0,,,0,0.0,0,19.919106736779213,1.1455677449703217,71.77266478538513,223.1934701836895,223.18335895385792,49.425542296686814,223.1843562528096,0.7017993246717851,84.48179479511113
sugar_box_yalehand0_black10_2,640,0.4581650433451898,0.7630970938167182,0.5609362375641193,0.579087888149439,0.02730528215039973,0.028188869102955937,0.04219409282700422,0.04219409282700422,0.3049320504715284,0.018151650585319756,MODE_4_TRUSTED_FUSION,full,four_mode_relocalization_v2,0.49217617539887193,0,0,0,False,0,0,0.4581650433451898,0,0,restarted_se3,0,43.54502819478512,3.816649317741394,0,641,cache_read_only_not_online_fps,178d419b5d7b38d165994fad2d41dc67b8cffa4444c416451632d3659ff5f2cf,cached_perception_v2,0,0,0,,,0,0.0,0,19.730054773390293,1.1327005922794342,68.22443287819624,223.64005749183545,223.62936728662305,49.86944690226708,223.63110220223513,0.5908582156789027,84.67754861590241
sugar_box_yalehand0_black10_2,641,0.5811342407718272,0.6155745496103241,0.563346718529312,0.5575163375225931,0.027422619663052813,0.027138808085601304,0.04219409282700422,0.04219409282700422,0.034440308838496914,-0.005830381006718843,MODE_4_TRUSTED_FUSION,full,four_mode_relocalization_v2,0.5025552501572343,0,0,0,False,0,0,0.5811342407718272,0,0,restarted_se3,0,44.129651971161366,3.764384426176548,0,642,cache_read_only_not_online_fps,178d419b5d7b38d165994fad2d41dc67b8cffa4444c416451632d3659ff5f2cf,cached_perception_v2,0,0,0,,,0,0.0,0,20.019560120999813,1.1406010016798973,69.05419752001762,224.19779815437852,224.18787423630047,50.16349944268457,224.1889976595148,0.565252756230766,84.73221048660567
sugar_box_yalehand0_black10_2,642,0.5601221107451329,0.631876833900946,0.5467392937240066,0.5233734926808133,0.026614202610038704,0.025476800981423884,0.02702702702702703,0.017080745341614908,0.0717547231558131,-0.0233658010431933,MODE_4_TRUSTED_FUSION,full,four_mode_relocalization_v2,0.5107171484155567,0,0,0,False,0,0,0.5601221107451329,0,0,restarted_se3,0,44.54251192510128,3.8625122979283333,0,643,cache_read_only_not_online_fps,178d419b5d7b38d165994fad2d41dc67b8cffa4444c416451632d3659ff5f2cf,cached_perception_v2,0,0,0,,,0,0.0,0,20.407157950103283,1.1742934584617615,69.98647563159466,225.101523143888,225.08773864245003,50.1133944899576,225.09286036290254,0.5906249979599212,84.52513520173991
sugar_box_yalehand0_black10_2,643,0.7010480741440526,0.5523091155893947,0.5684649781472341,0.5430375599930168,0.02767176656002145,0.026434009430847324,0.04219409282700422,0.02702702702702703,-0.1487389585546579,-0.02542741815421723,MODE_4_TRUSTED_FUSION,full,four_mode_relocalization_v2,0.5112361295256174,0,0,0,False,0,0,0.5523091155893947,0,0,restarted_se3,0,45.34796066582203,4.127455875277519,0,644,cache_read_only_not_online_fps,178d419b5d7b38d165994fad2d41dc67b8cffa4444c416451632d3659ff5f2cf,cached_perception_v2,0,0,0,,,0,0.0,0,20.620877854526043,1.1484650894999504,71.24475948512554,225.8039374130491,225.79388514888993,50.218228368295904,225.79542465381684,0.6237716242225497,84.47994704430917
sugar_box_yalehand0_black10_2,644,0.535051200670005,0.5871054037727508,0.5580161720767232,0.570781035687503,0.027163139056957882,0.027784507724486467,0.04219409282700422,0.04219409282700422,0.05205420310274578,0.012764863610779886,MODE_4_TRUSTED_FUSION,full,four_mode_relocalization_v2,0.4944442485042148,0,0,0,False,0,0,0.535051200670005,0,0,restarted_se3,0,45.75441591441631,3.919883631169796,0,645,cache_read_only_not_online_fps,178d419b5d7b38d165994fad2d41dc67b8cffa4444c416451632d3659ff5f2cf,cached_perception_v2,0,0,0,,,0,0.0,0,20.62046993523836,1.1649588122963905,71.45972829312086,226.17934037858052,226.1756656296431,50.73577286113778,226.17095842079755,0.5461250920343161,84.75570262768161
sugar_box_yalehand0_black10_2,645,0.4705690352862719,0.5317855422813698,0.5178236855949238,0.5636647977125654,0.0252066471952849,0.02743810313740031,0.017080745341614908,0.04219409282700422,0.06121650699509784,0.045841112117641636,MODE_4_TRUSTED_FUSION,full,four_mode_relocalization_v2,0.47919128850989323,0,0,0,False,0,0,0.4705690352862719,0,0,restarted_se3,0,44.58680469542742,3.8608796894550323,0,646,cache_read_only_not_online_fps,178d419b5d7b38d165994fad2d41dc67b8cffa4444c416451632d3659ff5f2cf,cached_perception_v2,0,0,0,,,0,0.0,0,20.273718982934952,1.1528786271810532,69.87428199499846,226.63522120109775,226.63209213869422,51.148514791239464,226.6269594880475,0.48609422130562574,84.96150863015725
sugar_box_yalehand0_black10_2,646,0.4399792643120712,0.6793633139680632,0.5338184228500917,0.6150636024426266,0.025985239813173935,0.029940096717708437,0.017080745341614908,0.04219409282700422,0.23938404965599197,0.08124517959253486,MODE_4_TRUSTED_FUSION,full,four_mode_relocalization_v2,0.46524662975624553,0,0,0,False,0,0,0.4399792643120712,0,0,restarted_se3,0,45.173024758696556,3.62396240234375,0,647,cache_read_only_not_online_fps,178d419b5d7b38d165994fad2d41dc67b8cffa4444c416451632d3659ff5f2cf,cached_perception_v2,0,0,0,,,0,0.0,0,20.634695887565613,1.1431006714701653,70.57478372007608,226.66847717535933,226.65712144556784,52.33488691716634,226.66033478782163,0.48451763466401,85.57994302507517
sugar_box_yalehand0_black10_2,647,0.5705434174518329,0.5118583763894408,0.5501534896110849,0.5581863853048282,0.026780399007722406,0.027171424704965436,0.0375,0.04219409282700422,-0.05868504106239214,0.008032895693743325,MODE_4_TRUSTED_FUSION,full,four_mode_relocalization_v2,0.49644039182150584,0,0,0,False,0,0,0.5118583763894408,0,0,restarted_se3,0,44.00880355387926,3.910040482878685,0,648,cache_read_only_not_online_fps,178d419b5d7b38d165994fad2d41dc67b8cffa4444c416451632d3659ff5f2cf,cached_perception_v2,0,0,0,,,0,0.0,0,20.06295882165432,1.173309050500393,69.15511190891266,226.960004562458,226.94815301811047,53.2801168882956,226.95197397128447,0.49346852391485146,85.97744297693767
sugar_box_yalehand0_black10_2,648,0.5913464528847151,0.684660398103425,0.5388449538434135,0.5481127885143677,0.02622992153957905,0.026681061657950773,0.02702702702702703,0.0375,0.09331394521870995,0.009267834670954267,MODE_4_TRUSTED_FUSION,full,four_mode_relocalization_v2,0.49581382634751076,0,0,0,False,0,0,0.5913464528847151,0,0,restarted_se3,0,43.71705837547779,3.8634762167930603,0,649,cache_read_only_not_online_fps,178d419b5d7b38d165994fad2d41dc67b8cffa4444c416451632d3659ff5f2cf,cached_perception_v2,0,0,0,,,0,0.0,0,19.991020672023296,1.135929487645626,68.70748475193977,227.55145965663579,227.54117427703235,53.79277135868151,227.54352428783156,0.6345220481316663,86.09233023391107
sugar_box_yalehand0_black10_2,649,0.4781221964592454,0.8774178344889263,0.4973245836013957,0.5942098515773128,0.024208790885994272,0.028924976792947917,0.017080745341614908,0.04219409282700422,0.3992956380296809,0.09688526797591707,MODE_4_TRUSTED_FUSION,full,four_mode_relocalization_v2,0.45641823370036205,0,0,0,False,0,0,0.4781221964592454,0,0,restarted_se3,0,44.032614678144455,3.859318792819977,0,650,cache_read_only_not_online_fps,178d419b5d7b38d165994fad2d41dc67b8cffa4444c416451632d3659ff5f2cf,cached_perception_v2,0,0,0,,,0,0.0,0,20.305803045630455,1.1577047407627106,69.3554412573576,228.20176722372412,228.19252190693226,54.03594040956339,228.19393378835605,0.6535229981459768,86.13183508086676
sugar_box_yalehand0_black10_2,650,0.6068969392243442,0.7670895169391064,0.5219002532803254,0.5618844867639313,0.025405086560405025,0.027351441072244742,0.017080745341614908,0.04219409282700422,0.16019257771476225,0.03998423348360591,MODE_4_TRUSTED_FUSION,full,four_mode_relocalization_v2,0.4818876670273577,0,0,0,False,0,0,0.6068969392243442,0,0,restarted_se3,0,44.09467335790396,3.909539431333542,0,651,cache_read_only_not_online_fps,178d419b5d7b38d165994fad2d41dc67b8cffa4444c416451632d3659ff5f2cf,cached_perception_v2,0,0,0,,,0,0.0,0,19.865142181515694,1.2390278279781342,69.10838279873133,229.03510978786863,229.01995113581566,54.120804631535115,229.0273814649931,0.6704738378617333,86.01187841084834
sugar_box_yalehand0_black10_2,651,0.5945034588345927,0.6488962730854588,0.5165788011841235,0.5088257745460905,0.025146048649843898,0.02476864643245398,0.017080745341614908,0.017080745341614908,0.05439281425086617,-0.0077530266380330115,MODE_4_TRUSTED_FUSION,full,four_mode_relocalization_v2,0.5037081465004195,0,0,0,False,0,0,0.5945034588345927,0,0,restarted_se3,0,44.04357448220253,3.836100921034813,0,652,cache_read_only_not_online_fps,178d419b5d7b38d165994fad2d41dc67b8cffa4444c416451632d3659ff5f2cf,cached_perception_v2,0,0,0,,,0,0.0,0,19.786356948316097,1.1601382866501808,68.82617063820362,229.74878948232785,229.74812206307055,54.15978479001311,229.74116385959658,0.6160405812294787,85.96063747398794
sugar_box_yalehand0_black10_2,652,0.6162240788729945,0.6233569864256865,0.49587362230723203,0.48401338770951613,0.024138160919746247,0.023560827828436475,0.017080745341614908,0.0019588638589618022,0.007132907552692025,-0.011860234597715902,MODE_4_TRUSTED_FUSION,full,four_mode_relocalization_v2,0.505930787418429,0,0,0,False,0,0,0.6162240788729945,0,0,restarted_se3,0,44.30366214364767,3.83739173412323,0,653,cache_read_only_not_online_fps,178d419b5d7b38d165994fad2d41dc67b8cffa4444c416451632d3659ff5f2cf,cached_perception_v2,0,0,0,,,0,0.0,0,20.219169557094574,1.206589862704277,69.56681329756975,230.6377538220306,230.632737565418,54.137700156410084,230.63021707934973,0.6181692412854335,85.78103003552944
sugar_box_yalehand0_black10_2,653,0.4649705185273256,0.436327547459336,0.46478457114843985,0.4875099586701828,0.022624806536785745,0.023731034084061,0.0019588638589618022,0.017080745341614908,-0.02864297106798963,0.022725387521742968,MODE_4_TRUSTED_FUSION,full,four_mode_relocalization_v2,0.48831352701018366,0,0,0,False,0,0,0.436327547459336,0,0,restarted_se3,0,44.15107984095812,3.851058892905712,0,654,cache_read_only_not_online_fps,178d419b5d7b38d165994fad2d41dc67b8cffa4444c416451632d3659ff5f2cf,cached_perception_v2,0,0,0,,,0,0.0,0,20.52919752895832,1.178576610982418,69.70991287380457,230.9958451975898,230.9955086908683,54.32542669556714,230.98837822501412,0.43442017779976394,86.07727234714498
sugar_box_yalehand0_black10_2,654,0.44342277445784084,0.3442831323042002,0.44024129487880337,0.43985700058235955,0.02143008771036828,0.02141138101343824,0.0019588638589618022,0.0019588638589618022,-0.09913964215364063,-0.0003842942964438212,MODE_4_TRUSTED_FUSION,full,four_mode_relocalization_v2,0.5002134735163823,0,0,0,False,0,0,0.3442831323042002,0,0,restarted_se3,0,44.48708891868591,4.031035117805004,0,655,cache_read_only_not_online_fps,178d419b5d7b38d165994fad2d41dc67b8cffa4444c416451632d3659ff5f2cf,cached_perception_v2,0,0,0,,,0,0.0,0,20.67118790000677,1.267991028726101,70.45730296522379,231.21877367308093,231.21836081944372,54.53368406049296,231.21138748168423,0.30456397963165516,86.50987150790166
sugar_box_yalehand0_black10_2,655,0.3896835932082421,0.31510904059217876,0.44957845146162045,0.411425358973131,0.02188460228422328,0.020027384145077085,0.0019588638589618022,0.0019588638589618022,-0.07457455261606333,-0.03815309248848947,MODE_4_TRUSTED_FUSION,full,four_mode_relocalization_v2,0.5216531937981413,0,0,0,False,0,0,0.31510904059217876,0,0,restarted_se3,0,43.129801750183105,3.8883062079548836,0,656,cache_read_only_not_online_fps,178d419b5d7b38d165994fad2d41dc67b8cffa4444c416451632d3659ff5f2cf,cached_perception_v2,0,0,0,,,0,0.0,0,20.76847478747368,1.0865051299333572,68.87308787554502,231.36731844747592,231.35359677687984,55.02226132998144,231.35999478308733,0.2753491018410211,87.0546000355919
sugar_box_yalehand0_black10_2,656,0.5748303755832557,0.42518500865018005,0.4981540234364969,0.4484526067142414,0.024249166399657945,0.021829798357455726,0.017080745341614908,0.0019588638589618022,-0.14964536693307562,-0.049701416722255476,MODE_4_TRUSTED_FUSION,full,four_mode_relocalization_v2,0.5257092260553317,0,0,0,False,0,0,0.42518500865018005,0,0,restarted_se3,0,44.37825456261635,3.830917179584503,0,657,cache_read_only_not_online_fps,178d419b5d7b38d165994fad2d41dc67b8cffa4444c416451632d3659ff5f2cf,cached_perception_v2,0,0,0,,,0,0.0,0,20.156883634626865,1.1379849165678024,69.50404029339552,231.8871047155591,231.87823248442908,55.277946751106136,231.8798416317959,0.4906559119909439,87.20779648241799
sugar_box_yalehand0_black10_2,657,0.5860602502682719,0.8371939400253775,0.5044902692528815,0.546775635880934,0.02455760248954578,0.026615971675366282,0.017080745341614908,0.02702702702702703,0.2511336897571056,0.04228536662805249,MODE_4_TRUSTED_FUSION,full,four_mode_relocalization_v2,0.48026383252495536,0,0,0,False,0,0,0.5860602502682719,0,0,restarted_se3,0,43.650723062455654,3.988468088209629,0,658,cache_read_only_not_online_fps,178d419b5d7b38d165994fad2d41dc67b8cffa4444c416451632d3659ff5f2cf,cached_perception_v2,0,0,0,,,0,0.0,0,20.61876468360424,1.335236243903637,69.59319207817316,232.61248872026843,232.61059676481435,55.34957304914442,232.6052765223897,0.7037202042786681,87.1634603838992
sugar_box_yalehand0_black10_2,658,0.6036294463587701,0.9617836360546491,0.5028199096664135,0.5874939055370293,0.024476292642281867,0.028598057636622532,0.017080745341614908,0.04219409282700422,0.358154189695879,0.08467399587061575,MODE_4_TRUSTED_FUSION,full,four_mode_relocalization_v2,0.4618693405813829,0,0,0,False,0,0,0.6036294463587701,0,0,restarted_se3,0,42.812359519302845,3.8159769028425217,0,659,cache_read_only_not_online_fps,178d419b5d7b38d165994fad2d41dc67b8cffa4444c416451632d3659ff5f2cf,cached_perception_v2,0,0,0,,,0,0.0,0,19.95329838246107,1.2222910299897194,67.80392583459616,233.35101381880597,233.34994979087767,55.40315812015972,233.34385539068938,0.7685614936935532,87.08170857003071
sugar_box_yalehand0_black10_2,659,0.6698043215003222,0.8728345654309059,0.523677790409304,0.5651079963000535,0.025491613601429045,0.027508355230225594,0.017080745341614908,0.04219409282700422,0.20303024393058366,0.04143020589074953,MODE_4_TRUSTED_FUSION,full,four_mode_relocalization_v2,0.48131730836228265,0,0,0,False,0,0,0.6698043215003222,0,0,restarted_se3,0,44.913691468536854,3.9577502757310867,0,660,cache_read_only_not_online_fps,178d419b5d7b38d165994fad2d41dc67b8cffa4444c416451632d3659ff5f2cf,cached_perception_v2,0,0,0,,,0,0.0,0,20.279460586607456,1.1810213327407837,70.33192366361618,234.21886601392097,234.21240021901139,55.349331422624374,234.21173926230426,0.7670011208075044,86.89082578698893
sugar_box_yalehand0_black10_2,660,0.6222929822693269,0.7170530763942032,0.52739769922846,0.538863708153448,0.025672691508468716,0.026230834462818337,0.017080745341614908,0.02702702702702703,0.09476009412487629,0.011466008924987947,MODE_4_TRUSTED_FUSION,full,four_mode_relocalization_v2,0.49472226075276704,0,0,0,False,0,0,0.6222929822693269,0,0,restarted_se3,0,44.87962834537029,3.924044780433178,0,661,cache_read_only_not_online_fps,178d419b5d7b38d165994fad2d41dc67b8cffa4444c416451632d3659ff5f2cf,cached_perception_v2,0,0,0,,,0,0.0,0,20.50939854234457,1.2370850890874863,70.55015675723553,234.9379798657869,234.93601203505426,55.356848242673436,234.93088948395905,0.6659767495544094,86.81097348669566
sugar_box_yalehand0_black10_2,661,0.6756111286159785,0.6277735449558748,0.5280130591594786,0.5093673441790492,0.025702646029883622,0.024795008986059436,0.017080745341614908,0.017080745341614908,-0.04783758366010371,-0.01864571498042944,MODE_4_TRUSTED_FUSION,full,four_mode_relocalization_v2,0.5088169380298511,0,0,0,False,0,0,0.6277735449558748,0,0,restarted_se3,0,44.91915833204985,3.7311650812625885,0,662,cache_read_only_not_online_fps,178d419b5d7b38d165994fad2d41dc67b8cffa4444c416451632d3659ff5f2cf,cached_perception_v2,0,0,0,,,0,0.0,0,20.62174491584301,1.756308600306511,71.02837692946196,235.78003755298522,235.78147795819876,55.32490565717351,235.77297185305252,0.6508921808115791,86.61604491802316
sugar_box_yalehand0_black10_2,662,0.6114088175212298,0.6044588972309338,0.48594725659727045,0.5021467847200457,0.023654964794611665,0.024443526232568596,0.0019588638589618022,0.017080745341614908,-0.006949920290295952,0.016199528122775253,MODE_4_TRUSTED_FUSION,full,four_mode_relocalization_v2,0.4919652693802223,0,0,0,False,0,0,0.6044588972309338,0,0,restarted_se3,0,43.73528156429529,3.944757394492626,0,663,cache_read_only_not_online_fps,178d419b5d7b38d165994fad2d41dc67b8cffa4444c416451632d3659ff5f2cf,cached_perception_v2,0,0,0,,,0,0.0,0,20.918218418955803,1.775491051375866,70.37374842911959,236.50094266405284,236.49467117677224,55.38194401934877,236.49389207598512,0.5925041683856535,86.54565185065377
sugar_box_yalehand0_black10_2,663,0.6098301136031055,0.5601074452972775,0.5104536861163658,0.5039901714786457,0.024847889993068455,0.024533258705147762,0.017080745341614908,0.017080745341614908,-0.049722668305827944,-0.0064635146377201025,MODE_4_TRUSTED_FUSION,full,four_mode_relocalization_v2,0.5031241495564328,0,0,0,False,0,0,0.5601074452972775,0,0,restarted_se3,0,43.203435838222504,3.8652727380394936,0,664,cache_read_only_not_online_fps,178d419b5d7b38d165994fad2d41dc67b8cffa4444c416451632d3659ff5f2cf,cached_perception_v2,0,0,0,,,0,0.0,0,20.408248528838158,1.7977291718125343,69.27468627691269,237.29462647469865,237.28062673534362,55.2915974358557,237.28759513682957,0.5840892848190457,86.40007393898844
sugar_box_yalehand0_black10_2,664,0.5827147508318569,0.6045197401758087,0.4940548898758655,0.4880375076282508,0.02404962857173785,0.023756714138554805,0.017080745341614908,0.017080745341614908,0.02180498934395181,-0.0060173822476146666,MODE_4_TRUSTED_FUSION,full,four_mode_relocalization_v2,0.5030024088909376,0,0,0,False,0,0,0.5827147508318569,0,0,restarted_se3,0,44.54286955296993,3.838011994957924,0,665,cache_read_only_not_online_fps,178d419b5d7b38d165994fad2d41dc67b8cffa4444c416451632d3659ff5f2cf,cached_perception_v2,0,0,0,,,0,0.0,0,20.364520139992237,1.7387224361300468,70.48412412405014,238.11131766343686,238.10257044946113,55.27877733001123,238.1042852485894,0.5924149105343703,86.22897816319947
sugar_box_yalehand0_black10_2,665,0.6385303838140974,0.5591715891565038,0.5143087718426219,0.4875869376225278,0.025035548048334265,0.023734781269342788,0.017080745341614908,0.017080745341614908,-0.07935879465759366,-0.02672183422009411,MODE_4_TRUSTED_FUSION,full,four_mode_relocalization_v2,0.5130746386214303,0,0,0,False,0,0,0.5591715891565038,0,0,restarted_se3,0,43.66673901677132,3.871101886034012,0,666,cache_read_only_not_online_fps,178d419b5d7b38d165994fad2d41dc67b8cffa4444c416451632d3659ff5f2cf,cached_perception_v2,0,0,0,,,0,0.0,0,20.255128853023052,1.7691347748041153,69.5621045306325,238.83361519692383,238.82987156373824,55.28037891968134,238.82659101364524,0.5979387763039417,86.13646689107422
sugar_box_yalehand0_black10_2,666,0.5717629706001741,0.5877215094758352,0.507128815878574,0.5176676083504953,0.02468604179379608,0.02519904965939583,0.017080745341614908,0.017080745341614908,0.01595853887566112,0.010538792471921354,MODE_4_TRUSTED_FUSION,full,four_mode_relocalization_v2,0.4949565330491547,0,0,0,False,0,0,0.5717629706001741,0,0,restarted_se3,0,44.602105394005775,3.680868074297905,0,667,cache_read_only_not_online_fps,178d419b5d7b38d165994fad2d41dc67b8cffa4444c416451632d3659ff5f2cf,cached_perception_v2,0,0,0,,,0,0.0,0,20.338784903287888,1.776919700205326,70.3986780717969,239.54288785562684,239.54805345192716,55.25591450896816,239.5358477373441,0.580681691737778,86.04802288497484
sugar_box_yalehand0_black10_2,667,0.5762565590345187,0.6198090089066688,0.4913337252109211,0.5267485043235914,0.02391716758245204,0.025641089966509125,0.017080745341614908,0.017080745341614908,0.04355244987215012,0.035414779112670325,MODE_4_TRUSTED_FUSION,full,four_mode_relocalization_v2,0.4829422091501602,0,0,0,False,0,0,0.5762565590345187,0,0,restarted_se3,0,43.30764804035425,3.7510590627789497,0,668,cache_read_only_not_online_fps,178d419b5d7b38d165994fad2d41dc67b8cffa4444c416451632d3659ff5f2cf,cached_perception_v2,0,0,0,,,0,0.0,0,19.795086234807968,1.7480077221989632,68.60180106014013,240.31766561007882,240.32130199137148,55.26819574108025,240.31059921997513,0.5959965316651548,85.89463791745399
sugar_box_yalehand0_black10_2,668,0.5550258223101627,0.5843500256233441,0.4852479163434696,0.5160806038831378,0.023620922274855606,0.025121797376777544,0.0019588638589618022,0.017080745341614908,0.02932420331318142,0.030832687539668224,MODE_4_TRUSTED_FUSION,full,four_mode_relocalization_v2,0.4849055974992125,0,0,0,False,0,0,0.5550258223101627,0,0,restarted_se3,0,42.50010289251804,3.8243141025304794,0,669,cache_read_only_not_online_fps,178d419b5d7b38d165994fad2d41dc67b8cffa4444c416451632d3659ff5f2cf,cached_perception_v2,0,0,0,,,0,0.0,0,22.285024635493755,1.7302744090557098,70.33971603959799,241.06800472266093,241.06208212481022,55.227920488778636,241.06090753217262,0.5684844103468628,85.76720641213448
sugar_box_yalehand0_black10_2,669,0.6245330884114103,0.5365065172719982,0.5048118375936923,0.48127637857954375,0.024573255809278886,0.023427595561491744,0.017080745341614908,0.0019588638589618022,-0.08802657113941215,-0.023535459014148552,MODE_4_TRUSTED_FUSION,full,four_mode_relocalization_v2,0.5116965185735244,0,0,0,False,0,0,0.5365065172719982,0,0,restarted_se3,0,48.49590174853802,3.82086168974638,0,670,cache_read_only_not_online_fps,178d419b5d7b38d165994fad2d41dc67b8cffa4444c416451632d3659ff5f2cf,cached_perception_v2,0,0,0,,,0,0.0,0,20.45952621847391,1.7485246062278748,74.52481426298618,241.84453837414478,241.83455884267485,55.170943067931546,241.83740006606178,0.5791079632815946,85.62528328369959
sugar_box_yalehand0_black10_2,670,0.5963187646313378,0.5111224606550052,0.4827921210642192,0.44732098714779905,0.023501378949762643,0.021774713323757775,0.0019588638589618022,0.0019588638589618022,-0.0851963039763326,-0.03547113391642015,MODE_4_TRUSTED_FUSION,full,four_mode_relocalization_v2,0.5186667953582769,0,0,0,False,0,0,0.5111224606550052,0,0,restarted_se3,0,44.86767668277025,3.787374123930931,0,671,cache_read_only_not_online_fps,178d419b5d7b38d165994fad2d41dc67b8cffa4444c416451632d3659ff5f2cf,cached_perception_v2,0,0,0,,,0,0.0,0,20.47560829669237,1.7707422375679016,70.90140134096146,242.35271229420445,242.34195714430092,55.27236690782962,242.34554696705274,0.5523230136508682,85.71685284553415
sugar_box_yalehand0_black10_2,671,0.6886463151017342,0.5457320453268659,0.49750520405774323,0.4651187117878341,0.024217583137577305,0.022641071851496372,0.017080745341614908,0.0019588638589618022,-0.14291426977486832,-0.03238649226990914,MODE_4_TRUSTED_FUSION,full,four_mode_relocalization_v2,0.5164795969992445,0,0,0,False,0,0,0.5457320453268659,0,0,restarted_se3,0,44.8548374697566,3.8002897053956985,0,672,cache_read_only_not_online_fps,178d419b5d7b38d165994fad2d41dc67b8cffa4444c416451632d3659ff5f2cf,cached_perception_v2,0,0,0,,,0,0.0,0,20.484330132603645,1.7620967701077461,70.9015540778637,242.98640083336588,242.9734234301529,55.28974183193753,242.9791875766963,0.6130988362588913,85.71528860693968
sugar_box_yalehand0_black10_2,672,0.771887881490939,0.6034578490900633,0.5350916604850697,0.5067771464284686,0.026047218538275657,0.024668923210763364,0.017080745341614908,0.017080745341614908,-0.16843003240087573,-0.028314514056601126,MODE_4_TRUSTED_FUSION,full,four_mode_relocalization_v2,0.5133323975015807,0,0,0,False,0,0,0.6034578490900633,0,0,restarted_se3,0,43.4300322085619,3.6760875955224037,0,673,cache_read_only_not_online_fps,178d419b5d7b38d165994fad2d41dc67b8cffa4444c416451632d3659ff5f2cf,cached_perception_v2,0,0,0,,,0,0.0,0,20.303228870034218,1.7866892740130424,69.19603794813156,243.47480318445537,243.47093660481812,55.49325585498417,243.46751615570886,0.6843706280370146,85.85747394289014
sugar_box_yalehand0_black10_2,673,0.7074609644698286,0.8586280393265677,0.495913452565339,0.5440058909183498,0.02414009977903702,0.02648114589192888,0.017080745341614908,0.02702702702702703,0.15116707485673908,0.04809243835301086,MODE_4_TRUSTED_FUSION,full,four_mode_relocalization_v2,0.477313161303886,0,0,0,False,0,0,0.7074609644698286,0,0,restarted_se3,0,43.53676736354828,3.7984363734722137,0,674,cache_read_only_not_online_fps,178d419b5d7b38d165994fad2d41dc67b8cffa4444c416451632d3659ff5f2cf,cached_perception_v2,0,0,0,,,0,0.0,0,19.819597713649273,1.7477860674262047,68.90258751809597,244.12286308669357,244.12356310094725,55.50206817573293,244.11571617861787,0.7786574829368655,85.82461987177355
sugar_box_yalehand0_black10_2,674,0.6855242829991096,0.8877514691946973,0.5096727937006736,0.5565068956668141,0.024809877673108213,0.027089670424596972,0.017080745341614908,0.0375,0.20222718619558766,0.04683410196614046,MODE_4_TRUSTED_FUSION,full,four_mode_relocalization_v2,0.47844090511699167,0,0,0,False,0,0,0.6855242829991096,0,0,restarted_se3,0,44.73025817424059,3.854794427752495,0,675,cache_read_only_not_online_fps,178d419b5d7b38d165994fad2d41dc67b8cffa4444c416451632d3659ff5f2cf,cached_perception_v2,0,0,0,,,0,0.0,0,21.46617416292429,1.765628345310688,71.81685511022806,244.7965221743484,244.8026952344555,55.474318463879236,244.79016031799463,0.7790205773715976,85.75491566772772
sugar_box_yalehand0_black10_2,675,0.6594793568925132,0.7660904040912037,0.5132614840212248,0.5255143022507134,0.024984568119527907,0.02558101141644631,0.017080745341614908,0.017080745341614908,0.10661104719869041,0.012252818229488538,MODE_4_TRUSTED_FUSION,full,four_mode_relocalization_v2,0.4942136860379892,0,0,0,False,0,0,0.6594793568925132,0,0,restarted_se3,0,45.20346689969301,3.844384104013443,0,676,cache_read_only_not_online_fps,178d419b5d7b38d165994fad2d41dc67b8cffa4444c416451632d3659ff5f2cf,cached_perception_v2,0,0,0,,,0,0.0,0,20.931660197675228,1.77681352943182,71.7563247308135,245.4447689619903,245.44462911373986,55.511394939922255,245.43981279725898,0.7062232222809708,85.71385401491911
sugar_box_yalehand0_black10_2,676,0.5950700551571204,0.6975267015021612,0.4884385080579849,0.5072083595498513,0.02377623405747441,0.024689913824593984,0.017080745341614908,0.017080745341614908,0.10245664634504081,0.01876985149186644,MODE_4_TRUSTED_FUSION,full,four_mode_relocalization_v2,0.49075965668260496,0,0,0,False,0,0,0.5950700551571204,0,0,restarted_se3,0,42.992315255105495,3.74755822122097,0,677,cache_read_only_not_online_fps,178d419b5d7b38d165994fad2d41dc67b8cffa4444c416451632d3659ff5f2cf,cached_perception_v2,0,0,0,,,0,0.0,0,20.21721936762333,1.7552739009261131,68.71236674487591,246.0987115397429,246.09225110079856,55.509144769954425,246.09506271904834,0.6445502863990177,85.62663638014703
sugar_box_yalehand0_black10_2,677,0.6080362387718584,0.5617598487028892,0.4791779577306709,0.4797116675546468,0.02332544852674574,0.0233514284801775,0.0019588638589618022,0.0019588638589618022,-0.04627639006896922,0.0005337098239758808,MODE_4_TRUSTED_FUSION,full,four_mode_relocalization_v2,0.4997273901928319,0,0,0,False,0,0,0.5617598487028892,0,0,restarted_se3,0,44.197872281074524,3.768504597246647,0,678,cache_read_only_not_online_fps,178d419b5d7b38d165994fad2d41dc67b8cffa4444c416451632d3659ff5f2cf,cached_perception_v2,0,0,0,,,0,0.0,0,20.632486790418625,1.867968589067459,70.46683225780725,246.75622001471535,246.75288718177222,55.476308212208934,246.7537571667822,0.5837092926902752,85.53477764312028
sugar_box_yalehand0_black10_2,678,0.7956496990678429,0.6002571229894043,0.5527137460483307,0.4792205741753643,0.02690502729827456,0.02332752301216614,0.0375,0.0019588638589618022,-0.19539257607843863,-0.07349317187296639,MODE_4_TRUSTED_FUSION,full,four_mode_relocalization_v2,0.5349323957114251,0,0,0,False,0,0,0.6002571229894043,0,0,restarted_se3,0,43.9516706392169,3.7647252902388573,0,679,cache_read_only_not_online_fps,178d419b5d7b38d165994fad2d41dc67b8cffa4444c416451632d3659ff5f2cf,cached_perception_v2,0,0,0,,,0,0.0,0,20.48631478101015,1.7426693812012672,69.94538009166718,247.46961036685713,247.4647569121408,55.39667341884873,247.46804107341487,0.6899857979108935,85.35786962510043
sugar_box_yalehand0_black10_2,679,0.6523843250697513,0.7319867365022806,0.49692045903440973,0.5377010472385696,0.024189118890165694,0.026174238396812943,0.017080745341614908,0.017080745341614908,0.07960241143252933,0.04078058820415986,MODE_4_TRUSTED_FUSION,full,four_mode_relocalization_v2,0.48066577062880217,0,0,0,False,0,0,0.6523843250697513,0,0,restarted_se3,0,45.146433636546135,3.8641178980469704,0,680,cache_read_only_not_online_fps,178d419b5d7b38d165994fad2d41dc67b8cffa4444c416451632d3659ff5f2cf,cached_perception_v2,0,0,0,,,0,0.0,0,21.49873599410057,1.7649587243795395,72.27424625307322,248.05879298495924,248.0686192651408,55.28239844114894,248.05762412262075,0.6795498334181294,85.27457643963585
sugar_box_yalehand0_black10_2,680,0.7317584510809881,0.7234012378974872,0.4940116885365888,0.4865031088567074,0.024047525614789754,0.023682022598621212,0.017080745341614908,0.0019588638589618022,-0.008357213183500911,-0.007508579679881389,MODE_4_TRUSTED_FUSION,full,four_mode_relocalization_v2,0.5037523581357537,0,0,0,False,0,0,0.7234012378974872,0,0,restarted_se3,0,44.39618717879057,4.287674091756344,0,681,cache_read_only_not_online_fps,178d419b5d7b38d165994fad2d41dc67b8cffa4444c416451632d3659ff5f2cf,cached_perception_v2,0,0,0,,,0,0.0,0,21.348167210817337,1.8730955198407173,71.90512400120497,248.69162591547996,248.6972213339483,55.222229547128855,248.69049607774105,0.7274093238281995,85.14697671107834
sugar_box_yalehand0_black10_2,681,0.6208346684057662,0.7569474299692464,0.4878787328033987,0.5126805373924747,0.023748985289711318,0.024956288770557278,0.017080745341614908,0.017080745341614908,0.13611276156348018,0.024801804589075938,MODE_4_TRUSTED_FUSION,full,four_mode_relocalization_v2,0.487848915142226,0,0,0,False,0,0,0.6208346684057662,0,0,restarted_se3,0,44.52774487435818,3.855564631521702,0,682,cache_read_only_not_online_fps,178d419b5d7b38d165994fad2d41dc67b8cffa4444c416451632d3659ff5f2cf,cached_perception_v2,0,0,0,,,0,0.0,0,20.285876467823982,1.7892150208353996,70.45840099453926,249.24996390513292,249.25439760789453,55.24576172045907,249.24876280809767,0.6839924493679062,85.0834636232575
sugar_box_yalehand0_black10_2,682,0.6762315407231083,0.7069400886333754,0.4939708840863078,0.5143501698925783,0.02404553933372374,0.02503756322467488,0.017080745341614908,0.017080745341614908,0.030708547910267114,0.02037928580627052,MODE_4_TRUSTED_FUSION,full,four_mode_relocalization_v2,0.49009099068456446,0,0,0,False,0,0,0.6762315407231083,0,0,restarted_se3,0,44.68387272208929,3.8365358486771584,0,683,cache_read_only_not_online_fps,178d419b5d7b38d165994fad2d41dc67b8cffa4444c416451632d3659ff5f2cf,cached_perception_v2,0,0,0,,,0,0.0,0,20.68944461643696,1.744973473250866,70.95482666045427,249.92133613858053,249.921197930629,55.105240621868454,249.91968351062218,0.6823260838763041,84.90819479585095
sugar_box_yalehand0_black10_2,683,0.671437350348756,0.6368360845840482,0.4720752259810052,0.49331621733540193,0.02297970139636703,0.02401367143296982,0.0019588638589618022,0.017080745341614908,-0.03460126576470779,0.02124099135439672,MODE_4_TRUSTED_FUSION,full,four_mode_relocalization_v2,0.4892220540890285,0,0,0,False,0,0,0.6368360845840482,0,0,restarted_se3,0,43.49419940263033,3.869635984301567,0,684,cache_read_only_not_online_fps,178d419b5d7b38d165994fad2d41dc67b8cffa4444c416451632d3659ff5f2cf,cached_perception_v2,0,0,0,,,0,0.0,0,21.534133702516556,1.7829937860369682,70.68096287548542,250.42661051709683,250.42670502506738,55.06130580404953,250.4259117504974,0.6507961699410502,84.85486035362568
sugar_box_yalehand0_black10_2,684,0.6991052127769497,0.6031575598818852,0.5053112965890629,0.4777467409757805,0.02459756849916744,0.023255779686165275,0.017080745341614908,0.0019588638589618022,-0.09594765289506446,-0.027564555613282415,MODE_4_TRUSTED_FUSION,full,four_mode_relocalization_v2,0.513740259576705,0,0,0,False,0,0,0.6031575598818852,0,0,restarted_se3,0,45.24566978216171,3.970835357904434,0,685,cache_read_only_not_online_fps,178d419b5d7b38d165994fad2d41dc67b8cffa4444c416451632d3659ff5f2cf,cached_perception_v2,0,0,0,,,0,0.0,0,20.557645708322525,1.7878832295536995,71.56203407794237,250.898274042205,250.905189782599,55.02809845675901,250.89856052282005,0.6500370152873381,84.81744941479396
sugar_box_yalehand0_black10_2,685,0.6282138070052399,0.7989543676150993,0.5124626326702476,0.5294552730065061,0.02494568159362011,0.025772850187463652,0.017080745341614908,0.017080745341614908,0.17074056060985943,0.01699264033625847,MODE_4_TRUSTED_FUSION,full,four_mode_relocalization_v2,0.49199908003932324,0,0,0,False,0,0,0.6282138070052399,0,0,restarted_se3,0,43.35529822856188,3.9334548637270927,0,686,cache_read_only_not_online_fps,178d419b5d7b38d165994fad2d41dc67b8cffa4444c416451632d3659ff5f2cf,cached_perception_v2,0,0,0,,,0,0.0,0,21.425995975732803,1.9455058500170708,70.66025491803885,251.6845648359363,251.68796342338334,54.81691833571396,251.68554383689522,0.7085642790712794,84.48794332462957
sugar_box_yalehand0_black10_2,686,0.6809964126728357,0.7471344742868029,0.5348422397384403,0.5542577413215852,0.026035077222730678,0.0269801859771971,0.017080745341614908,0.0375,0.06613806161396718,0.01941550158314498,MODE_4_TRUSTED_FUSION,full,four_mode_relocalization_v2,0.4912471815369663,0,0,0,False,0,0,0.6809964126728357,0,0,restarted_se3,0,45.07223330438137,4.57664392888546,0,687,cache_read_only_not_online_fps,178d419b5d7b38d165994fad2d41dc67b8cffa4444c416451632d3659ff5f2cf,cached_perception_v2,0,0,0,,,0,0.0,0,20.440876483917236,1.7875274643301964,71.87728118151426,252.31050491277983,252.30686847911375,54.65043275246283,252.31249509964698,0.7134153556091916,84.26478290133302
sugar_box_yalehand0_black10_2,687,0.755558278722127,0.8947176286427068,0.5536822765037316,0.5935755633543169,0.026952173472090713,0.02889410087919204,0.0375,0.04219409282700422,0.13915934992057977,0.03989328685058535,MODE_4_TRUSTED_FUSION,full,four_mode_relocalization_v2,0.4829115361283687,0,0,0,False,0,0,0.755558278722127,0,0,restarted_se3,0,44.51892618089914,3.871593624353409,0,688,cache_read_only_not_online_fps,178d419b5d7b38d165994fad2d41dc67b8cffa4444c416451632d3659ff5f2cf,cached_perception_v2,0,0,0,,,0,0.0,0,20.75209841132164,3.2533863559365273,72.39600457251072,253.31111270831258,253.3127582383567,54.24364771860507,253.31363237425123,0.8209886974070473,83.6888463994269
sugar_box_yalehand0_black10_2,688,0.7279416613421597,0.7586460847657334,0.5266238052375327,0.5410203114869275,0.025635019858178242,0.026335813707452038,0.017080745341614908,0.02702702702702703,0.030704423423573712,0.014396506249394814,MODE_4_TRUSTED_FUSION,full,four_mode_relocalization_v2,0.4933817937190929,0,0,0,False,0,0,0.7279416613421597,0,0,restarted_se3,0,44.61182374507189,4.360625520348549,0,689,cache_read_only_not_online_fps,178d419b5d7b38d165994fad2d41dc67b8cffa4444c416451632d3659ff5f2cf,cached_perception_v2,0,0,0,,,0,0.0,0,23.055081255733967,1.7900122329592705,73.81754275411367,253.93146185283385,253.93401937759498,54.12643046130145,253.93425849398818,0.7430213296334259,83.46306890258316
sugar_box_yalehand0_black10_2,689,0.6474651167929821,0.7088982742298644,0.5061232467716607,0.5232310818229006,0.024637092650654203,0.02546986869857927,0.017080745341614908,0.017080745341614908,0.06143315743688227,0.017107835051239917,MODE_4_TRUSTED_FUSION,full,four_mode_relocalization_v2,0.4918483992560678,0,0,0,False,0,0,0.6474651167929821,0,0,restarted_se3,0,43.25748048722744,4.237488843500614,0,690,cache_read_only_not_online_fps,178d419b5d7b38d165994fad2d41dc67b8cffa4444c416451632d3659ff5f2cf,cached_perception_v2,0,0,0,,,0,0.0,0,20.34185267984867,1.7548585310578346,69.59168054163456,254.66829345938447,254.67166102321954,53.85156003512653,254.67104976800553,0.6774865027736816,83.14422770065173
sugar_box_yalehand0_black10_2,690,0.5498956235065233,0.5108674127059776,0.48399708508345574,0.466955390001703,0.023560034248391967,0.022730477765200513,0.0019588638589618022,0.0019588638589618022,-0.03902821080054575,-0.01704169508175274,MODE_4_TRUSTED_FUSION,full,four_mode_relocalization_v2,0.5087757616974291,0,0,0,False,0,0,0.5108674127059776,0,0,restarted_se3,0,46.138545498251915,3.9479946717619896,0,691,cache_read_only_not_online_fps,178d419b5d7b38d165994fad2d41dc67b8cffa4444c416451632d3659ff5f2cf,cached_perception_v2,0,0,0,,,0,0.0,0,20.61085868626833,3.27990110963583,73.97729996591806,255.13016376535558,255.13451365722256,53.792789964074004,255.1321815373799,0.517559486977055,83.0948471711886
sugar_box_yalehand0_black10_2,691,0.6387078711345431,0.4084722507226585,0.5018661937873087,0.44436712258206523,0.024429867613149574,0.02163092495709478,0.017080745341614908,0.0019588638589618022,-0.23023562041188456,-0.057499071205243446,MODE_4_TRUSTED_FUSION,full,four_mode_relocalization_v2,0.5297542375278967,0,0,0,False,0,0,0.4084722507226585,0,0,restarted_se3,0,45.1355567201972,4.240133799612522,0,692,cache_read_only_not_online_fps,178d419b5d7b38d165994fad2d41dc67b8cffa4444c416451632d3659ff5f2cf,cached_perception_v2,0,0,0,,,0,0.0,0,20.61998564749956,3.178853541612625,73.17452970892191,255.62948948231855,255.62739675756245,53.79588305714641,255.6312777335759,0.5037162560622901,83.0140591671312
sugar_box_yalehand0_black10_2,692,0.587266163767962,0.48376157994080243,0.4933459175922091,0.46298314846396316,0.02401511718355206,0.022537116793499828,0.017080745341614908,0.0019588638589618022,-0.1035045838271596,-0.030362769128245926,MODE_4_TRUSTED_FUSION,full,four_mode_relocalization_v2,0.5155494546786846,0,0,0,False,0,0,0.48376157994080243,0,0,restarted_se3,0,44.07241567969322,4.239426925778389,0,693,cache_read_only_not_online_fps,178d419b5d7b38d165994fad2d41dc67b8cffa4444c416451632d3659ff5f2cf,cached_perception_v2,0,0,0,,,0,0.0,0,21.11593633890152,3.235749900341034,72.66352884471416,256.192976855572,256.19424002675515,53.62704570157685,256.1932977611718,0.5283692657273544,82.89072277129861
sugar_box_yalehand0_black10_2,693,0.5932488531847219,0.5866814477914347,0.49830440660755815,0.492683933873776,0.024256486759159642,0.0239828931070879,0.017080745341614908,0.017080745341614908,-0.006567405393287151,-0.005620472733782134,MODE_4_TRUSTED_FUSION,full,four_mode_relocalization_v2,0.502779692162971,0,0,0,False,0,0,0.5866814477914347,0,0,restarted_se3,0,42.81917493790388,4.3091485276818275,0,694,cache_read_only_not_online_fps,178d419b5d7b38d165994fad2d41dc67b8cffa4444c416451632d3659ff5f2cf,cached_perception_v2,0,0,0,,,0,0.0,0,21.816198714077473,3.107503056526184,72.05202523618937,256.7524323781111,256.75413470506226,53.53390275836205,256.75150539702236,0.5894393652383302,82.75808521920732
sugar_box_yalehand0_black10_2,694,0.5687202062274052,0.7315316772494098,0.4923043105759817,0.5212260238616282,0.0239644137852631,0.025372266387132615,0.017080745341614908,0.017080745341614908,0.16281147102200466,0.028921713285646522,MODE_4_TRUSTED_FUSION,full,four_mode_relocalization_v2,0.486008290070468,0,0,0,False,0,0,0.5687202062274052,0,0,restarted_se3,0,43.54408383369446,4.2690737172961235,0,695,cache_read_only_not_online_fps,178d419b5d7b38d165994fad2d41dc67b8cffa4444c416451632d3659ff5f2cf,cached_perception_v2,0,0,0,,,0,0.0,0,21.38065081089735,3.3618835732340813,72.55569193512201,257.4467759204952,257.4510681624195,53.40800258485471,257.44423908162946,0.6428384169338262,82.49058902255642
sugar_box_yalehand0_black10_2,695,0.6051342723157693,0.8771431206218342,0.520174749686336,0.5829383110128434,0.025321092410392525,0.028376300179151274,0.017080745341614908,0.04219409282700422,0.27200884830606487,0.0627635613265074,MODE_4_TRUSTED_FUSION,full,four_mode_relocalization_v2,0.4720582176796009,0,0,0,False,0,0,0.6051342723157693,0,0,restarted_se3,0,42.28000529110432,3.815479576587677,0,696,cache_read_only_not_online_fps,178d419b5d7b38d165994fad2d41dc67b8cffa4444c416451632d3659ff5f2cf,cached_perception_v2,0,0,0,,,0,0.0,0,22.593884728848934,3.159736283123493,71.84910587966442,258.4331798463552,258.43240767278746,53.11521995798175,258.4297358249386,0.7269944153250147,81.92481716839288
sugar_box_yalehand0_black10_2,696,0.6561569709196332,0.876265522555972,0.5290430059097704,0.5908904743802716,0.025752781829165784,0.02876339598418719,0.017080745341614908,0.04219409282700422,0.2201085516363388,0.061847468470501266,MODE_4_TRUSTED_FUSION,full,four_mode_relocalization_v2,0.4728723344213186,0,0,0,False,0,0,0.6561569709196332,0,0,restarted_se3,0,46.654921025037766,3.9364397525787354,0,697,cache_read_only_not_online_fps,178d419b5d7b38d165994fad2d41dc67b8cffa4444c416451632d3659ff5f2cf,cached_perception_v2,0,0,0,,,0,0.0,0,22.56872970610857,3.0986256897449493,76.25871617347002,259.5505583822753,259.5486008053276,52.613013396626826,259.5458072204171,0.7550997842118284,81.22772142860622
sugar_box_yalehand0_black10_2,697,0.602874939684396,0.6577129900161947,0.5084289837657365,0.5214686102469885,0.024749331431056867,0.02538407501929886,0.017080745341614908,0.017080745341614908,0.05483805033179867,0.013039626481252009,MODE_4_TRUSTED_FUSION,full,four_mode_relocalization_v2,0.4937900484029998,0,0,0,False,0,0,0.602874939684396,0,0,restarted_se3,0,42.999750934541225,4.294908605515957,0,698,cache_read_only_not_online_fps,178d419b5d7b38d165994fad2d41dc67b8cffa4444c416451632d3659ff5f2cf,cached_perception_v2,0,0,0,,,0,0.0,0,21.88386581838131,3.1983889639377594,72.37691432237625,260.3767558094208,260.37723925077387,52.32083852701115,260.370693589055,0.6287667936013167,80.78679463548752
sugar_box_yalehand0_black10_2,698,0.6187766084204017,0.45827012308824794,0.5242382632976698,0.45901029641277913,0.025518896328644063,0.022343726103195256,0.017080745341614908,0.0019588638589618022,-0.16050648533215378,-0.06522796688489063,MODE_4_TRUSTED_FUSION,full,four_mode_relocalization_v2,0.5325083780353078,0,0,0,False,0,0,0.45827012308824794,0,0,restarted_se3,0,45.539189130067825,3.904838114976883,0,699,cache_read_only_not_online_fps,178d419b5d7b38d165994fad2d41dc67b8cffa4444c416451632d3659ff5f2cf,cached_perception_v2,0,0,0,,,0,0.0,0,22.769350558519363,1.7590494826436043,73.97242728620768,261.0103183569264,260.99908422759063,52.070803621535845,261.00324960961166,0.5230487324296328,80.5599934885478
sugar_box_yalehand0_black10_2,699,0.5497246047341977,0.4665638027731473,0.477941327756249,0.4500808988108624,0.023265251791170474,0.021909060441350634,0.0019588638589618022,0.0019588638589618022,-0.08316080196105041,-0.027860428945386595,MODE_4_TRUSTED_FUSION,full,four_mode_relocalization_v2,0.514693974552829,0,0,0,False,0,0,0.4665638027731473,0,0,restarted_se3,0,45.57488299906254,3.9395401254296303,0,700,cache_read_only_not_online_fps,178d419b5d7b38d165994fad2d41dc67b8cffa4444c416451632d3659ff5f2cf,cached_perception_v2,0,0,0,,,0,0.0,0,23.40975683182478,1.7635300755500793,74.68771003186703,261.5899306190755,261.57355392676027,51.87454881428155,261.5820700180231,0.48182989818450145,80.37361050417994
sugar_box_yalehand0_black10_2,700,0.538908779215361,0.38906077573529735,0.47962885983364445,0.42124980267902207,0.023347397561804283,0.02050561890581388,0.0019588638589618022,0.0019588638589618022,-0.1498480034800636,-0.05837905715462238,MODE_4_TRUSTED_FUSION,full,four_mode_relocalization_v2,0.5316974752109752,0,0,0,False,0,0,0.38906077573529735,0,0,restarted_se3,0,45.32558470964432,3.919868730008602,0,701,cache_read_only_not_online_fps,178d419b5d7b38d165994fad2d41dc67b8cffa4444c416451632d3659ff5f2cf,cached_perception_v2,0,0,0,,,0,0.0,0,22.814171388745308,1.7521092668175697,73.8117340952158,261.94083434736103,261.9300378705928,51.80526634436738,261.9325684342126,0.4258739706837881,80.39670588184461
sugar_box_yalehand0_black10_2,701,0.5851916345203964,0.42054821143903476,0.5065119556020082,0.46002941002187026,0.024656014238485797,0.022393334566289717,0.017080745341614908,0.0019588638589618022,-0.1646434230813616,-0.04648254558013798,MODE_4_TRUSTED_FUSION,full,four_mode_relocalization_v2,0.5235583358183582,0,0,0,False,0,0,0.42054821143903476,0,0,restarted_se3,0,45.00734806060791,3.9389915764331818,0,702,cache_read_only_not_online_fps,178d419b5d7b38d165994fad2d41dc67b8cffa4444c416451632d3659ff5f2cf,cached_perception_v2,0,0,0,,,0,0.0,0,22.897707298398018,1.7615826800465584,73.60562961548567,262.38405832480305,262.35497519695355,51.79978138105387,262.3758238366928,0.49034938079336965,80.39109818198365
sugar_box_yalehand0_black10_2,702,0.5411373403251875,0.5816713428607466,0.49171979882628986,0.4898428053088784,0.023935960893157453,0.023844592509096634,0.017080745341614908,0.017080745341614908,0.040534002535559166,-0.0018769935174114405,MODE_4_TRUSTED_FUSION,full,four_mode_relocalization_v2,0.5009370325477718,0,0,0,False,0,0,0.5411373403251875,0,0,restarted_se3,0,44.04200706630945,3.7588048726320267,0,703,cache_read_only_not_online_fps,178d419b5d7b38d165994fad2d41dc67b8cffa4444c416451632d3659ff5f2cf,cached_perception_v2,0,0,0,,,0,0.0,0,21.687536500394344,1.769249327480793,71.25759776681662,262.84283786734875,262.813686670447,51.796030431226235,262.8346156464851,0.5586973389983052,80.37512282137753
sugar_box_yalehand0_black10_2,703,0.5178517165367328,0.773162631159541,0.49218801298936393,0.5543386470796032,0.023958752645541058,0.0269841243117213,0.017080745341614908,0.0375,0.2553109146228082,0.0621506340902393,MODE_4_TRUSTED_FUSION,full,four_mode_relocalization_v2,0.4708630658673735,0,0,0,False,0,0,0.5178517165367328,0,0,restarted_se3,0,44.59489602595568,3.8713980466127396,0,704,cache_read_only_not_online_fps,178d419b5d7b38d165994fad2d41dc67b8cffa4444c416451632d3659ff5f2cf,cached_perception_v2,0,0,0,,,0,0.0,0,22.298915311694145,1.7635487020015717,72.52875808626413,263.5448736853461,263.5312934914629,51.657556366589,263.53666028798483,0.6305009611806512,80.11463807442246
sugar_box_yalehand0_black10_2,704,0.5328528420282658,0.719642258524659,0.48044298493094606,0.5416694479337769,0.02338702758389748,0.026367412403789255,0.0019588638589618022,0.02702702702702703,0.18678941649639325,0.061226463002830855,MODE_4_TRUSTED_FUSION,full,four_mode_relocalization_v2,0.47062386884948587,0,0,0,False,0,0,0.5328528420282658,0,0,restarted_se3,0,45.970591716468334,3.7992261350154877,0,705,cache_read_only_not_online_fps,178d419b5d7b38d165994fad2d41dc67b8cffa4444c416451632d3659ff5f2cf,cached_perception_v2,0,0,0,,,0,0.0,0,23.10725301504135,1.9343653693795204,74.8114362359047,264.2973781900639,264.2888790683423,51.35459394202439,264.28917257715216,0.6197918735813556,79.83176220489896
sugar_box_yalehand0_black10_2,705,0.6080176293354752,0.7762044072516336,0.5317620632979836,0.5700387199745116,0.02588514024032977,0.027748373243184413,0.017080745341614908,0.04219409282700422,0.16818677791615844,0.03827665667652802,MODE_4_TRUSTED_FUSION,full,four_mode_relocalization_v2,0.4829396372122026,0,0,0,False,0,0,0.6080176293354752,0,0,restarted_se3,0,45.327008701860905,3.721145913004875,0,706,cache_read_only_not_online_fps,178d419b5d7b38d165994fad2d41dc67b8cffa4444c416451632d3659ff5f2cf,cached_perception_v2,0,0,0,,,0,0.0,0,22.127204574644566,1.79382786154747,72.96918705105782,265.32419940833756,265.3131688848821,51.01967046297272,265.3160045049843,0.6844053272717614,79.28047807496446
sugar_box_yalehand0_black10_2,706,0.6154582288070192,0.8012489791947106,0.5228597330651129,0.5716223785176163,0.025451792165225633,0.027825462652735035,0.017080745341614908,0.04219409282700422,0.18579075038769144,0.04876264545250342,MODE_4_TRUSTED_FUSION,full,four_mode_relocalization_v2,0.47812318163489714,0,0,0,False,0,0,0.6154582288070192,0,0,restarted_se3,0,44.21829245984554,3.8934992626309395,0,707,cache_read_only_not_online_fps,178d419b5d7b38d165994fad2d41dc67b8cffa4444c416451632d3659ff5f2cf,cached_perception_v2,0,0,0,,,0,0.0,0,21.34346403181553,1.7999596893787384,71.25521544367075,266.44278111617365,266.4310592319331,50.63717679301212,266.4345891005051,0.6909206709134108,78.64304059220558
sugar_box_yalehand0_black10_2,707,0.5863647649656116,0.5493114434146817,0.5239965491936471,0.49636622893109233,0.025507130157432282,0.024162140049552642,0.017080745341614908,0.017080745341614908,-0.037053321550929885,-0.027630320262554797,MODE_4_TRUSTED_FUSION,full,four_mode_relocalization_v2,0.5132791757084768,0,0,0,False,0,0,0.5493114434146817,0,0,restarted_se3,0,44.6883337572217,3.9023514837026596,0,708,cache_read_only_not_online_fps,178d419b5d7b38d165994fad2d41dc67b8cffa4444c416451632d3659ff5f2cf,cached_perception_v2,0,0,0,,,0,0.0,0,20.78509796410799,1.7619216814637184,71.13770488649607,267.1334341136842,267.1244101553651,50.441218490537295,267.12523761512756,0.5632840866975006,78.44111675813377
sugar_box_yalehand0_black10_2,708,0.6017695328721926,0.5130286820369159,0.5177693251130409,0.48113807787785523,0.025204001033036428,0.02342086335303682,0.017080745341614908,0.0019588638589618022,-0.08874085083527672,-0.03663124723518563,MODE_4_TRUSTED_FUSION,full,four_mode_relocalization_v2,0.5179757488892801,0,0,0,False,0,0,0.5130286820369159,0,0,restarted_se3,0,45.589569956064224,3.8550635799765587,0,709,cache_read_only_not_online_fps,178d419b5d7b38d165994fad2d41dc67b8cffa4444c416451632d3659ff5f2cf,cached_perception_v2,0,0,0,,,0,0.0,0,20.653700456023216,1.748720183968544,71.84705417603254,267.7798446244565,267.7772615634238,50.24367640395669,267.7716314143314,0.5246116244213996,78.2509871710652
sugar_box_yalehand0_black10_2,709,0.5399575029003919,0.46554786517345886,0.5270997673953196,0.48071662865738907,0.025658188767834926,0.023400348026862014,0.017080745341614908,0.0019588638589618022,-0.07440963772693304,-0.04638313873793054,MODE_4_TRUSTED_FUSION,full,four_mode_relocalization_v2,0.5225639223678777,0,0,0,False,0,0,0.46554786517345886,0,0,restarted_se3,0,45.77611479908228,3.791375085711479,0,710,cache_read_only_not_online_fps,178d419b5d7b38d165994fad2d41dc67b8cffa4444c416451632d3659ff5f2cf,cached_perception_v2,0,0,0,,,0,0.0,0,20.746560767292976,1.7437618225812912,72.05781247466803,268.11648348441986,268.1286987414484,50.21476267949413,268.10824373652554,0.46815357377238753,78.3603046775106
sugar_box_yalehand0_black10_2,710,0.5367895002984733,0.45863393303138233,0.507809382729722,0.4830465761459644,0.024719170460921428,0.02351376532692349,0.017080745341614908,0.0019588638589618022,-0.07815556726709094,-0.02476280658375757,MODE_4_TRUSTED_FUSION,full,four_mode_relocalization_v2,0.5122484347875338,0,0,0,False,0,0,0.45863393303138233,0,0,restarted_se3,0,44.48065347969532,3.8197925314307213,0,711,cache_read_only_not_online_fps,178d419b5d7b38d165994fad2d41dc67b8cffa4444c416451632d3659ff5f2cf,cached_perception_v2,0,0,0,,,0,0.0,0,19.92438081651926,1.7425836995244026,69.9674105271697,268.6049630090176,268.61017078752354,50.11932724460172,268.59667693045714,0.48063764126055514,78.35183574044574
sugar_box_yalehand0_black10_2,711,0.5424585058570827,0.5172326069328734,0.5099509674160402,0.5017692593455592,0.024823418627099515,0.02442514903355921,0.017080745341614908,0.017080745341614908,-0.025225898924209234,-0.00818170807048102,MODE_4_TRUSTED_FUSION,full,four_mode_relocalization_v2,0.5039650807739623,0,0,0,False,0,0,0.5172326069328734,0,0,restarted_se3,0,44.377814047038555,3.9110174402594566,0,712,cache_read_only_not_online_fps,178d419b5d7b38d165994fad2d41dc67b8cffa4444c416451632d3659ff5f2cf,cached_perception_v2,0,0,0,,,0,0.0,0,20.799415186047554,1.7858343198895454,70.87408099323511,268.9963002480871,268.99688741152903,50.1759718445425,268.987987021913,0.5285298109265798,78.38843343943792
sugar_box_yalehand0_black10_2,712,0.5576037946118492,0.5789110895185311,0.5267346939786562,0.5122764874017579,0.025640417705849537,0.02493662040495605,0.017080745341614908,0.017080745341614908,0.02130729490668193,-0.014458206576898336,MODE_4_TRUSTED_FUSION,full,four_mode_relocalization_v2,0.5068262766395214,0,0,0,False,0,0,0.5576037946118492,0,0,restarted_se3,0,43.96495874971151,3.9117513224482536,0,713,cache_read_only_not_online_fps,178d419b5d7b38d165994fad2d41dc67b8cffa4444c416451632d3659ff5f2cf,cached_perception_v2,0,0,0,,,0,0.0,0,21.61834854632616,1.494668424129486,70.98972704261541,269.4814137298525,269.455035171293,50.130874452868,269.4730504541751,0.5650763381100977,78.43475993891434
sugar_box_yalehand0_black10_2,713,0.6119606195654194,0.6376384773583827,0.513638196611114,0.5293095172719141,0.02500290575376812,0.025765755082545208,0.017080745341614908,0.017080745341614908,0.025677857792963388,0.015671320660800125,MODE_4_TRUSTED_FUSION,full,four_mode_relocalization_v2,0.4926283671077518,0,0,0,False,0,0,0.6119606195654194,0,0,restarted_se3,0,43.523804284632206,3.914543427526951,0,714,cache_read_only_not_online_fps,178d419b5d7b38d165994fad2d41dc67b8cffa4444c416451632d3659ff5f2cf,cached_perception_v2,0,0,0,,,0,0.0,0,22.08510786294937,1.5765288844704628,71.09998445957899,269.954373270931,269.91227793428004,50.19499925408895,269.9459863316449,0.6242528645734438,78.44862075784313
sugar_box_yalehand0_black10_2,714,0.5845547851059661,0.6429363601357629,0.5290762619007935,0.538050739922467,0.02575440066595554,0.02619126075472159,0.017080745341614908,0.017080745341614908,0.058381575029796795,0.008974478021673504,MODE_4_TRUSTED_FUSION,full,four_mode_relocalization_v2,0.49587238749169965,0,0,0,False,0,0,0.5845547851059661,0,0,restarted_se3,0,45.06273940205574,3.6253100261092186,0,715,cache_read_only_not_online_fps,178d419b5d7b38d165994fad2d41dc67b8cffa4444c416451632d3659ff5f2cf,cached_perception_v2,0,0,0,,,0,0.0,0,23.68061151355505,1.7460174858570099,74.11467842757702,270.4466022363807,270.42074485236225,50.08916365079663,270.43818665428483,0.6121905424659312,78.50135781562871
sugar_box_yalehand0_black10_2,715,0.5487939248363991,0.5765467605175754,0.537245108345446,0.5381592859990981,0.026152044180632255,0.026196544566053883,0.017080745341614908,0.017080745341614908,0.027752835681176258,0.0009141776536520929,MODE_4_TRUSTED_FUSION,full,four_mode_relocalization_v2,0.49958272138656196,0,0,0,False,0,0,0.5487939248363991,0,0,restarted_se3,0,44.60083041340113,4.395045340061188,0,716,cache_read_only_not_online_fps,178d419b5d7b38d165994fad2d41dc67b8cffa4444c416451632d3659ff5f2cf,cached_perception_v2,0,0,0,,,0,0.0,0,21.45967446267605,1.4525866135954857,71.90813682973385,270.84404048763844,270.8232576825353,50.219361767413695,270.8356119005218,0.5622483363350931,78.66454087239583
sugar_box_yalehand0_black10_2,716,0.5614694075288232,0.5626212041908507,0.5346723816242419,0.5346037991838385,0.026026808860975584,0.026023470401520886,0.017080745341614908,0.017080745341614908,0.001151796662027471,-6.858244040341965e-05,MODE_4_TRUSTED_FUSION,full,four_mode_relocalization_v2,0.5000314807399684,0,0,0,False,0,0,0.5614694075288232,0,0,restarted_se3,0,44.6321964263916,3.6985762417316437,0,717,cache_read_only_not_online_fps,178d419b5d7b38d165994fad2d41dc67b8cffa4444c416451632d3659ff5f2cf,cached_perception_v2,0,0,0,,,0,0.0,0,22.63040281832218,1.1337688192725182,72.09494430571795,271.33533379335853,271.33393846827073,50.22445490428448,271.3269108487087,0.5594927928687076,78.71230894029495
sugar_box_yalehand0_black10_2,717,0.5251419228506272,0.546315045265674,0.5091022615929401,0.5260928406795201,0.02478210528271109,0.02560917353893997,0.017080745341614908,0.017080745341614908,0.021173122415046763,0.01699057908657997,MODE_4_TRUSTED_FUSION,full,four_mode_relocalization_v2,0.4919490817148463,0,0,0,False,0,0,0.5251419228506272,0,0,restarted_se3,0,44.406360015273094,3.1671198084950447,0,718,cache_read_only_not_online_fps,178d419b5d7b38d165994fad2d41dc67b8cffa4444c416451632d3659ff5f2cf,cached_perception_v2,0,0,0,,,0,0.0,0,22.334618493914604,1.2189112603664398,71.12700957804918,271.77203140977986,271.7733909748461,50.2578137425264,271.7635866712191,0.5347231534081829,78.79632800962325
sugar_box_yalehand0_black10_2,718,0.566648836120352,0.5230801904624753,0.5262931845211039,0.5054853747403132,0.025618925886453293,0.02460604228409663,0.017080745341614908,0.017080745341614908,-0.04356864565787666,-0.020807809780790665,MODE_4_TRUSTED_FUSION,full,four_mode_relocalization_v2,0.5098917255906995,0,0,0,False,0,0,0.5230801904624753,0,0,restarted_se3,0,44.395167380571365,2.876422367990017,0,719,cache_read_only_not_online_fps,178d419b5d7b38d165994fad2d41dc67b8cffa4444c416451632d3659ff5f2cf,cached_perception_v2,0,0,0,,,0,0.0,0,22.326777689158916,1.1307373642921448,70.72910480201244,272.3173497275902,272.31175966275697,50.22239508348474,272.30887424534666,0.5426689980527182,78.85193897204162
sugar_box_yalehand0_black10_2,719,0.6015380332500636,0.5671701720652967,0.5416331784626632,0.5183958841901963,0.026365646876665344,0.02523450070704558,0.02702702702702703,0.017080745341614908,-0.03436786118476687,-0.023237294272466902,MODE_4_TRUSTED_FUSION,full,four_mode_relocalization_v2,0.5107577171189216,0,0,0,False,0,0,0.5671701720652967,0,0,restarted_se3,0,45.46832758933306,3.0469074845314026,0,720,cache_read_only_not_online_fps,178d419b5d7b38d165994fad2d41dc67b8cffa4444c416451632d3659ff5f2cf,cached_perception_v2,0,0,0,,,0,0.0,0,22.670735605061054,1.5666699036955833,72.7526405826211,272.80459691575396,272.8000304376676,50.21572043607678,272.7961293494243,0.5820871225440895,78.9036788494176
sugar_box_yalehand0_black10_2,720,0.5935295492899358,0.5884919952739562,0.5319873022482949,0.5170791838720703,0.02589610443318744,0.02517040630328575,0.017080745341614908,0.017080745341614908,-0.005037554015979606,-0.014908118376224633,MODE_4_TRUSTED_FUSION,full,four_mode_relocalization_v2,0.5069724935585279,0,0,0,False,0,0,0.5884919952739562,0,0,restarted_se3,0,46.229537576437,3.5942932590842247,0,721,cache_read_only_not_online_fps,178d419b5d7b38d165994fad2d41dc67b8cffa4444c416451632d3659ff5f2cf,cached_perception_v2,0,0,0,,,0,0.0,0,25.489273481070995,1.470884308218956,76.78398862481117,273.25463994076046,273.25582304351514,50.27514137533452,273.2461403151624,0.589638848080406,79.02629752742642
sugar_box_yalehand0_black10_2,721,0.5879480082498278,0.6298476098720378,0.5241948198456975,0.5482834852887337,0.02551678158612209,0.026689370844047336,0.017080745341614908,0.0375,0.04189960162220996,0.024088665443036228,MODE_4_TRUSTED_FUSION,full,four_mode_relocalization_v2,0.48897522022642265,0,0,0,False,0,0,0.5879480082498278,0,0,restarted_se3,0,43.411067686975,3.9333701133728027,0,722,cache_read_only_not_online_fps,178d419b5d7b38d165994fad2d41dc67b8cffa4444c416451632d3659ff5f2cf,cached_perception_v2,0,0,0,,,0,0.0,0,22.516188211739063,1.301637850701809,71.16226386278868,273.7777979211335,273.7765185594261,50.21478727943476,273.76927808793766,0.6074243464361894,79.08290285572598
sugar_box_yalehand0_black10_2,722,0.6192902553603481,0.7812023650514189,0.5231958386150146,0.5659932925021374,0.025468153127947944,0.02755144972290724,0.017080745341614908,0.04219409282700422,0.16191210969107084,0.04279745388712275,MODE_4_TRUSTED_FUSION,full,four_mode_relocalization_v2,0.4807077744063278,0,0,0,False,0,0,0.6192902553603481,0,0,restarted_se3,0,45.37504259496927,3.036806359887123,0,723,cache_read_only_not_online_fps,178d419b5d7b38d165994fad2d41dc67b8cffa4444c416451632d3659ff5f2cf,cached_perception_v2,0,0,0,,,0,0.0,0,20.973543636500835,1.321299932897091,70.70669252425432,274.6061833228391,274.59755492031627,50.104077249860104,274.5976672098426,0.6939465653834922,78.87970119285308
sugar_box_yalehand0_black10_2,723,0.5879849964541227,0.8187256663840788,0.542150484460015,0.5961192395294072,0.026390828323806504,0.029017922074916002,0.02702702702702703,0.04219409282700422,0.23074066992995612,0.05396875506939214,MODE_4_TRUSTED_FUSION,full,four_mode_relocalization_v2,0.47670285515039285,0,0,0,False,0,0,0.5879849964541227,0,0,restarted_se3,0,44.4515198469162,3.443795256316662,0,724,cache_read_only_not_online_fps,178d419b5d7b38d165994fad2d41dc67b8cffa4444c416451632d3659ff5f2cf,cached_perception_v2,0,0,0,,,0,0.0,0,20.132528617978096,1.1402443051338196,69.16808802634478,275.46041869450306,275.44785375429757,49.88904221201323,275.4518932429275,0.6913504461554317,78.6127914175679
sugar_box_yalehand0_black10_2,724,0.6488368326343588,0.7150964901913155,0.5445905207828733,0.5566040619774005,0.026509604533634195,0.02709440029111014,0.02702702702702703,0.0375,0.06625965755695673,0.012013541194527244,MODE_4_TRUSTED_FUSION,full,four_mode_relocalization_v2,0.49464252620408183,0,0,0,False,0,0,0.6488368326343588,0,0,restarted_se3,0,45.60888838022947,3.75924538820982,0,725,cache_read_only_not_online_fps,178d419b5d7b38d165994fad2d41dc67b8cffa4444c416451632d3659ff5f2cf,cached_perception_v2,0,0,0,,,0,0.0,0,20.65329160541296,1.201992854475975,71.22341822832823,276.4234629012611,276.4054553453485,49.63818270684438,276.41493524326853,0.680450220544907,78.29876041128752
sugar_box_yalehand0_black10_2,725,0.604011899098468,0.5896782101886144,0.5479431482666537,0.5438726793892295,0.026672803901511267,0.026474661414470066,0.0375,0.02702702702702703,-0.014333688909853537,-0.004070468877424238,MODE_4_TRUSTED_FUSION,full,four_mode_relocalization_v2,0.5018305499778709,0,0,0,False,0,0,0.5896782101886144,0,0,restarted_se3,0,44.27070543169975,3.042314201593399,0,726,cache_read_only_not_online_fps,178d419b5d7b38d165994fad2d41dc67b8cffa4444c416451632d3659ff5f2cf,cached_perception_v2,0,0,0,,,0,0.0,0,21.081922575831413,1.2166453525424004,69.61158756166697,277.1574653437507,277.1453907572792,49.57685314857309,277.14896394122366,0.595253866357964,78.18502641846193
sugar_box_yalehand0_black10_2,726,0.5882367195223771,0.49899111540362756,0.5068602995452918,0.4787367195109834,0.024672970942331576,0.02330396991067981,0.017080745341614908,0.0019588638589618022,-0.08924560411874954,-0.02812358003430837,MODE_4_TRUSTED_FUSION,full,four_mode_relocalization_v2,0.5139835239670368,0,0,0,False,0,0,0.49899111540362756,0,0,restarted_se3,0,43.96854341030121,2.8376393020153046,0,727,cache_read_only_not_online_fps,178d419b5d7b38d165994fad2d41dc67b8cffa4444c416451632d3659ff5f2cf,cached_perception_v2,0,0,0,,,0,0.0,0,20.086217671632767,2.1344032138586044,69.02680359780788,277.84463594062424,277.83765887140805,49.445795606161866,277.836173156722,0.530554701706716,78.12603361233529
sugar_box_yalehand0_black10_2,727,0.5513845681707639,0.4122232975382018,0.5263495581581351,0.4712659923372094,0.02562167004516849,0.022940309480691562,0.017080745341614908,0.0019588638589618022,-0.13916127063256206,-0.05508356582092572,MODE_4_TRUSTED_FUSION,full,four_mode_relocalization_v2,0.5270650177240869,0,0,0,False,0,0,0.4122232975382018,0,0,restarted_se3,0,43.22412237524986,2.684071660041809,0,728,cache_read_only_not_online_fps,178d419b5d7b38d165994fad2d41dc67b8cffa4444c416451632d3659ff5f2cf,cached_perception_v2,0,0,0,,,0,0.0,0,20.654180087149143,2.349752001464367,68.91212612390518,278.24789523048855,278.2488042175652,49.481637450022156,278.2394753968917,0.4628330667642811,78.32668067768441
sugar_box_yalehand0_black10_2,728,0.5477523716455214,0.44982997549020254,0.5179542371450426,0.49439550978646507,0.02521300219015321,0.024066209284735383,0.017080745341614908,0.017080745341614908,-0.09792239615531884,-0.023558727358577558,MODE_4_TRUSTED_FUSION,full,four_mode_relocalization_v2,0.5114102451366904,0,0,0,False,0,0,0.44982997549020254,0,0,restarted_se3,0,44.168416410684586,2.8306180611252785,0,729,cache_read_only_not_online_fps,178d419b5d7b38d165994fad2d41dc67b8cffa4444c416451632d3659ff5f2cf,cached_perception_v2,0,0,0,,,0,0.0,0,20.54991852492094,2.16512568295002,69.71407867968082,278.7696149617066,278.7768565354547,49.478965976752804,278.7612451635909,0.4829745285524773,78.437835157184
sugar_box_yalehand0_black10_2,729,0.5208821578263014,0.4860389338045717,0.5290065518033767,0.5131952299362893,0.025751007314356505,0.024981342999876806,0.017080745341614908,0.017080745341614908,-0.034843224021729735,-0.015811321867087447,MODE_4_TRUSTED_FUSION,full,four_mode_relocalization_v2,0.5074427110455378,0,0,0,False,0,0,0.4860389338045717,0,0,restarted_se3,0,43.43784414231777,2.8053121641278267,0,730,cache_read_only_not_online_fps,178d419b5d7b38d165994fad2d41dc67b8cffa4444c416451632d3659ff5f2cf,cached_perception_v2,0,0,0,,,0,0.0,0,20.101197063922882,2.0437724888324738,68.38812585920095,279.211155978572,279.2220095301057,49.51476729566991,279.2028161806742,0.501697096144803,78.6141843002644
sugar_box_yalehand0_black10_2,730,0.5599726509492652,0.5781345789494589,0.5241603740638587,0.5288195537415153,0.025515104832635666,0.025741904613374167,0.017080745341614908,0.017080745341614908,0.018161928000193672,0.004659179677656611,MODE_4_TRUSTED_FUSION,full,four_mode_relocalization_v2,0.4978288598151196,0,0,0,False,0,0,0.5599726509492652,0,0,restarted_se3,0,43.80460362881422,2.8885547071695328,0,731,cache_read_only_not_online_fps,178d419b5d7b38d165994fad2d41dc67b8cffa4444c416451632d3659ff5f2cf,cached_perception_v2,0,0,0,,,0,0.0,0,20.451556891202927,2.033078111708164,69.17779333889484,279.76109513592945,279.75881955510056,49.56472457188865,279.75277610194314,0.5689253997938553,78.70717566148744
sugar_box_yalehand0_black10_2,731,0.5661679312449917,0.6185428505458893,0.4989847198764432,0.520188032306733,0.024289603082394945,0.025321738982450718,0.017080745341614908,0.017080745341614908,0.05237491930089766,0.021203312430289833,MODE_4_TRUSTED_FUSION,full,four_mode_relocalization_v2,0.48979798479812703,0,0,0,False,0,0,0.5661679312449917,0,0,restarted_se3,0,42.76794567704201,2.838797867298126,0,732,cache_read_only_not_online_fps,178d419b5d7b38d165994fad2d41dc67b8cffa4444c416451632d3659ff5f2cf,cached_perception_v2,0,0,0,,,0,0.0,0,21.020212210714817,2.2550588473677635,68.88201460242271,280.194344409694,280.20862139841125,49.60527680094205,280.18600571861543,0.5915399186066103,78.84163196886263
sugar_box_yalehand0_black10_2,732,0.5214568081795333,0.5989345293485971,0.5015717385237546,0.5260530669807806,0.02441553410514351,0.025607237432848907,0.017080745341614908,0.017080745341614908,0.07747772116906382,0.024481328457025997,MODE_4_TRUSTED_FUSION,full,four_mode_relocalization_v2,0.4883157938183624,0,0,0,False,0,0,0.5214568081795333,0,0,restarted_se3,0,44.9576023966074,2.860046923160553,0,733,cache_read_only_not_online_fps,178d419b5d7b38d165994fad2d41dc67b8cffa4444c416451632d3659ff5f2cf,cached_perception_v2,0,0,0,,,0,0.0,0,20.78116312623024,3.1552817672491074,71.7540942132473,280.61404239993936,280.6323383152494,49.58202059802604,280.60566698118754,0.557905923470563,78.99757530686122
sugar_box_yalehand0_black10_2,733,0.5428366356938689,0.5098902096958049,0.5386362430961663,0.4922034237086837,0.026219761907414527,0.023959502809304756,0.02702702702702703,0.017080745341614908,-0.032946425998063966,-0.046432819387482616,MODE_4_TRUSTED_FUSION,full,four_mode_relocalization_v2,0.5220931988267368,0,0,0,False,0,0,0.5098902096958049,0,0,restarted_se3,0,45.63067480921745,3.593924455344677,0,734,cache_read_only_not_online_fps,178d419b5d7b38d165994fad2d41dc67b8cffa4444c416451632d3659ff5f2cf,cached_perception_v2,0,0,0,,,0,0.0,0,21.40919491648674,3.160906955599785,73.79470113664865,280.98000764243494,280.99122897754876,49.68104977539072,280.97161927123307,0.5236440439071105,79.20886930431327
sugar_box_yalehand0_black10_2,734,0.5825325269533043,0.5344516897935234,0.5333380196275591,0.5079086389394176,0.025961854721146045,0.024724002059647674,0.017080745341614908,0.017080745341614908,-0.04808083715978084,-0.02542938068814149,MODE_4_TRUSTED_FUSION,full,four_mode_relocalization_v2,0.5119809002378765,0,0,0,False,0,0,0.5344516897935234,0,0,restarted_se3,0,44.62761897593737,3.6461707204580307,0,735,cache_read_only_not_online_fps,178d419b5d7b38d165994fad2d41dc67b8cffa4444c416451632d3659ff5f2cf,cached_perception_v2,0,0,0,,,0,0.0,0,21.311067044734955,1.561107113957405,71.14596385508776,281.4403755920518,281.4533254253445,49.64606411684308,281.4320085445657,0.5578807802750261,79.32302233080338
sugar_box_yalehand0_black10_2,735,0.6026879752884198,0.6071335848812413,0.5227417260432565,0.5335152688210055,0.02544604781352978,0.025970482866225428,0.017080745341614908,0.017080745341614908,0.004445609592821476,0.010773542777749001,MODE_4_TRUSTED_FUSION,full,four_mode_relocalization_v2,0.49499490231926074,0,0,0,False,0,0,0.6026879752884198,0,0,restarted_se3,0,43.53264346718788,2.84471083432436,0,736,cache_read_only_not_online_fps,178d419b5d7b38d165994fad2d41dc67b8cffa4444c416451632d3659ff5f2cf,cached_perception_v2,0,0,0,,,0,0.0,0,20.674917846918106,1.112540252506733,68.16481240093708,281.90088802196766,281.8980944233647,49.6736182711044,281.89252734669014,0.6033849557811131,79.43022128929796
sugar_box_yalehand0_black10_2,736,0.6215571850144396,0.613216932899006,0.5118076414770385,0.512886029691438,0.024913797899647566,0.024966291734935718,0.017080745341614908,0.017080745341614908,-0.008340252115433544,0.0010783882143995394,MODE_4_TRUSTED_FUSION,full,four_mode_relocalization_v2,0.4994838734816908,0,0,0,False,0,0,0.613216932899006,0,0,restarted_se3,0,43.07236056774855,3.2205600291490555,0,737,cache_read_only_not_online_fps,178d419b5d7b38d165994fad2d41dc67b8cffa4444c416451632d3659ff5f2cf,cached_perception_v2,0,0,0,,,0,0.0,0,20.184031687676907,1.1364463716745377,67.61339865624905,282.2689307218093,282.2728262208597,49.67040298094378,282.2605553974968,0.6172651284994968,79.59762432001419
sugar_box_yalehand0_black10_2,737,0.6082830766874837,0.5765877715889949,0.5418716225505005,0.531897988086281,0.026377253869866144,0.025891756793954133,0.02702702702702703,0.017080745341614908,-0.031695305098488835,-0.009973634464219505,MODE_4_TRUSTED_FUSION,full,four_mode_relocalization_v2,0.5045592940081838,0,0,0,False,0,0,0.5765877715889949,0,0,restarted_se3,0,43.67079772055149,2.6492634788155556,0,738,cache_read_only_not_online_fps,178d419b5d7b38d165994fad2d41dc67b8cffa4444c416451632d3659ff5f2cf,cached_perception_v2,0,0,0,,,0,0.0,0,20.68859525024891,1.1317497119307518,68.14040616154671,282.53239829888656,282.5295630791682,49.75482431144,282.52398380811354,0.590624992645326,79.88045511614152
sugar_box_yalehand0_black10_2,738,0.6134180325437457,0.6412479773791555,0.5276730725840931,0.5253330825583685,0.025686096146409237,0.02557218999522351,0.017080745341614908,0.017080745341614908,0.027829944835409792,-0.002339990025724603,MODE_4_TRUSTED_FUSION,full,four_mode_relocalization_v2,0.5010903898428308,0,0,0,False,0,0,0.6134180325437457,0,0,restarted_se3,0,44.172911904752254,2.5328174233436584,0,739,cache_read_only_not_online_fps,178d419b5d7b38d165994fad2d41dc67b8cffa4444c416451632d3659ff5f2cf,cached_perception_v2,0,0,0,,,0,0.0,0,20.803511142730713,0.927366316318512,68.43660678714514,282.89301622450074,282.8861625497147,49.89791938129942,282.88456257140734,0.6260946692261056,80.06162962844186
sugar_box_yalehand0_black10_2,739,0.5376845795677232,0.635815607746445,0.5007345963209028,0.5461545973049213,0.024374783655238298,0.02658574072858711,0.017080745341614908,0.02702702702702703,0.09813102817872177,0.04542000098401855,MODE_4_TRUSTED_FUSION,full,four_mode_relocalization_v2,0.4787138152418347,0,0,0,False,0,0,0.5376845795677232,0,0,restarted_se3,0,44.59236841648817,2.9285410419106483,0,740,cache_read_only_not_online_fps,178d419b5d7b38d165994fad2d41dc67b8cffa4444c416451632d3659ff5f2cf,cached_perception_v2,0,0,0,,,0,0.0,0,21.381055004894733,1.0595591738820076,69.96152363717556,283.3316613330545,283.2991169676079,49.878353263542934,283.3231785162374,0.5826676793664838,80.25061753841211
sugar_box_yalehand0_black10_2,740,0.5804921725046502,0.5921257064031621,0.5182241877432323,0.5126274776623794,0.025226142858836422,0.0249537059263692,0.017080745341614908,0.017080745341614908,0.01163353389851185,-0.00559671008085294,MODE_4_TRUSTED_FUSION,full,four_mode_relocalization_v2,0.5026629401013951,0,0,0,False,0,0,0.5804921725046502,0,0,restarted_se3,0,44.94909103959799,2.657516859471798,0,741,cache_read_only_not_online_fps,178d419b5d7b38d165994fad2d41dc67b8cffa4444c416451632d3659ff5f2cf,cached_perception_v2,0,0,0,,,0,0.0,0,21.097613498568535,0.8713118731975555,69.57553327083588,283.8071973450899,283.78839627008523,49.86896068679953,283.79870072286127,0.5856373803539299,80.37291249111969
sugar_box_yalehand0_black10_2,741,0.5439158979609784,0.4882227555438064,0.5387373379527246,0.49186634096426307,0.026224683007884456,0.02394309427865891,0.02702702702702703,0.017080745341614908,-0.05569314241717199,-0.04687099698846153,MODE_4_TRUSTED_FUSION,full,four_mode_relocalization_v2,0.5223066975344968,0,0,0,False,0,0,0.4882227555438064,0,0,restarted_se3,0,44.76182535290718,2.634165808558464,0,742,cache_read_only_not_online_fps,178d419b5d7b38d165994fad2d41dc67b8cffa4444c416451632d3659ff5f2cf,cached_perception_v2,0,0,0,,,0,0.0,0,21.378349512815475,0.8358797058463097,69.61022038012743,284.0648069743617,284.09104974728103,49.87830620852813,284.05625122385425,0.5135162789180255,80.6800320329862
sugar_box_yalehand0_black10_2,742,0.5645688876101582,0.5396249665529175,0.5187417414193058,0.5224599878808691,0.025251336362494763,0.02543233334920861,0.017080745341614908,0.017080745341614908,-0.024943921057240748,0.003718246461563268,MODE_4_TRUSTED_FUSION,full,four_mode_relocalization_v2,0.4982480963049244,0,0,0,False,0,0,0.5396249665529175,0,0,restarted_se3,0,44.523369520902634,2.4977782741189003,0,743,cache_read_only_not_online_fps,178d419b5d7b38d165994fad2d41dc67b8cffa4444c416451632d3659ff5f2cf,cached_perception_v2,0,0,0,,,0,0.0,0,21.287905052304268,1.0605407878756523,69.36959363520145,284.3254339489129,284.39025780429813,49.965435848867095,284.31682095064355,0.5509774106940947,80.83969160507523
sugar_box_yalehand0_black10_2,743,0.5388214269673072,0.548492754001268,0.5195696799156042,0.5331110518379816,0.025291638793913305,0.025950806371764345,0.017080745341614908,0.017080745341614908,0.009671327033960786,0.013541371922377365,MODE_4_TRUSTED_FUSION,full,four_mode_relocalization_v2,0.4936880697482837,0,0,0,False,0,0,0.5388214269673072,0,0,restarted_se3,0,45.82949820905924,3.038715571165085,0,744,cache_read_only_not_online_fps,178d419b5d7b38d165994fad2d41dc67b8cffa4444c416451632d3659ff5f2cf,cached_perception_v2,0,0,0,,,0,0.0,0,20.49501147121191,1.1418955400586128,70.50512079149485,284.61584597757206,284.68111829214047,49.94312532086463,284.6071834251574,0.5434201801276496,81.06862330705742
sugar_box_yalehand0_black10_2,744,0.5436920380263749,0.5615169270486008,0.5059130635594429,0.5355314777316434,0.024626861341766396,0.02606862798414148,0.017080745341614908,0.017080745341614908,0.017824889022225898,0.02961841417220057,MODE_4_TRUSTED_FUSION,full,four_mode_relocalization_v2,0.48604806326660543,0,0,0,False,0,0,0.5436920380263749,0,0,restarted_se3,0,45.24199943989515,2.6813670992851257,0,745,cache_read_only_not_online_fps,178d419b5d7b38d165994fad2d41dc67b8cffa4444c416451632d3659ff5f2cf,cached_perception_v2,0,0,0,,,0,0.0,0,20.304854027926922,1.004616729915142,69.23283729702234,284.98368487280544,284.9774759243897,49.886609713141006,284.9751095669722,0.5491742891174115,81.24388408744491
sugar_box_yalehand0_black10_2,745,0.5685072937569321,0.5552963880652774,0.5047537781118154,0.4876312530635231,0.024570429586924205,0.023736938458589915,0.017080745341614908,0.017080745341614908,-0.013210905691654728,-0.017122525048292314,MODE_4_TRUSTED_FUSION,full,four_mode_relocalization_v2,0.5084565281592586,0,0,0,False,0,0,0.5552963880652774,0,0,restarted_se3,0,44.5603346452117,2.2539235651493073,0,746,cache_read_only_not_online_fps,178d419b5d7b38d165994fad2d41dc67b8cffa4444c416451632d3659ff5f2cf,cached_perception_v2,0,0,0,,,0,0.0,0,21.06580138206482,0.8761240169405937,68.75618360936642,285.2195395918426,285.2197614099056,49.93260271218132,285.21107047255634,0.5614354688226868,81.45206959540424
sugar_box_yalehand0_black10_2,746,0.514876780982531,0.5440460518423421,0.5097720065600709,0.5038244182504121,0.02481470716162647,0.02452519016123641,0.017080745341614908,0.017080745341614908,0.029169270859811136,-0.005947588309658802,MODE_4_TRUSTED_FUSION,full,four_mode_relocalization_v2,0.5028771327797256,0,0,0,False,0,0,0.514876780982531,0,0,restarted_se3,0,45.89928686618805,2.5879424065351486,0,747,cache_read_only_not_online_fps,178d419b5d7b38d165994fad2d41dc67b8cffa4444c416451632d3659ff5f2cf,cached_perception_v2,0,0,0,,,0,0.0,0,20.845066756010056,1.1328207328915596,70.46511676162481,285.3962809853304,285.4189208131202,49.94553115194718,285.3877630132549,0.5280389006094631,81.71635110864754
sugar_box_yalehand0_black10_2,747,0.5576558959073756,0.5321626798378216,0.5251050976349626,0.5197762173431572,0.02556109213375057,0.025301692633113358,0.017080745341614908,0.017080745341614908,-0.025493216069554014,-0.005328880291805449,MODE_4_TRUSTED_FUSION,full,four_mode_relocalization_v2,0.5025021005706701,0,0,0,False,0,0,0.5321626798378216,0,0,restarted_se3,0,42.671576142311096,2.476305700838566,0,748,cache_read_only_not_online_fps,178d419b5d7b38d165994fad2d41dc67b8cffa4444c416451632d3659ff5f2cf,cached_perception_v2,0,0,0,,,0,0.0,0,20.618378184735775,0.8317595347762108,66.59801956266165,285.5558800710082,285.6029590198005,49.89965715026383,285.54720436312675,0.5444921641359701,81.89965252487067
sugar_box_yalehand0_black10_2,748,0.5253124016511007,0.5149888435992716,0.5050791760282699,0.5084124605303347,0.0245862693229315,0.024748527112179838,0.017080745341614908,0.017080745341614908,-0.010323558051829163,0.003333284502064826,MODE_4_TRUSTED_FUSION,full,four_mode_relocalization_v2,0.4983873674521624,0,0,0,False,0,0,0.5149888435992716,0,0,restarted_se3,0,42.84386429935694,2.5895722210407257,0,749,cache_read_only_not_online_fps,178d419b5d7b38d165994fad2d41dc67b8cffa4444c416451632d3659ff5f2cf,cached_perception_v2,0,0,0,,,0,0.0,0,20.7026619464159,0.86264219135046,66.99874065816402,285.66694533903785,285.70621196460434,49.89106894622755,285.65815892749134,0.5182477451812886,82.20298651723164
sugar_box_yalehand0_black10_2,749,0.572590286381116,0.548171862815085,0.5029522201489712,0.4961732072292947,0.024482733258551163,0.024152744129525044,0.017080745341614908,0.017080745341614908,-0.024418423566030967,-0.00677901291967653,MODE_4_TRUSTED_FUSION,full,four_mode_relocalization_v2,0.5033258972534498,0,0,0,False,0,0,0.548171862815085,0,0,restarted_se3,0,44.3863021209836,2.6571089401841164,0,750,cache_read_only_not_online_fps,178d419b5d7b38d165994fad2d41dc67b8cffa4444c416451632d3659ff5f2cf,cached_perception_v2,0,0,0,,,0,0.0,0,20.775874145329,0.8693989366292953,68.68868414312601,285.7838412856673,285.8605127942174,49.83365073774123,285.77494848786887,0.5567918899460771,82.41425929405392
sugar_box_yalehand0_black10_2,750,0.5292864872490718,0.5338695373425401,0.5275400700408436,0.5224422736209798,0.025679621841975062,0.02543147105358217,0.017080745341614908,0.017080745341614908,0.004583050093468266,-0.005097796419863743,MODE_4_TRUSTED_FUSION,full,four_mode_relocalization_v2,0.5023821871688169,0,0,0,False,0,0,0.5292864872490718,0,0,restarted_se3,0,44.754575937986374,2.4232538416981697,0,751,cache_read_only_not_online_fps,178d419b5d7b38d165994fad2d41dc67b8cffa4444c416451632d3659ff5f2cf,cached_perception_v2,0,0,0,,,0,0.0,0,20.78358829021454,0.8096182718873024,68.77103634178638,285.95604810345355,285.9631928327658,49.71660171459633,285.94702441716754,0.5112209631777492,82.8437237224559
sugar_box_yalehand0_black10_2,751,0.5785480703124934,0.5253484151827253,0.5303195614017127,0.5181271982041866,0.025814922061074302,0.025221421597217138,0.017080745341614908,0.017080745341614908,-0.0531996551297681,-0.012192363197526035,MODE_4_TRUSTED_FUSION,full,four_mode_relocalization_v2,0.5057056484508518,0,0,0,False,0,0,0.5253484151827253,0,0,restarted_se3,0,46.47789243608713,2.3141400888562202,0,752,cache_read_only_not_online_fps,178d419b5d7b38d165994fad2d41dc67b8cffa4444c416451632d3659ff5f2cf,cached_perception_v2,0,0,0,,,0,0.0,0,20.329018123447895,0.8623497560620308,69.98340040445328,286.0163948387173,286.0268129842396,49.867292421189774,286.00726392923235,0.5466080691485528,83.22708513624433
sugar_box_yalehand0_black10_2,752,0.5684868938164879,0.5752605120931622,0.5157536082403947,0.5468141443582497,0.025105879866570282,0.02661784619294577,0.017080745341614908,0.02702702702702703,0.006773618276674331,0.031060536117854975,MODE_4_TRUSTED_FUSION,full,four_mode_relocalization_v2,0.48565422993466417,0,0,0,False,0,0,0.5684868938164879,0,0,restarted_se3,0,44.404443353414536,2.3346971720457077,0,753,cache_read_only_not_online_fps,178d419b5d7b38d165994fad2d41dc67b8cffa4444c416451632d3659ff5f2cf,cached_perception_v2,0,0,0,,,0,0.0,0,20.4804465174675,0.8196327835321426,68.03921982645988,286.2659938572659,286.28420281575126,49.76298650699798,286.2567245736515,0.5642372091280516,83.60478648965277
sugar_box_yalehand0_black10_2,753,0.534027635081808,0.5632468273112003,0.5212145198354882,0.5229360080154829,0.025371706393574375,0.025455505081064166,0.017080745341614908,0.017080745341614908,0.0292191922293924,0.0017214881799947346,MODE_4_TRUSTED_FUSION,full,four_mode_relocalization_v2,0.49919114442226936,0,0,0,False,0,0,0.534027635081808,0,0,restarted_se3,0,44.59519684314728,2.2521549835801125,0,754,cache_read_only_not_online_fps,178d419b5d7b38d165994fad2d41dc67b8cffa4444c416451632d3659ff5f2cf,cached_perception_v2,0,0,0,,,0,0.0,0,20.523191429674625,0.8152583613991737,68.18580161780119,286.3387186093656,286.3101420111804,49.92845385834694,286.3293631055956,0.546811485385192,84.10970403774066
sugar_box_yalehand0_black10_2,754,0.488339499032461,0.6227425039675696,0.5162957109689551,0.532995852285838,0.025132268370230023,0.0259451986822192,0.017080745341614908,0.017080745341614908,0.1344030049351086,0.01670014131688291,MODE_4_TRUSTED_FUSION,full,four_mode_relocalization_v2,0.4921910253990737,0,0,0,False,0,0,0.488339499032461,0,0,restarted_se3,0,42.50447545200586,2.4371715262532234,0,755,cache_read_only_not_online_fps,178d419b5d7b38d165994fad2d41dc67b8cffa4444c416451632d3659ff5f2cf,cached_perception_v2,0,0,0,,,0,0.0,0,19.971171393990517,0.7965639233589172,65.70938229560852,286.33005571283655,286.35902740422785,49.877948922293264,286.3206303335239,0.5441788163913437,84.47430480012844
sugar_box_yalehand0_black10_2,755,0.5060187348135872,0.5613201763110305,0.5274420493199764,0.5440177479228672,0.02567485038443563,0.026481723067786178,0.017080745341614908,0.02702702702702703,0.055301441497443315,0.016575698602890765,MODE_4_TRUSTED_FUSION,full,four_mode_relocalization_v2,0.4924066380434887,0,0,0,False,0,0,0.5060187348135872,0,0,restarted_se3,0,43.23817417025566,2.690626308321953,0,756,cache_read_only_not_online_fps,178d419b5d7b38d165994fad2d41dc67b8cffa4444c416451632d3659ff5f2cf,cached_perception_v2,0,0,0,,,0,0.0,0,19.577892497181892,0.9556617587804794,66.46235473453999,286.4105833327242,286.4466501746322,49.822295109913775,286.4009476788888,0.5226066846985198,84.80227413995759
sugar_box_yalehand0_black10_2,756,0.5144971970127002,0.5506141384657622,0.5193574339980723,0.5240709612457899,0.025281307076553333,0.025510752391017997,0.017080745341614908,0.017080745341614908,0.03611694145306199,0.004713527247717564,MODE_4_TRUSTED_FUSION,full,four_mode_relocalization_v2,0.49778380600480554,0,0,0,False,0,0,0.5144971970127002,0,0,restarted_se3,0,45.101757161319256,2.60999146848917,0,757,cache_read_only_not_online_fps,178d419b5d7b38d165994fad2d41dc67b8cffa4444c416451632d3659ff5f2cf,cached_perception_v2,0,0,0,,,0,0.0,0,20.92808671295643,0.9527783840894699,69.59261372685432,286.4286931250044,286.4405175371706,49.77549631593752,286.4188240058146,0.5290612068855518,85.06540349104166
sugar_box_yalehand0_black10_2,757,0.5261947870760301,0.535440886365375,0.5099087046277333,0.5243168823257186,0.024821361356982336,0.025522723349612766,0.017080745341614908,0.017080745341614908,0.009246099289344945,0.014408177697985303,MODE_4_TRUSTED_FUSION,full,four_mode_relocalization_v2,0.4931664636694966,0,0,0,False,0,0,0.5261947870760301,0,0,restarted_se3,0,42.72015672177076,2.435317263007164,0,758,cache_read_only_not_online_fps,178d419b5d7b38d165994fad2d41dc67b8cffa4444c416451632d3659ff5f2cf,cached_perception_v2,0,0,0,,,0,0.0,0,20.66773734986782,0.8491072803735733,66.67231861501932,286.4550527610879,286.4321118049661,49.810820507385,286.44523683016666,0.5297206769007025,85.39094686082737
sugar_box_yalehand0_black10_2,758,0.48074017164309557,0.5502256678517564,0.5228286628101687,0.5357299243261718,0.02545027972580574,0.02607828797736801,0.017080745341614908,0.017080745341614908,0.06948549620866085,0.012901261516003126,MODE_4_TRUSTED_FUSION,full,four_mode_relocalization_v2,0.4940192115338598,0,0,0,False,0,0,0.48074017164309557,0,0,restarted_se3,0,44.42260600626469,2.530287019908428,0,759,cache_read_only_not_online_fps,178d419b5d7b38d165994fad2d41dc67b8cffa4444c416451632d3659ff5f2cf,cached_perception_v2,0,0,0,,,0,0.0,0,20.84002923220396,1.0036975145339966,68.79661977291107,286.59547483671963,286.5987095469542,49.64864438169598,286.5857682465472,0.5116317253580851,85.62285202482973
sugar_box_yalehand0_black10_2,759,0.49173252638837395,0.4789875717787794,0.5089354862009768,0.5092219335797818,0.024773986981862714,0.024787930681655544,0.017080745341614908,0.017080745341614908,-0.012744954609594572,0.00028644737880501037,MODE_4_TRUSTED_FUSION,full,four_mode_relocalization_v2,0.4998620404895505,0,0,0,False,0,0,0.4789875717787794,0,0,restarted_se3,0,43.916940689086914,2.4497034028172493,0,760,cache_read_only_not_online_fps,178d419b5d7b38d165994fad2d41dc67b8cffa4444c416451632d3659ff5f2cf,cached_perception_v2,0,0,0,,,0,0.0,0,20.22578101605177,0.8346354588866234,67.42706056684256,286.6270913627933,286.68259426222636,49.543298674918454,286.6176140762667,0.4811652336411316,85.9123654854768
sugar_box_yalehand0_black10_2,760,0.49605198293682384,0.4762444507800812,0.5102224893111468,0.502924053861044,0.02483663578345242,0.02448136217858257,0.017080745341614908,0.017080745341614908,-0.019807532156742635,-0.00729843545010278,MODE_4_TRUSTED_FUSION,full,four_mode_relocalization_v2,0.5035321395102835,0,0,0,False,0,0,0.4762444507800812,0,0,restarted_se3,0,45.19849084317684,2.4964800104498863,0,761,cache_read_only_not_online_fps,178d419b5d7b38d165994fad2d41dc67b8cffa4444c416451632d3659ff5f2cf,cached_perception_v2,0,0,0,,,0,0.0,0,20.68207412958145,0.8768513798713684,69.25389636307955,286.8802713760245,286.8978727155314,49.40247153084008,286.871052230026,0.4856003612054681,86.15378688130794
sugar_box_yalehand0_black10_2,761,0.4661081889703014,0.46909678633322344,0.5111695157131513,0.49259637110635807,0.02488273518188477,0.023978630722328094,0.017080745341614908,0.017080745341614908,0.002988597362922063,-0.018573144606793213,MODE_4_TRUSTED_FUSION,full,four_mode_relocalization_v2,0.5090709921310689,0,0,0,False,0,0,0.4661081889703014,0,0,restarted_se3,0,45.61078827828169,2.5641629472374916,0,762,cache_read_only_not_online_fps,178d419b5d7b38d165994fad2d41dc67b8cffa4444c416451632d3659ff5f2cf,cached_perception_v2,0,0,0,,,0,0.0,0,20.14089561998844,0.8471198379993439,69.16296668350697,287.12091930987305,287.11865851713,49.31653537704827,287.1119890994094,0.467100329988174,86.47930700317912
sugar_box_yalehand0_black10_2,762,0.49291712873232396,0.4907040300232801,0.508278372637164,0.5063521263810165,0.02474199997502807,0.024648234063694433,0.017080745341614908,0.017080745341614908,-0.002213098709043848,-0.001926246256147568,MODE_4_TRUSTED_FUSION,full,four_mode_relocalization_v2,0.5009308860786413,0,0,0,False,0,0,0.4907040300232801,0,0,restarted_se3,0,43.25816687196493,2.427312545478344,0,763,cache_read_only_not_online_fps,178d419b5d7b38d165994fad2d41dc67b8cffa4444c416451632d3659ff5f2cf,cached_perception_v2,0,0,0,,,0,0.0,0,20.020450465381145,1.0493090376257896,66.75523892045021,287.4510898994375,287.4420506496397,49.305971679971925,287.4424885875733,0.4889116256963488,86.77532680610446
sugar_box_yalehand0_black10_2,763,0.4817575984053481,0.5335327121943915,0.50979367480233,0.5213431498297286,0.02481576192940392,0.025377967850849795,0.017080745341614908,0.017080745341614908,0.05177511378904337,0.01154947502739867,MODE_4_TRUSTED_FUSION,full,four_mode_relocalization_v2,0.4945061980720533,0,0,0,False,0,0,0.4817575984053481,0,0,restarted_se3,0,45.57945393025875,2.8192074969410896,0,764,cache_read_only_not_online_fps,178d419b5d7b38d165994fad2d41dc67b8cffa4444c416451632d3659ff5f2cf,cached_perception_v2,0,0,0,,,0,0.0,0,20.825677551329136,0.8272826671600342,70.05162164568901,287.8321174394574,287.87820998297565,49.17486021438243,287.8238786606883,0.4803174370117299,87.17424661888438
sugar_box_yalehand0_black10_2,764,0.5528276806184202,0.5746596269657749,0.5115758762348889,0.5032161601487757,0.024902516019630273,0.024495581343026387,0.017080745341614908,0.017080745341614908,0.021831946347354636,-0.00835971608611319,MODE_4_TRUSTED_FUSION,full,four_mode_relocalization_v2,0.5040393218116213,0,0,0,False,0,0,0.5528276806184202,0,0,restarted_se3,0,42.28575807064772,2.3891227319836617,0,765,cache_read_only_not_online_fps,178d419b5d7b38d165994fad2d41dc67b8cffa4444c416451632d3659ff5f2cf,cached_perception_v2,0,0,0,,,0,0.0,0,19.584677182137966,1.1371374130249023,65.39669539779425,288.260619666421,288.2811165669881,49.26498673370981,288.2527837820251,0.5133161584069016,87.70686687457113
sugar_box_yalehand0_black10_2,765,0.5311478648057992,0.5300106937278716,0.49269097127370115,0.49251690233045503,0.023983235673992465,0.02397476233729096,0.017080745341614908,0.017080745341614908,-0.0011371710779276567,-0.00017406894324611955,MODE_4_TRUSTED_FUSION,full,four_mode_relocalization_v2,0.5000865835554102,0,0,0,False,0,0,0.5300106937278716,0,0,restarted_se3,0,46.62607703357935,2.722330391407013,0,766,cache_read_only_not_online_fps,178d419b5d7b38d165994fad2d41dc67b8cffa4444c416451632d3659ff5f2cf,cached_perception_v2,0,0,0,,,0,0.0,0,20.7390571013093,1.1468930169939995,71.23435754328966,288.5401296279949,288.54919007947086,49.355067236395705,288.5328981754111,0.5296597347275993,88.21098559047348
sugar_box_yalehand0_black10_2,766,0.5526881529825649,0.5953402045469053,0.5178759925338162,0.5220746522593332,0.025209193395065263,0.025413575962603803,0.017080745341614908,0.017080745341614908,0.042652051564340376,0.004198659725517029,MODE_4_TRUSTED_FUSION,full,four_mode_relocalization_v2,0.498019407910103,0,0,0,False,0,0,0.5526881529825649,0,0,restarted_se3,0,44.17954385280609,2.8445757925510406,0,767,cache_read_only_not_online_fps,178d419b5d7b38d165994fad2d41dc67b8cffa4444c416451632d3659ff5f2cf,cached_perception_v2,0,0,0,,,0,0.0,0,20.08562721312046,1.1246250942349434,68.23437195271254,288.935921055774,288.98198599921494,49.341223259226396,288.9292940838861,0.5702128013063145,88.65617615050378
sugar_box_yalehand0_black10_2,767,0.5657595702910854,0.6743912296038694,0.5142619298664488,0.5400953676928401,0.025033267872281738,0.026290789247309307,0.017080745341614908,0.02702702702702703,0.10863165931278407,0.025833437826391248,MODE_4_TRUSTED_FUSION,full,four_mode_relocalization_v2,0.48797725957412896,0,0,0,False,0,0,0.5657595702910854,0,0,restarted_se3,0,43.270147405564785,2.8584133833646774,0,768,cache_read_only_not_online_fps,178d419b5d7b38d165994fad2d41dc67b8cffa4444c416451632d3659ff5f2cf,cached_perception_v2,0,0,0,,,0,0.0,0,20.65797708928585,1.3157334178686142,68.10227129608393,289.35219621518087,289.38156636591276,49.384428175456335,289.34621873082233,0.6118961438403802,89.04504322796805
sugar_box_yalehand0_black10_2,768,0.48591627131561993,0.6048975211501364,0.49374903361163847,0.5482572659252212,0.024034740085252377,0.026688094536562505,0.017080745341614908,0.0375,0.11898124983451647,0.054508232313582705,MODE_4_TRUSTED_FUSION,full,four_mode_relocalization_v2,0.474337142662264,0,0,0,False,0,0,0.48591627131561993,0,0,restarted_se3,0,43.904478661715984,3.006462939083576,0,769,cache_read_only_not_online_fps,178d419b5d7b38d165994fad2d41dc67b8cffa4444c416451632d3659ff5f2cf,cached_perception_v2,0,0,0,,,0,0.0,0,20.5526202917099,1.2043081223964691,68.66787001490593,289.8537516299408,289.85721768446945,49.237064459943426,289.84850522609327,0.523946236255753,89.46414377897223
sugar_box_yalehand0_black10_2,769,0.5515618821132632,0.5677008707807698,0.5241826275705087,0.5101034015129177,0.02551618808994233,0.024830838821670392,0.017080745341614908,0.017080745341614908,0.016138988667506626,-0.014079226057591043,MODE_4_TRUSTED_FUSION,full,four_mode_relocalization_v2,0.5066771377354926,0,0,0,False,0,0,0.5515618821132632,0,0,restarted_se3,0,43.571289628744125,3.31299751996994,0,770,cache_read_only_not_online_fps,178d419b5d7b38d165994fad2d41dc67b8cffa4444c416451632d3659ff5f2cf,cached_perception_v2,0,0,0,,,0,0.0,0,20.023856312036514,1.7591407522559166,68.6672842130065,290.4819432977984,290.47516225814496,49.28753421491723,290.4775688326129,0.5507772251797673,89.73798459217602
sugar_box_yalehand0_black10_2,770,0.5052358763974416,0.5378438990821246,0.5091552621213437,0.49426832616942534,0.024784685245076266,0.024060018234281486,0.017080745341614908,0.017080745341614908,0.03260802268468299,-0.014886935951918312,MODE_4_TRUSTED_FUSION,full,four_mode_relocalization_v2,0.5072731057414755,0,0,0,False,0,0,0.5052358763974416,0,0,restarted_se3,0,42.438614182174206,3.8975924253463745,0,771,cache_read_only_not_online_fps,178d419b5d7b38d165994fad2d41dc67b8cffa4444c416451632d3659ff5f2cf,cached_perception_v2,0,0,0,,,0,0.0,0,19.65131890028715,1.7421087250113487,67.72963423281908,291.13317156626744,291.14429273559426,49.181495459792515,291.1304717712518,0.5202041028041464,90.08388197099141
sugar_box_yalehand0_black10_2,771,0.5760223147518102,0.5594220028128413,0.5547373168949853,0.506166027341624,0.027003530780879234,0.024639175125372677,0.0375,0.017080745341614908,-0.016600311938968937,-0.04857128955336132,MODE_4_TRUSTED_FUSION,full,four_mode_relocalization_v2,0.522467915291568,0,0,0,False,0,0,0.5594220028128413,0,0,restarted_se3,0,44.08658854663372,3.783253952860832,0,772,cache_read_only_not_online_fps,178d419b5d7b38d165994fad2d41dc67b8cffa4444c416451632d3659ff5f2cf,cached_perception_v2,0,0,0,,,0,0.0,0,19.61942110210657,1.7256680876016617,69.21493168920279,291.2370398818622,291.3173117224881,49.19465567494311,291.24048961320796,0.5570433505903093,90.404330017825
sugar_box_yalehand0_black10_2,772,0.5188255278888175,0.5979939196285531,0.5015001619328806,0.5266728054835306,0.024412049896282866,0.02563740509459695,0.017080745341614908,0.017080745341614908,0.07916839173973556,0.025172643550649965,MODE_4_TRUSTED_FUSION,full,four_mode_relocalization_v2,0.48799213281912013,0,0,0,False,0,0,0.5188255278888175,0,0,restarted_se3,0,43.27343311160803,3.4505967050790787,0,773,cache_read_only_not_online_fps,178d419b5d7b38d165994fad2d41dc67b8cffa4444c416451632d3659ff5f2cf,cached_perception_v2,0,0,0,,,0,0.0,0,20.03683988004923,1.7345566302537918,68.49542632699013,290.84014143263875,290.93369339716367,49.18470369170883,290.84273904615236,0.5421821205452435,90.82586959092923
sugar_box_yalehand0_black10_2,773,0.49405788744172496,0.5374023200743847,0.5161782048037655,0.5298072361396535,0.025126548399259978,0.02578998306641414,0.017080745341614908,0.017080745341614908,0.043344432632659746,0.013629031335887998,MODE_4_TRUSTED_FUSION,full,four_mode_relocalization_v2,0.4936073088747694,0,0,0,False,0,0,0.49405788744172496,0,0,restarted_se3,0,46.18817940354347,3.784649074077606,0,774,cache_read_only_not_online_fps,178d419b5d7b38d165994fad2d41dc67b8cffa4444c416451632d3659ff5f2cf,cached_perception_v2,0,0,0,,,0,0.0,0,21.130644716322422,1.7292574048042297,72.83273059874773,290.5190678001527,290.6086500206183,49.04496594136329,290.52044875474155,0.5077037931745005,91.2401557128599
sugar_box_yalehand0_black10_2,774,0.5009809244482172,0.5601433300366305,0.4718119757608843,0.4933551906264286,0.02296688688902165,0.024015568576774317,0.0019588638589618022,0.017080745341614908,0.05916240558841335,0.02154321486554428,MODE_4_TRUSTED_FUSION,full,four_mode_relocalization_v2,0.4890662135317882,0,0,0,False,0,0,0.5009809244482172,0,0,restarted_se3,0,42.229591868817806,3.9382148534059525,0,775,cache_read_only_not_online_fps,178d419b5d7b38d165994fad2d41dc67b8cffa4444c416451632d3659ff5f2cf,cached_perception_v2,0,0,0,,,0,0.0,0,19.67308111488819,1.756683923304081,67.59757176041603,290.28102495498075,290.30961167327325,49.1097500870859,290.28134362827814,0.5017098054712537,91.77739573743096
sugar_box_yalehand0_black10_2,775,0.520450446491349,0.505302475964075,0.5005635218542316,0.4848469839818044,0.02436645608381686,0.023601405669356854,0.017080745341614908,0.0019588638589618022,-0.015147970527274013,-0.01571653787242716,MODE_4_TRUSTED_FUSION,full,four_mode_relocalization_v2,0.5078159805279527,0,0,0,False,0,0,0.505302475964075,0,0,restarted_se3,0,43.29018574208021,3.5150153562426567,0,776,cache_read_only_not_online_fps,178d419b5d7b38d165994fad2d41dc67b8cffa4444c416451632d3659ff5f2cf,cached_perception_v2,0,0,0,,,0,0.0,0,20.29276452958584,1.759164035320282,68.85712966322899,289.9366532995716,289.9340613020781,49.325434547666916,289.9360257923597,0.5098243113761959,92.26426267965597
sugar_box_yalehand0_black10_2,776,0.5499053168287856,0.4803896489310693,0.506648231312251,0.48142403194129757,0.024662647874306123,0.023434783039199818,0.017080745341614908,0.0019588638589618022,-0.06951566789771635,-0.025224199370953437,MODE_4_TRUSTED_FUSION,full,four_mode_relocalization_v2,0.5125111067382919,0,0,0,False,0,0,0.4803896489310693,0,0,restarted_se3,0,44.88035291433334,3.810587339103222,0,777,cache_read_only_not_online_fps,178d419b5d7b38d165994fad2d41dc67b8cffa4444c416451632d3659ff5f2cf,cached_perception_v2,0,0,0,,,0,0.0,0,20.936797372996807,1.766233704984188,71.39397133141756,289.57039812008094,289.5836383476476,49.46045405469134,289.5687979963875,0.5098819383631903,92.83561024972458
sugar_box_yalehand0_black10_2,777,0.49654283277719935,0.6000229658543559,0.47908143512773965,0.5257365205330685,0.02332074999466592,0.02559182856907854,0.0019588638589618022,0.017080745341614908,0.10348013307715653,0.04665508540532887,MODE_4_TRUSTED_FUSION,full,four_mode_relocalization_v2,0.477237379015649,0,0,0,False,0,0,0.49654283277719935,0,0,restarted_se3,0,44.44282501935959,3.5678958520293236,0,778,cache_read_only_not_online_fps,178d419b5d7b38d165994fad2d41dc67b8cffa4444c416451632d3659ff5f2cf,cached_perception_v2,0,0,0,,,0,0.0,0,21.339879371225834,1.7567984759807587,71.1073987185955,289.1842711333891,289.2167536323542,49.55190171120498,289.1817784651044,0.5305160498306302,93.26509277792242
sugar_box_yalehand0_black10_2,778,0.5560729251696439,0.6590542079527062,0.4985579865396541,0.5433119238626695,0.024268830535742213,0.026447364928978936,0.017080745341614908,0.02702702702702703,0.10298128278306229,0.04475393732301536,MODE_4_TRUSTED_FUSION,full,four_mode_relocalization_v2,0.4789268266834782,0,0,0,False,0,0,0.5560729251696439,0,0,restarted_se3,0,44.44118868559599,4.2826589196920395,0,779,cache_read_only_not_online_fps,178d419b5d7b38d165994fad2d41dc67b8cffa4444c416451632d3659ff5f2cf,cached_perception_v2,0,0,0,,,0,0.0,0,20.61763685196638,1.4229454100131989,70.76442986726761,289.035276480228,289.0702712791072,49.52274160068815,289.0318117673496,0.5956168041409198,93.51332162567773
sugar_box_yalehand0_black10_2,779,0.5554454270376387,0.6208125193728437,0.4811216994425688,0.5236671871115198,0.023420066082747024,0.02549109745357064,0.0019588638589618022,0.017080745341614908,0.06536709233520499,0.042545487668951054,MODE_4_TRUSTED_FUSION,full,four_mode_relocalization_v2,0.4792418281330057,0,0,0,False,0,0,0.5554454270376387,0,0,restarted_se3,0,44.794647954404354,3.5157082602381706,0,780,cache_read_only_not_online_fps,178d419b5d7b38d165994fad2d41dc67b8cffa4444c416451632d3659ff5f2cf,cached_perception_v2,0,0,0,,,0,0.0,0,19.832725636661053,1.761539839208126,69.9046216905117,288.6907547153108,288.73428033339155,49.55569181116858,288.68567783571694,0.5742915554594281,93.8384189850512
sugar_box_yalehand0_black10_2,780,0.5096700628866743,0.594597319665278,0.48432743369237863,0.4688027670535014,0.023576114974454172,0.022820404477471017,0.0019588638589618022,0.0019588638589618022,0.08492725677860369,-0.01552466663887725,MODE_4_TRUSTED_FUSION,full,four_mode_relocalization_v2,0.5079766646986077,0,0,0,False,0,0,0.5096700628866743,0,0,restarted_se3,0,44.36455387622118,3.7451284006237984,0,781,cache_read_only_not_online_fps,178d419b5d7b38d165994fad2d41dc67b8cffa4444c416451632d3659ff5f2cf,cached_perception_v2,0,0,0,,,0,0.0,0,21.028981544077396,1.294299028813839,70.43296284973621,288.2004363113111,288.2404345392473,49.45447273690895,288.1937509924477,0.5507438836067354,94.12710111251197
sugar_box_yalehand0_black10_2,781,0.5197934116008261,0.52492762944499,0.5148438593026214,0.49826208111013076,0.025061595062401094,0.02425442643648477,0.017080745341614908,0.017080745341614908,0.005134217844163902,-0.01658177819249068,MODE_4_TRUSTED_FUSION,full,four_mode_relocalization_v2,0.5080252070692121,0,0,0,False,0,0,0.5197934116008261,0,0,restarted_se3,0,42.34256874769926,3.575037233531475,0,782,cache_read_only_not_online_fps,178d419b5d7b38d165994fad2d41dc67b8cffa4444c416451632d3659ff5f2cf,cached_perception_v2,0,0,0,,,0,0.0,0,20.633717067539692,1.3153934851288795,67.86671653389931,287.6937760269459,287.6768909629872,49.450840180126455,287.6863126547615,0.5091448004792946,94.52674078162426
sugar_box_yalehand0_black10_2,782,0.578979076972361,0.5296317747398501,0.5199758245379984,0.48320044996170075,0.0253114091220998,0.023521255604200788,0.017080745341614908,0.0019588638589618022,-0.049347302232510826,-0.03677537457629765,MODE_4_TRUSTED_FUSION,full,four_mode_relocalization_v2,0.517971182235573,0,0,0,False,0,0,0.5296317747398501,0,0,restarted_se3,0,45.72567157447338,3.176199272274971,0,783,cache_read_only_not_online_fps,178d419b5d7b38d165994fad2d41dc67b8cffa4444c416451632d3659ff5f2cf,cached_perception_v2,0,0,0,,,0,0.0,0,20.03408782184124,1.1363988742232323,70.07235754281282,287.24656264113986,287.25285765335127,49.46378277722345,287.23839497233416,0.5351975344686363,94.84051977810162
sugar_box_yalehand0_black10_2,783,0.6652510888458611,0.5818566501534127,0.5317234671048578,0.4971266941967122,0.025883261452915703,0.024199158015682804,0.017080745341614908,0.017080745341614908,-0.08339443869244845,-0.03459677290814567,MODE_4_TRUSTED_FUSION,full,four_mode_relocalization_v2,0.516492714681577,0,0,0,False,0,0,0.5818566501534127,0,0,restarted_se3,0,43.39650925248861,3.8806376978754997,0,784,cache_read_only_not_online_fps,178d419b5d7b38d165994fad2d41dc67b8cffa4444c416451632d3659ff5f2cf,cached_perception_v2,0,0,0,,,0,0.0,0,21.660315804183483,1.1269040405750275,70.06436679512262,286.9766403978795,286.9801448330447,49.49762741587846,286.96792923717294,0.5891430816046228,95.24997440458279
sugar_box_yalehand0_black10_2,784,0.7605094725836263,0.6495416678431257,0.5556308756192432,0.5377208701169408,0.027047027477027384,0.026175203335875016,0.0375,0.017080745341614908,-0.11096780474050061,-0.017910005502302373,MODE_4_TRUSTED_FUSION,full,four_mode_relocalization_v2,0.5080432826242436,0,0,0,False,0,0,0.6495416678431257,0,0,restarted_se3,0,44.20220758765936,2.5287484750151634,0,785,cache_read_only_not_online_fps,178d419b5d7b38d165994fad2d41dc67b8cffa4444c416451632d3659ff5f2cf,cached_perception_v2,0,0,0,,,0,0.0,0,20.979941822588444,0.8432259783148766,68.55412386357784,286.7510921004882,286.7238665369437,49.67589479313699,286.74193342254404,0.700724021682275,95.72450132030357
sugar_box_yalehand0_black10_2,785,0.7472351230477706,0.8272238014907549,0.5565570189505707,0.5653120696324128,0.02709211032830372,0.027518289122076902,0.0375,0.04219409282700422,0.0799886784429843,0.008755050681842014,MODE_4_TRUSTED_FUSION,full,four_mode_relocalization_v2,0.49616635095503525,0,0,0,False,0,0,0.7472351230477706,0,0,restarted_se3,0,45.03100924193859,2.4970052763819695,0,786,cache_read_only_not_online_fps,178d419b5d7b38d165994fad2d41dc67b8cffa4444c416451632d3659ff5f2cf,cached_perception_v2,0,0,0,,,0,0.0,0,21.76476549357176,1.0171420872211456,70.30992209911346,286.4674092014195,286.50022690019614,49.82105674790716,286.45787272115064,0.7805268834651089,96.18272516904925
sugar_box_yalehand0_black10_2,786,0.7135734278166319,0.9192194399307234,0.5172035793658277,0.5851801813050085,0.025176461633335447,0.028485430053052794,0.017080745341614908,0.04219409282700422,0.2056460121140915,0.06797660193918076,MODE_4_TRUSTED_FUSION,full,four_mode_relocalization_v2,0.46971775415810013,0,0,0,False,0,0,0.7135734278166319,0,0,restarted_se3,0,44.86921615898609,2.240782603621483,0,787,cache_read_only_not_online_fps,178d419b5d7b38d165994fad2d41dc67b8cffa4444c416451632d3659ff5f2cf,cached_perception_v2,0,0,0,,,0,0.0,0,21.338299848139286,0.8514765650033951,69.29977517575026,286.2427105362261,286.2862650455639,49.85668770662545,286.23289025584495,0.8023636488377724,96.5359167857524
sugar_box_yalehand0_black10_2,787,0.6342525270837697,0.9073170223559897,0.48219331257412146,0.5691685063045289,0.02347223012021443,0.027706012938752664,0.0019588638589618022,0.04219409282700422,0.27306449527222,0.08697519373040741,MODE_4_TRUSTED_FUSION,full,four_mode_relocalization_v2,0.45940904734618937,0,0,0,False,0,0,0.6342525270837697,0,0,restarted_se3,0,43.37430465966463,2.4751704186201096,0,788,cache_read_only_not_online_fps,178d419b5d7b38d165994fad2d41dc67b8cffa4444c416451632d3659ff5f2cf,cached_perception_v2,0,0,0,,,0,0.0,0,22.886058315634727,0.8046124130487442,69.54014580696821,286.14465115904267,286.1579171580432,49.910197009239084,286.13459180846326,0.7558520641298514,96.7671297856327
sugar_box_yalehand0_black10_2,788,0.6449852474418251,0.6266941803593692,0.5080012738735354,0.5025085516957417,0.024728511347591083,0.024461136343455658,0.017080745341614908,0.017080745341614908,-0.01829106708245587,-0.00549272217779373,MODE_4_TRUSTED_FUSION,full,four_mode_relocalization_v2,0.5026650508522611,0,0,0,False,0,0,0.6266941803593692,0,0,restarted_se3,0,44.1855862736702,2.28132214397192,0,789,cache_read_only_not_online_fps,178d419b5d7b38d165994fad2d41dc67b8cffa4444c416451632d3659ff5f2cf,cached_perception_v2,0,0,0,,,0,0.0,0,23.286018520593643,1.8481230363249779,71.60104997456074,286.1252506497275,286.1140535716061,49.8301423922486,286.1150508116031,0.6351615110087284,97.12971307030679
sugar_box_yalehand0_black10_2,789,0.683035890618309,0.5830862103252306,0.5224406191289452,0.4729502019168794,0.02543139051613639,0.023022293518615372,0.017080745341614908,0.0019588638589618022,-0.09994968029307849,-0.04949041721206582,MODE_4_TRUSTED_FUSION,full,four_mode_relocalization_v2,0.5243701322615326,0,0,0,False,0,0,0.5830862103252306,0,0,restarted_se3,0,44.1172132268548,3.878781571984291,0,790,cache_read_only_not_online_fps,178d419b5d7b38d165994fad2d41dc67b8cffa4444c416451632d3659ff5f2cf,cached_perception_v2,0,0,0,,,0,0.0,0,22.181125357747078,0.9264359250664711,71.10355608165264,286.2081620699951,286.21050871083827,49.85923537776714,286.1978350377127,0.6273913626823745,97.38547456560825
sugar_box_yalehand0_black10_2,790,0.600575876709526,0.6043459895440717,0.4719809385505441,0.46341535743387696,0.022975111668124198,0.022558155883294916,0.0019588638589618022,0.0019588638589618022,0.003770112834545758,-0.008565581116667165,MODE_4_TRUSTED_FUSION,full,four_mode_relocalization_v2,0.5044827372435232,0,0,0,False,0,0,0.600575876709526,0,0,restarted_se3,0,45.90682219713926,3.5378513857722282,0,791,cache_read_only_not_online_fps,178d419b5d7b38d165994fad2d41dc67b8cffa4444c416451632d3659ff5f2cf,cached_perception_v2,0,0,0,,,0,0.0,0,23.064606823027134,0.768451951444149,73.27773235738277,286.43558366918506,286.42834478416523,49.912444051661744,286.4257394099372,0.6021058979529825,97.69092187458122
sugar_box_yalehand0_black10_2,791,0.586652629613751,0.603750233517648,0.481747314289171,0.47157373479110765,0.023450519793454205,0.02295528978321193,0.0019588638589618022,0.0019588638589618022,0.01709760390389703,-0.010173579498063356,MODE_4_TRUSTED_FUSION,full,four_mode_relocalization_v2,0.5052262198108614,0,0,0,False,0,0,0.586652629613751,0,0,restarted_se3,0,44.39371079206467,2.245718613266945,0,792,cache_read_only_not_online_fps,178d419b5d7b38d165994fad2d41dc67b8cffa4444c416451632d3659ff5f2cf,cached_perception_v2,0,0,0,,,0,0.0,0,22.694631479680538,0.7982375100255013,70.13229839503765,286.5445286049819,286.58852881041696,49.81913965420103,286.53563504209075,0.5944511702665108,97.9338111896201
sugar_box_yalehand0_black10_2,792,0.5897962811440915,0.5936959974232608,0.47685787828566584,0.49219296989523925,0.023212511583801373,0.023958993938052495,0.0019588638589618022,0.017080745341614908,0.0038997162791692963,0.015335091609573415,MODE_4_TRUSTED_FUSION,full,four_mode_relocalization_v2,0.4922475716805772,0,0,0,False,0,0,0.5897962811440915,0,0,restarted_se3,0,44.606915675103664,2.354525960981846,0,793,cache_read_only_not_online_fps,178d419b5d7b38d165994fad2d41dc67b8cffa4444c416451632d3659ff5f2cf,cached_perception_v2,0,0,0,,,0,0.0,0,22.931327112019062,0.7778443396091461,70.67061308771372,286.5843798033816,286.6609328629901,49.87692978551499,286.5756637054078,0.5916758479811414,98.18567057299617
sugar_box_yalehand0_black10_2,793,0.5820452210396759,0.5325510827096642,0.46921169700856424,0.4715852728513663,0.022840310390220084,0.022955851433484695,0.0019588638589618022,0.0019588638589618022,-0.049494138330011705,0.002373575842802067,MODE_4_TRUSTED_FUSION,full,four_mode_relocalization_v2,0.4987647880263673,0,0,0,False,0,0,0.5325510827096642,0,0,restarted_se3,0,44.091034680604935,2.4835653603076935,0,794,cache_read_only_not_online_fps,178d419b5d7b38d165994fad2d41dc67b8cffa4444c416451632d3659ff5f2cf,cached_perception_v2,0,0,0,,,0,0.0,0,22.332366555929184,0.7782736793160439,69.68524027615786,286.705245193087,286.7352807611207,49.860991232973475,286.69686574770054,0.5538804353646832,98.53599414764162
sugar_box_yalehand0_black10_2,794,0.5638039222356763,0.5460501547323873,0.498545341561851,0.4813200853767317,0.02426821500288201,0.023429723123145257,0.017080745341614908,0.0019588638589618022,-0.017753767503289053,-0.017225256185119275,MODE_4_TRUSTED_FUSION,full,four_mode_relocalization_v2,0.5086137872762838,0,0,0,False,0,0,0.5460501547323873,0,0,restarted_se3,0,44.709653593599796,2.171874977648258,0,795,cache_read_only_not_online_fps,178d419b5d7b38d165994fad2d41dc67b8cffa4444c416451632d3659ff5f2cf,cached_perception_v2,0,0,0,,,0,0.0,0,22.744120098650455,0.7940866053104401,70.41973527520895,286.9250896776621,286.9605532336977,49.843253766955506,286.9173011927271,0.5526787320993927,98.84155349753266
sugar_box_yalehand0_black10_2,795,0.5626782681529974,0.5669747260284796,0.509549024938497,0.4915673305309439,0.024803852851129665,0.023928539033871824,0.017080745341614908,0.017080745341614908,0.0042964578754822735,-0.01798169440755304,MODE_4_TRUSTED_FUSION,full,four_mode_relocalization_v2,0.5088049193959322,0,0,0,False,0,0,0.5626782681529974,0,0,restarted_se3,0,44.73525006324053,2.2905543446540833,0,796,cache_read_only_not_online_fps,178d419b5d7b38d165994fad2d41dc67b8cffa4444c416451632d3659ff5f2cf,cached_perception_v2,0,0,0,,,0,0.0,0,24.017986841499805,1.127379946410656,72.17117119580507,287.24057260342767,287.2581476373449,49.8975548422725,287.2332297262187,0.5644231969079541,99.14783990448386
sugar_box_yalehand0_black10_2,796,0.6054210906279441,0.5937361207989232,0.5100473617298453,0.510003432780031,0.024828110914314853,0.024825972538704714,0.017080745341614908,0.017080745341614908,-0.011684969829020897,-4.392894981430917e-05,MODE_4_TRUSTED_FUSION,full,four_mode_relocalization_v2,0.500021118655957,0,0,0,False,0,0,0.5937361207989232,0,0,restarted_se3,0,45.52838206291199,2.394525334239006,0,797,cache_read_only_not_online_fps,178d419b5d7b38d165994fad2d41dc67b8cffa4444c416451632d3659ff5f2cf,cached_perception_v2,0,0,0,,,0,0.0,0,20.599011331796646,0.8003199473023415,69.32223867624998,287.6865225936628,287.66844958853653,49.93328699957865,287.67974910989176,0.5979517218937584,99.40791881238769
sugar_box_yalehand0_black10_2,797,0.6395926301349455,0.6033638467487079,0.5262988801674647,0.531795438574602,0.025619203139410934,0.02588676488370968,0.017080745341614908,0.017080745341614908,-0.036228783386237584,0.005496558407137253,MODE_4_TRUSTED_FUSION,full,four_mode_relocalization_v2,0.49745079891824734,0,0,0,False,0,0,0.6033638467487079,0,0,restarted_se3,0,43.637570925056934,2.5276662781834602,0,798,cache_read_only_not_online_fps,178d419b5d7b38d165994fad2d41dc67b8cffa4444c416451632d3659ff5f2cf,cached_perception_v2,0,0,0,,,0,0.0,0,22.295518778264523,0.9446777403354645,69.40543372184038,288.2200733894814,288.2323591990207,49.89898626583984,288.2139423875929,0.6205499388548861,99.71411341775675
sugar_box_yalehand0_black10_2,798,0.5804307882239118,0.6435242804527658,0.49586038972287183,0.5390155507481876,0.024137516783344748,0.026238225864218645,0.017080745341614908,0.02702702702702703,0.06309349222885396,0.0431551610253158,MODE_4_TRUSTED_FUSION,full,four_mode_relocalization_v2,0.47954491169547164,0,0,0,False,0,0,0.5804307882239118,0,0,restarted_se3,0,43.005747720599174,2.5006048381328583,0,799,cache_read_only_not_online_fps,178d419b5d7b38d165994fad2d41dc67b8cffa4444c416451632d3659ff5f2cf,cached_perception_v2,0,0,0,,,0,0.0,0,20.184424705803394,1.0833274573087692,66.7741047218442,288.714953608207,288.783627855606,49.91603731622034,288.7094751574661,0.6076386523207501,100.02228909951
sugar_box_yalehand0_black10_2,799,0.5742197202209407,0.6506135154633512,0.49192221673722497,0.5047856048458649,0.02394581420232211,0.02457197885027171,0.017080745341614908,0.017080745341614908,0.07639379524241052,0.012863388108639906,MODE_4_TRUSTED_FUSION,full,four_mode_relocalization_v2,0.49367399963117686,0,0,0,False,0,0,0.5742197202209407,0,0,restarted_se3,0,44.763741083443165,2.7235122397542,0,800,cache_read_only_not_online_fps,178d419b5d7b38d165994fad2d41dc67b8cffa4444c416451632d3659ff5f2cf,cached_perception_v2,0,0,0,,,0,0.0,0,21.237251348793507,0.9194957092404366,69.64400038123131,289.4267366597885,289.4895924445695,49.856364414261606,289.42187417903284,0.6107792394667012,100.25376658172449
sugar_box_yalehand0_black10_2,800,0.5948989818305943,0.5477368672712435,0.5152312382258203,0.48007667797853226,0.025080451912946167,0.023369196475797306,0.017080745341614908,0.0019588638589618022,-0.04716211455935082,-0.035154560247288025,MODE_4_TRUSTED_FUSION,full,four_mode_relocalization_v2,0.5173122654153581,0,0,0,False,0,0,0.5477368672712435,0,0,restarted_se3,0,43.97341702133417,2.6513468474149704,0,801,cache_read_only_not_online_fps,178d419b5d7b38d165994fad2d41dc67b8cffa4444c416451632d3659ff5f2cf,cached_perception_v2,0,0,0,,,0,0.0,0,20.252839662134647,1.2139985337853432,68.09160206466913,290.05243774756894,290.0916781482744,49.99975571156333,290.04835317629806,0.5691371002044582,100.63145928824181
sugar_box_yalehand0_black10_2,801,0.5701789069258549,0.5944578231207406,0.48617053337416466,0.49371967834105107,0.02366583347269387,0.02403331112792655,0.0019588638589618022,0.017080745341614908,0.024278916194885647,0.007549144966886412,MODE_4_TRUSTED_FUSION,full,four_mode_relocalization_v2,0.4962250130672163,0,0,0,False,0,0,0.5701789069258549,0,0,restarted_se3,0,45.46763002872467,2.590365707874298,0,802,cache_read_only_not_online_fps,178d419b5d7b38d165994fad2d41dc67b8cffa4444c416451632d3659ff5f2cf,cached_perception_v2,0,0,0,,,0,0.0,0,21.03668823838234,1.1436445638537407,70.23832853883505,290.748577233197,290.8201434532879,49.883040505263345,290.74530714373975,0.5818481438975305,100.8184330651891
sugar_box_yalehand0_black10_2,802,0.5689338961370651,0.5482226057691266,0.5101199101974904,0.485133252305748,0.024831642432241438,0.02361534065310821,0.017080745341614908,0.0019588638589618022,-0.020711290367938506,-0.02498665789174237,MODE_4_TRUSTED_FUSION,full,four_mode_relocalization_v2,0.5123056291842196,0,0,0,False,0,0,0.5482226057691266,0,0,restarted_se3,0,43.82263123989105,3.606087528169155,0,803,cache_read_only_not_online_fps,178d419b5d7b38d165994fad2d41dc67b8cffa4444c416451632d3659ff5f2cf,cached_perception_v2,0,0,0,,,0,0.0,0,23.94924033433199,1.0920027270913124,72.46996182948351,291.55179340640564,291.5775665651629,50.008526765894736,291.54928828401603,0.5553076211765964,101.18557889397604
sugar_box_yalehand0_black10_2,803,0.5911891842936887,0.5294745325479246,0.4961012447490912,0.48326175496026297,0.024149241136324367,0.023524239811978556,0.017080745341614908,0.0019588638589618022,-0.06171465174576407,-0.012839489788828207,MODE_4_TRUSTED_FUSION,full,four_mode_relocalization_v2,0.506423836880374,0,0,0,False,0,0,0.5294745325479246,0,0,restarted_se3,0,43.15296933054924,2.611719071865082,0,804,cache_read_only_not_online_fps,178d419b5d7b38d165994fad2d41dc67b8cffa4444c416451632d3659ff5f2cf,cached_perception_v2,0,0,0,,,0,0.0,0,21.292836405336857,1.214791089296341,68.27231589704752,292.23135269234933,292.3001519342344,50.087400116241135,292.2296488938389,0.5583824855667763,101.53922305625329
sugar_box_yalehand0_black10_2,804,0.620191654154128,0.539284247516395,0.500541461036102,0.4989259612007769,0.024365382206211605,0.02428674282465011,0.017080745341614908,0.017080745341614908,-0.08090740663773299,-0.0016154998353250516,MODE_4_TRUSTED_FUSION,full,four_mode_relocalization_v2,0.5007923253848466,0,0,0,False,0,0,0.539284247516395,0,0,restarted_se3,0,43.380988761782646,3.2089613378047943,0,805,cache_read_only_not_online_fps,178d419b5d7b38d165994fad2d41dc67b8cffa4444c416451632d3659ff5f2cf,cached_perception_v2,0,0,0,,,0,0.0,0,20.887430757284164,1.7619701102375984,69.2393509671092,293.06104435003226,293.0663769189307,50.286436319717076,293.06007204527987,0.5614428832986805,102.06803136528173
sugar_box_yalehand0_black10_2,805,0.5968191684829356,0.5519192343541242,0.51821028643591,0.5341935451825484,0.025225466170305227,0.026003500036783526,0.017080745341614908,0.017080745341614908,-0.044899934128811436,0.015983258746638307,MODE_4_TRUSTED_FUSION,full,four_mode_relocalization_v2,0.49254792911243306,0,0,0,False,0,0,0.5519192343541242,0,0,restarted_se3,0,44.156767427921295,3.6930758506059647,0,806,cache_read_only_not_online_fps,178d419b5d7b38d165994fad2d41dc67b8cffa4444c416451632d3659ff5f2cf,cached_perception_v2,0,0,0,,,0,0.0,0,20.550641231238842,1.787126064300537,70.18761057406664,293.86375119630776,293.85706477535155,50.458626273910845,293.863738902223,0.566616983122656,102.62217341140625
sugar_box_yalehand0_black10_2,806,0.6767494501694383,0.6147601661670811,0.526652948388975,0.51755932815538,0.025636438489957745,0.02519377879065723,0.017080745341614908,0.017080745341614908,-0.06198928400235726,-0.009093620233595057,MODE_4_TRUSTED_FUSION,full,four_mode_relocalization_v2,0.5042724653877905,0,0,0,False,0,0,0.6147601661670811,0,0,restarted_se3,0,44.26182992756367,3.0094990506768227,0,807,cache_read_only_not_online_fps,178d419b5d7b38d165994fad2d41dc67b8cffa4444c416451632d3659ff5f2cf,cached_perception_v2,0,0,0,,,0,0.0,0,20.359518006443977,1.7888406291604042,69.41968761384487,294.8147727665883,294.83740685934225,50.66411804663819,294.815712753866,0.6243003596679685,103.24402396476286
sugar_box_yalehand0_black10_2,807,0.6033251799807517,0.6666630124691674,0.5478208093488568,0.555852957297162,0.026666848681568756,0.027057837980022054,0.0375,0.0375,0.06333783248841562,0.008032147948305202,MODE_4_TRUSTED_FUSION,full,four_mode_relocalization_v2,0.4964259431043408,0,0,0,False,0,0,0.6033251799807517,0,0,restarted_se3,0,44.694751501083374,3.8179997354745865,0,808,cache_read_only_not_online_fps,178d419b5d7b38d165994fad2d41dc67b8cffa4444c416451632d3659ff5f2cf,cached_perception_v2,0,0,0,,,0,0.0,0,20.95985598862171,1.7456915229558945,71.21829874813557,295.5441963325218,295.58875581684237,51.04058172130209,295.5463632839552,0.6339831726616366,103.91321317972448
sugar_box_yalehand0_black10_2,808,0.6784744130754049,0.7302620172786659,0.5324027330936917,0.547651228652638,0.025916326796600435,0.026658593823979913,0.017080745341614908,0.0375,0.051787604203261006,0.015248495558946362,MODE_4_TRUSTED_FUSION,full,four_mode_relocalization_v2,0.49306920565299384,0,0,0,False,0,0,0.6784744130754049,0,0,restarted_se3,0,45.02078890800476,3.4678978845477104,0,809,cache_read_only_not_online_fps,178d419b5d7b38d165994fad2d41dc67b8cffa4444c416451632d3659ff5f2cf,cached_perception_v2,0,0,0,,,0,0.0,0,19.957642070949078,1.7521679401397705,70.19849680364132,295.86075785528465,295.8979943140775,51.64945848094303,295.85731357920406,0.7032563247056698,104.54489917541274
sugar_box_yalehand0_black10_2,809,0.6064180225927633,0.7154355934916661,0.5312575300618779,0.5620485625083492,0.02586058054629762,0.02735942795951525,0.017080745341614908,0.04219409282700422,0.10901757089890274,0.0307910324464713,MODE_4_TRUSTED_FUSION,full,four_mode_relocalization_v2,0.48617135365917835,0,0,0,False,0,0,0.6064180225927633,0,0,restarted_se3,0,44.783408753573895,3.818306140601635,0,810,cache_read_only_not_online_fps,178d419b5d7b38d165994fad2d41dc67b8cffa4444c416451632d3659ff5f2cf,cached_perception_v2,0,0,0,,,0,0.0,0,21.506106480956078,1.7316881567239761,71.83950953185558,295.2296071263185,295.2723178383477,51.63021869082499,295.22480164338833,0.6555288687394172,105.09883743082125
sugar_box_yalehand0_black10_2,810,0.5577078914643857,0.7476089088857624,0.5364793674943167,0.5841798667301155,0.026114769409287527,0.028436736690282686,0.017080745341614908,0.04219409282700422,0.18990101742137666,0.04770049923579878,MODE_4_TRUSTED_FUSION,full,four_mode_relocalization_v2,0.47909081967489103,0,0,0,False,0,0,0.5577078914643857,0,0,restarted_se3,0,42.94677544385195,3.7991805002093315,0,811,cache_read_only_not_online_fps,178d419b5d7b38d165994fad2d41dc67b8cffa4444c416451632d3659ff5f2cf,cached_perception_v2,0,0,0,,,0,0.0,0,20.36906499415636,1.727473922073841,68.84249486029148,294.67015015852814,294.71871712558715,51.83539366554529,294.6653205250282,0.6406824971753029,105.53095104563101
sugar_box_yalehand0_black10_2,811,0.5580469219997124,0.6709685442666949,0.5285604787731647,0.593340723011641,0.02572929334914271,0.028882669309277947,0.017080745341614908,0.04219409282700422,0.11292162226698255,0.06478024423847628,MODE_4_TRUSTED_FUSION,full,four_mode_relocalization_v2,0.4716349172164702,0,0,0,False,0,0,0.5580469219997124,0,0,restarted_se3,0,44.79030705988407,3.2048290595412254,0,812,cache_read_only_not_online_fps,178d419b5d7b38d165994fad2d41dc67b8cffa4444c416451632d3659ff5f2cf,cached_perception_v2,0,0,0,,,0,0.0,0,20.417314022779465,1.7342492938041687,70.14669943600893,294.0328598950559,294.07627065386424,51.94159044223312,294.0275925843221,0.6032256657426794,105.8964150046909
sugar_box_yalehand0_black10_2,812,0.5617889815132818,0.5895987155764341,0.5284520584086252,0.569364833425659,0.02572401565722989,0.0277155697601474,0.017080745341614908,0.04219409282700422,0.027809734063152236,0.04091277501703383,MODE_4_TRUSTED_FUSION,full,four_mode_relocalization_v2,0.481699697277835,0,0,0,False,0,0,0.5617889815132818,0,0,restarted_se3,0,45.653666369616985,3.3745672553777695,0,813,cache_read_only_not_online_fps,178d419b5d7b38d165994fad2d41dc67b8cffa4444c416451632d3659ff5f2cf,cached_perception_v2,0,0,0,,,0,0.0,0,21.051921881735325,2.2376999258995056,72.31785543262959,293.4231107856717,293.46256943825637,52.0378704014388,293.4170710539296,0.5706426889609069,106.2303283607488
sugar_box_yalehand0_black10_2,813,0.5338591459915508,0.563598088159304,0.5181865459829955,0.5384340536663582,0.02522431053135413,0.026209919720265568,0.017080745341614908,0.02702702702702703,0.02973894216775319,0.020247507683362698,MODE_4_TRUSTED_FUSION,full,four_mode_relocalization_v2,0.49059673031987444,0,0,0,False,0,0,0.5338591459915508,0,0,restarted_se3,0,44.412228278815746,3.228086978197098,0,814,cache_read_only_not_online_fps,178d419b5d7b38d165994fad2d41dc67b8cffa4444c416451632d3659ff5f2cf,cached_perception_v2,0,0,0,,,0,0.0,0,20.869700238108635,2.3507503792643547,70.86076587438583,292.85446330529567,292.9185300797998,52.10023174395734,292.84773684021553,0.5477116105124417,106.53693944328893
sugar_box_yalehand0_black10_2,814,0.5721711059923122,0.5420728522096228,0.5145799419232628,0.5138796148420068,0.025048748079045065,0.025014657522452924,0.017080745341614908,0.017080745341614908,-0.030098253782689488,-0.0007003270812560025,MODE_4_TRUSTED_FUSION,full,four_mode_relocalization_v2,0.5003339790632538,0,0,0,False,0,0,0.5420728522096228,0,0,restarted_se3,0,44.336321763694286,3.050624392926693,0,815,cache_read_only_not_online_fps,178d419b5d7b38d165994fad2d41dc67b8cffa4444c416451632d3659ff5f2cf,cached_perception_v2,0,0,0,,,0,0.0,0,21.20857033878565,2.224629744887352,70.82014624029398,292.3575332314042,292.39724143616905,52.14506171979687,292.35006879318524,0.5548326972171436,106.85313456089378
sugar_box_yalehand0_black10_2,815,0.549510847123267,0.5517527562169661,0.510214332246235,0.5130730106496076,0.02483623871343979,0.024975393603343693,0.017080745341614908,0.017080745341614908,0.002241909093699035,0.0028586784033726165,MODE_4_TRUSTED_FUSION,full,four_mode_relocalization_v2,0.49862996593276127,0,0,0,False,0,0,0.549510847123267,0,0,restarted_se3,0,43.380009941756725,3.1140344217419624,0,816,cache_read_only_not_online_fps,178d419b5d7b38d165994fad2d41dc67b8cffa4444c416451632d3659ff5f2cf,cached_perception_v2,0,0,0,,,0,0.0,0,20.11782117187977,1.875750720500946,68.4876162558794,291.92834184537946,291.9347725578718,52.20586341294114,291.92043824943096,0.5501918626478901,107.16404825673418
sugar_box_yalehand0_black10_2,816,0.5285146933955212,0.5426173064638941,0.4998787122690843,0.48537424081274344,0.024333120888674283,0.023627071503671705,0.017080745341614908,0.0019588638589618022,0.014102613068372905,-0.014504471456340873,MODE_4_TRUSTED_FUSION,full,four_mode_relocalization_v2,0.5072143391431351,0,0,0,False,0,0,0.5285146933955212,0,0,restarted_se3,0,45.11432163417339,2.363990992307663,0,817,cache_read_only_not_online_fps,178d419b5d7b38d165994fad2d41dc67b8cffa4444c416451632d3659ff5f2cf,cached_perception_v2,0,0,0,,,0,0.0,0,20.321592688560486,1.9930526614189148,69.79295797646046,291.54116179339906,291.5370213363855,52.329034835590896,291.5327869016841,0.5346258290586967,107.4917947280346
sugar_box_yalehand0_black10_2,817,0.5012206707726992,0.4916403187740033,0.4897700184704438,0.4499123564850673,0.023841049387744867,0.021900856129609063,0.017080745341614908,0.0019588638589618022,-0.009580351998695835,-0.03985766198537655,MODE_4_TRUSTED_FUSION,full,four_mode_relocalization_v2,0.5207660696004885,0,0,0,False,0,0,0.4916403187740033,0,0,restarted_se3,0,46.15345038473606,2.5522559881210327,0,818,cache_read_only_not_online_fps,178d419b5d7b38d165994fad2d41dc67b8cffa4444c416451632d3659ff5f2cf,cached_perception_v2,0,0,0,,,0,0.0,0,20.323225297033787,2.073497511446476,71.10242918133736,291.2915276070488,291.2689717586599,52.46100855341459,291.2826988594036,0.4914586199393856,107.95276165677964
sugar_box_yalehand0_black10_2,818,0.6422683422568647,0.5514261860554899,0.5140032161110649,0.4613738530390826,0.025020674191193092,0.02245877943053941,0.017080745341614908,0.0019588638589618022,-0.09084215620137481,-0.052629363071982294,MODE_4_TRUSTED_FUSION,full,four_mode_relocalization_v2,0.5264368974849487,0,0,0,False,0,0,0.5514261860554899,0,0,restarted_se3,0,45.015632174909115,2.530342899262905,0,819,cache_read_only_not_online_fps,178d419b5d7b38d165994fad2d41dc67b8cffa4444c416451632d3659ff5f2cf,cached_perception_v2,0,0,0,,,0,0.0,0,20.753968507051468,1.5400182455778122,69.8399618268013,291.13536204000593,291.14507868166993,52.74645966950635,291.1261133653456,0.565541445336468,108.4283671931322
sugar_box_yalehand0_black10_2,819,0.6752754163703977,0.5627003619770148,0.5272111823409138,0.5057101923773898,0.025663612230113694,0.024616985968247653,0.017080745341614908,0.017080745341614908,-0.11257505439338289,-0.02150098996352401,MODE_4_TRUSTED_FUSION,full,four_mode_relocalization_v2,0.5102101593147333,0,0,0,False,0,0,0.5627003619770148,0,0,restarted_se3,0,42.39595215767622,2.5265654549002647,0,820,cache_read_only_not_online_fps,178d419b5d7b38d165994fad2d41dc67b8cffa4444c416451632d3659ff5f2cf,cached_perception_v2,0,0,0,,,0,0.0,0,20.608490332961082,1.8939459696412086,67.42495391517878,290.896774800691,290.89472558552086,53.19587063528716,290.8871438971938,0.5943882777095565,109.11188394489739
sugar_box_yalehand0_black10_2,820,0.683848746958915,0.719334862752068,0.5742494153334184,0.5709806104924962,0.02795334168188541,0.027794222636798267,0.04219409282700422,0.04219409282700422,0.035486115793153084,-0.0032688048409222903,MODE_4_TRUSTED_FUSION,full,four_mode_relocalization_v2,0.5014026435847314,0,0,0,False,0,0,0.683848746958915,0,0,restarted_se3,0,45.581623911857605,2.303364686667919,0,821,cache_read_only_not_online_fps,178d419b5d7b38d165994fad2d41dc67b8cffa4444c416451632d3659ff5f2cf,cached_perception_v2,0,0,0,,,0,0.0,0,20.872135646641254,1.4925161376595497,70.24964038282633,290.72516750264333,290.7562184186419,53.7138727064833,290.7152303598701,0.6990518899922105,109.61993573166366
sugar_box_yalehand0_black10_2,821,0.5367124955390762,0.6454930606484438,0.5143214073366017,0.5714458257660475,0.02503616311954044,0.027816868409088105,0.017080745341614908,0.04219409282700422,0.10878056510936762,0.05712441842944582,MODE_4_TRUSTED_FUSION,full,four_mode_relocalization_v2,0.47416978152392814,0,0,0,False,0,0,0.5367124955390762,0,0,restarted_se3,0,44.33128982782364,2.5770459324121475,0,822,cache_read_only_not_online_fps,178d419b5d7b38d165994fad2d41dc67b8cffa4444c416451632d3659ff5f2cf,cached_perception_v2,0,0,0,,,0,0.0,0,20.328929647803307,0.8256193250417709,68.06288473308086,290.371282937068,290.4088947385281,53.684004096903195,290.3611455290646,0.5862653705754801,110.29438323306671
sugar_box_yalehand0_black10_2,822,0.4710577825557423,0.6965957452466788,0.5311112499533781,0.5906914549390613,0.02585345991587994,0.028753708105901304,0.017080745341614908,0.04219409282700422,0.22553796269093646,0.05958020498568317,MODE_4_TRUSTED_FUSION,full,four_mode_relocalization_v2,0.47390958843835645,0,0,0,False,0,0,0.4710577825557423,0,0,restarted_se3,0,43.56713965535164,2.4649137631058693,0,823,cache_read_only_not_online_fps,178d419b5d7b38d165994fad2d41dc67b8cffa4444c416451632d3659ff5f2cf,cached_perception_v2,0,0,0,,,0,0.0,0,20.082615315914154,0.7962724193930626,66.91094115376472,290.2771313045272,290.3115577626568,53.9205185654032,290.2668292202231,0.5747091506460879,110.72169297140893
sugar_box_yalehand0_black10_2,823,0.4522555161795062,0.5833498361830862,0.5417831591570162,0.5978154834599433,0.02637294764438576,0.02910049192157152,0.02702702702702703,0.04219409282700422,0.13109432000358,0.05603232430292704,MODE_4_TRUSTED_FUSION,full,four_mode_relocalization_v2,0.475839776693566,0,0,0,False,0,0,0.4522555161795062,0,0,restarted_se3,0,44.19386945664883,2.269248478114605,0,824,cache_read_only_not_online_fps,178d419b5d7b38d165994fad2d41dc67b8cffa4444c416451632d3659ff5f2cf,cached_perception_v2,0,0,0,,,0,0.0,0,19.94720008224249,0.8062915876507759,67.2166096046567,290.3145115307279,290.30266198261836,54.07471743220429,290.30410042745547,0.5076803681622449,111.11266924106896
sugar_box_yalehand0_black10_2,824,0.44952613881306713,0.47375417228192174,0.5592477948933402,0.6094699148371825,0.027223092053855775,0.029667806913449918,0.04219409282700422,0.04219409282700422,0.024228033468854604,0.05022211994384229,MODE_4_TRUSTED_FUSION,full,four_mode_relocalization_v2,0.4788755061303716,0,0,0,False,0,0,0.44952613881306713,0,0,restarted_se3,0,44.07705646008253,2.3627085611224174,0,825,cache_read_only_not_online_fps,178d419b5d7b38d165994fad2d41dc67b8cffa4444c416451632d3659ff5f2cf,cached_perception_v2,0,0,0,,,0,0.0,0,20.744058303534985,0.8653225377202034,68.04914586246014,290.30676040258896,290.3296981909739,54.10570073865295,290.29662579719434,0.453210070309718,111.43711921954873
sugar_box_yalehand0_black10_2,825,0.5006164325956618,0.48026556825235156,0.5347375726489745,0.5368353289047589,0.0260299822329291,0.026132096916579597,0.017080745341614908,0.017080745341614908,-0.020350864343310238,0.0020977562557844553,MODE_4_TRUSTED_FUSION,full,four_mode_relocalization_v2,0.49903911307581994,0,0,0,False,0,0,0.48026556825235156,0,0,restarted_se3,0,44.62645202875137,2.7677202597260475,0,826,cache_read_only_not_online_fps,178d419b5d7b38d165994fad2d41dc67b8cffa4444c416451632d3659ff5f2cf,cached_perception_v2,0,0,0,,,0,0.0,0,20.637654699385166,0.8588340133428574,68.89066100120544,290.5168289821629,290.50203027224256,54.20089511320869,290.5067180063807,0.48967279237580746,111.67695250890446
sugar_box_yalehand0_black10_2,826,0.5095624253493983,0.5079685022614012,0.5237586358162066,0.5352592774761111,0.025495548998178647,0.026055377806525937,0.017080745341614908,0.017080745341614908,-0.0015939230879971067,0.011500641659904498,MODE_4_TRUSTED_FUSION,full,four_mode_relocalization_v2,0.49467078279320975,0,0,0,False,0,0,0.5079685022614012,0,0,restarted_se3,0,44.09840516746044,2.5845179334282875,0,827,cache_read_only_not_online_fps,178d419b5d7b38d165994fad2d41dc67b8cffa4444c416451632d3659ff5f2cf,cached_perception_v2,0,0,0,,,0,0.0,0,20.586405880749226,0.8433563634753227,68.11268534511328,290.78315296821796,290.7166445225649,54.377299389067204,290.77310860041524,0.5085448714020028,111.97987673944556
sugar_box_yalehand0_black10_2,827,0.5539780312285131,0.6139803397607835,0.5014390578116577,0.49783557484157287,0.024409075466822236,0.024233664943070724,0.017080745341614908,0.017080745341614908,0.0600023085322704,-0.0036034829700847815,MODE_4_TRUSTED_FUSION,full,four_mode_relocalization_v2,0.5017676702895592,0,0,0,False,0,0,0.5539780312285131,0,0,restarted_se3,0,48.16014692187309,2.7764663100242615,0,828,cache_read_only_not_online_fps,178d419b5d7b38d165994fad2d41dc67b8cffa4444c416451632d3659ff5f2cf,cached_perception_v2,0,0,0,,,0,0.0,0,22.17745315283537,0.989062711596489,74.10312909632921,291.13991686690144,291.1421294044643,54.52224717264339,291.1299545493658,0.582839472237732,112.16606035250953
sugar_box_yalehand0_black10_2,828,0.4881680854525294,0.4040586602236074,0.5191968781324222,0.464444494843727,0.025273491530117046,0.022608252285462684,0.017080745341614908,0.0019588638589618022,-0.08410942522892195,-0.054752383288695194,MODE_4_TRUSTED_FUSION,full,four_mode_relocalization_v2,0.527276866400164,0,0,0,False,0,0,0.4040586602236074,0,0,restarted_se3,0,43.31822507083416,2.346288412809372,0,829,cache_read_only_not_online_fps,178d419b5d7b38d165994fad2d41dc67b8cffa4444c416451632d3659ff5f2cf,cached_perception_v2,0,0,0,,,0,0.0,0,22.08408061414957,0.7690191268920898,68.51761322468519,291.1873321132239,291.23211459383106,54.26762353187491,291.1770210033512,0.43785667924547905,112.60426208843977
sugar_box_yalehand0_black10_2,829,0.45141855197616154,0.4084889426018823,0.5470037081111828,0.5141465100855558,0.026627073786766067,0.025027649462430544,0.02702702702702703,0.017080745341614908,-0.042929609374279254,-0.03285719802562703,MODE_4_TRUSTED_FUSION,full,four_mode_relocalization_v2,0.515195482307921,0,0,0,False,0,0,0.4084889426018823,0,0,restarted_se3,0,43.63863170146942,2.5893719866871834,0,830,cache_read_only_not_online_fps,178d419b5d7b38d165994fad2d41dc67b8cffa4444c416451632d3659ff5f2cf,cached_perception_v2,0,0,0,,,0,0.0,0,20.289686508476734,0.982736237347126,67.50042643398046,291.19657903777147,291.2286365404681,54.34853583726764,291.1859712863471,0.42451589167380366,113.01876266273099
sugar_box_yalehand0_black10_2,830,0.35618349412882844,0.3914506153934595,0.5387765727760359,0.5408343259886824,0.026226592882570548,0.026326760296091916,0.02702702702702703,0.02702702702702703,0.03526712126463105,0.0020577532126465625,MODE_4_TRUSTED_FUSION,full,four_mode_relocalization_v2,0.49906432665638445,0,0,0,False,0,0,0.35618349412882844,0,0,restarted_se3,0,42.734768241643906,2.4607349187135696,0,831,cache_read_only_not_online_fps,178d419b5d7b38d165994fad2d41dc67b8cffa4444c416451632d3659ff5f2cf,cached_perception_v2,0,0,0,,,0,0.0,0,20.353320986032486,0.8645998314023018,66.41342397779226,291.2741806051181,291.2876088436551,54.432168810036075,291.26370754433816,0.3658446817605689,113.54538214225924
sugar_box_yalehand0_black10_2,831,0.49811773528908654,0.4738057005454396,0.5275701503430021,0.5206170830512683,0.025681086092423873,0.025342624335993304,0.017080745341614908,0.017080745341614908,-0.02431203474364696,-0.006953067291733839,MODE_4_TRUSTED_FUSION,full,four_mode_relocalization_v2,0.5032546107434929,0,0,0,False,0,0,0.4738057005454396,0,0,restarted_se3,0,43.254283256828785,2.3793932050466537,0,832,cache_read_only_not_online_fps,178d419b5d7b38d165994fad2d41dc67b8cffa4444c416451632d3659ff5f2cf,cached_perception_v2,0,0,0,,,0,0.0,0,19.943871535360813,0.8668955415487289,66.44444353878498,291.55270435553746,291.56285018725475,54.71678442987182,291.54240467352264,0.45587676458117765,113.93573192952377
sugar_box_yalehand0_black10_2,832,0.42984235497252343,0.35169857356865386,0.5777920796556051,0.5359050338794886,0.028125791672461035,0.02608681196893844,0.04219409282700422,0.017080745341614908,-0.07814378140386957,-0.04188704577611646,MODE_4_TRUSTED_FUSION,full,four_mode_relocalization_v2,0.5184736493001664,0,0,0,False,0,0,0.35169857356865386,0,0,restarted_se3,0,43.200207874178886,2.399163320660591,0,833,cache_read_only_not_online_fps,178d419b5d7b38d165994fad2d41dc67b8cffa4444c416451632d3659ff5f2cf,cached_perception_v2,0,0,0,,,0,0.0,0,19.766501151025295,0.8279271423816681,66.19379948824644,291.5937224493335,291.59526925999694,54.8900483201012,291.58363432222416,0.3814342114157955,114.6215310025054
sugar_box_yalehand0_black10_2,833,0.44906143170889745,0.35651108675052423,0.5622907714731041,0.5237064686995269,0.027371218219582435,0.025493009604670925,0.04219409282700422,0.017080745341614908,-0.09255034495837322,-0.03858430277357727,MODE_4_TRUSTED_FUSION,full,four_mode_relocalization_v2,0.517443218378897,0,0,0,False,0,0,0.35651108675052423,0,0,restarted_se3,0,43.45978423953056,2.3748548701405525,0,834,cache_read_only_not_online_fps,178d419b5d7b38d165994fad2d41dc67b8cffa4444c416451632d3659ff5f2cf,cached_perception_v2,0,0,0,,,0,0.0,0,20.287145860493183,1.0112449526786804,67.13302992284298,291.7093875801931,291.72010624244473,55.26593145057531,291.699509786303,0.39123633474295805,115.32606556761966
sugar_box_yalehand0_black10_2,834,0.3321883116446365,0.49378047754050325,0.5055708550075109,0.5777423817941708,0.024610203296806847,0.02812337247748332,0.017080745341614908,0.04219409282700422,0.16159216589586672,0.07217152678665995,MODE_4_TRUSTED_FUSION,full,four_mode_relocalization_v2,0.46729327430355455,0,0,0,False,0,0,0.3321883116446365,0,0,restarted_se3,0,43.448785319924355,2.433380112051964,0,835,cache_read_only_not_online_fps,178d419b5d7b38d165994fad2d41dc67b8cffa4444c416451632d3659ff5f2cf,cached_perception_v2,0,0,0,,,0,0.0,0,20.84866538643837,0.9499983862042427,67.68082920461893,291.87238158312806,291.88550490620895,55.67554658143665,291.86272329562286,0.3914243937685408,115.8907593466258
sugar_box_yalehand0_black10_2,835,0.32021705239879983,0.4329158095125912,0.5107061717186696,0.651797933551226,0.02486018049981082,0.031728252319639674,0.017080745341614908,0.0891009055627426,0.11269875711379135,0.14109176183255634,MODE_4_TRUSTED_FUSION,full,four_mode_relocalization_v2,0.44034195686772964,0,0,0,False,0,0,0.32021705239879983,0,0,restarted_se3,0,43.28252840787172,2.4560512974858284,0,836,cache_read_only_not_online_fps,178d419b5d7b38d165994fad2d41dc67b8cffa4444c416451632d3659ff5f2cf,cached_perception_v2,0,0,0,,,0,0.0,0,20.174778997898102,1.0004602372646332,66.91381894052029,292.0622170849529,292.03780428609963,56.05690260645723,292.05284587473096,0.31256312666055364,116.42362696168851
sugar_box_yalehand0_black10_2,836,0.3290110758307121,0.3364221494018682,0.5330818513229169,0.5751709197628279,0.025949384947635566,0.027998198720462796,0.017080745341614908,0.04219409282700422,0.007411073571156113,0.042089068439911004,MODE_4_TRUSTED_FUSION,full,four_mode_relocalization_v2,0.48134767779058607,0,0,0,False,0,0,0.3290110758307121,0,0,restarted_se3,0,42.6965756341815,2.45862640440464,0,837,cache_read_only_not_online_fps,178d419b5d7b38d165994fad2d41dc67b8cffa4444c416451632d3659ff5f2cf,cached_perception_v2,0,0,0,,,0,0.0,0,22.27200288325548,0.9650057181715965,68.39221064001322,292.37776158298306,292.3435274927019,56.2262177531015,292.36880819427495,0.3209820479020463,116.73036683464524
sugar_box_yalehand0_black10_2,837,0.3456313952660643,0.3169853939441572,0.5055493066696812,0.5514005098828655,0.024609154365743194,0.026841101522710745,0.017080745341614908,0.0375,-0.02864600132190709,0.045851203213184255,MODE_4_TRUSTED_FUSION,full,four_mode_relocalization_v2,0.4787124699273548,0,0,0,False,0,0,0.3169853939441572,0,0,restarted_se3,0,44.509587809443474,2.5935592129826546,0,838,cache_read_only_not_online_fps,178d419b5d7b38d165994fad2d41dc67b8cffa4444c416451632d3659ff5f2cf,cached_perception_v2,0,0,0,,,0,0.0,0,20.749066956341267,1.0614162310957909,68.91363020986319,292.6859251378538,292.7208910988324,56.28238723236356,292.6772314174607,0.322923832081124,117.04353539657491
sugar_box_yalehand0_black10_2,838,0.35873428935818297,0.3666372555007112,0.5227382178175074,0.49548499378080474,0.02544587703994178,0.02411924324095289,0.017080745341614908,0.017080745341614908,0.007902966142528223,-0.02725322403670266,MODE_4_TRUSTED_FUSION,full,four_mode_relocalization_v2,0.5131249348561313,0,0,0,False,0,0,0.35873428935818297,0,0,restarted_se3,0,43.96054521203041,2.4451203644275665,0,839,cache_read_only_not_online_fps,178d419b5d7b38d165994fad2d41dc67b8cffa4444c416451632d3659ff5f2cf,cached_perception_v2,0,0,0,,,0,0.0,0,21.93597052246332,1.0460326448082924,69.38766874372959,293.0907068007464,293.14489515982285,56.328885470606394,293.0821722032474,0.3592493860280084,117.30848726324777
sugar_box_yalehand0_black10_2,839,0.3127648452178993,0.3531027292218489,0.5467890181905892,0.5328534918538684,0.026616623100103157,0.025938268854011164,0.02702702702702703,0.017080745341614908,0.04033788400394955,-0.013935526336720794,MODE_4_TRUSTED_FUSION,full,four_mode_relocalization_v2,0.5063363894217573,0,0,0,False,0,0,0.3127648452178993,0,0,restarted_se3,0,45.27014959603548,2.4275844916701317,0,840,cache_read_only_not_online_fps,178d419b5d7b38d165994fad2d41dc67b8cffa4444c416451632d3659ff5f2cf,cached_perception_v2,0,0,0,,,0,0.0,0,24.347144179046154,0.8165184408426285,72.8613967075944,293.38688645978164,293.4047234109799,56.39892735747767,293.3785899774991,0.3274495852023168,117.72124499605935
sugar_box_yalehand0_black10_2,840,0.3264039943233943,0.351054175761285,0.5282179716254892,0.515715399586348,0.02571262076912467,0.025104019943802833,0.017080745341614908,0.017080745341614908,0.024650181437890717,-0.01250257203914118,MODE_4_TRUSTED_FUSION,full,four_mode_relocalization_v2,0.5058756367538789,0,0,0,False,0,0,0.3264039943233943,0,0,restarted_se3,0,42.80032962560654,2.37114354968071,0,841,cache_read_only_not_online_fps,178d419b5d7b38d165994fad2d41dc67b8cffa4444c416451632d3659ff5f2cf,cached_perception_v2,0,0,0,,,0,0.0,0,22.325281985104084,0.9511066600680351,68.44786182045937,293.739162248578,293.7429782636342,56.503315301964065,293.73107455989157,0.3321183792873724,118.08074327114828
sugar_box_yalehand0_black10_2,841,0.35856225571882544,0.42352584212486916,0.49963508336805007,0.49323369296666403,0.02432126150887807,0.024009654307632265,0.017080745341614908,0.017080745341614908,0.06496358640604372,-0.006401390401386042,MODE_4_TRUSTED_FUSION,full,four_mode_relocalization_v2,0.5031600294880009,0,0,0,False,0,0,0.35856225571882544,0,0,restarted_se3,0,42.483930476009846,2.409057691693306,0,842,cache_read_only_not_online_fps,178d419b5d7b38d165994fad2d41dc67b8cffa4444c416451632d3659ff5f2cf,cached_perception_v2,0,0,0,,,0,0.0,0,22.580528631806374,0.9820731356739998,68.45558993518353,294.3419957626476,294.27315676628274,56.68845777584659,294.33415913751946,0.37134633358377783,118.45114491898015
sugar_box_yalehand0_black10_2,842,0.23903663340252176,0.33109023030048884,0.5318981606492849,0.5021517436477457,0.025891765193984645,0.02444376762349852,0.017080745341614908,0.017080745341614908,0.09205359689796708,-0.029746417001539127,MODE_4_TRUSTED_FUSION,full,four_mode_relocalization_v2,0.5141105354121625,0,0,0,False,0,0,0.23903663340252176,0,0,restarted_se3,0,43.19817014038563,2.5987541303038597,0,843,cache_read_only_not_online_fps,178d419b5d7b38d165994fad2d41dc67b8cffa4444c416451632d3659ff5f2cf,cached_perception_v2,0,0,0,,,0,0.0,0,21.828945726156235,1.0157302021980286,68.64160019904375,294.6144645861721,294.5585718790305,56.98285707180708,294.60702840969367,0.2743783848862078,119.11121842281264
sugar_box_yalehand0_black10_2,843,0.859288115749276,0.7525816435709719,0.5198467617026411,0.4852311419407546,0.02530512659496291,0.023620105729643577,0.017080745341614908,0.0019588638589618022,-0.10670647217830409,-0.034615619761886485,MODE_4_TRUSTED_FUSION,full,four_mode_relocalization_v2,0.5168843849032614,0,0,0,False,0,0,0.7525816435709719,0,0,restarted_se3,0,44.92927063256502,2.524270676076412,0,844,cache_read_only_not_online_fps,178d419b5d7b38d165994fad2d41dc67b8cffa4444c416451632d3659ff5f2cf,cached_perception_v2,0,0,0,,,0,0.0,0,22.79786206781864,1.149817369878292,71.40122074633837,295.57641160202786,295.62129898493174,57.76013860050278,295.56925195885697,0.796022895725196,118.89110141578985
sugar_box_yalehand0_black10_2,844,0.3173787092879028,0.3324433342000316,0.5479249322898103,0.5016140002484022,0.026671917183281914,0.02441759132348383,0.0375,0.017080745341614908,0.015064624912128788,-0.046310932041408126,MODE_4_TRUSTED_FUSION,full,four_mode_relocalization_v2,0.5216499515036371,0,0,0,False,0,0,0.3173787092879028,0,0,restarted_se3,0,47.16701712459326,2.7725324034690857,0,845,cache_read_only_not_online_fps,178d419b5d7b38d165994fad2d41dc67b8cffa4444c416451632d3659ff5f2cf,cached_perception_v2,0,0,0,,,0,0.0,0,22.4358681589365,1.06772780418396,73.4431454911828,295.3185113173184,295.38136889388767,57.94194005859302,295.3114704476082,0.31718237028879803,120.30663844748474
sugar_box_yalehand0_black10_2,845,0.33189523470698074,0.3402445518250993,0.5063946335257364,0.6170042409126189,0.024650303228605275,0.03003456321394546,0.017080745341614908,0.04219409282700422,0.008349317118118538,0.11060960738688241,MODE_4_TRUSTED_FUSION,full,four_mode_relocalization_v2,0.4516312242999126,0,0,0,False,0,0,0.33189523470698074,0,0,restarted_se3,0,45.16209475696087,2.5538215413689613,0,846,cache_read_only_not_online_fps,178d419b5d7b38d165994fad2d41dc67b8cffa4444c416451632d3659ff5f2cf,cached_perception_v2,0,0,0,,,0,0.0,0,21.534369327127934,1.1373069137334824,70.38759253919125,295.6067144387784,295.5899275255167,58.235663945123186,295.5999861710216,0.2843401180716715,120.87318059907308
sugar_box_yalehand0_black10_2,846,0.31833776975008216,0.4289714241056906,0.5290612675615836,0.6055862755851336,0.025753670770763595,0.029478758928231378,0.017080745341614908,0.04219409282700422,0.11063365435560846,0.07652500802355,MODE_4_TRUSTED_FUSION,full,four_mode_relocalization_v2,0.46686217864587526,0,0,0,False,0,0,0.31833776975008216,0,0,restarted_se3,0,46.382660046219826,2.81559769064188,0,847,cache_read_only_not_online_fps,178d419b5d7b38d165994fad2d41dc67b8cffa4444c416451632d3659ff5f2cf,cached_perception_v2,0,0,0,,,0,0.0,0,21.968218497931957,1.1554881930351257,72.32196442782879,296.0960028651243,296.0948064873278,58.40929563981977,296.089627155077,0.34831430506261934,121.20061526184489
sugar_box_yalehand0_black10_2,847,0.3997629749324859,0.42033099659135564,0.5381609434003372,0.6106377151054354,0.026196625245114062,0.029724653153155218,0.017080745341614908,0.04219409282700422,0.02056802165886973,0.07247677170509825,MODE_4_TRUSTED_FUSION,full,four_mode_relocalization_v2,0.4689951852794926,0,0,0,False,0,0,0.3997629749324859,0,0,restarted_se3,0,44.637118466198444,2.8628185391426086,0,848,cache_read_only_not_online_fps,178d419b5d7b38d165994fad2d41dc67b8cffa4444c416451632d3659ff5f2cf,cached_perception_v2,0,0,0,,,0,0.0,0,22.402300499379635,1.0723434388637543,70.97458094358444,296.47833120615735,296.4867469759293,58.53955677379445,296.47222879840365,0.39003230421598795,121.50040847279726
sugar_box_yalehand0_black10_2,848,0.4362840102140983,0.47567362412367414,0.5573378072789116,0.5801090146245288,0.02713011758149468,0.028238575548441874,0.04219409282700422,0.04219409282700422,0.03938961390957585,0.022771207345617217,MODE_4_TRUSTED_FUSION,full,four_mode_relocalization_v2,0.49016317341121135,0,0,0,False,0,0,0.4362840102140983,0,0,restarted_se3,0,45.577649027109146,3.0739912763237953,0,849,cache_read_only_not_online_fps,178d419b5d7b38d165994fad2d41dc67b8cffa4444c416451632d3659ff5f2cf,cached_perception_v2,0,0,0,,,0,0.0,0,22.348894737660885,1.2292340397834778,72.2297690808773,297.11650695301637,297.07306143092336,58.54943292896105,297.1107664860957,0.4532468116313338,121.72793289983301
sugar_box_yalehand0_black10_2,849,0.4549744890400678,0.5058677316404936,0.5531149908619528,0.5485899717079705,0.026924559113325256,0.026704290005249806,0.0375,0.0375,0.05089324260042577,-0.00452501915398229,MODE_4_TRUSTED_FUSION,full,four_mode_relocalization_v2,0.5020170273400659,0,0,0,False,0,0,0.4549744890400678,0,0,restarted_se3,0,42.7181227132678,3.226330503821373,0,850,cache_read_only_not_online_fps,178d419b5d7b38d165994fad2d41dc67b8cffa4444c416451632d3659ff5f2cf,cached_perception_v2,0,0,0,,,0,0.0,0,22.355142049491405,1.0983999818563461,69.39799524843693,297.6082756643559,297.63034734240443,58.6171151260577,297.6028825100958,0.4792993966894876,122.00923314283519
sugar_box_yalehand0_black10_2,850,0.39278599808271464,0.4375498439359843,0.5159250719441637,0.5443797566119378,0.025114226385294574,0.026499344944808947,0.017080745341614908,0.02702702702702703,0.044763845853269646,0.02845468466777412,MODE_4_TRUSTED_FUSION,full,four_mode_relocalization_v2,0.48683025201979074,0,0,0,False,0,0,0.39278599808271464,0,0,restarted_se3,0,42.92708821594715,3.019374795258045,0,851,cache_read_only_not_online_fps,178d419b5d7b38d165994fad2d41dc67b8cffa4444c416451632d3659ff5f2cf,cached_perception_v2,0,0,0,,,0,0.0,0,22.236204706132412,1.070244237780571,69.25291195511818,298.0753225032292,298.07090523768505,58.68147019715245,298.0701850132157,0.41183424318103823,122.38190616114191
sugar_box_yalehand0_black10_2,851,0.37820777201174727,0.4450727102795809,0.5427213140723565,0.5317451452873202,0.026418615196147775,0.025884316704562864,0.02702702702702703,0.017080745341614908,0.06686493826783363,-0.010976168785036267,MODE_4_TRUSTED_FUSION,full,four_mode_relocalization_v2,0.5050143924883078,0,0,0,False,0,0,0.37820777201174727,0,0,restarted_se3,0,44.76215876638889,3.2538017258048058,0,852,cache_read_only_not_online_fps,178d419b5d7b38d165994fad2d41dc67b8cffa4444c416451632d3659ff5f2cf,cached_perception_v2,0,0,0,,,0,0.0,0,22.337556816637516,1.757849007844925,72.11136631667614,298.64262591386927,298.6661588402493,58.767600102157544,298.63792624006027,0.41093423422248665,122.63055855082747
sugar_box_yalehand0_black10_2,852,0.4018137391969932,0.3521214914328773,0.5078365734696179,0.5027410871054583,0.024720494053114297,0.02447245571372819,0.017080745341614908,0.017080745341614908,-0.049692247764115904,-0.005095486364159574,MODE_4_TRUSTED_FUSION,full,four_mode_relocalization_v2,0.5024721506001383,0,0,0,False,0,0,0.3521214914328773,0,0,restarted_se3,0,44.6199607104063,3.5337302833795547,0,853,cache_read_only_not_online_fps,178d419b5d7b38d165994fad2d41dc67b8cffa4444c416451632d3659ff5f2cf,cached_perception_v2,0,0,0,,,0,0.0,0,20.761508494615555,1.3025486841797829,70.2177481725812,299.0560597145108,299.0902531396344,58.85988554996382,299.05155783868184,0.37504709743099607,122.95856356228147
sugar_box_yalehand0_black10_2,853,0.43990470052007646,0.39527895514916866,0.5251796617593125,0.5024638905387765,0.02556472176991477,0.02445896232542931,0.017080745341614908,0.017080745341614908,-0.0446257453709078,-0.02271577122053603,MODE_4_TRUSTED_FUSION,full,four_mode_relocalization_v2,0.5108413644940147,0,0,0,False,0,0,0.39527895514916866,0,0,restarted_se3,0,43.45609154552221,3.8331421092152596,0,854,cache_read_only_not_online_fps,178d419b5d7b38d165994fad2d41dc67b8cffa4444c416451632d3659ff5f2cf,cached_perception_v2,0,0,0,,,0,0.0,0,21.621819585561752,1.664583571255207,70.57563681155443,299.59656248444173,299.5711879347481,59.05957820643478,299.59252923583495,0.4144110832794383,123.29595215667834
sugar_box_yalehand0_black10_2,854,0.4217529795007644,0.42877637242472116,0.5469359433949716,0.5031452584551981,0.026623775132530385,0.02449212998685,0.02702702702702703,0.017080745341614908,0.007023392923956762,-0.04379068493977356,MODE_4_TRUSTED_FUSION,full,four_mode_relocalization_v2,0.5204613840819087,0,0,0,False,0,0,0.4217529795007644,0,0,restarted_se3,0,46.76260985434055,3.8614626973867416,0,855,cache_read_only_not_online_fps,178d419b5d7b38d165994fad2d41dc67b8cffa4444c416451632d3659ff5f2cf,cached_perception_v2,0,0,0,,,0,0.0,0,20.451752468943596,2.258097752928734,73.33392277359962,300.0383332318491,300.05672238992736,59.163580235848066,300.03472381605405,0.4131992341123552,123.57875299563943
sugar_box_yalehand0_black10_2,855,0.33949595775692437,0.434615302479632,0.5398079501566333,0.5275276723234282,0.02627679832214608,0.025679018345268347,0.02702702702702703,0.017080745341614908,0.09511934472270761,-0.012280277833205067,MODE_4_TRUSTED_FUSION,full,four_mode_relocalization_v2,0.5056469582984854,0,0,0,False,0,0,0.33949595775692437,0,0,restarted_se3,0,43.59263367950916,3.7590516731142998,0,856,cache_read_only_not_online_fps,178d419b5d7b38d165994fad2d41dc67b8cffa4444c416451632d3659ff5f2cf,cached_perception_v2,0,0,0,,,0,0.0,0,24.189449846744537,1.765478402376175,73.30661360174417,300.5609437327689,300.56359280912324,59.38861861139104,300.5574552958527,0.3842466585214716,124.03962720095069
sugar_box_yalehand0_black10_2,856,0.3321439200651265,0.35887392549147734,0.5484772005164122,0.4756643653059663,0.026698800523562355,0.023154413699445785,0.0375,0.0019588638589618022,0.026730005426350845,-0.07281283521044596,MODE_4_TRUSTED_FUSION,full,four_mode_relocalization_v2,0.5348673195253449,0,0,0,False,0,0,0.3321439200651265,0,0,restarted_se3,0,45.10723799467087,3.9491867646574974,0,857,cache_read_only_not_online_fps,178d419b5d7b38d165994fad2d41dc67b8cffa4444c416451632d3659ff5f2cf,cached_perception_v2,0,0,0,,,0,0.0,0,22.90340978652239,1.8222397193312645,73.78207426518202,301.04517125607686,301.029918888085,59.662046613868746,301.0422462763702,0.3088321270593829,124.5478997284696
sugar_box_yalehand0_black10_2,857,0.39775658814986325,0.2984159007373337,0.5475578978114979,0.49138581172310125,0.026654050660639757,0.023919703052289906,0.0375,0.017080745341614908,-0.09934068741252955,-0.05617208608839663,MODE_4_TRUSTED_FUSION,full,four_mode_relocalization_v2,0.5265226969019364,0,0,0,False,0,0,0.2984159007373337,0,0,restarted_se3,0,46.51815164834261,3.921688534319401,0,858,cache_read_only_not_online_fps,178d419b5d7b38d165994fad2d41dc67b8cffa4444c416451632d3659ff5f2cf,cached_perception_v2,0,0,0,,,0,0.0,0,21.18666283786297,1.751244068145752,73.37774708867073,301.5349409257959,301.53780366375054,60.094177455715716,301.53371728442505,0.3162186338229755,125.13586612925391
sugar_box_yalehand0_black10_2,858,0.46727931077238954,0.4024140521949775,0.5324911148244061,0.5619970568280116,0.02592062904689644,0.02735692076343879,0.017080745341614908,0.04219409282700422,-0.06486525857741204,0.029505942003605456,MODE_4_TRUSTED_FUSION,full,four_mode_relocalization_v2,0.48676255937294605,0,0,0,False,0,0,0.4024140521949775,0,0,restarted_se3,0,43.82774606347084,3.742665983736515,0,859,cache_read_only_not_online_fps,178d419b5d7b38d165994fad2d41dc67b8cffa4444c416451632d3659ff5f2cf,cached_perception_v2,0,0,0,,,0,0.0,0,20.169739611446857,1.7715729773044586,69.51172463595867,301.78366172796075,301.7931932961026,60.514417842613,301.7838601036702,0.43220715754434197,125.60829681873744
sugar_box_yalehand0_black10_2,859,0.46909097560361573,0.5615309611594334,0.5664128674910489,0.5843924831360705,0.02757187381514495,0.0284470864422966,0.04219409282700422,0.04219409282700422,0.09243998555581762,0.017979615645021596,MODE_4_TRUSTED_FUSION,full,four_mode_relocalization_v2,0.4923216888121535,0,0,0,False,0,0,0.46909097560361573,0,0,restarted_se3,0,43.1775925680995,3.846726380288601,0,860,cache_read_only_not_online_fps,178d419b5d7b38d165994fad2d41dc67b8cffa4444c416451632d3659ff5f2cf,cached_perception_v2,0,0,0,,,0,0.0,0,21.459062583744526,1.5876404941082,70.07102202624083,301.9634690674096,301.9897202902643,60.91288306897249,301.9659556903582,0.5144025990418515,126.07679491746416
sugar_box_yalehand0_black10_2,860,0.4709969985482181,0.6971846310215034,0.5332067096702412,0.6684732742301979,0.025955462808494277,0.03253997538493962,0.017080745341614908,0.0891009055627426,0.22618763247328533,0.13526656455995667,MODE_4_TRUSTED_FUSION,full,four_mode_relocalization_v2,0.44463911730464256,0,0,0,False,0,0,0.4709969985482181,0,0,restarted_se3,0,44.60554290562868,3.8713058456778526,0,861,cache_read_only_not_online_fps,178d419b5d7b38d165994fad2d41dc67b8cffa4444c416451632d3659ff5f2cf,cached_perception_v2,0,0,0,,,0,0.0,0,20.39744332432747,2.475864253938198,71.3501563295722,302.2289440366013,302.23193627890527,61.08663650128964,302.232093801353,0.5530839438046744,126.36752502970891
sugar_box_yalehand0_black10_2,861,0.4826435011642099,0.6225344751079983,0.5633631859105753,0.6194516128609803,0.02742342126305931,0.030153696507717268,0.04219409282700422,0.04219409282700422,0.1398909739437884,0.056088426950404946,MODE_4_TRUSTED_FUSION,full,four_mode_relocalization_v2,0.4766845124421114,0,0,0,False,0,0,0.4826435011642099,0,0,restarted_se3,0,43.65234822034836,3.8562538102269173,0,862,cache_read_only_not_online_fps,178d419b5d7b38d165994fad2d41dc67b8cffa4444c416451632d3659ff5f2cf,cached_perception_v2,0,0,0,,,0,0.0,0,20.62991727143526,1.7367424443364143,69.87526174634695,302.4927712501335,302.4817667591861,61.13890911526757,302.4959152318438,0.5484893004029074,126.60348917617092
sugar_box_yalehand0_black10_2,862,0.45966004805624616,0.5147895014936195,0.5486294862353857,0.5667592755056395,0.026706213495386218,0.027588736281757252,0.0375,0.04219409282700422,0.0551294534373733,0.018129789270253882,MODE_4_TRUSTED_FUSION,full,four_mode_relocalization_v2,0.492016043367184,0,0,0,False,0,0,0.45966004805624616,0,0,restarted_se3,0,43.424759991467,3.571639768779278,0,863,cache_read_only_not_online_fps,178d419b5d7b38d165994fad2d41dc67b8cffa4444c416451632d3659ff5f2cf,cached_perception_v2,0,0,0,,,0,0.0,0,20.2872846275568,1.7570201307535172,69.0407045185566,302.5413028117154,302.6217688764528,61.29833663325006,302.54399700034924,0.48533583117811735,126.94355263217594
sugar_box_yalehand0_black10_2,863,0.44983448788086167,0.42544612498553613,0.5491456665577807,0.5358743353320841,0.02673134014686569,0.026085317623516707,0.0375,0.017080745341614908,-0.024388362895325533,-0.013271331225696681,MODE_4_TRUSTED_FUSION,full,four_mode_relocalization_v2,0.5060050185530576,0,0,0,False,0,0,0.42544612498553613,0,0,restarted_se3,0,44.69244088977575,3.8835518062114716,0,864,cache_read_only_not_online_fps,178d419b5d7b38d165994fad2d41dc67b8cffa4444c416451632d3659ff5f2cf,cached_perception_v2,0,0,0,,,0,0.0,0,20.774725824594498,1.7358101904392242,71.08652871102095,302.7252339524956,302.7305676437654,61.326303994293966,302.7275558553306,0.4350635055087748,127.24335153251833
sugar_box_yalehand0_black10_2,864,0.4590852291821994,0.42131405472364714,0.5393586838853444,0.5496692160751052,0.026254928916183876,0.0267568255163835,0.02702702702702703,0.0375,-0.03777117445855227,0.010310532189760857,MODE_4_TRUSTED_FUSION,full,four_mode_relocalization_v2,0.4953515451729714,0,0,0,False,0,0,0.42131405472364714,0,0,restarted_se3,0,45.006816275417805,3.5217124968767166,0,865,cache_read_only_not_online_fps,178d419b5d7b38d165994fad2d41dc67b8cffa4444c416451632d3659ff5f2cf,cached_perception_v2,0,0,0,,,0,0.0,0,20.736235193908215,1.753075048327446,71.01783901453018,302.7849717993177,302.83509129752184,61.51945411860065,302.7868495727804,0.43637545644834463,127.56834412248281
sugar_box_yalehand0_black10_2,865,0.463394176637364,0.42433711064221674,0.5348066119660843,0.5266596337241827,0.0260333429322509,0.025636763919038432,0.017080745341614908,0.017080745341614908,-0.039057065995147244,-0.008146978241901581,MODE_4_TRUSTED_FUSION,full,four_mode_relocalization_v2,0.5037666354703015,0,0,0,False,0,0,0.42433711064221674,0,0,restarted_se3,0,45.96399050205946,3.9533479139208794,0,866,cache_read_only_not_online_fps,178d419b5d7b38d165994fad2d41dc67b8cffa4444c416451632d3659ff5f2cf,cached_perception_v2,0,0,0,,,0,0.0,0,20.642675459384918,1.7745494842529297,72.33456335961819,302.85257229346075,302.88745758411073,61.53203377206429,302.85397272711634,0.44119406584363824,127.83464335197041
sugar_box_yalehand0_black10_2,866,0.45019829752512813,0.4598676786423381,0.5490649897444182,0.5189840018411565,0.026727412956920847,0.025263129127393015,0.0375,0.017080745341614908,0.009669381117209941,-0.030080987903261747,MODE_4_TRUSTED_FUSION,full,four_mode_relocalization_v2,0.5138233609588783,0,0,0,False,0,0,0.45019829752512813,0,0,restarted_se3,0,46.00096587091684,3.9249425753951073,0,867,cache_read_only_not_online_fps,178d419b5d7b38d165994fad2d41dc67b8cffa4444c416451632d3659ff5f2cf,cached_perception_v2,0,0,0,,,0,0.0,0,24.467743933200836,1.0385317727923393,75.43218415230513,302.91337786327404,302.916824333064,61.76001583000369,302.9143160005359,0.4533848298965014,128.1557554790849
sugar_box_yalehand0_black10_2,867,0.4877229927618585,0.48728994707289947,0.5613438368470249,0.5460375894553392,0.027325123288623156,0.02658004501464906,0.04219409282700422,0.02702702702702703,-0.00043304568895902174,-0.015306247391685734,MODE_4_TRUSTED_FUSION,full,four_mode_relocalization_v2,0.5067884067603845,0,0,0,False,0,0,0.48728994707289947,0,0,restarted_se3,0,44.186610728502274,2.5142161175608635,0,868,cache_read_only_not_online_fps,178d419b5d7b38d165994fad2d41dc67b8cffa4444c416451632d3659ff5f2cf,cached_perception_v2,0,0,0,,,0,0.0,0,14.25341796129942,0.766415148973465,61.72065995633602,303.09095554525004,303.04082081138324,61.85392422226226,303.0914340731764,0.485935698313886,128.39893588189452
sugar_box_yalehand0_black10_2,868,0.5496702478091292,0.5002514339279535,0.571254397616579,0.5841097628122564,0.027807550060080267,0.028433324168272513,0.04219409282700422,0.04219409282700422,-0.04941881388117575,0.012855365195677315,MODE_4_TRUSTED_FUSION,full,four_mode_relocalization_v2,0.49453132670346733,0,0,0,False,0,0,0.5002514339279535,0,0,restarted_se3,0,44.302159920334816,3.311791457235813,0,869,cache_read_only_not_online_fps,178d419b5d7b38d165994fad2d41dc67b8cffa4444c416451632d3659ff5f2cf,cached_perception_v2,0,0,0,,,0,0.0,0,20.222462713718414,1.7400840297341347,69.57649812102318,303.1952025562316,303.15871583209577,61.98470206769042,303.1953385288817,0.524192721795473,128.6869716768531
sugar_box_yalehand0_black10_2,869,0.4962981341177224,0.5754189578560374,0.5715266397421116,0.5934078510389138,0.027820802275845775,0.028885936970737727,0.04219409282700422,0.04219409282700422,0.07912082373831497,0.021881211296802205,MODE_4_TRUSTED_FUSION,full,four_mode_relocalization_v2,0.490766910969745,0,0,0,False,0,0,0.4962981341177224,0,0,restarted_se3,0,45.28225306421518,3.86105477809906,0,870,cache_read_only_not_online_fps,178d419b5d7b38d165994fad2d41dc67b8cffa4444c416451632d3659ff5f2cf,cached_perception_v2,0,0,0,,,0,0.0,0,20.679139532148838,1.7727892845869064,71.59523665904999,303.4823814366387,303.38346370431555,62.083195731427566,303.4821724629988,0.5337960896734935,128.95111170139342
sugar_box_yalehand0_black10_2,870,0.46006138968583815,0.5166156189256554,0.5702955705600016,0.564702375951164,0.027760876228796028,0.02748861042265091,0.04219409282700422,0.04219409282700422,0.05655422923981729,-0.0055931946088375595,MODE_4_TRUSTED_FUSION,full,four_mode_relocalization_v2,0.5024213006723227,0,0,0,False,0,0,0.46006138968583815,0,0,restarted_se3,0,45.53457070142031,3.8416599854826927,0,871,cache_read_only_not_online_fps,178d419b5d7b38d165994fad2d41dc67b8cffa4444c416451632d3659ff5f2cf,cached_perception_v2,0,0,0,,,0,0.0,0,20.544221624732018,1.7441166564822197,71.66456896811724,303.5690410837908,303.56163416925193,62.23941268209221,303.56781626975686,0.48832597498030905,129.27194478857064
sugar_box_yalehand0_black10_2,871,0.4777476162236405,0.5042269720759915,0.5422656268442382,0.5560543524280442,0.02639643323052877,0.027067641502248285,0.02702702702702703,0.0375,0.02647935585235106,0.01378872558380606,MODE_4_TRUSTED_FUSION,full,four_mode_relocalization_v2,0.4938350714288505,0,0,0,False,0,0,0.4777476162236405,0,0,restarted_se3,0,44.41539756953716,3.8333237171173096,0,872,cache_read_only_not_online_fps,178d419b5d7b38d165994fad2d41dc67b8cffa4444c416451632d3659ff5f2cf,cached_perception_v2,0,0,0,,,0,0.0,0,21.463152021169662,1.4585573226213455,71.17043063044548,303.6721516360502,303.72216102482355,62.35920301010177,303.67045259852034,0.4892077183628607,129.4554668835187
sugar_box_yalehand0_black10_2,872,0.5015032503336456,0.43587290742356954,0.5565819862846738,0.5603569251483318,0.027093325689438504,0.02727708235172921,0.0375,0.04219409282700422,-0.06563034291007608,0.003774938863657984,MODE_4_TRUSTED_FUSION,full,four_mode_relocalization_v2,0.4983398673289755,0,0,0,False,0,0,0.43587290742356954,0,0,restarted_se3,0,43.76627877354622,3.525102511048317,0,873,cache_read_only_not_online_fps,178d419b5d7b38d165994fad2d41dc67b8cffa4444c416451632d3659ff5f2cf,cached_perception_v2,0,0,0,,,0,0.0,0,19.743608310818672,1.7395522445440292,68.77454183995724,303.74218610257725,303.7980602398928,62.41612107253237,303.7402042750168,0.4684280660425235,129.74444751538638
sugar_box_yalehand0_black10_2,873,0.5102200316701954,0.4951658972001261,0.5423842735069069,0.5388381921994958,0.026402208718691984,0.02622959239593917,0.02702702702702703,0.02702702702702703,-0.015054134470069258,-0.0035460813074110753,MODE_4_TRUSTED_FUSION,full,four_mode_relocalization_v2,0.5016100658213217,0,0,0,False,0,0,0.4951658972001261,0,0,restarted_se3,0,45.929137617349625,3.8610827177762985,0,874,cache_read_only_not_online_fps,178d419b5d7b38d165994fad2d41dc67b8cffa4444c416451632d3659ff5f2cf,cached_perception_v2,0,0,0,,,0,0.0,0,20.597532391548157,1.737510785460472,72.12526351213455,303.99358489953727,303.95616356354566,62.57615263038838,303.9913840358877,0.5013636782461816,129.9778999645412
sugar_box_yalehand0_black10_2,874,0.48693778417709405,0.4839895063298078,0.5622593264204223,0.5423812958972765,0.027369687535739585,0.026402063774461883,0.04219409282700422,0.02702702702702703,-0.0029482778472862403,-0.01987803052314585,MODE_4_TRUSTED_FUSION,full,four_mode_relocalization_v2,0.5088375033449265,0,0,0,False,0,0,0.4839895063298078,0,0,restarted_se3,0,42.68594365566969,3.7804068997502327,0,875,cache_read_only_not_online_fps,178d419b5d7b38d165994fad2d41dc67b8cffa4444c416451632d3659ff5f2cf,cached_perception_v2,0,0,0,,,0,0.0,0,20.4391460865736,1.7545782029628754,68.6600748449564,303.6157722211793,303.8077102399313,62.63914706089342,303.6132415659816,0.4851018447596149,130.22506545725932
sugar_box_yalehand0_black10_2,875,0.46317099265658823,0.48605202362592076,0.5480045953275026,0.5640685301145927,0.026675795024604113,0.02745775604340347,0.0375,0.04219409282700422,0.022881030969332528,0.016063934787090117,MODE_4_TRUSTED_FUSION,full,four_mode_relocalization_v2,0.4929050807646295,0,0,0,False,0,0,0.46317099265658823,0,0,restarted_se3,0,44.6073729544878,3.809172660112381,0,876,cache_read_only_not_online_fps,178d419b5d7b38d165994fad2d41dc67b8cffa4444c416451632d3659ff5f2cf,cached_perception_v2,0,0,0,,,0,0.0,0,20.92781849205494,1.7373859882354736,71.0817500948906,303.5589063052559,303.65473285006976,62.86950136132049,303.55585467976516,0.4731453712831144,130.53128745365092
sugar_box_yalehand0_black10_2,876,0.4015116801494327,0.4140217701278316,0.5670356529355638,0.5432150060535346,0.027602189796076194,0.026442647159031822,0.04219409282700422,0.02702702702702703,0.012510089978398864,-0.02382064688202923,MODE_4_TRUSTED_FUSION,full,four_mode_relocalization_v2,0.5105377717290315,0,0,0,False,0,0,0.4015116801494327,0,0,restarted_se3,0,43.62207744270563,3.531557507812977,0,877,cache_read_only_not_online_fps,178d419b5d7b38d165994fad2d41dc67b8cffa4444c416451632d3659ff5f2cf,cached_perception_v2,0,0,0,,,0,0.0,0,20.105565898120403,1.558457501232624,68.81765834987164,303.4526800073057,303.4421720173921,63.01420680454892,303.4493576149077,0.40489438330436517,130.87614551985888
sugar_box_yalehand0_black10_2,877,0.42686479421306683,0.3971463624524923,0.5518345543557401,0.5205187324954812,0.026862229961210512,0.025337836822733193,0.0375,0.017080745341614908,-0.029718431760574537,-0.03131582186025894,MODE_4_TRUSTED_FUSION,full,four_mode_relocalization_v2,0.5143341088625863,0,0,0,False,0,0,0.3971463624524923,0,0,restarted_se3,0,44.00629177689552,3.7480639293789864,0,878,cache_read_only_not_online_fps,178d419b5d7b38d165994fad2d41dc67b8cffa4444c416451632d3659ff5f2cf,cached_perception_v2,0,0,0,,,0,0.0,0,20.251750946044922,1.5481431037187576,69.55424975603819,303.4622846745016,303.4074076409116,63.256019208894166,303.45864665181443,0.406841409550387,131.20757463135558
sugar_box_yalehand0_black10_2,878,0.4190156916989674,0.38491245393304696,0.5424713551946034,0.49062866193795873,0.026406447685429123,0.023882846477283788,0.02702702702702703,0.017080745341614908,-0.03410323776592045,-0.0518426932566447,MODE_4_TRUSTED_FUSION,full,four_mode_relocalization_v2,0.5246143255214282,0,0,0,False,0,0,0.38491245393304696,0,0,restarted_se3,0,46.31597548723221,3.4529734402894974,0,879,cache_read_only_not_online_fps,178d419b5d7b38d165994fad2d41dc67b8cffa4444c416451632d3659ff5f2cf,cached_perception_v2,0,0,0,,,0,0.0,0,20.898605696856976,1.7379289492964745,72.40548357367516,303.19939577190877,303.21169485700415,63.67159263593444,303.1954550961855,0.36193013516732186,131.76591022529067
sugar_box_yalehand0_black10_2,879,0.40080916574933323,0.40650015845922405,0.5526674714460366,0.508272056456444,0.02690277474087601,0.024741692515667945,0.0375,0.017080745341614908,0.005690992709890819,-0.04439541498959254,MODE_4_TRUSTED_FUSION,full,four_mode_relocalization_v2,0.5205355682920302,0,0,0,False,0,0,0.40080916574933323,0,0,restarted_se3,0,42.399002239108086,3.5046162083745003,0,880,cache_read_only_not_online_fps,178d419b5d7b38d165994fad2d41dc67b8cffa4444c416451632d3659ff5f2cf,cached_perception_v2,0,0,0,,,0,0.0,0,22.846286185085773,1.4307061210274696,70.18061075359583,303.1075842703319,303.103358961563,64.17680538283349,303.1033119058067,0.3858626687798462,132.25774037491487
sugar_box_yalehand0_black10_2,880,0.43170893740506844,0.40602630434411746,0.5827280539272498,0.5118932445348107,0.028366065274251593,0.02491796488956349,0.04219409282700422,0.017080745341614908,-0.025682633060950977,-0.07083480939243914,MODE_4_TRUSTED_FUSION,full,four_mode_relocalization_v2,0.5317752807568705,0,0,0,False,0,0,0.40602630434411746,0,0,restarted_se3,0,45.129199512302876,3.712587058544159,0,881,cache_read_only_not_online_fps,178d419b5d7b38d165994fad2d41dc67b8cffa4444c416451632d3659ff5f2cf,cached_perception_v2,0,0,0,,,0,0.0,0,22.059337235987186,1.739933155477047,72.64105696231127,302.99061424843524,302.97718619974427,64.77551478597537,302.9860563533866,0.39854090184078633,132.82533003837725
sugar_box_yalehand0_black10_2,881,0.4374405170502533,0.4900636613396802,0.5777257538504622,0.5806884819299889,0.02812256306161011,0.028266782886839602,0.04219409282700422,0.04219409282700422,0.05262314428942694,0.0029627280795266886,MODE_4_TRUSTED_FUSION,full,four_mode_relocalization_v2,0.49874291739289595,0,0,0,False,0,0,0.4374405170502533,0,0,restarted_se3,0,46.080644242465496,3.840053454041481,0,882,cache_read_only_not_online_fps,178d419b5d7b38d165994fad2d41dc67b8cffa4444c416451632d3659ff5f2cf,cached_perception_v2,0,0,0,,,0,0.0,0,22.06744533032179,1.570078544318676,73.55822157114744,302.98131699520445,302.952717186758,65.21646794393143,302.97643889655205,0.46329259194858813,133.24743485178422
sugar_box_yalehand0_black10_2,882,0.5269274354264434,0.6756637246672558,0.5694511545813581,0.6799406793735594,0.027719771705670027,0.03309818630447687,0.04219409282700422,0.0891009055627426,0.1487362892408124,0.11048952479220131,MODE_4_TRUSTED_FUSION,full,four_mode_relocalization_v2,0.4564793463150144,0,0,0,False,0,0,0.5269274354264434,0,0,restarted_se3,0,44.72817573696375,3.8479529321193695,0,883,cache_read_only_not_online_fps,178d419b5d7b38d165994fad2d41dc67b8cffa4444c416451632d3659ff5f2cf,cached_perception_v2,0,0,0,,,0,0.0,0,22.933755069971085,1.7566736787557602,73.26655741780996,303.0462688155365,303.0287552099942,65.37492574384311,303.0410748449885,0.5807348745133057,133.46593926766462
sugar_box_yalehand0_black10_2,883,0.47714176757701054,0.6190765344174257,0.553305343210386,0.6622519853978033,0.026933825094436644,0.03223713517685225,0.0375,0.0891009055627426,0.14193476684041517,0.10894664218741723,MODE_4_TRUSTED_FUSION,full,four_mode_relocalization_v2,0.4559119436772142,0,0,0,False,0,0,0.47714176757701054,0,0,restarted_se3,0,44.65524014085531,3.8227662444114685,0,884,cache_read_only_not_online_fps,178d419b5d7b38d165994fad2d41dc67b8cffa4444c416451632d3659ff5f2cf,cached_perception_v2,0,0,0,,,0,0.0,0,20.77407669275999,1.7423927783966064,70.99447585642338,302.9776181836414,302.99866781843866,65.60304532000278,302.9720771966583,0.5318193949307692,133.81907981550947
sugar_box_yalehand0_black10_2,884,0.43110808589589006,0.548144284132408,0.5492022543442991,0.6173212324400704,0.026734094729960307,0.03004999374332958,0.0375,0.04219409282700422,0.11703619823651795,0.06811897809577128,MODE_4_TRUSTED_FUSION,full,four_mode_relocalization_v2,0.4712947198877696,0,0,0,False,0,0,0.43110808589589006,0,0,restarted_se3,0,45.17453908920288,3.8144560530781746,0,885,cache_read_only_not_online_fps,178d419b5d7b38d165994fad2d41dc67b8cffa4444c416451632d3659ff5f2cf,cached_perception_v2,0,0,0,,,0,0.0,0,20.419247448444366,1.7210878431797028,71.12933043390512,303.14813565479255,303.0648112007997,65.64359438041258,303.14235088222244,0.4820478465303006,134.0612408524481
sugar_box_yalehand0_black10_2,885,0.3729956535473197,0.42614924022119793,0.5404822980308299,0.5383957403363887,0.026309624261601203,0.02620805470207833,0.02702702702702703,0.025954041864991385,0.053153586673878206,-0.0020865576944412156,MODE_4_TRUSTED_FUSION,full,four_mode_relocalization_v2,0.5009494036742883,0,0,0,False,0,0,0.3729956535473197,0,0,restarted_se3,0,47.26680368185043,4.080305807292461,0,886,cache_read_only_not_online_fps,178d419b5d7b38d165994fad2d41dc67b8cffa4444c416451632d3659ff5f2cf,cached_perception_v2,0,0,0,,,0,0.0,0,20.165974274277687,1.7450805753469467,73.25816433876753,303.1054976687866,303.101098552535,65.8215073674806,303.09944218834704,0.3995104313344539,134.34941427774655
sugar_box_yalehand0_black10_2,886,0.3421830262669314,0.3360248195484296,0.5582562561486722,0.5238003476241596,0.02717482588138708,0.025497579447646673,0.04219409282700422,0.017080745341614908,-0.006158206718501813,-0.034455908524512635,MODE_4_TRUSTED_FUSION,full,four_mode_relocalization_v2,0.5156325493656836,0,0,0,False,0,0,0.3360248195484296,0,0,restarted_se3,0,44.417086988687515,3.821629099547863,0,887,cache_read_only_not_online_fps,178d419b5d7b38d165994fad2d41dc67b8cffa4444c416451632d3659ff5f2cf,cached_perception_v2,0,0,0,,,0,0.0,0,22.404300048947334,1.3145264238119125,71.95754256099463,303.1509557128007,303.14544674721395,65.98822442616981,303.14460150760226,0.33638228830130384,134.64052812572186
sugar_box_yalehand0_black10_2,887,0.3847785243678971,0.3386487903835216,0.5511309956025315,0.5322549978383749,0.026827982093129876,0.025909135332473417,0.0375,0.017080745341614908,-0.04612973398437553,-0.018875997764156605,MODE_4_TRUSTED_FUSION,full,four_mode_relocalization_v2,0.5085536692854383,0,0,0,False,0,0,0.3386487903835216,0,0,restarted_se3,0,45.59046495705843,3.924204036593437,0,888,cache_read_only_not_online_fps,178d419b5d7b38d165994fad2d41dc67b8cffa4444c416451632d3659ff5f2cf,cached_perception_v2,0,0,0,,,0,0.0,0,23.183702491223812,1.4392351731657982,74.13760665804148,303.42137564350895,303.3519458525402,66.10361921590298,303.4148388345213,0.3556370735780817,134.85080566180153
sugar_box_yalehand0_black10_2,888,0.3935097895155344,0.3048907847239595,0.5356205378198035,0.5349036999121605,0.026072963255555054,0.026038068984132526,0.017080745341614908,0.017080745341614908,-0.08861900479157492,-0.0007168379076429865,MODE_4_TRUSTED_FUSION,full,four_mode_relocalization_v2,0.5003286666553758,0,0,0,False,0,0,0.3048907847239595,0,0,restarted_se3,0,42.904418893158436,3.0344296246767044,0,889,cache_read_only_not_online_fps,178d419b5d7b38d165994fad2d41dc67b8cffa4444c416451632d3659ff5f2cf,cached_perception_v2,0,0,0,,,0,0.0,0,22.43580762296915,1.0293908417224884,69.40404698252678,303.5080612428433,303.4649772141513,66.18414334515977,303.501307322407,0.349347375980807,135.1103600807581
sugar_box_yalehand0_black10_2,889,0.3544665746117574,0.3760132007227855,0.5546810166351474,0.5316269358188696,0.02700079019402271,0.025878562498161596,0.0375,0.017080745341614908,0.02154662611102809,-0.0230540808162778,MODE_4_TRUSTED_FUSION,full,four_mode_relocalization_v2,0.5104193776991023,0,0,0,False,0,0,0.3544665746117574,0,0,restarted_se3,0,43.83236076682806,2.936714328825474,0,890,cache_read_only_not_online_fps,178d419b5d7b38d165994fad2d41dc67b8cffa4444c416451632d3659ff5f2cf,cached_perception_v2,0,0,0,,,0,0.0,0,22.195215336978436,1.1091167107224464,70.07340714335442,303.56673391262467,303.5892443772681,66.44770670381138,303.5598099396522,0.3603538607385731,135.43453498463802
sugar_box_yalehand0_black10_2,890,0.4085907398964743,0.42501592121431564,0.5831056826802595,0.5226551292434627,0.028384447505525885,0.025441832450190157,0.04219409282700422,0.017080745341614908,0.01642518131784132,-0.06045055343679684,MODE_4_TRUSTED_FUSION,full,four_mode_relocalization_v2,0.5268487554356676,0,0,0,False,0,0,0.4085907398964743,0,0,restarted_se3,0,43.29538997262716,3.466741181910038,0,891,cache_read_only_not_online_fps,178d419b5d7b38d165994fad2d41dc67b8cffa4444c416451632d3659ff5f2cf,cached_perception_v2,0,0,0,,,0,0.0,0,22.40596804767847,1.263934187591076,70.43203338980675,303.58161868505215,303.6888216105069,66.78038781204754,303.57443930022345,0.40055480632046625,135.76893656863885
sugar_box_yalehand0_black10_2,891,0.39808814023728045,0.3954434709122343,0.5968090667126411,0.5615341123040873,0.029051501516948512,0.02733438552681256,0.04219409282700422,0.04219409282700422,-0.002644669325046145,-0.03527495440855377,MODE_4_TRUSTED_FUSION,full,four_mode_relocalization_v2,0.5149680309763363,0,0,0,False,0,0,0.3954434709122343,0,0,restarted_se3,0,42.3422334715724,3.709707409143448,0,892,cache_read_only_not_online_fps,178d419b5d7b38d165994fad2d41dc67b8cffa4444c416451632d3659ff5f2cf,cached_perception_v2,0,0,0,,,0,0.0,0,22.552345879375935,1.0118260979652405,69.61611285805702,303.64661172759634,303.6707672087122,67.13585053584822,303.6390907116454,0.3905695373987028,136.20085326936723
sugar_box_yalehand0_black10_2,892,0.46968500438026156,0.43870446167942456,0.5902605677526002,0.5172960873119579,0.028732733357947057,0.02518096473975126,0.04219409282700422,0.017080745341614908,-0.030980542700837,-0.0729644804406423,MODE_4_TRUSTED_FUSION,full,four_mode_relocalization_v2,0.5323551282824297,0,0,0,False,0,0,0.43870446167942456,0,0,restarted_se3,0,43.619487434625626,3.222835250198841,0,893,cache_read_only_not_online_fps,178d419b5d7b38d165994fad2d41dc67b8cffa4444c416451632d3659ff5f2cf,cached_perception_v2,0,0,0,,,0,0.0,0,22.370637394487858,1.1333683505654335,70.34632842987776,303.80642696685584,303.75065680107866,67.80469520663748,303.79868601043137,0.4215906046649976,136.77909265671636
sugar_box_yalehand0_black10_2,893,0.5583264439566973,0.5003568204920466,0.5942511557724488,0.5515306888008007,0.028926987400618914,0.02684743837857103,0.04219409282700422,0.0375,-0.05796962346465073,-0.04272046697164811,MODE_4_TRUSTED_FUSION,full,four_mode_relocalization_v2,0.5183226678175309,0,0,0,False,0,0,0.5003568204920466,0,0,restarted_se3,0,43.21056138724089,2.94319074600935,0,894,cache_read_only_not_online_fps,178d419b5d7b38d165994fad2d41dc67b8cffa4444c416451632d3659ff5f2cf,cached_perception_v2,0,0,0,,,0,0.0,0,22.30052277445793,1.1300453916192055,69.58432029932737,303.82648268087553,303.8324786691168,68.25598075804926,303.81852721587813,0.5241583492738592,137.16869387705646
sugar_box_yalehand0_black10_2,894,0.4795463216135284,0.6785832747297854,0.5626318883240654,0.6801276731242866,0.02738782312266768,0.033107288795601604,0.04219409282700422,0.0891009055627426,0.19903695311625702,0.11749578480022116,MODE_4_TRUSTED_FUSION,full,four_mode_relocalization_v2,0.4534765808205576,0,0,0,False,0,0,0.4795463216135284,0,0,restarted_se3,0,43.030028231441975,3.036739304661751,0,895,cache_read_only_not_online_fps,178d419b5d7b38d165994fad2d41dc67b8cffa4444c416451632d3659ff5f2cf,cached_perception_v2,0,0,0,,,0,0.0,0,22.233977913856506,1.4260616153478622,69.7268070653081,303.9029411603684,303.89954357604057,68.450400493331,303.89471572661495,0.5565314614689868,137.55723552798113
sugar_box_yalehand0_black10_2,895,0.4769072393828573,0.7011203882806594,0.5434477054376954,0.6663135741486276,0.026453974511260532,0.0324348453966479,0.02702702702702703,0.0891009055627426,0.22421314889780208,0.12286586871093219,MODE_4_TRUSTED_FUSION,full,four_mode_relocalization_v2,0.4500448295329876,0,0,0,False,0,0,0.4769072393828573,0,0,restarted_se3,0,44.59711071103811,3.7634074687957764,0,896,cache_read_only_not_online_fps,178d419b5d7b38d165994fad2d41dc67b8cffa4444c416451632d3659ff5f2cf,cached_perception_v2,0,0,0,,,0,0.0,0,22.23577629774809,1.4256713911890984,72.02196586877108,303.96898455586893,303.94667106992466,68.55511665983624,303.96054954017154,0.5535196536585895,137.8642902189614
sugar_box_yalehand0_black10_2,896,0.4631689653469262,0.5884472476814349,0.544928320641262,0.5846962302931145,0.026526047971989545,0.028461872261557417,0.02702702702702703,0.04219409282700422,0.12527828233450866,0.03976790965185251,MODE_4_TRUSTED_FUSION,full,four_mode_relocalization_v2,0.48270395773144786,0,0,0,False,0,0,0.4631689653469262,0,0,restarted_se3,0,45.73292192071676,3.5635652020573616,0,897,cache_read_only_not_online_fps,178d419b5d7b38d165994fad2d41dc67b8cffa4444c416451632d3659ff5f2cf,cached_perception_v2,0,0,0,,,0,0.0,0,21.460006944835186,1.1362414807081223,71.89273554831743,304.1075992797006,304.0910294081636,68.62828190404751,304.09897899016937,0.515139592590498,138.11136282862213
sugar_box_yalehand0_black10_2,897,0.4551571419051753,0.4945546284736934,0.5466720142642493,0.5521142337992697,0.026610927577140883,0.026875844211112433,0.02702702702702703,0.0375,0.0393974865685181,0.005442219535020443,MODE_4_TRUSTED_FUSION,full,four_mode_relocalization_v2,0.497567801917283,0,0,0,False,0,0,0.4551571419051753,0,0,restarted_se3,0,46.63888830691576,3.897944465279579,0,898,cache_read_only_not_online_fps,178d419b5d7b38d165994fad2d41dc67b8cffa4444c416451632d3659ff5f2cf,cached_perception_v2,0,0,0,,,0,0.0,0,21.401827223598957,1.2187836691737175,73.15744366496801,304.2115837082912,304.21793917709294,68.61323380312552,304.2026406866628,0.47293560857118394,138.34822069410123
sugar_box_yalehand0_black10_2,898,0.4367150766239544,0.48962735778328575,0.5355135586687462,0.5298090168853706,0.026067755719104004,0.02579006974964298,0.017080745341614908,0.017080745341614908,0.05291228115933133,-0.0057045417833755385,MODE_4_TRUSTED_FUSION,full,four_mode_relocalization_v2,0.5026280397698643,0,0,0,False,0,0,0.4367150766239544,0,0,restarted_se3,0,45.926157385110855,3.8423817604780197,0,899,cache_read_only_not_online_fps,178d419b5d7b38d165994fad2d41dc67b8cffa4444c416451632d3659ff5f2cf,cached_perception_v2,0,0,0,,,0,0.0,0,22.628198377788067,0.9804265573620796,73.37716408073902,304.33119519767746,304.3578204437194,68.54373283295267,304.32201561071076,0.46239728769156674,138.4739029226679
sugar_box_yalehand0_black10_2,899,0.35823240141099305,0.39005898159282365,0.5179216388666105,0.5366046485504941,0.025211415369529762,0.026120867846788867,0.017080745341614908,0.017080745341614908,0.0318265801818306,0.01868300968388359,MODE_4_TRUSTED_FUSION,full,four_mode_relocalization_v2,0.49130639710602475,0,0,0,False,0,0,0.35823240141099305,0,0,restarted_se3,0,42.93269012123346,3.604266792535782,0,900,cache_read_only_not_online_fps,178d419b5d7b38d165994fad2d41dc67b8cffa4444c416451632d3659ff5f2cf,cached_perception_v2,0,0,0,,,0,0.0,0,22.33926486223936,1.019112765789032,69.89533454179764,304.28886251996215,304.35614397517116,68.56838529855786,304.27935486736953,0.37138082885843154,138.75115436614223
sugar_box_yalehand0_black10_2,900,0.2956273233163681,0.28276117764640635,0.5269488723462477,0.50571999445117,0.025650843491109892,0.02461746311408403,0.017080745341614908,0.017080745341614908,-0.012866145669961748,-0.021228877895077658,MODE_4_TRUSTED_FUSION,full,four_mode_relocalization_v2,0.5100833598126936,0,0,0,False,0,0,0.28276117764640635,0,0,restarted_se3,0,44.14762556552887,3.3672861754894257,0,901,cache_read_only_not_online_fps,178d419b5d7b38d165994fad2d41dc67b8cffa4444c416451632d3659ff5f2cf,cached_perception_v2,0,0,0,,,0,0.0,0,21.594720892608166,1.2235771864652634,70.33320982009172,304.2280724611579,304.2668516616917,68.60908812431876,304.21817726605997,0.2830640329526719,139.0356286238186
sugar_box_yalehand0_black10_2,901,0.35440111475851777,0.27757896367255297,0.5364082835181595,0.516416054236999,0.026111309179950633,0.025138126445834318,0.017080745341614908,0.017080745341614908,-0.0768221510859648,-0.019992229281160512,MODE_4_TRUSTED_FUSION,full,four_mode_relocalization_v2,0.5093175688589399,0,0,0,False,0,0,0.27757896367255297,0,0,restarted_se3,0,44.402291998267174,3.840395249426365,0,902,cache_read_only_not_online_fps,178d419b5d7b38d165994fad2d41dc67b8cffa4444c416451632d3659ff5f2cf,cached_perception_v2,0,0,0,,,0,0.0,0,22.541943937540054,1.0160496458411217,71.80068083107471,304.42877422077044,304.3784302663927,68.49344905330301,304.41858186833394,0.313761464714086,139.13619161219358
sugar_box_yalehand0_black10_2,902,0.42807067142776534,0.29023591669932647,0.5606736259124729,0.5442459462561208,0.027292498727322406,0.026492831317634323,0.04219409282700422,0.02702702702702703,-0.13783475472843887,-0.016427679656352168,MODE_4_TRUSTED_FUSION,full,four_mode_relocalization_v2,0.5073017129681029,0,0,0,False,0,0,0.29023591669932647,0,0,restarted_se3,0,44.55696139484644,3.8839560002088547,0,903,cache_read_only_not_online_fps,178d419b5d7b38d165994fad2d41dc67b8cffa4444c416451632d3659ff5f2cf,cached_perception_v2,0,0,0,,,0,0.0,0,22.21287414431572,1.0736146941781044,71.72740623354912,304.56179542080963,304.48993523328704,68.48031496129468,304.55143693314335,0.3594668753339429,139.37139516603335
sugar_box_yalehand0_black10_2,903,0.44363883696742845,0.42094131205152346,0.5571162178205522,0.5668656235230516,0.02711933103878827,0.027593913095853236,0.03850354523446413,0.04219409282700422,-0.022697524915904987,0.00974940570249938,MODE_4_TRUSTED_FUSION,full,four_mode_relocalization_v2,0.49573882847167894,0,0,0,False,0,0,0.42094131205152346,0,0,restarted_se3,0,45.44140677899122,3.9228852838277817,0,904,cache_read_only_not_online_fps,178d419b5d7b38d165994fad2d41dc67b8cffa4444c416451632d3659ff5f2cf,cached_perception_v2,0,0,0,,,0,0.0,0,21.36803511530161,1.1007823050022125,71.83310948312283,304.541633515539,304.5754504695894,68.5255976240656,304.53097196102476,0.4306162008346522,139.58862985118498
sugar_box_yalehand0_black10_2,904,0.3817351822855051,0.4915171891591445,0.5570136025955336,0.5734795883623236,0.027114335929746596,0.027915868006189195,0.0375,0.04219409282700422,0.10978200687363937,0.016465985766790037,MODE_4_TRUSTED_FUSION,full,four_mode_relocalization_v2,0.4928439447116236,0,0,0,False,0,0,0.3817351822855051,0,0,restarted_se3,0,44.78031117469072,3.923822194337845,0,905,cache_read_only_not_online_fps,178d419b5d7b38d165994fad2d41dc67b8cffa4444c416451632d3659ff5f2cf,cached_perception_v2,0,0,0,,,0,0.0,0,20.075579173862934,1.150360330939293,69.9300728738308,304.54590338506864,304.5831237986534,68.45066917453315,304.5349014757313,0.4336345225580426,139.77573147213772
sugar_box_yalehand0_black10_2,905,0.44298903180148297,0.5058763849900478,0.534944142348655,0.5650982384733436,0.026040037643073385,0.027507880238250314,0.017080745341614908,0.04219409282700422,0.06288735318856487,0.030154096124688667,MODE_4_TRUSTED_FUSION,full,four_mode_relocalization_v2,0.48653885931416335,0,0,0,False,0,0,0.44298903180148297,0,0,restarted_se3,0,43.0701058357954,3.963013179600239,0,906,cache_read_only_not_online_fps,178d419b5d7b38d165994fad2d41dc67b8cffa4444c416451632d3659ff5f2cf,cached_perception_v2,0,0,0,,,0,0.0,0,20.27631551027298,1.1269059032201767,68.4363404288888,304.8257651567394,304.7791394853935,68.35053543357203,304.81453609449125,0.47108279030296474,139.88613555502496
sugar_box_yalehand0_black10_2,906,0.37731898898680793,0.4420960398784546,0.530073024016579,0.5370224131664783,0.02580292110194403,0.02614120381360292,0.017080745341614908,0.017080745341614908,0.06477705089164665,0.006949389149899288,MODE_4_TRUSTED_FUSION,full,four_mode_relocalization_v2,0.4968036894865888,0,0,0,False,0,0,0.37731898898680793,0,0,restarted_se3,0,46.0284473374486,3.846333362162113,0,907,cache_read_only_not_online_fps,178d419b5d7b38d165994fad2d41dc67b8cffa4444c416451632d3659ff5f2cf,cached_perception_v2,0,0,0,,,0,0.0,0,20.180662162601948,1.0520732030272484,71.1075160652399,304.9479929858538,304.8851068973033,68.32244227487837,304.9366283196543,0.40650057427983066,140.07812610502427
sugar_box_yalehand0_black10_2,907,0.41416092451864495,0.34419438526361956,0.5494684585581825,0.527659919565461,0.026747053031961395,0.025685455883112218,0.0375,0.017080745341614908,-0.06996653925502538,-0.021808538992721505,MODE_4_TRUSTED_FUSION,full,four_mode_relocalization_v2,0.5099389184655032,0,0,0,False,0,0,0.34419438526361956,0,0,restarted_se3,0,44.349092058837414,3.7844181060791016,0,908,cache_read_only_not_online_fps,178d419b5d7b38d165994fad2d41dc67b8cffa4444c416451632d3659ff5f2cf,cached_perception_v2,0,0,0,,,0,0.0,0,19.484026357531548,0.9963670745491982,68.61390359699726,305.00946058094087,305.0192259043215,68.19338518591795,304.9979074546113,0.37641997242799186,140.29510925952707
sugar_box_yalehand0_black10_2,908,0.384269172104951,0.3322339796452025,0.5370501674458712,0.5279548184047927,0.02614255483779953,0.025699810983522108,0.017080745341614908,0.017080745341614908,-0.05203519245974847,-0.009095349041078449,MODE_4_TRUSTED_FUSION,full,four_mode_relocalization_v2,0.5041913858275718,0,0,0,False,0,0,0.3322339796452025,0,0,restarted_se3,0,44.27910130470991,3.854268230497837,0,909,cache_read_only_not_online_fps,178d419b5d7b38d165994fad2d41dc67b8cffa4444c416451632d3659ff5f2cf,cached_perception_v2,0,0,0,,,0,0.0,0,19.75731272250414,0.9898534044623375,68.88053566217422,305.07241141608245,305.0955118209835,68.24571713152103,305.0606391962253,0.3554896236507461,140.5411367263172
sugar_box_yalehand0_black10_2,909,0.33494975070891275,0.38849527784419835,0.5486033270877335,0.5401278951885568,0.02670494011909204,0.026292372622368203,0.0375,0.02702702702702703,0.0535455271352856,-0.008475431899176766,MODE_4_TRUSTED_FUSION,full,four_mode_relocalization_v2,0.5038221309767827,0,0,0,False,0,0,0.33494975070891275,0,0,restarted_se3,0,44.114490039646626,3.8534505292773247,0,910,cache_read_only_not_online_fps,178d419b5d7b38d165994fad2d41dc67b8cffa4444c416451632d3659ff5f2cf,cached_perception_v2,0,0,0,,,0,0.0,0,20.30628826469183,1.0534292086958885,69.32765804231167,305.33639325118077,305.28460497816104,68.14624221915366,305.32450261563764,0.36040868453191466,140.6731827792036
sugar_box_yalehand0_black10_2,910,0.3910200500241178,0.3964910529786313,0.5405891617868128,0.5479717312457929,0.02631482618084506,0.026674195265195464,0.02702702702702703,0.0375,0.005471002954513471,0.007382569458980082,MODE_4_TRUSTED_FUSION,full,four_mode_relocalization_v2,0.496670201201675,0,0,0,False,0,0,0.3910200500241178,0,0,restarted_se3,0,42.90241748094559,3.8248682394623756,0,911,cache_read_only_not_online_fps,178d419b5d7b38d165994fad2d41dc67b8cffa4444c416451632d3659ff5f2cf,cached_perception_v2,0,0,0,,,0,0.0,0,20.25400847196579,1.0564504191279411,68.0377446115017,305.6724740287681,305.6104353076966,68.05511838994379,305.66042561660305,0.39036652369616537,140.78816712706475
sugar_box_yalehand0_black10_2,911,0.33969084466718175,0.3220293160968297,0.5298682641335319,0.5302878996975038,0.025792953790144096,0.02581338083105761,0.017080745341614908,0.017080745341614908,-0.017661528570352025,0.000419635563971843,MODE_4_TRUSTED_FUSION,full,four_mode_relocalization_v2,0.49980575236339736,0,0,0,False,0,0,0.3220293160968297,0,0,restarted_se3,0,43.50936599075794,4.291662946343422,0,912,cache_read_only_not_online_fps,178d419b5d7b38d165994fad2d41dc67b8cffa4444c416451632d3659ff5f2cf,cached_perception_v2,0,0,0,,,0,0.0,0,20.502000115811825,1.0747946798801422,69.37782373279333,305.8247963326386,305.78401382563214,68.04355241583701,305.81268484204446,0.3289198459487357,141.07647160813445
sugar_box_yalehand0_black10_2,912,0.40111195636869007,0.3285788131853636,0.542460283277614,0.5282275404545773,0.026405908726101664,0.025713086561064292,0.02702702702702703,0.017080745341614908,-0.07253314318332649,-0.01423274282303666,MODE_4_TRUSTED_FUSION,full,four_mode_relocalization_v2,0.5065246638466788,0,0,0,False,0,0,0.3285788131853636,0,0,restarted_se3,0,44.51678227633238,3.8490593433380127,0,913,cache_read_only_not_online_fps,178d419b5d7b38d165994fad2d41dc67b8cffa4444c416451632d3659ff5f2cf,cached_perception_v2,0,0,0,,,0,0.0,0,21.512397564947605,1.1970354244112968,71.0752746090293,305.9214324297332,305.95811184784856,68.08727877328812,305.90933406699475,0.3563613668538904,141.2680419745869
sugar_box_yalehand0_black10_2,913,0.42275618953267924,0.4414442025683295,0.5570583883866229,0.5514376598338766,0.02711651601471906,0.02684290990987902,0.0375,0.0375,0.018688013035650264,-0.0056207285527463124,MODE_4_TRUSTED_FUSION,full,four_mode_relocalization_v2,0.5024903625323321,0,0,0,False,0,0,0.42275618953267924,0,0,restarted_se3,0,44.213674031198025,3.796905279159546,0,914,cache_read_only_not_online_fps,178d419b5d7b38d165994fad2d41dc67b8cffa4444c416451632d3659ff5f2cf,cached_perception_v2,0,0,0,,,0,0.0,0,22.23727758973837,1.018000766634941,71.26585766673088,306.05914896779143,306.15119286092795,68.0254308723254,306.04687057855375,0.43090221560145475,141.3814501942448
sugar_box_yalehand0_black10_2,914,0.4436367826051774,0.46656351913891037,0.5507567534772715,0.5516545341487376,0.0268097647162901,0.02685346692859503,0.0375,0.0375,0.02292673653373295,0.0008977806714660641,MODE_4_TRUSTED_FUSION,full,four_mode_relocalization_v2,0.49960006608924756,0,0,0,False,0,0,0.4436367826051774,0,0,restarted_se3,0,44.21478509902954,3.8256635889410973,0,915,cache_read_only_not_online_fps,178d419b5d7b38d165994fad2d41dc67b8cffa4444c416451632d3659ff5f2cf,cached_perception_v2,0,0,0,,,0,0.0,0,21.19965199381113,1.2153666466474533,70.45546732842922,306.31789424155613,306.29098248655026,67.92555678171297,306.3054646527617,0.454566181580217,141.52882302320216
sugar_box_yalehand0_black10_2,915,0.39136434829418243,0.4771299441736808,0.5529111261649029,0.5657522406059118,0.026914635377433944,0.027539715786679637,0.0375,0.04219409282700422,0.08576559587949839,0.012841114441008883,MODE_4_TRUSTED_FUSION,full,four_mode_relocalization_v2,0.4943613209945335,0,0,0,False,0,0,0.39136434829418243,0,0,restarted_se3,0,42.96162165701389,3.7284381687641144,0,916,cache_read_only_not_online_fps,178d419b5d7b38d165994fad2d41dc67b8cffa4444c416451632d3659ff5f2cf,cached_perception_v2,0,0,0,,,0,0.0,0,22.02768623828888,1.3177422806620598,70.03548834472895,306.427319970823,306.43816963675755,67.86356856428309,306.41500442409966,0.43278836639489215,141.7035654087094
sugar_box_yalehand0_black10_2,916,0.38200774841896473,0.4323222260610761,0.5353664456051972,0.5434256601019462,0.026060594542058894,0.02645290138730736,0.017080745341614908,0.02702702702702703,0.05031447764211139,0.008059214496748957,MODE_4_TRUSTED_FUSION,full,four_mode_relocalization_v2,0.49633269366657745,0,0,0,False,0,0,0.38200774841896473,0,0,restarted_se3,0,43.99964306503534,3.768595866858959,0,917,cache_read_only_not_online_fps,178d419b5d7b38d165994fad2d41dc67b8cffa4444c416451632d3659ff5f2cf,cached_perception_v2,0,0,0,,,0,0.0,0,22.439260967075825,1.0090935975313187,71.21659349650145,306.6897608099319,306.6391678945882,67.8750451221365,306.677477533903,0.406312176863213,141.85182435926725
sugar_box_yalehand0_black10_2,917,0.3509933096130613,0.35454988762310324,0.5311638459958161,0.5217073500690013,0.02585602018865711,0.025395696408262607,0.017080745341614908,0.017080745341614908,0.003556578010041944,-0.009456495926814856,MODE_4_TRUSTED_FUSION,full,four_mode_relocalization_v2,0.5044070974975842,0,0,0,False,0,0,0.3509933096130613,0,0,restarted_se3,0,45.71588058024645,3.843173384666443,0,918,cache_read_only_not_online_fps,178d419b5d7b38d165994fad2d41dc67b8cffa4444c416451632d3659ff5f2cf,cached_perception_v2,0,0,0,,,0,0.0,0,22.747499868273735,1.0602232068777084,73.36677704006433,306.8164895986642,306.7673848632341,67.77628591155297,306.8045252923557,0.345752318414029,142.0490082551897
sugar_box_yalehand0_black10_2,918,0.30480063340447294,0.30331466574936206,0.5447674852703229,0.5440290045916121,0.026518218819780864,0.026482271020468802,0.02702702702702703,0.02702702702702703,-0.001485967655110887,-0.0007384806787108511,MODE_4_TRUSTED_FUSION,full,four_mode_relocalization_v2,0.5003330100182779,0,0,0,False,0,0,0.30331466574936206,0,0,restarted_se3,0,44.997709803283215,3.7882039323449135,0,919,cache_read_only_not_online_fps,178d419b5d7b38d165994fad2d41dc67b8cffa4444c416451632d3659ff5f2cf,cached_perception_v2,0,0,0,,,0,0.0,0,20.87708469480276,1.2307772412896156,70.8937756717205,307.07848327839736,307.0003916287778,67.74246072449418,307.0665215962794,0.3028550609929117,142.2154744645887
sugar_box_yalehand0_black10_2,919,0.36707723383149365,0.3032575721669548,0.5265724616511319,0.5251441092377097,0.025632520552518523,0.02556299114249491,0.017080745341614908,0.017080745341614908,-0.06381966166453884,-0.001428352413422207,MODE_4_TRUSTED_FUSION,full,four_mode_relocalization_v2,0.5006663853355545,0,0,0,False,0,0,0.3032575721669548,0,0,restarted_se3,0,42.60573349893093,3.8255061954259872,0,920,cache_read_only_not_online_fps,178d419b5d7b38d165994fad2d41dc67b8cffa4444c416451632d3659ff5f2cf,cached_perception_v2,0,0,0,,,0,0.0,0,22.338582202792168,0.9208917617797852,69.69071365892887,307.2353530141696,307.2706245212653,67.70633551907946,307.2235843450457,0.33594700847731807,142.32948520800835
sugar_box_yalehand0_black10_2,920,0.35035330383904795,0.3224152258116417,0.5322746436794382,0.5302339314696514,0.02591009165370459,0.02581075376297039,0.017080745341614908,0.017080745341614908,-0.02793807802740622,-0.0020407122097868546,MODE_4_TRUSTED_FUSION,full,four_mode_relocalization_v2,0.5009425847779108,0,0,0,False,0,0,0.3224152258116417,0,0,restarted_se3,0,46.823098324239254,3.861628472805023,0,921,cache_read_only_not_online_fps,178d419b5d7b38d165994fad2d41dc67b8cffa4444c416451632d3659ff5f2cf,cached_perception_v2,0,0,0,,,0,0.0,0,21.74567524343729,1.0192794725298882,73.44968151301146,307.4757862518891,307.45957377375646,67.60584875422876,307.46393287833513,0.33613910015794174,142.48417097792114
sugar_box_yalehand0_black10_2,921,0.3564087305619066,0.3616723264266968,0.5558863782431068,0.5531576417996125,0.027059464846495723,0.02692663527779599,0.0375,0.0375,0.005263595864790194,-0.0027287364434943617,MODE_4_TRUSTED_FUSION,full,four_mode_relocalization_v2,0.5012084278358745,0,0,0,False,0,0,0.3564087305619066,0,0,restarted_se3,0,46.07150238007307,3.85498721152544,0,922,cache_read_only_not_online_fps,178d419b5d7b38d165994fad2d41dc67b8cffa4444c416451632d3659ff5f2cf,cached_perception_v2,0,0,0,,,0,0.0,0,21.525315940380096,0.981316901743412,72.43312243372202,307.58763768360905,307.6367364470506,67.61399834867761,307.5761038908142,0.35803613632233455,142.6030493577163
sugar_box_yalehand0_black10_2,922,0.33406206630988466,0.35970851870381987,0.5504242832477587,0.5401110366888296,0.026793580713875,0.02629155198347762,0.0375,0.02702702702702703,0.025646452393935204,-0.010313246558929068,MODE_4_TRUSTED_FUSION,full,four_mode_relocalization_v2,0.5046433672003867,0,0,0,False,0,0,0.33406206630988466,0,0,restarted_se3,0,48.79220947623253,3.9103850722312927,0,923,cache_read_only_not_online_fps,178d419b5d7b38d165994fad2d41dc67b8cffa4444c416451632d3659ff5f2cf,cached_perception_v2,0,0,0,,,0,0.0,0,21.769321523606777,1.025657169520855,75.49757324159145,307.67199654905994,307.7298997154689,67.587888110314,307.6604624622774,0.3466647848776161,142.7692067139093
sugar_box_yalehand0_black10_2,923,0.3957007651088456,0.37435580747155983,0.5302785237877665,0.5367212069180726,0.025812924430055766,0.02612654168081953,0.017080745341614908,0.017080745341614908,-0.021344957637285777,0.006442683130306048,MODE_4_TRUSTED_FUSION,full,four_mode_relocalization_v2,0.49703648356650343,0,0,0,False,0,0,0.37435580747155983,0,0,restarted_se3,0,44.291640631854534,3.8343099877238274,0,924,cache_read_only_not_online_fps,178d419b5d7b38d165994fad2d41dc67b8cffa4444c416451632d3659ff5f2cf,cached_perception_v2,0,0,0,,,0,0.0,0,22.788128815591335,1.0181274265050888,71.93220686167479,307.8568688325002,307.86967087594195,67.55122991936624,307.84553542072695,0.38341301268352845,142.86545558628734
sugar_box_yalehand0_black10_2,924,0.3675483061217334,0.3761172188344409,0.5253142917533989,0.541875844754888,0.025571275295481952,0.026377459398541917,0.017080745341614908,0.02702702702702703,0.008568912712707488,0.016561553001489093,MODE_4_TRUSTED_FUSION,full,four_mode_relocalization_v2,0.4923833226381728,0,0,0,False,0,0,0.3675483061217334,0,0,restarted_se3,0,45.827388763427734,3.858722746372223,0,925,cache_read_only_not_online_fps,178d419b5d7b38d165994fad2d41dc67b8cffa4444c416451632d3659ff5f2cf,cached_perception_v2,0,0,0,,,0,0.0,0,25.157900527119637,1.008479855954647,75.85249189287424,307.9457831596304,307.95429520275206,67.52811146404511,307.934550027964,0.36964448812373163,143.03855949370507
sugar_box_yalehand0_black10_2,925,0.4069622586209408,0.37552569324809454,0.5463054106999582,0.5318199706292095,0.02659308203055295,0.02588795905628747,0.02702702702702703,0.017080745341614908,-0.03143656537284628,-0.0144854400707487,MODE_4_TRUSTED_FUSION,full,four_mode_relocalization_v2,0.5065955310372735,0,0,0,False,0,0,0.37552569324809454,0,0,restarted_se3,0,43.23981702327728,3.9359349757432938,0,926,cache_read_only_not_online_fps,178d419b5d7b38d165994fad2d41dc67b8cffa4444c416451632d3659ff5f2cf,cached_perception_v2,0,0,0,,,0,0.0,0,21.355485543608665,0.913410447537899,69.44464799016714,308.16381522344966,308.1163982112105,67.42932757515104,308.15269657898045,0.3897109035973037,143.14157776299191
sugar_box_yalehand0_black10_2,926,0.34585900219945576,0.39175739233947066,0.5324396615970403,0.5399471108125582,0.02591812440412835,0.026283572391496222,0.017080745341614908,0.02702702702702703,0.0458983901400149,0.007507449215517936,MODE_4_TRUSTED_FUSION,full,four_mode_relocalization_v2,0.4965637403321179,0,0,0,False,0,0,0.34585900219945576,0,0,restarted_se3,0,45.08625902235508,3.59561201184988,0,927,cache_read_only_not_online_fps,178d419b5d7b38d165994fad2d41dc67b8cffa4444c416451632d3659ff5f2cf,cached_perception_v2,0,0,0,,,0,0.0,0,22.546603344380856,0.8986964821815491,72.12717086076736,308.38781498169544,308.3384373980648,67.43797624828899,308.37689958007076,0.3688099435401642,143.31443959180282
sugar_box_yalehand0_black10_2,927,0.3878135964264167,0.4005496718730316,0.5434042375264604,0.5535692056574214,0.02645185857810935,0.026946669403794303,0.02702702702702703,0.0375,0.01273607544661487,0.010164968130961016,MODE_4_TRUSTED_FUSION,full,four_mode_relocalization_v2,0.495449771794938,0,0,0,False,0,0,0.3878135964264167,0,0,restarted_se3,0,44.725350104272366,3.298463299870491,0,928,cache_read_only_not_online_fps,178d419b5d7b38d165994fad2d41dc67b8cffa4444c416451632d3659ff5f2cf,cached_perception_v2,0,0,0,,,0,0.0,0,23.11601396650076,1.1087814345955849,72.2486088052392,308.6788493249158,308.6654479378114,67.33490359092437,308.6682231416951,0.3919348636328107,143.3885816830441
sugar_box_yalehand0_black10_2,928,0.3675884259619848,0.4070764241131043,0.5417672888279079,0.5445721493286781,0.026372175107713853,0.026508710247070556,0.02702702702702703,0.02702702702702703,0.039487998151119474,0.002804860500770223,MODE_4_TRUSTED_FUSION,full,four_mode_relocalization_v2,0.4987323689258317,0,0,0,False,0,0,0.3675884259619848,0,0,restarted_se3,0,45.166345313191414,4.014146514236927,0,929,cache_read_only_not_online_fps,178d419b5d7b38d165994fad2d41dc67b8cffa4444c416451632d3659ff5f2cf,cached_perception_v2,0,0,0,,,0,0.0,0,21.436753682792187,0.8490839973092079,71.46632950752974,309.0271669832466,308.9840380645944,67.28170921599968,309.01669903932356,0.3819016619671754,143.4432985829345
sugar_box_yalehand0_black10_2,929,0.41929620806487056,0.3165242981379648,0.5590382736318606,0.5387080555904216,0.02721289296743902,0.02622325759959173,0.04219409282700422,0.02702702702702703,-0.10277190992690577,-0.020330218041439085,MODE_4_TRUSTED_FUSION,full,four_mode_relocalization_v2,0.5090942897820049,0,0,0,False,0,0,0.3165242981379648,0,0,restarted_se3,0,44.04098819941282,3.5960543900728226,0,930,cache_read_only_not_online_fps,178d419b5d7b38d165994fad2d41dc67b8cffa4444c416451632d3659ff5f2cf,cached_perception_v2,0,0,0,,,0,0.0,0,22.543130442500114,0.9582284837961197,71.13840151578188,309.17825266379356,309.2131994834931,67.23956081905655,309.1681220725728,0.3645713994182717,143.62449789413935
sugar_box_yalehand0_black10_2,930,0.40050001821670955,0.40888741053865185,0.5562267840393931,0.5621288013854572,0.027076035136826028,0.027363333831577248,0.0375,0.04219409282700422,0.0083873923219423,0.0059020173460641034,MODE_4_TRUSTED_FUSION,full,four_mode_relocalization_v2,0.4974076565259433,0,0,0,False,0,0,0.40050001821670955,0,0,restarted_se3,0,43.2939101010561,3.5130763426423073,0,931,cache_read_only_not_online_fps,178d419b5d7b38d165994fad2d41dc67b8cffa4444c416451632d3659ff5f2cf,cached_perception_v2,0,0,0,,,0,0.0,0,22.563336417078972,0.9575784206390381,70.32790128141642,309.4420539493833,309.4848042517762,67.22419171314425,309.43233930567044,0.4014175576510251,143.68681137870146
sugar_box_yalehand0_black10_2,931,0.3757550619714511,0.40563380722422837,0.5324503995074451,0.5445807458524792,0.02591864710466662,0.02650912870908492,0.017080745341614908,0.02702702702702703,0.029878745252777283,0.012130346345034071,MODE_4_TRUSTED_FUSION,full,four_mode_relocalization_v2,0.49447128443146693,0,0,0,False,0,0,0.3757550619714511,0,0,restarted_se3,0,45.75231485068798,3.704688511788845,0,932,cache_read_only_not_online_fps,178d419b5d7b38d165994fad2d41dc67b8cffa4444c416451632d3659ff5f2cf,cached_perception_v2,0,0,0,,,0,0.0,0,23.035893216729164,1.0591913014650345,73.55208788067102,309.70443383333486,309.7179202998314,67.1653451324693,309.69498310451434,0.3895573708188318,143.80551553733113
sugar_box_yalehand0_black10_2,932,0.40068081584952625,0.41514260387568575,0.5433762691714021,0.5495036660504111,0.026450497133126825,0.026748766864024172,0.02702702702702703,0.0375,0.014461788026159494,0.006127396879008984,MODE_4_TRUSTED_FUSION,full,four_mode_relocalization_v2,0.49724705393408514,0,0,0,False,0,0,0.40068081584952625,0,0,restarted_se3,0,43.673161417245865,3.8703642785549164,0,933,cache_read_only_not_online_fps,178d419b5d7b38d165994fad2d41dc67b8cffa4444c416451632d3659ff5f2cf,cached_perception_v2,0,0,0,,,0,0.0,0,21.769394166767597,0.9694928303360939,70.28241269290447,310.0734600686192,310.05152276452554,67.10780440894393,310.06440350978846,0.40731649779596063,143.8633401198065
sugar_box_yalehand0_black10_2,933,0.3703183212394463,0.382998722063757,0.5392372312326611,0.5386350939321363,0.026249016837898775,0.026219705968350555,0.02702702702702703,0.02702702702702703,0.012680400824310711,-0.0006021373005248298,MODE_4_TRUSTED_FUSION,full,four_mode_relocalization_v2,0.5002742292007563,0,0,0,False,0,0,0.3703183212394463,0,0,restarted_se3,0,45.24201061576605,3.8077011704444885,0,934,cache_read_only_not_online_fps,178d419b5d7b38d165994fad2d41dc67b8cffa4444c416451632d3659ff5f2cf,cached_perception_v2,0,0,0,,,0,0.0,0,22.471541538834572,1.0385476052761078,72.55980093032122,310.37224566661325,310.3537122093844,67.0335875402228,310.36364994462116,0.3746956535293764,143.98021372172423
sugar_box_yalehand0_black10_2,934,0.40317433879095776,0.3804929724539906,0.5329388862166089,0.5368559910702887,0.025942425685059924,0.02613310271050384,0.017080745341614908,0.017080745341614908,-0.022681366336967157,0.003917104853679798,MODE_4_TRUSTED_FUSION,full,four_mode_relocalization_v2,0.49820282470797095,0,0,0,False,0,0,0.3804929724539906,0,0,restarted_se3,0,45.799773186445236,3.8819918408989906,0,935,cache_read_only_not_online_fps,178d419b5d7b38d165994fad2d41dc67b8cffa4444c416451632d3659ff5f2cf,cached_perception_v2,0,0,0,,,0,0.0,0,22.756146267056465,1.138029620051384,73.57594091445208,310.7937316862771,310.77770327600535,67.03263392205781,310.7856053041231,0.39093901092928834,144.05783726937827
sugar_box_yalehand0_black10_2,935,0.37946229442447077,0.35256742506395267,0.5354308969338902,0.5235326798941655,0.026063731907051704,0.025484549904535348,0.017080745341614908,0.017080745341614908,-0.026894869360518103,-0.011898217039724712,MODE_4_TRUSTED_FUSION,full,four_mode_relocalization_v2,0.505513725066931,0,0,0,False,0,0,0.35256742506395267,0,0,restarted_se3,0,44.62971445173025,4.144446924328804,0,936,cache_read_only_not_online_fps,178d419b5d7b38d165994fad2d41dc67b8cffa4444c416451632d3659ff5f2cf,cached_perception_v2,0,0,0,,,0,0.0,0,22.470392286777496,1.0933447629213333,72.33789842575788,311.14574808707454,311.1168558397364,67.01471133118956,311.13811021379206,0.3637430399423879,144.17388967225796
sugar_box_yalehand0_black10_2,936,0.41900982099645445,0.38803563655955886,0.5480061364138825,0.5185550776156974,0.02667587004168378,0.025242249932552332,0.0375,0.017080745341614908,-0.03097418443689559,-0.029451058798185104,MODE_4_TRUSTED_FUSION,full,four_mode_relocalization_v2,0.5135524158316694,0,0,0,False,0,0,0.38803563655955886,0,0,restarted_se3,0,44.05673872679472,3.560503013432026,0,937,cache_read_only_not_online_fps,178d419b5d7b38d165994fad2d41dc67b8cffa4444c416451632d3659ff5f2cf,cached_perception_v2,0,0,0,,,0,0.0,0,22.170626558363438,1.0757707059383392,70.86363900452852,311.58157842096006,311.58560241374084,66.93286511399434,311.57439817635344,0.4014284945501669,144.24208975481022
sugar_box_yalehand0_black10_2,937,0.4067251312227173,0.43854650108694165,0.5559975143402747,0.5615480844037409,0.027064874734976877,0.027335065661376397,0.0375,0.04219409282700422,0.03182136986422435,0.005550570063466265,MODE_4_TRUSTED_FUSION,full,four_mode_relocalization_v2,0.4975602867834069,0,0,0,False,0,0,0.4067251312227173,0,0,restarted_se3,0,44.184702448546886,3.856796771287918,0,938,cache_read_only_not_online_fps,178d419b5d7b38d165994fad2d41dc67b8cffa4444c416451632d3659ff5f2cf,cached_perception_v2,0,0,0,,,0,0.0,0,22.185112349689007,1.0980181396007538,71.32462970912457,312.1142452553723,312.090886816944,66.9697852202034,312.1076845332557,0.42174013672577404,144.30483115268356
sugar_box_yalehand0_black10_2,938,0.3838409893731809,0.43913509586734856,0.5359038590094533,0.5664628873643708,0.02608675477855626,0.027574308685033386,0.017080745341614908,0.04219409282700422,0.05529410649416766,0.030559028354917528,MODE_4_TRUSTED_FUSION,full,four_mode_relocalization_v2,0.486386344546625,0,0,0,False,0,0,0.3838409893731809,0,0,restarted_se3,0,45.76682299375534,3.8281604647636414,0,939,cache_read_only_not_online_fps,178d419b5d7b38d165994fad2d41dc67b8cffa4444c416451632d3659ff5f2cf,cached_perception_v2,0,0,0,,,0,0.0,0,22.07772433757782,1.7387615516781807,73.41146934777498,312.630219047333,312.6121368955165,66.92451945263014,312.62434577071224,0.4100562541474375,144.35702775367173
sugar_box_yalehand0_black10_2,939,0.373507642087766,0.386593159302615,0.5397084149654328,0.5402681657826136,0.02627195314314423,0.026299200721342085,0.02702702702702703,0.02702702702702703,0.013085517214849018,0.0005597508171808485,MODE_4_TRUSTED_FUSION,full,four_mode_relocalization_v2,0.49974556239333745,0,0,0,False,0,0,0.373507642087766,0,0,restarted_se3,0,45.01637443900108,3.839626908302307,0,940,cache_read_only_not_online_fps,178d419b5d7b38d165994fad2d41dc67b8cffa4444c416451632d3659ff5f2cf,cached_perception_v2,0,0,0,,,0,0.0,0,19.937939010560513,1.2152139097452164,70.00915426760912,313.11107263209067,313.11612715621794,66.85340080345148,313.1057869076064,0.3758753659454977,144.4303737160521
sugar_box_yalehand0_black10_2,940,0.44870715503539504,0.3934625755878305,0.5356363850653011,0.5359717225252105,0.026073734668561815,0.026090058242161172,0.017080745341614908,0.017080745341614908,-0.05524457944756456,0.000335337459909435,MODE_4_TRUSTED_FUSION,full,four_mode_relocalization_v2,0.49984640208442127,0,0,0,False,0,0,0.3934625755878305,0,0,restarted_se3,0,45.07393017411232,3.8141850382089615,0,941,cache_read_only_not_online_fps,178d419b5d7b38d165994fad2d41dc67b8cffa4444c416451632d3659ff5f2cf,cached_perception_v2,0,0,0,,,0,0.0,0,20.844770595431328,1.2952974066138268,71.02818321436644,313.6979944517087,313.71464653986,66.89622024169263,313.69342703448433,0.42016488972939176,144.44312419835376
sugar_box_yalehand0_black10_2,941,0.38041312126876103,0.3842636170442588,0.5346392506583487,0.5337900141696563,0.026025196110165336,0.025983856934010736,0.017080745341614908,0.017080745341614908,0.0038504957754977864,-0.0008492364886923953,MODE_4_TRUSTED_FUSION,full,four_mode_relocalization_v2,0.5003901202017141,0,0,0,False,0,0,0.38041312126876103,0,0,restarted_se3,0,44.218278490006924,3.8440320640802383,0,942,cache_read_only_not_online_fps,178d419b5d7b38d165994fad2d41dc67b8cffa4444c416451632d3659ff5f2cf,cached_perception_v2,0,0,0,,,0,0.0,0,19.972728565335274,1.294492743909359,69.3295318633318,314.3180171630701,314.2617595985399,66.87799758911939,314.31421662233015,0.3815425811189735,144.5662212292476
sugar_box_yalehand0_black10_2,942,0.41339258903483483,0.42297158619152164,0.5508545379670539,0.5456069800975646,0.026814524674560997,0.026559083790853467,0.0375,0.02702702702702703,0.009578997156686808,-0.005247557869489272,MODE_4_TRUSTED_FUSION,full,four_mode_relocalization_v2,0.5023500845235517,0,0,0,False,0,0,0.41339258903483483,0,0,restarted_se3,0,45.99474556744099,3.8483524695038795,0,943,cache_read_only_not_online_fps,178d419b5d7b38d165994fad2d41dc67b8cffa4444c416451632d3659ff5f2cf,cached_perception_v2,0,0,0,,,0,0.0,0,20.474178716540337,1.2981090694665909,71.6153858229518,314.97419518430075,314.97363458925827,66.81327321117662,314.9709639267624,0.41744259131108463,144.56147048868206
sugar_box_yalehand0_black10_2,943,0.35388997031312436,0.3766449326559022,0.5542189200570793,0.542267390564422,0.026978296233747163,0.026396519084987847,0.0375,0.02702702702702703,0.02275496234277785,-0.01195152949265732,MODE_4_TRUSTED_FUSION,full,four_mode_relocalization_v2,0.5053522955807691,0,0,0,False,0,0,0.35388997031312436,0,0,restarted_se3,0,42.89924260228872,3.5774512216448784,0,944,cache_read_only_not_online_fps,178d419b5d7b38d165994fad2d41dc67b8cffa4444c416451632d3659ff5f2cf,cached_perception_v2,0,0,0,,,0,0.0,0,19.410145469009876,1.201036386191845,67.08787567913532,315.44409364529014,315.5033878410411,66.83130290260056,315.44132907872034,0.36574200994055656,144.6711845946253
sugar_box_yalehand0_black10_2,944,0.31779684092554306,0.3895063315970485,0.5341658106354984,0.5574781473925137,0.026002149973118893,0.027136949064544454,0.017080745341614908,0.04219409282700422,0.07170949067150545,0.023312336757015273,MODE_4_TRUSTED_FUSION,full,four_mode_relocalization_v2,0.48951447692012384,0,0,0,False,0,0,0.31779684092554306,0,0,restarted_se3,0,43.73047407716513,3.5265572369098663,0,945,cache_read_only_not_online_fps,178d419b5d7b38d165994fad2d41dc67b8cffa4444c416451632d3659ff5f2cf,cached_perception_v2,0,0,0,,,0,0.0,0,19.75015178322792,1.7534950748085976,68.76067817211151,316.0210335466402,316.10052701184344,66.73223867784222,316.01864813428006,0.3492188880519253,144.70438193751258
sugar_box_yalehand0_black10_2,945,0.33475666900938783,0.30085681615247095,0.535388180149493,0.5401585998595221,0.026061652537290196,0.02629386726587293,0.017080745341614908,0.02702702702702703,-0.03389985285691688,0.004770419710029117,MODE_4_TRUSTED_FUSION,full,four_mode_relocalization_v2,0.4978228133215864,0,0,0,False,0,0,0.30085681615247095,0,0,restarted_se3,0,43.747805058956146,3.6776168271899223,0,946,cache_read_only_not_online_fps,178d419b5d7b38d165994fad2d41dc67b8cffa4444c416451632d3659ff5f2cf,cached_perception_v2,0,0,0,,,0,0.0,0,19.754872657358646,1.7280876636505127,68.90838220715523,316.4902515196824,316.56988356581854,66.77053842900781,316.4883998005462,0.31578073937098855,144.74530532743904
sugar_box_yalehand0_black10_2,946,0.35372612318523206,0.28390083744316413,0.5558933826498479,0.53852172073475,0.027059805807356424,0.026214187182193385,0.0375,0.02702702702702703,-0.06982528574206792,-0.01737166191509787,MODE_4_TRUSTED_FUSION,full,four_mode_relocalization_v2,0.5077940714650844,0,0,0,False,0,0,0.28390083744316413,0,0,restarted_se3,0,44.113571755588055,3.8144849240779877,0,947,cache_read_only_not_online_fps,178d419b5d7b38d165994fad2d41dc67b8cffa4444c416451632d3659ff5f2cf,cached_perception_v2,0,0,0,,,0,0.0,0,19.721594639122486,1.7488440498709679,69.3984953686595,317.0419222018767,317.0525091355108,66.72777149156349,317.04073543915337,0.3174078234637883,144.82008013328578
sugar_box_yalehand0_black10_2,947,0.3406014233989211,0.3282161504950447,0.5441938837992409,0.5345233106823502,0.026490297018761568,0.02601955237823085,0.02702702702702703,0.017080745341614908,-0.012385272903876365,-0.00967057311689079,MODE_4_TRUSTED_FUSION,full,four_mode_relocalization_v2,0.5044008472632732,0,0,0,False,0,0,0.3282161504950447,0,0,restarted_se3,0,43.73232461512089,3.8870954886078835,0,948,cache_read_only_not_online_fps,178d419b5d7b38d165994fad2d41dc67b8cffa4444c416451632d3659ff5f2cf,cached_perception_v2,0,0,0,,,0,0.0,0,19.566643983125687,1.7456645146012306,68.93172860145569,317.6897347742672,317.6173199990331,66.73266775943523,317.6893333814109,0.32966941426167307,144.85039041093142
sugar_box_yalehand0_black10_2,948,0.38779282543701765,0.39072444069854784,0.538460519821844,0.5442559984468458,0.026211208041102378,0.026493320638675818,0.02702702702702703,0.02702702702702703,0.002931615261530185,0.005795478625001849,MODE_4_TRUSTED_FUSION,full,four_mode_relocalization_v2,0.49737218109596254,0,0,0,False,0,0,0.38779282543701765,0,0,restarted_se3,0,45.03944609314203,3.7873703986406326,0,949,cache_read_only_not_online_fps,178d419b5d7b38d165994fad2d41dc67b8cffa4444c416451632d3659ff5f2cf,cached_perception_v2,0,0,0,,,0,0.0,0,20.849929191172123,1.8248213455080986,71.50156702846289,318.39504057817385,318.3336037445193,66.64074129349783,318.39521665040127,0.3883268085815631,144.8132031105191
sugar_box_yalehand0_black10_2,949,0.40278115999012276,0.39940238920733295,0.5398184675546782,0.5434509571781055,0.0262773102885727,0.026454132799642406,0.02702702702702703,0.02702702702702703,-0.0033787707827898084,0.0036324896234273263,MODE_4_TRUSTED_FUSION,full,four_mode_relocalization_v2,0.49835376131070286,0,0,0,False,0,0,0.39940238920733295,0,0,restarted_se3,0,44.61546055972576,4.482857882976532,0,950,cache_read_only_not_online_fps,178d419b5d7b38d165994fad2d41dc67b8cffa4444c416451632d3659ff5f2cf,cached_perception_v2,0,0,0,,,0,0.0,0,19.846458919346333,1.7295870929956436,70.67436445504427,319.1022865964758,319.0389846458668,66.67136461340016,319.10569370028185,0.4010203939839605,144.855185077988
sugar_box_yalehand0_black10_2,950,0.4180526255021138,0.4430744389707711,0.5367982245706547,0.5346524026857815,0.02613029074995339,0.026025836325212704,0.017080745341614908,0.017080745341614908,0.025021813468657284,-0.0021458218848732225,MODE_4_TRUSTED_FUSION,full,four_mode_relocalization_v2,0.5009830137210453,0,0,0,False,0,0,0.4180526255021138,0,0,restarted_se3,0,45.83398345857859,3.3930083736777306,0,951,cache_read_only_not_online_fps,178d419b5d7b38d165994fad2d41dc67b8cffa4444c416451632d3659ff5f2cf,cached_perception_v2,0,0,0,,,0,0.0,0,20.746663212776184,1.7426004633307457,71.71625550836325,319.74496068234305,319.74321128263364,66.6224848121217,319.748860652887,0.43013619141082143,144.84464243064238
sugar_box_yalehand0_black10_2,951,0.34243443090202647,0.40906719373985806,0.5477246530379998,0.5435556417444165,0.026662167979872798,0.026459228640182728,0.0375,0.02702702702702703,0.0666327628378316,-0.004169011293583269,MODE_4_TRUSTED_FUSION,full,four_mode_relocalization_v2,0.5018757694675039,0,0,0,False,0,0,0.34243443090202647,0,0,restarted_se3,0,42.92740114033222,3.651919774711132,0,952,cache_read_only_not_online_fps,178d419b5d7b38d165994fad2d41dc67b8cffa4444c416451632d3659ff5f2cf,cached_perception_v2,0,0,0,,,0,0.0,0,20.33948991447687,1.7311405390501022,68.64995136857033,319.62753695634467,319.70448891144724,66.62745097592237,319.6240110783873,0.3749812957918235,144.90751662141338
sugar_box_yalehand0_black10_2,952,0.37041096351916375,0.3387008508429588,0.5410587896071901,0.5395059025494173,0.02633768674730938,0.02626209523365656,0.02702702702702703,0.02702702702702703,-0.03171011267620494,-0.0015528870577727893,MODE_4_TRUSTED_FUSION,full,four_mode_relocalization_v2,0.5007054955827858,0,0,0,False,0,0,0.3387008508429588,0,0,restarted_se3,0,44.296407140791416,3.8568563759326935,0,953,cache_read_only_not_online_fps,178d419b5d7b38d165994fad2d41dc67b8cffa4444c416451632d3659ff5f2cf,cached_perception_v2,0,0,0,,,0,0.0,0,20.06628457456827,1.7355922609567642,69.95514035224915,319.47322671778704,319.4087728365086,66.55748450644914,319.4692686086793,0.3472576094039645,144.9567075613301
sugar_box_yalehand0_black10_2,953,0.4678559953661923,0.360918734538436,0.5837634969583598,0.5556532374916602,0.028416468621765563,0.02704811600936826,0.04219409282700422,0.0375,-0.10693726082775634,-0.02811025946669965,MODE_4_TRUSTED_FUSION,full,four_mode_relocalization_v2,0.5121225865693727,0,0,0,False,0,0,0.360918734538436,0,0,restarted_se3,0,43.88007149100304,3.6557968705892563,0,954,cache_read_only_not_online_fps,178d419b5d7b38d165994fad2d41dc67b8cffa4444c416451632d3659ff5f2cf,cached_perception_v2,0,0,0,,,0,0.0,0,19.757473841309547,1.7836112529039383,69.07695345580578,319.2273925466936,319.18945426909266,66.60866955412918,319.22342350820696,0.41041658362413064,144.9541791878337
sugar_box_yalehand0_black10_2,954,0.4691983516944632,0.47285841869389217,0.5465373655788311,0.5656180119517675,0.026604373141716122,0.027533181797558176,0.02702702702702703,0.04219409282700422,0.003660066999428946,0.019080646372936383,MODE_4_TRUSTED_FUSION,full,four_mode_relocalization_v2,0.4915733093038191,0,0,0,False,0,0,0.4691983516944632,0,0,restarted_se3,0,44.599697925150394,3.791564144194126,0,955,cache_read_only_not_online_fps,178d419b5d7b38d165994fad2d41dc67b8cffa4444c416451632d3659ff5f2cf,cached_perception_v2,0,0,0,,,0,0.0,0,20.635556429624557,1.7413021996617317,70.76812069863081,319.08264317878735,319.01545189519686,66.54434609458083,319.0782571750346,0.469791121797123,144.94343453432833
sugar_box_yalehand0_black10_2,955,0.4143054908525262,0.5031806857001118,0.566081808288997,0.5800521952818488,0.027555758498794967,0.028235809693644875,0.04219409282700422,0.04219409282700422,0.08887519484758555,0.013970386992851802,MODE_4_TRUSTED_FUSION,full,four_mode_relocalization_v2,0.4940099564243592,0,0,0,False,0,0,0.4143054908525262,0,0,restarted_se3,0,41.757699102163315,4.124387167394161,0,956,cache_read_only_not_online_fps,178d419b5d7b38d165994fad2d41dc67b8cffa4444c416451632d3659ff5f2cf,cached_perception_v2,0,0,0,,,0,0.0,0,20.095826126635075,1.7332546412944794,67.71116703748703,318.8503373289267,318.83629250867284,66.51583430472216,318.84548610856007,0.45747511697229226,144.98327690266007
sugar_box_yalehand0_black10_2,956,0.4232974273025913,0.4530644178889036,0.5515223539437182,0.5571286034851831,0.02684703265398224,0.027119933948788946,0.0375,0.03874742184509312,0.029766990586312325,0.005606249541464936,MODE_4_TRUSTED_FUSION,full,four_mode_relocalization_v2,0.4975163935738663,0,0,0,False,0,0,0.4232974273025913,0,0,restarted_se3,0,45.685418881475925,3.7915771827101707,0,957,cache_read_only_not_online_fps,178d419b5d7b38d165994fad2d41dc67b8cffa4444c416451632d3659ff5f2cf,cached_perception_v2,0,0,0,,,0,0.0,0,20.73429711163044,1.7479341477155685,71.9592273235321,318.64506378926023,318.6454678922274,66.52522460492149,318.6400381824172,0.4378452857209853,145.0065179133067
sugar_box_yalehand0_black10_2,957,0.43650876166640534,0.46672707560488036,0.5274610563784974,0.54694928152606,0.02567577561097835,0.026624424406740784,0.017080745341614908,0.02702702702702703,0.030218313938475017,0.019488225147562654,MODE_4_TRUSTED_FUSION,full,four_mode_relocalization_v2,0.49109647246896615,0,0,0,False,0,0,0.43650876166640534,0,0,restarted_se3,0,45.481317676603794,5.1298607140779495,0,958,cache_read_only_not_online_fps,178d419b5d7b38d165994fad2d41dc67b8cffa4444c416451632d3659ff5f2cf,cached_perception_v2,0,0,0,,,0,0.0,0,23.045017383992672,1.7872219905257225,75.44341776520014,318.531701668243,318.52981115455583,66.49876338747104,318.5263348828517,0.44931056901419963,144.9447713040458
sugar_box_yalehand0_black10_2,958,0.31847442660921466,0.5424546497754895,0.6317933625253795,0.7161966701171414,0.03075446881345996,0.03486305723026124,0.04219409282700422,0.0891009055627426,0.22398022316627486,0.08440330759176184,MODE_4_TRUSTED_FUSION,full,four_mode_relocalization_v2,0.4691506130974063,0,0,0,False,0,0,0.31847442660921466,0,0,restarted_se3,0,45.49942538142204,3.7375548854470253,0,959,cache_read_only_not_online_fps,178d419b5d7b38d165994fad2d41dc67b8cffa4444c416451632d3659ff5f2cf,cached_perception_v2,0,0,0,,,0,0.0,0,20.51706239581108,1.7896275967359543,71.5436702594161,318.4052007053307,318.46410581400863,66.32484899342835,318.39951792735457,0.4027964369867589,144.73846042122162
sugar_box_yalehand0_black10_2,959,0.44427948780212084,0.6020791969569176,0.6536842974320722,0.7184376911608698,0.03182007683471915,0.034972145764405,0.0891009055627426,0.0891009055627426,0.15779970915479674,0.06475339372879751,MODE_4_TRUSTED_FUSION,full,four_mode_relocalization_v2,0.4767429168350951,0,0,0,False,0,0,0.44427948780212084,0,0,restarted_se3,0,43.65292750298977,3.577709197998047,0,960,cache_read_only_not_online_fps,178d419b5d7b38d165994fad2d41dc67b8cffa4444c416451632d3659ff5f2cf,cached_perception_v2,0,0,0,,,0,0.0,0,21.148404106497765,1.4337170869112015,69.81275789439678,318.69799864370526,318.74046917539795,65.63715336656556,318.6920539210986,0.4569430237155261,144.26427676266317
sugar_box_yalehand0_black10_2,960,0.6447895490521562,0.565510720789954,0.5783357714458247,0.6098429439754838,0.02815225752854349,0.029685965244450014,0.04219409282700422,0.04219409282700422,-0.07927882826220223,0.03150717252965907,MODE_4_TRUSTED_FUSION,full,four_mode_relocalization_v2,0.4869608808169278,0,0,0,False,0,0,0.565510720789954,0,0,restarted_se3,0,43.89853682368994,3.6644721403717995,0,961,cache_read_only_not_online_fps,178d419b5d7b38d165994fad2d41dc67b8cffa4444c416451632d3659ff5f2cf,cached_perception_v2,0,0,0,,,0,0.0,0,19.48718912899494,1.3760747388005257,68.4262728318572,318.4060116302583,318.35478954687517,65.24563908721746,318.39978348958886,0.5549728273080758,144.5388030298865
sugar_box_yalehand0_black10_2,961,0.8144440235035999,0.831765102894406,0.6350869899553838,0.5660505155113403,0.030914796173776522,0.02755423522740338,0.04219409282700422,0.04219409282700422,0.01732107939080607,-0.06903647444404348,MODE_4_TRUSTED_FUSION,full,four_mode_relocalization_v2,0.5282672811763559,0,0,0,False,0,0,0.8144440235035999,0,0,restarted_se3,0,43.59897039830685,3.9113126695156097,0,962,cache_read_only_not_online_fps,178d419b5d7b38d165994fad2d41dc67b8cffa4444c416451632d3659ff5f2cf,cached_perception_v2,0,0,0,,,0,0.0,0,19.78594157844782,1.153239980340004,68.44946462661028,317.91440110976725,317.7967411965015,64.94617375440733,317.90798851676027,0.7757447686521881,144.88383021295127
sugar_box_yalehand0_black10_2,962,1.1977316062725354,1.0081918878097273,0.6311208733313174,0.5339471217477604,0.03072173335092913,0.025991504624533864,0.04219409282700422,0.017080745341614908,-0.18953971846280804,-0.09717375158355701,MODE_4_TRUSTED_FUSION,full,four_mode_relocalization_v2,0.5409992304184507,0,0,0,False,0,1,1.0081918878097273,0,0,restarted_se3,0,44.63103972375393,3.7377653643488884,0,963,cache_read_only_not_online_fps,178d419b5d7b38d165994fad2d41dc67b8cffa4444c416451632d3659ff5f2cf,cached_perception_v2,0,0,0,,,0,0.0,0,20.300612784922123,1.1368347331881523,69.80625260621309,317.7591367254803,317.7672160331932,64.906662843836,317.7525635084295,1.0157452096684196,144.85003296745953
sugar_box_yalehand0_black10_2,963,1.5032133211178673,1.345731659939053,0.6108008999882706,0.627470162830624,0.029732596675021167,0.030544023883087044,0.04219409282700422,0.04219409282700422,-0.15748166117881435,0.016669262842353372,MODE_4_TRUSTED_FUSION,full,four_mode_relocalization_v2,0.4933761240582735,0,0,0,False,0,1,1.345731659939053,0,0,restarted_se3,0,46.493745408952236,3.8117337971925735,0,964,cache_read_only_not_online_fps,178d419b5d7b38d165994fad2d41dc67b8cffa4444c416451632d3659ff5f2cf,cached_perception_v2,0,0,0,,,0,0.0,0,20.31901851296425,1.2496719136834145,71.87416963279247,316.69889113260064,316.73870057411136,64.61670618449088,316.69190205854034,1.4163939572281803,145.2264440026783
sugar_box_yalehand0_black10_2,964,2.073701334698546,1.6261467203974849,0.6253464621095943,0.8451890459100525,0.030440646273463292,0.041142154532961744,0.04219409282700422,0.0891009055627426,-0.44755461430106114,0.21984258380045818,MODE_4_TRUSTED_FUSION,full,four_mode_relocalization_v2,0.42625382534746015,0,0,0,False,0,1,1.6261467203974849,0,0,restarted_se3,0,43.441896326839924,4.020036198198795,0,965,cache_read_only_not_online_fps,178d419b5d7b38d165994fad2d41dc67b8cffa4444c416451632d3659ff5f2cf,cached_perception_v2,0,0,0,,,0,0.0,0,20.31390368938446,1.2187976390123367,68.99463385343552,316.11162973294205,316.1374762894613,63.891503910877404,316.10423540874467,1.8368021932920384,145.94874146555426
sugar_box_yalehand0_black10_2,965,0.9269921154173771,1.6336309221018919,0.6090422338746115,0.7238396218336955,0.02964698823822211,0.03523510121513312,0.04219409282700422,0.0891009055627426,0.7066388066845147,0.11479738795908401,MODE_4_TRUSTED_FUSION,full,four_mode_relocalization_v2,0.45757301811879897,0,0,0,False,0,0,0.9269921154173771,0,0,restarted_se3,0,42.96864941716194,3.876868635416031,0,966,cache_read_only_not_online_fps,178d419b5d7b38d165994fad2d41dc67b8cffa4444c416451632d3659ff5f2cf,cached_perception_v2,0,0,0,,,0,0.0,0,20.355956628918648,1.076389104127884,68.2778637856245,310.22651710727433,310.22244262850984,67.48662526633031,310.2187974510972,1.2397627463172018,151.95220398104925
sugar_box_yalehand0_black10_2,966,1.6217874190334598,2.541173351031351,0.48977888269822173,0.49226393922764566,0.02384148088106677,0.023962448586755166,0.017080745341614908,0.017080745341614908,0.919385931997891,0.0024850565294239346,MODE_4_TRUSTED_FUSION,full,four_mode_relocalization_v2,0.49876000482462024,0,0,0,False,0,1,1.6217874190334598,0,0,restarted_se3,0,45.753635466098785,3.6921491846442223,0,967,cache_read_only_not_online_fps,178d419b5d7b38d165994fad2d41dc67b8cffa4444c416451632d3659ff5f2cf,cached_perception_v2,0,0,0,,,0,0.0,0,19.823528826236725,1.2169666588306427,70.48628013581038,306.83556570520756,306.8151564499732,70.68268615140974,306.8275345734919,2.042339866413404,155.81592481253267
sugar_box_yalehand0_black10_2,967,1.1125501917394323,1.8398994184165012,0.4809452101949227,0.4925292089878439,0.023411474930347217,0.023975361401373164,0.0019588638589618022,0.017080745341614908,0.7273492266770689,0.011583998792921213,MODE_4_TRUSTED_FUSION,full,four_mode_relocalization_v2,0.4941699561814334,0,0,0,False,0,1,1.1125501917394323,0,0,restarted_se3,0,44.075760059058666,3.6401553079485893,0,968,cache_read_only_not_online_fps,178d419b5d7b38d165994fad2d41dc67b8cffa4444c416451632d3659ff5f2cf,cached_perception_v2,0,0,0,,,0,0.0,0,20.066590048372746,2.0989710465073586,69.88147646188736,306.80402203782506,306.790367630952,70.61614482739056,306.79560047252784,1.4533400503151508,155.76856299542027
sugar_box_yalehand0_black10_2,968,1.2007065820325098,2.255296147827204,0.5979303222561945,0.7179385810909733,0.029106082050223338,0.03494785005952808,0.04219409282700422,0.0891009055627426,1.054589565794694,0.12000825883477884,MODE_4_TRUSTED_FUSION,full,four_mode_relocalization_v2,0.45508232187526604,0,0,0,False,0,1,1.2007065820325098,0,0,restarted_se3,0,43.74140687286854,5.067269317805767,0,969,cache_read_only_not_online_fps,178d419b5d7b38d165994fad2d41dc67b8cffa4444c416451632d3659ff5f2cf,cached_perception_v2,0,0,0,,,0,0.0,0,19.66946106404066,2.2124769166111946,70.69061417132616,306.8580943411425,306.81675355230544,70.54040091030083,306.84940509274094,1.6732185896654772,155.70807284559731
sugar_box_yalehand0_black10_2,969,0.9410874628127355,2.0744846825264234,0.6563960590550609,0.9399506938983088,0.03195208010225964,0.04575496676023459,0.0891009055627426,0.0891009055627426,1.133397219713688,0.28355463484324783,MODE_4_TRUSTED_FUSION,full,four_mode_relocalization_v2,0.41228533285783503,0,0,0,False,0,0,0.9410874628127355,0,0,restarted_se3,0,42.5398088991642,4.2759571224451065,0,970,cache_read_only_not_online_fps,178d419b5d7b38d165994fad2d41dc67b8cffa4444c416451632d3659ff5f2cf,cached_perception_v2,0,0,0,,,0,0.0,0,19.56257503479719,2.10698414593935,68.48532520234585,306.85185101694185,306.83107528884113,70.50516556162475,306.84296420328167,1.4862001181221582,155.71653869407666
sugar_box_yalehand0_black10_2,970,0.8586866149318463,1.3825607703442768,0.7174653023713873,0.811260172136666,0.03492481177440998,0.039490563123123976,0.0891009055627426,0.0891009055627426,0.5238741554124305,0.09379486976527873,MODE_4_TRUSTED_FUSION,full,four_mode_relocalization_v2,0.4697186908496251,0,0,0,False,0,0,0.8586866149318463,0,0,restarted_se3,0,44.6214834228158,3.599950112402439,0,971,cache_read_only_not_online_fps,178d419b5d7b38d165994fad2d41dc67b8cffa4444c416451632d3659ff5f2cf,cached_perception_v2,0,0,0,,,0,0.0,0,20.145950838923454,2.0905639976263046,70.457948371768,306.9311383748678,306.90641836414477,70.43649812785225,306.9220229868941,1.104160503748672,155.67729068334845
sugar_box_yalehand0_black10_2,971,0.8980733423113192,1.0236351599552778,0.754708182214517,0.8402773327927202,0.03673772253700597,0.0409030619168509,0.0891009055627426,0.0891009055627426,0.12556181764395857,0.08556915057820325,MODE_4_TRUSTED_FUSION,full,four_mode_relocalization_v2,0.4735077653071645,0,0,0,False,0,0,0.8980733423113192,0,0,restarted_se3,0,45.31805124133825,4.28040511906147,0,972,cache_read_only_not_online_fps,178d419b5d7b38d165994fad2d41dc67b8cffa4444c416451632d3659ff5f2cf,cached_perception_v2,0,0,0,,,0,0.0,0,20.292574539780617,2.069094218313694,71.96012511849403,307.0122205269111,306.9989975159966,70.36392524477442,307.00293507451244,0.961455181290325,155.61968650911334
sugar_box_yalehand0_black10_2,972,0.8539972657091756,0.9405103721190309,0.7302363500205448,0.8735969723001064,0.03554648146886716,0.04252499699070105,0.0891009055627426,0.0891009055627426,0.08651310640985532,0.1433606222795616,MODE_4_TRUSTED_FUSION,full,four_mode_relocalization_v2,0.4558573468381958,0,0,0,False,0,0,0.8539972657091756,0,0,restarted_se3,0,44.7046821936965,3.6415988579392433,0,973,cache_read_only_not_online_fps,178d419b5d7b38d165994fad2d41dc67b8cffa4444c416451632d3659ff5f2cf,cached_perception_v2,0,0,0,,,0,0.0,0,20.89691534638405,1.633964478969574,70.87716087698936,307.14166549979893,307.13313693770084,70.26760174937537,307.13218224840057,0.8908062642953548,155.52805984434565
sugar_box_yalehand0_black10_2,973,0.9297544590363523,0.8358449425954593,0.7453171569321447,0.7919440230466568,0.03628058573990717,0.0385502906542739,0.0891009055627426,0.0891009055627426,-0.09390951644089307,0.046626866114512056,MODE_4_TRUSTED_FUSION,full,four_mode_relocalization_v2,0.48502920810138384,0,0,0,False,0,0,0.8358449425954593,0,0,restarted_se3,0,44.410659931600094,4.2180633172392845,0,974,cache_read_only_not_online_fps,178d419b5d7b38d165994fad2d41dc67b8cffa4444c416451632d3659ff5f2cf,cached_perception_v2,0,0,0,,,0,0.0,0,20.91069519519806,1.6193250194191933,71.15874346345663,307.22069974553,307.22281648985825,70.16025601923064,307.21101094236667,0.8785166847609355,155.46351285057983
sugar_box_yalehand0_black10_2,974,0.8869623616323593,0.7932426035254996,0.7457684784444198,0.7316457701342671,0.03630255519099261,0.03561508929146168,0.0891009055627426,0.0891009055627426,-0.09371975810685973,-0.01412270831015272,MODE_4_TRUSTED_FUSION,full,four_mode_relocalization_v2,0.5047156985194838,0,0,0,False,0,0,0.7932426035254996,0,0,restarted_se3,0,42.95187629759312,4.185650497674942,0,975,cache_read_only_not_online_fps,178d419b5d7b38d165994fad2d41dc67b8cffa4444c416451632d3659ff5f2cf,cached_perception_v2,0,0,0,,,0,0.0,0,20.559239201247692,1.9526705145835876,69.64943651109934,307.3640462909179,307.34489878186133,70.12039947233187,307.35417233283664,0.8372609350485567,155.43391420560135
sugar_box_yalehand0_black10_2,975,0.9694083198041035,0.8652587807457167,0.7413950095377054,0.7241824485408529,0.03608966325341265,0.03525178935068356,0.0891009055627426,0.0891009055627426,-0.10414953905838675,-0.017212560996852533,MODE_4_TRUSTED_FUSION,full,four_mode_relocalization_v2,0.5057932223268639,0,0,0,False,0,0,0.8652587807457167,0,0,restarted_se3,0,44.69677712768316,3.7652775645256042,0,976,cache_read_only_not_online_fps,178d419b5d7b38d165994fad2d41dc67b8cffa4444c416451632d3659ff5f2cf,cached_perception_v2,0,0,0,,,0,0.0,0,22.794260643422604,1.8635252490639687,73.11984058469534,307.5271782292836,307.5179900008914,70.05179850019874,307.51719591800696,0.9174601917762771,155.3338758366964
sugar_box_yalehand0_black10_2,976,0.9511689359525394,0.9934986239458212,0.7402518268951964,0.7277227859204559,0.03603401535172119,0.035424126070232036,0.0891009055627426,0.0891009055627426,0.04232968799328185,-0.012529040974740502,MODE_4_TRUSTED_FUSION,full,four_mode_relocalization_v2,0.5042100990389319,0,0,0,False,0,0,0.9511689359525394,0,0,restarted_se3,0,44.80711929500103,3.7020379677414894,0,977,cache_read_only_not_online_fps,178d419b5d7b38d165994fad2d41dc67b8cffa4444c416451632d3659ff5f2cf,cached_perception_v2,0,0,0,,,0,0.0,0,20.32685838639736,1.130743883550167,69.96675953269005,307.5651965437635,307.59906277867293,69.99176824574249,307.5550552382546,0.9719286719009443,155.28899856529276
sugar_box_yalehand0_black10_2,977,0.9350473651291442,0.9997559262750193,0.7556008364777308,0.7385227885387647,0.0367811752057543,0.035949849136366216,0.0891009055627426,0.0891009055627426,0.06470856114587509,-0.017078047938966057,MODE_4_TRUSTED_FUSION,full,four_mode_relocalization_v2,0.5056395817543564,0,0,0,False,0,0,0.9350473651291442,0,0,restarted_se3,0,43.14237739890814,3.873213194310665,0,978,cache_read_only_not_online_fps,178d419b5d7b38d165994fad2d41dc67b8cffa4444c416451632d3659ff5f2cf,cached_perception_v2,0,0,0,,,0,0.0,0,20.592418499290943,1.1240830644965172,68.73209215700626,307.8348389453013,307.81364375109575,69.87635090281114,307.8245376180898,0.9673350033121442,155.1764765159038
sugar_box_yalehand0_black10_2,978,0.9793706975369629,0.9797973371037704,0.757406373251873,0.7538623460266214,0.03686906521490216,0.036696548880863156,0.0891009055627426,0.0891009055627426,0.00042663956680744075,-0.0035440272252516003,MODE_4_TRUSTED_FUSION,full,four_mode_relocalization_v2,0.5011572192328599,0,0,0,False,0,0,0.9793706975369629,0,0,restarted_se3,0,44.76017039269209,3.9465464651584625,0,979,cache_read_only_not_online_fps,178d419b5d7b38d165994fad2d41dc67b8cffa4444c416451632d3659ff5f2cf,cached_perception_v2,0,0,0,,,0,0.0,0,20.847667939960957,1.074405387043953,70.62879018485546,307.9924676404771,307.9582044521835,69.78954719520422,307.98209900453406,0.9799798556315742,155.14245505757555
sugar_box_yalehand0_black10_2,979,0.9215670776148688,0.9390071908145016,0.7574082814515758,0.7756544470936831,0.03686915810234247,0.03775734586354718,0.0891009055627426,0.0891009055627426,0.01744011319963279,0.018246165642107348,MODE_4_TRUSTED_FUSION,full,four_mode_relocalization_v2,0.49412574736784826,0,0,0,False,0,0,0.9215670776148688,0,0,restarted_se3,0,43.31649001687765,3.908224403858185,0,980,cache_read_only_not_online_fps,178d419b5d7b38d165994fad2d41dc67b8cffa4444c416451632d3659ff5f2cf,cached_perception_v2,0,0,0,,,0,0.0,0,20.41490189731121,1.1199964210391045,68.75961273908615,308.1896469175073,308.1590184563206,69.75928496215006,308.1792020229245,0.930285274052671,155.1145403116928
sugar_box_yalehand0_black10_2,980,0.986131140407127,0.9636103769038131,0.7529024757093223,0.7675027968032563,0.036649824265681474,0.037360539424123575,0.0891009055627426,0.0891009055627426,-0.02252076350331389,0.014600321093933943,MODE_4_TRUSTED_FUSION,full,four_mode_relocalization_v2,0.49526088317325767,0,0,0,False,0,0,0.9636103769038131,0,0,restarted_se3,0,44.325727969408035,3.731881268322468,0,981,cache_read_only_not_online_fps,178d419b5d7b38d165994fad2d41dc67b8cffa4444c416451632d3659ff5f2cf,cached_perception_v2,0,0,0,,,0,0.0,0,20.235925912857056,1.2007588520646095,69.49429400265217,308.437431392068,308.42392542456486,69.67860846730854,308.42695184289107,0.9739220868881607,154.99819797622553
sugar_box_yalehand0_black10_2,981,0.9004604536303594,0.9485980012113256,0.7610868632485361,0.7710729381007937,0.03704822429053439,0.037534326940275815,0.0891009055627426,0.0891009055627426,0.04813754758096622,0.009986074852257554,MODE_4_TRUSTED_FUSION,full,four_mode_relocalization_v2,0.49678316793039723,0,0,0,False,0,0,0.9004604536303594,0,0,restarted_se3,0,45.29891349375248,3.8332268595695496,0,982,cache_read_only_not_online_fps,178d419b5d7b38d165994fad2d41dc67b8cffa4444c416451632d3659ff5f2cf,cached_perception_v2,0,0,0,,,0,0.0,0,20.63120435923338,1.0282443836331367,70.79158909618855,308.6115981931777,308.60562677069674,69.67627198786178,308.60111449904946,0.9242163325691466,154.9916484274122
sugar_box_yalehand0_black10_2,982,0.9583943462210323,0.9298021247608685,0.7569191866017527,0.7704404988627434,0.03684534991884782,0.03750354103150134,0.0891009055627426,0.0891009055627426,-0.028592221460163714,0.013521312260990626,MODE_4_TRUSTED_FUSION,full,four_mode_relocalization_v2,0.49563084382125033,0,0,0,False,0,0,0.9298021247608685,0,0,restarted_se3,0,43.30610763281584,3.7067607045173645,0,983,cache_read_only_not_online_fps,178d419b5d7b38d165994fad2d41dc67b8cffa4444c416451632d3659ff5f2cf,cached_perception_v2,0,0,0,,,0,0.0,0,20.762600004673004,1.019338145852089,68.7948064878583,308.89767505496707,308.88398372974024,69.5667487465526,308.8871970138243,0.944523588557912,154.8960441970634
sugar_box_yalehand0_black10_2,983,0.933665264041938,0.9452630029561254,0.7516505318238732,0.7579754244936671,0.0365888820787814,0.03689676551963322,0.0891009055627426,0.0891009055627426,0.011597738914187472,0.006324892669793858,MODE_4_TRUSTED_FUSION,full,four_mode_relocalization_v2,0.49793253617210426,0,0,0,False,0,0,0.933665264041938,0,0,restarted_se3,0,43.33775024861097,3.8549890741705894,0,984,cache_read_only_not_online_fps,178d419b5d7b38d165994fad2d41dc67b8cffa4444c416451632d3659ff5f2cf,cached_perception_v2,0,0,0,,,0,0.0,0,22.874537855386734,0.8990839123725891,70.96636109054089,309.17800110045243,309.16728657727265,69.55456830304627,309.1674973453482,0.9393013871177223,154.80336258563966
sugar_box_yalehand0_black10_2,984,0.9155055280594712,0.8997549553321864,0.7370805957273187,0.7435224082485166,0.03587964600275727,0.03619322087396744,0.0891009055627426,0.0891009055627426,-0.01575057272728475,0.006441812521197909,MODE_4_TRUSTED_FUSION,full,four_mode_relocalization_v2,0.49785359202129725,0,0,0,False,0,0,0.8997549553321864,0,0,restarted_se3,0,44.47549395263195,3.8865702226758003,0,985,cache_read_only_not_online_fps,178d419b5d7b38d165994fad2d41dc67b8cffa4444c416451632d3659ff5f2cf,cached_perception_v2,0,0,0,,,0,0.0,0,20.515023730695248,1.354290172457695,70.2313780784607,309.4551414663573,309.4299973764912,69.52257594206162,309.4446142727435,0.9075608022519529,154.77295034106692
sugar_box_yalehand0_black10_2,985,0.9005433351453037,0.8885525463356577,0.758347436629878,0.7399209301989548,0.036914874344954836,0.036017907945837146,0.0891009055627426,0.0891009055627426,-0.011990788809645991,-0.01842650643092325,MODE_4_TRUSTED_FUSION,full,four_mode_relocalization_v2,0.5060682639622567,0,0,0,False,0,0,0.8885525463356577,0,0,restarted_se3,0,45.35944852977991,4.470565356314182,0,986,cache_read_only_not_online_fps,178d419b5d7b38d165994fad2d41dc67b8cffa4444c416451632d3659ff5f2cf,cached_perception_v2,0,0,0,,,0,0.0,0,20.1791413128376,1.215304248034954,71.22445944696665,309.7823403064173,309.74932010572996,69.4914833495741,309.7717727071448,0.8944495132531366,154.71207372403723
sugar_box_yalehand0_black10_2,986,0.9509523365061812,0.9222347757549102,0.748143113185472,0.7557096927346983,0.036418147779359054,0.03678647411606047,0.0891009055627426,0.0891009055627426,-0.028717560751270965,0.007566579549226349,MODE_4_TRUSTED_FUSION,full,four_mode_relocalization_v2,0.49751728660411615,0,0,0,False,0,0,0.9222347757549102,0,0,restarted_se3,0,45.55984679609537,4.345388151705265,0,987,cache_read_only_not_online_fps,178d419b5d7b38d165994fad2d41dc67b8cffa4444c416451632d3659ff5f2cf,cached_perception_v2,0,0,0,,,0,0.0,0,20.82638628780842,1.2086080387234688,71.94022927433252,310.15492028410324,310.1535734769675,69.36216725161947,310.1443229701006,0.9366478702394317,154.57131414507998
sugar_box_yalehand0_black10_2,987,0.913101905811035,0.9392484500774764,0.772604122901903,0.7695404244888503,0.03760886203039631,0.03745972716623526,0.0891009055627426,0.0891009055627426,0.026146544266441363,-0.0030636984130526512,MODE_4_TRUSTED_FUSION,full,four_mode_relocalization_v2,0.5009806065700417,0,0,0,False,0,0,0.913101905811035,0,0,restarted_se3,0,45.37357576191425,3.838622011244297,0,988,cache_read_only_not_online_fps,178d419b5d7b38d165994fad2d41dc67b8cffa4444c416451632d3659ff5f2cf,cached_perception_v2,0,0,0,,,0,0.0,0,20.77667135745287,1.2209434062242508,71.20981253683567,310.41181357383755,310.43232873242863,69.36269961665984,310.4012075381898,0.9261179420401255,154.5287805309458
sugar_box_yalehand0_black10_2,988,0.9257335757841725,0.9138372821225635,0.7572041275919623,0.765731871029684,0.03685922029058146,0.037274334210987775,0.0891009055627426,0.0891009055627426,-0.011896293661608937,0.008527743437721669,MODE_4_TRUSTED_FUSION,full,four_mode_relocalization_v2,0.4972365206835087,0,0,0,False,0,0,0.9138372821225635,0,0,restarted_se3,0,44.4183386862278,3.8386350497603416,0,989,cache_read_only_not_online_fps,178d419b5d7b38d165994fad2d41dc67b8cffa4444c416451632d3659ff5f2cf,cached_perception_v2,0,0,0,,,0,0.0,0,21.32494654506445,1.1503370478749275,70.73225732892752,310.67315574352955,310.65751257539773,69.35955291933931,310.6625526778937,0.9198428934713964,154.55099249413422
sugar_box_yalehand0_black10_2,989,1.0032519599682217,0.9692773741710089,0.7740536773255935,0.7571683578387746,0.037679423512933276,0.03685747908875167,0.0891009055627426,0.0891009055627426,-0.0339745857972128,-0.016885319486818928,MODE_4_TRUSTED_FUSION,full,four_mode_relocalization_v2,0.5054425862655536,0,0,0,False,0,0,0.9692773741710089,0,0,restarted_se3,0,44.64409686625004,3.9055608212947845,0,990,cache_read_only_not_online_fps,178d419b5d7b38d165994fad2d41dc67b8cffa4444c416451632d3659ff5f2cf,cached_perception_v2,0,0,0,,,0,0.0,0,20.446467213332653,1.3084523379802704,70.30457723885775,311.15164073292686,311.1135189481073,69.2527533486159,311.1410410713867,0.9864739197405447,154.38631187434987
sugar_box_yalehand0_black10_2,990,0.925404492284552,0.9813311205565068,0.7706902898218393,0.7736453158079093,0.03751570036826723,0.037659545270607275,0.0891009055627426,0.0891009055627426,0.055926628271954826,0.0029550259860700034,MODE_4_TRUSTED_FUSION,full,four_mode_relocalization_v2,0.49905550126985676,0,0,0,False,0,0,0.925404492284552,0,0,restarted_se3,0,44.94014009833336,3.91379464417696,0,991,cache_read_only_not_online_fps,178d419b5d7b38d165994fad2d41dc67b8cffa4444c416451632d3659ff5f2cf,cached_perception_v2,0,0,0,,,0,0.0,0,25.614311918616295,0.7814867421984673,75.24973340332508,311.6016046773801,311.54215957752893,69.20626656577625,311.590500144248,0.9532623947020985,154.32978185116235
sugar_box_yalehand0_black10_2,991,0.9414367049906724,0.9303896455798772,0.7908011336472971,0.7884716806517422,0.038494657027087084,0.03838126379798152,0.0891009055627426,0.0891009055627426,-0.011047059410795201,-0.0023294529955548704,MODE_4_TRUSTED_FUSION,full,four_mode_relocalization_v2,0.5007282850601621,0,0,0,False,0,0,0.9303896455798772,0,0,restarted_se3,0,44.53712888062,3.8442369550466537,0,992,cache_read_only_not_online_fps,178d419b5d7b38d165994fad2d41dc67b8cffa4444c416451632d3659ff5f2cf,cached_perception_v2,0,0,0,,,0,0.0,0,20.08501160889864,1.2208987027406693,69.68727614730597,311.94768760833716,311.9198206794068,69.22618509896557,311.93638626840544,0.9360575933688978,154.31929324510045
sugar_box_yalehand0_black10_2,992,0.9995412874545899,0.9973843735625206,0.7525520258647778,0.7747702118159999,0.03663276505066907,0.037714303014596426,0.0891009055627426,0.0891009055627426,-0.00215691389206929,0.022218185951222158,MODE_4_TRUSTED_FUSION,full,four_mode_relocalization_v2,0.49282043991543606,0,0,0,False,0,0,0.9973843735625206,0,0,restarted_se3,0,44.75488048046827,3.803107887506485,0,993,cache_read_only_not_online_fps,178d419b5d7b38d165994fad2d41dc67b8cffa4444c416451632d3659ff5f2cf,cached_perception_v2,0,0,0,,,0,0.0,0,20.58064192533493,1.3042781502008438,70.44290844351053,312.4622588896791,312.4511935085976,69.11995135179309,312.45085253175444,0.9983948283423295,154.15259099894692
sugar_box_yalehand0_black10_2,993,1.0026936144666123,0.9946943226214409,0.7499353790445846,0.7455739281401275,0.03650539178624318,0.03629308486157653,0.0891009055627426,0.0891009055627426,-0.007999291845171452,-0.004361450904457165,MODE_4_TRUSTED_FUSION,full,four_mode_relocalization_v2,0.5014389390034691,0,0,0,False,0,0,0.9946943226214409,0,0,restarted_se3,0,44.57760415971279,3.8246959447860718,0,994,cache_read_only_not_online_fps,178d419b5d7b38d165994fad2d41dc67b8cffa4444c416451632d3659ff5f2cf,cached_perception_v2,0,0,0,,,0,0.0,0,20.47884277999401,1.3133781030774117,70.19452098757029,312.91512442461624,312.9008545147748,69.10230463578071,312.90419731675144,0.9984513490569737,154.0912119934567
sugar_box_yalehand0_black10_2,994,0.9250380847091854,0.9704673933125738,0.7819701147517327,0.7499262728124695,0.038064780248817195,0.03650494851262208,0.0891009055627426,0.0891009055627426,0.04542930860338845,-0.03204384193926324,MODE_4_TRUSTED_FUSION,full,four_mode_relocalization_v2,0.5103240919290875,0,0,0,False,0,0,0.9250380847091854,0,0,restarted_se3,0,43.770539574325085,3.0736317858099937,0,995,cache_read_only_not_online_fps,178d419b5d7b38d165994fad2d41dc67b8cffa4444c416451632d3659ff5f2cf,cached_perception_v2,0,0,0,,,0,0.0,0,20.26286441832781,1.3151196762919426,68.42215545475483,313.30597575948013,313.2956057038004,69.14755185639692,313.2955817057575,0.9477173591968809,154.0813857630114
sugar_box_yalehand0_black10_2,995,0.9853085713986364,0.9758215599371228,0.7586644634329467,0.7672858517983081,0.03693030659148721,0.03734997896435197,0.0891009055627426,0.0891009055627426,-0.00948701146151354,0.008621388365361415,MODE_4_TRUSTED_FUSION,full,four_mode_relocalization_v2,0.49721162178356565,0,0,0,False,0,0,0.9758215599371228,0,0,restarted_se3,0,42.20783244818449,3.0495673418045044,0,996,cache_read_only_not_online_fps,178d419b5d7b38d165994fad2d41dc67b8cffa4444c416451632d3659ff5f2cf,cached_perception_v2,0,0,0,,,0,0.0,0,20.28024848550558,1.0167397558689117,66.55438803136349,313.7253393836261,313.7328265013263,69.05703418731186,313.7148429608674,0.9805069747149329,153.98471674625242
sugar_box_yalehand0_black10_2,996,1.0038904466721321,0.9440863878606098,0.7642039083305593,0.7549674257121065,0.0371999559665084,0.03675034200491212,0.0891009055627426,0.0891009055627426,-0.05980405881152229,-0.00923648261845278,MODE_4_TRUSTED_FUSION,full,four_mode_relocalization_v2,0.5030004725316034,0,0,0,False,0,0,0.9440863878606098,0,0,restarted_se3,0,44.037056155502796,1.5547769144177437,0,997,cache_read_only_not_online_fps,178d419b5d7b38d165994fad2d41dc67b8cffa4444c416451632d3659ff5f2cf,cached_perception_v2,0,0,0,,,0,0.0,0,9.275632910430431,1.4197863638401031,56.287252344191074,314.16575486996965,314.1589615825198,69.03616799882778,314.1545383589268,0.973692344326035,153.91257356242963
sugar_box_yalehand0_black10_2,997,0.9797028018001043,0.9926923525720918,0.7747878801994029,0.7764735837689912,0.03771516307704498,0.037797219839484544,0.0891009055627426,0.0891009055627426,0.01298955077198749,0.0016857035695883038,MODE_4_TRUSTED_FUSION,full,four_mode_relocalization_v2,0.49946358273010427,0,0,0,False,0,0,0.9797028018001043,0,0,restarted_se3,0,44.315130449831486,3.023912198841572,0,998,cache_read_only_not_online_fps,178d419b5d7b38d165994fad2d41dc67b8cffa4444c416451632d3659ff5f2cf,cached_perception_v2,0,0,0,,,0,0.0,0,20.462353713810444,1.1539692059159279,68.95536556839943,314.5008233620115,314.48394049191256,69.05229232548157,314.48862183574903,0.9862701032788737,153.89880793029144
sugar_box_yalehand0_black10_2,998,0.9574939470291094,0.9970527377766835,0.7475327912967485,0.7703155709404491,0.03638843850001827,0.03749745978386877,0.0891009055627426,0.0891009055627426,0.03955879074757407,0.022782779643700568,MODE_4_TRUSTED_FUSION,full,four_mode_relocalization_v2,0.4925926443064396,0,0,0,False,0,0,0.9574939470291094,0,0,restarted_se3,0,43.64367015659809,3.1334450468420982,0,999,cache_read_only_not_online_fps,178d419b5d7b38d165994fad2d41dc67b8cffa4444c416451632d3659ff5f2cf,cached_perception_v2,0,0,0,,,0,0.0,0,20.158703438937664,1.3747410848736763,68.31055972725153,314.8858212653114,314.84337890669383,69.06205737229291,314.8728375255052,0.9771506856476193,153.86409745412496
sugar_box_yalehand0_black10_2,999,0.9483354193091065,0.9757136032790775,0.7584264272849707,0.7543228268170177,0.036918719456003314,0.036718964187745826,0.0891009055627426,0.0891009055627426,0.02737818396997105,-0.004103600467952995,MODE_4_TRUSTED_FUSION,full,four_mode_relocalization_v2,0.5013386405039738,0,0,0,False,0,0,0.9483354193091065,0,0,restarted_se3,0,43.14977303147316,3.052408806979656,0,1000,cache_read_only_not_online_fps,178d419b5d7b38d165994fad2d41dc67b8cffa4444c416451632d3659ff5f2cf,cached_perception_v2,0,0,0,,,0,0.0,0,20.340895280241966,1.2734616175293922,67.81653873622417,315.32190014196095,315.2855496911037,69.01145393330236,315.30835206169,0.9620817204924019,153.77429196874343
sugar_box_yalehand0_black10_2,1000,0.9823259814807729,0.9612227627522054,0.7539746997513416,0.7473290061672863,0.03670201804107904,0.03637851863732196,0.0891009055627426,0.0891009055627426,-0.021103218728567463,-0.006645693584055312,MODE_4_TRUSTED_FUSION,full,four_mode_relocalization_v2,0.5021842100161198,0,0,0,False,0,0,0.9612227627522054,0,0,restarted_se3,0,43.53349097073078,3.083660267293453,0,1001,cache_read_only_not_online_fps,178d419b5d7b38d165994fad2d41dc67b8cffa4444c416451632d3659ff5f2cf,cached_perception_v2,0,0,0,,,0,0.0,0,21.036668680608273,1.2270957231521606,68.88091564178467,315.78686636755634,315.763731860899,68.99410175025523,315.77321456698576,0.9716750847374956,153.64923188031753
sugar_box_yalehand0_black10_2,1001,0.9912989842577227,0.9545584565111542,0.7674438134415981,0.7649104878654897,0.03735766822910282,0.03723435088035236,0.0891009055627426,0.0891009055627426,-0.03674052774656844,-0.002533325576108414,MODE_4_TRUSTED_FUSION,full,four_mode_relocalization_v2,0.5008159624300893,0,0,0,False,0,0,0.9545584565111542,0,0,restarted_se3,0,44.079551473259926,3.084915690124035,0,1002,cache_read_only_not_online_fps,178d419b5d7b38d165994fad2d41dc67b8cffa4444c416451632d3659ff5f2cf,cached_perception_v2,0,0,0,,,0,0.0,0,20.150629803538322,1.2335125356912613,68.54860950261354,316.12326259560655,316.1059994463561,68.9661680157661,316.1089297753079,0.9728791937856014,153.65680086219737
