episode,frame_id,E_obs_cm,E_prior_cm,E_obs_hat_cm,E_prior_hat_cm,e_obs_hat_norm,e_prior_hat_norm,p_obs_risk,p_prior_risk,delta_E_gt_cm,delta_E_hat_cm,selected_mode,policy_variant,policy_version,fusion_alpha,forced_streak_reset,motion_history_reset,restart_zero_velocity_prior,output_uncertain,output_quality_unverified,both_candidates_bad,local_candidate_oracle_cm,is_blackout,recovery_attempted,observer_source,observer_restart,observer_wall_ms,sam2_frame_wall_ms,sam2_propagated_frames_total,sam2_cached_frames_consumed,sam2_timing_scope,sam2_cache_receipt_sha256,perception_runtime_version,relocalization_attempted,relocalization_generated,relocalization_used,relocalization_raw_error_cm,relocalization_failure_reason,relocalization_cache_hit,relocalization_wall_ms,sam2_cache_hit,quality_wall_ms,transition_wall_ms,policy_wall_ms,error_b1_obs_cm,error_b2_cm,error_b3_cm,error_b4_cm,error_b5_ours_cm,error_b6_oracle_cm
cracker_box_reorient_occ60,1579908945563078571,0.44576605284124043,0.44576605284124043,0.36529159751518125,0.36529159751518125,0.013125097172476367,0.013125097172476367,0.0,0.0,0.0,0.0,MODE_4_TRUSTED_FUSION,full,four_mode_relocalization_v2,0.5,0,0,0,False,0,0,0.44576605284124043,0,0,precomputed,0,0.0,2.7523348107934,0,1,cache_read_only_not_online_fps,32fdd06d26764df247b0164387e6061cbe61664ba5aa2aabd173919761ed38aa,cached_perception_v2,0,0,0,,,0,0.0,0,17.25836005061865,6.759949028491974,26.770643889904022,0.44576605284124043,0.44576605284124043,0.44576605284124043,0.4457660528412448,0.44576605284124043,0.44576605284124043
cracker_box_reorient_occ60,1579908945614400461,0.4631885606159375,0.4631885606159375,0.38256715229663035,0.38256715229663035,0.013745815898987821,0.013745815898987821,0.0,0.0,0.0,0.0,MODE_4_TRUSTED_FUSION,full,four_mode_relocalization_v2,0.5,0,0,0,False,0,0,0.4631885606159375,0,0,precomputed,0,0.0,2.703694626688957,0,2,cache_read_only_not_online_fps,32fdd06d26764df247b0164387e6061cbe61664ba5aa2aabd173919761ed38aa,cached_perception_v2,0,0,0,,,0,0.0,0,15.213270671665668,1.0115643963217735,18.9285296946764,0.4631885606159375,0.4631885606159344,0.4631885606159375,0.4631885606159295,0.4631885606159344,0.4631885606159375
cracker_box_reorient_occ60,1579908945677830271,0.4820866239772969,0.49732353289835163,0.38416255511042835,0.420924834053606,0.013803139464880878,0.015124025263221298,0.0,0.0019588638589618022,0.015236908921054726,0.03676227894317763,MODE_4_TRUSTED_FUSION,full,four_mode_relocalization_v2,0.4777221907485311,0,0,0,False,0,0,0.4820866239772969,0,0,precomputed,0,0.0,3.0239513143897057,0,3,cache_read_only_not_online_fps,32fdd06d26764df247b0164387e6061cbe61664ba5aa2aabd173919761ed38aa,cached_perception_v2,0,0,0,,,0,0.0,0,16.013718210160732,0.9035281836986542,19.941197708249092,0.4820866239772969,0.48787367095444845,0.4820866239772969,0.48208662151169224,0.48752303192202484,0.4820866239772969
cracker_box_reorient_occ60,1579908945726924100,0.4895186218693664,0.5114011224313083,0.38435531494883163,0.3787787400491917,0.013810065415620515,0.013609696483114957,0.0,0.0,0.02188250056194191,-0.005576574899639919,MODE_4_TRUSTED_FUSION,full,four_mode_relocalization_v2,0.5035604216570904,0,0,0,False,0,0,0.4895186218693664,0,0,precomputed,0,0.0,3.2855449244379997,0,4,cache_read_only_not_online_fps,32fdd06d26764df247b0164387e6061cbe61664ba5aa2aabd173919761ed38aa,cached_perception_v2,0,0,0,,,0,0.0,0,17.215457744896412,1.0553570464253426,21.556359715759754,0.4895186218693664,0.501566265714747,0.4895186218693664,0.489518624891492,0.5014047362033429,0.4895186218693664
cracker_box_reorient_occ60,1579908945787589599,0.4575526003081273,0.5142911711656329,0.37588464250374803,0.38405292427286264,0.013505710210862979,0.013799200377844828,0.0,0.0,0.056738570857505666,0.008168281769114605,MODE_4_TRUSTED_FUSION,full,four_mode_relocalization_v2,0.49476350280005543,0,0,0,False,0,0,0.4575526003081273,0,0,precomputed,0,0.0,2.963886596262455,0,5,cache_read_only_not_online_fps,32fdd06d26764df247b0164387e6061cbe61664ba5aa2aabd173919761ed38aa,cached_perception_v2,0,0,0,,,0,0.0,0,16.783670522272587,1.024995930492878,20.77255304902792,0.4575526003081273,0.4870751252416372,0.4575526003081273,0.45755258144059874,0.48670034237332715,0.4575526003081273
cracker_box_reorient_occ60,1579908945852409410,0.47287911320442694,0.4718082780561856,0.3636587320057691,0.383271000693905,0.01306642755448788,0.013771105499602131,0.0,0.0,-0.0010708351482413558,0.019612268688135925,MODE_4_TRUSTED_FUSION,full,four_mode_relocalization_v2,0.48721377731757853,0,0,0,False,0,0,0.4718082780561856,0,0,precomputed,0,0.0,3.17506305873394,0,6,cache_read_only_not_online_fps,32fdd06d26764df247b0164387e6061cbe61664ba5aa2aabd173919761ed38aa,cached_perception_v2,0,0,0,,,0,0.0,0,16.71552751213312,1.0806694626808167,20.97126003354788,0.47287911320442694,0.47221061445747664,0.47287911320442694,0.47287909300293507,0.47193398805922515,0.42516740628169164
cracker_box_reorient_occ60,1579908945914006044,0.4751187073219209,0.457033763338091,0.37156648208389986,0.3551720037230702,0.01335055669651341,0.012761495456009492,0.0,0.0,-0.018084943983829926,-0.01639447836082969,MODE_4_TRUSTED_FUSION,full,four_mode_relocalization_v2,0.5109773894559035,0,0,0,False,0,0,0.457033763338091,0,0,precomputed,0,0.0,2.860153093934059,0,7,cache_read_only_not_online_fps,32fdd06d26764df247b0164387e6061cbe61664ba5aa2aabd173919761ed38aa,cached_perception_v2,0,0,0,,,0,0.0,0,16.61811675876379,0.9680567309260368,20.446326583623886,0.4751187073219209,0.46597289083592897,0.4751187073219209,0.47511870001361406,0.46569693598537637,0.41625165888755494
cracker_box_reorient_occ60,1579908945968735449,0.46946133015304387,0.46180467218434484,0.3564542808986644,0.35313198675169005,0.012807568271935741,0.012688196696429477,0.0,0.0,-0.007656657968699021,-0.003322294146974325,MODE_4_TRUSTED_FUSION,full,four_mode_relocalization_v2,0.5022768343472759,0,0,0,False,0,0,0.46180467218434484,0,0,precomputed,0,0.0,3.4324415028095245,0,8,cache_read_only_not_online_fps,32fdd06d26764df247b0164387e6061cbe61664ba5aa2aabd173919761ed38aa,cached_perception_v2,0,0,0,,,0,0.0,0,17.212344333529472,1.0609319433569908,21.705717779695988,0.46946133015304387,0.464756858975285,0.46946133015304387,0.46946132983232197,0.46456121143838836,0.4385356373442767
cracker_box_reorient_occ60,1579908946026782164,0.46512164637673425,0.4641915302109174,0.3767315914043743,0.35406888921512325,0.01353614147918795,0.012721860038147,0.0,0.0,-0.0009301161658168411,-0.02266270218925104,MODE_4_TRUSTED_FUSION,full,four_mode_relocalization_v2,0.5150923599373243,0,0,0,False,0,0,0.4641915302109174,0,0,precomputed,0,0.0,3.003587946295738,0,9,cache_read_only_not_online_fps,32fdd06d26764df247b0164387e6061cbe61664ba5aa2aabd173919761ed38aa,cached_perception_v2,0,0,0,,,0,0.0,0,16.484085470438004,0.9699873626232147,20.457660779356956,0.46512164637673425,0.4641713767097595,0.46512164637673425,0.4651216500892369,0.4641106305484859,0.46512164637673425
cracker_box_reorient_occ60,1579908946086315851,0.44872337423895947,0.46400241143842186,0.3659608522757405,0.37491780073191755,0.013149143807617262,0.013470971135855494,0.0,0.0,0.015279037199462386,0.00895694845617706,MODE_4_TRUSTED_FUSION,full,four_mode_relocalization_v2,0.49411407560143045,0,0,0,False,0,0,0.44872337423895947,0,0,precomputed,0,0.0,3.169025294482708,0,10,cache_read_only_not_online_fps,32fdd06d26764df247b0164387e6061cbe61664ba5aa2aabd173919761ed38aa,cached_perception_v2,0,0,0,,,0,0.0,0,16.198083758354187,1.042860560119152,20.409969612956047,0.44872337423895947,0.45594520736969024,0.44872337423895947,0.4487233815822853,0.4558458124267897,0.44872337423895947
cracker_box_reorient_occ60,1579908946140737016,0.45822219820065224,0.4499250302298269,0.3708245117161189,0.3795941038271872,0.01332389735574985,0.013638992883278292,0.0,0.0,-0.008297167970825359,0.008769592111068314,MODE_4_TRUSTED_FUSION,full,four_mode_relocalization_v2,0.494308553860109,0,0,0,False,0,0,0.4499250302298269,0,0,precomputed,0,0.0,2.930315211415291,0,11,cache_read_only_not_online_fps,32fdd06d26764df247b0164387e6061cbe61664ba5aa2aabd173919761ed38aa,cached_perception_v2,0,0,0,,,0,0.0,0,16.361365094780922,1.7320653423666954,21.023745648562908,0.45822219820065224,0.4531749620760416,0.45822219820065224,0.4582222092577725,0.45316642439172705,0.435285546482722
cracker_box_reorient_occ60,1579908946193199771,0.5028474498674402,0.4503626533276712,0.3661793420740246,0.37539624751421924,0.013156994247794864,0.01348816195150054,0.0,0.0,-0.05248479653976901,0.009216905440194656,MODE_4_TRUSTED_FUSION,full,four_mode_relocalization_v2,0.4939487914488055,0,0,0,False,0,0,0.4503626533276712,0,0,precomputed,0,0.0,4.2611174285411835,0,12,cache_read_only_not_online_fps,32fdd06d26764df247b0164387e6061cbe61664ba5aa2aabd173919761ed38aa,cached_perception_v2,0,0,0,,,0,0.0,0,18.81210133433342,1.1294065043330193,24.202625267207623,0.5028474498674402,0.4767314637983844,0.5028474498674402,0.5028474539727064,0.4771125456042187,0.42637589972987916
cracker_box_reorient_occ60,1579908946254676807,0.4693887331103207,0.5014464408994724,0.36456779780468584,0.3688769562099366,0.013099090711889033,0.013253920779662927,0.0,0.0,0.032057707789151735,0.004309158405250757,MODE_4_TRUSTED_FUSION,full,four_mode_relocalization_v2,0.4971403620621884,0,0,0,False,0,0,0.4693887331103207,0,0,precomputed,0,0.0,4.219859838485718,0,13,cache_read_only_not_online_fps,32fdd06d26764df247b0164387e6061cbe61664ba5aa2aabd173919761ed38aa,cached_perception_v2,0,0,0,,,0,0.0,0,16.31010789424181,0.9916489943861961,21.521616727113724,0.4693887331103207,0.48423510633835665,0.4693887331103207,0.4693887526672209,0.48450371849330603,0.423774328650715
cracker_box_reorient_occ60,1579908946313014841,0.4861424787293873,0.4921498524707434,0.37711711162131023,0.3523747163679518,0.013549993400074328,0.012660987618969135,0.0,0.0,0.00600737374135607,-0.024742395253358418,MODE_4_TRUSTED_FUSION,full,four_mode_relocalization_v2,0.516506114095825,0,0,0,False,0,0,0.4861424787293873,0,0,precomputed,0,0.0,3.0627623200416565,0,14,cache_read_only_not_online_fps,32fdd06d26764df247b0164387e6061cbe61664ba5aa2aabd173919761ed38aa,cached_perception_v2,0,0,0,,,0,0.0,0,16.756444238126278,1.1353949084877968,20.95460146665573,0.4861424787293873,0.48796423454330917,0.4861424787293873,0.48614246733420396,0.48815704691750506,0.4287448919241283
cracker_box_reorient_occ60,1579908946363794238,0.48128128812653753,0.49256053813819745,0.3679042637059888,0.3744757945277588,0.013218971485126461,0.013455089647149256,0.0,0.0,0.011279250011659914,0.006571530821770033,MODE_4_TRUSTED_FUSION,full,four_mode_relocalization_v2,0.4956901215143307,0,0,0,False,0,0,0.48128128812653753,0,0,precomputed,0,0.0,3.764827735722065,0,15,cache_read_only_not_online_fps,32fdd06d26764df247b0164387e6061cbe61664ba5aa2aabd173919761ed38aa,cached_perception_v2,0,0,0,,,0,0.0,0,18.130697309970856,0.9896764531731606,22.88520149886608,0.48128128812653753,0.48670308534283435,0.48128128812653753,0.48128128255779634,0.48668500286532956,0.44041264635883653
cracker_box_reorient_occ60,1579908946427325782,0.47174813978111596,0.48547305032344373,0.37467646465605053,0.3779355128147576,0.013462299818287487,0.013579398935989018,0.0,0.0,0.013724910542327773,0.0032590481587070896,MODE_4_TRUSTED_FUSION,full,four_mode_relocalization_v2,0.49789088944144,0,0,0,False,0,0,0.47174813978111596,0,0,precomputed,0,0.0,2.6977332308888435,0,16,cache_read_only_not_online_fps,32fdd06d26764df247b0164387e6061cbe61664ba5aa2aabd173919761ed38aa,cached_perception_v2,0,0,0,,,0,0.0,0,16.383519396185875,1.129009760916233,20.21026238799095,0.47174813978111596,0.47820542436979374,0.47174813978111596,0.4717481299499779,0.47807639494924736,0.45686963675491793
cracker_box_reorient_occ60,1579908946483655067,0.4867312835407137,0.4698421581013878,0.38041288700798676,0.37798851162723573,0.013668412144176393,0.013581303207996732,0.0,0.0,-0.016889125439325914,-0.0024243753807510204,MODE_4_TRUSTED_FUSION,full,four_mode_relocalization_v2,0.5015572784073884,0,0,0,False,0,0,0.4698421581013878,0,0,precomputed,0,0.0,3.251016139984131,0,17,cache_read_only_not_online_fps,32fdd06d26764df247b0164387e6061cbe61664ba5aa2aabd173919761ed38aa,cached_perception_v2,0,0,0,,,0,0.0,0,16.788450069725513,1.2060115113854408,21.245477721095085,0.4867312835407137,0.4782963546929373,0.4867312835407137,0.48673126360926927,0.4781491982132639,0.4751282009184934
cracker_box_reorient_occ60,1579908946540267113,0.45021622970591224,0.4782317480753113,0.3853306073834439,0.3666473270245496,0.013845108126876239,0.01317380916495332,0.0,0.0,0.028015518369399084,-0.018683280358894272,MODE_4_TRUSTED_FUSION,full,four_mode_relocalization_v2,0.512100916053528,0,0,0,False,0,0,0.45021622970591224,0,0,precomputed,0,0.0,3.31276748329401,0,18,cache_read_only_not_online_fps,32fdd06d26764df247b0164387e6061cbe61664ba5aa2aabd173919761ed38aa,cached_perception_v2,0,0,0,,,0,0.0,0,17.12935045361519,1.0436605662107468,21.485778503119946,0.45021622970591224,0.4633377758402068,0.45021622970591224,0.45021623370673375,0.4636041241808853,0.45021622970591224
cracker_box_reorient_occ60,1579908946599257639,0.4767857552649951,0.4515320612061075,0.39630029968994773,0.39698927237974013,0.014239254278757123,0.01426400938827571,0.0,0.0,-0.02525369405888761,0.0006889726897923998,MODE_4_TRUSTED_FUSION,full,four_mode_relocalization_v2,0.49957642842509387,0,0,0,False,0,0,0.4515320612061075,0,0,precomputed,0,0.0,3.132287412881851,0,19,cache_read_only_not_online_fps,32fdd06d26764df247b0164387e6061cbe61664ba5aa2aabd173919761ed38aa,cached_perception_v2,0,0,0,,,0,0.0,0,16.367721371352673,1.1233175173401833,20.623326301574707,0.4767857552649951,0.46391540148894955,0.4767857552649951,0.4767857581693031,0.46424239139938506,0.4767857552649951
cracker_box_reorient_occ60,1579908946659075102,0.45592548886401496,0.46450410540006304,0.37193496944439225,0.413005572648769,0.013363796618937553,0.01483948251386773,0.0,0.0019588638589618022,0.008578616536048078,0.04107060320437678,MODE_4_TRUSTED_FUSION,full,four_mode_relocalization_v2,0.47448842426449467,0,0,0,False,0,0,0.45592548886401496,0,0,precomputed,0,0.0,3.09945922344923,0,20,cache_read_only_not_online_fps,32fdd06d26764df247b0164387e6061cbe61664ba5aa2aabd173919761ed38aa,cached_perception_v2,0,0,0,,,0,0.0,0,17.22207758575678,1.0080700740218163,21.329606883227825,0.45592548886401496,0.45980422708321855,0.45592548886401496,0.45592548542973493,0.4597874656866843,0.45592548886401496
cracker_box_reorient_occ60,1579908946722850676,0.44971500957554633,0.4555057914150986,0.3889809118460596,0.39584739401646635,0.013976265265739704,0.01422298116704351,0.0,0.0,0.005790781839552284,0.006866482170406751,MODE_4_TRUSTED_FUSION,full,four_mode_relocalization_v2,0.49573419441116207,0,0,0,False,0,0,0.44971500957554633,0,0,precomputed,0,0.0,3.0598556622862816,0,21,cache_read_only_not_online_fps,32fdd06d26764df247b0164387e6061cbe61664ba5aa2aabd173919761ed38aa,cached_perception_v2,0,0,0,,,0,0.0,0,16.601696610450745,1.1205710470676422,20.78212331980467,0.44971500957554633,0.45270029103454834,0.44971500957554633,0.4497149593677129,0.4524898971354208,0.43367249135474
cracker_box_reorient_occ60,1579908946780435864,0.48812890522405017,0.4459744684019679,0.3750431517591554,0.3715896085491835,0.013475475056625526,0.013351387641178353,0.0,0.0,-0.04215443682208225,-0.003453543209971932,MODE_4_TRUSTED_FUSION,full,four_mode_relocalization_v2,0.5022524104035047,0,0,0,False,0,0,0.4459744684019679,0,0,precomputed,0,0.0,2.9212655499577522,0,22,cache_read_only_not_online_fps,32fdd06d26764df247b0164387e6061cbe61664ba5aa2aabd173919761ed38aa,cached_perception_v2,0,0,0,,,0,0.0,0,16.034506261348724,1.0544629767537117,20.01023478806019,0.48812890522405017,0.4672689698983451,0.48812890522405017,0.48812890237265777,0.467003766753059,0.411235126034927
cracker_box_reorient_occ60,1579908946849212957,0.4797215057212782,0.48240782725151926,0.38172681227626537,0.36991119167496994,0.013715622090807624,0.013291081341444586,0.0,0.0,0.002686321530241065,-0.011815620601295429,MODE_4_TRUSTED_FUSION,full,four_mode_relocalization_v2,0.5076561940578306,0,0,0,False,0,0,0.4797215057212782,0,0,precomputed,0,0.0,4.066718742251396,0,23,cache_read_only_not_online_fps,32fdd06d26764df247b0164387e6061cbe61664ba5aa2aabd173919761ed38aa,cached_perception_v2,0,0,0,,,0,0.0,0,19.983374513685703,1.1377176269888878,25.187810882925987,0.4797215057212782,0.48091734383170504,0.4797215057212782,0.4797214932846591,0.4807399542533541,0.38967192057109457
cracker_box_reorient_occ60,1579908946910881610,0.4596417645681891,0.49462916163678045,0.3725200594757431,0.3582581465035407,0.013384819176172279,0.012872382002969087,0.0,0.0,0.03498739706859133,-0.014261912972202417,MODE_4_TRUSTED_FUSION,full,four_mode_relocalization_v2,0.5094980866909954,0,0,0,False,0,0,0.4596417645681891,0,0,precomputed,0,0.0,2.87063792347908,0,24,cache_read_only_not_online_fps,32fdd06d26764df247b0164387e6061cbe61664ba5aa2aabd173919761ed38aa,cached_perception_v2,0,0,0,,,0,0.0,0,16.970520839095116,0.967799685895443,20.80895844846964,0.4596417645681891,0.47713209963731296,0.4596417645681891,0.4596417513682298,0.47740360081966254,0.37135663033578514
cracker_box_reorient_occ60,1579908946967432925,0.46734973826399273,0.4746753190106684,0.37949798406343405,0.37408421697250416,0.013635539255414861,0.01344102008327689,0.0,0.0,0.007325580746675664,-0.0054137670909298885,MODE_4_TRUSTED_FUSION,full,four_mode_relocalization_v2,0.5034991543779576,0,0,0,False,0,0,0.46734973826399273,0,0,precomputed,0,0.0,2.578667365014553,0,25,cache_read_only_not_online_fps,32fdd06d26764df247b0164387e6061cbe61664ba5aa2aabd173919761ed38aa,cached_perception_v2,0,0,0,,,0,0.0,0,16.694423742592335,1.0709064081311226,20.34399751573801,0.46734973826399273,0.47030089030095584,0.46734973826399273,0.46734972619442816,0.4706928887134482,0.36039675757699896
cracker_box_reorient_occ60,1579908947022238326,0.44690247324579313,0.46406793404847113,0.3844483449325781,0.37623139622319374,0.013813408026249755,0.013518169233445489,0.0,0.0,0.017165460802678,-0.008216948709384386,MODE_4_TRUSTED_FUSION,full,four_mode_relocalization_v2,0.5052626885752277,0,0,0,False,0,0,0.44690247324579313,0,0,precomputed,0,0.0,2.8400253504514694,0,26,cache_read_only_not_online_fps,32fdd06d26764df247b0164387e6061cbe61664ba5aa2aabd173919761ed38aa,cached_perception_v2,0,0,0,,,0,0.0,0,16.129170544445515,0.9691230952739716,19.938318990170956,0.44690247324579313,0.4533679274652443,0.44690247324579313,0.4469024710499799,0.45372718133598333,0.3606580010346667
cracker_box_reorient_occ60,1579908947077160225,0.46011916265630626,0.4409422523599149,0.39823616038611986,0.3970889333664615,0.014308810654875468,0.014267590253929124,0.0,0.0,-0.019176910296391347,-0.001147227019658359,MODE_4_TRUSTED_FUSION,full,four_mode_relocalization_v2,0.5007035396239174,0,0,0,False,0,0,0.4409422523599149,0,0,precomputed,0,0.0,3.4059006720781326,0,27,cache_read_only_not_online_fps,32fdd06d26764df247b0164387e6061cbe61664ba5aa2aabd173919761ed38aa,cached_perception_v2,0,0,0,,,0,0.0,0,16.783411614596844,1.0751774534583092,21.264489740133286,0.46011916265630626,0.44960216950382814,0.46011916265630626,0.4601191621968219,0.44971983158605816,0.3711208106769303
cracker_box_reorient_occ60,1579908947132777829,0.4691561893921266,0.4475757461779719,0.3758743586513747,0.4107195266037112,0.013505340707259214,0.014757343815123386,0.0,0.0019588638589618022,-0.0215804432141547,0.0348451679523365,MODE_4_TRUSTED_FUSION,full,four_mode_relocalization_v2,0.4783998065263557,0,0,0,False,0,0,0.4475757461779719,0,0,precomputed,0,0.0,2.926762215793133,0,28,cache_read_only_not_online_fps,32fdd06d26764df247b0164387e6061cbe61664ba5aa2aabd173919761ed38aa,cached_perception_v2,0,0,0,,,0,0.0,0,18.008685670793056,1.0888976976275444,22.024345584213734,0.4691561893921266,0.4560209167030703,0.4691561893921266,0.4691562013951543,0.45646528170883544,0.3870078774659005
cracker_box_reorient_occ60,1579908947189169914,0.4476894029193731,0.46464171965443946,0.35572501529112494,0.374426342217407,0.012781365419122784,0.013453312802614133,0.0,0.0,0.016952316735066364,0.01870132692628207,MODE_4_TRUSTED_FUSION,full,four_mode_relocalization_v2,0.48753496428481136,0,0,0,False,0,0,0.4476894029193731,0,0,precomputed,0,0.0,2.4767620489001274,0,29,cache_read_only_not_online_fps,32fdd06d26764df247b0164387e6061cbe61664ba5aa2aabd173919761ed38aa,cached_perception_v2,0,0,0,,,0,0.0,0,12.904483824968338,0.7530972361564636,16.13434311002493,0.4476894029193731,0.4554547911908903,0.4476894029193731,0.4476894176135077,0.45572925274142606,0.40467383672887014
cracker_box_reorient_occ60,1579908947243816393,0.4584119323549882,0.4568556779861439,0.38280998812714856,0.3644774689647043,0.013754541103438708,0.013095845154612875,0.0,0.0,-0.0015562543688443231,-0.018332519162444272,MODE_4_TRUSTED_FUSION,full,four_mode_relocalization_v2,0.5119463175065624,0,0,0,False,0,0,0.4568556779861439,0,0,precomputed,0,0.0,2.017511986196041,0,30,cache_read_only_not_online_fps,32fdd06d26764df247b0164387e6061cbe61664ba5aa2aabd173919761ed38aa,cached_perception_v2,0,0,0,,,0,0.0,0,11.71010173857212,0.7567936554551125,14.484407380223274,0.4584119323549882,0.4570813915683678,0.4584119323549882,0.45841194341783853,0.45707703576944636,0.42217486362072665
cracker_box_reorient_occ60,1579908947297526601,0.4742945151977145,0.45868459274102596,0.35228502831277364,0.3651366733984844,0.0126577650853893,0.01311953067683333,0.0,0.0,-0.015609922456688519,0.012851645085710739,MODE_4_TRUSTED_FUSION,full,four_mode_relocalization_v2,0.4912860951502463,0,0,0,False,0,0,0.45868459274102596,0,0,precomputed,0,0.0,2.1897023543715477,0,31,cache_read_only_not_online_fps,32fdd06d26764df247b0164387e6061cbe61664ba5aa2aabd173919761ed38aa,cached_perception_v2,0,0,0,,,0,0.0,0,9.755438193678856,0.7548369467258453,12.699977494776249,0.4742945151977145,0.46623271383995485,0.4742945151977145,0.4742945631022143,0.46622678560829195,0.43942889926404216
cracker_box_reorient_occ60,1579908947362642993,0.4712917645382912,0.47608415273460586,0.36606603477890026,0.35251744921749445,0.013152923063927036,0.012666116076707267,0.0,0.0,0.0047923881963146675,-0.013548585561405813,MODE_4_TRUSTED_FUSION,full,four_mode_relocalization_v2,0.5091720068583825,0,0,0,False,0,0,0.4712917645382912,0,0,precomputed,0,0.0,1.9063064828515053,0,32,cache_read_only_not_online_fps,32fdd06d26764df247b0164387e6061cbe61664ba5aa2aabd173919761ed38aa,cached_perception_v2,0,0,0,,,0,0.0,0,10.121156461536884,0.7592672482132912,12.78673019260168,0.4712917645382912,0.47323545356790975,0.4712917645382912,0.4712917940951804,0.47324473760157854,0.4565256364323723
cracker_box_reorient_occ60,1579908947441286897,0.47471946145436733,0.48019143406402504,0.3790849704669447,0.36357748164261977,0.013620699484600667,0.013063508191111094,0.0,0.0,0.005471972609657705,-0.015507488824324955,MODE_4_TRUSTED_FUSION,full,four_mode_relocalization_v2,0.5101666790999284,0,0,0,False,0,0,0.47471946145436733,0,0,precomputed,0,0.0,1.7498480156064034,0,33,cache_read_only_not_online_fps,32fdd06d26764df247b0164387e6061cbe61664ba5aa2aabd173919761ed38aa,cached_perception_v2,0,0,0,,,0,0.0,0,9.839466772973537,0.7534753531217575,12.342790141701698,0.47471946145436733,0.4773001558521862,0.47471946145436733,0.47471952320689537,0.4773756516969054,0.4722939332184277
cracker_box_reorient_occ60,1579908947498339267,0.46200044974408866,0.48141111855039387,0.38550245101576136,0.3875178661735606,0.013851282548592974,0.013923697353556828,0.0,0.0,0.01941066880630521,0.0020154151577992385,MODE_4_TRUSTED_FUSION,full,four_mode_relocalization_v2,0.49872927898938174,0,0,0,False,0,0,0.46200044974408866,0,0,precomputed,0,0.0,2.1622776985168457,0,34,cache_read_only_not_online_fps,32fdd06d26764df247b0164387e6061cbe61664ba5aa2aabd173919761ed38aa,cached_perception_v2,0,0,0,,,0,0.0,0,9.88208781927824,0.7540769875049591,12.798442505300045,0.46200044974408866,0.4718842271286849,0.46200044974408866,0.4620005143009022,0.4719278729167363,0.46200044974408866
cracker_box_reorient_occ60,1579908947569943217,0.4505044369190635,0.46660758132494007,0.3528567974654941,0.3773164193178339,0.012678309017252854,0.013557154618404805,0.0,0.0,0.016103144405876568,0.024459621852339797,MODE_4_TRUSTED_FUSION,full,four_mode_relocalization_v2,0.4836973506217535,0,0,0,False,0,0,0.4505044369190635,0,0,precomputed,0,0.0,2.200104296207428,0,35,cache_read_only_not_online_fps,32fdd06d26764df247b0164387e6061cbe61664ba5aa2aabd173919761ed38aa,cached_perception_v2,0,0,0,,,0,0.0,0,9.92847140878439,0.7475055754184723,12.87608128041029,0.4505044369190635,0.4583675688975576,0.4505044369190635,0.4505045143327141,0.45811125856092694,0.4505044369190635
cracker_box_reorient_occ60,1579908947621315934,0.4876071102274909,0.4438104427791879,0.38604084986859166,0.34793329018417624,0.013870627470044812,0.012501405108331143,0.0,0.0,-0.04379666744830302,-0.038107559684415426,MODE_4_TRUSTED_FUSION,full,four_mode_relocalization_v2,0.5252711317670314,0,0,0,False,0,0,0.4438104427791879,0,0,precomputed,0,0.0,1.799960620701313,0,36,cache_read_only_not_online_fps,32fdd06d26764df247b0164387e6061cbe61664ba5aa2aabd173919761ed38aa,cached_perception_v2,0,0,0,,,0,0.0,0,10.00301819294691,0.7677534595131874,12.570732273161411,0.4876071102274909,0.4662164602863594,0.4876071102274909,0.48760716676324917,0.46482474795976825,0.439871033099065
cracker_box_reorient_occ60,1579908947671084114,0.4788372975867355,0.4731830597577694,0.3730881691125448,0.38382402240294733,0.01340523161992506,0.013790975827085826,0.0,0.0,-0.005654237828966069,0.010735853290402553,MODE_4_TRUSTED_FUSION,full,four_mode_relocalization_v2,0.49309069068059,0,0,0,False,0,0,0.4731830597577694,0,0,precomputed,0,0.0,1.6052145510911942,0,37,cache_read_only_not_online_fps,32fdd06d26764df247b0164387e6061cbe61664ba5aa2aabd173919761ed38aa,cached_perception_v2,0,0,0,,,0,0.0,0,9.998360648751259,0.7537351921200752,12.357310391962528,0.4788372975867355,0.47671229852071584,0.4788372975867355,0.47883734664998356,0.4754686663068452,0.42994174295085597
cracker_box_reorient_occ60,1579908947725158295,0.4605708542089902,0.4869858237009977,0.3660671603148055,0.3929460711491974,0.013152963504956141,0.014118735285614359,0.0,0.0,0.0264149694920075,0.026878910834391867,MODE_4_TRUSTED_FUSION,full,four_mode_relocalization_v2,0.4827481037877378,0,0,0,False,0,0,0.4605708542089902,0,0,precomputed,0,0.0,1.8631331622600555,0,38,cache_read_only_not_online_fps,32fdd06d26764df247b0164387e6061cbe61664ba5aa2aabd173919761ed38aa,cached_perception_v2,0,0,0,,,0,0.0,0,10.006663389503956,0.7488429546356201,12.618639506399632,0.4605708542089902,0.4730930629787099,0.4605708542089902,0.4605709487030867,0.4721339220292909,0.4219063819622177
cracker_box_reorient_occ60,1579908947786573362,0.4882756716818759,0.46962427993586925,0.3592463939153396,0.35833620466930405,0.01290789019258675,0.01287518666920756,0.0,0.0,-0.018651391746006662,-0.000910189246035531,MODE_4_TRUSTED_FUSION,full,four_mode_relocalization_v2,0.5006170083511882,0,0,0,False,0,0,0.46962427993586925,0,0,precomputed,0,0.0,2.2054174914956093,0,39,cache_read_only_not_online_fps,32fdd06d26764df247b0164387e6061cbe61664ba5aa2aabd173919761ed38aa,cached_perception_v2,0,0,0,,,0,0.0,0,9.98337846249342,0.742059201002121,12.93085515499115,0.4882756716818759,0.4794784860840694,0.4882756716818759,0.48827573345506387,0.4791376709426808,0.41679771456758036
cracker_box_reorient_occ60,1579908947835326432,0.47123424721498414,0.48623492765087095,0.37764059166386693,0.37165386045599264,0.01356880228172708,0.013353696242104637,0.0,0.0,0.015000680435886815,-0.005986731207874296,MODE_4_TRUSTED_FUSION,full,four_mode_relocalization_v2,0.50389105315356,0,0,0,False,0,0,0.47123424721498414,0,0,precomputed,0,0.0,2.042383886873722,0,40,cache_read_only_not_online_fps,32fdd06d26764df247b0164387e6061cbe61664ba5aa2aabd173919761ed38aa,cached_perception_v2,0,0,0,,,0,0.0,0,10.139147751033306,0.7602712139487267,12.941802851855755,0.47123424721498414,0.47832763235444076,0.47123424721498414,0.47123434347071347,0.4785039170990234,0.4158402304435735
cracker_box_reorient_occ60,1579908947894345964,0.479498438506375,0.4785211691179482,0.37927826456158376,0.36845083958802516,0.013627644631415595,0.013238610211044763,0.0,0.0,-0.000977269388426849,-0.010827424973558597,MODE_4_TRUSTED_FUSION,full,four_mode_relocalization_v2,0.5070515921013258,0,0,0,False,0,0,0.4785211691179482,0,0,precomputed,0,0.0,1.829126849770546,0,41,cache_read_only_not_online_fps,32fdd06d26764df247b0164387e6061cbe61664ba5aa2aabd173919761ed38aa,cached_perception_v2,0,0,0,,,0,0.0,0,10.507137514650822,0.7475847378373146,13.083849102258682,0.479498438506375,0.4785162704668621,0.479498438506375,0.4794985425469785,0.4788322771436183,0.4188012635612658
cracker_box_reorient_occ60,1579908947954788065,0.4736898053726636,0.4796756357382023,0.3591688390276623,0.3799707231261127,0.012905103609364225,0.01365252499003643,0.0,0.0,0.005985830365538736,0.020801884098450407,MODE_4_TRUSTED_FUSION,full,four_mode_relocalization_v2,0.4862990383221283,0,0,0,False,0,0,0.4736898053726636,0,0,precomputed,0,0.0,1.8478818237781525,0,42,cache_read_only_not_online_fps,32fdd06d26764df247b0164387e6061cbe61664ba5aa2aabd173919761ed38aa,cached_perception_v2,0,0,0,,,0,0.0,0,10.139774531126022,0.7569072768092155,12.74456363171339,0.4736898053726636,0.47596084382649134,0.4736898053726636,0.4736898984566746,0.47611230417803935,0.4244117179476944
cracker_box_reorient_occ60,1579908948009781348,0.4604178933333595,0.47348487774212894,0.37273392604662986,0.3652546027446439,0.013392503501636994,0.013123767933146803,0.0,0.0,0.013066984408769466,-0.007479323301985974,MODE_4_TRUSTED_FUSION,full,four_mode_relocalization_v2,0.5049336652323175,0,0,0,False,0,0,0.4604178933333595,0,0,precomputed,0,0.0,2.2062789648771286,0,43,cache_read_only_not_online_fps,32fdd06d26764df247b0164387e6061cbe61664ba5aa2aabd173919761ed38aa,cached_perception_v2,0,0,0,,,0,0.0,0,10.519489645957947,0.761604867875576,13.487373478710651,0.4604178933333595,0.4664248838844217,0.4604178933333595,0.46041799416806795,0.4664978345212233,0.4311939521232635
cracker_box_reorient_occ60,1579908948062024859,0.49901406752752875,0.45859443500800307,0.3762966388251787,0.3718919752373375,0.013520513430510691,0.013362251817060682,0.0,0.0,-0.04041963251952568,-0.0044046635878411955,MODE_4_TRUSTED_FUSION,full,four_mode_relocalization_v2,0.5028669154340544,0,0,0,False,0,0,0.45859443500800307,0,0,precomputed,0,0.0,2.137809991836548,0,44,cache_read_only_not_online_fps,32fdd06d26764df247b0164387e6061cbe61664ba5aa2aabd173919761ed38aa,cached_perception_v2,0,0,0,,,0,0.0,0,10.177671909332275,0.7749004289507866,13.09038233011961,0.49901406752752875,0.47892878761048335,0.49901406752752875,0.4990141540419185,0.4787990407772308,0.4399021365466758
cracker_box_reorient_occ60,1579908948117484171,0.4739343745289288,0.4911247446172667,0.362040534748027,0.37292729713928696,0.013008284973611195,0.013399451415026563,0.0,0.0,0.017190370088337903,0.010886762391259963,MODE_4_TRUSTED_FUSION,full,four_mode_relocalization_v2,0.4927899163835599,0,0,0,False,0,0,0.4739343745289288,0,0,precomputed,0,0.0,2.2417576983571053,0,45,cache_read_only_not_online_fps,32fdd06d26764df247b0164387e6061cbe61664ba5aa2aabd173919761ed38aa,cached_perception_v2,0,0,0,,,0,0.0,0,10.16149390488863,0.773468054831028,13.176719658076763,0.4739343745289288,0.48177361430348165,0.4739343745289288,0.47393451556839006,0.481488194785805,0.4494546467345095
cracker_box_reorient_occ60,1579908948192089614,0.4897775841127611,0.4847284970393608,0.35884488732068204,0.366912799657111,0.012893463873705843,0.013183347720240938,0.0,0.0,-0.005049087073400349,0.00806791233642895,MODE_4_TRUSTED_FUSION,full,four_mode_relocalization_v2,0.49459079505494313,0,0,0,False,0,0,0.4847284970393608,0,0,precomputed,0,0.0,1.9394438713788986,0,46,cache_read_only_not_online_fps,32fdd06d26764df247b0164387e6061cbe61664ba5aa2aabd173919761ed38aa,cached_perception_v2,0,0,0,,,0,0.0,0,10.148636996746063,0.7613282650709152,12.849409133195877,0.4897775841127611,0.48728146162418434,0.4897775841127611,0.4897776812299985,0.4871160725874559,0.4594295255551361
cracker_box_reorient_occ60,1579908948251093542,0.4484041699542127,0.49355620315427123,0.3573467545436114,0.3738895822689076,0.01283963526551973,0.013434026767757953,0.0,0.0,0.04515203320005856,0.016542827725296194,MODE_4_TRUSTED_FUSION,full,four_mode_relocalization_v2,0.4889895982697755,0,0,0,False,0,0,0.4484041699542127,0,0,precomputed,0,0.0,1.8523382022976875,0,47,cache_read_only_not_online_fps,32fdd06d26764df247b0164387e6061cbe61664ba5aa2aabd173919761ed38aa,cached_perception_v2,0,0,0,,,0,0.0,0,10.645336471498013,0.7653534412384033,13.263028115034103,0.4484041699542127,0.4707883543443766,0.4484041699542127,0.44840427047364306,0.47024334067663226,0.4484041699542127
cracker_box_reorient_occ60,1579908948306858197,0.4773157761874985,0.4528478944354215,0.40322643936925084,0.36206862585155325,0.01448811370213113,0.013009294300039649,0.0,0.0,-0.02446788175207698,-0.041157813517697595,MODE_4_TRUSTED_FUSION,full,four_mode_relocalization_v2,0.5262053178101438,0,0,0,False,0,0,0.4528478944354215,0,0,precomputed,0,0.0,1.9249767065048218,0,48,cache_read_only_not_online_fps,32fdd06d26764df247b0164387e6061cbe61664ba5aa2aabd173919761ed38aa,cached_perception_v2,0,0,0,,,0,0.0,0,10.361270979046822,0.7566856220364571,13.0429333075881,0.4773157761874985,0.464091816300243,0.4773157761874985,0.4773158799623424,0.46304102868075253,0.4773157761874985
cracker_box_reorient_occ60,1579908948361466865,0.49509663312750873,0.4600309040889881,0.3813957840909369,0.3959554616011674,0.013703728093987497,0.014226864085676307,0.0,0.0,-0.03506572903852062,0.014559677510230518,MODE_4_TRUSTED_FUSION,full,four_mode_relocalization_v2,0.4908699725567039,0,0,0,False,0,0,0.4600309040889881,0,0,precomputed,0,0.0,1.876932568848133,0,49,cache_read_only_not_online_fps,32fdd06d26764df247b0164387e6061cbe61664ba5aa2aabd173919761ed38aa,cached_perception_v2,0,0,0,,,0,0.0,0,10.381328873336315,0.7741004228591919,13.03236186504364,0.49509663312750873,0.4765824325817185,0.49509663312750873,0.4950966991237334,0.47611905380113917,0.49509663312750873
cracker_box_reorient_occ60,1579908948424457881,0.49704988665452055,0.48945259085622345,0.3733787595258326,0.39718160722628754,0.013415672668768605,0.014270920068860098,0.0,0.0,-0.007597295798297099,0.023802847700454932,MODE_4_TRUSTED_FUSION,full,four_mode_relocalization_v2,0.4849455849916656,0,0,0,False,0,0,0.48945259085622345,0,0,precomputed,0,0.0,1.9055670127272606,0,50,cache_read_only_not_online_fps,32fdd06d26764df247b0164387e6061cbe61664ba5aa2aabd173919761ed38aa,cached_perception_v2,0,0,0,,,0,0.0,0,10.230770334601402,0.7740156725049019,12.910353019833565,0.49704988665452055,0.4920131613240892,0.49704988665452055,0.49704997541314777,0.4922975089955192,0.49704988665452055
cracker_box_reorient_occ60,1579908948483381550,0.5098859019230864,0.5099995688184157,0.3715864575205537,0.3603543205739283,0.013351274423252617,0.012947698513262261,0.0,0.0,0.00011366689532932295,-0.011232136946625393,MODE_4_TRUSTED_FUSION,full,four_mode_relocalization_v2,0.5074687643454376,0,0,0,False,0,0,0.5098859019230864,0,0,precomputed,0,0.0,2.219230867922306,0,51,cache_read_only_not_online_fps,32fdd06d26764df247b0164387e6061cbe61664ba5aa2aabd173919761ed38aa,cached_perception_v2,0,0,0,,,0,0.0,0,10.297294706106186,0.7546832785010338,13.271208852529526,0.5098859019230864,0.5090118935510739,0.5098859019230864,0.5098859667568942,0.5094595986163635,0.5004937002143957
cracker_box_reorient_occ60,1579908948541199774,0.48172588191074506,0.5263717619363829,0.3639028941859913,0.36370158767818406,0.013075200415301157,0.013067967378750645,0.0,0.0,0.04464588002563785,-0.0002013065078072529,MODE_4_TRUSTED_FUSION,full,four_mode_relocalization_v2,0.5001346343639522,0,0,0,False,0,0,0.48172588191074506,0,0,precomputed,0,0.0,1.8620174378156662,0,52,cache_read_only_not_online_fps,32fdd06d26764df247b0164387e6061cbe61664ba5aa2aabd173919761ed38aa,cached_perception_v2,0,0,0,,,0,0.0,0,10.227954015135765,0.7579019293189049,12.847873382270336,0.48172588191074506,0.5037318349598622,0.48172588191074506,0.4817260467522401,0.5040020062230205,0.48172588191074506
cracker_box_reorient_occ60,1579908948608940307,0.509848317959009,0.4994525753787277,0.3846665656973514,0.4195624498535157,0.013821248799928057,0.015075074164608394,0.0,0.0019588638589618022,-0.010395742580281253,0.03489588415616429,MODE_4_TRUSTED_FUSION,full,four_mode_relocalization_v2,0.47883119648921735,0,0,0,False,0,0,0.4994525753787277,0,0,precomputed,0,0.0,1.850266009569168,0,53,cache_read_only_not_online_fps,32fdd06d26764df247b0164387e6061cbe61664ba5aa2aabd173919761ed38aa,cached_perception_v2,0,0,0,,,0,0.0,0,10.435258969664574,0.7536113262176514,13.039136305451393,0.509848317959009,0.5005439675169105,0.509848317959009,0.5098483657491345,0.5008070127790856,0.47473049989481836
cracker_box_reorient_occ60,1579908948680796517,0.4935403752331279,0.5028691029731822,0.4062681059606715,0.3798916952889427,0.014597402198910779,0.013649685483052853,0.0016847386528725725,0.0,0.009328727740054332,-0.0263764106717288,MODE_4_TRUSTED_FUSION,full,four_mode_relocalization_v2,0.5163592941689993,0,0,0,False,0,0,0.4935403752331279,0,0,precomputed,0,0.0,1.9334498792886734,0,54,cache_read_only_not_online_fps,32fdd06d26764df247b0164387e6061cbe61664ba5aa2aabd173919761ed38aa,cached_perception_v2,0,0,0,,,0,0.0,0,10.487641207873821,0.7582958787679672,13.179386965930462,0.4935403752331279,0.4977269204097602,0.4935403752331279,0.49354044626482524,0.4981635740133397,0.4859687960317466
cracker_box_reorient_occ60,1579908948737225307,0.4997829306961389,0.4987417905312412,0.4549031937902384,0.37342818545782797,0.016344883548323585,0.013417448565517099,0.0019588638589618022,0.0,-0.0010411401648977026,-0.08147500833241045,MODE_4_TRUSTED_FUSION,full,four_mode_relocalization_v2,0.5480207442076629,0,0,0,False,0,0,0.4987417905312412,0,0,precomputed,0,0.0,2.15741153806448,0,55,cache_read_only_not_online_fps,32fdd06d26764df247b0164387e6061cbe61664ba5aa2aabd173919761ed38aa,cached_perception_v2,0,0,0,,,0,0.0,0,10.573362931609154,0.7476750761270523,13.478449545800686,0.4997829306961389,0.4951162012189405,0.4997829306961389,0.49978305467698186,0.495246176352115,0.4997829306961389
cracker_box_reorient_occ60,1579908948789212583,0.5267675439369907,0.49379248113976765,0.46038264699318576,0.42964519911035876,0.016541762853048717,0.015437352039768877,0.0019588638589618022,0.0019588638589618022,-0.03297506279722301,-0.030737447882827007,MODE_4_TRUSTED_FUSION,full,four_mode_relocalization_v2,0.5168881908473655,0,0,0,False,0,0,0.49379248113976765,0,0,precomputed,0,0.0,1.896115019917488,0,56,cache_read_only_not_online_fps,32fdd06d26764df247b0164387e6061cbe61664ba5aa2aabd173919761ed38aa,cached_perception_v2,0,0,0,,,0,0.0,0,10.460514575242996,0.7632803171873093,13.119909912347794,0.5267675439369907,0.5094847607123287,0.5267675439369907,0.5267676296497827,0.5084788955660573,0.5267675439369907
cracker_box_reorient_occ60,1579908948841456148,0.5229928269181381,0.5234226873133206,0.44041734304806796,0.4691298798649145,0.015824400186783702,0.016856055002697594,0.0019588638589618022,0.0019588638589618022,0.0004298603951825575,0.028712536816846546,MODE_4_TRUSTED_FUSION,full,four_mode_relocalization_v2,0.48455563304956784,0,0,0,False,0,0,0.5229928269181381,0,0,precomputed,0,0.0,1.8953941762447357,0,57,cache_read_only_not_online_fps,32fdd06d26764df247b0164387e6061cbe61664ba5aa2aabd173919761ed38aa,cached_perception_v2,0,0,0,,,0,0.0,0,11.057097464799881,0.767342746257782,13.719834387302399,0.5229928269181381,0.5237623513241314,0.5229928269181381,0.5229928983231001,0.5228169734330412,0.5229928269181381
cracker_box_reorient_occ60,1579908948896188946,0.5508316529827438,0.5385467481292433,0.4343388864703153,0.46639022373606637,0.015605998411915704,0.016757617882449276,0.0019588638589618022,0.0019588638589618022,-0.012284904853500533,0.032051337265751045,MODE_4_TRUSTED_FUSION,full,four_mode_relocalization_v2,0.48259458894562013,0,0,0,False,0,0,0.5385467481292433,0,0,precomputed,0,0.0,1.987546682357788,0,58,cache_read_only_not_online_fps,32fdd06d26764df247b0164387e6061cbe61664ba5aa2aabd173919761ed38aa,cached_perception_v2,0,0,0,,,0,0.0,0,10.61089988797903,0.7551070302724838,13.353553600609303,0.5508316529827438,0.5443746107450894,0.5508316529827438,0.5508317091864412,0.5441839214363287,0.520239472753754
cracker_box_reorient_occ60,1579908948946104034,0.5216047946083575,0.5676325481304384,0.45085952384598266,0.44644336328485745,0.0161995926045603,0.016040917899507394,0.0019588638589618022,0.0019588638589618022,0.04602775352208088,-0.004416160561125204,MODE_4_TRUSTED_FUSION,full,four_mode_relocalization_v2,0.5024071441522102,0,0,0,False,0,0,0.5216047946083575,0,0,precomputed,0,0.0,2.040579915046692,0,59,cache_read_only_not_online_fps,32fdd06d26764df247b0164387e6061cbe61664ba5aa2aabd173919761ed38aa,cached_perception_v2,0,0,0,,,0,0.0,0,10.884233750402927,0.7639629766345024,13.688776642084122,0.5216047946083575,0.5457504156263472,0.5216047946083575,0.5216048638977642,0.5461788400173282,0.5187872529384346
cracker_box_reorient_occ60,1579908949009880779,0.5372414976663074,0.5487855327714241,0.4193824601278378,0.4389341234149237,0.015068607049964532,0.015771107414802178,0.0019588638589618022,0.0019588638589618022,0.011544035105116701,0.019551663287085908,MODE_4_TRUSTED_FUSION,full,four_mode_relocalization_v2,0.48886980864677365,0,0,0,False,0,0,0.5372414976663074,0,0,precomputed,0,0.0,2.122492529451847,0,60,cache_read_only_not_online_fps,32fdd06d26764df247b0164387e6061cbe61664ba5aa2aabd173919761ed38aa,cached_perception_v2,0,0,0,,,0,0.0,0,10.28655655682087,0.7609240710735321,13.169973157346249,0.5372414976663074,0.5402221181443335,0.5372414976663074,0.537241613107769,0.5405980883933716,0.5190997916905065
cracker_box_reorient_occ60,1579908949065121286,0.47104408108488244,0.5369902166328152,0.3797492422231032,0.4166303575563041,0.013644567078073436,0.014969722723235664,0.0,0.0019588638589618022,0.06594613554793277,0.03688111533320093,MODE_4_TRUSTED_FUSION,full,four_mode_relocalization_v2,0.47741178531214734,0,0,0,False,0,0,0.47104408108488244,0,0,precomputed,0,0.0,2.0645149052143097,0,61,cache_read_only_not_online_fps,32fdd06d26764df247b0164387e6061cbe61664ba5aa2aabd173919761ed38aa,cached_perception_v2,0,0,0,,,0,0.0,0,10.54343581199646,0.7794918492436409,13.38744256645441,0.47104408108488244,0.5012402489941403,0.47104408108488244,0.4710440984553685,0.49986022501127797,0.47104408108488244
cracker_box_reorient_occ60,1579908949118504938,0.46318116520048247,0.46549247406951755,0.4351285675592536,0.4071189194393748,0.015634372021103776,0.014627972323325342,0.0019588638589618022,0.0019588638589618022,0.002311308869035078,-0.028009648119878827,MODE_4_TRUSTED_FUSION,full,four_mode_relocalization_v2,0.5162422323881608,0,0,0,False,0,0,0.46318116520048247,0,0,precomputed,0,0.0,2.155871130526066,0,62,cache_read_only_not_online_fps,32fdd06d26764df247b0164387e6061cbe61664ba5aa2aabd173919761ed38aa,cached_perception_v2,0,0,0,,,0,0.0,0,10.31991746276617,0.7691076025366783,13.244896195828915,0.46318116520048247,0.4545890177139943,0.46318116520048247,0.4631814421607175,0.4530574515915901,0.41819861268896114
cracker_box_reorient_occ60,1579908949179066483,0.5363077158624172,0.4310926034171936,0.37124968829529564,0.37054510548403574,0.013339174148194887,0.013313858159744158,0.0,0.0,-0.10521511244522364,-0.0007045828112599017,MODE_4_TRUSTED_FUSION,full,four_mode_relocalization_v2,0.5004624492166483,0,0,0,False,0,0,0.4310926034171936,0,0,precomputed,0,0.0,1.9741058349609375,0,63,cache_read_only_not_online_fps,32fdd06d26764df247b0164387e6061cbe61664ba5aa2aabd173919761ed38aa,cached_perception_v2,0,0,0,,,0,0.0,0,10.596581734716892,0.8010482415556908,13.37173581123352,0.5363077158624172,0.47504094163349564,0.5363077158624172,0.5363078230982545,0.47444455901655797,0.3669345057217085
cracker_box_reorient_occ60,1579908949235091400,0.4584433086814972,0.44644538714180987,0.41177971630927246,0.3564777776412917,0.014795436924851081,0.012808412520838038,0.0019588638589618022,0.0,-0.011997921539687317,-0.05530193866798078,MODE_4_TRUSTED_FUSION,full,four_mode_relocalization_v2,0.5350786000084948,0,0,0,False,0,0,0.44644538714180987,0,0,precomputed,0,0.0,1.8180757761001587,0,64,cache_read_only_not_online_fps,32fdd06d26764df247b0164387e6061cbe61664ba5aa2aabd173919761ed38aa,cached_perception_v2,0,0,0,,,0,0.0,0,10.36437600851059,0.7853955030441284,12.967847287654877,0.4584433086814972,0.447405773730024,0.4584433086814972,0.45844352883418177,0.44698419787305,0.343085830332128
cracker_box_reorient_occ60,1579908949291483191,0.46472912577084124,0.47497367475281393,0.39758358037076647,0.3776926567038344,0.014285363151093305,0.013570673002853738,0.0,0.0,0.01024454898197269,-0.01989092366693207,MODE_4_TRUSTED_FUSION,full,four_mode_relocalization_v2,0.5125056695646409,0,0,0,False,0,0,0.46472912577084124,0,0,precomputed,0,0.0,1.8353182822465897,0,65,cache_read_only_not_online_fps,32fdd06d26764df247b0164387e6061cbe61664ba5aa2aabd173919761ed38aa,cached_perception_v2,0,0,0,,,0,0.0,0,10.507798753678799,0.7589422166347504,13.102059252560139,0.46472912577084124,0.4699043809617297,0.46472912577084124,0.4647296096437108,0.4691083050177159,0.37319367601652087
cracker_box_reorient_occ60,1579908949348432797,0.4325593731553638,0.5115385026646004,0.37805429308118893,0.4231282619723132,0.013583666766264033,0.015203195454220223,0.0,0.0019588638589618022,0.07897912950923663,0.04507396889112425,MODE_4_TRUSTED_FUSION,full,four_mode_relocalization_v2,0.472555451516997,0,0,0,False,0,0,0.4325593731553638,0,0,precomputed,0,0.0,1.862853765487671,0,66,cache_read_only_not_online_fps,32fdd06d26764df247b0164387e6061cbe61664ba5aa2aabd173919761ed38aa,cached_perception_v2,0,0,0,,,0,0.0,0,10.200751945376396,0.768057070672512,12.83166278153658,0.4325593731553638,0.46886655411832784,0.4325593731553638,0.4325598800687504,0.4664626053072983,0.3936048380526555
cracker_box_reorient_occ60,1579908949400072033,0.4603861081960885,0.4641923748827236,0.39630674758695056,0.40466441436258666,0.01423948595469847,0.014539780813139176,0.0,0.0,0.0038062666866350847,0.008357666775636097,MODE_4_TRUSTED_FUSION,full,four_mode_relocalization_v2,0.49490989016240877,0,0,0,False,0,0,0.4603861081960885,0,0,precomputed,0,0.0,2.095591276884079,0,67,cache_read_only_not_online_fps,32fdd06d26764df247b0164387e6061cbe61664ba5aa2aabd173919761ed38aa,cached_perception_v2,0,0,0,,,0,0.0,0,10.165225714445114,0.7609585300087929,13.021775521337986,0.4603861081960885,0.46339040609850063,0.4603861081960885,0.4603865991819409,0.46143878345190753,0.41840186592128226
cracker_box_reorient_occ60,1579908949464370824,0.47378444498705397,0.4571170540344238,0.4206825248273887,0.4115732513433419,0.015115318979908124,0.014788018542498506,0.0019588638589618022,0.0019588638589618022,-0.016667390952630146,-0.009109273484046831,MODE_4_TRUSTED_FUSION,full,four_mode_relocalization_v2,0.5053442134032671,0,0,0,False,0,0,0.4571170540344238,0,0,precomputed,0,0.0,1.8494324758648872,0,68,cache_read_only_not_online_fps,32fdd06d26764df247b0164387e6061cbe61664ba5aa2aabd173919761ed38aa,cached_perception_v2,0,0,0,,,0,0.0,0,10.52906084805727,0.7622595876455307,13.140752911567688,0.47378444498705397,0.465359759679274,0.47378444498705397,0.4737850232551133,0.46458162248851187,0.4475238170011095
cracker_box_reorient_occ60,1579908949524543860,0.468854715622756,0.4703663898300294,0.4214648661886274,0.4348891654061204,0.015143428869262692,0.015625770190279997,0.0019588638589618022,0.0019588638589618022,0.0015116742072733835,0.013424299217492996,MODE_4_TRUSTED_FUSION,full,four_mode_relocalization_v2,0.49234082417977576,0,0,0,False,0,0,0.468854715622756,0,0,precomputed,0,0.0,1.8337210640311241,0,69,cache_read_only_not_online_fps,32fdd06d26764df247b0164387e6061cbe61664ba5aa2aabd173919761ed38aa,cached_perception_v2,0,0,0,,,0,0.0,0,10.357696563005447,0.7687704637646675,12.960188090801239,0.468854715622756,0.46898700034240604,0.468854715622756,0.4688552014310709,0.46907608919754323,0.468854715622756
cracker_box_reorient_occ60,1579908949581327643,0.47129231775810976,0.4739638922021722,0.42337760878625513,0.43090721784866254,0.01521215460133693,0.015482696960611287,0.0019588638589618022,0.0019588638589618022,0.0026715744440624634,0.007529609062407405,MODE_4_TRUSTED_FUSION,full,four_mode_relocalization_v2,0.49569384665442007,0,0,0,False,0,0,0.47129231775810976,0,0,precomputed,0,0.0,1.8926896154880524,0,70,cache_read_only_not_online_fps,32fdd06d26764df247b0164387e6061cbe61664ba5aa2aabd173919761ed38aa,cached_perception_v2,0,0,0,,,0,0.0,0,10.357211343944073,0.7725916802883148,13.02249263972044,0.47129231775810976,0.47186092476321867,0.47129231775810976,0.4712928061076072,0.4723304762968993,0.47129231775810976
cracker_box_reorient_occ60,1579908949648651950,0.457098174258092,0.4601571896534969,0.3937901337309544,0.40437905516513106,0.014149062847158535,0.014529527724316052,0.0,0.0,0.0030590153954048738,0.010588921434176668,MODE_4_TRUSTED_FUSION,full,four_mode_relocalization_v2,0.4935288925702129,0,0,0,False,0,0,0.457098174258092,0,0,precomputed,0,0.0,2.241671085357666,0,71,cache_read_only_not_online_fps,32fdd06d26764df247b0164387e6061cbe61664ba5aa2aabd173919761ed38aa,cached_perception_v2,0,0,0,,,0,0.0,0,10.753042995929718,0.7804855704307556,13.77519965171814,0.457098174258092,0.457346711410942,0.457098174258092,0.4570986330172348,0.4577866966615011,0.457098174258092
cracker_box_reorient_occ60,1579908949703837516,0.4653275510005832,0.4684130042838066,0.4278834375629266,0.4074704147764608,0.01537405112712246,0.014640601714437287,0.0019588638589618022,0.0019588638589618022,0.003085453283223405,-0.02041302278646584,MODE_4_TRUSTED_FUSION,full,four_mode_relocalization_v2,0.5119325018123414,0,0,0,False,0,0,0.4653275510005832,0,0,precomputed,0,0.0,2.117427997291088,0,72,cache_read_only_not_online_fps,32fdd06d26764df247b0164387e6061cbe61664ba5aa2aabd173919761ed38aa,cached_perception_v2,0,0,0,,,0,0.0,0,10.544979013502598,0.7498664781451225,13.412273488938808,0.4653275510005832,0.46606400304840545,0.4653275510005832,0.46532799777028483,0.46624222748565614,0.4653275510005832
cracker_box_reorient_occ60,1579908949765879700,0.4424409311602661,0.4644761442538936,0.37907528679540337,0.4019136478260359,0.013620351545773627,0.01444094449076928,0.0,0.0,0.022035213093627493,0.022838361030632526,MODE_4_TRUSTED_FUSION,full,four_mode_relocalization_v2,0.48574364760642647,0,0,0,False,0,0,0.4424409311602661,0,0,precomputed,0,0.0,1.832219772040844,0,73,cache_read_only_not_online_fps,32fdd06d26764df247b0164387e6061cbe61664ba5aa2aabd173919761ed38aa,cached_perception_v2,0,0,0,,,0,0.0,0,10.48660185188055,0.7648319005966187,13.083653524518013,0.4424409311602661,0.4535187426080884,0.4424409311602661,0.44244140041842844,0.45319370503250744,0.4424409311602661
cracker_box_reorient_occ60,1579908949834467086,0.45575691375226207,0.4399601357503053,0.3723874331221557,0.3831143848935612,0.013380053849539237,0.013765478220978037,0.0,0.0,-0.01579677800195678,0.01072695177140548,MODE_4_TRUSTED_FUSION,full,four_mode_relocalization_v2,0.49308386420108424,0,0,0,False,0,0,0.4399601357503053,0,0,precomputed,0,0.0,1.8997471779584885,0,74,cache_read_only_not_online_fps,32fdd06d26764df247b0164387e6061cbe61664ba5aa2aabd173919761ed38aa,cached_perception_v2,0,0,0,,,0,0.0,0,10.383210144937038,0.7583135738968849,13.041270896792412,0.45575691375226207,0.4478667062062618,0.45575691375226207,0.45575727768408975,0.44756703994216374,0.4224188085712618
cracker_box_reorient_occ60,1579908949890699235,0.43856552999285486,0.44363558826443894,0.39663743737317114,0.3763144041386327,0.014251367792681097,0.01352115174649433,0.0,0.0,0.005070058271584077,-0.020323033234538435,MODE_4_TRUSTED_FUSION,full,four_mode_relocalization_v2,0.5128147966689828,0,0,0,False,0,0,0.43856552999285486,0,0,precomputed,0,0.0,2.1447017788887024,0,75,cache_read_only_not_online_fps,32fdd06d26764df247b0164387e6061cbe61664ba5aa2aabd173919761ed38aa,cached_perception_v2,0,0,0,,,0,0.0,0,10.354113765060902,0.7655834779143333,13.264399021863937,0.43856552999285486,0.4408730122623757,0.43856552999285486,0.4385659970023062,0.4407875337135304,0.4057316989916887
cracker_box_reorient_occ60,1579908949964882890,0.4709894052125945,0.43441590509453226,0.4009837773313699,0.3830185518760057,0.014407533810963533,0.013762034896038992,0.0,0.0,-0.03657350011806226,-0.01796522545536422,MODE_4_TRUSTED_FUSION,full,four_mode_relocalization_v2,0.5111723715235224,0,0,0,False,0,0,0.43441590509453226,0,0,precomputed,0,0.0,2.071436494588852,0,76,cache_read_only_not_online_fps,32fdd06d26764df247b0164387e6061cbe61664ba5aa2aabd173919761ed38aa,cached_perception_v2,0,0,0,,,0,0.0,0,10.696475394070148,0.7588528096675873,13.526764698326588,0.4709894052125945,0.4525111818470341,0.4709894052125945,0.4709898033068376,0.45216361644708464,0.392982721674182
cracker_box_reorient_occ60,1579908950020222420,0.45073008526938163,0.464080654657709,0.41364794159674106,0.40616284351920084,0.014862563129244775,0.01459362007038028,0.0019588638589618022,0.0009108556606065724,0.013350569388327349,-0.00748509807754022,MODE_4_TRUSTED_FUSION,full,four_mode_relocalization_v2,0.5044564193567167,0,0,0,False,0,0,0.45073008526938163,0,0,precomputed,0,0.0,1.901852898299694,0,77,cache_read_only_not_online_fps,32fdd06d26764df247b0164387e6061cbe61664ba5aa2aabd173919761ed38aa,cached_perception_v2,0,0,0,,,0,0.0,0,10.673186741769314,0.7687658071517944,13.343805447220802,0.45073008526938163,0.4565027047914559,0.45073008526938163,0.4507305429105566,0.45625743157458565,0.3859923862386036
cracker_box_reorient_occ60,1579908950084593688,0.4335854663259574,0.461608980920034,0.37482769157592294,0.4128165207645044,0.013467733471927267,0.014832689791646658,0.0,0.0019588638589618022,0.028023514594076593,0.037988829188581485,MODE_4_TRUSTED_FUSION,full,four_mode_relocalization_v2,0.4764817053053004,0,0,0,False,0,0,0.4335854663259574,0,0,precomputed,0,0.0,2.155127003788948,0,78,cache_read_only_not_online_fps,32fdd06d26764df247b0164387e6061cbe61664ba5aa2aabd173919761ed38aa,cached_perception_v2,0,0,0,,,0,0.0,0,10.55110339075327,0.7545007392764091,13.460731133818626,0.4335854663259574,0.44682438081654846,0.4335854663259574,0.4335859334070651,0.446085497355382,0.3842844267196834
cracker_box_reorient_occ60,1579908950143318883,0.43714313971886,0.43687686503179907,0.39915025112698443,0.39313214784031836,0.014341654360780337,0.01412542110776058,0.0,0.0,-0.00026627468706091895,-0.006018103286666077,MODE_4_TRUSTED_FUSION,full,four_mode_relocalization_v2,0.5037044402872186,0,0,0,False,0,0,0.43687686503179907,0,0,precomputed,0,0.0,2.186049707233906,0,79,cache_read_only_not_online_fps,32fdd06d26764df247b0164387e6061cbe61664ba5aa2aabd173919761ed38aa,cached_perception_v2,0,0,0,,,0,0.0,0,10.214823298156261,0.7628705352544785,13.163743540644646,0.43714313971886,0.43687921274750235,0.43714313971886,0.43714361642690935,0.4362945184529963,0.3868365322403849
cracker_box_reorient_occ60,1579908950198399820,0.44297447619640945,0.4277264517255482,0.4154988329911604,0.3727159872767248,0.014929066518790834,0.01339185895328231,0.0019588638589618022,0.0,-0.015248024470861266,-0.042782845714435636,MODE_4_TRUSTED_FUSION,full,four_mode_relocalization_v2,0.5264674964140446,0,0,0,False,0,0,0.4277264517255482,0,0,precomputed,0,0.0,1.9161710515618324,0,80,cache_read_only_not_online_fps,32fdd06d26764df247b0164387e6061cbe61664ba5aa2aabd173919761ed38aa,cached_perception_v2,0,0,0,,,0,0.0,0,10.453145019710064,0.7505128160119057,13.119828887283802,0.44297447619640945,0.4338350466672262,0.44297447619640945,0.4429749573078563,0.43316667502071426,0.3930366177475078
cracker_box_reorient_occ60,1579908950252902710,0.45397583275696063,0.43129032299917297,0.39754071154928006,0.41975588966944377,0.014283822854378282,0.015082024547257083,0.0,0.0019588638589618022,-0.02268550975778766,0.022215178120163714,MODE_4_TRUSTED_FUSION,full,four_mode_relocalization_v2,0.48673398525216244,0,0,0,False,0,0,0.43129032299917297,0,0,precomputed,0,0.0,2.0776866003870964,0,81,cache_read_only_not_online_fps,32fdd06d26764df247b0164387e6061cbe61664ba5aa2aabd173919761ed38aa,cached_perception_v2,0,0,0,,,0,0.0,0,10.53745299577713,0.7574548944830894,13.372594490647316,0.45397583275696063,0.4424769861874801,0.45397583275696063,0.45397629015229674,0.4424036272864316,0.4029591699936287
cracker_box_reorient_occ60,1579908950319750000,0.4612717209793409,0.45198418843302246,0.4059003308835277,0.4167154411028144,0.014584187869158981,0.014972779814675275,0.0,0.0019588638589618022,-0.009287532546318422,0.010815110219286661,MODE_4_TRUSTED_FUSION,full,four_mode_relocalization_v2,0.4935824188326124,0,0,0,False,0,0,0.45198418843302246,0,0,precomputed,0,0.0,2.1313289180397987,0,82,cache_read_only_not_online_fps,32fdd06d26764df247b0164387e6061cbe61664ba5aa2aabd173919761ed38aa,cached_perception_v2,0,0,0,,,0,0.0,0,10.21416112780571,0.7567014545202255,13.102191500365734,0.4612717209793409,0.45611077472086586,0.4612717209793409,0.46127218380918616,0.4564701167779125,0.41633803575741496
cracker_box_reorient_occ60,1579908950393674439,0.4516971327815871,0.4706044114420459,0.3913528643841419,0.40111414556312724,0.014061490624775066,0.014412218002227877,0.0,0.0,0.018907278660458826,0.009761281178985337,MODE_4_TRUSTED_FUSION,full,four_mode_relocalization_v2,0.4939928138253768,0,0,0,False,0,0,0.4516971327815871,0,0,precomputed,0,0.0,2.182609401643276,0,83,cache_read_only_not_online_fps,32fdd06d26764df247b0164387e6061cbe61664ba5aa2aabd173919761ed38aa,cached_perception_v2,0,0,0,,,0,0.0,0,10.447301901876926,0.7599834352731705,13.389894738793373,0.4516971327815871,0.4604667876428389,0.4516971327815871,0.45169759030163736,0.4607321480163451,0.43212139063933674
cracker_box_reorient_occ60,1579908950446442855,0.4530198603980192,0.4654449553862661,0.4171516998253305,0.4026178177933409,0.014988454793690162,0.014466245645544495,0.0019588638589618022,0.0,0.012425094988246899,-0.014533882031989631,MODE_4_TRUSTED_FUSION,full,four_mode_relocalization_v2,0.5086534946357681,0,0,0,False,0,0,0.4530198603980192,0,0,precomputed,0,0.0,1.8257340416312218,0,84,cache_read_only_not_online_fps,32fdd06d26764df247b0164387e6061cbe61664ba5aa2aabd173919761ed38aa,cached_perception_v2,0,0,0,,,0,0.0,0,10.337973944842815,0.7775751873850822,12.94128317385912,0.4530198603980192,0.45892879705507716,0.4530198603980192,0.453020257955019,0.4591320069877999,0.44876813336188065
cracker_box_reorient_occ60,1579908950498704486,0.44373980197563967,0.45796294245949354,0.43094563890462445,0.4027248239649802,0.01548407744704021,0.01447009042711181,0.0019588638589618022,0.0,0.014223140483853869,-0.028220814939644234,MODE_4_TRUSTED_FUSION,full,four_mode_relocalization_v2,0.5165291035400125,0,0,0,False,0,0,0.44373980197563967,0,0,precomputed,0,0.0,2.09101103246212,0,85,cache_read_only_not_online_fps,32fdd06d26764df247b0164387e6061cbe61664ba5aa2aabd173919761ed38aa,cached_perception_v2,0,0,0,,,0,0.0,0,10.602467693388462,0.7683448493480682,13.46182357519865,0.44373980197563967,0.4493949941584161,0.44373980197563967,0.4437402762781644,0.44973765408872896,0.44373980197563967
cracker_box_reorient_occ60,1579908950557551890,0.46571472670185293,0.4415688739307891,0.41292171147362944,0.4261512747556879,0.014836469342800583,0.015311813710991877,0.0019588638589618022,0.0019588638589618022,-0.024145852771063847,0.013229563282058487,MODE_4_TRUSTED_FUSION,full,four_mode_relocalization_v2,0.4923000935344701,0,0,0,False,0,0,0.4415688739307891,0,0,precomputed,0,0.0,1.7264513298869133,0,86,cache_read_only_not_online_fps,32fdd06d26764df247b0164387e6061cbe61664ba5aa2aabd173919761ed38aa,cached_perception_v2,0,0,0,,,0,0.0,0,10.405401699244976,0.7602861151099205,12.89213914424181,0.46571472670185293,0.4530649638482985,0.46571472670185293,0.46571523144414123,0.45348488455531166,0.46571472670185293
cracker_box_reorient_occ60,1579908950630169777,0.4526164516662795,0.45783952394825655,0.40194470830896234,0.43023144125449164,0.014442060508382077,0.015458415992952267,0.0,0.0019588638589618022,0.005223072281977048,0.028286732945529303,MODE_4_TRUSTED_FUSION,full,four_mode_relocalization_v2,0.48340323596241236,0,0,0,False,0,0,0.4526164516662795,0,0,precomputed,0,0.0,2.1233931183815002,0,87,cache_read_only_not_online_fps,32fdd06d26764df247b0164387e6061cbe61664ba5aa2aabd173919761ed38aa,cached_perception_v2,0,0,0,,,0,0.0,0,10.235318914055824,0.7592905312776566,13.118002563714981,0.4526164516662795,0.4549108564728419,0.4526164516662795,0.45261702002774373,0.45505092513973233,0.4526164516662795
cracker_box_reorient_occ60,1579908950688480052,0.4429611374020558,0.45747624130719355,0.40482382075868745,0.4266121028537636,0.014545508359168072,0.015328371479109716,0.0,0.0019588638589618022,0.014515103905137772,0.02178828209507616,MODE_4_TRUSTED_FUSION,full,four_mode_relocalization_v2,0.4872049783836737,0,0,0,False,0,0,0.4429611374020558,0,0,precomputed,0,0.0,1.8616821616888046,0,88,cache_read_only_not_online_fps,32fdd06d26764df247b0164387e6061cbe61664ba5aa2aabd173919761ed38aa,cached_perception_v2,0,0,0,,,0,0.0,0,10.211877524852753,0.7498534396290779,12.823413126170635,0.4429611374020558,0.44946061031146334,0.4429611374020558,0.44296164993543236,0.4492660741194519,0.4429611374020558
cracker_box_reorient_occ60,1579908950745484545,0.43420944333715145,0.4452671858753771,0.4294698416679608,0.3814173770916723,0.01543105136521998,0.013704503940557266,0.0019588638589618022,0.0,0.011057742538225668,-0.048052464576288534,MODE_4_TRUSTED_FUSION,full,four_mode_relocalization_v2,0.5289163580154851,0,0,0,False,0,0,0.43420944333715145,0,0,precomputed,0,0.0,1.7168102785944939,0,89,cache_read_only_not_online_fps,32fdd06d26764df247b0164387e6061cbe61664ba5aa2aabd173919761ed38aa,cached_perception_v2,0,0,0,,,0,0.0,0,10.520781390368938,0.7848823443055153,13.022474013268948,0.43420944333715145,0.4394118600685201,0.43420944333715145,0.4342100381317397,0.43944434276218014,0.43420944333715145
cracker_box_reorient_occ60,1579908950815734297,0.44719145124625787,0.4297999821116603,0.3959326913525428,0.3898339028580166,0.014226045940041772,0.014006913629937896,0.0,0.0,-0.017391469134597548,-0.006098788494526164,MODE_4_TRUSTED_FUSION,full,four_mode_relocalization_v2,0.5037844634776039,0,0,0,False,0,0,0.4297999821116603,0,0,precomputed,0,0.0,1.7219213768839836,0,90,cache_read_only_not_online_fps,32fdd06d26764df247b0164387e6061cbe61664ba5aa2aabd173919761ed38aa,cached_perception_v2,0,0,0,,,0,0.0,0,10.618681088089943,0.7604314014315605,13.101033866405487,0.44719145124625787,0.4374841732043667,0.44719145124625787,0.4471919538997256,0.43755143409734887,0.42864958119563723
cracker_box_reorient_occ60,1579908950874079837,0.454606435687356,0.4370651762517552,0.3939955389128509,0.39271152852426844,0.014156443150977348,0.014110308059901475,0.0,0.0,-0.017541259435600753,-0.001284010388582446,MODE_4_TRUSTED_FUSION,full,four_mode_relocalization_v2,0.50079583434955,0,0,0,False,0,0,0.4370651762517552,0,0,precomputed,0,0.0,2.2225817665457726,0,91,cache_read_only_not_online_fps,32fdd06d26764df247b0164387e6061cbe61664ba5aa2aabd173919761ed38aa,cached_perception_v2,0,0,0,,,0,0.0,0,10.655933059751987,0.7530469447374344,13.631561771035194,0.454606435687356,0.44593222719999687,0.454606435687356,0.45460688300019997,0.44593998964587866,0.42695569196243
cracker_box_reorient_occ60,1579908950928838522,0.42669454778163374,0.45580505389989967,0.4066243737810695,0.3979138876947238,0.014610203067570115,0.014297231247028747,0.0019588638589618022,0.0,0.029110506118265933,-0.008710486086345726,MODE_4_TRUSTED_FUSION,full,four_mode_relocalization_v2,0.5052820387441787,0,0,0,False,0,0,0.42669454778163374,0,0,precomputed,0,0.0,1.9902298226952553,0,92,cache_read_only_not_online_fps,32fdd06d26764df247b0164387e6061cbe61664ba5aa2aabd173919761ed38aa,cached_perception_v2,0,0,0,,,0,0.0,0,10.713356547057629,0.7703704759478569,13.47395684570074,0.42669454778163374,0.43820001822210686,0.42669454778163374,0.4266951912949137,0.43835359561543563,0.42669454778163374
cracker_box_reorient_occ60,1579908950983328618,0.45876701318592783,0.4319247470859442,0.39913119438222155,0.40438011989180594,0.014340969643068502,0.0145295659804412,0.0,0.0,-0.026842266099983636,0.00524892550958439,MODE_4_TRUSTED_FUSION,full,four_mode_relocalization_v2,0.496813082334994,0,0,0,False,0,0,0.4319247470859442,0,0,precomputed,0,0.0,1.8369480967521667,0,93,cache_read_only_not_online_fps,32fdd06d26764df247b0164387e6061cbe61664ba5aa2aabd173919761ed38aa,cached_perception_v2,0,0,0,,,0,0.0,0,10.628022253513336,0.7675522938370705,13.232522644102573,0.45876701318592783,0.44495673706800803,0.45876701318592783,0.4587675156812436,0.4451726414766732,0.44642189247573427
cracker_box_reorient_occ60,1579908951041892990,0.44940464795948176,0.45242956383633154,0.430570592621332,0.4253594000665146,0.015470601859466136,0.01528336128472606,0.0019588638589618022,0.0019588638589618022,0.0030249158768497764,-0.00521119255481739,MODE_4_TRUSTED_FUSION,full,four_mode_relocalization_v2,0.5029746627003984,0,0,0,False,0,0,0.44940464795948176,0,0,precomputed,0,0.0,1.9866060465574265,0,94,cache_read_only_not_online_fps,32fdd06d26764df247b0164387e6061cbe61664ba5aa2aabd173919761ed38aa,cached_perception_v2,0,0,0,,,0,0.0,0,10.269291698932648,0.7584951817989349,13.014392927289009,0.44940464795948176,0.4502371857434815,0.44940464795948176,0.4494052112670792,0.45035812193054325,0.44940464795948176
cracker_box_reorient_occ60,1579908951097963827,0.4470719254876451,0.4566537106770875,0.4114632581324513,0.4116380454847388,0.01478406643522018,0.014790346626165983,0.0019588638589618022,0.0019588638589618022,0.00958178518944236,0.00017478735228748654,MODE_4_TRUSTED_FUSION,full,four_mode_relocalization_v2,0.49989634261533133,0,0,0,False,0,0,0.4470719254876451,0,0,precomputed,0,0.0,3.726506605744362,0,95,cache_read_only_not_online_fps,32fdd06d26764df247b0164387e6061cbe61664ba5aa2aabd173919761ed38aa,cached_perception_v2,0,0,0,,,0,0.0,0,19.346795976161957,0.7882378995418549,23.861540481448174,0.4470719254876451,0.45160155045821154,0.4470719254876451,0.4470724729082202,0.4516343663378407,0.4470719254876451
cracker_box_reorient_occ60,1579908951150044461,0.4589024776872118,0.45298830925578815,0.3963860572301231,0.406530671825969,0.014242335587102924,0.014606836312697265,0.0,0.0019588638589618022,-0.005914168431423672,0.010144614595845924,MODE_4_TRUSTED_FUSION,full,four_mode_relocalization_v2,0.49383618400401097,0,0,0,False,0,0,0.45298830925578815,0,0,precomputed,0,0.0,1.811421476304531,0,96,cache_read_only_not_online_fps,32fdd06d26764df247b0164387e6061cbe61664ba5aa2aabd173919761ed38aa,cached_perception_v2,0,0,0,,,0,0.0,0,10.391561314463615,0.7335096597671509,12.936492450535297,0.4589024776872118,0.45559645130307613,0.4589024776872118,0.45890306669097464,0.45560646034607694,0.44800740100180286
cracker_box_reorient_occ60,1579908951208392768,0.4596854455225694,0.45991786266073925,0.411065898004599,0.3952975956479264,0.014769789100822108,0.014203226655684797,0.0019588638589618022,0.0,0.0002324171381698492,-0.015768302356672592,MODE_4_TRUSTED_FUSION,full,four_mode_relocalization_v2,0.5095407786511579,0,0,0,False,0,0,0.4596854455225694,0,0,precomputed,0,0.0,2.0692432299256325,0,97,cache_read_only_not_online_fps,32fdd06d26764df247b0164387e6061cbe61664ba5aa2aabd173919761ed38aa,cached_perception_v2,0,0,0,,,0,0.0,0,10.156861506402493,0.7424335926771164,12.968538329005241,0.4596854455225694,0.45958600426154833,0.4596854455225694,0.45968602482079746,0.4595823435476165,0.4523132660625301
cracker_box_reorient_occ60,1579908951263416314,0.4516040722441248,0.4639176931246704,0.3963118481961007,0.3887168347769027,0.014239669221959994,0.01396677685369496,0.0,0.0,0.012313620880545606,-0.0075950134191979934,MODE_4_TRUSTED_FUSION,full,four_mode_relocalization_v2,0.5047172315594702,0,0,0,False,0,0,0.4516040722441248,0,0,precomputed,0,0.0,1.9842032343149185,0,98,cache_read_only_not_online_fps,32fdd06d26764df247b0164387e6061cbe61664ba5aa2aabd173919761ed38aa,cached_perception_v2,0,0,0,,,0,0.0,0,10.443715378642082,0.7402924820780754,13.168211095035076,0.4516040722441248,0.45708570990598674,0.4516040722441248,0.451604564120034,0.4571309900534189,0.4516040722441248
cracker_box_reorient_occ60,1579908951323307442,0.44818468987663296,0.45668942105455257,0.4278298734427874,0.407869982884425,0.015372126543347284,0.014654958382588776,0.0019588638589618022,0.0019588638589618022,0.008504731177919611,-0.019959890558362392,MODE_4_TRUSTED_FUSION,full,four_mode_relocalization_v2,0.5116629040023644,0,0,0,False,0,0,0.44818468987663296,0,0,precomputed,0,0.0,2.104859799146652,0,99,cache_read_only_not_online_fps,32fdd06d26764df247b0164387e6061cbe61664ba5aa2aabd173919761ed38aa,cached_perception_v2,0,0,0,,,0,0.0,0,10.253229178488255,0.7503954693675041,13.108484447002411,0.44818468987663296,0.4499835594441462,0.44818468987663296,0.44818539422157855,0.45014059740967605,0.44818468987663296
cracker_box_reorient_occ60,1579908951385852578,0.4520521520667456,0.44385537368325545,0.4112342305329563,0.42096045832168555,0.014775837366938842,0.015125305259759471,0.0019588638589618022,0.0019588638589618022,-0.008196778383490144,0.009726227788729225,MODE_4_TRUSTED_FUSION,full,four_mode_relocalization_v2,0.4942934238408588,0,0,0,False,0,0,0.44385537368325545,0,0,precomputed,0,0.0,1.7482442781329155,0,100,cache_read_only_not_online_fps,32fdd06d26764df247b0164387e6061cbe61664ba5aa2aabd173919761ed38aa,cached_perception_v2,0,0,0,,,0,0.0,0,10.389400646090508,0.7508480921387672,12.88849301636219,0.4520521520667456,0.4478466041614544,0.4520521520667456,0.4520527586208044,0.4479964021081368,0.4520521520667456
cracker_box_reorient_occ60,1579908951442253069,0.5110917629685429,0.44624521123426114,1.190437183111494,1.1545017226811103,0.042772962237156445,0.041481784412933806,0.7946843853820601,0.7946843853820601,-0.06484655173428172,-0.03593546043038365,MODE_3_RELOCALIZE,full,four_mode_relocalization_v2,,0,0,0,False,1,0,0.44624521123426114,0,0,precomputed,1,0.0,1.7603356391191483,0,101,cache_read_only_not_online_fps,32fdd06d26764df247b0164387e6061cbe61664ba5aa2aabd173919761ed38aa,cached_perception_v2,1,1,1,0.5907693429750762,,1,27980.46352621168,0,16.266300342977047,27980.46352621168,27998.490162193775,0.5110917629685429,0.45143122321292095,0.45884712360578966,0.5110920665438328,0.5907693429750762,0.45884712360578966
cracker_box_reorient_occ60,1579908951507161706,0.518102545069729,0.7946016513691612,1.2352728573858238,1.159642677521129,0.04438392888858517,0.041666501313879646,0.7946843853820601,0.7946843853820601,0.2764991062994322,-0.07563017986469478,MODE_3_RELOCALIZE,full,four_mode_relocalization_v2,,0,0,0,False,1,0,0.518102545069729,0,0,restarted_se3,1,12510.448820888996,2.9529156163334846,0,102,cache_read_only_not_online_fps,32fdd06d26764df247b0164387e6061cbe61664ba5aa2aabd173919761ed38aa,cached_perception_v2,1,1,1,0.5622621685779258,,1,2472.440667450428,0,22.64278009533882,2472.440667450428,15008.485184051096,0.45730555472117024,0.46855171310209026,0.4680015112783989,0.45730627115280165,0.5622621685779258,0.45730555472117024
cracker_box_reorient_occ60,1579908951563255287,0.5337103748235368,0.5373503051362671,1.1685399525842302,1.1616946756245017,0.04198618454932171,0.04174023056111037,0.7946843853820601,0.7946843853820601,0.003639930312730355,-0.006845276959728475,MODE_3_RELOCALIZE,full,four_mode_relocalization_v2,,0,0,0,False,1,0,0.5337103748235368,0,0,restarted_se3,1,49.00718946009874,1.8021855503320694,0,103,cache_read_only_not_online_fps,32fdd06d26764df247b0164387e6061cbe61664ba5aa2aabd173919761ed38aa,cached_perception_v2,1,1,1,0.47388920558053715,,1,2455.7354040443897,0,20.836557261645794,2455.7354040443897,2527.3813363164663,0.44788291404145264,0.48033539084689986,0.47947285640703285,0.44788356706195465,0.47388920558053715,0.44788291404145264
cracker_box_reorient_occ60,1579908951619188002,0.4527465179447997,0.5682271229553626,1.1926642974214197,1.2281403984458354,0.04285298349121985,0.04412765631811588,0.7946843853820601,0.7946843853820601,0.1154806050105629,0.035476101024415785,MODE_3_RELOCALIZE,full,four_mode_relocalization_v2,,0,0,0,False,1,0,0.4527465179447997,0,0,restarted_se3,1,47.63710405677557,2.074592746794224,0,104,cache_read_only_not_online_fps,32fdd06d26764df247b0164387e6061cbe61664ba5aa2aabd173919761ed38aa,cached_perception_v2,1,1,1,0.45674737120682274,,1,2457.395739853382,0,20.59220429509878,2457.395739853382,2527.6996409520507,0.44604419007184215,0.4532497424040543,0.492623462614542,0.4460443478448699,0.45674737120682274,0.44604419007184215
cracker_box_reorient_occ60,1579908951681969212,0.41503240265949143,0.4719402671925948,1.2132696705061157,1.1807765764689466,0.04359334413967557,0.042425852142670264,0.7946843853820601,0.7946843853820601,0.05690786453310337,-0.032493094037169046,MODE_3_RELOCALIZE,full,four_mode_relocalization_v2,,0,0,0,False,1,0,0.41503240265949143,0,0,restarted_se3,1,46.295955777168274,2.2278642281889915,0,105,cache_read_only_not_online_fps,32fdd06d26764df247b0164387e6061cbe61664ba5aa2aabd173919761ed38aa,cached_perception_v2,1,1,1,0.456960195418794,,1,2450.2999763935804,0,20.24891786277294,2450.2999763935804,2519.0727142617106,0.4288097406148158,0.42536742140878125,0.5082165889735726,0.4288098519240389,0.456960195418794,0.4288097406148158
cracker_box_reorient_occ60,1579908951747916107,0.4063023156429533,0.4615218666130256,1.198829040106437,1.1902013161350788,0.04307448556609526,0.04276448742687807,0.7946843853820601,0.7946843853820601,0.05521955097007225,-0.008627723971358137,MODE_3_RELOCALIZE,full,four_mode_relocalization_v2,,0,0,0,False,1,0,0.4063023156429533,0,0,restarted_se3,1,45.95051892101765,1.6974052414298058,0,106,cache_read_only_not_online_fps,32fdd06d26764df247b0164387e6061cbe61664ba5aa2aabd173919761ed38aa,cached_perception_v2,1,1,1,0.6538615524521751,,1,2457.4261708185077,0,21.334786899387836,2457.4261708185077,2526.408881880343,0.48558791694307546,0.46309168243682897,0.5257580645700417,0.4855877389909163,0.6538615524521751,0.4267200291801979
cracker_box_reorient_occ60,1579908951817803778,0.4398815874089596,0.8822453881532454,1.1548966137063816,1.0653537312522539,0.041495973031326565,0.038278655575057365,0.7946843853820601,0.24242424242424243,0.4423638007442858,-0.08954288245412778,MODE_2_PRIOR,full,four_mode_relocalization_v2,1.0,0,0,0,False,0,0,0.4398815874089596,0,0,restarted_se3,0,46.71588074415922,2.3731952533125877,0,107,cache_read_only_not_online_fps,32fdd06d26764df247b0164387e6061cbe61664ba5aa2aabd173919761ed38aa,cached_perception_v2,0,0,0,,,0,0.0,0,24.024611338973045,0.8405288681387901,73.95421620458364,0.5148823262424929,0.529679615801597,0.5453518774903313,0.5148822348718866,0.8822453881532454,0.43436128890933834
cracker_box_reorient_occ60,1579908951892649800,0.43833741250088193,1.117777973536793,1.1823003630135147,1.0361270683345831,0.04248060250266653,0.037228527968972205,0.7946843853820601,0.12499999999999999,0.6794405610359111,-0.1461732946789316,MODE_2_PRIOR,full,four_mode_relocalization_v2,1.0,0,0,0,False,0,0,0.43833741250088193,0,0,restarted_se3,0,46.386598609387875,4.52203955501318,0,108,cache_read_only_not_online_fps,32fdd06d26764df247b0164387e6061cbe61664ba5aa2aabd173919761ed38aa,cached_perception_v2,0,0,0,,,0,0.0,0,21.102728322148323,1.4463383704423904,73.45770485699177,0.4774114899000777,0.5380468367211738,0.5658787105916482,0.4774113314517228,1.117777973536793,0.4495732672818644
cracker_box_reorient_occ60,1579908951957428922,0.4964151083631678,1.3659354978525347,1.1591986279918869,1.0077436539413025,0.04165054640755182,0.03620869867497102,0.7946843853820601,0.0891009055627426,0.8695203894893668,-0.1514549740505844,MODE_2_PRIOR,full,four_mode_relocalization_v2,1.0,0,0,0,False,0,0,0.4964151083631678,0,0,restarted_se3,0,46.40979692339897,3.0489983037114143,0,109,cache_read_only_not_online_fps,32fdd06d26764df247b0164387e6061cbe61664ba5aa2aabd173919761ed38aa,cached_perception_v2,0,0,0,,,0,0.0,0,21.256476640701294,0.8592931553721428,71.57456502318382,0.5362000146995802,0.5405312493904261,0.5876256106839474,0.5361999339446879,1.3659354978525347,0.4700421643689552
cracker_box_reorient_occ60,1579908952020066677,0.46603293383230393,1.6229779687446944,1.2517232542639614,0.9922839588274788,0.0449749993074507,0.035653224631751725,0.7946843853820601,0.0891009055627426,1.1569450349123904,-0.2594392954364826,MODE_2_PRIOR,full,four_mode_relocalization_v2,1.0,0,0,0,False,0,0,0.46603293383230393,0,0,restarted_se3,0,44.996446929872036,3.7098685279488564,0,110,cache_read_only_not_online_fps,32fdd06d26764df247b0164387e6061cbe61664ba5aa2aabd173919761ed38aa,cached_perception_v2,0,0,0,,,0,0.0,0,21.714957430958748,0.8708219975233078,71.29209488630295,0.4928940794279659,0.47560276065199447,0.6104456690557906,0.4928945704037525,1.6229779687446944,0.4928940794279659
cracker_box_reorient_occ60,1579908952088336912,0.47842139937876405,1.884817891160146,1.1935927386953562,1.0537078655726977,0.042886342818459364,0.037860214199067516,0.7946843853820601,0.24242424242424243,1.406396491781382,-0.13988487312265852,MODE_2_PRIOR,full,four_mode_relocalization_v2,1.0,0,0,0,False,0,0,0.47842139937876405,0,0,restarted_se3,0,47.22847510129213,3.617367707192898,0,111,cache_read_only_not_online_fps,32fdd06d26764df247b0164387e6061cbe61664ba5aa2aabd173919761ed38aa,cached_perception_v2,0,0,0,,,0,0.0,0,22.40562252700329,0.8623935282230377,74.11385886371136,0.4876638130154852,0.4747289338171031,0.6330442305990401,0.4876641821759094,1.884817891160146,0.4876638130154852
cracker_box_reorient_occ60,1579908952146674663,0.44044954486330923,2.151040316683013,1.2031423706959206,1.0595460186102281,0.043229465542391134,0.03806998175585396,0.7946843853820601,0.24242424242424243,1.710590771819704,-0.14359635208569244,MODE_2_PRIOR,full,four_mode_relocalization_v2,1.0,0,0,0,False,0,0,0.44044954486330923,0,0,restarted_se3,0,46.52048833668232,3.567400388419628,0,112,cache_read_only_not_online_fps,32fdd06d26764df247b0164387e6061cbe61664ba5aa2aabd173919761ed38aa,cached_perception_v2,0,0,0,,,0,0.0,0,20.673511549830437,0.8406080305576324,71.60200830549002,0.4499579545043022,0.4400935012632701,0.6560717242538413,0.4499578291785154,2.151040316683013,0.4499579545043022
cracker_box_reorient_occ60,1579908952206375716,0.36823880643270274,2.418978794683654,1.1889735596244675,1.0760370158139763,0.04272037356382858,0.038662510963321524,0.7946843853820601,0.3888888888888889,2.0507399882509514,-0.11293654381049123,MODE_3_RELOCALIZE,full,four_mode_relocalization_v2,,0,0,0,False,1,0,0.36823880643270274,0,0,restarted_se3,1,46.244836412370205,3.38700320571661,0,113,cache_read_only_not_online_fps,32fdd06d26764df247b0164387e6061cbe61664ba5aa2aabd173919761ed38aa,cached_perception_v2,1,1,1,0.5080208473171153,,1,2464.7622648626566,0,20.308323204517365,2464.7622648626566,2534.702427685261,0.4435418196317941,0.4007402317693408,0.6792877191906812,0.4435418183973901,0.5080208473171153,0.4435418196317941
cracker_box_reorient_occ60,1579908952262300457,0.43758507599589624,1.6222268443024477,1.1903668515065655,1.6440434871987077,0.042770435189846134,0.05907124793463986,0.7946843853820601,0.7946843853820601,1.1846417683065513,0.4536766356921422,MODE_3_RELOCALIZE,full,four_mode_relocalization_v2,,0,0,0,False,1,0,0.43758507599589624,0,0,restarted_se3,1,47.5335493683815,2.039918676018715,0,114,cache_read_only_not_online_fps,32fdd06d26764df247b0164387e6061cbe61664ba5aa2aabd173919761ed38aa,cached_perception_v2,1,1,1,0.5450045804089133,,1,2451.909522525966,0,20.708787254989147,2451.909522525966,2522.1917778253555,0.516351744973494,0.47498404200895006,0.7025696490294429,0.5163516649256299,0.5450045804089133,0.47475003949645966
cracker_box_reorient_occ60,1579908952321839197,0.4570793876096395,0.5867594829525181,1.201641009908542,1.1274610550695812,0.04317552095029175,0.04051020063596175,0.7946843853820601,0.66,0.1296800953428786,-0.07417995483896078,MODE_3_RELOCALIZE,full,four_mode_relocalization_v2,,0,0,0,False,1,0,0.4570793876096395,0,0,restarted_se3,1,45.35289481282234,4.74962592124939,0,115,cache_read_only_not_online_fps,32fdd06d26764df247b0164387e6061cbe61664ba5aa2aabd173919761ed38aa,cached_perception_v2,1,1,1,0.5150890787420654,,1,2461.1559342592955,0,22.21127226948738,2461.1559342592955,2533.4697272628546,0.46257021750239324,0.4962382952353401,0.7267364704039593,0.46257034851181317,0.5150890787420654,0.46257021750239324
cracker_box_reorient_occ60,1579908952376196899,0.43475188601113707,0.5041179997667783,1.1658970728075901,1.184727113519619,0.0418912246484657,0.04256779677820595,0.7946843853820601,0.7946843853820601,0.06936611375564122,0.01883004071202876,MODE_3_RELOCALIZE,full,four_mode_relocalization_v2,,0,0,0,False,1,0,0.43475188601113707,0,0,restarted_se3,1,53.34151443094015,2.926730550825596,0,116,cache_read_only_not_online_fps,32fdd06d26764df247b0164387e6061cbe61664ba5aa2aabd173919761ed38aa,cached_perception_v2,1,1,1,0.542915135167195,,1,2472.175841219723,0,21.647057496011257,2472.175841219723,2550.0911436975002,0.4922672204235946,0.5040453481937159,0.7508449586245116,0.4922671657121862,0.542915135167195,0.4922672204235946
cracker_box_reorient_occ60,1579908952435509207,0.48902838696267764,0.5803745141602793,1.2502787641557584,1.1499388187352502,0.04492309810533215,0.04131783714974607,0.7946843853820601,0.7272727272727273,0.09134612719760166,-0.10033994542050828,MODE_3_RELOCALIZE,full,four_mode_relocalization_v2,,0,0,0,False,1,0,0.48902838696267764,0,0,restarted_se3,1,50.57995207607746,2.3287953808903694,0,117,cache_read_only_not_online_fps,32fdd06d26764df247b0164387e6061cbe61664ba5aa2aabd173919761ed38aa,cached_perception_v2,1,1,1,0.4367603086261861,,1,2476.3741055503488,0,22.775502875447273,2476.3741055503488,2552.058355882764,0.4478989474775268,0.45336277360861,0.7747975149317411,0.44789938205846375,0.4367603086261861,0.4478989474775268
cracker_box_reorient_occ60,1579908952494547647,0.49800973084128597,0.45089011945336116,1.165898509240964,1.209214208011564,0.04189127626018561,0.04344762948408973,0.7946843853820601,0.7946843853820601,-0.04711961138792481,0.04331569877060004,MODE_3_RELOCALIZE,full,four_mode_relocalization_v2,,0,0,0,False,1,0,0.45089011945336116,0,0,restarted_se3,1,46.212855726480484,1.832890324294567,0,118,cache_read_only_not_online_fps,32fdd06d26764df247b0164387e6061cbe61664ba5aa2aabd173919761ed38aa,cached_perception_v2,1,1,1,0.5345909433661763,,1,2456.8587113171816,0,21.690920926630497,2456.8587113171816,2526.595378294587,0.4595806133593744,0.44836089339411034,0.7982337170830935,0.4595808270325485,0.5345909433661763,0.4595806133593744
cracker_box_reorient_occ60,1579908952550928820,0.488204564603486,0.6798820575320605,1.2167119606732026,1.1578393890372842,0.04371702722805265,0.04160170831907366,0.7946843853820601,0.7946843853820601,0.19167749292857456,-0.058872571635918414,MODE_3_RELOCALIZE,full,four_mode_relocalization_v2,,0,0,0,False,1,0,0.488204564603486,0,0,restarted_se3,1,49.491604790091515,4.68576792627573,0,119,cache_read_only_not_online_fps,32fdd06d26764df247b0164387e6061cbe61664ba5aa2aabd173919761ed38aa,cached_perception_v2,1,1,1,0.4976449968935224,,1,2475.5214555189013,0,22.11050409823656,2475.5214555189013,2551.809332333505,0.4204607346710036,0.44672622258968275,0.8211152191211518,0.4204611954005705,0.4976449968935224,0.4204607346710036
cracker_box_reorient_occ60,1579908952613547052,0.4564193364594673,0.5317928997804827,1.2314303374338962,1.2002170654129671,0.04424586535769835,0.04312435796160062,0.7946843853820601,0.7946843853820601,0.07537356332101541,-0.03121327202092905,MODE_3_RELOCALIZE,full,four_mode_relocalization_v2,,0,0,0,False,1,0,0.4564193364594673,0,0,restarted_se3,1,52.46754456311464,2.2183964028954506,0,120,cache_read_only_not_online_fps,32fdd06d26764df247b0164387e6061cbe61664ba5aa2aabd173919761ed38aa,cached_perception_v2,1,1,1,0.5451427468706029,,1,2472.572329454124,0,23.223767057061195,2472.572329454124,2550.4820374771953,0.4242197238964601,0.4369163067354415,0.8442238940669187,0.4242200410948067,0.5451427468706029,0.4242197238964601
cracker_box_reorient_occ60,1579908952671358685,0.45691491613529306,0.7781698362564697,1.2436012652166348,1.2319201704642324,0.04468317245951582,0.04426346528653653,0.7946843853820601,0.7946843853820601,0.3212549201211767,-0.011681094752402421,MODE_3_RELOCALIZE,full,four_mode_relocalization_v2,,0,0,0,False,1,0,0.45691491613529306,0,0,restarted_se3,1,47.86335024982691,1.795613206923008,0,121,cache_read_only_not_online_fps,32fdd06d26764df247b0164387e6061cbe61664ba5aa2aabd173919761ed38aa,cached_perception_v2,1,1,1,0.4507411360281681,,1,2456.4125277101994,0,22.008965723216534,2456.4125277101994,2528.080456890166,0.4541338221803513,0.44240115784233675,0.868214811951672,0.4541342098759343,0.4507411360281681,0.44342867687254495
cracker_box_reorient_occ60,1579908952727577548,0.4319943277357127,0.5285665516361131,1.1991490653271593,1.1782200854432583,0.043085984221274284,0.04233399622985713,0.7946843853820601,0.7946843853820601,0.09657222390040038,-0.020928979883900967,MODE_3_RELOCALIZE,full,four_mode_relocalization_v2,,0,0,0,False,1,0,0.4319943277357127,0,0,restarted_se3,1,47.112670727074146,1.813841052353382,0,122,cache_read_only_not_online_fps,32fdd06d26764df247b0164387e6061cbe61664ba5aa2aabd173919761ed38aa,cached_perception_v2,1,1,1,0.5187827665295325,,1,2452.4348955601454,0,22.61541411280632,2452.4348955601454,2523.976821452379,0.4870852648628722,0.46522596768525615,0.8932746027138774,0.4870855970859742,0.5187827665295325,0.47626884495456034
cracker_box_reorient_occ60,1579908952792415545,0.4249005999386931,0.7057058523541266,1.223554861137966,1.1818434362989796,0.043962895827693436,0.04246418491307573,0.7946843853820601,0.7946843853820601,0.2808052524154335,-0.04171142483898649,MODE_3_RELOCALIZE,full,four_mode_relocalization_v2,,0,0,0,False,1,0,0.4249005999386931,0,0,restarted_se3,1,46.00655473768711,3.7137027829885483,0,123,cache_read_only_not_online_fps,32fdd06d26764df247b0164387e6061cbe61664ba5aa2aabd173919761ed38aa,cached_perception_v2,1,1,1,0.6266549531020152,,1,2453.9648424834013,0,21.968193352222443,2453.9648424834013,2525.6532933562994,0.47522082872025734,0.4785215522553689,0.918862542480104,0.47522119387738493,0.6266549531020152,0.47522082872025734
cracker_box_reorient_occ60,1579908952855945196,0.5196872294566938,0.7415271029963555,1.2554181805118503,1.1121051067733567,0.04510775972783419,0.03995845426420161,0.7946843853820601,0.5121951219512195,0.22183987353966172,-0.14331307373849356,MODE_3_RELOCALIZE,full,four_mode_relocalization_v2,,0,0,0,False,1,0,0.5196872294566938,0,0,restarted_se3,1,50.44193845242262,2.528238110244274,0,124,cache_read_only_not_online_fps,32fdd06d26764df247b0164387e6061cbe61664ba5aa2aabd173919761ed38aa,cached_perception_v2,1,1,1,0.5535112734573431,,1,2481.3426034525037,0,22.79730513691902,2481.3426034525037,2557.1100851520896,0.5391102359665318,0.5141553691819137,0.9445887526155152,0.5391106080853586,0.5535112734573431,0.5391102359665318
cracker_box_reorient_occ60,1579908952913970444,0.4976856068581402,0.5078111461944413,1.192571850123785,1.1522982148899161,0.042849661816773896,0.04140261135207924,0.7946843853820601,0.7946843853820601,0.01012553933630117,-0.04027363523386884,MODE_3_RELOCALIZE,full,four_mode_relocalization_v2,,0,0,0,False,1,0,0.4976856068581402,0,0,restarted_se3,1,52.300818264484406,2.185971476137638,0,125,cache_read_only_not_online_fps,32fdd06d26764df247b0164387e6061cbe61664ba5aa2aabd173919761ed38aa,cached_perception_v2,1,1,1,0.4809340589335063,,1,2484.1517927125096,0,22.405906580388546,2484.1517927125096,2561.04448903352,0.49210598392670796,0.5106370883051767,0.9703752295403276,0.4921064487415407,0.4809340589335063,0.49210598392670796
cracker_box_reorient_occ60,1579908952988391548,0.4535630924392329,0.420108392951666,1.2204379612819425,1.2326268420380584,0.04385090416468924,0.04428885632519876,0.7946843853820601,0.7946843853820601,-0.03345469948756685,0.012188880756115905,MODE_3_RELOCALIZE,full,four_mode_relocalization_v2,,0,0,0,False,1,0,0.420108392951666,0,0,restarted_se3,1,49.356305971741676,2.422189339995384,0,126,cache_read_only_not_online_fps,32fdd06d26764df247b0164387e6061cbe61664ba5aa2aabd173919761ed38aa,cached_perception_v2,1,1,1,0.5687390091505725,,1,2464.7734174504876,0,23.073348216712475,2464.7734174504876,2539.625260978937,0.5418553158324381,0.520942435429039,0.9960288797486571,0.5418557222460586,0.5687390091505725,0.5405927458228105
cracker_box_reorient_occ60,1579908953054620474,0.49632533993528005,0.6625552167463042,1.2566375354553703,1.102559907516308,0.04515157171866646,0.03961549081080817,0.7946843853820601,0.3888888888888889,0.1662298768110242,-0.15407762793906232,MODE_3_RELOCALIZE,full,four_mode_relocalization_v2,,0,0,0,False,1,0,0.49632533993528005,0,0,restarted_se3,1,48.77001699060202,2.575199119746685,0,127,cache_read_only_not_online_fps,32fdd06d26764df247b0164387e6061cbe61664ba5aa2aabd173919761ed38aa,cached_perception_v2,1,1,1,0.4845647229739663,,1,2453.536762855947,0,21.653760224580765,2453.536762855947,2526.5357391908765,0.5345552518619784,0.5354909896442593,1.0215896806963765,0.5345556675061125,0.4845647229739663,0.5345552518619784
cracker_box_reorient_occ60,1579908953131367779,0.44407520126354666,0.4752180663235935,1.2153090866532683,1.2090966277979205,0.043666621311361356,0.04344340477227011,0.7946843853820601,0.7946843853820601,0.03114286506004682,-0.006212458855347824,MODE_3_RELOCALIZE,full,four_mode_relocalization_v2,,0,0,0,False,1,0,0.44407520126354666,0,0,restarted_se3,1,46.539654955267906,1.6584983095526695,0,128,cache_read_only_not_online_fps,32fdd06d26764df247b0164387e6061cbe61664ba5aa2aabd173919761ed38aa,cached_perception_v2,1,1,1,0.4976206970004896,,1,2458.3927541971207,0,20.493587478995323,2458.3927541971207,2527.0844949409366,0.5790272368207318,0.5613617130597122,1.0469953156561613,0.5790276981987423,0.4976206970004896,0.5790272368207318
cracker_box_reorient_occ60,1579908953196393671,0.48089306808233173,0.5181099363996438,1.2074090780132367,1.13676564187399,0.043382770322811015,0.040844518771906646,0.7946843853820601,0.66,0.037216868317312024,-0.07064343613924673,MODE_3_RELOCALIZE,full,four_mode_relocalization_v2,,0,0,0,False,1,0,0.48089306808233173,0,0,restarted_se3,1,47.3987590521574,1.7455359920859337,0,129,cache_read_only_not_online_fps,32fdd06d26764df247b0164387e6061cbe61664ba5aa2aabd173919761ed38aa,cached_perception_v2,1,1,1,0.49399296965372047,,1,2450.427177362144,0,22.51174859702587,2450.427177362144,2522.083221003413,0.6431824344196927,0.6135122353761048,1.0727008244971263,0.6431829321471751,0.49399296965372047,0.6318527735401256
cracker_box_reorient_occ60,1579908953269128653,0.4330324419954642,0.5035167690760213,1.210057864613792,1.199185330939546,0.04347794245860041,0.04308728726161201,0.7946843853820601,0.7946843853820601,0.07048432708055707,-0.010872533674246121,MODE_3_RELOCALIZE,full,four_mode_relocalization_v2,,0,0,0,False,1,0,0.4330324419954642,0,0,restarted_se3,1,47.98598960042,1.6354061663150787,0,130,cache_read_only_not_online_fps,32fdd06d26764df247b0164387e6061cbe61664ba5aa2aabd173919761ed38aa,cached_perception_v2,1,1,1,0.5334396912171454,,1,2451.8812159076333,0,22.335920482873917,2451.8812159076333,2523.8385321572423,0.5898834388975659,0.6281294575127349,1.098504065998745,0.5898839327326166,0.5334396912171454,0.5898834388975659
cracker_box_reorient_occ60,1579908953329843711,0.44711103328143,0.6200313825411456,1.1874191479566798,1.1554333101988563,0.042664522828896476,0.041515256786178234,0.7946843853820601,0.7946843853820601,0.17292034925971567,-0.03198583775782349,MODE_3_RELOCALIZE,full,four_mode_relocalization_v2,,0,0,0,False,1,0,0.44711103328143,0,0,restarted_se3,1,47.98958357423544,2.7927113696932793,0,131,cache_read_only_not_online_fps,32fdd06d26764df247b0164387e6061cbe61664ba5aa2aabd173919761ed38aa,cached_perception_v2,1,1,1,0.4847614908876319,,1,2456.4527263864875,0,22.096434608101845,2456.4527263864875,2529.331455938518,0.5536082550117368,0.598787452297208,1.1246261995334266,0.5536086936649026,0.4847614908876319,0.5536082550117368
cracker_box_reorient_occ60,1579908953398870876,0.4064344161481867,0.4621527005972584,1.2104635663681118,1.1960445264455997,0.04349251951152118,0.04297443669383764,0.7946843853820601,0.7946843853820601,0.055718284449071676,-0.014419039922512145,MODE_3_RELOCALIZE,full,four_mode_relocalization_v2,,0,0,0,False,1,0,0.4064344161481867,0,0,restarted_se3,1,47.55955655127764,2.5511598214507103,0,132,cache_read_only_not_online_fps,32fdd06d26764df247b0164387e6061cbe61664ba5aa2aabd173919761ed38aa,cached_perception_v2,1,1,1,0.4608491572470668,,1,2455.076577141881,0,21.83521818369627,2455.076577141881,2527.0225116983056,0.4846896288493293,0.5280689482374891,1.1508777530580925,0.4846900894616032,0.4608491572470668,0.4846896288493293
cracker_box_reorient_occ60,1579908953452809771,0.41658460028129085,0.4927343216341979,1.2223586735657925,1.1671052919669629,0.0439199162513,0.041934636525388924,0.7946843853820601,0.7946843853820601,0.07614972135290704,-0.05525338159882964,MODE_3_RELOCALIZE,full,four_mode_relocalization_v2,,0,0,0,False,1,0,0.41658460028129085,0,0,restarted_se3,1,47.11254592984915,1.949870027601719,0,133,cache_read_only_not_online_fps,32fdd06d26764df247b0164387e6061cbe61664ba5aa2aabd173919761ed38aa,cached_perception_v2,1,1,1,0.6540519190531394,,1,2450.284137390554,0,22.411351092159748,2450.284137390554,2521.7579044401646,0.4002682730931034,0.42602619296229366,1.1772032151448562,0.40026876998556193,0.6540519190531394,0.4002682730931034
cracker_box_reorient_occ60,1579908953511193226,0.4116963082072608,0.889841997558235,1.1723117314526637,1.0730182448518204,0.04212170632014269,0.03855404511716118,0.7946843853820601,0.3888888888888889,0.47814568935097423,-0.09929348660084325,MODE_3_RELOCALIZE,full,four_mode_relocalization_v2,,0,0,0,False,1,0,0.4116963082072608,0,0,restarted_se3,1,47.03315440565348,1.6868757084012032,0,134,cache_read_only_not_online_fps,32fdd06d26764df247b0164387e6061cbe61664ba5aa2aabd173919761ed38aa,cached_perception_v2,1,1,1,0.6891453972022709,,1,2452.1939251571894,0,22.466305643320084,2452.1939251571894,2523.380260914564,0.48175112602327336,0.40503384513404067,1.2038283769608347,0.4817515707907756,0.6891453972022709,0.34020987717454465
cracker_box_reorient_occ60,1579908953568225385,0.5184800189084415,0.7249500588040665,1.224311689259991,1.0999000037389075,0.04399008901448451,0.03951991922967875,0.7946843853820601,0.3888888888888889,0.20647003989562496,-0.1244116855210835,MODE_3_RELOCALIZE,full,four_mode_relocalization_v2,,0,0,0,False,1,0,0.5184800189084415,0,0,restarted_se3,1,47.157623805105686,1.7615044489502907,0,135,cache_read_only_not_online_fps,32fdd06d26764df247b0164387e6061cbe61664ba5aa2aabd173919761ed38aa,cached_perception_v2,1,1,1,0.5468405598857643,,1,2454.464714974165,0,22.64267671853304,2454.464714974165,2526.026519946754,0.31607007801417086,0.35335579083020396,1.2304523420033913,0.3160706100104138,0.5468405598857643,0.31607007801417086
cracker_box_reorient_occ60,1579908953624029299,0.46076244370620534,1.0393660456004046,1.2231233120132239,1.3608661333378884,0.04394739006671928,0.04889655376770514,0.7946843853820601,0.7946843853820601,0.5786036018941992,0.13774282132466453,MODE_3_RELOCALIZE,full,four_mode_relocalization_v2,,0,0,0,False,1,0,0.46076244370620534,0,0,restarted_se3,1,48.43361023813486,1.4295652508735657,0,136,cache_read_only_not_online_fps,32fdd06d26764df247b0164387e6061cbe61664ba5aa2aabd173919761ed38aa,cached_perception_v2,1,1,1,0.44702596375012377,,1,2453.222877345979,0,21.216366440057755,2453.222877345979,2524.3024192750454,0.39586164367627646,0.3406380955102443,1.2573117877468705,0.3958621979528469,0.44702596375012377,0.32809136654204246
cracker_box_reorient_occ60,1579908953678385841,0.46279619599313626,0.599221426415204,1.2231620810134454,1.1749047371360548,0.04394878305494745,0.042214874221607704,0.7946843853820601,0.7946843853820601,0.13642523042206778,-0.04825734387739056,MODE_3_RELOCALIZE,full,four_mode_relocalization_v2,,0,0,0,False,1,0,0.46279619599313626,0,0,restarted_se3,1,47.102561220526695,2.1962737664580345,0,137,cache_read_only_not_online_fps,32fdd06d26764df247b0164387e6061cbe61664ba5aa2aabd173919761ed38aa,cached_perception_v2,1,1,1,0.43919271562922885,,1,2461.1281072720885,0,22.129667922854424,2461.1281072720885,2532.5566101819277,0.506934478322571,0.4269826096590832,1.2844025426957377,0.5069348850469296,0.43919271562922885,0.36587556712954916
cracker_box_reorient_occ60,1579908953734082308,0.44021135474602857,0.4996444970483069,1.173764620291294,1.1677422029495956,0.04217390929255581,0.04195752103353019,0.7946843853820601,0.7946843853820601,0.05943314230227831,-0.006022417341698283,MODE_3_RELOCALIZE,full,four_mode_relocalization_v2,,0,0,0,False,1,0,0.44021135474602857,0,0,restarted_se3,1,50.25033187121153,2.1155327558517456,0,138,cache_read_only_not_online_fps,32fdd06d26764df247b0164387e6061cbe61664ba5aa2aabd173919761ed38aa,cached_perception_v2,1,1,1,0.46476584711597124,,1,2473.867867141962,0,23.10037612915039,2473.867867141962,2549.3341078981757,0.46715603905227054,0.4802008852987114,1.311612811581439,0.46715644690701086,0.46476584711597124,0.41735449058948837
cracker_box_reorient_occ60,1579908953787494089,0.44770719115201746,0.4841748497021391,1.2080222733670372,1.1770770578589749,0.04340480271736673,0.042292926716579,0.7946843853820601,0.7946843853820601,0.03646765855012163,-0.030945215508062285,MODE_3_RELOCALIZE,full,four_mode_relocalization_v2,,0,0,0,False,1,0,0.44770719115201746,0,0,restarted_se3,1,52.05716472119093,2.2454801946878433,0,139,cache_read_only_not_online_fps,32fdd06d26764df247b0164387e6061cbe61664ba5aa2aabd173919761ed38aa,cached_perception_v2,1,1,1,0.6762069629852824,,1,2474.1758201271296,0,27.417706325650215,2474.1758201271296,2555.8961713686585,0.4587605918794296,0.4971192749864255,1.3391391670169486,0.45876098252174347,0.6762069629852824,0.4587605918794296
cracker_box_reorient_occ60,1579908953841231374,0.5408227817380507,0.9747711826763585,1.1585484266522879,1.083004865139089,0.041627184370696985,0.038912869033688784,0.7946843853820601,0.3888888888888889,0.4339484009383079,-0.07554356151319896,MODE_3_RELOCALIZE,full,four_mode_relocalization_v2,,0,0,0,False,1,0,0.5408227817380507,0,0,restarted_se3,1,48.882429488003254,4.983887076377869,0,140,cache_read_only_not_online_fps,32fdd06d26764df247b0164387e6061cbe61664ba5aa2aabd173919761ed38aa,cached_perception_v2,1,1,1,0.6597276776946209,,1,2457.6921109110117,0,22.246399894356728,2457.6921109110117,2533.8048273697495,0.44715258542474395,0.4819511573628885,1.3667786407573588,0.44715287624898575,0.6597276776946209,0.44715258542474395
cracker_box_reorient_occ60,1579908953900093452,0.4422698460924207,0.644910285827977,1.2029099328768862,1.154703745265572,0.04322111394333401,0.0414890431784519,0.7946843853820601,0.7946843853820601,0.20264043973555634,-0.04820618761131423,MODE_3_RELOCALIZE,full,four_mode_relocalization_v2,,0,0,0,False,1,0,0.4422698460924207,0,0,restarted_se3,1,48.1058731675148,2.0965253934264183,0,141,cache_read_only_not_online_fps,32fdd06d26764df247b0164387e6061cbe61664ba5aa2aabd173919761ed38aa,cached_perception_v2,1,1,1,0.6479389926810144,,1,2454.005063511431,0,21.874316968023777,2454.005063511431,2526.081779040396,0.43537420652695585,0.45486946519584187,1.3943429458535694,0.4353745183107904,0.6479389926810144,0.43537420652695585
cracker_box_reorient_occ60,1579908953948811807,0.42281598081865857,0.6362175502885686,1.2175051926711205,1.1510936805855512,0.0437455284230536,0.04135933187371205,0.7946843853820601,0.7272727272727273,0.21340156946991007,-0.06641151208556928,MODE_3_RELOCALIZE,full,four_mode_relocalization_v2,,0,0,0,False,1,0,0.42281598081865857,0,0,restarted_se3,1,46.93330079317093,2.155599184334278,0,142,cache_read_only_not_online_fps,32fdd06d26764df247b0164387e6061cbe61664ba5aa2aabd173919761ed38aa,cached_perception_v2,1,1,1,0.5428982465667683,,1,2450.4344016313553,0,21.54781948775053,2450.4344016313553,2521.071121096611,0.43896102288704836,0.41193540624896086,1.421998118859391,0.43896156407126535,0.5428982465667683,0.42516373116883244
cracker_box_reorient_occ60,1579908954005701274,0.47099035612739165,0.5306874595917088,1.1898343809122518,1.1756042805618532,0.042751303273482893,0.042240009142592544,0.7946843853820601,0.7946843853820601,0.05969710346431717,-0.014230100350398622,MODE_3_RELOCALIZE,full,four_mode_relocalization_v2,,0,0,0,False,1,0,0.47099035612739165,0,0,restarted_se3,1,46.96159530431032,1.5482082962989807,0,143,cache_read_only_not_online_fps,32fdd06d26764df247b0164387e6061cbe61664ba5aa2aabd173919761ed38aa,cached_perception_v2,1,1,1,0.46935798191660316,,1,2454.552611336112,0,21.17055468261242,2454.552611336112,2524.2329696193337,0.4916072971824622,0.44715863462501326,1.449857272651373,0.4916077550265327,0.46935798191660316,0.42024756804908536
cracker_box_reorient_occ60,1579908954060255816,0.4226468433739138,0.6551895097785315,1.1983146139376024,1.2722223515864632,0.043056001994340676,0.045711541418290536,0.7946843853820601,0.7946843853820601,0.23254266640461774,0.07390773764886083,MODE_3_RELOCALIZE,full,four_mode_relocalization_v2,,0,0,0,False,1,0,0.4226468433739138,0,0,restarted_se3,1,46.25838529318571,2.4779383093118668,0,144,cache_read_only_not_online_fps,32fdd06d26764df247b0164387e6061cbe61664ba5aa2aabd173919761ed38aa,cached_perception_v2,1,1,1,0.42686662277632664,,1,2453.153687529266,0,20.384919829666615,2453.153687529266,2522.27493096143,0.49973922020922074,0.4848345526070945,1.4779829658112424,0.4997395945395243,0.42686662277632664,0.42161044653987195
cracker_box_reorient_occ60,1579908954134528259,0.43914777184796616,0.42271592552840226,1.174370723476157,1.1628287095771266,0.0421956868621796,0.04178097692901573,0.7946843853820601,0.7946843853820601,-0.016431846319563903,-0.011542013899030312,MODE_3_RELOCALIZE,full,four_mode_relocalization_v2,,0,0,0,False,1,0,0.42271592552840226,0,0,restarted_se3,1,48.96694514900446,2.399170771241188,0,145,cache_read_only_not_online_fps,32fdd06d26764df247b0164387e6061cbe61664ba5aa2aabd173919761ed38aa,cached_perception_v2,1,1,1,0.6423290994871121,,1,2458.7262012064457,0,21.420619450509548,2458.7262012064457,2531.512936577201,0.4674807756040762,0.4832488800604949,1.5062290421142197,0.4674810427001911,0.6423290994871121,0.43120846823516673
cracker_box_reorient_occ60,1579908954204603061,0.44319764464212713,0.9699266020812116,1.1890140274819108,1.0779147331839931,0.042721827592787684,0.03872997822266053,0.7946843853820601,0.3888888888888889,0.5267289574390845,-0.11109929429791765,MODE_3_RELOCALIZE,full,four_mode_relocalization_v2,,0,0,0,False,1,0,0.44319764464212713,0,0,restarted_se3,1,47.391689382493496,2.1142503246665,0,146,cache_read_only_not_online_fps,32fdd06d26764df247b0164387e6061cbe61664ba5aa2aabd173919761ed38aa,cached_perception_v2,1,1,1,0.4651827967081719,,1,2476.9957717508078,0,28.949369676411152,2476.9957717508078,2555.451081134379,0.43984749619440844,0.47261348948115,1.5347319879992407,0.43984771900733727,0.4651827967081719,0.43984749619440844
cracker_box_reorient_occ60,1579908954260042162,0.4737379563964905,0.5334271906429063,1.2302448614716168,1.2246980144809978,0.044203270654435564,0.04400396985954195,0.7946843853820601,0.7946843853820601,0.05968923424641581,-0.005546846990619025,MODE_3_RELOCALIZE,full,four_mode_relocalization_v2,,0,0,0,False,1,0,0.4737379563964905,0,0,restarted_se3,1,48.87895565479994,2.4736709892749786,0,147,cache_read_only_not_online_fps,32fdd06d26764df247b0164387e6061cbe61664ba5aa2aabd173919761ed38aa,cached_perception_v2,1,1,1,0.6664732332722454,,1,2452.0886186510324,0,21.669545210897923,2452.0886186510324,2525.1107905060053,0.4149645310886945,0.446370769344044,1.5635382512799163,0.41496483655523936,0.6664732332722454,0.4149645310886945
cracker_box_reorient_occ60,1579908954315879094,0.4611995847575409,0.9276530060943102,1.1905078960897344,1.0720195547950453,0.04277550298738743,0.038518161718447595,0.7946843853820601,0.2857142857142857,0.4664534213367693,-0.1184883412946891,MODE_3_RELOCALIZE,full,four_mode_relocalization_v2,,0,0,0,False,1,0,0.4611995847575409,0,0,restarted_se3,1,48.00924099981785,3.958607092499733,0,148,cache_read_only_not_online_fps,32fdd06d26764df247b0164387e6061cbe61664ba5aa2aabd173919761ed38aa,cached_perception_v2,1,1,1,0.6318355118784038,,1,2464.6930852904916,0,21.59802056849003,2464.6930852904916,2538.258953951299,0.4706071244177228,0.4407999351111401,1.5922469119895002,0.4706075517788136,0.6318355118784038,0.3987977065197348
cracker_box_reorient_occ60,1579908954370732055,0.4200675577525829,0.5979938566939559,1.1730646070460475,1.1442473111305944,0.04214875749073946,0.04111333863163852,0.7946843853820601,0.7272727272727273,0.17792629894137296,-0.028817295915453123,MODE_3_RELOCALIZE,full,four_mode_relocalization_v2,,0,0,0,False,1,0,0.4200675577525829,0,0,restarted_se3,1,48.47303219139576,2.228022553026676,0,149,cache_read_only_not_online_fps,32fdd06d26764df247b0164387e6061cbe61664ba5aa2aabd173919761ed38aa,cached_perception_v2,1,1,1,0.4770017544713981,,1,2457.54905231297,0,21.567875519394875,2457.54905231297,2529.8179825767875,0.43467615812303984,0.43524285744055224,1.6209532604226504,0.4346766285855553,0.4770017544713981,0.394266599148991
cracker_box_reorient_occ60,1579908954427849074,0.47350004503386905,0.4996714346229219,1.217899679248126,1.2361489166084387,0.04375970250943187,0.04441540610433248,0.7946843853820601,0.7946843853820601,0.02617138958905285,0.018249237360312698,MODE_3_RELOCALIZE,full,four_mode_relocalization_v2,,0,0,0,False,1,0,0.47350004503386905,0,0,restarted_se3,1,46.2424224242568,4.697516560554504,0,150,cache_read_only_not_online_fps,32fdd06d26764df247b0164387e6061cbe61664ba5aa2aabd173919761ed38aa,cached_perception_v2,1,1,1,0.4884198739365253,,1,2469.528803601861,0,23.064673878252506,2469.528803601861,2543.533416464925,0.44099928086126305,0.4394515291988119,1.6495688321721258,0.4409997637591343,0.4884198739365253,0.4059921924187196
cracker_box_reorient_occ60,1579908954485103161,0.44895647094801816,0.5118082779866844,1.2162476745726052,1.1883314397641676,0.04370034521229421,0.04269730189828756,0.7946843853820601,0.7946843853820601,0.06285180703866622,-0.027916234808437634,MODE_3_RELOCALIZE,full,four_mode_relocalization_v2,,0,0,0,False,1,0,0.44895647094801816,0,0,restarted_se3,1,47.8213457390666,1.9526146352291107,0,151,cache_read_only_not_online_fps,32fdd06d26764df247b0164387e6061cbe61664ba5aa2aabd173919761ed38aa,cached_perception_v2,1,1,1,0.45715188644363236,,1,2465.205912478268,0,20.413258112967014,2465.205912478268,2535.393130965531,0.45631576615430286,0.4292272754322226,1.6991058449805783,0.45631603194643533,0.45715188644363236,0.41171308635101445
cracker_box_reorient_occ60,1579908954542073826,0.36230867275227924,0.6456824535623747,1.2313926212052868,1.2268055203209638,0.04424451019604436,0.04407969352559196,0.7946843853820601,0.7946843853820601,0.2833737808100955,-0.004587100884323014,MODE_3_RELOCALIZE,full,four_mode_relocalization_v2,,0,0,0,False,1,0,0.36230867275227924,0,0,restarted_se3,1,46.40841577202082,2.1124398335814476,0,152,cache_read_only_not_online_fps,32fdd06d26764df247b0164387e6061cbe61664ba5aa2aabd173919761ed38aa,cached_perception_v2,1,1,1,0.5302513345251504,,1,2448.1650134548545,0,22.064154036343098,2448.1650134548545,2518.7500230968,0.34802137154837237,0.4079236297138963,1.7075693566610484,0.3480217018426459,0.5302513345251504,0.34802137154837237
cracker_box_reorient_occ60,1579908954598621894,0.5287224760615252,0.6268960500819719,1.3074581445811642,1.1951900525101726,0.04697757986579545,0.042943735047508744,0.7946843853820601,0.7946843853820601,0.09817357402044669,-0.11226809207099153,MODE_3_RELOCALIZE,full,four_mode_relocalization_v2,,0,0,0,False,1,0,0.5287224760615252,0,0,restarted_se3,1,47.392512671649456,2.53142137080431,0,153,cache_read_only_not_online_fps,32fdd06d26764df247b0164387e6061cbe61664ba5aa2aabd173919761ed38aa,cached_perception_v2,1,1,1,0.5144592878606741,,1,2454.094889573753,0,21.57693449407816,2454.094889573753,2525.595758110285,0.43994161429104295,0.3798208928751603,1.7366574795061491,0.43994218106494754,0.5144592878606741,0.43994161429104295
cracker_box_reorient_occ60,1579908954655415171,0.4567040336842698,0.864370902129095,1.1845483254995304,1.1349068535280618,0.04256137284140341,0.04077773164121618,0.7946843853820601,0.66,0.40766686844482514,-0.04964147197146862,MODE_3_RELOCALIZE,full,four_mode_relocalization_v2,,0,0,0,False,1,0,0.4567040336842698,0,0,restarted_se3,1,46.92188184708357,1.8950365483760834,0,154,cache_read_only_not_online_fps,32fdd06d26764df247b0164387e6061cbe61664ba5aa2aabd173919761ed38aa,cached_perception_v2,1,1,1,0.6120766608750845,,1,2456.976459361613,0,20.13870980590582,2456.976459361613,2525.9320875629783,0.513797506200126,0.43731235539638763,1.765462649047565,0.51379792192239,0.6120766608750845,0.513797506200126
cracker_box_reorient_occ60,1579908954708250770,0.4748048892672125,0.7227851804003298,1.188020538931025,1.0999179776707406,0.04268613108660244,0.03952056504141788,0.7946843853820601,0.3888888888888889,0.24798029113311731,-0.08810256126028437,MODE_3_RELOCALIZE,full,four_mode_relocalization_v2,,0,0,0,False,1,0,0.4748048892672125,0,0,restarted_se3,1,46.83240130543709,1.9656382501125336,0,155,cache_read_only_not_online_fps,32fdd06d26764df247b0164387e6061cbe61664ba5aa2aabd173919761ed38aa,cached_perception_v2,1,1,1,0.45679769611513055,,1,2463.8243187218904,0,20.146510563790798,2463.8243187218904,2532.768868841231,0.4469528547704377,0.4746110288744116,1.794160285997333,0.44695347066891244,0.45679769611513055,0.4469528547704377
cracker_box_reorient_occ60,1579908954765630420,0.49829458246457264,0.5870180582967908,1.2309686258564296,1.2345653494975064,0.04422927584575467,0.04435850780075389,0.7946843853820601,0.7946843853820601,0.08872347583221812,0.003596723641076771,MODE_3_RELOCALIZE,full,four_mode_relocalization_v2,,0,0,0,False,1,0,0.49829458246457264,0,0,restarted_se3,1,47.372558154165745,2.364843152463436,0,156,cache_read_only_not_online_fps,32fdd06d26764df247b0164387e6061cbe61664ba5aa2aabd173919761ed38aa,cached_perception_v2,1,1,1,0.44357967188885317,,1,2462.9499409347773,0,21.330072544515133,2462.9499409347773,2534.0174147859216,0.4808996056451324,0.49109798341107874,1.8229715644771625,0.48090007331807494,0.44357967188885317,0.460636238508321
cracker_box_reorient_occ60,1579908954822591732,0.47013971168454805,0.4353695279895752,1.2244872196244387,1.183941610892053,0.04399639590220317,0.04253957330308042,0.7946843853820601,0.7946843853820601,-0.03477018369497287,-0.04054560873238566,MODE_3_RELOCALIZE,full,four_mode_relocalization_v2,,0,0,0,False,1,0,0.4353695279895752,0,0,restarted_se3,1,46.48713953793049,1.9731726497411728,0,157,cache_read_only_not_online_fps,32fdd06d26764df247b0164387e6061cbe61664ba5aa2aabd173919761ed38aa,cached_perception_v2,1,1,1,0.4887518443746749,,1,2460.1869732141495,0,21.068518981337547,2460.1869732141495,2529.7158043831587,0.45958608317614597,0.4848161276891797,1.851166911557162,0.4595866152144491,0.4887518443746749,0.45958608317614597
cracker_box_reorient_occ60,1579908954881583145,0.4717183812949416,0.6526863608749386,1.2764191097561017,1.2478987535019055,0.045862332893267174,0.04483758321444542,0.7946843853820601,0.7946843853820601,0.180967979579997,-0.028520356254196244,MODE_3_RELOCALIZE,full,four_mode_relocalization_v2,,0,0,0,False,1,0,0.4717183812949416,0,0,restarted_se3,1,47.32959531247616,2.3661023005843163,0,158,cache_read_only_not_online_fps,32fdd06d26764df247b0164387e6061cbe61664ba5aa2aabd173919761ed38aa,cached_perception_v2,1,1,1,0.4385057897604624,,1,2469.613795168698,0,20.74630558490753,2469.613795168698,2540.055798366666,0.4795768138334465,0.4804932090482712,1.8792685266518707,0.4795773590863075,0.4385057897604624,0.4795768138334465
cracker_box_reorient_occ60,1579908954944449527,0.42162507883542166,0.5185993856720518,1.2052722742008521,1.1735019050939042,0.043305993966971344,0.04216446981319772,0.7946843853820601,0.7946843853820601,0.09697430683663011,-0.03177036910694797,MODE_3_RELOCALIZE,full,four_mode_relocalization_v2,,0,0,0,False,1,0,0.42162507883542166,0,0,restarted_se3,1,47.04326391220093,2.343788743019104,0,159,cache_read_only_not_online_fps,32fdd06d26764df247b0164387e6061cbe61664ba5aa2aabd173919761ed38aa,cached_perception_v2,1,1,1,0.6632708856319802,,1,2456.3751881942153,0,21.45626861602068,2456.3751881942153,2527.218509465456,0.4980121727471011,0.4911222627735269,1.907464932287731,0.4980127092813128,0.6632708856319802,0.4980121727471011
cracker_box_reorient_occ60,1579908954997836462,0.41045150937809305,0.9716610135038797,1.2149235201197153,1.0786521679122947,0.04365276772629736,0.03875647459578588,0.7946843853820601,0.3888888888888889,0.5612095041257866,-0.1362713522074206,MODE_3_RELOCALIZE,full,four_mode_relocalization_v2,,0,0,0,False,1,0,0.41045150937809305,0,0,restarted_se3,1,47.26686701178551,2.053310163319111,0,160,cache_read_only_not_online_fps,32fdd06d26764df247b0164387e6061cbe61664ba5aa2aabd173919761ed38aa,cached_perception_v2,1,1,1,0.6503340112361528,,1,2462.8605293110013,0,20.6617945805192,2462.8605293110013,2532.842501066625,0.4542270474982779,0.47435632845474673,1.9356833896558365,0.45422760335168866,0.6503340112361528,0.4542270474982779
cracker_box_reorient_occ60,1579908955061541775,0.4351193613004697,0.6378767383544262,1.189917117290068,1.129421383397471,0.042754276030058526,0.04058063614547944,0.7946843853820601,0.66,0.20275737705395647,-0.0604957338925971,MODE_3_RELOCALIZE,full,four_mode_relocalization_v2,,0,0,0,False,1,0,0.4351193613004697,0,0,restarted_se3,1,46.091859228909016,1.4537321403622627,0,161,cache_read_only_not_online_fps,32fdd06d26764df247b0164387e6061cbe61664ba5aa2aabd173919761ed38aa,cached_perception_v2,1,1,1,0.5109440447600013,,1,2459.6573766320944,0,21.095434203743935,2459.6573766320944,2528.2984022051096,0.4167130029185311,0.4433075276953999,1.9637230567979078,0.41671355418828854,0.5109440447600013,0.4167130029185311
cracker_box_reorient_occ60,1579908955121430483,0.4684305597964665,0.4850072370013973,1.2332592335383812,1.2299415338536233,0.04431157844623643,0.04419237195189671,0.7946843853820601,0.7946843853820601,0.016576677204930834,-0.0033176996847579243,MODE_3_RELOCALIZE,full,four_mode_relocalization_v2,,0,0,0,False,1,0,0.4684305597964665,0,0,restarted_se3,1,48.01420588046312,1.8262313678860664,0,162,cache_read_only_not_online_fps,32fdd06d26764df247b0164387e6061cbe61664ba5aa2aabd173919761ed38aa,cached_perception_v2,1,1,1,0.483540789072846,,1,2448.715169914067,0,21.139810793101788,2448.715169914067,2519.6954179555178,0.523478848781552,0.4658204568980453,1.992080067169336,0.5234793078132831,0.483540789072846,0.3945754097356366
cracker_box_reorient_occ60,1579908955181354154,0.44122986724756186,0.48099764611584256,1.1814868881063723,1.1738959641806068,0.04245137397051237,0.042178628539650376,0.7946843853820601,0.7946843853820601,0.0397677788682807,-0.007590923925765436,MODE_3_RELOCALIZE,full,four_mode_relocalization_v2,,0,0,0,False,1,0,0.44122986724756186,0,0,restarted_se3,1,47.54317086189985,2.079698257148266,0,163,cache_read_only_not_online_fps,32fdd06d26764df247b0164387e6061cbe61664ba5aa2aabd173919761ed38aa,cached_perception_v2,1,1,1,0.47565323375179924,,1,2459.5296243205667,0,21.2112283334136,2459.5296243205667,2530.3637217730284,0.4835810075479017,0.47809679112119163,2.020797570585441,0.48358143058618375,0.47565323375179924,0.4174876154573484
cracker_box_reorient_occ60,1579908955237554010,0.47109368447597044,0.47013985538623515,1.2191755138851907,1.1627050037689735,0.043805543841949214,0.04177653212173339,0.7946843853820601,0.7946843853820601,-0.0009538290897352919,-0.05647051011621729,MODE_3_RELOCALIZE,full,four_mode_relocalization_v2,,0,0,0,False,1,0,0.47013985538623515,0,0,restarted_se3,1,47.79761843383312,2.373448573052883,0,164,cache_read_only_not_online_fps,32fdd06d26764df247b0164387e6061cbe61664ba5aa2aabd173919761ed38aa,cached_perception_v2,1,1,1,0.5544288931777752,,1,2458.8882997632027,0,21.65703196078539,2458.8882997632027,2530.716398730874,0.4222795550877392,0.4560712211777012,2.049552924357382,0.4222800952900677,0.5544288931777752,0.4222795550877392
cracker_box_reorient_occ60,1579908955303050854,0.46419262005267403,0.665286247166707,1.1969923615992977,1.148895030381252,0.043008492852206454,0.041280333348216236,0.7946843853820601,0.7272727272727273,0.201093627114033,-0.048097331218045714,MODE_3_RELOCALIZE,full,four_mode_relocalization_v2,,0,0,0,False,1,0,0.46419262005267403,0,0,restarted_se3,1,48.842874355614185,2.1245330572128296,0,165,cache_read_only_not_online_fps,32fdd06d26764df247b0164387e6061cbe61664ba5aa2aabd173919761ed38aa,cached_perception_v2,1,1,1,0.6330889678408397,,1,2461.519805714488,0,21.22197486460209,2461.519805714488,2533.709187991917,0.46677124820464044,0.4556386089135318,2.0783676953964942,0.4667717066076626,0.6330889678408397,0.46677124820464044
cracker_box_reorient_occ60,1579908955361594558,0.43549348948040023,0.714219572413371,1.1680999554066984,1.0833080697664104,0.041970375245877545,0.03892376331711553,0.7946843853820601,0.3888888888888889,0.27872608293297074,-0.08479188564028806,MODE_3_RELOCALIZE,full,four_mode_relocalization_v2,,0,0,0,False,1,0,0.43549348948040023,0,0,restarted_se3,1,46.66420258581638,1.8252823501825333,0,166,cache_read_only_not_online_fps,32fdd06d26764df247b0164387e6061cbe61664ba5aa2aabd173919761ed38aa,cached_perception_v2,1,1,1,0.41885912791412544,,1,2460.4349890723825,0,21.524332463741302,2460.4349890723825,2530.4488064721227,0.4563533774778592,0.4564457683825362,2.107537304225817,0.4563538770775172,0.41885912791412544,0.4563533774778592
cracker_box_reorient_occ60,1579908955420513383,0.450322490030069,0.5119151803645127,1.2100642077399855,1.2567370983343775,0.0434781703700778,0.04515514905926403,0.7946843853820601,0.7946843853820601,0.061592690334443645,0.04667289059439206,MODE_3_RELOCALIZE,full,four_mode_relocalization_v2,,0,0,0,False,1,0,0.450322490030069,0,0,restarted_se3,1,47.84848541021347,2.244376577436924,0,167,cache_read_only_not_online_fps,32fdd06d26764df247b0164387e6061cbe61664ba5aa2aabd173919761ed38aa,cached_perception_v2,1,1,1,0.4653896523334879,,1,2456.6809553653,0,20.541802048683167,2456.6809553653,2527.3156194016337,0.4611018523840364,0.4539735045379684,2.137155884716848,0.4611022658691434,0.4653896523334879,0.45355394122042186
cracker_box_reorient_occ60,1579908955480678629,0.432679175334921,0.5352841561642242,1.2140616454630344,1.165581582235881,0.04362180016860816,0.04187988892533698,0.7946843853820601,0.7946843853820601,0.1026049808293032,-0.04848006322715337,MODE_3_RELOCALIZE,full,four_mode_relocalization_v2,,0,0,0,False,1,0,0.432679175334921,0,0,restarted_se3,1,46.27871233969927,2.5563929229974747,0,168,cache_read_only_not_online_fps,32fdd06d26764df247b0164387e6061cbe61664ba5aa2aabd173919761ed38aa,cached_perception_v2,1,1,1,0.551767692069193,,1,2462.944123893976,0,20.794512704014778,2462.944123893976,2532.5737418606877,0.42490293911815125,0.44156070510538037,2.166933494914787,0.42490343609939013,0.551767692069193,0.42490293911815125
cracker_box_reorient_occ60,1579908955544931862,0.42796320502742574,0.741084012299046,1.1855267736560309,1.151065552268943,0.04259652893921583,0.04135832121020024,0.7946843853820601,0.7272727272727273,0.3131208072716202,-0.03446122138708785,MODE_3_RELOCALIZE,full,four_mode_relocalization_v2,,0,0,0,False,1,0,0.42796320502742574,0,0,restarted_se3,1,48.902060836553574,4.585960879921913,0,169,cache_read_only_not_online_fps,32fdd06d26764df247b0164387e6061cbe61664ba5aa2aabd173919761ed38aa,cached_perception_v2,1,1,1,0.4732215333766867,,1,2459.528143517673,0,21.999334916472435,2459.528143517673,2535.015500150621,0.4456949545550871,0.43866639085550607,2.1967063583679765,0.44569550908852934,0.4732215333766867,0.41295779286754175
cracker_box_reorient_occ60,1579908955606134962,0.3825533316731391,0.4500060894781371,1.2176437016416406,1.1778645612299043,0.04375050511485189,0.042321222079345105,0.7946843853820601,0.7946843853820601,0.06745275780499799,-0.03977914041173625,MODE_3_RELOCALIZE,full,four_mode_relocalization_v2,,0,0,0,False,1,0,0.3825533316731391,0,0,restarted_se3,1,49.37824886292219,1.816621981561184,0,170,cache_read_only_not_online_fps,32fdd06d26764df247b0164387e6061cbe61664ba5aa2aabd173919761ed38aa,cached_perception_v2,1,1,1,0.563910950884739,,1,2464.259872213006,0,20.953476428985596,2464.259872213006,2536.408219486475,0.2971594131801959,0.37161025720305085,2.2265871719405803,0.29715995791768873,0.563910950884739,0.2971594131801959
cracker_box_reorient_occ60,1579908955671821502,0.4561686945078417,0.668818985596908,1.2246810327875415,1.1114661326860826,0.04400335969938966,0.039935495627750034,0.7946843853820601,0.5121951219512195,0.2126502910890663,-0.11321490010145885,MODE_3_RELOCALIZE,full,four_mode_relocalization_v2,,0,0,0,False,1,0,0.4561686945078417,0,0,restarted_se3,1,48.54295030236244,2.484445460140705,0,171,cache_read_only_not_online_fps,32fdd06d26764df247b0164387e6061cbe61664ba5aa2aabd173919761ed38aa,cached_perception_v2,1,1,1,0.460246070269389,,1,2457.687983289361,0,21.394790150225163,2457.687983289361,2530.1101692020893,0.4039230994163212,0.3472729661472412,2.2568396541055518,0.40392365475720815,0.460246070269389,0.3990954658833685
cracker_box_reorient_occ60,1579908955735371811,0.46603066842383,0.4798765746931199,1.2076273875017212,1.2036658035003183,0.04339061428437356,0.04324827272675485,0.7946843853820601,0.7946843853820601,0.013845906269289887,-0.003961584001402896,MODE_3_RELOCALIZE,full,four_mode_relocalization_v2,,0,0,0,False,1,0,0.46603066842383,0,0,restarted_se3,1,48.24347421526909,2.1520089358091354,0,172,cache_read_only_not_online_fps,32fdd06d26764df247b0164387e6061cbe61664ba5aa2aabd173919761ed38aa,cached_perception_v2,1,1,1,0.4622573468276523,,1,2463.503017090261,0,21.656167693436146,2463.503017090261,2535.5546679347754,0.43003582807234747,0.3851073669742458,2.2875439970439113,0.4300364594657135,0.4622573468276523,0.43003582807234747
cracker_box_reorient_occ60,1579908955797891982,0.41563272125908046,0.46141801615159583,1.2040775057552509,1.1798530705176102,0.043263065380456364,0.042392670143869576,0.7946843853820601,0.7946843853820601,0.04578529489251537,-0.024224435237640618,MODE_3_RELOCALIZE,full,four_mode_relocalization_v2,,0,0,0,False,1,0,0.41563272125908046,0,0,restarted_se3,1,45.5896221101284,2.046573907136917,0,173,cache_read_only_not_online_fps,32fdd06d26764df247b0164387e6061cbe61664ba5aa2aabd173919761ed38aa,cached_perception_v2,1,1,1,0.5281108146659144,,1,2458.506366237998,0,22.305523045361042,2458.506366237998,2528.4480853006244,0.43403821070542764,0.4269213571049724,2.3186696856592106,0.434038906120527,0.5281108146659144,0.43403821070542764
cracker_box_reorient_occ60,1579908955860668264,0.45600221511192557,0.622716772935539,1.2413120035493812,1.1494990147818174,0.04460091822196884,0.041302034788933746,0.7946843853820601,0.7272727272727273,0.16671455782361339,-0.09181298876756383,MODE_3_RELOCALIZE,full,four_mode_relocalization_v2,,0,0,0,False,1,0,0.45600221511192557,0,0,restarted_se3,1,46.64097260683775,1.3294368982315063,0,174,cache_read_only_not_online_fps,32fdd06d26764df247b0164387e6061cbe61664ba5aa2aabd173919761ed38aa,cached_perception_v2,1,1,1,0.5156693226962119,,1,2463.912629522383,0,21.865084767341614,2463.912629522383,2533.748123794794,0.4913341662309465,0.47422487541726327,2.3499830465386373,0.4913348412434058,0.5156693226962119,0.44030097980929433
cracker_box_reorient_occ60,1579908955918699153,0.43708259636140834,0.5053331441950711,1.1618194364259284,1.161994220352168,0.041744713274792206,0.041750993342638515,0.7946843853820601,0.7946843853820601,0.0682505478336628,0.0001747839262395967,MODE_3_RELOCALIZE,full,four_mode_relocalization_v2,,0,0,0,False,1,0,0.43708259636140834,0,0,restarted_se3,1,46.57710716128349,1.9020149484276772,0,175,cache_read_only_not_online_fps,32fdd06d26764df247b0164387e6061cbe61664ba5aa2aabd173919761ed38aa,cached_perception_v2,1,1,1,0.4791258709317833,,1,2465.082467533648,0,20.627843216061592,2465.082467533648,2534.189432859421,0.5098299426217009,0.5021784397210217,2.381639045938299,0.509830522866436,0.4791258709317833,0.4483148852485015
cracker_box_reorient_occ60,1579908955980123644,0.3602123549952453,0.6239081019418418,1.165603518792026,1.1902966081116217,0.041880677116012566,0.042767911311961636,0.7946843853820601,0.7946843853820601,0.2636957469465965,0.024693089319595796,MODE_3_RELOCALIZE,full,four_mode_relocalization_v2,,0,0,0,False,1,0,0.3602123549952453,0,0,restarted_se3,1,47.670804895460606,2.4128854274749756,0,176,cache_read_only_not_online_fps,32fdd06d26764df247b0164387e6061cbe61664ba5aa2aabd173919761ed38aa,cached_perception_v2,1,1,1,0.5030780429868595,,1,2464.88272305578,0,23.44298455864191,2464.88272305578,2538.4093979373574,0.3980664255711795,0.4877476246923407,2.3360343749839276,0.3980668859099841,0.5030780429868595,0.3980664255711795
cracker_box_reorient_occ60,1579908956035285607,0.47497995629970136,0.6184152505261645,1.1889699014680728,1.1996333348879908,0.04272024212456614,0.0431033842520629,0.7946843853820601,0.7946843853820601,0.14343529422646317,0.010663433419918045,MODE_3_RELOCALIZE,full,four_mode_relocalization_v2,,0,0,0,False,1,0,0.47497995629970136,0,0,restarted_se3,1,47.635599970817566,2.1523302420973778,0,177,cache_read_only_not_online_fps,32fdd06d26764df247b0164387e6061cbe61664ba5aa2aabd173919761ed38aa,cached_perception_v2,1,1,1,0.46571982760062514,,1,2474.197804927826,0,21.685690619051456,2474.197804927826,2545.6714257597923,0.3918504863231405,0.41119174273068204,2.3667997286385494,0.3918511547874173,0.46571982760062514,0.3918504863231405
cracker_box_reorient_occ60,1579908956104385902,0.46731180913723813,0.45535962326426205,1.2216122073712499,1.135061535439333,0.0438930953733877,0.04078328943430551,0.7946843853820601,0.66,-0.011952185872976084,-0.0865506719319169,MODE_3_RELOCALIZE,full,four_mode_relocalization_v2,,0,0,0,False,1,0,0.45535962326426205,0,0,restarted_se3,1,52.03137546777725,2.88359634578228,0,178,cache_read_only_not_online_fps,32fdd06d26764df247b0164387e6061cbe61664ba5aa2aabd173919761ed38aa,cached_perception_v2,1,1,1,0.4712079733559813,,1,2493.61599329859,0,24.83570482581854,2493.61599329859,2573.3666699379683,0.4061572848523953,0.3653025049595422,2.3979097163474345,0.40615771317233756,0.4712079733559813,0.4061572848523953
cracker_box_reorient_occ60,1579908956170495108,0.5074868670357425,0.4796661821818612,1.2519175452231013,1.174984702535429,0.044981980272071266,0.042217747415637795,0.7946843853820601,0.7946843853820601,-0.02782068485388134,-0.07693284268767231,MODE_3_RELOCALIZE,full,four_mode_relocalization_v2,,0,0,0,False,1,0,0.4796661821818612,0,0,restarted_se3,1,49.07697346061468,2.246113494038582,0,179,cache_read_only_not_online_fps,32fdd06d26764df247b0164387e6061cbe61664ba5aa2aabd173919761ed38aa,cached_perception_v2,1,1,1,0.4051180541746832,,1,2489.4361421465874,0,21.902593784034252,2489.4361421465874,2562.661822885275,0.41832770322090296,0.39855836529010447,2.4290979839948807,0.418328231066192,0.4051180541746832,0.41832770322090296
cracker_box_reorient_occ60,1579908956231639950,0.5445334208080344,0.4852298066410365,1.2251144659025945,1.3281780630293687,0.04401893315301285,0.047722056182492464,0.7946843853820601,0.7946843853820601,-0.059303614166997864,0.10306359712677415,MODE_3_RELOCALIZE,full,four_mode_relocalization_v2,,0,0,0,False,1,0,0.4852298066410365,0,0,restarted_se3,1,51.121458411216736,2.3189540952444077,0,180,cache_read_only_not_online_fps,32fdd06d26764df247b0164387e6061cbe61664ba5aa2aabd173919761ed38aa,cached_perception_v2,1,1,1,0.7800109146611974,,1,2463.81850913167,0,24.80979822576046,2463.81850913167,2542.0687198638916,0.5426840720293818,0.6142741829949463,2.568795237459926,0.5426841645484182,0.7800109146611974,0.5426840720293818
cracker_box_reorient_occ60,1579908956293170522,0.8194273124591904,1.3402460852893787,1.206325445606802,1.082970312065059,0.0433438349059264,0.03891162752565155,0.7946843853820601,0.3888888888888889,0.5208187728301883,-0.1233551335417431,MODE_3_RELOCALIZE,full,four_mode_relocalization_v2,,0,0,0,False,1,0,0.8194273124591904,0,0,restarted_se3,1,46.64729814976454,1.9339285790920258,0,181,cache_read_only_not_online_fps,32fdd06d26764df247b0164387e6061cbe61664ba5aa2aabd173919761ed38aa,cached_perception_v2,1,1,1,0.5136915065569738,,1,2467.3856999725103,0,21.770323626697063,2467.3856999725103,2537.737250328064,0.7082681387895184,0.7814491619034734,2.5613377345661297,0.7082681957231799,0.5136915065569738,0.7082681387895184
cracker_box_reorient_occ60,1579908956343005426,0.9979703183905244,0.6695919031440563,1.3474974086229203,1.346922129854025,0.048416209264438126,0.0483955392304314,0.7946843853820601,0.7946843853820601,-0.32837841524646816,-0.0005752787688952932,MODE_3_RELOCALIZE,full,four_mode_relocalization_v2,,0,0,0,False,1,0,0.6695919031440563,0,0,restarted_se3,1,47.46493138372898,1.9913576543331146,0,182,cache_read_only_not_online_fps,32fdd06d26764df247b0164387e6061cbe61664ba5aa2aabd173919761ed38aa,cached_perception_v2,1,1,1,0.5045444905339425,,1,2465.4282853007317,0,22.121259942650795,2465.4282853007317,2537.0058342814445,1.3587990537957328,1.348207782426775,3.121214785541688,1.358798961149148,0.5045444905339425,1.276740760287676
cracker_box_reorient_occ60,1579908956403211147,0.7261214598938964,0.5784340074397569,1.371864514887325,1.284066396538544,0.049291730737441836,0.0461371034678112,0.7946843853820601,0.7946843853820601,-0.1476874524541395,-0.08779811834878104,MODE_3_RELOCALIZE,full,four_mode_relocalization_v2,,0,0,0,False,1,0,0.5784340074397569,0,0,restarted_se3,1,46.162585727870464,2.468015067279339,0,183,cache_read_only_not_online_fps,32fdd06d26764df247b0164387e6061cbe61664ba5aa2aabd173919761ed38aa,cached_perception_v2,1,1,1,0.466923606751687,,1,2477.520794607699,0,22.142314352095127,2477.520794607699,2548.293709754944,1.378936925629052,1.5303887787853188,3.582033280562759,1.5028368210741203,0.466923606751687,1.378936925629052
cracker_box_reorient_occ60,1579908956455937057,1.0092106544375952,0.9614915908171386,1.3297464318090757,1.3224795737965787,0.04777840840295403,0.04751730681123552,0.7946843853820601,0.7946843853820601,-0.047719063620456525,-0.007266858012497046,MODE_3_RELOCALIZE,full,four_mode_relocalization_v2,,0,0,0,False,1,0,0.9614915908171386,0,0,restarted_se3,1,45.1281676068902,2.0475080236792564,0,184,cache_read_only_not_online_fps,32fdd06d26764df247b0164387e6061cbe61664ba5aa2aabd173919761ed38aa,cached_perception_v2,1,1,1,0.6215018856146387,,1,2464.9219512939453,0,21.81218098849058,2464.9219512939453,2533.9098079130054,2.010047616008872,2.1090477968374777,4.601992041495128,2.010047461755882,0.6215018856146387,1.9903783376339894
cracker_box_reorient_occ60,1579908956518874198,1.1386597310207758,0.5779934332377111,1.3048412177403277,1.2617455785686504,0.04688355246600613,0.04533510608594743,0.7946843853820601,0.7946843853820601,-0.5606662977830646,-0.04309563917167725,MODE_3_RELOCALIZE,full,four_mode_relocalization_v2,,0,0,0,False,1,0,0.5779934332377111,0,0,restarted_se3,1,48.156886361539364,2.4982308968901634,0,185,cache_read_only_not_online_fps,32fdd06d26764df247b0164387e6061cbe61664ba5aa2aabd173919761ed38aa,cached_perception_v2,1,1,1,0.3893154205513997,,1,2461.0393093898892,0,21.159186959266663,2461.0393093898892,2532.8536136075854,2.060182320442303,2.2389831266870326,5.646019900588136,2.060181988953741,0.3893154205513997,2.060182320442303
cracker_box_reorient_occ60,1579908956578476446,1.246265645709645,0.5418147562689866,1.243248697382519,1.2400426831668518,0.04467050453308626,0.04455531094964989,0.7946843853820601,0.7946843853820601,-0.7044508894406585,-0.00320601421566713,MODE_3_RELOCALIZE,full,four_mode_relocalization_v2,,0,0,0,False,1,0,0.5418147562689866,0,0,restarted_se3,1,46.12404294312,6.549257785081863,0,186,cache_read_only_not_online_fps,32fdd06d26764df247b0164387e6061cbe61664ba5aa2aabd173919761ed38aa,cached_perception_v2,1,1,1,0.7479917738932013,,1,2467.8639033809304,0,22.38992042839527,2467.8639033809304,2542.9271245375276,2.2531558126078948,2.4343156259914807,6.995142056842772,2.2595976794663777,0.7479917738932013,2.2531558126078948
cracker_box_reorient_occ60,1579908956638901151,1.0508649788308182,0.7445414497234861,1.2870684094485632,1.246834140419551,0.04624496718935599,0.044799331170730095,0.7946843853820601,0.7946843853820601,-0.30632352910733207,-0.04023426902901206,MODE_3_RELOCALIZE,full,four_mode_relocalization_v2,,0,0,0,False,1,0,0.7445414497234861,0,0,restarted_se3,1,49.21547044068575,3.0601946637034416,0,187,cache_read_only_not_online_fps,32fdd06d26764df247b0164387e6061cbe61664ba5aa2aabd173919761ed38aa,cached_perception_v2,1,1,1,0.4898171288739855,,1,2481.6944003105164,0,21.84623759239912,2481.6944003105164,2555.8163030073047,2.1099899221763803,2.158335052329229,7.966401847108849,2.109989420432405,0.4898171288739855,2.076822842143561
cracker_box_reorient_occ60,1579908956701412264,0.5541679730724722,0.933548155134687,1.2631972211750624,1.2351287766622832,0.04538726428065672,0.04437875200110673,0.7946843853820601,0.7946843853820601,0.3793801820622148,-0.028068444512779234,MODE_3_RELOCALIZE,full,four_mode_relocalization_v2,,0,0,0,False,1,0,0.5541679730724722,0,0,restarted_se3,1,50.93904957175255,2.280508168041706,0,188,cache_read_only_not_online_fps,32fdd06d26764df247b0164387e6061cbe61664ba5aa2aabd173919761ed38aa,cached_perception_v2,1,1,1,0.5192349105759373,,1,2478.0243560671806,0,23.84333126246929,2478.0243560671806,2555.087245069444,2.102830948480373,2.0253480406550737,8.315083479066084,2.089567458894969,0.5192349105759373,1.8446473600930449
cracker_box_reorient_occ60,1579908956754743472,0.6614068820230375,0.6202703201859877,1.2610399834845958,1.2234272620498585,0.045309753726063884,0.043958311133049696,0.7946843853820601,0.7946843853820601,-0.041136561837049834,-0.03761272143473726,MODE_3_RELOCALIZE,full,four_mode_relocalization_v2,,0,0,0,False,1,0,0.6202703201859877,0,0,restarted_se3,1,51.13440565764904,2.574436366558075,0,189,cache_read_only_not_online_fps,32fdd06d26764df247b0164387e6061cbe61664ba5aa2aabd173919761ed38aa,cached_perception_v2,1,1,1,0.5995284554591135,,1,2485.7910089194775,0,21.87612745910883,2485.7910089194775,2561.3759784027934,2.636356243072923,2.4022366806692883,10.157239394098308,2.636355638345407,0.5995284554591135,2.1048726243289453
cracker_box_reorient_occ60,1579908956805739104,0.8707757468932964,0.47585819371034344,1.2256995938400197,1.156960323319066,0.04403995707223047,0.04157012307853955,0.7946843853820601,0.7946843853820601,-0.39491755318295296,-0.06873927052095374,MODE_3_RELOCALIZE,full,four_mode_relocalization_v2,,0,0,0,False,1,0,0.47585819371034344,0,0,restarted_se3,1,50.71915686130524,2.7975868433713913,0,190,cache_read_only_not_online_fps,32fdd06d26764df247b0164387e6061cbe61664ba5aa2aabd173919761ed38aa,cached_perception_v2,1,1,1,0.5973928361270425,,1,2486.405538395047,0,22.440340369939804,2486.405538395047,2562.3626224696636,3.189459133635833,3.1100631793358464,11.44070173578074,3.1894585947028133,0.5973928361270425,2.3215095615691785
cracker_box_reorient_occ60,1579908956858690945,0.7811219386070176,0.9285694859605599,1.1987645620001228,1.235891630259057,0.04307216883771545,0.0444061616860109,0.7946843853820601,0.7946843853820601,0.14744754735354226,0.03712706825893419,MODE_3_RELOCALIZE,full,four_mode_relocalization_v2,,0,0,0,False,1,0,0.7811219386070176,0,0,restarted_se3,1,50.6580863147974,2.3343246430158615,0,191,cache_read_only_not_online_fps,32fdd06d26764df247b0164387e6061cbe61664ba5aa2aabd173919761ed38aa,cached_perception_v2,1,1,1,0.544569428823876,,1,2493.376050144434,0,17.45177898555994,2493.376050144434,2563.820240087807,3.361114749905817,3.1831335326316843,11.498905917041393,3.3611141124573503,0.544569428823876,2.246745438537498
cracker_box_reorient_occ60,1579908956916864330,0.6385634773182995,0.5479210045294177,1.2426999776199643,1.1968996487572214,0.04465078877654278,0.043005161636625086,0.7946843853820601,0.7946843853820601,-0.09064247278888182,-0.04580032886274288,MODE_3_RELOCALIZE,full,four_mode_relocalization_v2,,0,0,0,False,1,0,0.5479210045294177,0,0,restarted_se3,1,53.09504270553589,2.3515811190009117,0,192,cache_read_only_not_online_fps,32fdd06d26764df247b0164387e6061cbe61664ba5aa2aabd173919761ed38aa,cached_perception_v2,1,1,1,0.5805762786477575,,1,2489.148611202836,0,22.736361250281334,2489.148611202836,2567.331596277654,3.780271900577059,3.486314202907698,11.691087042059014,3.7802716147892315,0.5805762786477575,2.2555181406471467
cracker_box_reorient_occ60,1579908956981824989,0.8889052596410549,0.75155858109585,1.269934300400966,1.1967756995652143,0.04562933067391664,0.043000708084447566,0.7946843853820601,0.7946843853820601,-0.13734667854520488,-0.07315860083575165,MODE_3_RELOCALIZE,full,four_mode_relocalization_v2,,0,0,0,False,1,0,0.75155858109585,0,0,restarted_se3,1,50.80689210444689,2.2878795862197876,0,193,cache_read_only_not_online_fps,32fdd06d26764df247b0164387e6061cbe61664ba5aa2aabd173919761ed38aa,cached_perception_v2,1,1,1,0.6174502161793,,1,2472.234308719635,0,23.506962694227695,2472.234308719635,2548.8360431045294,3.697164935561703,3.467971271767583,10.760989175950861,3.66611111587372,0.6174502161793,2.405006974994964
cracker_box_reorient_occ60,1579908957046198138,0.9770015462573562,0.6163697701486188,1.2551934559574633,1.1566908803066984,0.04509968526996702,0.04156044186565695,0.7946843853820601,0.7946843853820601,-0.3606317761087374,-0.09850257565076492,MODE_3_RELOCALIZE,full,four_mode_relocalization_v2,,0,0,0,False,1,0,0.6163697701486188,0,0,restarted_se3,1,46.33450601249933,1.6068574041128159,0,194,cache_read_only_not_online_fps,32fdd06d26764df247b0164387e6061cbe61664ba5aa2aabd173919761ed38aa,cached_perception_v2,1,1,1,0.6390806627097849,,1,2465.8795967698097,0,21.48766629397869,2465.8795967698097,2535.3086264804006,3.6844753712206586,3.5803735663626908,9.832048984717243,3.684474966874613,0.6390806627097849,3.4461638940655015
cracker_box_reorient_occ60,1579908957104674636,0.7782265218101772,0.6565620821390918,1.253873057627074,1.145016668051127,0.045052242743200396,0.04114098198399317,0.7946843853820601,0.7272727272727273,-0.12166443967108531,-0.10885638957594712,MODE_3_RELOCALIZE,full,four_mode_relocalization_v2,,0,0,0,False,1,0,0.6565620821390918,0,0,restarted_se3,1,47.98667225986719,2.660077065229416,0,195,cache_read_only_not_online_fps,32fdd06d26764df247b0164387e6061cbe61664ba5aa2aabd173919761ed38aa,cached_perception_v2,1,1,1,0.7180660842485481,,1,2462.968675419688,0,22.813263349235058,2462.968675419688,2536.42868809402,3.7031546599236416,3.783458132783679,9.380616865063143,3.7031541725181825,0.7180660842485481,3.7031546599236416
cracker_box_reorient_occ60,1579908957163497857,0.8120561259545203,1.2247186867161535,1.1906531018338324,1.2928838203513842,0.042780720297378276,0.046453917610653955,0.7946843853820601,0.7946843853820601,0.4126625607616332,0.10223071851755172,MODE_3_RELOCALIZE,full,four_mode_relocalization_v2,,0,0,0,False,1,0,0.8120561259545203,0,0,restarted_se3,1,50.00291485339403,1.9837208092212677,0,196,cache_read_only_not_online_fps,32fdd06d26764df247b0164387e6061cbe61664ba5aa2aabd173919761ed38aa,cached_perception_v2,1,1,1,0.5939272040788959,,1,2472.555972635746,0,20.470778457820415,2472.555972635746,2545.0133867561817,3.7513924631782123,3.8517361953091496,9.166189638872064,3.751391943459139,0.5939272040788959,3.7513924631782123
cracker_box_reorient_occ60,1579908957221971420,0.9810789355700714,0.8525087525179987,1.207263041776914,1.1873320813838855,0.04337752317284786,0.04266139448639922,0.7946843853820601,0.7946843853820601,-0.12857018305207268,-0.01993096039302844,MODE_3_RELOCALIZE,full,four_mode_relocalization_v2,,0,0,0,False,1,0,0.8525087525179987,0,0,restarted_se3,1,46.21579311788082,2.456584945321083,0,197,cache_read_only_not_online_fps,32fdd06d26764df247b0164387e6061cbe61664ba5aa2aabd173919761ed38aa,cached_perception_v2,1,1,1,0.6374806491481203,,1,2472.827224060893,0,21.66514564305544,2472.827224060893,2543.1647477671504,3.798356584763649,3.815309612826028,8.632484112532115,3.798355932057106,0.6374806491481203,3.7304664802866627
cracker_box_reorient_occ60,1579908957276026106,0.4739763690194525,0.6833367796097118,1.1020130192126214,1.0896152359689009,0.03959584085943452,0.0391503827352838,0.3888888888888889,0.3888888888888889,0.20936041059025934,-0.01239778324372054,MODE_3_RELOCALIZE,full,four_mode_relocalization_v2,,0,0,0,False,1,0,0.4739763690194525,0,0,restarted_se3,1,45.410255901515484,2.1535176783800125,0,198,cache_read_only_not_online_fps,32fdd06d26764df247b0164387e6061cbe61664ba5aa2aabd173919761ed38aa,cached_perception_v2,1,1,1,0.5624917252262085,,1,2465.964388102293,0,20.808457396924496,2465.964388102293,2534.336619079113,4.048963238878667,4.013979197186176,8.861817194698732,4.0489624875413295,0.5624917252262085,3.92962732238892
cracker_box_reorient_occ60,1579908957355367194,0.5963021013581432,0.8804569598319519,1.1071398840455147,1.0529548202351882,0.03978005149986426,0.03783315692948529,0.5121951219512195,0.24242424242424243,0.2841548584738087,-0.054185063810326506,MODE_2_PRIOR,full,four_mode_relocalization_v2,1.0,0,0,0,False,0,0,0.5963021013581432,0,0,restarted_se3,0,46.65830917656422,2.11392343044281,0,199,cache_read_only_not_online_fps,32fdd06d26764df247b0164387e6061cbe61664ba5aa2aabd173919761ed38aa,cached_perception_v2,0,0,0,,,0,0.0,0,20.895137451589108,2.1031005308032036,71.77047058939934,4.176148017000176,4.141164038644115,8.94232615993416,4.176147147546009,0.8804569598319519,3.98046917267971
cracker_box_reorient_occ60,1579908957413047379,0.8442565121129351,0.39805673160874616,1.0688735784492156,0.9174200955884786,0.03840512532362712,0.03296333117019182,0.24242424242424243,0.0891009055627426,-0.4461997805041889,-0.151453482860737,MODE_4_TRUSTED_FUSION,full,four_mode_relocalization_v2,0.537744594627549,0,0,0,False,0,0,0.39805673160874616,0,0,restarted_se3,0,46.1849644780159,4.937180317938328,0,200,cache_read_only_not_online_fps,32fdd06d26764df247b0164387e6061cbe61664ba5aa2aabd173919761ed38aa,cached_perception_v2,0,0,0,,,0,0.0,0,21.781010553240776,2.4671880528330803,75.37034340202808,4.704045551964574,4.669389975425003,8.81581526654249,4.7040440515088,0.5815800984834303,4.223319182902421
cracker_box_reorient_occ60,1579908957466388223,0.6460909231380142,0.7640273651406276,1.0205735621691194,1.0374138463471343,0.036669683250990605,0.037274762502065836,0.12499999999999999,0.12499999999999999,0.11793644200261344,0.016840284178014864,MODE_4_TRUSTED_FUSION,full,four_mode_relocalization_v2,0.4959479340180316,0,0,0,False,0,0,0.6460909231380142,0,0,restarted_se3,0,46.13066930323839,4.019830375909805,0,201,cache_read_only_not_online_fps,32fdd06d26764df247b0164387e6061cbe61664ba5aa2aabd173919761ed38aa,cached_perception_v2,0,0,0,,,0,0.0,0,20.1663663610816,2.9094889760017395,73.22635501623154,5.220964450169507,5.210166385999903,9.187171438443022,5.220962732700704,0.6906963300055706,4.430847766850967
cracker_box_reorient_occ60,1579908957521048301,0.8492773073721374,0.9443276449154606,0.9445275910489147,1.0164417451844032,0.03393731610288905,0.036521225143023764,0.0891009055627426,0.09302325581395349,0.09505033754332326,0.07191415413548852,MODE_4_TRUSTED_FUSION,full,four_mode_relocalization_v2,0.4818487462627189,0,0,0,False,0,0,0.8492773073721374,0,0,restarted_se3,0,45.5307113006711,4.08621970564127,0,202,cache_read_only_not_online_fps,32fdd06d26764df247b0164387e6061cbe61664ba5aa2aabd173919761ed38aa,cached_perception_v2,0,0,0,,,0,0.0,0,20.391025580465794,2.256046049296856,72.26400263607502,5.574729142312743,5.588100185600619,9.207817204244376,5.574727206483068,0.887462826245228,4.448060212557927
cracker_box_reorient_occ60,1579908957585722546,0.8553059059241426,0.8516993416504635,0.9392344981517958,0.9736147486061254,0.03374713281071862,0.03498243121642147,0.0891009055627426,0.0891009055627426,-0.0036065642736791137,0.034380250454329575,MODE_4_TRUSTED_FUSION,full,four_mode_relocalization_v2,0.49110632903419715,0,0,0,False,0,0,0.8516993416504635,0,0,restarted_se3,0,49.73453376442194,4.0196869522333145,0,203,cache_read_only_not_online_fps,32fdd06d26764df247b0164387e6061cbe61664ba5aa2aabd173919761ed38aa,cached_perception_v2,0,0,0,,,0,0.0,0,21.13327942788601,2.383483573794365,77.27098371833563,6.6958662959030235,6.733005277008703,10.072875839154149,6.695863980612257,0.8458741780936859,4.929708623818465
cracker_box_reorient_occ60,1579908957651590159,0.7215508233715415,0.83972539849607,0.9288627630509827,0.9438463274508714,0.03337447153963724,0.03391283798462623,0.0891009055627426,0.0891009055627426,0.11817457512452845,0.014983564399888682,MODE_4_TRUSTED_FUSION,full,four_mode_relocalization_v2,0.49604176772989567,0,0,0,False,0,0,0.7215508233715415,0,0,restarted_se3,0,47.01018147170544,4.432192072272301,0,204,cache_read_only_not_online_fps,32fdd06d26764df247b0164387e6061cbe61664ba5aa2aabd173919761ed38aa,cached_perception_v2,0,0,0,,,0,0.0,0,21.36324066668749,3.1362082809209824,75.94182249158621,7.578027910928073,7.692786078439617,10.698668304249075,7.578025545102967,0.7706657432181634,5.444441826489035
cracker_box_reorient_occ60,1579908957714978404,0.724794249999829,0.9496466331457376,0.874543041711163,0.9380390467689839,0.03142273866152925,0.0337041796859517,0.0891009055627426,0.0891009055627426,0.2248523831459086,0.06349600505782083,MODE_4_TRUSTED_FUSION,full,four_mode_relocalization_v2,0.4826758087790541,0,0,0,False,0,0,0.724794249999829,0,0,restarted_se3,0,47.02440369874239,3.529760055243969,0,205,cache_read_only_not_online_fps,32fdd06d26764df247b0164387e6061cbe61664ba5aa2aabd173919761ed38aa,cached_perception_v2,0,0,0,,,0,0.0,0,20.207098685204983,2.432923763990402,73.19418620318174,8.55660042978197,8.829561751485556,12.237799911770379,8.556597976837761,0.8304184053159691,6.122033379589816
cracker_box_reorient_occ60,1579908957780075691,0.9941239972733116,0.6429306257184874,0.9341495480680293,0.8718478531923524,0.03356442818673982,0.031325899283212964,0.0891009055627426,0.0891009055627426,-0.3511933715548242,-0.06230169487567694,MODE_4_TRUSTED_FUSION,full,four_mode_relocalization_v2,0.5170596340478562,0,0,0,False,0,0,0.6429306257184874,0,0,restarted_se3,0,47.277229838073254,4.210387356579304,0,206,cache_read_only_not_online_fps,32fdd06d26764df247b0164387e6061cbe61664ba5aa2aabd173919761ed38aa,cached_perception_v2,0,0,0,,,0,0.0,0,20.622900687158108,1.3429466634988785,73.45346454530954,8.898826407469784,9.143728224412186,12.909882018295688,8.89882406135705,0.8048900806327022,6.402497212886255
cracker_box_reorient_occ60,1579908957838500050,1.3855502185771913,1.0145931403617894,0.9617007409805362,0.8575808575971379,0.03455435537546818,0.03081327948899856,0.0891009055627426,0.0891009055627426,-0.3709570782154019,-0.10411988338339828,MODE_4_TRUSTED_FUSION,full,four_mode_relocalization_v2,0.5283044976538435,0,0,0,False,0,1,1.0145931403617894,0,0,restarted_se3,0,46.81101813912392,4.36647143214941,0,207,cache_read_only_not_online_fps,32fdd06d26764df247b0164387e6061cbe61664ba5aa2aabd173919761ed38aa,cached_perception_v2,0,0,0,,,0,0.0,0,17.059381119906902,1.3516182079911232,69.58848889917135,9.57210414033097,9.61656674218309,13.816888993106542,9.572101828680678,1.1637435842348534,6.816442050594082
cracker_box_reorient_occ60,1579908957893837382,1.9296921639500377,1.5173284243849554,1.184146192091331,1.0179177815105918,0.04254692400082011,0.03657425981544194,0.7946843853820601,0.09302325581395349,-0.4123637395650823,-0.16622841058073923,MODE_2_PRIOR,full,four_mode_relocalization_v2,1.0,0,0,0,False,0,1,1.5173284243849554,0,0,restarted_se3,0,44.809143990278244,3.705039620399475,0,208,cache_read_only_not_online_fps,32fdd06d26764df247b0164387e6061cbe61664ba5aa2aabd173919761ed38aa,cached_perception_v2,0,0,0,,,0,0.0,0,20.412678830325603,0.9938189759850502,69.92068141698837,10.457499631486826,10.430923347281338,15.039565813951498,10.457497501768575,1.5173284243849554,7.4591575206922585
cracker_box_reorient_occ60,1579908957952716266,2.327697089338922,2.053190257060196,1.3033064461641384,1.120570355815458,0.04682840740870926,0.04026261460356494,0.7946843853820601,0.6060606060606061,-0.2745068322787261,-0.18273609034868032,MODE_3_RELOCALIZE,full,four_mode_relocalization_v2,,0,0,0,False,1,1,2.053190257060196,0,0,restarted_se3,1,46.82144895195961,4.115834832191467,0,209,cache_read_only_not_online_fps,32fdd06d26764df247b0164387e6061cbe61664ba5aa2aabd173919761ed38aa,cached_perception_v2,1,1,1,0.4201061907718531,,1,2468.007911927998,0,20.392466336488724,2468.007911927998,2539.337662048638,10.54673488775345,10.576620127131486,15.618090667868751,10.546733067873127,0.4201061907718531,7.431673417706723
cracker_box_reorient_occ60,1579908958008776338,1.3839073102760866,1.6603152005459347,1.6113267975703085,1.2845760700234412,0.057895722043939224,0.04615541627341914,0.7946843853820601,0.7946843853820601,0.27640789026984813,-0.3267507275468673,MODE_3_RELOCALIZE,full,four_mode_relocalization_v2,,0,0,0,False,1,1,1.3839073102760866,0,0,restarted_se3,1,47.18850925564766,1.8139276653528214,0,210,cache_read_only_not_online_fps,32fdd06d26764df247b0164387e6061cbe61664ba5aa2aabd173919761ed38aa,cached_perception_v2,1,1,1,0.4750078925422839,,1,2465.3959134593606,0,20.458504557609558,2465.3959134593606,2534.8568549379706,11.677185816815859,11.683675951700126,17.163535391460723,11.677184185972992,0.4750078925422839,8.086253624695344
cracker_box_reorient_occ60,1579908958063252809,1.168552631561806,0.5909710376964564,1.6539093083433882,0.8670847822439274,0.059425731481732184,0.031154759926428608,0.7946843853820601,0.0891009055627426,-0.5775815938653496,-0.7868245260994609,MODE_2_PRIOR,full,four_mode_relocalization_v2,1.0,0,0,0,False,0,0,0.5909710376964564,0,0,restarted_se3,0,46.93342000246048,2.4945903569459915,0,211,cache_read_only_not_online_fps,32fdd06d26764df247b0164387e6061cbe61664ba5aa2aabd173919761ed38aa,cached_perception_v2,0,0,0,,,0,0.0,0,20.352577790617943,1.062667928636074,70.84325607866049,12.008265575623605,11.982470528069543,17.78408012813071,12.008264150011138,0.5909710376964564,8.284748064118046
cracker_box_reorient_occ60,1579908958119541121,1.8919291588795784,0.824029935567947,1.8614718429567263,0.8476743801564757,0.06688354998808951,0.03045733514226271,0.9274193548387096,0.0891009055627426,-1.0678992233116313,-1.0137974628002506,MODE_2_PRIOR,full,four_mode_relocalization_v2,1.0,0,0,0,False,0,0,0.824029935567947,0,0,restarted_se3,0,46.53470404446125,4.383430816233158,0,212,cache_read_only_not_online_fps,32fdd06d26764df247b0164387e6061cbe61664ba5aa2aabd173919761ed38aa,cached_perception_v2,0,0,0,,,0,0.0,0,20.442967303097248,1.0079480707645416,72.3690502345562,12.308562341166684,12.312047952428005,18.522961495368108,12.308561151092427,0.824029935567947,8.163381052596868
cracker_box_reorient_occ60,1579908958181362729,3.462769026805248,0.7802166069521675,1.913258630825488,0.8862814473745894,0.06874427338729025,0.03184450504222464,0.9274193548387096,0.0891009055627426,-2.6825524198530806,-1.0269771834508985,MODE_2_PRIOR,full,four_mode_relocalization_v2,1.0,0,0,0,False,0,0,0.7802166069521675,0,0,restarted_se3,0,45.69956474006176,3.2469183206558228,0,213,cache_read_only_not_online_fps,32fdd06d26764df247b0164387e6061cbe61664ba5aa2aabd173919761ed38aa,cached_perception_v2,0,0,0,,,0,0.0,0,21.141450852155685,1.2489892542362213,71.33692316710949,13.848874968935432,13.836951683976112,20.45534524766511,13.848873364139571,0.7802166069521675,8.793805048772589
cracker_box_reorient_occ60,1579908958260026998,4.785401651881864,0.7436375210960997,1.9812993796801577,0.9404366681218543,0.0711890091722914,0.03379032733745338,0.9274193548387096,0.0891009055627426,-4.041764130785765,-1.0408627115583033,MODE_2_PRIOR,full,four_mode_relocalization_v2,1.0,0,0,0,False,0,0,0.7436375210960997,0,0,restarted_se3,0,45.83106376230717,4.0156058967113495,0,214,cache_read_only_not_online_fps,32fdd06d26764df247b0164387e6061cbe61664ba5aa2aabd173919761ed38aa,cached_perception_v2,0,0,0,,,0,0.0,0,22.229226306080818,1.0949280112981796,73.17082397639751,14.919766056306349,14.962121611865259,21.891402834629172,14.919764194871322,0.7436375210960997,9.512173781239248
cracker_box_reorient_occ60,1579908958346379960,6.161306112443958,0.8869683880928098,2.032320010872362,0.9511245628988685,0.0730222042053935,0.034174348372899406,0.9274193548387096,0.0891009055627426,-5.274337724351148,-1.0811954479734935,MODE_2_PRIOR,full,four_mode_relocalization_v2,1.0,0,0,0,False,0,0,0.8869683880928098,0,0,restarted_se3,0,46.64519056677818,4.630192182958126,0,215,cache_read_only_not_online_fps,32fdd06d26764df247b0164387e6061cbe61664ba5aa2aabd173919761ed38aa,cached_perception_v2,0,0,0,,,0,0.0,0,19.480028189718723,1.1382317170500755,71.89364265650511,15.569639340980457,15.58736123946427,23.00075445866714,15.569637593591779,0.8869683880928098,9.572589941759938
cracker_box_reorient_occ60,1579908958418981806,7.731442757352587,0.8299524500117346,2.078155969100956,0.9926808961940637,0.07466911152501468,0.03566748677614063,0.9274193548387096,0.0891009055627426,-6.901490307340852,-1.0854750729068923,MODE_2_PRIOR,full,four_mode_relocalization_v2,1.0,0,0,0,False,0,0,0.8299524500117346,0,0,restarted_se3,0,47.09205310791731,4.515419714152813,0,216,cache_read_only_not_online_fps,32fdd06d26764df247b0164387e6061cbe61664ba5aa2aabd173919761ed38aa,cached_perception_v2,0,0,0,,,0,0.0,0,21.34288102388382,1.2910598888993263,74.24141373485327,16.56856442573177,16.551495387053343,24.2303910691657,16.568562976915764,0.8299524500117346,9.82834449775517
cracker_box_reorient_occ60,1579908958484048872,10.671502393194226,0.7489105002864405,2.12592752256127,1.0319969088755623,0.07638556568249283,0.03708012941667532,0.9274193548387096,0.12499999999999999,-9.922591892907786,-1.0939306136857079,MODE_2_PRIOR,full,four_mode_relocalization_v2,1.0,0,0,0,False,0,0,0.7489105002864405,0,0,restarted_se3,0,46.633850783109665,4.328562878072262,0,217,cache_read_only_not_online_fps,32fdd06d26764df247b0164387e6061cbe61664ba5aa2aabd173919761ed38aa,cached_perception_v2,0,0,0,,,0,0.0,0,20.19275352358818,1.1540204286575317,72.30918761342764,19.625504546745994,19.44979003097432,27.134581767108678,19.625503200510767,0.7489105002864405,11.44769063826271
cracker_box_reorient_occ60,1579908958538727496,11.171766295275933,0.8259419341494517,2.167035640310765,1.1250562528748147,0.07786259949249527,0.04042379497346747,1.0,0.66,-10.345824361126482,-1.0419793874359504,MODE_3_RELOCALIZE,full,four_mode_relocalization_v2,,0,0,0,False,1,0,0.8259419341494517,0,0,restarted_se3,1,47.332657501101494,3.8997605443000793,0,218,cache_read_only_not_online_fps,32fdd06d26764df247b0164387e6061cbe61664ba5aa2aabd173919761ed38aa,cached_perception_v2,1,1,1,0.7085260891185012,,1,2478.330842219293,0,20.890599116683006,2478.330842219293,2550.4538593813777,20.840266495790527,20.582756688816993,28.08985170880986,20.84026538628092,0.7085260891185012,11.386456252766944
cracker_box_reorient_occ60,1579908958601117001,0.873884635100356,1.1168104323241492,1.1743134950740544,1.1037837864652298,0.042193630619047455,0.039659465351260824,0.7946843853820601,0.3888888888888889,0.24292579722379326,-0.07052970860882457,MODE_3_RELOCALIZE,full,four_mode_relocalization_v2,,0,0,0,False,1,0,0.873884635100356,0,0,restarted_se3,1,45.68543843924999,1.6230065375566483,0,219,cache_read_only_not_online_fps,32fdd06d26764df247b0164387e6061cbe61664ba5aa2aabd173919761ed38aa,cached_perception_v2,1,1,1,0.4420670831894383,,1,2474.7098945081234,0,21.185722202062607,2474.7098945081234,2543.2040616869926,20.654649290794733,20.654599919838283,28.102381922899543,20.654648192514703,0.4420670831894383,10.437423471769835
cracker_box_reorient_occ60,1579908958664580249,0.6091220607736584,0.4715306115586811,0.9448881959453602,0.9002540415329403,0.03395027280471004,0.03234654685574408,0.0891009055627426,0.0891009055627426,-0.1375914492149773,-0.04463415441241991,MODE_4_TRUSTED_FUSION,full,four_mode_relocalization_v2,0.5119653486783844,0,0,0,False,0,0,0.4715306115586811,0,0,restarted_se3,0,47.90079593658447,2.307356335222721,0,220,cache_read_only_not_online_fps,32fdd06d26764df247b0164387e6061cbe61664ba5aa2aabd173919761ed38aa,cached_perception_v2,0,0,0,,,0,0.0,0,21.014722995460033,1.7570266500115395,72.97990191727877,21.707091512780536,21.728465359303232,29.209944589911245,21.707090240401854,0.4130377056041996,10.41398808697147
cracker_box_reorient_occ60,1579908958731844702,1.623758933026664,1.1417408831436473,1.1918630661748535,1.153610366274352,0.04282419487949064,0.04144975756223811,0.7946843853820601,0.7946843853820601,-0.48201804988301666,-0.03825269990050151,MODE_3_RELOCALIZE,full,four_mode_relocalization_v2,,0,0,0,False,1,1,1.1417408831436473,0,0,restarted_se3,1,46.668851748108864,3.6955801770091057,0,221,cache_read_only_not_online_fps,32fdd06d26764df247b0164387e6061cbe61664ba5aa2aabd173919761ed38aa,cached_perception_v2,1,1,1,0.6974277966583443,,1,2473.04926533252,0,21.327229216694832,2473.04926533252,2544.740926474333,23.905418180508992,23.869889431361983,31.128130063059462,23.905417020385723,0.6974277966583443,11.189526061783969
cracker_box_reorient_occ60,1579908958785765122,1.1736514316221847,0.8364791076691506,0.9852503885397229,0.8046414810991436,0.03540050517659809,0.028911143043723195,0.0891009055627426,0.0891009055627426,-0.3371723239530341,-0.18060890744057934,MODE_4_TRUSTED_FUSION,full,four_mode_relocalization_v2,0.5498949441318327,0,0,0,False,0,0,0.8364791076691506,0,0,restarted_se3,0,47.56733402609825,2.6102419942617416,0,222,cache_read_only_not_online_fps,32fdd06d26764df247b0164387e6061cbe61664ba5aa2aabd173919761ed38aa,cached_perception_v2,0,0,0,,,0,0.0,0,20.80710232257843,1.600298099219799,72.58497644215822,24.69422357794377,24.438271958161216,31.457425636576016,24.694222307506468,0.7482316767835782,10.495814065411171
cracker_box_reorient_occ60,1579908958841996032,1.6641522590524038,1.183258401163121,1.3333963855704323,0.9655212288044898,0.04790955294095797,0.034691627281739086,0.7946843853820601,0.0891009055627426,-0.48089385788928274,-0.3678751567659425,MODE_2_PRIOR,full,four_mode_relocalization_v2,1.0,0,0,0,False,0,1,1.183258401163121,0,0,restarted_se3,0,47.30053339153528,4.8387618735432625,0,223,cache_read_only_not_online_fps,32fdd06d26764df247b0164387e6061cbe61664ba5aa2aabd173919761ed38aa,cached_perception_v2,0,0,0,,,0,0.0,0,17.648945562541485,1.0872147977352142,70.87545562535524,26.574570300176664,26.162634482645476,32.69753746724709,26.574568517508958,1.183258401163121,10.676763890843395
cracker_box_reorient_occ60,1579908958896461630,2.070019659496028,1.2994150748640596,1.4107048791847019,1.1199900818363329,0.05068728311008098,0.04024176508932896,0.7946843853820601,0.6060606060606061,-0.7706045846319682,-0.290714797348369,MODE_3_RELOCALIZE,full,four_mode_relocalization_v2,,0,0,0,False,1,1,1.2994150748640596,0,0,restarted_se3,1,44.79015339165926,3.9231469854712486,0,224,cache_read_only_not_online_fps,32fdd06d26764df247b0164387e6061cbe61664ba5aa2aabd173919761ed38aa,cached_perception_v2,1,1,1,0.7332638711951619,,1,2467.9846120998263,0,20.51742747426033,2467.9846120998263,2537.215339951217,27.41305507343677,27.20493541985998,33.125598854299824,27.413053033650346,0.7332638711951619,10.145187288388698
cracker_box_reorient_occ60,1579908958949208324,1.0284586551158716,1.6386767166332052,1.0248445584105714,1.0851483123756624,0.03682314213445153,0.03898988409085263,0.12499999999999999,0.3888888888888889,0.6102180615173336,0.06030375396509102,MODE_1_ACCEPT,full,four_mode_relocalization_v2,0.0,0,0,0,False,0,1,1.0284586551158716,0,0,restarted_se3,0,46.140460297465324,1.9763307645916939,0,225,cache_read_only_not_online_fps,32fdd06d26764df247b0164387e6061cbe61664ba5aa2aabd173919761ed38aa,cached_perception_v2,0,0,0,,,0,0.0,0,15.280578285455704,1.4018500223755836,64.7992193698883,29.189271852033823,29.26640745103356,34.7562052789867,29.189269444187527,1.0284586551158716,10.71652174195266
cracker_box_reorient_occ60,1579908959000605676,1.9771574720211644,2.4121375801166436,1.2560928709416075,1.5765049122918402,0.045132001669100134,0.056644555493387164,0.7946843853820601,0.7946843853820601,0.43498010809547916,0.3204120413502327,MODE_3_RELOCALIZE,full,four_mode_relocalization_v2,,0,0,0,False,1,1,1.9771574720211644,0,0,restarted_se3,1,45.79652473330498,4.397888667881489,0,226,cache_read_only_not_online_fps,32fdd06d26764df247b0164387e6061cbe61664ba5aa2aabd173919761ed38aa,cached_perception_v2,1,1,1,0.8396649267934108,,1,2464.0458868816495,0,15.382186509668827,2464.0458868816495,2529.622486792505,30.948040714792374,30.940929367513025,36.082574453996585,30.94803832844945,0.8396649267934108,11.073232935375138
cracker_box_reorient_occ60,1579908959054833420,0.7090121241120916,2.4863563020130535,0.9065821175383306,1.3542497313031663,0.03257391757286579,0.04865882336210968,0.0891009055627426,0.7946843853820601,1.7773441779009618,0.44766761376483566,MODE_1_ACCEPT,full,four_mode_relocalization_v2,0.0,0,0,0,False,0,0,0.7090121241120916,0,0,restarted_se3,0,47.23723791539669,1.7166193574666977,0,227,cache_read_only_not_online_fps,32fdd06d26764df247b0164387e6061cbe61664ba5aa2aabd173919761ed38aa,cached_perception_v2,0,0,0,,,0,0.0,0,15.520446933805943,0.8374573662877083,65.31176157295704,32.042238823762766,31.957965991746924,36.58946012784238,32.042236603409705,0.7090121241120916,10.788427909211594
cracker_box_reorient_occ60,1579908959107188720,1.1141358569133892,1.8472578717313004,0.9939903236576421,1.5872481268625873,0.03571453511455487,0.057030564194778005,0.0891009055627426,0.7946843853820601,0.7331220148179112,0.5932578032049453,MODE_1_ACCEPT,full,four_mode_relocalization_v2,0.0,0,0,0,False,0,1,1.1141358569133892,0,0,restarted_se3,0,46.51300050318241,2.3077772930264473,0,228,cache_read_only_not_online_fps,32fdd06d26764df247b0164387e6061cbe61664ba5aa2aabd173919761ed38aa,cached_perception_v2,0,0,0,,,0,0.0,0,14.882609248161316,0.866456888616085,64.56984393298626,33.46155989715331,33.32938712751709,37.473089047759466,33.461557297022914,1.1141358569133892,10.903900214534717
cracker_box_reorient_occ60,1579908959158743140,1.6140447401419888,1.6930472953834454,1.0011216338474977,1.0163560418379751,0.03597076640989705,0.03651814578188453,0.0891009055627426,0.09302325581395349,0.0790025552414566,0.015234407990477372,MODE_4_TRUSTED_FUSION,full,four_mode_relocalization_v2,0.49626145400946486,0,0,0,False,0,1,1.6140447401419888,0,0,restarted_se3,0,46.35001253336668,1.9533820450305939,0,229,cache_read_only_not_online_fps,32fdd06d26764df247b0164387e6061cbe61664ba5aa2aabd173919761ed38aa,cached_perception_v2,0,0,0,,,0,0.0,0,14.672731049358845,1.4426466077566147,64.41877223551273,34.68175564550634,34.483142806532115,37.849300446969316,34.68175313976142,1.6417223263774667,10.604800520291787
cracker_box_reorient_occ60,1579908959210461895,2.118012657665936,2.3886103527890574,1.1165537606425102,1.081579677608511,0.04011829646894032,0.03886166138217126,0.6060606060606061,0.3888888888888889,0.27059769512312126,-0.03497408303399929,MODE_3_RELOCALIZE,full,four_mode_relocalization_v2,,0,0,0,False,1,1,2.118012657665936,0,0,restarted_se3,1,46.964578330516815,4.738588817417622,0,230,cache_read_only_not_online_fps,32fdd06d26764df247b0164387e6061cbe61664ba5aa2aabd173919761ed38aa,cached_perception_v2,1,1,1,0.36103987011458927,,1,2464.326109737158,0,14.977616257965565,2464.326109737158,2531.006893143058,36.48068423798529,36.42213205121126,38.939473196262334,36.48068134043687,0.36103987011458927,10.924088094675303
cracker_box_reorient_occ60,1579908959265006115,1.0893462499608093,1.1044112650183229,0.8347910182979208,0.7491356659275795,0.029994429952403583,0.02691679326201486,0.0891009055627426,0.0891009055627426,0.015065015057513564,-0.08565535237034128,MODE_4_TRUSTED_FUSION,full,four_mode_relocalization_v2,0.5267017667368327,0,0,0,False,0,1,1.0893462499608093,0,0,restarted_se3,0,47.440070658922195,2.038506790995598,0,231,cache_read_only_not_online_fps,32fdd06d26764df247b0164387e6061cbe61664ba5aa2aabd173919761ed38aa,cached_perception_v2,0,0,0,,,0,0.0,0,21.451326087117195,1.1508725583553314,72.08077609539032,38.39755425947928,38.626737378728556,40.27352179572367,38.39755151584467,0.46299525734422153,11.47473050894805
cracker_box_reorient_occ60,1579908959319731401,1.2325999829404288,1.013914002490105,0.973707120812998,0.7724600093978695,0.03498575019282139,0.02775484778233283,0.0891009055627426,0.0891009055627426,-0.21868598045032384,-0.20124711141512852,MODE_4_TRUSTED_FUSION,full,four_mode_relocalization_v2,0.556972839085478,0,0,0,False,0,1,1.013914002490105,0,0,restarted_se3,0,45.39354797452688,4.191352985799313,0,232,cache_read_only_not_online_fps,32fdd06d26764df247b0164387e6061cbe61664ba5aa2aabd173919761ed38aa,cached_perception_v2,0,0,0,,,0,0.0,0,20.48332430422306,1.072571612894535,71.14079687744379,39.55840056394013,39.7641720575938,40.820755396562426,39.55839804954411,0.6183615584225427,11.509306788807747
cracker_box_reorient_occ60,1579908959377039660,1.2199802732519685,0.6025933318073243,0.9888736486440535,0.9310319628377252,0.03553069059907696,0.033452411897918616,0.0891009055627426,0.0891009055627426,-0.6173869414446441,-0.05784168580632831,MODE_4_TRUSTED_FUSION,full,four_mode_relocalization_v2,0.5149083763312964,0,0,0,False,0,0,0.6025933318073243,0,0,restarted_se3,0,45.67018151283264,3.261065110564232,0,233,cache_read_only_not_online_fps,32fdd06d26764df247b0164387e6061cbe61664ba5aa2aabd173919761ed38aa,cached_perception_v2,0,0,0,,,0,0.0,0,21.412737667560577,1.2572435662150383,71.60122785717249,40.643929454466026,40.791617957366036,41.77203532959683,40.64392715727978,0.8097142540211137,11.932953343352722
cracker_box_reorient_occ60,1579908959426958035,1.442912430706574,1.4143352208151505,1.4692909428806373,1.2556612100408702,0.052792307655382995,0.04511649189196243,0.7946843853820601,0.7946843853820601,-0.028577209891423427,-0.21362973283976716,MODE_3_RELOCALIZE,full,four_mode_relocalization_v2,,0,0,0,False,1,1,1.4143352208151505,0,0,restarted_se3,1,47.852812334895134,3.8566729053854942,0,234,cache_read_only_not_online_fps,32fdd06d26764df247b0164387e6061cbe61664ba5aa2aabd173919761ed38aa,cached_perception_v2,1,1,1,0.43064937421320865,,1,2468.299323692918,0,21.376161836087704,2468.299323692918,2541.384970769286,42.21669863887286,42.057282506721165,42.340112027668724,42.216696014957854,0.43064937421320865,12.082138583574013
cracker_box_reorient_occ60,1579908959478865009,0.8177899228522603,0.836509246877335,0.9410627281266106,0.9401296597706749,0.03381282196490751,0.033779296384457466,0.0891009055627426,0.0891009055627426,0.0187193240250747,-0.0009330683559357622,MODE_4_TRUSTED_FUSION,full,four_mode_relocalization_v2,0.5002453903039681,0,0,0,False,0,0,0.8177899228522603,0,0,restarted_se3,0,46.5158661827445,2.556055784225464,0,235,cache_read_only_not_online_fps,32fdd06d26764df247b0164387e6061cbe61664ba5aa2aabd173919761ed38aa,cached_perception_v2,0,0,0,,,0,0.0,0,21.20909746736288,1.1415472254157066,71.42256665974855,44.29081096728783,43.90075945489833,44.29081096728783,44.290808752335316,0.5806504965001057,12.344937676549915
cracker_box_reorient_occ60,1579908959534613762,1.0716595559053046,0.834295277095597,1.2707750749513986,0.8648003407330502,0.04565954009496448,0.031072678879344423,0.7946843853820601,0.0891009055627426,-0.23736427880970756,-0.4059747342183484,MODE_2_PRIOR,full,four_mode_relocalization_v2,1.0,0,0,0,False,0,0,0.834295277095597,0,0,restarted_se3,0,47.567373141646385,3.9236480370163918,0,236,cache_read_only_not_online_fps,32fdd06d26764df247b0164387e6061cbe61664ba5aa2aabd173919761ed38aa,cached_perception_v2,0,0,0,,,0,0.0,0,21.337421610951424,1.0618306696414948,73.8902734592557,46.78392804524904,46.16491984751164,46.78392804524904,46.783925799129946,0.834295277095597,12.598862891270823
cracker_box_reorient_occ60,1579908959588322375,1.1506261728253013,1.1042128551533774,1.5471685929056889,0.8862754928536468,0.05559048787933525,0.03184429109351485,0.7946843853820601,0.0891009055627426,-0.046413317671923915,-0.660893100052042,MODE_2_PRIOR,full,four_mode_relocalization_v2,1.0,0,0,0,False,0,1,1.1042128551533774,0,0,restarted_se3,0,46.71625979244709,3.1388364732265472,0,237,cache_read_only_not_online_fps,32fdd06d26764df247b0164387e6061cbe61664ba5aa2aabd173919761ed38aa,cached_perception_v2,0,0,0,,,0,0.0,0,20.912582986056805,0.9589651599526405,71.72664441168308,49.040342032224856,48.82725946935535,49.040342032224856,49.04033982571762,1.1042128551533774,13.24223040657449
cracker_box_reorient_occ60,1579908959642183773,1.6741566198103388,1.107112789183656,1.5802754455355168,0.9603851079762713,0.05678003250833069,0.03450708406908787,0.7946843853820601,0.0891009055627426,-0.5670438306266827,-0.6198903375592455,MODE_2_PRIOR,full,four_mode_relocalization_v2,1.0,0,0,0,False,0,1,1.107112789183656,0,0,restarted_se3,0,45.38816772401333,4.090487957000732,0,238,cache_read_only_not_online_fps,32fdd06d26764df247b0164387e6061cbe61664ba5aa2aabd173919761ed38aa,cached_perception_v2,0,0,0,,,0,0.0,0,20.117778331041336,0.866476446390152,70.46291045844555,51.202612081814,51.33579377461106,51.202612081814,51.20260944301948,1.107112789183656,13.605102740295283
cracker_box_reorient_occ60,1579908959698006397,2.112317166008587,1.2557516777656959,1.57676791536595,0.995751417573072,0.056654005316289835,0.03577781203887261,0.7946843853820601,0.0891009055627426,-0.856565488242891,-0.581016497792878,MODE_2_PRIOR,full,four_mode_relocalization_v2,1.0,0,0,0,False,0,1,1.2557516777656959,0,0,restarted_se3,0,47.39086423069239,4.609259776771069,0,239,cache_read_only_not_online_fps,32fdd06d26764df247b0164387e6061cbe61664ba5aa2aabd173919761ed38aa,cached_perception_v2,0,0,0,,,0,0.0,0,18.664068542420864,0.947323627769947,71.61151617765427,52.63519010552897,53.022206779760005,52.63519010552897,52.63518721335857,1.2557516777656959,13.554654204398023
cracker_box_reorient_occ60,1579908959753569168,2.5568774116717505,1.604162575108919,1.5991026875209613,1.1153094940553911,0.05745650407852172,0.04007358939115509,0.7946843853820601,0.6060606060606061,-0.9527148365628315,-0.48379319346557015,MODE_3_RELOCALIZE,full,four_mode_relocalization_v2,,0,0,0,False,1,1,1.604162575108919,0,0,restarted_se3,1,44.793748296797276,3.793172538280487,0,240,cache_read_only_not_online_fps,32fdd06d26764df247b0164387e6061cbe61664ba5aa2aabd173919761ed38aa,cached_perception_v2,1,1,1,0.457045987313065,,1,2458.12117587775,0,20.675618201494217,2458.12117587775,2527.383714914322,55.559682014660396,55.494756497401596,55.559682014660396,55.55967889473424,0.457045987313065,14.483591531251388
cracker_box_reorient_occ60,1579908959831758100,0.7655688410965658,0.96888720902649,0.9623852523356945,0.9741014296801452,0.03457895018715624,0.034999917894001704,0.0891009055627426,0.0891009055627426,0.2033183679299242,0.01171617734445074,MODE_4_TRUSTED_FUSION,full,four_mode_relocalization_v2,0.4970058121396515,0,0,0,False,0,0,0.7655688410965658,0,0,restarted_se3,0,47.603621147572994,2.2572381421923637,0,241,cache_read_only_not_online_fps,32fdd06d26764df247b0164387e6061cbe61664ba5aa2aabd173919761ed38aa,cached_perception_v2,0,0,0,,,0,0.0,0,22.225004620850086,1.3702362775802612,73.4561001881957,57.603911240257446,57.77053183369657,57.603911240257446,57.603907981385824,0.5341508428878612,15.16221960571389
cracker_box_reorient_occ60,1579908959892045006,1.3271700975897605,1.0608974360973977,1.513975016344556,1.131906498900348,0.0543978272191108,0.040669927502526695,0.7946843853820601,0.66,-0.2662726614923627,-0.382068517444208,MODE_3_RELOCALIZE,full,four_mode_relocalization_v2,,0,0,0,False,1,1,1.0608974360973977,0,0,restarted_se3,1,48.313433304429054,4.381129518151283,0,242,cache_read_only_not_online_fps,32fdd06d26764df247b0164387e6061cbe61664ba5aa2aabd173919761ed38aa,cached_perception_v2,1,1,1,0.7639462834480826,,1,2470.536958426237,0,20.375200547277927,2470.536958426237,2543.6067217960954,58.744170597155666,59.642023219733545,58.744170597155666,58.744167274564994,0.7639462834480826,16.303631218542623
cracker_box_reorient_occ60,1579908959948545187,1.0145921315768158,1.521459686901112,1.032617668712031,0.8437006253989298,0.03710243360661521,0.03031455628370927,0.12499999999999999,0.0891009055627426,0.5068675553242963,-0.18891704331310122,MODE_4_TRUSTED_FUSION,full,four_mode_relocalization_v2,0.5498115331956099,0,0,0,False,0,1,1.0145921315768158,0,0,restarted_se3,0,51.42883211374283,2.266528084874153,0,243,cache_read_only_not_online_fps,32fdd06d26764df247b0164387e6061cbe61664ba5aa2aabd173919761ed38aa,cached_perception_v2,0,0,0,,,0,0.0,0,23.355696350336075,1.6892235726118088,78.74028012156487,59.984603283606894,60.56068562283403,59.984603283606894,59.98459987486757,1.1560419099386854,17.051658569872277
cracker_box_reorient_occ60,1579908960001021013,1.643164947903298,1.6092266954883405,1.560905046559771,0.9516829244319199,0.056084045054593176,0.034194410562745886,0.7946843853820601,0.0891009055627426,-0.033938252414957404,-0.609222122127851,MODE_2_PRIOR,full,four_mode_relocalization_v2,1.0,0,0,0,False,0,1,1.6092266954883405,0,0,restarted_se3,0,50.12953840196133,3.1984588131308556,0,244,cache_read_only_not_online_fps,32fdd06d26764df247b0164387e6061cbe61664ba5aa2aabd173919761ed38aa,cached_perception_v2,0,0,0,,,0,0.0,0,22.055473178625107,1.49526447057724,76.87873486429453,61.15243657485364,61.34032177992707,61.15243657485364,61.15243342644601,1.6092266954883405,18.167402182757133
cracker_box_reorient_occ60,1579908960049671718,1.910431802472311,1.8931601376855733,1.5958318956562627,1.13752091109587,0.057338983003996244,0.04087165594668971,0.7946843853820601,0.66,-0.017271664786737695,-0.45831098456039276,MODE_3_RELOCALIZE,full,four_mode_relocalization_v2,,0,0,0,False,1,1,1.8931601376855733,0,0,restarted_se3,1,49.637334421277046,3.3854125067591667,0,245,cache_read_only_not_online_fps,32fdd06d26764df247b0164387e6061cbe61664ba5aa2aabd173919761ed38aa,cached_perception_v2,1,1,1,0.7975622998057071,,1,2488.5409101843834,0,22.99312874674797,2488.5409101843834,2564.5567858591676,61.54201237702214,61.518054115838986,61.54201237702214,61.5420093165119,0.7975622998057071,18.87373100826047
cracker_box_reorient_occ60,1579908960107964855,1.030962660804266,0.8438198005958624,1.0412164789265699,0.9218553269933762,0.037411392861088105,0.03312269109954054,0.1346153846153846,0.0891009055627426,-0.18714286020840354,-0.11936115193319363,MODE_4_TRUSTED_FUSION,full,four_mode_relocalization_v2,0.5300950151116243,0,0,0,False,0,0,0.8438198005958624,0,0,restarted_se3,0,50.035434775054455,2.6733530685305595,0,246,cache_read_only_not_online_fps,32fdd06d26764df247b0164387e6061cbe61664ba5aa2aabd173919761ed38aa,cached_perception_v2,0,0,0,,,0,0.0,0,22.651133127510548,1.5908684581518173,76.95078942924738,62.10940207944966,62.04180672561286,62.10940207944966,62.109399108403785,0.6559564471295665,19.967134621645684
cracker_box_reorient_occ60,1579908960157468195,1.2482681280866195,0.8849856034358603,1.549766712558325,0.8967257510005415,0.05568383952809622,0.032219773734200985,0.7946843853820601,0.0891009055627426,-0.36328252465075916,-0.6530409615577835,MODE_2_PRIOR,full,four_mode_relocalization_v2,1.0,0,0,0,False,0,0,0.8849856034358603,0,0,restarted_se3,0,50.499944016337395,4.513469524681568,0,247,cache_read_only_not_online_fps,32fdd06d26764df247b0164387e6061cbe61664ba5aa2aabd173919761ed38aa,cached_perception_v2,0,0,0,,,0,0.0,0,21.30254916846752,1.4369012787938118,77.7528639882803,62.01833138805844,61.935276792077175,62.01833138805844,62.0183286042632,0.8849856034358603,20.649003655558218
cracker_box_reorient_occ60,1579908960209563734,1.4504388018727898,1.2366791160515784,1.5527460314633241,1.0180820687281262,0.05579088784347469,0.03658016273165738,0.7946843853820601,0.09302325581395349,-0.2137596858212114,-0.5346639627351979,MODE_2_PRIOR,full,four_mode_relocalization_v2,1.0,0,0,0,False,0,1,1.2366791160515784,0,0,restarted_se3,0,49.43642858415842,4.999254830181599,0,248,cache_read_only_not_online_fps,32fdd06d26764df247b0164387e6061cbe61664ba5aa2aabd173919761ed38aa,cached_perception_v2,0,0,0,,,0,0.0,0,25.77626146376133,1.3754470273852348,81.58739190548658,61.830121960398984,61.63334727686646,61.830121960398984,61.83011916013782,1.2366791160515784,21.3528805326309
cracker_box_reorient_occ60,1579908960268069364,1.4303536050103447,1.6293349846678966,1.5763616889918988,1.2900779399093871,0.05663940941353786,0.046353101020001244,0.7946843853820601,0.7946843853820601,0.19898137965755192,-0.28628374908251164,MODE_3_RELOCALIZE,full,four_mode_relocalization_v2,,0,0,0,False,1,1,1.4303536050103447,0,0,restarted_se3,1,49.52383041381836,5.011692643165588,0,249,cache_read_only_not_online_fps,32fdd06d26764df247b0164387e6061cbe61664ba5aa2aabd173919761ed38aa,cached_perception_v2,1,1,1,0.7716918526375466,,1,2481.9499514997005,0,23.99572730064392,2481.9499514997005,2560.4812018573284,61.06254253132744,61.11550160434066,61.06254253132744,61.06254000860325,0.7716918526375466,21.78110384152573
cracker_box_reorient_occ60,1579908960323292540,0.7051034248717923,1.962273421930101,1.1378058326877545,1.1399481166261785,0.04088189331214093,0.040958866571460646,0.66,0.7272727272727273,1.2571699970583086,0.0021422839384239722,MODE_3_RELOCALIZE,full,four_mode_relocalization_v2,,0,0,0,False,1,0,0.7051034248717923,0,0,restarted_se3,1,51.61047633737326,2.523784525692463,0,250,cache_read_only_not_online_fps,32fdd06d26764df247b0164387e6061cbe61664ba5aa2aabd173919761ed38aa,cached_perception_v2,1,1,1,0.7152499338297567,,1,2481.776287779212,0,22.66345452517271,2481.776287779212,2558.5740031674504,59.69149869267544,59.79416451221321,59.69149869267544,59.69149616975291,0.7152499338297567,21.832076422392003
cracker_box_reorient_occ60,1579908960378626443,0.6489903925434918,0.6928830989492086,1.2889501260523322,0.9481173785441663,0.04631257814302569,0.03406629883893941,0.7946843853820601,0.0891009055627426,0.04389270640571685,-0.34083274750816583,MODE_2_PRIOR,full,four_mode_relocalization_v2,1.0,0,0,0,False,0,0,0.6489903925434918,0,0,restarted_se3,0,50.99890008568764,2.602549269795418,0,251,cache_read_only_not_online_fps,32fdd06d26764df247b0164387e6061cbe61664ba5aa2aabd173919761ed38aa,cached_perception_v2,0,0,0,,,0,0.0,0,21.772009320557117,2.1328572183847427,77.50631589442492,58.406072742595505,58.49462693046385,58.406072742595505,58.406070190396896,0.6928830989492086,22.09426851730493
cracker_box_reorient_occ60,1579908960437318666,1.0665999974982203,0.6374724756376714,1.6727101285624302,0.9897724717407427,0.06010125370555483,0.035562985731418244,0.7946843853820601,0.0891009055627426,-0.4291275218605489,-0.6829376568216875,MODE_2_PRIOR,full,four_mode_relocalization_v2,1.0,0,0,0,False,0,0,0.6374724756376714,0,0,restarted_se3,0,49.011790193617344,4.5738909393548965,0,252,cache_read_only_not_online_fps,32fdd06d26764df247b0164387e6061cbe61664ba5aa2aabd173919761ed38aa,cached_perception_v2,0,0,0,,,0,0.0,0,23.452263325452805,2.1525556221604347,79.19050008058548,57.49021488853826,57.3471296278336,57.49021488853826,57.49021209393147,0.6374724756376714,22.57581369301498
cracker_box_reorient_occ60,1579908960495816059,1.102551422921969,0.9677673134776218,1.7271678103504071,1.014688420028157,0.06205794356679723,0.0364582273538405,0.7946843853820601,0.0891009055627426,-0.13478410944434727,-0.7124793903222502,MODE_2_PRIOR,full,four_mode_relocalization_v2,1.0,0,0,0,False,0,0,0.9677673134776218,0,0,restarted_se3,0,49.01436623185873,3.7292372435331345,0,253,cache_read_only_not_online_fps,32fdd06d26764df247b0164387e6061cbe61664ba5aa2aabd173919761ed38aa,cached_perception_v2,0,0,0,,,0,0.0,0,22.302604280412197,2.5406843051314354,77.5868920609355,57.415099155809024,57.351598009402906,57.415099155809024,57.41509650015746,0.9677673134776218,23.629526792407102
cracker_box_reorient_occ60,1579908960555138787,1.529156732470644,0.8107820158532902,1.813558125445162,1.0242644527444182,0.06516198781006069,0.036802298667778996,0.7946843853820601,0.12499999999999999,-0.7183747166173539,-0.7892936727007438,MODE_2_PRIOR,full,four_mode_relocalization_v2,1.0,0,0,0,False,0,0,0.8107820158532902,0,0,restarted_se3,0,51.729525439441204,4.462170414626598,0,254,cache_read_only_not_online_fps,32fdd06d26764df247b0164387e6061cbe61664ba5aa2aabd173919761ed38aa,cached_perception_v2,0,0,0,,,0,0.0,0,21.219911985099316,2.193734049797058,79.60534188896418,56.0478490386002,55.99526881525215,56.0478490386002,56.047846649596124,0.8107820158532902,23.876191149896687
cracker_box_reorient_occ60,1579908960613777848,1.7915245824085861,0.9186987021342842,1.8675162632208366,1.0528560149084365,0.0671007288223616,0.03782960680809296,0.9274193548387096,0.24242424242424243,-0.872825880274302,-0.8146602483124001,MODE_2_PRIOR,full,four_mode_relocalization_v2,1.0,0,0,0,False,0,0,0.9186987021342842,0,0,restarted_se3,0,48.53963851928711,4.347551614046097,0,255,cache_read_only_not_online_fps,32fdd06d26764df247b0164387e6061cbe61664ba5aa2aabd173919761ed38aa,cached_perception_v2,0,0,0,,,0,0.0,0,22.51385059207678,2.2463155910372734,77.64735631644726,55.54760005009821,55.40474772923427,55.54760005009821,55.54759744881325,0.9186987021342842,24.39522382418724
cracker_box_reorient_occ60,1579908960669751301,1.936091532707795,1.0269944618602815,1.9182181196955825,1.1248378584460088,0.06892247013144914,0.040415947959959626,0.9274193548387096,0.66,-0.9090970708475135,-0.7933802612495737,MODE_3_RELOCALIZE,full,four_mode_relocalization_v2,,0,0,0,False,1,1,1.0269944618602815,0,0,restarted_se3,1,49.85053278505802,3.5828687250614166,0,256,cache_read_only_not_online_fps,32fdd06d26764df247b0164387e6061cbe61664ba5aa2aabd173919761ed38aa,cached_perception_v2,1,1,1,0.6388814881448757,,1,2472.1687342971563,0,21.185070276260376,2472.1687342971563,2546.787206083536,55.19001893508205,55.182587815076836,55.19001893508205,55.1900163375818,0.6388814881448757,24.954617363997027
cracker_box_reorient_occ60,1579908960728049015,0.7129273381228202,0.6465192039623923,1.3502457138601431,0.9374101318712899,0.048514957151177235,0.03368158248086513,0.7946843853820601,0.0891009055627426,-0.0664081341604279,-0.4128355819888533,MODE_2_PRIOR,full,four_mode_relocalization_v2,1.0,0,0,0,False,0,0,0.6465192039623923,0,0,restarted_se3,0,47.906224615871906,2.3890985175967216,0,257,cache_read_only_not_online_fps,32fdd06d26764df247b0164387e6061cbe61664ba5aa2aabd173919761ed38aa,cached_perception_v2,0,0,0,,,0,0.0,0,21.665725857019424,2.620968036353588,74.58201702684164,53.97438040026916,54.051878260687545,53.97438040026916,53.97437815224303,0.6465192039623923,24.663151992264336
cracker_box_reorient_occ60,1579908960784590836,1.1747175786924666,1.3332263949565744,1.688869375994185,1.1839119507530085,0.06068186298925744,0.04253850760047527,0.7946843853820601,0.7946843853820601,0.15850881626410773,-0.5049574252411766,MODE_3_RELOCALIZE,full,four_mode_relocalization_v2,,0,0,0,False,1,1,1.1747175786924666,0,0,restarted_se3,1,45.91717291623354,3.603307530283928,0,258,cache_read_only_not_online_fps,32fdd06d26764df247b0164387e6061cbe61664ba5aa2aabd173919761ed38aa,cached_perception_v2,1,1,1,0.7934851043185692,,1,2464.5108468830585,0,21.211225539445877,2464.5108468830585,2535.242552869022,52.8339966303183,53.09479969263884,52.8339966303183,52.83399410562467,0.7934851043185692,24.734933064353648
cracker_box_reorient_occ60,1579908960835701234,0.6779365030202467,1.1955683754311957,1.2931482671855692,1.0980959980194482,0.04646341930852832,0.0394551004642632,0.7946843853820601,0.3888888888888889,0.517631872410949,-0.19505226916612095,MODE_3_RELOCALIZE,full,four_mode_relocalization_v2,,0,0,0,False,1,0,0.6779365030202467,0,0,restarted_se3,1,47.36246354877949,2.822273410856724,0,259,cache_read_only_not_online_fps,32fdd06d26764df247b0164387e6061cbe61664ba5aa2aabd173919761ed38aa,cached_perception_v2,1,1,1,0.7454094615723547,,1,2465.9207044169307,0,20.483562722802162,2465.9207044169307,2536.589004099369,51.78484314357087,51.83612880096143,51.78484314357087,51.784840573335636,0.7454094615723547,24.26251219332456
cracker_box_reorient_occ60,1579908960902507280,0.9149343103825484,0.8421861721297182,1.5175735749885293,0.9139898470433702,0.05452712510661844,0.032840080742898806,0.7946843853820601,0.0891009055627426,-0.07274813825283011,-0.6035837279451591,MODE_2_PRIOR,full,four_mode_relocalization_v2,1.0,0,0,0,False,0,0,0.8421861721297182,0,0,restarted_se3,0,47.04218450933695,2.5998177006840706,0,260,cache_read_only_not_online_fps,32fdd06d26764df247b0164387e6061cbe61664ba5aa2aabd173919761ed38aa,cached_perception_v2,0,0,0,,,0,0.0,0,20.691998302936554,1.5100771561264992,71.84407766908407,51.32630648655763,51.300031708085335,51.32630648655763,51.32630407535238,0.8421861721297182,24.34104453140889
cracker_box_reorient_occ60,1579908960965741309,1.3160321344874255,1.1222200838379206,1.7867298210939808,0.9429000710907466,0.06419803434390578,0.033878838553045555,0.7946843853820601,0.0891009055627426,-0.1938120506495049,-0.8438297500032342,MODE_2_PRIOR,full,four_mode_relocalization_v2,1.0,0,0,0,False,0,1,1.1222200838379206,0,0,restarted_se3,0,47.55572322756052,3.334394656121731,0,261,cache_read_only_not_online_fps,32fdd06d26764df247b0164387e6061cbe61664ba5aa2aabd173919761ed38aa,cached_perception_v2,0,0,0,,,0,0.0,0,21.561535075306892,1.380368135869503,73.83202109485865,50.98506247084178,50.97565526597685,50.98506247084178,50.9850601182688,1.1222200838379206,24.369103342757278
cracker_box_reorient_occ60,1579908961020060794,1.6005183250065367,1.2073872878668988,1.8147652221289785,1.167800787764693,0.06520535935591457,0.041959626013212764,0.7946843853820601,0.7946843853820601,-0.39313103713963793,-0.6469644343642855,MODE_3_RELOCALIZE,full,four_mode_relocalization_v2,,0,0,0,False,1,1,1.2073872878668988,0,0,restarted_se3,1,49.448599107563496,3.807780332863331,0,262,cache_read_only_not_online_fps,32fdd06d26764df247b0164387e6061cbe61664ba5aa2aabd173919761ed38aa,cached_perception_v2,1,1,1,0.8292336196343699,,1,2467.498163692653,0,21.409614011645317,2467.498163692653,2542.1641571447253,50.25087160931848,50.250822460606905,50.25087160931848,50.2508690153426,0.8292336196343699,23.85385271723241
cracker_box_reorient_occ60,1579908961080286185,1.0164608781658246,0.8780528015387479,1.6309274221180632,1.1970065680569455,0.058599981609668256,0.04300900329684404,0.7946843853820601,0.7946843853820601,-0.13840807662707677,-0.4339208540611177,MODE_3_RELOCALIZE,full,four_mode_relocalization_v2,,0,0,0,False,1,0,0.8780528015387479,0,0,restarted_se3,1,51.06958281248808,2.6124445721507072,0,263,cache_read_only_not_online_fps,32fdd06d26764df247b0164387e6061cbe61664ba5aa2aabd173919761ed38aa,cached_perception_v2,1,1,1,0.7513669314301111,,1,2461.9615599513054,0,21.871495060622692,2461.9615599513054,2537.515082396567,49.972842970733886,50.003695661307326,49.972842970733886,49.97284012923045,0.7513669314301111,23.776088320534562
cracker_box_reorient_occ60,1579908961133994008,1.046307224297853,0.7587744639543468,1.6231505175503054,0.8797662561021661,0.05832055380774995,0.031610411186440646,0.7946843853820601,0.0891009055627426,-0.2875327603435063,-0.7433842614481393,MODE_2_PRIOR,full,four_mode_relocalization_v2,1.0,0,0,0,False,0,0,0.7587744639543468,0,0,restarted_se3,0,47.38674219697714,2.3692436516284943,0,264,cache_read_only_not_online_fps,32fdd06d26764df247b0164387e6061cbe61664ba5aa2aabd173919761ed38aa,cached_perception_v2,0,0,0,,,0,0.0,0,20.491505041718483,1.3097170740365982,71.55720796436071,49.8966553468944,49.93868336277874,49.8966553468944,49.896652586680396,0.7587744639543468,23.82761862054941
cracker_box_reorient_occ60,1579908961188900922,1.3614005795319617,0.772346422338224,1.8123387493119587,0.8224890489043741,0.06511817505787323,0.029552414464498966,0.7946843853820601,0.0891009055627426,-0.5890541571937377,-0.9898497004075846,MODE_2_PRIOR,full,four_mode_relocalization_v2,1.0,0,0,0,False,0,0,0.772346422338224,0,0,restarted_se3,0,44.74673792719841,3.523011691868305,0,265,cache_read_only_not_online_fps,32fdd06d26764df247b0164387e6061cbe61664ba5aa2aabd173919761ed38aa,cached_perception_v2,0,0,0,,,0,0.0,0,21.71687874943018,1.3797665014863014,71.3663948699832,50.00023189513229,49.94215069214425,50.00023189513229,50.00022902809164,0.772346422338224,23.84645596290447
cracker_box_reorient_occ60,1579908961243198854,1.8001321687430936,0.792409095994073,1.8526213248764043,0.8883034530468719,0.06656554675280799,0.03191715664744232,0.9274193548387096,0.0891009055627426,-1.0077230727490205,-0.9643178718295324,MODE_2_PRIOR,full,four_mode_relocalization_v2,1.0,0,0,0,False,0,0,0.792409095994073,0,0,restarted_se3,0,45.177130959928036,3.8961386308073997,0,266,cache_read_only_not_online_fps,32fdd06d26764df247b0164387e6061cbe61664ba5aa2aabd173919761ed38aa,cached_perception_v2,0,0,0,,,0,0.0,0,21.12472802400589,1.4257878065109253,71.62378542125225,49.97852796776027,49.962834051295566,49.97852796776027,49.97852501000449,0.792409095994073,23.8368101554075
cracker_box_reorient_occ60,1579908961306592587,2.099656662015547,0.815977280289023,1.8766448388221233,0.9824649873346436,0.06742872279383039,0.03530042441446263,0.9274193548387096,0.0891009055627426,-1.2836793817265237,-0.8941798514874797,MODE_2_PRIOR,full,four_mode_relocalization_v2,1.0,0,0,0,False,0,0,0.815977280289023,0,0,restarted_se3,0,44.832332991063595,3.7634558975696564,0,267,cache_read_only_not_online_fps,32fdd06d26764df247b0164387e6061cbe61664ba5aa2aabd173919761ed38aa,cached_perception_v2,0,0,0,,,0,0.0,0,22.847935557365417,1.0569728910923004,72.50069733709097,50.00562033595448,49.993472844557786,50.00562033595448,50.005617611016525,0.815977280289023,23.808186034205193
cracker_box_reorient_occ60,1579908961363642252,2.393354944104906,0.8434117080104475,1.8951517693801594,1.0308185305164095,0.0680936854253029,0.037037789733597386,0.9274193548387096,0.12499999999999999,-1.5499432360944583,-0.8643332388637499,MODE_2_PRIOR,full,four_mode_relocalization_v2,1.0,0,0,0,False,0,0,0.8434117080104475,0,0,restarted_se3,0,44.871119782328606,4.306361079216003,0,268,cache_read_only_not_online_fps,32fdd06d26764df247b0164387e6061cbe61664ba5aa2aabd173919761ed38aa,cached_perception_v2,0,0,0,,,0,0.0,0,22.649051621556282,1.3628974556922913,73.18942993879318,50.23410850489303,50.129695135515696,50.23410850489303,50.234106095529306,0.8434117080104475,23.774465419673138
cracker_box_reorient_occ60,1579908961419657940,2.563945892513095,0.8731511357381837,1.9078511778175566,1.0158886048945721,0.06854998108309415,0.03650135055487712,0.9274193548387096,0.0891009055627426,-1.690794756774911,-0.8919625729229845,MODE_2_PRIOR,full,four_mode_relocalization_v2,1.0,0,0,0,False,0,0,0.8731511357381837,0,0,restarted_se3,0,45.28598114848137,3.28809954226017,0,269,cache_read_only_not_online_fps,32fdd06d26764df247b0164387e6061cbe61664ba5aa2aabd173919761ed38aa,cached_perception_v2,0,0,0,,,0,0.0,0,23.99093471467495,1.3776710256934166,73.9426864311099,50.56338385063979,50.41844931225615,50.56338385063979,50.56338118174697,0.8731511357381837,23.744504855265617
cracker_box_reorient_occ60,1579908961475016673,2.7450161751393347,0.9051746871414619,1.923423086459903,1.0227937312315678,0.06910948701063804,0.036749454959078554,0.9274193548387096,0.12499999999999999,-1.8398414879978728,-0.9006293552283351,MODE_2_PRIOR,full,four_mode_relocalization_v2,1.0,0,0,0,False,0,0,0.9051746871414619,0,0,restarted_se3,0,49.04526751488447,3.923719748854637,0,270,cache_read_only_not_online_fps,32fdd06d26764df247b0164387e6061cbe61664ba5aa2aabd173919761ed38aa,cached_perception_v2,0,0,0,,,0,0.0,0,20.27298416942358,1.4291265979409218,74.67109803110361,50.51018477480651,50.621126452304054,50.51018477480651,50.51018238979713,0.9051746871414619,23.724177110270105
cracker_box_reorient_occ60,1579908961534785548,2.905515449744921,0.9396579420034545,1.931990503225197,1.0170225095873966,0.0694173182838633,0.03654209227841766,0.9274193548387096,0.09302325581395349,-1.9658575077414666,-0.9149679936378003,MODE_2_PRIOR,full,four_mode_relocalization_v2,1.0,0,0,0,False,0,0,0.9396579420034545,0,0,restarted_se3,0,46.80635314434767,4.778996109962463,0,271,cache_read_only_not_online_fps,32fdd06d26764df247b0164387e6061cbe61664ba5aa2aabd173919761ed38aa,cached_perception_v2,0,0,0,,,0,0.0,0,20.20191866904497,1.2395260855555534,73.02679400891066,50.55067763966079,50.697053499787756,50.55067763966079,50.5506753875843,0.9396579420034545,23.722106934502865
cracker_box_reorient_occ60,1579908961588282050,2.907793887928125,0.9748199718249088,1.9412094345703026,1.0802685015118185,0.06974855877927566,0.03881455021455509,0.9274193548387096,0.3888888888888889,-1.9329739161032164,-0.8609409330584841,MODE_3_RELOCALIZE,full,four_mode_relocalization_v2,,0,0,0,False,1,0,0.9748199718249088,0,0,restarted_se3,1,45.980751514434814,4.174227826297283,0,272,cache_read_only_not_online_fps,32fdd06d26764df247b0164387e6061cbe61664ba5aa2aabd173919761ed38aa,cached_perception_v2,1,1,1,0.7061127710531238,,1,2469.373102299869,0,19.923187792301178,2469.373102299869,2539.4512694329023,50.3422009020589,50.554968590014184,50.3422009020589,50.342198711203565,0.7061127710531238,23.74053075438104
cracker_box_reorient_occ60,1579908961649409047,1.0586656431562615,0.9836537431143788,1.6479780977072507,1.3765118970781445,0.05921262032210171,0.049458713343302645,0.7946843853820601,0.7946843853820601,-0.07501190004188274,-0.2714662006291062,MODE_3_RELOCALIZE,full,four_mode_relocalization_v2,,0,0,0,False,1,0,0.9836537431143788,0,0,restarted_se3,1,47.11207374930382,1.9743433222174644,0,273,cache_read_only_not_online_fps,32fdd06d26764df247b0164387e6061cbe61664ba5aa2aabd173919761ed38aa,cached_perception_v2,1,1,1,2.027423077411665,,1,2468.080102466047,0,20.885990001261234,2468.080102466047,2538.0525095388293,50.20406376871579,50.305206253508906,50.20406376871579,50.20406165357063,2.027423077411665,23.78054218193438
cracker_box_reorient_occ60,1579908961714047802,1.6551374116320499,2.504557476391113,1.6532662201461399,1.7622676775634512,0.05940262502339377,0.06331909813768241,0.7946843853820601,0.7946843853820601,0.8494200647590631,0.10900145741731126,MODE_3_RELOCALIZE,full,four_mode_relocalization_v2,,0,0,0,False,1,1,1.6551374116320499,0,0,restarted_se3,1,45.79950403422117,1.8184240907430649,0,274,cache_read_only_not_online_fps,32fdd06d26764df247b0164387e6061cbe61664ba5aa2aabd173919761ed38aa,cached_perception_v2,1,1,1,0.7256495515905355,,1,2470.2593963593245,0,22.697470150887966,2470.2593963593245,2540.5747946351767,50.24889138320334,50.15635846558101,50.24889138320334,50.24888952118679,0.7256495515905355,23.842511250282843
cracker_box_reorient_occ60,1579908961777089298,1.0233069603852083,1.3509934186332009,1.5997160956787775,1.7760489789280043,0.0574785441192248,0.06381426671205791,0.7946843853820601,0.7946843853820601,0.3276864582479926,0.1763328832492268,MODE_3_RELOCALIZE,full,four_mode_relocalization_v2,,0,0,0,False,1,1,1.0233069603852083,0,0,restarted_se3,1,51.27389542758465,2.520366571843624,0,275,cache_read_only_not_online_fps,32fdd06d26764df247b0164387e6061cbe61664ba5aa2aabd173919761ed38aa,cached_perception_v2,1,1,1,0.6966359962216407,,1,2487.0116282254457,0,22.534813731908798,2487.0116282254457,2563.340703956783,50.45016006096263,50.23605983089586,50.45016006096263,50.450158437074876,0.6966359962216407,23.923819111609294
cracker_box_reorient_occ60,1579908961837904119,1.0101599938844197,0.7379146505281635,1.4888347296099365,0.9800714128842313,0.05349452501183217,0.03521442217005044,0.7946843853820601,0.0891009055627426,-0.27224534335625616,-0.5087633167257052,MODE_2_PRIOR,full,four_mode_relocalization_v2,1.0,0,0,0,False,0,0,0.7379146505281635,0,0,restarted_se3,0,50.84523651748896,4.866218194365501,0,276,cache_read_only_not_online_fps,32fdd06d26764df247b0164387e6061cbe61664ba5aa2aabd173919761ed38aa,cached_perception_v2,0,0,0,,,0,0.0,0,22.69340306520462,1.6083046793937683,80.01316245645285,50.4817600772539,50.40336036799704,50.4817600772539,50.48175831713155,0.7379146505281635,24.017432938843854
cracker_box_reorient_occ60,1579908961895774410,1.4239099771343857,0.8643003882448076,1.801515019588231,1.2213716635819347,0.06472927340954927,0.043884452523044376,0.7946843853820601,0.7946843853820601,-0.5596095888895781,-0.5801433560062963,MODE_3_RELOCALIZE,full,four_mode_relocalization_v2,,0,0,0,False,1,0,0.8643003882448076,0,0,restarted_se3,1,51.25902593135834,3.6087585613131523,0,277,cache_read_only_not_online_fps,32fdd06d26764df247b0164387e6061cbe61664ba5aa2aabd173919761ed38aa,cached_perception_v2,1,1,1,0.6743898599029354,,1,2489.139350131154,0,22.534980438649654,2489.139350131154,2566.542115062475,50.55505757500828,50.56968041095977,50.55505757500828,50.55505576472793,0.6743898599029354,24.11548063139773
cracker_box_reorient_occ60,1579908961955963219,0.9323437803747633,0.917420855215668,1.6183118147292126,1.29243165759872,0.05814669696256768,0.046437671192431196,0.7946843853820601,0.7946843853820601,-0.014922925159095324,-0.32588015713049256,MODE_3_RELOCALIZE,full,four_mode_relocalization_v2,,0,0,0,False,1,0,0.917420855215668,0,0,restarted_se3,1,51.77142936736345,2.2764988243579865,0,278,cache_read_only_not_online_fps,32fdd06d26764df247b0164387e6061cbe61664ba5aa2aabd173919761ed38aa,cached_perception_v2,1,1,1,0.681649189451153,,1,2478.9493065327406,0,22.99036830663681,2478.9493065327406,2555.987603031099,50.65231014590489,50.70192922631781,50.65231014590489,50.65230821303987,0.681649189451153,24.213908044792333
cracker_box_reorient_occ60,1579908962022538009,1.0447740976801474,0.6961388614133633,1.6521931559537923,1.0408577479214867,0.05936406932736169,0.03739850348905621,0.7946843853820601,0.1346153846153846,-0.34863523626678405,-0.6113354080323057,MODE_2_PRIOR,full,four_mode_relocalization_v2,1.0,0,0,0,False,0,0,0.6961388614133633,0,0,restarted_se3,0,51.20142549276352,2.929392270743847,0,279,cache_read_only_not_online_fps,32fdd06d26764df247b0164387e6061cbe61664ba5aa2aabd173919761ed38aa,cached_perception_v2,0,0,0,,,0,0.0,0,22.607648745179176,1.6274834051728249,78.36594991385937,50.57149826902305,50.70748467923226,50.57149826902305,50.57149623635805,0.6961388614133633,24.31346798310653
cracker_box_reorient_occ60,1579908962086764595,1.414466473356919,0.719292865729398,1.8071876308434571,1.1359034584666474,0.06493309297302399,0.04081354012066242,0.7946843853820601,0.66,-0.695173607627521,-0.6712841723768097,MODE_3_RELOCALIZE,full,four_mode_relocalization_v2,,0,0,0,False,1,0,0.719292865729398,0,0,restarted_se3,1,51.60858295857906,4.412961192429066,0,280,cache_read_only_not_online_fps,32fdd06d26764df247b0164387e6061cbe61664ba5aa2aabd173919761ed38aa,cached_perception_v2,1,1,1,0.6867637289724499,,1,2475.0508246943355,0,20.177315920591354,2475.0508246943355,2551.249684765935,50.57315345698689,50.643817159855345,50.57315345698689,50.57315127651136,0.6867637289724499,24.41092973015616
cracker_box_reorient_occ60,1579908962142941152,0.987117266139494,0.6879052010157162,1.6173031310769783,0.8532829276193713,0.0581104544893164,0.030658852863851945,0.7946843853820601,0.0891009055627426,-0.29921206512377785,-0.764020203457607,MODE_2_PRIOR,full,four_mode_relocalization_v2,1.0,0,0,0,False,0,0,0.6879052010157162,0,0,restarted_se3,0,46.658093109726906,2.1531907841563225,0,281,cache_read_only_not_online_fps,32fdd06d26764df247b0164387e6061cbe61664ba5aa2aabd173919761ed38aa,cached_perception_v2,0,0,0,,,0,0.0,0,21.189136430621147,1.0582208633422852,71.05864118784666,50.3305794320723,50.45259494085258,50.3305794320723,50.33057727187341,0.6879052010157162,24.50717810931595
cracker_box_reorient_occ60,1579908962203442525,1.353268922462626,0.6961558289391162,1.8117431615884678,0.8436412536808878,0.06509677531367236,0.03031242303023753,0.7946843853820601,0.0891009055627426,-0.6571130935235098,-0.96810190790758,MODE_2_PRIOR,full,four_mode_relocalization_v2,1.0,0,0,0,False,0,0,0.6961558289391162,0,0,restarted_se3,0,47.64927178621292,4.498780705034733,0,282,cache_read_only_not_online_fps,32fdd06d26764df247b0164387e6061cbe61664ba5aa2aabd173919761ed38aa,cached_perception_v2,0,0,0,,,0,0.0,0,20.92620451003313,1.454339362680912,74.5285963639617,50.675134858233875,50.47104914060206,50.675134858233875,50.67513311423211,0.6961558289391162,24.605519619860416
cracker_box_reorient_occ60,1579908962272651551,1.7504579271857266,0.7089454491615468,1.854034920690372,0.9204811435104425,0.06661633790855079,0.03307331604720152,0.9274193548387096,0.0891009055627426,-1.0415124780241798,-0.9335537771799294,MODE_2_PRIOR,full,four_mode_relocalization_v2,1.0,0,0,0,False,0,0,0.7089454491615468,0,0,restarted_se3,0,47.83720150589943,3.2234201207756996,0,283,cache_read_only_not_online_fps,32fdd06d26764df247b0164387e6061cbe61664ba5aa2aabd173919761ed38aa,cached_perception_v2,0,0,0,,,0,0.0,0,20.608791150152683,1.3836761936545372,73.05308897048235,50.5719599903216,50.52888107067432,50.5719599903216,50.5719583665338,0.7089454491615468,24.70558289277294
cracker_box_reorient_occ60,1579908962333477288,2.111086290987364,0.7280434605855592,1.8969747918366784,0.998899570069173,0.06815918747093488,0.03589092662378551,0.9274193548387096,0.0891009055627426,-1.3830428304018045,-0.8980752217675054,MODE_2_PRIOR,full,four_mode_relocalization_v2,1.0,0,0,0,False,0,0,0.7280434605855592,0,0,restarted_se3,0,47.33740538358688,4.1689183562994,0,284,cache_read_only_not_online_fps,32fdd06d26764df247b0164387e6061cbe61664ba5aa2aabd173919761ed38aa,cached_perception_v2,0,0,0,,,0,0.0,0,21.243789233267307,1.4047976583242416,74.15491063147783,50.647060713055204,50.60536373420427,50.647060713055204,50.64705956970985,0.7280434605855592,24.804963014463127
cracker_box_reorient_occ60,1579908962399302411,2.322962058873703,0.7504297816429942,1.9011165511627885,1.0294413833161171,0.068308002811857,0.036988308193513814,0.9274193548387096,0.12499999999999999,-1.5725322772307089,-0.8716751678466714,MODE_2_PRIOR,full,four_mode_relocalization_v2,1.0,0,0,0,False,0,0,0.7504297816429942,0,0,restarted_se3,0,49.058896489441395,3.500009886920452,0,285,cache_read_only_not_online_fps,32fdd06d26764df247b0164387e6061cbe61664ba5aa2aabd173919761ed38aa,cached_perception_v2,0,0,0,,,0,0.0,0,20.124533213675022,1.403038389980793,74.08647798001766,50.48716528804582,50.568327226559816,50.48716528804582,50.48716417030856,0.7504297816429942,24.90126428082304
cracker_box_reorient_occ60,1579908962477701052,2.608607923539996,0.7759199262655727,1.922972426612307,1.0565665181028592,0.06909329459249411,0.03796292691541779,0.9274193548387096,0.24242424242424243,-1.8326879972744234,-0.8664059085094478,MODE_2_PRIOR,full,four_mode_relocalization_v2,1.0,0,0,0,False,0,0,0.7759199262655727,0,0,restarted_se3,0,38.46740070730448,4.397036507725716,0,286,cache_read_only_not_online_fps,32fdd06d26764df247b0164387e6061cbe61664ba5aa2aabd173919761ed38aa,cached_perception_v2,0,0,0,,,0,0.0,0,22.33041264116764,1.4286795631051064,66.62352941930294,50.26004176769884,50.401056047215654,50.26004176769884,50.26004030994757,0.7759199262655727,24.989720420739463
cracker_box_reorient_occ60,1579908962541054362,2.8309654265086794,0.8037246730580814,1.9368307546888501,1.1013826892180136,0.06959123077249378,0.03957319280925699,0.9274193548387096,0.3888888888888889,-2.027240753450598,-0.8354480654708365,MODE_3_RELOCALIZE,full,four_mode_relocalization_v2,,0,0,0,False,1,0,0.8037246730580814,0,0,restarted_se3,1,46.66580818593502,4.314985126256943,0,287,cache_read_only_not_online_fps,32fdd06d26764df247b0164387e6061cbe61664ba5aa2aabd173919761ed38aa,cached_perception_v2,1,1,1,0.7878939055868552,,1,2466.909564100206,0,20.265553146600723,2466.909564100206,2538.1559105589986,49.737527885793234,49.997579812930596,49.737527885793234,49.73752572873139,0.7878939055868552,25.068375365231006
cracker_box_reorient_occ60,1579908962594646378,1.1284242088997771,1.1255952100212743,1.6625233334349094,1.2505648789373298,0.05973523741381886,0.04493337834264434,0.7946843853820601,0.7946843853820601,-0.002828998878502853,-0.4119584544975796,MODE_3_RELOCALIZE,full,four_mode_relocalization_v2,,0,0,0,False,1,1,1.1255952100212743,0,0,restarted_se3,1,45.8900760859251,2.0022504031658173,0,288,cache_read_only_not_online_fps,32fdd06d26764df247b0164387e6061cbe61664ba5aa2aabd173919761ed38aa,cached_perception_v2,1,1,1,0.6250229926253711,,1,2467.9261445999146,0,22.983569651842117,2467.9261445999146,2538.8020407408476,49.68136251525886,49.621030566496735,49.68136251525886,49.68136070650722,0.6250229926253711,25.140672435259077
cracker_box_reorient_occ60,1579908962654674803,1.0167070011760875,0.9781999438749048,1.6114377983434767,1.0472822863912752,0.05789971035339929,0.03762934014743509,0.7946843853820601,0.22727272727272727,-0.038507057301182646,-0.5641555119522015,MODE_2_PRIOR,full,four_mode_relocalization_v2,1.0,0,0,0,False,0,0,0.9781999438749048,0,0,restarted_se3,0,46.69363331049681,2.3495834320783615,0,289,cache_read_only_not_online_fps,32fdd06d26764df247b0164387e6061cbe61664ba5aa2aabd173919761ed38aa,cached_perception_v2,0,0,0,,,0,0.0,0,20.468059927225113,1.717451959848404,71.22872862964869,49.63190673563733,49.43182839005914,49.63190673563733,49.63190463113432,0.9781999438749048,25.21738489909893
cracker_box_reorient_occ60,1579908962706189651,1.4239133745053105,1.450076254276011,1.822569163979325,1.0789724579707007,0.0654857586199844,0.038767982766706184,0.7946843853820601,0.3888888888888889,0.02616287977070053,-0.7435967060086242,MODE_3_RELOCALIZE,full,four_mode_relocalization_v2,,0,0,0,False,1,1,1.4239133745053105,0,0,restarted_se3,1,47.049690037965775,3.2619889825582504,0,290,cache_read_only_not_online_fps,32fdd06d26764df247b0164387e6061cbe61664ba5aa2aabd173919761ed38aa,cached_perception_v2,1,1,1,0.8628579235829585,,1,2464.468752965331,0,22.560765966773033,2464.468752965331,2537.341197952628,49.23363477870905,49.23446865876036,49.23363477870905,49.233632754176526,0.8628579235829585,25.322850286159493
cracker_box_reorient_occ60,1579908962771493815,1.1321490639179275,1.4585334847463984,1.655631978477384,1.2714194195836048,0.05948762782169351,0.0456826916975959,0.7946843853820601,0.7946843853820601,0.32638442082847097,-0.38421255889377925,MODE_3_RELOCALIZE,full,four_mode_relocalization_v2,,0,0,0,False,1,1,1.1321490639179275,0,0,restarted_se3,1,46.76719196140766,3.123232163488865,0,291,cache_read_only_not_online_fps,32fdd06d26764df247b0164387e6061cbe61664ba5aa2aabd173919761ed38aa,cached_perception_v2,1,1,1,0.7121717768224785,,1,2477.741986513138,0,22.318926639854908,2477.741986513138,2549.9513372778893,49.22486854765874,49.12510342840951,49.22486854765874,49.22486683584858,0.7121717768224785,25.4573549541005
cracker_box_reorient_occ60,1579908962831682420,1.0180785814697124,0.6660069160866405,1.636796973634613,1.1362552076235277,0.058810877328424487,0.040826178631637754,0.7946843853820601,0.66,-0.3520716653830719,-0.5005417660110854,MODE_3_RELOCALIZE,full,four_mode_relocalization_v2,,0,0,0,False,1,0,0.6660069160866405,0,0,restarted_se3,1,47.101834788918495,2.124185673892498,0,292,cache_read_only_not_online_fps,32fdd06d26764df247b0164387e6061cbe61664ba5aa2aabd173919761ed38aa,cached_perception_v2,1,1,1,0.743803922648008,,1,2469.2209558561444,0,22.36259076744318,2469.2209558561444,2540.8095670863986,49.0424604053869,49.03639357828122,49.0424604053869,49.04245874118638,0.743803922648008,25.61999350422615
cracker_box_reorient_occ60,1579908962882660048,1.0255760984628686,0.7994875755130925,1.5112093996628224,0.8866815550450082,0.0542984573241105,0.03185888109710634,0.7946843853820601,0.0891009055627426,-0.2260885229497761,-0.6245278446178142,MODE_2_PRIOR,full,four_mode_relocalization_v2,1.0,0,0,0,False,0,0,0.7994875755130925,0,0,restarted_se3,0,46.79617378860712,1.985369250178337,0,293,cache_read_only_not_online_fps,32fdd06d26764df247b0164387e6061cbe61664ba5aa2aabd173919761ed38aa,cached_perception_v2,0,0,0,,,0,0.0,0,22.283039055764675,1.4517223462462425,72.51630444079638,49.14973347552974,49.06278099233603,49.14973347552974,49.149732141878395,0.7994875755130925,25.809893995961897
cracker_box_reorient_occ60,1579908962939628704,1.3078130693244328,0.8640509960188043,1.797405032221369,0.945309073389499,0.06458159964991544,0.033965395127231554,0.7946843853820601,0.0891009055627426,-0.44376207330562845,-0.8520959588318701,MODE_2_PRIOR,full,four_mode_relocalization_v2,1.0,0,0,0,False,0,0,0.8640509960188043,0,0,restarted_se3,0,47.143503092229366,3.565537743270397,0,294,cache_read_only_not_online_fps,32fdd06d26764df247b0164387e6061cbe61664ba5aa2aabd173919761ed38aa,cached_perception_v2,0,0,0,,,0,0.0,0,21.910641342401505,1.299089752137661,73.91877193003893,48.89584040830346,49.003400061782045,48.89584040830346,48.895838942325845,0.8640509960188043,26.02562328184133
cracker_box_reorient_occ60,1579908963000667004,1.7241099325861768,0.9386378393993396,1.8377101474818194,1.2308054263128378,0.06602978120662176,0.044223412010170396,0.9274193548387096,0.7946843853820601,-0.7854720931868372,-0.6069047211689815,MODE_3_RELOCALIZE,full,four_mode_relocalization_v2,,0,0,0,False,1,0,0.9386378393993396,0,0,restarted_se3,1,46.17715533822775,3.895084373652935,0,295,cache_read_only_not_online_fps,32fdd06d26764df247b0164387e6061cbe61664ba5aa2aabd173919761ed38aa,cached_perception_v2,1,1,1,0.7388770712888614,,1,2475.0420534983277,0,22.712696343660355,2475.0420534983277,2547.8269895538688,48.93904551780835,48.95017561025171,48.93904551780835,48.939044332934465,0.7388770712888614,26.262756399232458
cracker_box_reorient_occ60,1579908963054674192,0.9805925449457971,0.9300286566275243,1.5751709971304748,1.280310275608971,0.05659662730059036,0.04600214429402355,0.7946843853820601,0.7946843853820601,-0.05056388831827274,-0.2948607215215038,MODE_3_RELOCALIZE,full,four_mode_relocalization_v2,,0,0,0,False,1,0,0.9300286566275243,0,0,restarted_se3,1,47.08976298570633,2.28677224367857,0,296,cache_read_only_not_online_fps,32fdd06d26764df247b0164387e6061cbe61664ba5aa2aabd173919761ed38aa,cached_perception_v2,1,1,1,0.7836859831684039,,1,2467.218017205596,0,22.45820965617895,2467.218017205596,2539.05276209116,48.82137226965077,48.864663243280766,48.82137226965077,48.82137115398733,0.7836859831684039,26.51624053205755
cracker_box_reorient_occ60,1579908963111961706,1.162874783531949,0.8818421957964562,1.6450984451821211,0.9382019499489724,0.059109153066154975,0.03371003287305373,0.7946843853820601,0.0891009055627426,-0.2810325877354929,-0.7068964952331487,MODE_2_PRIOR,full,four_mode_relocalization_v2,1.0,0,0,0,False,0,0,0.8818421957964562,0,0,restarted_se3,0,52.07874812185764,1.9383439794182777,0,297,cache_read_only_not_online_fps,32fdd06d26764df247b0164387e6061cbe61664ba5aa2aabd173919761ed38aa,cached_perception_v2,0,0,0,,,0,0.0,0,18.183676525950432,1.176588237285614,73.37735686451197,48.83713072251134,48.81097227203611,48.83713072251134,48.837129832447864,0.8818421957964562,26.779868280285683
cracker_box_reorient_occ60,1579908963180191290,1.4030787314401927,1.0181336223487758,1.8215633368686532,1.1573820406386242,0.06544961878360142,0.041585275578175915,0.7946843853820601,0.7946843853820601,-0.3849451090914169,-0.6641812962300291,MODE_3_RELOCALIZE,full,four_mode_relocalization_v2,,0,0,0,False,1,1,1.0181336223487758,0,0,restarted_se3,1,47.885093837976456,4.39040083438158,0,298,cache_read_only_not_online_fps,32fdd06d26764df247b0164387e6061cbe61664ba5aa2aabd173919761ed38aa,cached_perception_v2,1,1,1,0.6752705214485285,,1,2471.606913022697,0,22.705539129674435,2471.606913022697,2546.5879468247294,48.86395421832973,48.8111361095594,48.86395421832973,48.863953529489336,0.6752705214485285,27.046575363400983
cracker_box_reorient_occ60,1579908963232950998,0.9608330437513077,0.8287787861091568,1.6029502928163728,1.2481547022514445,0.05759475032816756,0.04484677957218188,0.7946843853820601,0.7946843853820601,-0.13205425764215095,-0.35479559056492826,MODE_3_RELOCALIZE,full,four_mode_relocalization_v2,,0,0,0,False,1,0,0.8287787861091568,0,0,restarted_se3,1,47.26626444607973,2.0878082141280174,0,299,cache_read_only_not_online_fps,32fdd06d26764df247b0164387e6061cbe61664ba5aa2aabd173919761ed38aa,cached_perception_v2,1,1,1,0.7132139035378751,,1,2466.496570967138,0,23.764454759657383,2466.496570967138,2539.615098387003,48.74371271254985,48.777621568425985,48.74371271254985,48.743712017752685,0.7132139035378751,27.30623012268803
cracker_box_reorient_occ60,1579908963286625537,1.047515198050112,0.7670820725970308,1.6489869564704551,0.9386088296709143,0.059248869087171675,0.0337246522508996,0.7946843853820601,0.0891009055627426,-0.2804331254530813,-0.7103781267995408,MODE_2_PRIOR,full,four_mode_relocalization_v2,1.0,0,0,0,False,0,0,0.7670820725970308,0,0,restarted_se3,0,49.09409210085869,3.388172946870327,0,300,cache_read_only_not_online_fps,32fdd06d26764df247b0164387e6061cbe61664ba5aa2aabd173919761ed38aa,cached_perception_v2,0,0,0,,,0,0.0,0,23.528605699539185,0.8447123691439629,76.85558311641216,48.729457096417605,48.73687472276403,48.729457096417605,48.72945617645959,0.7670820725970308,27.547692004103425
cracker_box_reorient_occ60,1579908963344336971,1.3983800864465885,0.8304472354909236,1.812411675037912,0.9695963070656011,0.06512079531315976,0.03483804674095019,0.7946843853820601,0.0891009055627426,-0.5679328509556649,-0.8428153679723109,MODE_2_PRIOR,full,four_mode_relocalization_v2,1.0,0,0,0,False,0,0,0.8304472354909236,0,0,restarted_se3,0,46.828835271298885,2.780734561383724,0,301,cache_read_only_not_online_fps,32fdd06d26764df247b0164387e6061cbe61664ba5aa2aabd173919761ed38aa,cached_perception_v2,0,0,0,,,0,0.0,0,14.830521307885647,0.871581956744194,65.31167309731245,48.6572669934335,48.682877596653846,48.6572669934335,48.65726642198129,0.8304472354909236,27.759627753387285
cracker_box_reorient_occ60,1579908963403520844,1.7897944776469703,0.8987604399022525,1.8492181859523613,1.0370948366626107,0.06644327038682164,0.03726330033557525,0.9274193548387096,0.12499999999999999,-0.8910340377447178,-0.8121233492897506,MODE_2_PRIOR,full,four_mode_relocalization_v2,1.0,0,0,0,False,0,0,0.8987604399022525,0,0,restarted_se3,0,47.39214759320021,2.00621597468853,0,302,cache_read_only_not_online_fps,32fdd06d26764df247b0164387e6061cbe61664ba5aa2aabd173919761ed38aa,cached_perception_v2,0,0,0,,,0,0.0,0,22.50868920236826,2.147398889064789,74.05445165932178,48.95984724530087,48.80005887123731,48.95984724530087,48.95984656711072,0.8987604399022525,27.930267463718415
cracker_box_reorient_occ60,1579908963467367467,2.113974456178351,0.967194546708961,1.881396711943565,1.0607810365971666,0.06759945980747771,0.038114356527128704,0.9274193548387096,0.24242424242424243,-1.14677990946939,-0.8206156753463985,MODE_2_PRIOR,full,four_mode_relocalization_v2,1.0,0,0,0,False,0,0,0.967194546708961,0,0,restarted_se3,0,48.83898422122002,3.059634007513523,0,303,cache_read_only_not_online_fps,32fdd06d26764df247b0164387e6061cbe61664ba5aa2aabd173919761ed38aa,cached_perception_v2,0,0,0,,,0,0.0,0,22.14425802230835,1.780136488378048,75.82301273941994,48.950464664165786,48.934078721818665,48.950464664165786,48.95046380018113,0.967194546708961,28.05166576614925
cracker_box_reorient_occ60,1579908963522452867,2.514762052328818,1.0403484763183,1.9113009095097357,1.1242050894277198,0.06867393154893245,0.04039321227452566,0.9274193548387096,0.66,-1.474413576010518,-0.787095820082016,MODE_3_RELOCALIZE,full,four_mode_relocalization_v2,,0,0,0,False,1,1,1.0403484763183,0,0,restarted_se3,1,48.788600601255894,4.011913202702999,0,304,cache_read_only_not_online_fps,32fdd06d26764df247b0164387e6061cbe61664ba5aa2aabd173919761ed38aa,cached_perception_v2,1,1,1,0.7153815273208632,,1,2486.082728020847,0,21.657053381204605,2486.082728020847,2560.5402952060103,48.950846294153145,49.01053226951318,48.950846294153145,48.950845656163864,0.7153815273208632,28.113195870004837
cracker_box_reorient_occ60,1579908963583292307,0.9174842392193624,0.6674423788943656,1.4439725960788907,1.1814128699477566,0.051882607666990654,0.042448714463611675,0.7946843853820601,0.7946843853820601,-0.25004186032499676,-0.2625597261311341,MODE_3_RELOCALIZE,full,four_mode_relocalization_v2,,0,0,0,False,1,0,0.6674423788943656,0,0,restarted_se3,1,52.78209038078785,1.93091481924057,0,305,cache_read_only_not_online_fps,32fdd06d26764df247b0164387e6061cbe61664ba5aa2aabd173919761ed38aa,cached_perception_v2,1,1,1,0.6257920927198956,,1,2482.040108181536,0,24.82589613646269,2482.040108181536,2561.5790095180273,49.23685315941304,49.163484859214826,49.23685315941304,49.236852354935024,0.6257920927198956,28.110840913253014
cracker_box_reorient_occ60,1579908963641248428,0.9474666443931783,0.7518390581280419,1.5807538898102094,0.9095970942400025,0.056797223233876176,0.03268224708948039,0.7946843853820601,0.0891009055627426,-0.19562758626513643,-0.6711567955702069,MODE_2_PRIOR,full,four_mode_relocalization_v2,1.0,0,0,0,False,0,0,0.7518390581280419,0,0,restarted_se3,0,50.89928302913904,2.2565647959709167,0,306,cache_read_only_not_online_fps,32fdd06d26764df247b0164387e6061cbe61664ba5aa2aabd173919761ed38aa,cached_perception_v2,0,0,0,,,0,0.0,0,23.66853877902031,2.4770330637693405,79.30141966789961,49.475855471353064,49.39416008705285,49.475855471353064,49.475854972182,0.7518390581280419,28.04477669088266
cracker_box_reorient_occ60,1579908963705800615,1.2764588236134344,1.0085409267035772,1.787379994176922,1.053900374885261,0.06422139536548574,0.03786713114829708,0.7946843853820601,0.24242424242424243,-0.26791789690985723,-0.7334796192916611,MODE_2_PRIOR,full,four_mode_relocalization_v2,1.0,0,0,0,False,0,1,1.0085409267035772,0,0,restarted_se3,0,51.90737545490265,4.818242974579334,0,307,cache_read_only_not_online_fps,32fdd06d26764df247b0164387e6061cbe61664ba5aa2aabd173919761ed38aa,cached_perception_v2,0,0,0,,,0,0.0,0,23.4621437266469,2.5250595062971115,82.712821662426,49.32895605515838,49.47479847678543,49.32895605515838,49.32895584598075,1.0085409267035772,27.921919382797373
cracker_box_reorient_occ60,1579908963762469359,1.6592046746127291,1.2933774857377618,1.8308305366303521,1.117017936253004,0.06578259358569495,0.04013497451473788,0.9274193548387096,0.6060606060606061,-0.36582718887496735,-0.7138126003773482,MODE_3_RELOCALIZE,full,four_mode_relocalization_v2,,0,0,0,False,1,1,1.2933774857377618,0,0,restarted_se3,1,50.170449540019035,4.669332876801491,0,308,cache_read_only_not_online_fps,32fdd06d26764df247b0164387e6061cbe61664ba5aa2aabd173919761ed38aa,cached_perception_v2,1,1,1,0.7118041312663758,,1,2487.9399314522743,0,22.85497821867466,2487.9399314522743,2565.6346920877695,49.493533389270375,49.52461329014311,49.493533389270375,49.49353305279539,0.7118041312663758,27.755213790184964
cracker_box_reorient_occ60,1579908963824900142,1.0121173421605183,1.5517185765347334,1.558086339136525,1.028627349174469,0.05598276758453216,0.0369590595678035,0.7946843853820601,0.12499999999999999,0.5396012343742151,-0.5294589899620559,MODE_2_PRIOR,full,four_mode_relocalization_v2,1.0,0,0,0,False,0,1,1.0121173421605183,0,0,restarted_se3,0,52.96835768967867,2.4513686075806618,0,309,cache_read_only_not_online_fps,32fdd06d26764df247b0164387e6061cbe61664ba5aa2aabd173919761ed38aa,cached_perception_v2,0,0,0,,,0,0.0,0,23.675267584621906,2.031019888818264,81.1260137706995,49.6850773539468,49.63290481792936,49.6850773539468,49.68507687070068,1.5517185765347334,27.55651095473252
cracker_box_reorient_occ60,1579908963880120060,1.3505021407035196,2.4083043052997777,1.8066637173295919,1.2142365717274857,0.0649142685165453,0.04362808535073268,0.7946843853820601,0.7946843853820601,1.057802164596258,-0.5924271456021062,MODE_3_RELOCALIZE,full,four_mode_relocalization_v2,,0,0,0,False,1,1,1.3505021407035196,0,0,restarted_se3,1,49.814135767519474,4.928155802190304,0,310,cache_read_only_not_online_fps,32fdd06d26764df247b0164387e6061cbe61664ba5aa2aabd173919761ed38aa,cached_perception_v2,1,1,1,0.6673738418163975,,1,2483.9498698711395,0,27.083308435976505,2483.9498698711395,2565.775469876826,49.52293332211875,49.634078682689996,49.52293332211875,49.52293300626984,0.6673738418163975,27.337703946002556
cracker_box_reorient_occ60,1579908963939619743,1.0448514678597263,1.3573059762469373,1.658466013578097,1.1526061784046608,0.05958945602234224,0.04141367662454676,0.7946843853820601,0.7946843853820601,0.312454508387211,-0.5058598351734362,MODE_3_RELOCALIZE,full,four_mode_relocalization_v2,,0,0,0,False,1,1,1.0448514678597263,0,0,restarted_se3,1,51.4302896335721,2.2359127178788185,0,311,cache_read_only_not_online_fps,32fdd06d26764df247b0164387e6061cbe61664ba5aa2aabd173919761ed38aa,cached_perception_v2,1,1,1,0.7885196659738617,,1,2486.424768343568,0,22.54956029355526,2486.424768343568,2562.640530988574,49.758373308869906,49.698835984674325,49.758373308869906,49.75837289969674,0.7885196659738617,27.10501218930389
cracker_box_reorient_occ60,1579908963994411947,1.139613846232721,0.9123430588453468,1.6686428684526287,0.9731070329744511,0.059955115156160296,0.03496418875739137,0.7946843853820601,0.0891009055627426,-0.22727078738737416,-0.6955358354781775,MODE_2_PRIOR,full,four_mode_relocalization_v2,1.0,0,0,0,False,0,0,0.9123430588453468,0,0,restarted_se3,0,40.90284742414951,2.175755798816681,0,312,cache_read_only_not_online_fps,32fdd06d26764df247b0164387e6061cbe61664ba5aa2aabd173919761ed38aa,cached_perception_v2,0,0,0,,,0,0.0,0,10.384880937635899,1.2520719319581985,54.71555609256029,50.16576978553454,49.965905785703995,50.16576978553454,50.1657694807999,0.9123430588453468,26.875437461231204
cracker_box_reorient_occ60,1579908964056243125,1.4575854891870152,1.036520809424144,1.8077267778519688,0.971968740457856,0.06495246477605779,0.03492328937729985,0.7946843853820601,0.0891009055627426,-0.4210646797628712,-0.8357580373941128,MODE_2_PRIOR,full,four_mode_relocalization_v2,1.0,0,0,0,False,0,1,1.036520809424144,0,0,restarted_se3,0,47.85638488829136,4.624503664672375,0,313,cache_read_only_not_online_fps,32fdd06d26764df247b0164387e6061cbe61664ba5aa2aabd173919761ed38aa,cached_perception_v2,0,0,0,,,0,0.0,0,21.9101719558239,1.086689531803131,75.47775004059076,50.039739425328776,50.139131224053976,50.039739425328776,50.039738887014494,1.036520809424144,26.661073338542046
cracker_box_reorient_occ60,1579908964133275958,1.8123518429950858,1.161102075496911,1.8344918264844068,1.0559089768065228,0.06591414543478744,0.037939301150500024,0.9274193548387096,0.24242424242424243,-0.6512497674981748,-0.7785828496778839,MODE_2_PRIOR,full,four_mode_relocalization_v2,1.0,0,0,0,False,0,1,1.161102075496911,0,0,restarted_se3,0,49.343119375407696,4.003124311566353,0,314,cache_read_only_not_online_fps,32fdd06d26764df247b0164387e6061cbe61664ba5aa2aabd173919761ed38aa,cached_perception_v2,0,0,0,,,0,0.0,0,23.362895473837852,1.2603020295500755,77.96944119036198,49.97914576108785,50.1470928107694,49.97914576108785,49.97914510722918,1.161102075496911,26.472392367119586
cracker_box_reorient_occ60,1579908964196548253,2.1719293677544615,1.286944386263782,1.8768694594116633,1.0997816501208333,0.06743679351619221,0.039515666729077845,0.9274193548387096,0.3888888888888889,-0.8849849814906796,-0.77708780929083,MODE_3_RELOCALIZE,full,four_mode_relocalization_v2,,0,0,0,False,1,1,1.286944386263782,0,0,restarted_se3,1,48.870814964175224,4.477248527109623,0,315,cache_read_only_not_online_fps,32fdd06d26764df247b0164387e6061cbe61664ba5aa2aabd173919761ed38aa,cached_perception_v2,1,1,1,0.7304138293930816,,1,2465.6431637704372,0,21.35634981095791,2465.6431637704372,2540.34757707268,50.129532460765894,50.146577620521185,50.129532460765894,50.129531566829236,0.7304138293930816,26.322704029169408
cracker_box_reorient_occ60,1579908964259808181,0.9964521688389852,0.4881229310533652,1.6166612766507629,0.9459409880553851,0.05808739236094562,0.03398810011538591,0.7946843853820601,0.0891009055627426,-0.5083292377856201,-0.6707202885953778,MODE_2_PRIOR,full,four_mode_relocalization_v2,1.0,0,0,0,False,0,0,0.4881229310533652,0,0,restarted_se3,0,40.062068961560726,2.0595863461494446,0,316,cache_read_only_not_online_fps,32fdd06d26764df247b0164387e6061cbe61664ba5aa2aabd173919761ed38aa,cached_perception_v2,0,0,0,,,0,0.0,0,10.851684957742691,1.3882322236895561,54.36157248914242,50.31422855091534,50.23271410986718,50.31422855091534,50.31422799367016,0.4881229310533652,26.234085113503575
cracker_box_reorient_occ60,1579908964326147466,1.3354992379849975,0.8235157007648714,1.8053926139235823,1.1183168880366197,0.06486859717936255,0.04018164645709377,0.7946843853820601,0.6060606060606061,-0.5119835372201261,-0.6870757258869626,MODE_3_RELOCALIZE,full,four_mode_relocalization_v2,,0,0,0,False,1,0,0.8235157007648714,0,0,restarted_se3,1,46.7134527862072,3.4854989498853683,0,317,cache_read_only_not_online_fps,32fdd06d26764df247b0164387e6061cbe61664ba5aa2aabd173919761ed38aa,cached_perception_v2,1,1,1,0.7643937493509918,,1,2467.296323738992,0,22.753276862204075,2467.296323738992,2540.248552337289,50.433772293508504,50.37885097629706,50.433772293508504,50.43377156864456,0.7643937493509918,26.218520637294063
cracker_box_reorient_occ60,1579908964394348821,0.9597621963203651,1.2912489350816356,1.5293795387924132,1.1418868301420355,0.05495131888275443,0.0410285254507185,0.7946843853820601,0.7272727272727273,0.33148673876127055,-0.38749270865037766,MODE_3_RELOCALIZE,full,four_mode_relocalization_v2,,0,0,0,False,1,0,0.9597621963203651,0,0,restarted_se3,1,44.82812527567148,3.559018485248089,0,318,cache_read_only_not_online_fps,32fdd06d26764df247b0164387e6061cbe61664ba5aa2aabd173919761ed38aa,cached_perception_v2,1,1,1,0.7548832727566057,,1,2472.471338696778,0,21.963488310575485,2472.471338696778,2542.821970768273,50.49194617130684,50.51024605707354,50.49194617130684,50.491945791875715,0.7548832727566057,26.283342675062553
cracker_box_reorient_occ60,1579908964461369531,1.1077559390477523,0.764883126017928,1.66337371763036,1.013827532315455,0.05976579211388628,0.03642729525750797,0.7946843853820601,0.0891009055627426,-0.3428728130298243,-0.6495461853149049,MODE_2_PRIOR,full,four_mode_relocalization_v2,1.0,0,0,0,False,0,0,0.764883126017928,0,0,restarted_se3,0,40.88675044476986,1.5044035390019417,0,319,cache_read_only_not_online_fps,32fdd06d26764df247b0164387e6061cbe61664ba5aa2aabd173919761ed38aa,cached_perception_v2,0,0,0,,,0,0.0,0,10.327886790037155,1.418055035173893,54.13709580898285,50.2243113439652,50.433820546185835,50.2243113439652,50.224311010899534,0.764883126017928,26.43191593387442
cracker_box_reorient_occ60,1579908964517340915,1.4428487418391713,0.8042557089158562,1.8061404749656311,1.0560163091273296,0.06489546817479516,0.037943157650758765,0.7946843853820601,0.24242424242424243,-0.6385930329233152,-0.7501241658383015,MODE_2_PRIOR,full,four_mode_relocalization_v2,1.0,0,0,0,False,0,0,0.8042557089158562,0,0,restarted_se3,0,46.52044549584389,3.992239013314247,0,320,cache_read_only_not_online_fps,32fdd06d26764df247b0164387e6061cbe61664ba5aa2aabd173919761ed38aa,cached_perception_v2,0,0,0,,,0,0.0,0,10.072948411107063,1.4402726665139198,62.02590558677912,50.24990636143695,50.3041972465208,50.24990636143695,50.24990579287439,0.8042557089158562,26.666922685205368
cracker_box_reorient_occ60,1579908964578612470,1.8200891077683943,0.8609893725446488,1.8588908630852985,1.0822957959780621,0.06679081417964736,0.03888739184860217,0.9274193548387096,0.3888888888888889,-0.9590997352237455,-0.7765950671072364,MODE_3_RELOCALIZE,full,four_mode_relocalization_v2,,0,0,0,False,1,0,0.8609893725446488,0,0,restarted_se3,1,47.92509600520134,4.365792497992516,0,321,cache_read_only_not_online_fps,32fdd06d26764df247b0164387e6061cbe61664ba5aa2aabd173919761ed38aa,cached_perception_v2,1,1,1,0.8076690727018818,,1,2474.096222780645,0,22.59731385856867,2474.096222780645,2548.9844251424074,50.118677018578275,50.14420236138665,50.118677018578275,50.11867611703485,0.8076690727018818,26.990912405388745
cracker_box_reorient_occ60,1579908964635636126,1.063652113659593,0.9074531778811487,1.6029075012481462,0.8636820596599539,0.05759321280719813,0.03103249851973481,0.7946843853820601,0.0891009055627426,-0.15619893577844424,-0.7392254415881923,MODE_2_PRIOR,full,four_mode_relocalization_v2,1.0,0,0,0,False,0,0,0.9074531778811487,0,0,restarted_se3,0,46.49797175079584,1.9089747220277786,0,322,cache_read_only_not_online_fps,32fdd06d26764df247b0164387e6061cbe61664ba5aa2aabd173919761ed38aa,cached_perception_v2,0,0,0,,,0,0.0,0,20.964710041880608,1.2636063620448112,70.63526287674904,50.150627275449,50.067154382090216,50.150627275449,50.15062658431406,0.9074531778811487,27.40029205916595
cracker_box_reorient_occ60,1579908964692054346,1.3686070220619504,1.0833267086778702,1.7952795803138406,1.0266807382018763,0.06450523117330252,0.03688911692924821,0.7946843853820601,0.12499999999999999,-0.2852803133840802,-0.7685988421119643,MODE_2_PRIOR,full,four_mode_relocalization_v2,1.0,0,0,0,False,0,1,1.0833267086778702,0,0,restarted_se3,0,46.3077612221241,4.311701282858849,0,323,cache_read_only_not_online_fps,32fdd06d26764df247b0164387e6061cbe61664ba5aa2aabd173919761ed38aa,cached_perception_v2,0,0,0,,,0,0.0,0,21.72661665827036,1.4803949743509293,73.82647413760424,50.30197176055643,50.14478052403892,50.30197176055643,50.301971271706705,1.0833267086778702,27.890478294744277
cracker_box_reorient_occ60,1579908964748693308,1.738642416801633,1.3154129556448644,1.8351808113435397,1.2685575527424606,0.0659389009815561,0.04557986348955549,0.9274193548387096,0.7946843853820601,-0.4232294611567686,-0.5666232586010791,MODE_3_RELOCALIZE,full,four_mode_relocalization_v2,,0,0,0,False,1,1,1.3154129556448644,0,0,restarted_se3,1,46.75386194139719,4.149110987782478,0,324,cache_read_only_not_online_fps,32fdd06d26764df247b0164387e6061cbe61664ba5aa2aabd173919761ed38aa,cached_perception_v2,1,1,1,0.705288078083606,,1,2476.430301554501,0,10.569846257567406,2476.430301554501,2537.903120741248,50.44827722328083,50.33551553622521,50.44827722328083,50.44827697581202,0.705288078083606,28.45226343256258
cracker_box_reorient_occ60,1579908964806245509,1.1049047369953797,0.9141786731641528,1.6663478925467907,1.1075652149040633,0.059872655603360525,0.03979533383563896,0.7946843853820601,0.5121951219512195,-0.19072606383122692,-0.5587826776427274,MODE_3_RELOCALIZE,full,four_mode_relocalization_v2,,0,0,0,False,1,0,0.9141786731641528,0,0,restarted_se3,1,40.72101414203644,2.453319728374481,0,325,cache_read_only_not_online_fps,32fdd06d26764df247b0164387e6061cbe61664ba5aa2aabd173919761ed38aa,cached_perception_v2,1,1,1,0.6898969514797129,,1,2467.696369625628,0,10.699925944209099,2467.696369625628,2521.570629440248,50.27403755002283,50.39889738536153,50.27403755002283,50.27403754870146,0.6898969514797129,29.076482279082295
cracker_box_reorient_occ60,1579908964858791595,1.0583127533404453,0.715703632251102,1.6206049866940078,1.1238598831861837,0.0582290916989259,0.04038080885354492,0.7946843853820601,0.66,-0.34260912108934327,-0.4967451035078241,MODE_3_RELOCALIZE,full,four_mode_relocalization_v2,,0,0,0,False,1,0,0.715703632251102,0,0,restarted_se3,1,44.30199880152941,4.9245040863752365,0,326,cache_read_only_not_online_fps,32fdd06d26764df247b0164387e6061cbe61664ba5aa2aabd173919761ed38aa,cached_perception_v2,1,1,1,0.7030300140223036,,1,2472.5834242999554,0,22.15304598212242,2472.5834242999554,2543.9629731699824,50.12005436647318,50.289928852119026,50.12005436647318,50.120054138874224,0.7030300140223036,29.75579241741781
cracker_box_reorient_occ60,1579908964929383989,1.0543672456967006,0.7197275998180092,1.637236164211099,1.0684065786348145,0.058826657650317526,0.03838834580286827,0.7946843853820601,0.24242424242424243,-0.33463964587869144,-0.5688295855762846,MODE_2_PRIOR,full,four_mode_relocalization_v2,1.0,0,0,0,False,0,0,0.7197275998180092,0,0,restarted_se3,0,46.498240903019905,1.8462473526597023,0,327,cache_read_only_not_online_fps,32fdd06d26764df247b0164387e6061cbe61664ba5aa2aabd173919761ed38aa,cached_perception_v2,0,0,0,,,0,0.0,0,24.2619626224041,1.4075897634029388,74.01404064148664,50.20900146732544,50.1925835477854,50.20900146732544,50.181606054812576,0.7197275998180092,30.484612907241836
cracker_box_reorient_occ60,1579908964993273047,1.417616465447094,0.7408444127963986,1.806118342119805,1.1222534006276108,0.06489467293133994,0.04032308718726356,0.7946843853820601,0.6060606060606061,-0.6767720526506954,-0.6838649414921942,MODE_3_RELOCALIZE,full,four_mode_relocalization_v2,,0,0,0,False,1,0,0.7408444127963986,0,0,restarted_se3,1,47.29557689279318,4.431079141795635,0,328,cache_read_only_not_online_fps,32fdd06d26764df247b0164387e6061cbe61664ba5aa2aabd173919761ed38aa,cached_perception_v2,1,1,1,2.0318532874286857,,1,2469.8017705231905,0,22.558237425982952,2469.8017705231905,2544.0866639837623,50.179152004587536,50.13682689791651,50.179152004587536,50.17915186416555,2.0318532874286857,31.261099673790333
cracker_box_reorient_occ60,1579908965068233435,1.6592244727291858,2.457398314250613,1.605434912677467,1.74974528787574,0.05768402387657479,0.0628691628459844,0.7946843853820601,0.7946843853820601,0.7981738415214272,0.14431037519827306,MODE_3_RELOCALIZE,full,four_mode_relocalization_v2,,0,0,0,False,1,1,1.6592244727291858,0,0,restarted_se3,1,47.94425796717405,2.0493362098932266,0,329,cache_read_only_not_online_fps,32fdd06d26764df247b0164387e6061cbe61664ba5aa2aabd173919761ed38aa,cached_perception_v2,1,1,1,0.753828888311695,,1,2472.470841370523,0,18.73367838561535,2472.470841370523,2541.1981139332056,50.275110233475,50.177621027589744,50.275110233475,50.27510986262688,0.753828888311695,32.084205497311316
cracker_box_reorient_occ60,1579908965130585072,0.988567680024308,1.3744180451173023,1.5545101629670581,1.7687770843382704,0.05585427390975445,0.06355298415377433,0.7946843853820601,0.7946843853820601,0.3858503650929943,0.21426692137121228,MODE_3_RELOCALIZE,full,four_mode_relocalization_v2,,0,0,0,False,1,0,0.988567680024308,0,0,restarted_se3,1,48.68031106889248,3.4450581297278404,0,330,cache_read_only_not_online_fps,32fdd06d26764df247b0164387e6061cbe61664ba5aa2aabd173919761ed38aa,cached_perception_v2,1,1,1,0.7024351440678108,,1,2473.441223613918,0,22.097304463386536,2473.441223613918,2547.6638972759247,50.164587036711204,50.18901428089949,50.164587036711204,50.16458685412678,0.7024351440678108,32.95032227197418
cracker_box_reorient_occ60,1579908965193464727,0.9492450256991828,0.6605536544187312,1.5620437517370207,0.9798370330969891,0.056124959261774146,0.03520600079517146,0.7946843853820601,0.0891009055627426,-0.28869137128045164,-0.5822067186400316,MODE_2_PRIOR,full,four_mode_relocalization_v2,1.0,0,0,0,False,0,0,0.6605536544187312,0,0,restarted_se3,0,47.57505934685469,1.9652610644698143,0,331,cache_read_only_not_online_fps,32fdd06d26764df247b0164387e6061cbe61664ba5aa2aabd173919761ed38aa,cached_perception_v2,0,0,0,,,0,0.0,0,23.93049467355013,1.3265060260891914,74.79732111096382,50.409087219967184,50.299835205560505,50.409087219967184,50.36564841805685,0.6605536544187312,33.852476297727065
cracker_box_reorient_occ60,1579908965257458538,1.2794850440001169,0.6303878205063348,1.7964907776833725,1.02077517090921,0.06454875005870336,0.03667692714688777,0.7946843853820601,0.12499999999999999,-0.6490972234937821,-0.7757156067741624,MODE_2_PRIOR,full,four_mode_relocalization_v2,1.0,0,0,0,False,0,0,0.6303878205063348,0,0,restarted_se3,0,48.034753650426865,4.068708047270775,0,332,cache_read_only_not_online_fps,32fdd06d26764df247b0164387e6061cbe61664ba5aa2aabd173919761ed38aa,cached_perception_v2,0,0,0,,,0,0.0,0,22.398960776627064,1.4369571581482887,75.93937963247299,50.05500264622427,50.23318752610339,50.05500264622427,50.05500219633766,0.6303878205063348,34.78188287775715
cracker_box_reorient_occ60,1579908965327568831,1.727000524049126,0.6188818658908875,1.8478278910368524,1.0244463335367477,0.06639331644320898,0.0368088337293281,0.9274193548387096,0.12499999999999999,-1.1081186581582385,-0.8233815575001047,MODE_2_PRIOR,full,four_mode_relocalization_v2,1.0,0,0,0,False,0,0,0.6188818658908875,0,0,restarted_se3,0,48.21221902966499,4.469596780836582,0,333,cache_read_only_not_online_fps,32fdd06d26764df247b0164387e6061cbe61664ba5aa2aabd173919761ed38aa,cached_perception_v2,0,0,0,,,0,0.0,0,22.77846820652485,1.1426731944084167,76.60295721143484,50.16852684735208,50.166904923534126,50.16852684735208,50.16852674908991,0.6188818658908875,35.73285742472975
cracker_box_reorient_occ60,1579908965384312261,2.1325825311803035,0.6358137698233534,1.8880835320709737,1.0800178194696226,0.0678397203679289,0.03880554309206556,0.9274193548387096,0.3888888888888889,-1.4967687613569503,-0.8080657126013511,MODE_3_RELOCALIZE,full,four_mode_relocalization_v2,,0,0,0,False,1,0,0.6358137698233534,0,0,restarted_se3,1,46.65615223348141,4.380995407700539,0,334,cache_read_only_not_online_fps,32fdd06d26764df247b0164387e6061cbe61664ba5aa2aabd173919761ed38aa,cached_perception_v2,1,1,1,0.7506649548355355,,1,2471.233089454472,0,22.101357579231262,2471.233089454472,2544.3715946748853,50.38548611365354,50.24273151914276,50.38548611365354,50.385486049084804,0.7506649548355355,36.70260915891833
cracker_box_reorient_occ60,1579908965445601603,1.1318073213573783,0.9587326523200561,1.681051568830159,1.0504259796413764,0.06040096553801164,0.03774229450956307,0.7946843853820601,0.24242424242424243,-0.17307466903732216,-0.6306255891887826,MODE_2_PRIOR,full,four_mode_relocalization_v2,1.0,0,0,0,False,0,0,0.9587326523200561,0,0,restarted_se3,0,49.82593562453985,1.682346686720848,0,335,cache_read_only_not_online_fps,32fdd06d26764df247b0164387e6061cbe61664ba5aa2aabd173919761ed38aa,cached_perception_v2,0,0,0,,,0,0.0,0,22.26303331553936,1.4453409239649773,75.21665655076504,50.1257446108981,50.22222169146381,50.1257446108981,50.26158824615328,0.9587326523200561,37.69004485903824
cracker_box_reorient_occ60,1579908965507482408,1.4920814815756593,1.2353707539771457,1.8063918883895447,1.0823975655154912,0.06490450157617032,0.03889104847546421,0.7946843853820601,0.3888888888888889,-0.25671072759851365,-0.7239943228740535,MODE_3_RELOCALIZE,full,four_mode_relocalization_v2,,0,0,0,False,1,1,1.2353707539771457,0,0,restarted_se3,1,49.090844579041004,3.760497085750103,0,336,cache_read_only_not_online_fps,32fdd06d26764df247b0164387e6061cbe61664ba5aa2aabd173919761ed38aa,cached_perception_v2,1,1,1,0.7033694323986551,,1,2471.2626514956355,0,22.083705291152,2471.2626514956355,2546.1976984515786,50.35551299993137,50.27815501166204,50.35551299993137,50.3555128635672,0.7033694323986551,38.69580720465297
cracker_box_reorient_occ60,1579908965565431486,1.0421266185665001,0.5198005774980186,1.6299463094666218,0.975139036862207,0.05856472977531207,0.03503719960314601,0.7946843853820601,0.0891009055627426,-0.5223260410684816,-0.6548072726044147,MODE_2_PRIOR,full,four_mode_relocalization_v2,1.0,0,0,0,False,0,0,0.5198005774980186,0,0,restarted_se3,0,45.76296824961901,2.1465523168444633,0,337,cache_read_only_not_online_fps,32fdd06d26764df247b0164387e6061cbe61664ba5aa2aabd173919761ed38aa,cached_perception_v2,0,0,0,,,0,0.0,0,23.14296644181013,1.4170464128255844,72.46953342109919,50.29843543167755,50.31704984575206,50.29843543167755,50.29843544152428,0.5198005774980186,39.719946180075105
cracker_box_reorient_occ60,1579908965623400846,1.4108755201661656,0.6516771146639756,1.8016785222935214,1.1950803924854887,0.06473514813787452,0.042939794911765944,0.7946843853820601,0.7946843853820601,-0.75919840550219,-0.6065981298080327,MODE_3_RELOCALIZE,full,four_mode_relocalization_v2,,0,0,0,False,1,0,0.6516771146639756,0,0,restarted_se3,1,45.64254637807608,4.372654482722282,0,338,cache_read_only_not_online_fps,32fdd06d26764df247b0164387e6061cbe61664ba5aa2aabd173919761ed38aa,cached_perception_v2,1,1,1,0.717467091358131,,1,2468.983051367104,0,20.78251074999571,2468.983051367104,2539.780762977898,50.185316620187,50.272215623826945,50.185316620187,50.18531654287628,0.717467091358131,40.76125047117848
cracker_box_reorient_occ60,1579908965684761418,1.1591630891710554,0.9665095140347614,1.67850817404191,1.1217944286597603,0.0603095801791071,0.040306596110768894,0.7946843853820601,0.6060606060606061,-0.192653575136294,-0.5567137453821498,MODE_3_RELOCALIZE,full,four_mode_relocalization_v2,,0,0,0,False,1,0,0.9665095140347614,0,0,restarted_se3,1,47.132634557783604,2.776818349957466,0,339,cache_read_only_not_online_fps,32fdd06d26764df247b0164387e6061cbe61664ba5aa2aabd173919761ed38aa,cached_perception_v2,1,1,1,0.7294793143043543,,1,2472.2648141905665,0,22.667845711112022,2472.2648141905665,2544.8421128094196,50.36078983444837,50.29379525109903,50.36078983444837,50.36078981807602,0.7294793143043543,41.814121083631065
cracker_box_reorient_occ60,1579908965748638396,1.0329646602014897,0.7907224289250869,1.5725640082397465,0.988630808057595,0.05650295697597538,0.03552196522374292,0.7946843853820601,0.0891009055627426,-0.24224223127640276,-0.5839332001821516,MODE_2_PRIOR,full,four_mode_relocalization_v2,1.0,0,0,0,False,0,0,0.7907224289250869,0,0,restarted_se3,0,46.099710278213024,4.667762666940689,0,340,cache_read_only_not_online_fps,32fdd06d26764df247b0164387e6061cbe61664ba5aa2aabd173919761ed38aa,cached_perception_v2,0,0,0,,,0,0.0,0,20.547197200357914,1.4224834740161896,72.73715361952782,50.466492410097096,50.38799833682221,50.466492410097096,50.46649243910545,0.7907224289250869,42.87163245740594
cracker_box_reorient_occ60,1579908965804096241,1.3921978416133733,0.8853193605229123,1.794678003659816,1.2515919790897505,0.06448361624403923,0.04497028252932174,0.7946843853820601,0.7946843853820601,-0.5068784810904611,-0.5430860245700655,MODE_3_RELOCALIZE,full,four_mode_relocalization_v2,,0,0,0,False,1,0,0.8853193605229123,0,0,restarted_se3,1,45.36569118499756,3.7226276472210884,0,341,cache_read_only_not_online_fps,32fdd06d26764df247b0164387e6061cbe61664ba5aa2aabd173919761ed38aa,cached_perception_v2,1,1,1,0.7303747763251971,,1,2466.7997481301427,0,20.846975967288017,2466.7997481301427,2536.7350429296494,50.28348043776788,50.38615358460827,50.28348043776788,50.28348056803663,0.7303747763251971,43.9268541750162
cracker_box_reorient_occ60,1579908965866404956,1.039276601780446,0.8809332980670657,1.6176895323281393,1.2096681223243806,0.058124338066172676,0.043463938836684264,0.7946843853820601,0.7946843853820601,-0.15834330371338035,-0.4080214100037587,MODE_3_RELOCALIZE,full,four_mode_relocalization_v2,,0,0,0,False,1,0,0.8809332980670657,0,0,restarted_se3,1,47.7205915376544,2.184309996664524,0,342,cache_read_only_not_online_fps,32fdd06d26764df247b0164387e6061cbe61664ba5aa2aabd173919761ed38aa,cached_perception_v2,1,1,1,0.7526214714424508,,1,2471.529162488878,0,22.06301409751177,2471.529162488878,2543.4970781207085,50.62023299047742,50.5009715809566,50.62023299047742,50.620233454405394,0.7526214714424508,44.9746329345574
cracker_box_reorient_occ60,1579908965920803205,1.0981094036050476,0.7872565425614739,1.662469902888657,1.085086536229862,0.05973331762941562,0.03898766444517207,0.7946843853820601,0.3888888888888889,-0.3108528610435737,-0.5773833666587949,MODE_3_RELOCALIZE,full,four_mode_relocalization_v2,,0,0,0,False,1,0,0.7872565425614739,0,0,restarted_se3,1,49.597105011343956,2.3220721632242203,0,343,cache_read_only_not_online_fps,32fdd06d26764df247b0164387e6061cbe61664ba5aa2aabd173919761ed38aa,cached_perception_v2,1,1,1,0.6256504404246472,,1,2470.5083463340998,0,22.83304836601019,2470.5083463340998,2545.260571874678,50.04817805154986,50.3303642362818,50.04817805154986,50.222728005017316,0.6256504404246472,46.00935335780941
cracker_box_reorient_occ60,1579908965991206235,0.9807165180865749,0.537165214280803,1.6042397474460552,0.9586162497160412,0.05764108103336091,0.03444352816824651,0.7946843853820601,0.0891009055627426,-0.4435513038057719,-0.645623497730014,MODE_2_PRIOR,full,four_mode_relocalization_v2,1.0,0,0,0,False,0,0,0.537165214280803,0,0,restarted_se3,0,47.90287930518389,2.3477990180253983,0,344,cache_read_only_not_online_fps,32fdd06d26764df247b0164387e6061cbe61664ba5aa2aabd173919761ed38aa,cached_perception_v2,0,0,0,,,0,0.0,0,22.90196903049946,1.2623341754078865,74.41498152911663,50.360112678318025,50.25957297735667,50.360112678318025,50.360113422573995,0.537165214280803,47.024661988946086
cracker_box_reorient_occ60,1579908966064397910,1.4395257302372617,0.5051258255200362,1.8023721328809785,1.0169176657379948,0.06476006988921554,0.03653832519009508,0.7946843853820601,0.09302325581395349,-0.9343999047172256,-0.7854544671429837,MODE_2_PRIOR,full,four_mode_relocalization_v2,1.0,0,0,0,False,0,0,0.5051258255200362,0,0,restarted_se3,0,46.25416733324528,4.40661795437336,0,345,cache_read_only_not_online_fps,32fdd06d26764df247b0164387e6061cbe61664ba5aa2aabd173919761ed38aa,cached_perception_v2,0,0,0,,,0,0.0,0,22.603224962949753,1.3919956982135773,74.65600594878197,50.37247320282398,50.272490378084555,50.37247320282398,50.3769135469984,0.5051258255200362,48.013585676297566
cracker_box_reorient_occ60,1579908966128763734,1.6173618815803839,0.6096519514104021,1.8173711807971549,1.1146771507739313,0.06529899266415361,0.04005086900264361,0.7946843853820601,0.6060606060606061,-1.0077099301699817,-0.7026940300232236,MODE_3_RELOCALIZE,full,four_mode_relocalization_v2,,0,0,0,False,1,0,0.6096519514104021,0,0,restarted_se3,1,45.725760981440544,4.431597888469696,0,346,cache_read_only_not_online_fps,32fdd06d26764df247b0164387e6061cbe61664ba5aa2aabd173919761ed38aa,cached_perception_v2,1,1,1,0.6793392961865468,,1,2474.093179218471,0,21.35024033486843,2474.093179218471,2545.6007784232497,50.39198520587361,50.34405926430955,50.39198520587361,50.39198614551717,0.6793392961865468,48.97062855447906
cracker_box_reorient_occ60,1579908966187948158,1.021029671400983,0.9729943225591622,1.6679091461862676,1.0933180265199158,0.059928752173520936,0.039283425723740106,0.7946843853820601,0.3888888888888889,-0.04803534884182081,-0.5745911196663518,MODE_3_RELOCALIZE,full,four_mode_relocalization_v2,,0,0,0,False,1,0,0.9729943225591622,0,0,restarted_se3,1,43.982611037790775,1.703624613583088,0,347,cache_read_only_not_online_fps,32fdd06d26764df247b0164387e6061cbe61664ba5aa2aabd173919761ed38aa,cached_perception_v2,1,1,1,0.6794450563140423,,1,2470.61650082469,0,22.240513935685158,2470.61650082469,2538.543250411749,50.13778754784086,50.27224112204095,50.13778754784086,50.1377880890137,0.6794450563140423,49.89189939649927
cracker_box_reorient_occ60,1579908966248728426,1.0141413100261765,0.6922112521277094,1.6114486855474253,0.8935956402874033,0.05790010153570607,0.032107307398949896,0.7946843853820601,0.0891009055627426,-0.32193005789846707,-0.7178530452600219,MODE_2_PRIOR,full,four_mode_relocalization_v2,1.0,0,0,0,False,0,0,0.6922112521277094,0,0,restarted_se3,0,46.74638248980045,2.9955487698316574,0,348,cache_read_only_not_online_fps,32fdd06d26764df247b0164387e6061cbe61664ba5aa2aabd173919761ed38aa,cached_perception_v2,0,0,0,,,0,0.0,0,22.45442196726799,1.4145979657769203,73.61095119267702,50.13704959470464,50.169315931268734,50.13704959470464,50.137050176770884,0.6922112521277094,50.13704959470464
cracker_box_reorient_occ60,1579908966313576787,1.3351431291166136,0.7181715646012161,1.7963089545874744,0.9731980437086519,0.0645422170702139,0.03496745881544431,0.7946843853820601,0.0891009055627426,-0.6169715645153975,-0.8231109108788225,MODE_2_PRIOR,full,four_mode_relocalization_v2,1.0,0,0,0,False,0,0,0.7181715646012161,0,0,restarted_se3,0,46.03510443121195,3.858710639178753,0,349,cache_read_only_not_online_fps,32fdd06d26764df247b0164387e6061cbe61664ba5aa2aabd173919761ed38aa,cached_perception_v2,0,0,0,,,0,0.0,0,21.725604310631752,1.2817252427339554,72.90114462375641,49.90003076541471,49.983394334428525,49.90003076541471,49.90003120676702,0.7181715646012161,49.90003076541471
cracker_box_reorient_occ60,1579908966365078143,1.7526347675798022,0.7638518698274525,1.844308174040101,0.9966972436564672,0.0662668513727934,0.03581179601041006,0.9274193548387096,0.0891009055627426,-0.9887828977523497,-0.8476109303836339,MODE_2_PRIOR,full,four_mode_relocalization_v2,1.0,0,0,0,False,0,0,0.7638518698274525,0,0,restarted_se3,0,48.19086566567421,4.40614577382803,0,350,cache_read_only_not_online_fps,32fdd06d26764df247b0164387e6061cbe61664ba5aa2aabd173919761ed38aa,cached_perception_v2,0,0,0,,,0,0.0,0,21.749842911958694,1.3683401048183441,75.71519445627928,50.088405199478345,49.944590659773816,50.088405199478345,50.08840556032034,0.7638518698274525,49.67098040654926
cracker_box_reorient_occ60,1579908966429520117,2.584794388010207,0.8246411825477281,1.6585738987355212,0.8054217167420891,0.059593332386278036,0.0289391772736391,0.7946843853820601,0.0891009055627426,-1.7601532054624789,-0.8531521819934321,MODE_2_PRIOR,full,four_mode_relocalization_v2,1.0,0,0,0,False,0,0,0.8246411825477281,0,0,restarted_se3,0,46.48975282907486,4.2987484484910965,0,351,cache_read_only_not_online_fps,32fdd06d26764df247b0164387e6061cbe61664ba5aa2aabd173919761ed38aa,cached_perception_v2,0,0,0,,,0,0.0,0,20.441741682589054,1.4314688742160797,72.66171183437109,50.395046743315376,50.151245652948894,50.395046743315376,50.3950470523948,0.8246411825477281,49.45165806239541
cracker_box_reorient_occ60,1579908966487422104,3.24664984897502,0.8949729439826498,1.689778727851709,0.8653723570525457,0.060714536424877535,0.031093231692025276,0.7946843853820601,0.0891009055627426,-2.3516769049923703,-0.8244063707991632,MODE_2_PRIOR,full,four_mode_relocalization_v2,1.0,0,0,0,False,0,0,0.8949729439826498,0,0,restarted_se3,0,48.12074638903141,4.11336962133646,0,352,cache_read_only_not_online_fps,32fdd06d26764df247b0164387e6061cbe61664ba5aa2aabd173919761ed38aa,cached_perception_v2,0,0,0,,,0,0.0,0,22.506970912218094,1.1350363492965698,75.87612327188253,50.0133862269318,50.18444163217308,50.0133862269318,50.013386438624366,0.8949729439826498,49.24403182354663
cracker_box_reorient_occ60,1579908966558367975,3.8125748980100655,0.9713763007901388,1.7460472809803977,0.9256584748788251,0.06273629173650361,0.03325933997374778,0.7946843853820601,0.0891009055627426,-2.8411985972199267,-0.8203888061015726,MODE_2_PRIOR,full,four_mode_relocalization_v2,1.0,0,0,0,False,0,0,0.9713763007901388,0,0,restarted_se3,0,47.76445776224136,4.159498028457165,0,353,cache_read_only_not_online_fps,32fdd06d26764df247b0164387e6061cbe61664ba5aa2aabd173919761ed38aa,cached_perception_v2,0,0,0,,,0,0.0,0,22.653454914689064,1.1299895122647285,75.70740021765232,50.200106755293504,50.208896477833264,50.200106755293504,50.20010703846314,0.9713763007901388,49.05039312696762
cracker_box_reorient_occ60,1579908966622612310,4.577550424960993,1.0557310795874904,1.8059435018834633,0.982619246950712,0.06488839084024545,0.035305967034288704,0.7946843853820601,0.0891009055627426,-3.521819345373503,-0.8233242549327513,MODE_2_PRIOR,full,four_mode_relocalization_v2,1.0,0,0,0,False,0,1,1.0557310795874904,0,0,restarted_se3,0,46.713399700820446,4.0292395278811455,0,354,cache_read_only_not_online_fps,32fdd06d26764df247b0164387e6061cbe61664ba5aa2aabd173919761ed38aa,cached_perception_v2,0,0,0,,,0,0.0,0,22.76726346462965,1.1373544111847878,74.64725710451603,50.197945695053825,50.21717021743187,50.197945695053825,50.19794603061561,1.0557310795874904,48.87083846495364
cracker_box_reorient_occ60,1579908966691585857,5.436281335893754,1.1369273063674359,1.8530665507483355,1.0586911812328452,0.0665815439256763,0.03803926705088637,0.9274193548387096,0.24242424242424243,-4.299354029526318,-0.7943753695154903,MODE_2_PRIOR,full,four_mode_relocalization_v2,1.0,0,0,0,False,0,1,1.1369273063674359,0,0,restarted_se3,0,46.16314172744751,4.5911213383078575,0,355,cache_read_only_not_online_fps,32fdd06d26764df247b0164387e6061cbe61664ba5aa2aabd173919761ed38aa,cached_perception_v2,0,0,0,,,0,0.0,0,21.51054423302412,1.2785987928509712,73.54340609163046,50.17669066830266,50.20543075066012,50.17669066830266,50.176691077998335,1.1369273063674359,48.70534035292691
cracker_box_reorient_occ60,1579908966754947473,6.25420496521473,1.22151482980458,1.8312157480318274,1.1351290819850164,0.06579643441069805,0.04078571641314047,0.9274193548387096,0.66,-5.03269013541015,-0.696086666046811,MODE_3_RELOCALIZE,full,four_mode_relocalization_v2,,0,0,0,False,1,1,1.22151482980458,0,0,restarted_se3,1,48.92909340560436,4.4301217421889305,0,356,cache_read_only_not_online_fps,32fdd06d26764df247b0164387e6061cbe61664ba5aa2aabd173919761ed38aa,cached_perception_v2,1,1,1,0.20359239091251508,,1,2471.1226355284452,0,22.206876426935196,2471.1226355284452,2546.6887271031737,50.33309721959425,50.271609065954145,50.33309721959425,50.33309770252073,0.20359239091251508,48.55395408469898
cracker_box_reorient_occ60,1579908966822220383,0.9667254190154271,1.1317590073170407,1.0781487802821683,1.3636847747430503,0.038738387643866445,0.04899782886570565,0.3888888888888889,0.7946843853820601,0.16503358830161363,0.28553599446088196,MODE_3_RELOCALIZE,full,four_mode_relocalization_v2,,0,0,0,False,1,0,0.9667254190154271,0,0,restarted_se3,1,47.78939764946699,2.556423656642437,0,357,cache_read_only_not_online_fps,32fdd06d26764df247b0164387e6061cbe61664ba5aa2aabd173919761ed38aa,cached_perception_v2,1,1,1,0.24427873186456966,,1,2479.0761610493064,0,22.591616958379745,2479.0761610493064,2552.0135993137956,50.26048298625777,50.29586891201634,50.26048298625777,50.260790150905386,0.24427873186456966,48.41708982024386
cracker_box_reorient_occ60,1579908966881607570,1.0144086665749672,0.2850583989828476,1.154617772810729,0.6827579755673201,0.041485954148122034,0.024531811943010535,0.7946843853820601,0.0891009055627426,-0.7293502675921195,-0.4718597972434089,MODE_2_PRIOR,full,four_mode_relocalization_v2,1.0,0,0,0,False,0,0,0.2850583989828476,0,0,restarted_se3,0,46.405743807554245,2.425731159746647,0,358,cache_read_only_not_online_fps,32fdd06d26764df247b0164387e6061cbe61664ba5aa2aabd173919761ed38aa,cached_perception_v2,0,0,0,,,0,0.0,0,22.391395643353462,1.3962388038635254,72.61910941451788,50.439333873526735,50.38060601015513,50.439333873526735,50.43933477792716,0.2850583989828476,48.29499614803834
cracker_box_reorient_occ60,1579908966949220251,1.52088173828622,0.3232149648936655,1.3586843595985505,0.6568900118533791,0.048818161621452784,0.02360236396307046,0.7946843853820601,0.0891009055627426,-1.1976667733925546,-0.7017943477451714,MODE_2_PRIOR,full,four_mode_relocalization_v2,1.0,0,0,0,False,0,0,0.3232149648936655,0,0,restarted_se3,0,45.470332726836205,4.165302030742168,0,359,cache_read_only_not_online_fps,32fdd06d26764df247b0164387e6061cbe61664ba5aa2aabd173919761ed38aa,cached_perception_v2,0,0,0,,,0,0.0,0,21.657527424395084,1.4121253043413162,72.70528748631477,50.27267561820996,50.370255370179684,50.27267561820996,50.2726760562476,0.3232149648936655,48.187916876811535
cracker_box_reorient_occ60,1579908967010519374,2.175239637376502,0.3584256270955961,1.4613055256776097,0.6665644810871473,0.05250538789739939,0.023949972146913405,0.7946843853820601,0.0891009055627426,-1.816814010280906,-0.7947410445904625,MODE_2_PRIOR,full,four_mode_relocalization_v2,1.0,0,0,0,False,0,0,0.3584256270955961,0,0,restarted_se3,0,45.65628711134195,3.5477597266435623,0,360,cache_read_only_not_online_fps,32fdd06d26764df247b0164387e6061cbe61664ba5aa2aabd173919761ed38aa,cached_perception_v2,0,0,0,,,0,0.0,0,21.37898001819849,1.3833194971084595,71.96634635329247,50.21199278055658,50.285309450956085,50.21199278055658,50.21199312380271,0.3584256270955961,48.09591244362172
cracker_box_reorient_occ60,1579908967065378156,2.8113053553162275,0.43733386070052793,1.5405741988294666,0.7022671350651589,0.05535354822993523,0.025232785126911468,0.7946843853820601,0.0891009055627426,-2.3739714946156996,-0.8383070637643076,MODE_2_PRIOR,full,four_mode_relocalization_v2,1.0,0,0,0,False,0,0,0.43733386070052793,0,0,restarted_se3,0,46.28772474825382,3.853360190987587,0,361,cache_read_only_not_online_fps,32fdd06d26764df247b0164387e6061cbe61664ba5aa2aabd173919761ed38aa,cached_perception_v2,0,0,0,,,0,0.0,0,22.145899944007397,1.4113979414105415,73.69838282465935,50.40414473627439,50.2903048625857,50.40414473627439,50.39461065262974,0.43733386070052793,47.99826415084843
cracker_box_reorient_occ60,1579908967127889297,3.418535848637521,0.49894301780454753,1.5383899061394144,0.7492376267818212,0.05527506557661093,0.026920456762979054,0.7946843853820601,0.0891009055627426,-2.9195928308329737,-0.7891522793575932,MODE_2_PRIOR,full,four_mode_relocalization_v2,1.0,0,0,0,False,0,0,0.49894301780454753,0,0,restarted_se3,0,46.941678039729595,4.501692950725555,0,362,cache_read_only_not_online_fps,32fdd06d26764df247b0164387e6061cbe61664ba5aa2aabd173919761ed38aa,cached_perception_v2,0,0,0,,,0,0.0,0,22.32339419424534,1.4000702649354935,75.16683544963598,50.986183324928625,50.66825836621926,50.986183324928625,50.986183972803644,0.49894301780454753,47.9383190698944
cracker_box_reorient_occ60,1579908967194681333,4.160464340218877,0.5250273386979443,1.590720753641399,0.7554695938265283,0.057155337291738585,0.027144374240396677,0.7946843853820601,0.0891009055627426,-3.635437001520933,-0.8352511598148706,MODE_2_PRIOR,full,four_mode_relocalization_v2,1.0,0,0,0,False,0,0,0.5250273386979443,0,0,restarted_se3,0,45.335207134485245,3.9711249992251396,0,363,cache_read_only_not_online_fps,32fdd06d26764df247b0164387e6061cbe61664ba5aa2aabd173919761ed38aa,cached_perception_v2,0,0,0,,,0,0.0,0,21.794443018734455,1.3895640149712563,72.4903391674161,50.80020157177662,50.91443741056646,50.80020157177662,50.86808238078835,0.5250273386979443,47.89132493895143
cracker_box_reorient_occ60,1579908967252711982,4.787976636463599,0.549873496068793,1.6058393217834712,0.7862333365349263,0.05769855448403975,0.028249729839001717,0.7946843853820601,0.0891009055627426,-4.238103140394806,-0.8196059852485449,MODE_2_PRIOR,full,four_mode_relocalization_v2,1.0,0,0,0,False,0,0,0.549873496068793,0,0,restarted_se3,0,50.266847014427185,4.271470010280609,0,364,cache_read_only_not_online_fps,32fdd06d26764df247b0164387e6061cbe61664ba5aa2aabd173919761ed38aa,cached_perception_v2,0,0,0,,,0,0.0,0,22.320810705423355,1.3763438910245895,78.23547162115574,51.105759127090266,51.13113055109869,51.105759127090266,51.10576023612716,0.549873496068793,47.85961255853135
cracker_box_reorient_occ60,1579908967309545166,5.322681279645036,0.6119054549043084,1.6483189808144063,0.8780609194450962,0.05922486841085137,0.031549137646375444,0.7946843853820601,0.0891009055627426,-4.710775824740728,-0.7702580613693101,MODE_2_PRIOR,full,four_mode_relocalization_v2,1.0,0,0,0,False,0,0,0.6119054549043084,0,0,restarted_se3,0,44.551403261721134,3.6057205870747566,0,365,cache_read_only_not_online_fps,32fdd06d26764df247b0164387e6061cbe61664ba5aa2aabd173919761ed38aa,cached_perception_v2,0,0,0,,,0,0.0,0,22.051071748137474,1.3995086774230003,71.60770427435637,50.66919538696483,51.01333225867276,50.66919538696483,50.66919613837057,0.6119054549043084,47.845323898798284
cracker_box_reorient_occ60,1579908967373887859,6.151271672130179,0.6357919207977017,1.7488541779690159,0.9032895067397277,0.0628371448521497,0.03245561253388659,0.7946843853820601,0.0891009055627426,-5.515479751332477,-0.8455646712292881,MODE_2_PRIOR,full,four_mode_relocalization_v2,1.0,0,0,0,False,0,0,0.6357919207977017,0,0,restarted_se3,0,46.6037392616272,4.127033054828644,0,366,cache_read_only_not_online_fps,32fdd06d26764df247b0164387e6061cbe61664ba5aa2aabd173919761ed38aa,cached_perception_v2,0,0,0,,,0,0.0,0,23.079720325767994,1.3824217021465302,75.19291434437037,50.593631932738504,50.74473635652539,50.593631932738504,50.5936328926546,0.6357919207977017,47.8443761211033
cracker_box_reorient_occ60,1579908967431221781,7.020762410509416,0.6596483116049936,1.7800074437104592,0.9048371310872397,0.06395649619468757,0.03251121939724112,0.7946843853820601,0.0891009055627426,-6.361114098904423,-0.8751703126232194,MODE_2_PRIOR,full,four_mode_relocalization_v2,1.0,0,0,0,False,0,0,0.6596483116049936,0,0,restarted_se3,0,47.26267699152231,4.3243058025836945,0,367,cache_read_only_not_online_fps,32fdd06d26764df247b0164387e6061cbe61664ba5aa2aabd173919761ed38aa,cached_perception_v2,0,0,0,,,0,0.0,0,22.785927169024944,1.4141146093606949,75.78702457249165,50.21842758015157,50.34627794207056,50.21842758015157,50.21842847488694,0.6596483116049936,47.85879654694274
cracker_box_reorient_occ60,1579908967489378865,7.425812504682587,0.8134059658381786,1.850405957323185,0.9454845037314096,0.06648594756518214,0.033971698421093884,0.9274193548387096,0.0891009055627426,-6.612406538844408,-0.9049214535917754,MODE_2_PRIOR,full,four_mode_relocalization_v2,1.0,0,0,0,False,0,0,0.8134059658381786,0,0,restarted_se3,0,46.64882179349661,2.514082007110119,0,368,cache_read_only_not_online_fps,32fdd06d26764df247b0164387e6061cbe61664ba5aa2aabd173919761ed38aa,cached_perception_v2,0,0,0,,,0,0.0,0,22.038175724446774,1.6022035852074623,72.80328311026096,49.71652597803552,49.71526290229513,49.71652597803552,49.71652667343947,0.8134059658381786,47.52338125686595
cracker_box_reorient_occ60,1579908967553367097,8.209785618943128,0.8312265377747554,1.8521942714244337,1.0030326855681206,0.06655020252344962,0.036039431387973254,0.9274193548387096,0.0891009055627426,-7.378559081168373,-0.8491615858563131,MODE_2_PRIOR,full,four_mode_relocalization_v2,1.0,0,0,0,False,0,0,0.8312265377747554,0,0,restarted_se3,0,46.918646432459354,2.4788444861769676,0,369,cache_read_only_not_online_fps,32fdd06d26764df247b0164387e6061cbe61664ba5aa2aabd173919761ed38aa,cached_perception_v2,0,0,0,,,0,0.0,0,22.660364396870136,1.4002323150634766,73.45808763056993,49.26955699772607,49.28463916322175,49.26955699772607,49.26955763905578,0.8312265377747554,47.56252394538564
cracker_box_reorient_occ60,1579908967612563669,9.176151329492265,0.9078995294072517,1.9010125392105148,1.0591639041069851,0.06830426561398556,0.03805625220384621,0.9274193548387096,0.24242424242424243,-8.268251800085014,-0.8418486351035297,MODE_2_PRIOR,full,four_mode_relocalization_v2,1.0,0,0,0,False,0,0,0.9078995294072517,0,0,restarted_se3,0,44.73511129617691,3.0643409118056297,0,370,cache_read_only_not_online_fps,32fdd06d26764df247b0164387e6061cbe61664ba5aa2aabd173919761ed38aa,cached_perception_v2,0,0,0,,,0,0.0,0,22.273044101893902,1.1311694979667664,71.20366580784321,48.98820909045203,48.91573455536156,48.98820909045203,48.98820991824791,0.9078995294072517,47.566696974009915
cracker_box_reorient_occ60,1579908967677381311,10.284150147355007,0.9253458506411153,1.9284320847501741,1.07383734819522,0.06928946265131465,0.038583475881650564,0.9274193548387096,0.3888888888888889,-9.358804296713892,-0.8545947365549542,MODE_3_RELOCALIZE,full,four_mode_relocalization_v2,,0,0,0,False,1,0,0.9253458506411153,0,0,restarted_se3,1,43.571134097874165,3.0782902613282204,0,371,cache_read_only_not_online_fps,32fdd06d26764df247b0164387e6061cbe61664ba5aa2aabd173919761ed38aa,cached_perception_v2,1,1,1,0.33794860610313043,,1,2469.767632894218,0,22.31837436556816,2469.767632894218,2538.7354316189885,48.57681190805862,48.600276105042894,48.57681190805862,48.57681280916488,0.33794860610313043,47.63727266569647
cracker_box_reorient_occ60,1579908967759440028,0.7607909025205358,0.6785560819768099,1.1386780847386901,1.141430950722669,0.04091323373443725,0.0410121454909307,0.7272727272727273,0.7272727272727273,-0.08223482054372588,0.002752865983978836,MODE_3_RELOCALIZE,full,four_mode_relocalization_v2,,0,0,0,False,1,0,0.6785560819768099,0,0,restarted_se3,1,46.02629877626896,1.2760013341903687,0,372,cache_read_only_not_online_fps,32fdd06d26764df247b0164387e6061cbe61664ba5aa2aabd173919761ed38aa,cached_perception_v2,1,1,1,0.3083563787633452,,1,2468.611321412027,0,21.92782796919346,2468.611321412027,2537.8414494916797,48.673584158229346,48.493578210084046,48.673584158229346,48.67358493620318,0.3083563787633452,47.724042489957
cracker_box_reorient_occ60,1579908967820582100,0.8732645350146135,0.3168235023117504,1.2272031213742831,0.8856769069265991,0.044093979516554235,0.03182278362246427,0.7946843853820601,0.0891009055627426,-0.5564410327028632,-0.34152621444768405,MODE_2_PRIOR,full,four_mode_relocalization_v2,1.0,0,0,0,False,0,0,0.3168235023117504,0,0,restarted_se3,0,48.10172691941261,1.2761661782860756,0,373,cache_read_only_not_online_fps,32fdd06d26764df247b0164387e6061cbe61664ba5aa2aabd173919761ed38aa,cached_perception_v2,0,0,0,,,0,0.0,0,21.846953779459,1.1730901896953583,72.39793706685305,48.557622618672326,48.49943441608265,48.557622618672326,48.55762348039308,0.3168235023117504,47.91328583469997
cracker_box_reorient_occ60,1579908967876894757,1.4853024259117065,0.3256562685776244,1.4981897666228245,0.8716877089329145,0.053830655847256506,0.03132014522541083,0.7946843853820601,0.0891009055627426,-1.1596461573340822,-0.6265020576899101,MODE_2_PRIOR,full,four_mode_relocalization_v2,1.0,0,0,0,False,0,0,0.3256562685776244,0,0,restarted_se3,0,47.88740538060665,2.263762056827545,0,374,cache_read_only_not_online_fps,32fdd06d26764df247b0164387e6061cbe61664ba5aa2aabd173919761ed38aa,cached_perception_v2,0,0,0,,,0,0.0,0,22.127569653093815,0.9533753618597984,73.23211245238781,48.31171449556163,48.40141893371804,48.31171449556163,48.31171509130384,0.3256562685776244,48.03359228472818
cracker_box_reorient_occ60,1579908967937650003,2.1898811755381904,0.35674442896801806,1.6003535153383044,0.8961521144081552,0.05750144690436371,0.03219916270436079,0.7946843853820601,0.0891009055627426,-1.8331367465701724,-0.7042014009301492,MODE_2_PRIOR,full,four_mode_relocalization_v2,1.0,0,0,0,False,0,0,0.35674442896801806,0,0,restarted_se3,0,47.31907229870558,2.515280619263649,0,375,cache_read_only_not_online_fps,32fdd06d26764df247b0164387e6061cbe61664ba5aa2aabd173919761ed38aa,cached_perception_v2,0,0,0,,,0,0.0,0,22.31528889387846,0.9456705302000046,73.09531234204769,48.00424214342112,48.17084287544259,48.00424214342112,48.00424296188762,0.35674442896801806,48.00424214342112
